date,symbol,open,high,low,close,volume
2022-08-16,600036.SH,34,34.33,33.54,34.24,453955
2022-08-17,600036.SH,34.13,34.17,33.44,33.72,507344
2022-08-18,600036.SH,33.48,34.15,33.46,33.85,428450
2022-08-21,600036.SH,33.54,34.12,33.5,33.62,525635
2022-08-22,600036.SH,33.59,33.6,33.02,33.1,539657
2022-08-23,600036.SH,33.14,33.44,32.8,32.84,589659
2022-08-24,600036.SH,32.9,33.77,32.59,33.69,650739
2022-08-25,600036.SH,33.7,34.04,33.33,33.7,549683
2022-08-28,600036.SH,33.31,33.82,33.11,33.28,389014
2022-08-29,600036.SH,33.11,33.87,33.08,33.79,590877
2022-08-30,600036.SH,33.54,35.24,33.47,35.05,1665451
2022-08-31,600036.SH,34.86,35.04,34.49,34.5,607421
2022-09-01,600036.SH,34.6,34.9,34.12,34.32,476635
2022-09-04,600036.SH,34.25,34.39,33.56,34.23,467372
2022-09-05,600036.SH,34.32,34.75,33.5,33.62,877561
2022-09-06,600036.SH,33.35,33.48,33.06,33.38,625220
2022-09-07,600036.SH,33.37,33.53,33.25,33.3,416672
2022-09-08,600036.SH,33.45,34.76,33.38,34.5,1351666
2022-09-12,600036.SH,34.45,35.65,34.29,35.35,1438611
2022-09-13,600036.SH,34.9,35.3,34.71,34.86,560786
2022-09-14,600036.SH,35.15,36.06,35.15,36.01,1340950
2022-09-15,600036.SH,35.69,36,34.92,34.95,865161
2022-09-18,600036.SH,34.89,35.32,34.75,35.09,449981
2022-09-19,600036.SH,35.1,35.19,34.35,34.54,504346
2022-09-20,600036.SH,34.45,34.88,33.86,34.41,530389
2022-09-21,600036.SH,34,34.25,33.91,34.17,385146
2022-09-22,600036.SH,34,34.66,34,34.36,366437
2022-09-25,600036.SH,34.02,34.52,33.84,33.95,525491
2022-09-26,600036.SH,33.89,34.05,33.44,33.9,475414
2022-09-27,600036.SH,33.79,34,33.42,33.67,487299
2022-09-28,600036.SH,33.99,34.32,33,33.15,617859
2022-09-29,600036.SH,33.26,33.95,33.12,33.65,539717
2022-10-09,600036.SH,32.99,33.09,31.25,31.8,1277991
2022-10-10,600036.SH,31.79,32.07,31.31,31.4,618664
2022-10-11,600036.SH,31.25,31.3,30.05,30.95,1173700
2022-10-12,600036.SH,30.47,30.56,29.7,29.89,1350381
2022-10-13,600036.SH,30.3,31.22,30.1,31.08,1269197
2022-10-16,600036.SH,30.7,31.18,30.54,31.02,646310
2022-10-17,600036.SH,31.3,31.38,30.7,30.8,562814
2022-10-18,600036.SH,30.72,31.07,30.21,30.26,528275
2022-10-19,600036.SH,30,30.45,29.88,30.07,551154
2022-10-20,600036.SH,30.15,30.27,29.5,29.58,728711
2022-10-23,600036.SH,29.39,29.49,28,28.02,1451458
2022-10-24,600036.SH,28.02,28.47,27.81,28.19,860282
2022-10-25,600036.SH,27.98,28.32,27.76,27.93,754022
2022-10-26,600036.SH,28.2,28.44,27.9,27.94,762866
2022-10-27,600036.SH,27.6,28,26.99,27.18,949464
2022-10-30,600036.SH,26.9,27.13,26.3,26.82,953033
2022-10-31,600036.SH,27.1,28.25,27.01,28.19,1059019
2022-11-01,600036.SH,28.16,28.7,27.85,28.42,728361
2022-11-02,600036.SH,28.35,28.38,27.88,28.05,501722
2022-11-03,600036.SH,28.05,29.25,27.99,29.08,926830
2022-11-06,600036.SH,28.8,29.43,28.62,29.16,545380
2022-11-07,600036.SH,29.2,29.38,28.94,29.15,439782
2022-11-08,600036.SH,29.15,29.55,29,29.18,463060
2022-11-09,600036.SH,29,29.3,28.77,29.19,400046
2022-11-10,600036.SH,30.1,31.8,29.71,31.24,1688717
2022-11-13,600036.SH,32.5,33.69,32.33,33.14,2049685
2022-11-14,600036.SH,33.15,33.83,32.75,33.28,913305
2022-11-15,600036.SH,33.26,33.48,32.86,33.38,614594
2022-11-16,600036.SH,33.3,33.3,32,32.31,1037152
2022-11-17,600036.SH,32.29,32.68,31.83,32.07,562732
2022-11-20,600036.SH,31.6,31.97,31.05,31.87,479104
2022-11-21,600036.SH,32.07,32.88,31.8,32.45,654167
2022-11-22,600036.SH,32.33,32.95,32.15,32.22,577644
2022-11-23,600036.SH,32.6,32.87,32.08,32.22,406301
2022-11-24,600036.SH,32.21,33.22,32.18,33.02,830122
2022-11-27,600036.SH,32.1,32.11,31.45,31.96,809377
2022-11-28,600036.SH,32.79,34.91,32.75,34.86,1753187
2022-11-29,600036.SH,34.33,35.44,34.2,34.96,873325
2022-11-30,600036.SH,35.9,36.5,34.85,35,831397
2022-12-01,600036.SH,35,35,34.16,34.39,598462
2022-12-04,600036.SH,34.97,36.1,34.61,36.1,1050604
2022-12-05,600036.SH,35.91,35.98,35.42,35.85,651104
2022-12-06,600036.SH,35.8,35.95,35.3,35.32,564606
2022-12-07,600036.SH,35.25,35.77,35.16,35.45,443552
2022-12-08,600036.SH,35.8,36.93,35.63,36.75,958163
2022-12-11,600036.SH,36.41,36.6,35.68,35.79,606262
2022-12-12,600036.SH,35.73,36.26,35.61,36.14,382904
2022-12-13,600036.SH,36.14,37.04,36.02,36.91,644362
2022-12-14,600036.SH,36.62,36.96,36.22,36.33,403403
2022-12-15,600036.SH,36.3,37.2,36.3,37.09,607820
2022-12-18,600036.SH,37.1,37.34,36.25,36.5,547843
2022-12-19,600036.SH,36.24,36.55,35.3,35.72,702911
2022-12-20,600036.SH,35.99,36.23,35.71,35.95,330498
2022-12-21,600036.SH,36.53,36.85,36.25,36.5,359715
2022-12-22,600036.SH,36.29,36.8,36.15,36.37,330584
2022-12-25,600036.SH,36.35,36.8,35.89,35.95,360474
2022-12-26,600036.SH,36.45,36.98,36.33,36.67,367907
2022-12-27,600036.SH,36.67,37.52,36.58,37.33,528860
2022-12-28,600036.SH,36.9,37.32,36.65,37.23,513629
2022-12-29,600036.SH,37.34,37.63,37.19,37.26,523228
2023-01-02,600036.SH,37.08,37.78,36.53,37.58,606266
2023-01-03,600036.SH,37.78,38.83,37.53,38.65,836454
2023-01-04,600036.SH,38.99,39.27,38.4,38.5,619085
2023-01-05,600036.SH,38.66,38.93,37.89,38.38,590007
2023-01-08,600036.SH,38.41,39.1,38.41,38.8,499149
2023-01-09,600036.SH,38.78,38.8,38.16,38.25,541972
2023-01-10,600036.SH,38.38,39.18,38.14,38.92,541707
2023-01-11,600036.SH,39.11,39.15,38.73,39.05,304349
2023-01-12,600036.SH,39.07,39.66,38.97,39.66,463767
2023-01-15,600036.SH,40,41.14,39.8,40.47,880469
2023-01-16,600036.SH,40.45,40.94,40.28,40.68,432047
2023-01-17,600036.SH,40.65,40.95,40.23,40.38,294675
2023-01-18,600036.SH,40.2,40.8,39.92,40.65,472490
2023-01-19,600036.SH,40.98,41.1,40.68,41.05,413403
2023-01-29,600036.SH,42.55,42.63,41.85,42.03,1007007
2023-01-30,600036.SH,42.35,42.35,41.21,41.21,642312
2023-01-31,600036.SH,41.64,41.69,39.95,40.54,916791
2023-02-01,600036.SH,40.7,40.75,39.55,40.03,727233
2023-02-02,600036.SH,39.79,39.79,39.01,39.3,638164
2023-02-05,600036.SH,38.72,38.74,37.88,38.35,731001
2023-02-06,600036.SH,38.5,38.94,38.16,38.41,426571
2023-02-07,600036.SH,38.5,38.92,38.36,38.49,317065
2023-02-08,600036.SH,38.42,38.89,38.32,38.49,498175
2023-02-09,600036.SH,38.3,38.39,37.9,38.16,411026
2023-02-12,600036.SH,37.9,37.98,37.07,37.72,825181
2023-02-13,600036.SH,37.78,38.06,37.51,38,486077
2023-02-14,600036.SH,38,38.09,37,37.17,771048
2023-02-15,600036.SH,37.2,37.85,37.02,37.27,654152
2023-02-16,600036.SH,37.15,37.38,36.68,36.71,575813
2023-02-19,600036.SH,36.82,38.51,36.82,38.49,1080228
2023-02-20,600036.SH,38.43,38.82,38.13,38.69,530465
2023-02-21,600036.SH,38.46,38.6,38.14,38.16,383091
2023-02-22,600036.SH,38.16,38.77,38.16,38.27,370638
2023-02-23,600036.SH,38.17,38.25,37.4,37.46,533690
2023-02-26,600036.SH,37.27,37.58,37.09,37.16,449334
2023-02-27,600036.SH,37.17,37.48,36.85,37.31,378226
2023-02-28,600036.SH,37.25,38.34,37.2,38.25,571194
2023-03-01,600036.SH,38.04,38.5,37.77,38.25,349070
2023-03-02,600036.SH,38.5,38.77,37.9,38.25,357114
2023-03-05,600036.SH,38.02,38.23,36.91,37,810519
2023-03-06,600036.SH,36.89,37.48,36.41,36.56,737411
2023-03-07,600036.SH,36.25,36.32,35.8,36,616584
2023-03-08,600036.SH,36,36.08,35.5,35.58,539996
2023-03-09,600036.SH,35.05,35.66,34.95,35.03,558454
2023-03-12,600036.SH,34.92,35.38,34.71,35.05,584205
2023-03-13,600036.SH,34.68,34.93,34.34,34.58,626668
2023-03-14,600036.SH,35.15,35.71,34.88,34.88,676384
2023-03-15,600036.SH,34.5,35.15,34.21,34.65,403895
2023-03-16,600036.SH,35.02,35.37,34.02,34.36,832716
2023-03-19,600036.SH,34.44,34.91,34.02,34.12,520725
2023-03-20,600036.SH,34.21,34.5,34.01,34.23,367475
2023-03-21,600036.SH,34.52,34.73,34.28,34.54,459867
2023-03-22,600036.SH,34.4,35.34,34.32,35.2,542146
2023-03-23,600036.SH,34.98,34.98,34.23,34.43,678718
2023-03-26,600036.SH,34.6,34.6,34.05,34.21,449836
2023-03-27,600036.SH,34.41,34.72,34.18,34.4,533234
2023-03-28,600036.SH,34.61,34.7,34.1,34.12,418630
2023-03-29,600036.SH,34.15,34.39,33.71,34.35,562290
2023-03-30,600036.SH,34.36,34.82,34.14,34.27,577794
2023-04-02,600036.SH,34.31,34.45,33.98,34.37,504675
2023-04-03,600036.SH,34.38,34.42,34.06,34.28,487821
2023-04-05,600036.SH,34.17,34.17,33.73,33.8,486796
2023-04-06,600036.SH,33.85,34.26,33.75,34.14,394141
2023-04-09,600036.SH,34.15,34.3,33.97,34.24,330159
2023-04-10,600036.SH,34.24,34.34,33.63,33.73,733992
2023-04-11,600036.SH,33.89,33.95,33.66,33.74,416128
2023-04-12,600036.SH,33.65,34.24,33.25,34.01,634305
2023-04-13,600036.SH,34.2,34.79,34.02,34.39,693923
2023-04-16,600036.SH,34.32,35.2,34.1,35.2,893730
2023-04-17,600036.SH,35.21,36.35,35.12,35.68,942715
2023-04-18,600036.SH,35.84,35.84,35.3,35.5,510886
2023-04-19,600036.SH,35.6,35.74,34.86,34.99,680915
2023-04-20,600036.SH,34.99,35.18,34.43,34.5,531591
2023-04-23,600036.SH,34.52,34.69,33.51,33.6,729874
2023-04-24,600036.SH,33.61,34.14,33.51,34.03,512213
2023-04-25,600036.SH,33.8,33.96,33.35,33.82,496501
2023-04-26,600036.SH,32.97,32.99,32.14,32.63,1559279
2023-04-27,600036.SH,32.46,33.75,32.41,33.6,940213
2023-05-03,600036.SH,33.29,34.4,32.83,34.13,725433
2023-05-04,600036.SH,34.18,35.06,34.15,34.69,800890
2023-05-07,600036.SH,34.86,35.95,34.64,35.6,1064266
2023-05-08,600036.SH,35.68,36.1,34.96,34.99,985530
2023-05-09,600036.SH,34.9,35.12,34.29,34.4,638374
2023-05-10,600036.SH,34.6,35.33,34.4,34.45,445803
2023-05-11,600036.SH,34.47,34.55,34,34.04,459366
2023-05-14,600036.SH,34.09,34.85,33.71,34.7,528095
2023-05-15,600036.SH,34.95,35.2,34.57,34.82,385248
2023-05-16,600036.SH,34.81,35.13,34.43,34.5,396376
2023-05-17,600036.SH,34.73,34.84,34.21,34.45,329012
2023-05-18,600036.SH,34.35,34.45,33.94,33.95,392990
2023-05-21,600036.SH,33.98,34.34,33.98,34.2,296934
2023-05-22,600036.SH,34.21,34.38,33.6,33.6,346921
2023-05-23,600036.SH,33.59,33.59,32.93,32.93,463999
2023-05-24,600036.SH,32.76,32.76,32.16,32.42,706051
2023-05-25,600036.SH,32.44,32.86,32.22,32.74,294624
2023-05-28,600036.SH,32.95,32.95,32.44,32.69,387301
2023-05-29,600036.SH,32.69,32.9,32.36,32.64,340072
2023-05-30,600036.SH,32.6,32.8,32.24,32.3,525414
2023-05-31,600036.SH,32.31,32.5,32.02,32.06,472399
2023-06-01,600036.SH,32.22,33.1,32.2,33.07,558856
2023-06-04,600036.SH,33.07,33.27,32.84,33.04,312730
2023-06-05,600036.SH,33.04,33.8,32.98,33.07,386634
2023-06-06,600036.SH,33.25,33.61,33.16,33.3,338906
2023-06-07,600036.SH,33.32,34.22,33.22,34.08,549615
2023-06-08,600036.SH,34.05,34.25,33.74,33.74,415109
2023-06-11,600036.SH,33.73,33.92,33.38,33.73,406774
2023-06-12,600036.SH,33.56,33.94,33.5,33.73,231246
2023-06-13,600036.SH,33.93,34.04,33.39,33.39,382633
2023-06-14,600036.SH,33.5,33.79,33.31,33.72,369537
2023-06-15,600036.SH,33.86,34.04,33.75,33.93,426806
2023-06-18,600036.SH,33.91,33.91,33.56,33.58,278961
2023-06-19,600036.SH,33.5,33.56,33.1,33.19,307649
2023-06-20,600036.SH,33.06,33.64,33,33.17,427866
2023-06-25,600036.SH,32.93,33.1,32.42,32.61,432103
2023-06-26,600036.SH,32.63,33.01,32.44,32.82,345715
2023-06-27,600036.SH,32.81,33.18,32.72,33.05,333818
2023-06-28,600036.SH,33.05,33.18,32.67,32.68,258548
2023-06-29,600036.SH,32.73,33,32.64,32.76,293613
2023-07-02,600036.SH,32.9,33.76,32.8,33.72,453668
2023-07-03,600036.SH,33.6,33.6,33.36,33.51,224087
2023-07-04,600036.SH,33.5,33.5,32.84,33.03,413072
2023-07-05,600036.SH,33.03,33.12,32.51,32.58,407842
2023-07-06,600036.SH,32.5,32.58,32.29,32.31,472794
2023-07-09,600036.SH,32.52,32.69,32.33,32.45,272077
2023-07-10,600036.SH,32.73,32.8,32.47,32.71,329167
2023-07-11,600036.SH,32.72,33.44,32.72,33.2,632049
2023-07-12,600036.SH,31.99,32,31.45,31.85,563850
2023-07-13,600036.SH,31.94,32.19,31.78,31.93,347521
2023-07-16,600036.SH,31.77,31.78,31.43,31.65,262003
2023-07-17,600036.SH,31.65,31.77,31.39,31.46,316389
2023-07-18,600036.SH,31.29,31.64,31.26,31.58,240296
2023-07-19,600036.SH,31.77,32.1,31.6,31.69,272394
2023-07-20,600036.SH,31.8,31.98,31.61,31.8,315669
2023-07-23,600036.SH,31.46,31.73,31.4,31.45,239122
2023-07-24,600036.SH,32,33.35,32,33.27,1261621
2023-07-25,600036.SH,33.27,33.73,33.07,33.35,501751
2023-07-26,600036.SH,33.5,33.82,33.2,33.66,548489
2023-07-27,600036.SH,33.49,35.29,33.41,35.1,1256288
2023-07-30,600036.SH,35.52,36.04,35.01,35.56,1162756
2023-07-31,600036.SH,35.53,35.58,34.77,34.99,660096
2023-08-01,600036.SH,34.16,34.82,33.77,34.03,915358
2023-08-02,600036.SH,34.02,34.78,33.87,34.68,509294
2023-08-03,600036.SH,35.08,35.5,34.72,34.88,812642
2023-08-06,600036.SH,34.75,34.78,34.28,34.5,344672
2023-08-07,600036.SH,34.33,34.65,33.81,34.15,502283
2023-08-08,600036.SH,34.02,34.31,33.95,34.02,386833
2023-08-09,600036.SH,33.9,34.25,33.8,34.14,287725
2023-08-10,600036.SH,34.16,34.47,33.15,33.15,606240
2023-08-13,600036.SH,32.8,32.83,32.25,32.46,667073
2023-08-14,600036.SH,32.46,32.64,32.15,32.36,582959
2023-08-15,600036.SH,32.15,32.25,31.88,31.97,580152
2023-08-16,600036.SH,31.78,31.87,31.49,31.79,646076
2023-08-17,600036.SH,31.75,32.63,31.75,31.88,674595
2023-08-20,600036.SH,31.81,31.84,31.13,31.13,809575
2023-08-21,600036.SH,31.21,31.47,31,31.32,601070
2023-08-22,600036.SH,31.2,31.44,30.85,30.85,560744
2023-08-23,600036.SH,31,31.15,30.8,31.06,412256
2023-08-24,600036.SH,31,31.85,30.9,31.56,647471
2023-08-27,600036.SH,33.3,33.93,32.03,32.26,1405094
2023-08-28,600036.SH,32.26,32.44,31.77,32.04,721170
2023-08-29,600036.SH,32.19,32.19,31.55,31.66,639802
2023-08-30,600036.SH,31.8,32.08,31.49,31.55,503220
2023-08-31,600036.SH,31.95,32.63,31.88,32.27,697526
2023-09-03,600036.SH,32.58,33.61,32.47,33.53,1104299
2023-09-04,600036.SH,33.3,33.44,32.97,33.11,447323
2023-09-05,600036.SH,33.1,33.46,32.77,33.36,546740
2023-09-06,600036.SH,33.31,33.31,33.01,33.14,358702
2023-09-07,600036.SH,33,33.26,32.95,33.17,298501
2023-09-10,600036.SH,33.13,33.29,32.91,32.91,632874
2023-09-11,600036.SH,32.9,33.05,32.82,32.88,277591
2023-09-12,600036.SH,32.95,33.08,32.66,32.75,298915
2023-09-13,600036.SH,32.95,33.19,32.85,33.07,437344
2023-09-14,600036.SH,33.3,33.42,32.8,32.96,439602
2023-09-17,600036.SH,32.87,33.05,32.7,33.02,360402
2023-09-18,600036.SH,33,33,32.72,32.96,384653
2023-09-19,600036.SH,32.86,32.86,32.63,32.73,309318
2023-09-20,600036.SH,32.75,32.81,32.37,32.37,390319
2023-09-21,600036.SH,32.59,33.37,32.32,33.34,712833
2023-09-24,600036.SH,33.28,33.28,32.9,33,456515
2023-09-25,600036.SH,32.93,33.08,32.75,32.8,322024
2023-09-26,600036.SH,32.9,33.09,32.75,32.82,352467
2023-09-27,600036.SH,33.02,33.14,32.75,32.97,388565
2023-10-08,600036.SH,32.7,32.7,32.38,32.58,361343
2023-10-09,600036.SH,33.12,33.13,32.59,32.59,342637
2023-10-10,600036.SH,32.84,32.85,32.4,32.45,376091
2023-10-11,600036.SH,32.99,33.33,32.78,33.07,617460
2023-10-12,600036.SH,32.78,32.88,32.51,32.61,410372
2023-10-15,600036.SH,32.58,32.66,32.24,32.31,286774
2023-10-16,600036.SH,32.39,32.6,32.22,32.52,286229
2023-10-17,600036.SH,32.49,32.64,32.41,32.49,249317
2023-10-18,600036.SH,32.4,32.4,31.52,31.57,604293
2023-10-19,600036.SH,31.49,31.81,31.4,31.65,372589
2023-10-22,600036.SH,31.59,31.65,31,31.23,393802
2023-10-23,600036.SH,31.38,31.41,31.04,31.3,365527
2023-10-24,600036.SH,31.6,31.75,31.2,31.42,375693
2023-10-25,600036.SH,31.36,31.75,31.26,31.5,287030
2023-10-26,600036.SH,31.45,31.65,31.15,31.53,391453
2023-10-29,600036.SH,31.01,31.13,30.55,30.9,838501
2023-10-30,600036.SH,30.74,30.99,30.61,30.76,528016
2023-10-31,600036.SH,30.8,30.88,30.43,30.45,529897
2023-11-01,600036.SH,30.6,30.81,30.51,30.68,364668
2023-11-02,600036.SH,30.68,31.04,30.6,30.99,439569
2023-11-05,600036.SH,31.15,31.35,30.96,31.14,519824
2023-11-06,600036.SH,31.14,31.14,30.65,30.8,516241
2023-11-07,600036.SH,30.74,30.78,30.5,30.6,445183
2023-11-08,600036.SH,30.55,30.78,30.52,30.66,327650
2023-11-09,600036.SH,30.5,30.56,30.1,30.16,516965
2023-11-12,600036.SH,30.17,30.27,29.61,29.82,634243
2023-11-13,600036.SH,29.87,30.2,29.86,30.2,448343
2023-11-14,600036.SH,30.45,30.77,30.39,30.64,601940
2023-11-15,600036.SH,30.67,30.77,30.37,30.54,315720
2023-11-16,600036.SH,30.46,30.52,30.1,30.33,432453
2023-11-19,600036.SH,30.34,30.59,30.14,30.58,369227
2023-11-20,600036.SH,30.75,30.87,30.37,30.43,488545
2023-11-21,600036.SH,30.3,30.41,30.15,30.16,273705
2023-11-22,600036.SH,30.02,30.21,29.95,30.14,299794
2023-11-23,600036.SH,30.06,30.1,29.93,30,291163
2023-11-26,600036.SH,30,30.03,29.29,29.4,581020
2023-11-27,600036.SH,29.41,29.49,29.04,29.16,475165
2023-11-28,600036.SH,29.2,29.24,28.68,28.8,620638
2023-11-29,600036.SH,28.8,28.98,28.6,28.79,551560
2023-11-30,600036.SH,28.72,28.74,28.07,28.26,882736
2023-12-03,600036.SH,28.27,28.46,28.02,28.08,557878
2023-12-04,600036.SH,28.06,28.07,27.5,27.51,618902
2023-12-05,600036.SH,27.56,27.96,27.45,27.76,611259
2023-12-06,600036.SH,27.77,27.94,27.29,27.81,594967
2023-12-07,600036.SH,27.7,27.95,27.5,27.5,533498
2023-12-10,600036.SH,27.25,27.85,26.9,27.76,758086
2023-12-11,600036.SH,27.7,28.07,27.61,28.05,504201
2023-12-12,600036.SH,27.92,27.92,27.2,27.22,671239
2023-12-13,600036.SH,27.44,27.64,27.03,27.03,445268
2023-12-14,600036.SH,27.47,28.05,27.2,27.23,980687
2023-12-17,600036.SH,27,27.38,26.9,27.28,477164
2023-12-18,600036.SH,27.2,27.35,27.02,27.29,376574
2023-12-19,600036.SH,27.31,27.41,27.06,27.06,531128
2023-12-20,600036.SH,26.98,27.75,26.92,27.71,759105
2023-12-21,600036.SH,27.78,27.85,27.41,27.61,623644
2023-12-24,600036.SH,27.6,27.72,27.42,27.53,419034
2023-12-25,600036.SH,27.49,27.49,27.16,27.27,365257
2023-12-26,600036.SH,27.33,27.37,27.05,27.3,410637
2023-12-27,600036.SH,27.25,28.13,27.25,27.99,1061063
2023-12-28,600036.SH,27.9,28.05,27.77,27.82,655773
2024-01-01,600036.SH,27.95,27.96,27.56,27.58,542195
2024-01-02,600036.SH,27.58,27.84,27.52,27.77,433956
2024-01-03,600036.SH,27.76,27.83,27.36,27.81,637102
2024-01-04,600036.SH,27.75,28.78,27.62,28.29,1190633
2024-01-07,600036.SH,28.17,28.59,27.95,28.13,816821
2024-01-08,600036.SH,28.12,28.28,27.9,28.17,558663
2024-01-09,600036.SH,28.02,28.35,28.02,28.05,453640
2024-01-10,600036.SH,28,28.57,27.85,28.38,735318
2024-01-11,600036.SH,28.26,28.78,28.26,28.54,577832
2024-01-14,600036.SH,28.5,28.94,28.37,28.77,482452
2024-01-15,600036.SH,28.63,29.13,28.6,29.13,853440
2024-01-16,600036.SH,29.12,29.58,29.03,29.19,1308601
2024-01-17,600036.SH,28.94,29.68,28.6,29.58,1295126
2024-01-18,600036.SH,29.37,29.9,29.14,29.73,968616
2024-01-21,600036.SH,29.76,30.5,29.7,30.25,1549703
2024-01-22,600036.SH,30.01,30.35,29.8,29.99,886056
2024-01-23,600036.SH,30.15,30.29,29.38,30.09,974892
2024-01-24,600036.SH,30.31,31,30.18,30.9,1234509
2024-01-25,600036.SH,30.92,31.35,30.66,31.12,1009916
2024-01-28,600036.SH,31.2,31.6,31.17,31.35,838824
2024-01-29,600036.SH,31.2,31.5,30.78,31,743999
2024-01-30,600036.SH,30.92,31.19,30.59,30.71,808949
2024-01-31,600036.SH,30.67,30.84,30.2,30.42,859700
2024-02-01,600036.SH,30.45,30.66,29.64,30.23,987292
2024-02-04,600036.SH,30.23,30.95,30.06,30.71,1063979
2024-02-05,600036.SH,30.71,31.35,30.6,31.33,1062158
2024-02-06,600036.SH,31.42,31.48,30.81,31.31,1110511
2024-02-07,600036.SH,31.31,31.45,31.02,31.4,873004
2024-02-18,600036.SH,31.99,31.99,31.41,31.62,875490
2024-02-19,600036.SH,31.62,31.62,31.29,31.4,606405
2024-02-20,600036.SH,31.4,33.39,31.35,33,1528656
2024-02-21,600036.SH,32.81,32.95,32.39,32.8,752760
2024-02-22,600036.SH,32.81,33.4,32.62,32.95,639849
2024-02-25,600036.SH,32.86,33.06,32.08,32.25,666390
2024-02-26,600036.SH,32.24,32.4,31.99,32.18,543492
2024-02-27,600036.SH,32.29,32.29,31.6,32.02,683708
2024-02-28,600036.SH,31.89,32.2,31.85,32.04,498928
2024-02-29,600036.SH,31.92,32.08,31.75,31.94,427174
2024-03-03,600036.SH,31.76,31.87,31.47,31.52,591350
2024-03-04,600036.SH,31.42,32.21,31.31,32.18,894029
2024-03-05,600036.SH,32.14,32.26,31.87,31.87,516102
2024-03-06,600036.SH,31.87,32.13,31.78,32,519492
2024-03-07,600036.SH,31.89,32.01,31.55,31.67,441071
2024-03-10,600036.SH,31.55,31.75,31.2,31.48,738538
2024-03-11,600036.SH,31.42,32.15,31.28,31.95,769254
2024-03-12,600036.SH,31.96,31.99,31.43,31.52,469387
2024-03-13,600036.SH,31.46,31.72,31.16,31.25,508175
2024-03-14,600036.SH,31.24,31.42,31,31.18,520781
2024-03-17,600036.SH,31.15,31.34,31,31.13,461898
2024-03-18,600036.SH,31.1,31.11,30.73,30.8,547025
2024-03-19,600036.SH,30.8,31.2,30.66,31.18,498272
2024-03-20,600036.SH,31.17,31.76,31.05,31.55,646761
2024-03-21,600036.SH,31.53,31.55,30.9,31.2,552879
2024-03-24,600036.SH,31.11,31.51,30.92,31.35,483759
2024-03-25,600036.SH,31.8,32.66,31.73,32.4,1244308
2024-03-26,600036.SH,32.29,32.65,32.21,32.3,782085
2024-03-27,600036.SH,32.34,32.5,32.07,32.18,694745
2024-03-28,600036.SH,32.1,32.64,32.07,32.2,514001
2024-03-31,600036.SH,32.18,32.85,32.18,32.64,570152
2024-04-01,600036.SH,32.7,32.92,32.44,32.55,536619
2024-04-02,600036.SH,32.54,32.63,32.23,32.23,498082
2024-04-07,600036.SH,32.24,32.56,32.03,32.4,477291
2024-04-08,600036.SH,32.5,32.63,32.31,32.31,384772
2024-04-09,600036.SH,32.19,32.68,32.19,32.49,504014
2024-04-10,600036.SH,32.31,32.42,32.13,32.3,443748
2024-04-11,600036.SH,32.28,32.47,32.06,32.12,478204
2024-04-14,600036.SH,32.1,33,32.09,32.83,764645
2024-04-15,600036.SH,32.71,32.97,32.45,32.75,741556
2024-04-16,600036.SH,32.69,33.49,32.47,33.3,948212
2024-04-17,600036.SH,33.26,34.1,33.19,33.65,1006574
2024-04-18,600036.SH,33.56,33.84,33.42,33.62,540384
2024-04-21,600036.SH,33.78,34.19,33.05,33.34,607535
2024-04-22,600036.SH,33.3,33.82,33.23,33.38,512452
2024-04-23,600036.SH,33.38,33.55,33.1,33.46,443384
2024-04-24,600036.SH,33.44,34.4,33.38,34.4,919482
2024-04-25,600036.SH,34.4,34.87,34.22,34.48,954899
2024-04-28,600036.SH,34.4,35.16,34.2,34.88,818064
2024-04-29,600036.SH,34.4,34.58,34.05,34.31,868042
2024-05-05,600036.SH,35.1,35.36,34.72,34.88,1000705
2024-05-06,600036.SH,34.88,34.95,34.63,34.87,473849
2024-05-07,600036.SH,34.82,34.96,34.55,34.57,412862
2024-05-08,600036.SH,34.6,34.93,34.6,34.84,512391
2024-05-09,600036.SH,34.84,35.85,34.8,35.62,940366
2024-05-12,600036.SH,35.44,36.07,35.33,35.91,747800
2024-05-13,600036.SH,35.89,36.13,35.2,35.34,687779
2024-05-14,600036.SH,35.33,35.44,34.69,35.05,674944
2024-05-15,600036.SH,35.08,36.45,35,36.25,1291476
2024-05-16,600036.SH,36.3,36.9,36.06,36.85,916879
2024-05-19,600036.SH,36.85,37,36.09,36.38,914250
2024-05-20,600036.SH,36.36,36.52,36.13,36.24,445999
2024-05-21,600036.SH,36.22,36.38,35.76,36.06,664477
2024-05-22,600036.SH,35.9,36.01,35.32,35.5,924585
2024-05-23,600036.SH,35.3,35.48,34.66,34.74,870440
2024-05-26,600036.SH,34.85,35.21,34.75,35.14,570938
2024-05-27,600036.SH,35.1,35.33,34.72,34.83,476191
2024-05-28,600036.SH,34.75,35.06,34.46,34.57,491041
2024-05-29,600036.SH,34.45,34.9,34.18,34.34,559245
2024-05-30,600036.SH,34.53,34.6,34.28,34.28,508932
2024-06-02,600036.SH,34.22,34.38,33.92,34.15,608111
2024-06-03,600036.SH,34.15,34.68,34.1,34.54,533788
2024-06-04,600036.SH,34.68,34.7,33.89,33.99,691041
2024-06-05,600036.SH,34.09,34.2,33.78,34,677241
2024-06-06,600036.SH,34.05,34.25,33.65,33.99,678266
2024-06-10,600036.SH,33.78,33.97,33.12,33.36,690448
2024-06-11,600036.SH,33.35,33.36,32.95,33.09,511381
2024-06-12,600036.SH,33.2,33.22,32.72,32.82,550184
2024-06-13,600036.SH,32.82,34.02,32.82,33.81,991674
2024-06-16,600036.SH,33.6,33.8,33.39,33.73,457682
2024-06-17,600036.SH,33.86,34.3,33.62,33.71,453675
2024-06-18,600036.SH,33.71,34.4,33.66,34.15,585937
2024-06-19,600036.SH,34.16,34.23,33.9,34.01,392467
2024-06-20,600036.SH,33.88,34.08,33.49,33.7,523963
2024-06-23,600036.SH,33.79,34.22,33.49,34.07,692590
2024-06-24,600036.SH,34.07,34.47,33.97,34.3,638160
2024-06-25,600036.SH,34.18,34.36,33.95,34.06,452638
2024-06-26,600036.SH,33.96,34.34,33.83,34.26,555173
2024-06-27,600036.SH,34.2,34.48,34.04,34.19,525749
2024-06-30,600036.SH,34.19,34.4,33.95,34.36,472239
2024-07-01,600036.SH,34.38,35.25,34.36,35.08,868771
2024-07-02,600036.SH,35.01,35.09,34.31,34.46,691373
2024-07-03,600036.SH,34.54,35.04,34.48,34.71,696919
2024-07-04,600036.SH,34.71,34.83,33.66,33.88,967783
2024-07-07,600036.SH,33.85,34.23,33.71,33.99,545730
2024-07-08,600036.SH,33.99,34.55,33.72,34.47,621037
2024-07-09,600036.SH,34.47,35,34.45,34.68,726314
2024-07-10,600036.SH,33.08,33.13,32.79,32.9,732389
2024-07-11,600036.SH,33.01,34.08,33.01,34,944904
2024-07-14,600036.SH,34,34.05,33.72,33.78,474604
2024-07-15,600036.SH,33.76,33.89,33.46,33.79,455793
2024-07-16,600036.SH,33.7,34.19,33.65,34.07,577954
2024-07-17,600036.SH,34.07,34.25,33.76,34.09,598627
2024-07-18,600036.SH,34,34.3,33.59,34.25,810072
2024-07-21,600036.SH,34.17,34.17,33.09,33.34,808206
2024-07-22,600036.SH,33.34,33.71,33.23,33.34,538755
2024-07-23,600036.SH,33.45,33.58,33.03,33.18,482453
2024-07-24,600036.SH,33.22,33.32,32.37,32.83,762079
2024-07-25,600036.SH,32.8,33.04,32.11,32.37,601462
2024-07-28,600036.SH,32.38,32.65,32.2,32.45,413475
2024-07-29,600036.SH,32.4,32.59,32.15,32.42,390782
2024-07-30,600036.SH,32.42,33,32.25,32.73,595370
2024-07-31,600036.SH,32.73,32.85,32.27,32.71,409139
2024-08-01,600036.SH,32.42,32.6,32.23,32.28,386130
2024-08-04,600036.SH,32.2,32.52,32.05,32.1,584420
2024-08-05,600036.SH,32.36,32.39,31.51,31.7,514389
2024-08-06,600036.SH,31.73,31.9,31.55,31.58,390732
2024-08-07,600036.SH,31.61,31.98,31.38,31.93,394600
2024-08-08,600036.SH,31.97,32.58,31.81,32.33,482748
2024-08-11,600036.SH,32.3,32.34,31.93,32.12,318943
2024-08-12,600036.SH,32.1,32.23,31.76,31.94,282378
2024-08-13,600036.SH,31.9,32.14,31.81,31.86,282446
2024-08-14,600036.SH,31.85,32.92,31.65,32.76,739790
2024-08-15,600036.SH,32.75,33.25,32.72,33.15,418503
2024-08-18,600036.SH,33.25,33.5,33.03,33.42,422843
2024-08-19,600036.SH,33.45,33.6,33.16,33.48,423729
2024-08-20,600036.SH,33.3,33.43,32.82,33.24,378101
2024-08-21,600036.SH,33.28,33.55,33.18,33.3,382864
2024-08-22,600036.SH,33.27,33.85,33.07,33.7,465587
2024-08-25,600036.SH,33.7,33.84,33.47,33.77,351175
2024-08-26,600036.SH,33.77,33.94,33.53,33.7,387209
2024-08-27,600036.SH,33.83,33.98,33.44,33.68,415232
2024-08-28,600036.SH,33.59,33.77,32.9,32.93,516388
2024-08-29,600036.SH,32.8,33.11,32.12,32.15,1112230
2024-09-01,600036.SH,32,32.38,31.84,31.93,558021
2024-09-02,600036.SH,32.01,32.08,31.4,31.62,505752
2024-09-03,600036.SH,31.53,31.93,31.35,31.36,380526
2024-09-04,600036.SH,31.36,31.44,30.9,31.2,542063
2024-09-05,600036.SH,31.25,31.74,31.2,31.25,383182
2024-09-08,600036.SH,30.98,30.99,30.04,30.24,871073
2024-09-09,600036.SH,30.25,30.43,29.94,30.19,476024
2024-09-10,600036.SH,30.14,30.2,29.93,30.08,415794
2024-09-11,600036.SH,30.1,30.5,29.94,30.23,410267
2024-09-12,600036.SH,30.28,30.9,30,30.6,495974
2024-09-17,600036.SH,30.61,31.2,30.61,31.11,418540
2024-09-18,600036.SH,31.2,31.23,30.63,30.82,451191
2024-09-19,600036.SH,30.82,31.11,30.66,30.94,487418
2024-09-22,600036.SH,30.85,31.49,30.84,31.39,344609
2024-09-23,600036.SH,31.68,33.14,31.67,33.13,1361218
2024-09-24,600036.SH,33.85,34.49,33.7,34.15,1856243
2024-09-25,600036.SH,34.16,35.38,33.91,35.38,1745330
2024-09-26,600036.SH,36.11,36.5,34.91,35.63,745458
2024-09-29,600036.SH,36.35,38,35.92,37.61,2561013
2024-10-07,600036.SH,41.37,41.37,38.82,40,2973039
2024-10-08,600036.SH,39.7,39.72,37.01,37.01,1855932
2024-10-09,600036.SH,37.4,39.5,37.4,38.73,1433298
2024-10-10,600036.SH,38.73,39.22,38.03,38.43,903476
2024-10-13,600036.SH,39.01,39.8,38.69,39.33,1292938
2024-10-14,600036.SH,39.17,39.99,38.5,38.5,955977
2024-10-15,600036.SH,38.15,39.5,38.13,39.5,1012548
2024-10-16,600036.SH,39.53,39.79,38.49,38.49,848922
2024-10-17,600036.SH,38.51,39.43,38.21,39.05,928194
2024-10-20,600036.SH,39.15,39.15,38.5,38.85,717539
2024-10-21,600036.SH,38.84,39.6,38.75,39.17,600526
2024-10-22,600036.SH,39.06,39.94,39.02,39.66,627100
2024-10-23,600036.SH,39.55,39.68,39.14,39.31,336312
2024-10-24,600036.SH,39.25,39.49,39.06,39.1,447931
2024-10-27,600036.SH,39.01,39.1,38.28,38.52,664641
2024-10-28,600036.SH,38.6,39.1,38.41,38.6,514682
2024-10-29,600036.SH,38.51,38.9,37.61,37.88,703408
2024-10-30,600036.SH,37.8,37.99,36.91,37.36,850393
2024-10-31,600036.SH,37.44,38.3,37.38,38.01,703102
2024-11-03,600036.SH,38.1,38.75,37.41,38.75,646612
2024-11-04,600036.SH,38.43,39.1,38.4,39.08,628745
2024-11-05,600036.SH,39,39.08,38.15,38.56,648336
2024-11-06,600036.SH,38.42,39.58,38.38,39.57,743472
2024-11-07,600036.SH,39.68,39.85,38.75,38.8,745368
2024-11-10,600036.SH,38.3,38.7,37.89,38.33,703146
2024-11-11,600036.SH,38.19,38.84,37.51,37.59,893289
2024-11-12,600036.SH,37.59,37.98,37.51,37.82,485304
2024-11-13,600036.SH,37.66,38.48,37.53,38.06,676440
2024-11-14,600036.SH,38.08,38.57,37.81,37.82,699277
2024-11-17,600036.SH,38.05,38.66,37.8,37.9,763448
2024-11-18,600036.SH,37.91,38.18,37.45,37.72,521249
2024-11-19,600036.SH,37.8,37.85,37.4,37.48,451291
2024-11-20,600036.SH,37.48,37.66,37.27,37.43,350336
2024-11-21,600036.SH,37.43,37.55,36.36,36.45,690491
2024-11-24,600036.SH,36.7,36.86,36.12,36.22,534095
2024-11-25,600036.SH,36.03,36.58,35.84,36.39,459421
2024-11-26,600036.SH,36.39,36.68,36.11,36.6,392077
2024-11-27,600036.SH,36.6,36.85,36.18,36.47,451939
2024-11-28,600036.SH,36.59,37,36.31,36.34,664380
2024-12-01,600036.SH,36.45,36.68,36.2,36.51,424652
2024-12-02,600036.SH,36.65,37.22,36.38,37.12,721986
2024-12-03,600036.SH,37.09,37.09,36.53,36.81,620511
2024-12-04,600036.SH,36.66,37.36,36.61,36.91,568949
2024-12-05,600036.SH,37.01,37.82,37.01,37.7,877236
2024-12-08,600036.SH,37.59,37.99,37.35,37.7,492995
2024-12-09,600036.SH,38.8,38.99,38.4,38.6,1038953
2024-12-10,600036.SH,38.54,38.79,38.23,38.3,517709
2024-12-11,600036.SH,38.29,38.83,38.21,38.8,586889
2024-12-12,600036.SH,38.45,38.6,37.28,37.3,1117983
2024-12-15,600036.SH,37.35,37.78,37.32,37.74,640316
2024-12-16,600036.SH,37.54,38.16,37.54,37.85,603104
2024-12-17,600036.SH,38.02,38.66,37.86,38.52,805855
2024-12-18,600036.SH,38.38,38.53,38,38.02,611196
2024-12-19,600036.SH,38.05,38.28,37.86,37.91,542150
2024-12-22,600036.SH,37.99,38.7,37.98,38.35,902692
2024-12-23,600036.SH,38.35,39.29,38.32,39.22,993428
2024-12-24,600036.SH,39.23,39.56,38.99,39.4,755913
2024-12-25,600036.SH,39.4,39.54,39.01,39.48,539252
2024-12-26,600036.SH,39.48,39.64,38.78,39.34,700320
2024-12-29,600036.SH,39.34,39.8,39.25,39.62,678845
2024-12-30,600036.SH,39.56,39.9,39.3,39.3,643717
2025-01-01,600036.SH,39.35,39.5,38.34,38.51,642001
2025-01-02,600036.SH,38.6,39.04,38.54,38.66,682583
2025-01-05,600036.SH,38.9,39.1,38.13,39.05,617159
2025-01-06,600036.SH,38.97,39.15,38.61,38.9,492752
2025-01-07,600036.SH,38.83,39.55,38.82,39.28,751481
2025-01-08,600036.SH,39.4,39.43,38.83,39,447083
2025-01-09,600036.SH,39.34,39.45,38.81,38.98,481425
2025-01-12,600036.SH,38.93,39.15,38.54,39.07,606323
2025-01-13,600036.SH,39.09,39.97,38.9,39.85,708012
2025-01-14,600036.SH,39.99,41,39.89,40.64,796701
2025-01-15,600036.SH,40.65,41.15,40.53,40.99,592594
2025-01-16,600036.SH,40.96,41.16,40.13,40.71,475901
2025-01-19,600036.SH,40.98,41.07,40.11,40.12,542575
2025-01-20,600036.SH,40.32,40.51,40.01,40.14,400685
2025-01-21,600036.SH,40.14,40.16,39.32,39.45,588912
2025-01-22,600036.SH,39.67,40.23,39.52,39.83,606618
2025-01-23,600036.SH,39.66,40.55,39.46,40.26,574652
2025-01-26,600036.SH,40.58,40.97,40.55,40.65,526060
2025-02-04,600036.SH,40.85,40.9,39.9,40,504789
2025-02-05,600036.SH,40,40.38,39.73,40.2,466088
2025-02-06,600036.SH,40.1,40.4,39.96,40.2,521066
2025-02-09,600036.SH,40.2,40.92,39.96,40.6,581806
2025-02-10,600036.SH,40.75,41.04,40.64,40.98,457771
2025-02-11,600036.SH,40.96,41.66,40.56,41.62,603591
2025-02-12,600036.SH,41.65,41.95,41.34,41.71,462207
2025-02-13,600036.SH,41.69,42.03,41.52,42.03,498737
2025-02-16,600036.SH,41.99,41.99,41.36,41.72,536126
2025-02-17,600036.SH,41.51,42.48,41.51,42.05,546665
2025-02-18,600036.SH,42,42.15,41.76,41.98,374702
2025-02-19,600036.SH,42,42.09,41.68,41.85,407675
2025-02-20,600036.SH,41.96,41.99,41.22,41.4,595256
2025-02-23,600036.SH,41.39,41.75,41.1,41.27,571107
2025-02-24,600036.SH,41.15,41.44,40.91,41.03,507321
2025-02-25,600036.SH,41.13,41.7,41.05,41.48,476447
2025-02-26,600036.SH,41.6,42.4,41.28,42.38,622597
2025-02-27,600036.SH,42.38,42.66,42.05,42.05,705424
2025-03-02,600036.SH,42.12,42.62,41.95,42.05,470149
2025-03-03,600036.SH,41.91,42.1,41.77,41.8,317245
2025-03-04,600036.SH,41.96,42.91,41.75,42.89,632037
2025-03-05,600036.SH,42.89,43.1,42.45,42.96,572053
2025-03-06,600036.SH,42.9,43.8,42.85,43.57,605413
2025-03-09,600036.SH,43.49,43.58,42.82,43.07,508750
2025-03-10,600036.SH,42.77,43.64,42.71,43.51,565741
2025-03-11,600036.SH,43.5,43.86,43.25,43.54,418258
2025-03-12,600036.SH,43.6,44.38,43.5,43.84,585539
2025-03-13,600036.SH,44,45.47,43.94,45.16,911275
2025-03-16,600036.SH,45.32,45.5,44.98,45.04,654210
2025-03-17,600036.SH,45.29,45.38,44.82,45.14,428220
2025-03-18,600036.SH,45.28,46.1,45.1,46.02,670706
2025-03-19,600036.SH,45.92,45.92,44.78,45.24,678656
2025-03-20,600036.SH,45.12,45.34,44.52,44.7,675412
2025-03-23,600036.SH,44.55,45.19,44.55,45.05,449576
2025-03-24,600036.SH,45,45.5,44.95,45.09,356872
2025-03-25,600036.SH,44.5,44.59,42.61,42.66,1578326
2025-03-26,600036.SH,42.75,43.74,42.74,43.26,827951
2025-03-27,600036.SH,43.3,43.45,43.06,43.22,386184
2025-03-30,600036.SH,43.21,43.78,42.61,43.29,539569
2025-03-31,600036.SH,43.28,43.29,42.75,42.87,389360
2025-04-01,600036.SH,42.87,43.15,42.68,42.73,331202
2025-04-02,600036.SH,42.02,42.85,42.02,42.65,464166
2025-04-06,600036.SH,40.94,42,39.39,40.83,1815633
2025-04-07,600036.SH,40.78,41.2,40.44,41.15,1610477
2025-04-08,600036.SH,40.6,41.02,40.3,40.46,973969
2025-04-09,600036.SH,40.99,41.45,40.55,41.1,743789
2025-04-10,600036.SH,41.11,41.69,40.81,41.51,583057
2025-04-13,600036.SH,41.68,41.91,41.41,41.48,482160
2025-04-14,600036.SH,41.49,42.29,41.45,42.1,614564
2025-04-15,600036.SH,41.98,42.58,41.82,42.25,576294
2025-04-16,600036.SH,42.12,42.36,41.85,42.12,405793
2025-04-17,600036.SH,42.13,42.79,42.05,42.75,435001
2025-04-20,600036.SH,42.66,43.08,42.28,42.28,416466
2025-04-21,600036.SH,42.31,42.54,42.01,42.01,433788
2025-04-22,600036.SH,42.3,42.3,41.77,41.99,467744
2025-04-23,600036.SH,42,42.38,41.95,42.21,413652
2025-04-24,600036.SH,42.29,42.55,42.04,42.08,424350
2025-04-27,600036.SH,42.15,42.56,42.03,42.35,386973
2025-04-28,600036.SH,42.35,42.65,42,42,457699
2025-04-29,600036.SH,41.64,41.64,40.51,40.74,1172682
2025-05-05,600036.SH,40.9,41.41,40.51,41.37,666410
2025-05-06,600036.SH,41.79,42.23,41.31,42.02,712914
2025-05-07,600036.SH,42.01,43.42,42,42.8,833810
2025-05-08,600036.SH,42.8,43.6,42.8,43.48,668155
2025-05-11,600036.SH,43.45,44.4,43.11,43.8,848974
2025-05-12,600036.SH,44.09,44.65,43.85,44.56,699124
2025-05-13,600036.SH,44.55,45.3,44.32,44.81,712790
2025-05-14,600036.SH,44.83,45.38,44.65,44.92,684600
2025-05-15,600036.SH,44.75,44.98,44.03,44.27,619655
2025-05-18,600036.SH,44.2,44.46,43.75,43.84,502817
2025-05-19,600036.SH,44.03,44.61,43.87,43.9,500535
2025-05-20,600036.SH,43.95,44.37,43.84,43.9,499200
2025-05-21,600036.SH,43.9,44.56,43.75,44.51,565656
2025-05-22,600036.SH,44.51,44.68,43.9,44.05,541460
2025-05-25,600036.SH,43.89,44.17,43.63,43.8,456100
2025-05-26,600036.SH,43.8,44.15,43.67,43.74,363750
2025-05-27,600036.SH,43.78,44.05,43.6,43.68,300355
2025-05-28,600036.SH,43.7,43.95,43.45,43.47,492990
2025-05-29,600036.SH,43.55,43.88,43.35,43.43,571391
2025-06-02,600036.SH,43.5,44.43,43.5,43.97,503685
2025-06-03,600036.SH,44.05,44.27,43.9,44.06,373417
2025-06-04,600036.SH,44.06,44.42,44,44.37,421317
2025-06-05,600036.SH,44.45,44.71,44.3,44.47,373499
2025-06-08,600036.SH,44.6,44.68,44.21,44.6,474774
2025-06-09,600036.SH,44.57,45.05,44.45,44.67,528349
2025-06-10,600036.SH,44.72,45.68,44.72,45.31,776761
2025-06-11,600036.SH,45.4,45.65,45.1,45.23,452391
2025-06-12,600036.SH,45.24,45.35,44.95,45.18,474081
2025-06-15,600036.SH,45.08,45.81,44.95,45.78,414474
2025-06-16,600036.SH,45.88,46.05,45.71,45.98,474209
2025-06-17,600036.SH,45.92,46.07,45.65,45.85,426429
2025-06-18,600036.SH,45.84,46.06,45.37,45.63,513454
2025-06-19,600036.SH,45.73,46.18,45.55,45.99,448157
2025-06-22,600036.SH,45.9,46.34,45.43,46.25,538931
2025-06-23,600036.SH,46.31,47,46.18,46.75,655815
2025-06-24,600036.SH,46.75,47.5,46.59,47.5,607680
2025-06-25,600036.SH,47.49,47.88,47.05,47.88,590201
2025-06-26,600036.SH,47.85,47.87,46.04,46.22,954143
2025-06-29,600036.SH,46.13,46.29,45.77,45.95,624614
2025-06-30,600036.SH,45.96,46.67,45.92,46.45,450613
2025-07-01,600036.SH,46.7,47.16,46.45,46.9,518563
2025-07-02,600036.SH,46.9,46.95,46.34,46.61,556226
2025-07-03,600036.SH,46.6,47.5,46.4,47.07,678948
2025-07-06,600036.SH,47.07,47.3,46.7,47.2,567427
2025-07-07,600036.SH,47.28,47.67,47.1,47.62,637421
2025-07-08,600036.SH,47.5,47.77,47.13,47.13,614566
2025-07-09,600036.SH,47.1,48.55,47.1,48.24,1219784
2025-07-10,600036.SH,46.28,46.5,45.62,45.64,1184443
2025-07-13,600036.SH,45.65,46.09,45.44,45.57,648484
2025-07-14,600036.SH,45.77,45.92,44.8,45.22,666206
2025-07-15,600036.SH,45.26,45.54,44.88,45.11,468186
2025-07-16,600036.SH,45.1,45.33,44.91,45,416895
2025-07-17,600036.SH,45.05,45.16,44.74,45.05,543431
2025-07-20,600036.SH,45.05,45.23,44.83,44.85,566412
2025-07-21,600036.SH,44.85,44.98,44.21,44.94,922319
2025-07-22,600036.SH,44.97,45.7,44.96,45.12,853249
2025-07-23,600036.SH,45.21,45.36,44.8,44.88,826620
2025-07-24,600036.SH,44.84,45.17,44.75,44.83,696264
2025-07-27,600036.SH,44.8,45.16,44.41,44.44,635127
2025-07-28,600036.SH,44.44,44.8,44.14,44.14,785813
2025-07-29,600036.SH,44.17,44.75,43.93,44.42,725461
2025-07-30,600036.SH,44.4,44.56,43.85,44.48,733195
2025-07-31,600036.SH,44.5,44.97,44.35,44.42,594621
2025-08-03,600036.SH,44.31,44.97,44.31,44.9,498008
2025-08-04,600036.SH,44.78,45.4,44.64,45.25,555258
2025-08-05,600036.SH,45.29,45.73,45.11,45.12,430296
2025-08-06,600036.SH,45.12,45.6,44.96,45.15,440643
2025-08-07,600036.SH,45.2,45.28,44.53,44.53,456422
2025-08-10,600036.SH,44.53,44.63,44.1,44.1,536724
2025-08-11,600036.SH,44.13,44.48,44,44,562252
2025-08-12,600036.SH,44.14,44.25,43.49,43.54,876737
2025-08-13,600036.SH,43.55,43.94,43.5,43.78,676352
2025-08-14,600036.SH,43.66,43.74,43.3,43.3,932957
2025-08-17,600036.SH,43.1,43.67,42.89,43.51,926397
2025-08-18,600036.SH,43.45,43.7,43.29,43.4,574119
2025-08-19,600036.SH,43.3,43.63,43.15,43.45,547240
2025-08-20,600036.SH,43.5,43.59,43.23,43.47,578540
2025-08-21,600036.SH,43.47,43.48,43.04,43.26,794496
2025-08-24,600036.SH,43.32,43.87,43.11,43.87,907390
2025-08-25,600036.SH,43.89,44.02,43.42,43.52,755722
2025-08-26,600036.SH,43.5,43.66,43,43,758141
2025-08-27,600036.SH,43.02,43.3,42.6,42.98,822426
2025-08-28,600036.SH,42.98,43.99,42.89,42.89,1360879
2025-08-31,600036.SH,42.62,42.64,41.88,41.98,1276333
2025-09-01,600036.SH,41.86,43.5,41.86,43.44,1452141
2025-09-02,600036.SH,43.44,43.57,42.7,42.9,818406
2025-09-03,600036.SH,42.81,43.32,42.14,43.05,935363
2025-09-04,600036.SH,43,43.02,42.53,42.76,572328
2025-09-07,600036.SH,42.7,43.1,42.37,42.43,851682
2025-09-08,600036.SH,42.42,42.88,42.4,42.83,589527
2025-09-09,600036.SH,42.8,43.15,42.56,43,471387
2025-09-10,600036.SH,43.13,43.33,42.78,43.3,650731
2025-09-11,600036.SH,43.38,43.47,42.42,42.54,823140
2025-09-14,600036.SH,42.48,42.79,42.11,42.22,699491
2025-09-15,600036.SH,42.32,42.43,41.66,41.75,859051
2025-09-16,600036.SH,41.76,42.19,41.7,41.76,572363
2025-09-17,600036.SH,41.78,41.84,40.8,40.83,1003522
2025-09-18,600036.SH,40.8,41.53,40.55,41,836563
2025-09-21,600036.SH,41.15,41.37,40.8,40.92,656110
2025-09-22,600036.SH,40.98,41.75,40.63,41.55,938851
2025-09-23,600036.SH,41.5,41.89,41.29,41.32,643900
2025-09-24,600036.SH,41.32,41.36,40.81,40.82,666949
2025-09-25,600036.SH,40.81,41,40.3,40.8,682767
2025-09-28,600036.SH,40.77,41.29,40.36,40.68,835551
2025-09-29,600036.SH,40.65,40.79,40.41,40.41,700025
2025-10-08,600036.SH,40.21,40.44,39.82,40.33,972320
2025-10-09,600036.SH,40.3,40.65,40.13,40.18,955050
2025-10-12,600036.SH,39.76,40.3,39.7,40.11,1065936
2025-10-13,600036.SH,40.09,41.49,39.83,41.26,1733827
2025-10-14,600036.SH,41.25,41.57,41.01,41.5,1062767
2025-10-15,600036.SH,41.5,41.99,41.13,41.93,1062488
2025-10-16,600036.SH,41.88,42.22,41.38,41.59,829827
2025-10-19,600036.SH,41.61,41.79,41.1,41.42,649477
2025-10-20,600036.SH,41.49,42.1,41.49,41.98,759931
2025-10-21,600036.SH,41.98,42.2,41.73,41.95,551334
2025-10-22,600036.SH,41.95,42.49,41.78,42.24,713174
2025-10-23,600036.SH,42.35,42.45,41.85,41.95,698832
2025-10-26,600036.SH,41.9,41.97,41.42,41.59,988949
2025-10-27,600036.SH,41.62,41.72,41.23,41.6,705951
2025-10-28,600036.SH,41.53,41.53,40.69,40.77,910988
2025-10-29,600036.SH,40.8,41.36,40.73,41.2,1131538
2025-10-30,600036.SH,41.26,41.3,40.84,40.89,702607
2025-11-02,600036.SH,41.14,41.97,41.06,41.79,921981
2025-11-03,600036.SH,41.84,43.11,41.81,43.01,1340036
2025-11-04,600036.SH,43.1,43.47,42.75,42.8,731714
2025-11-05,600036.SH,42.65,42.89,42.31,42.34,871973
2025-11-06,600036.SH,42.4,42.72,42.28,42.51,593191
2025-11-09,600036.SH,42.45,42.88,42.28,42.72,532369
2025-11-10,600036.SH,42.69,43.04,42.52,42.96,544671
2025-11-11,600036.SH,43.12,43.36,42.93,42.93,587929
2025-11-12,600036.SH,42.97,43.3,42.74,43.21,587980
2025-11-13,600036.SH,43.24,43.59,43.18,43.25,518210
2025-11-16,600036.SH,43.1,43.2,42.5,42.65,610674
2025-11-17,600036.SH,42.56,42.91,42.44,42.88,517439
2025-11-18,600036.SH,42.88,43.5,42.8,43.22,511696
2025-11-19,600036.SH,43.22,43.79,43.05,43.23,585852
2025-11-20,600036.SH,43.24,43.55,42.76,43,791264
2025-11-23,600036.SH,43.1,43.21,42.51,42.63,678549
2025-11-24,600036.SH,42.66,43.3,42.44,43.25,666409
2025-11-25,600036.SH,43.34,43.63,42.97,43.25,451072
2025-11-26,600036.SH,43.18,43.39,42.6,43.19,621434
2025-11-27,600036.SH,43.1,43.12,42.82,42.95,494658
2025-11-30,600036.SH,43.08,43.47,42.93,43.44,567919
2025-12-01,600036.SH,43.44,43.65,43.22,43.38,406735
2025-12-02,600036.SH,43.27,43.58,43,43.01,468960
2025-12-03,600036.SH,43.05,43.42,43.01,43.22,361207
2025-12-04,600036.SH,43.25,43.55,42.91,43.45,548906
2025-12-07,600036.SH,43.44,43.64,43.07,43.18,580039
2025-12-08,600036.SH,43.18,43.3,42.83,43.04,465939
2025-12-09,600036.SH,43.08,43.08,41.55,41.7,1083157
2025-12-10,600036.SH,41.86,42.05,41.41,41.68,846231
2025-12-11,600036.SH,41.75,41.83,41.48,41.74,717625
2025-12-14,600036.SH,41.74,42.28,41.63,41.8,562666
2025-12-15,600036.SH,41.78,42.13,41.43,41.7,566176
2025-12-16,600036.SH,41.6,41.85,41.23,41.52,631267
2025-12-17,600036.SH,41.54,42.42,41.4,42.37,768119
2025-12-18,600036.SH,42.37,42.48,41.91,41.99,573823
2025-12-21,600036.SH,42.08,42.13,41.71,41.77,524740
2025-12-22,600036.SH,41.74,42.04,41.66,41.91,606510
2025-12-23,600036.SH,41.93,41.99,41.55,41.83,536305
2025-12-24,600036.SH,41.93,42.08,41.7,41.78,499214
2025-12-25,600036.SH,41.79,41.88,41.62,41.7,508810
2025-12-28,600036.SH,41.66,41.93,41.42,41.87,682551
2025-12-29,600036.SH,41.9,42.48,41.78,42.28,834783
2025-12-30,600036.SH,42.24,42.33,41.92,42.1,554142
2026-01-04,600036.SH,42.48,42.8,42.27,42.35,840830
2026-01-05,600036.SH,42.45,42.79,42.09,42.73,923715
2026-01-06,600036.SH,42.75,43.02,42.14,42.15,880560
2026-01-07,600036.SH,42.2,42.25,41.3,41.58,1115727
2026-01-08,600036.SH,41.54,41.76,41.12,41.3,985471
2026-01-11,600036.SH,41.3,41.43,41,41.12,1186641
2026-01-12,600036.SH,41.2,41.38,41.03,41.13,1159365
2026-01-13,600036.SH,41.13,41.17,40.06,40.07,1917744
2026-01-14,600036.SH,40.11,40.42,40,40.11,1217271
2026-01-15,600036.SH,39.49,39.5,38.65,38.72,1525245
2026-01-18,600036.SH,38.73,38.92,38.5,38.55,988703
2026-01-19,600036.SH,38.57,39.13,38.51,38.73,1113873
2026-01-20,600036.SH,38.92,38.94,38.18,38.24,1215000
2026-01-21,600036.SH,38.27,38.58,37.8,37.85,1877546
2026-01-22,600036.SH,37.85,38.17,37.38,37.5,1892113
2026-01-25,600036.SH,37.5,38.3,37.31,38.02,2166794
2026-01-26,600036.SH,38.06,38.51,37.87,38.1,1572406
2026-01-27,600036.SH,38.12,38.44,37.7,37.8,2041667
2026-01-28,600036.SH,37.88,38.65,37.55,38.53,1999982
2026-01-29,600036.SH,38.53,39.17,38.53,38.67,1660843
2026-02-01,600036.SH,38.88,39.3,38.41,38.45,1384979
2026-02-02,600036.SH,38.67,38.67,38.14,38.3,842792
2026-02-03,600036.SH,38.3,39.02,38.26,39.01,1021316
2026-02-04,600036.SH,38.94,39.92,38.91,39.71,1218895
2026-02-05,600036.SH,39.7,39.95,39.31,39.6,802980
2026-02-08,600036.SH,39.6,39.74,39.33,39.48,658949
2026-02-09,600036.SH,39.49,39.56,39.31,39.34,495965
2026-02-10,600036.SH,39.36,39.45,39.2,39.4,528817
2026-02-11,600036.SH,39.4,39.42,38.73,38.99,777526
2026-02-12,600036.SH,38.95,39.09,38.63,38.71,705370
2026-02-23,600036.SH,39.2,39.41,38.82,38.94,754674
2026-02-24,600036.SH,38.9,39.15,38.72,38.78,723971
2026-02-25,600036.SH,38.8,39.02,38.5,38.7,593325
2026-02-26,600036.SH,38.75,38.95,38.64,38.75,637035
2026-03-01,600036.SH,38.6,38.87,38.42,38.67,685473
2026-03-02,600036.SH,38.66,39.55,38.56,39.18,1384656
2026-03-03,600036.SH,39.01,39.03,38.01,38.6,1151939
2026-03-04,600036.SH,38.66,39.24,38.63,39.15,783370
2026-03-05,600036.SH,39.1,39.32,38.95,39.2,465957
2026-03-08,600036.SH,38.9,39.18,38.75,38.79,766775
2026-03-09,600036.SH,38.94,39.24,38.8,39.22,613717
2026-03-10,600036.SH,39.3,39.5,38.95,39.5,689407
2026-03-11,600036.SH,39.45,39.58,39.33,39.5,527723
2026-03-12,600036.SH,39.46,40.05,39.35,39.76,765277
2026-03-15,600036.SH,39.77,40.04,39.64,39.91,610945
2026-03-16,600036.SH,39.89,40.36,39.83,40.12,656229
2026-03-17,600036.SH,40.13,40.32,39.79,39.92,705831
2026-03-18,600036.SH,39.88,40.04,39.7,39.77,650247
2026-03-19,600036.SH,39.85,40.08,39.66,39.75,615803
2026-03-22,600036.SH,39.58,39.7,38.55,38.68,957738
2026-03-23,600036.SH,38.8,39.32,38.73,39.25,616336
2026-03-24,600036.SH,39.33,39.4,38.94,39.26,653817
2026-03-25,600036.SH,39.15,39.69,39.14,39.56,616790
2026-03-26,600036.SH,39.5,39.7,39.25,39.44,468007
2026-03-29,600036.SH,39.24,39.57,39.13,39.48,646054
2026-03-30,600036.SH,39.54,39.73,39.28,39.32,663097
2026-03-31,600036.SH,39.56,40.04,39.42,39.82,881526
2026-04-01,600036.SH,39.86,39.92,39.58,39.76,534630
2026-04-02,600036.SH,39.76,39.82,39.36,39.4,464485
2026-04-06,600036.SH,39.39,39.6,38.96,38.99,528367
2026-04-07,600036.SH,39.5,39.64,39.19,39.62,669498
2026-04-08,600036.SH,39.48,39.52,39.12,39.26,535854
2026-04-09,600036.SH,39.32,39.38,39.13,39.21,543202
2026-04-12,600036.SH,39.13,39.16,38.92,38.98,525145
2026-04-13,600036.SH,39,39.18,38.95,39.13,503999
2026-04-14,600036.SH,39.25,39.92,39.22,39.9,1052104
2026-04-15,600036.SH,39.9,40.15,39.75,39.91,617258
2026-04-16,600036.SH,39.85,39.9,39.5,39.52,587925
2026-04-19,600036.SH,39.5,39.9,39.33,39.87,588776
2026-04-20,600036.SH,39.91,40.15,39.86,39.87,545949
2026-04-21,600036.SH,39.87,40.03,39.62,39.74,507595
2026-04-22,600036.SH,39.72,39.86,39.52,39.81,569489
2026-04-23,600036.SH,39.74,39.8,39.36,39.38,629414
2026-04-26,600036.SH,39.52,39.99,39.32,39.38,926168
2026-04-27,600036.SH,39.38,39.63,39.26,39.6,669305
2026-04-28,600036.SH,38.91,39.02,38.34,38.5,2533117
2026-04-29,600036.SH,38.4,38.51,38.12,38.27,1169574
2026-05-05,600036.SH,38.29,38.35,37.82,38,1431771
2026-05-06,600036.SH,38.05,38.16,37.94,37.95,790090
2026-05-07,600036.SH,38.03,38.18,37.9,37.94,869539
2026-05-10,600036.SH,37.95,37.98,37.7,37.97,925489
2026-05-11,600036.SH,37.98,38.14,37.86,37.9,967299
2026-05-12,600036.SH,37.96,38.09,37.85,37.88,718304
2026-05-13,600036.SH,37.81,38.02,37.73,37.81,867868
2026-05-14,600036.SH,37.81,37.97,37.61,37.65,821738
2026-05-17,600036.SH,37.65,37.66,37.35,37.47,707684
2026-05-18,600036.SH,37.48,37.74,37.34,37.37,719910
2026-05-19,600036.SH,37.37,37.44,37.17,37.17,693184
2026-05-20,600036.SH,37.18,37.34,37.11,37.15,725200
2026-05-21,600036.SH,37.1,37.33,36.97,37.02,797617
2026-05-24,600036.SH,37.01,37.26,36.9,36.94,710668
2026-05-25,600036.SH,36.94,37.29,36.9,37,706203
2026-05-26,600036.SH,37.01,37.19,36.78,37,845146
2026-05-27,600036.SH,37.05,37.43,36.97,37.12,995791
2026-05-28,600036.SH,37.1,38.04,36.93,38.01,1531384
2026-05-31,600036.SH,38,38.2,37.8,38.2,961379
2026-06-01,600036.SH,38.16,38.88,38.05,38.8,1256970
2026-06-02,600036.SH,38.81,38.81,38.25,38.5,881275
2026-06-03,600036.SH,38.4,38.65,37.99,38.1,738841
2026-06-04,600036.SH,38.18,38.7,38.11,38.58,778709
2026-06-07,600036.SH,38.4,38.76,38.36,38.5,769478
2026-06-08,600036.SH,38.5,38.64,38.4,38.49,664500
2026-06-09,600036.SH,38.45,39.08,38.38,38.9,935861
2026-06-10,600036.SH,38.93,39.09,38.57,38.73,594454
2026-06-11,600036.SH,38.59,39.35,38.34,39.34,1119834
2026-06-14,600036.SH,39.21,39.37,38.73,38.95,977404
2026-06-15,600036.SH,38.81,38.89,38.41,38.57,789669
2026-06-16,600036.SH,38.68,38.85,38.14,38.23,660452
2026-06-17,600036.SH,38.15,38.2,37.26,37.26,1003461
2026-06-21,600036.SH,37.01,37.9,36.95,37.65,1100768
2026-06-22,600036.SH,37.65,38.19,37.35,37.4,1008007
2026-06-23,600036.SH,37.49,37.58,36.75,36.76,1236166
2026-06-24,600036.SH,36.73,36.99,36.2,36.23,1181162
2026-06-25,600036.SH,36.38,36.47,35.88,36,1055410
2026-06-28,600036.SH,35.9,36.72,35.4,36.42,1080735
2026-06-29,600036.SH,36.37,36.39,35.35,35.5,1099038
2026-06-30,600036.SH,35.52,36.12,35.28,35.91,891221
2026-07-01,600036.SH,36.28,36.8,36.13,36.6,944614
2026-07-02,600036.SH,36.67,37.06,36.35,36.83,853124
2026-07-05,600036.SH,36.7,37.76,36.52,37.73,971544
2026-07-06,600036.SH,37.72,37.86,37.3,37.55,652587
2026-07-07,600036.SH,37.36,37.97,37.15,37.94,767135
2026-07-08,600036.SH,37.7,37.81,37.37,37.55,765646
2026-07-09,600036.SH,36.61,36.92,36.33,36.88,793772
2026-07-12,600036.SH,36.81,37.4,36.71,37.25,933085
2026-07-13,600036.SH,37.1,37.24,36.82,37.18,804154
2026-07-14,600036.SH,37,37.96,36.75,37.76,1154626
2026-07-15,600036.SH,37.7,38.12,37.5,37.67,766899
2026-07-16,600036.SH,37.76,38.2,37.68,38.02,1158584
2026-07-19,600036.SH,37.95,38.91,37.89,38.91,1433610
2026-07-20,600036.SH,39.18,39.4,37.9,37.99,1560127
2026-07-21,600036.SH,37.85,38.71,37.63,38.71,1084546
2026-07-22,600036.SH,38.68,38.99,38.45,38.91,794938
2026-07-23,600036.SH,39.18,39.25,38.9,39.2,982960
2026-07-26,600036.SH,39.12,39.24,38.69,39,715846
2026-07-27,600036.SH,39.17,39.59,38.95,39.59,1050187
2026-07-28,600036.SH,39.98,40.07,39.49,39.66,1148712
2026-07-29,600036.SH,39.66,40.55,39.55,40.55,1374580
2026-07-30,600036.SH,39.85,40.17,39.04,39.62,1491550
2026-08-02,600036.SH,39.88,40.42,39.8,40.36,1217493
2026-08-03,600036.SH,40.16,40.16,39.21,39.28,1104999
2026-08-04,600036.SH,39.18,39.48,38.72,38.94,960454
2026-08-05,600036.SH,39,39.15,38.47,38.97,853755
2026-08-06,600036.SH,38.9,39.1,38.48,38.8,779647
2026-08-09,600036.SH,38.79,39.27,38.7,38.91,651758
2026-08-10,600036.SH,39,39.2,38.77,38.95,500770
2026-08-11,600036.SH,38.95,38.97,38.56,38.7,557489
2026-08-12,600036.SH,38.59,38.81,38.5,38.77,501985
2026-08-13,600036.SH,38.65,38.75,38.46,38.46,486802
2026-08-16,600036.SH,38.35,38.46,38.06,38.2,656744
2026-08-17,600036.SH,38.15,38.36,38.03,38.29,601361
2026-08-18,600036.SH,38.55,39.15,38.4,39.15,1248939
2026-08-19,600036.SH,38.8,39.07,38.47,38.86,747857
2026-08-20,600036.SH,38.8,39.1,38.76,38.9,514219
2026-08-23,600036.SH,38.87,39.7,38.77,39.58,1045783
2026-08-24,600036.SH,39.7,39.92,39.42,39.5,634183
2026-08-25,600036.SH,39.41,39.98,39.38,39.8,646455
2026-08-26,600036.SH,39.63,39.94,39.32,39.58,614592
2026-08-27,600036.SH,39.46,39.55,39.23,39.35,481033
2026-08-30,600036.SH,39.51,40.28,39.5,40.12,1136251
2026-08-31,600036.SH,40.04,40.88,39.9,40.86,1147661
2026-09-01,600036.SH,40.9,41,40.63,40.87,648611
2026-09-02,600036.SH,40.76,41.36,40.52,41.07,768716
2026-09-03,600036.SH,41.05,41.78,40.95,41.69,845229
2026-09-06,600036.SH,41.65,41.76,41.03,41.07,738683
2026-09-07,600036.SH,41.01,41.38,40.81,40.9,493102
2026-09-08,600036.SH,40.85,41.22,40.75,41,432074
2026-09-09,600036.SH,41,41.67,40.8,41.57,660003
2026-09-10,600036.SH,41.75,41.75,41.05,41.35,737983
2026-09-13,600036.SH,41.34,41.83,41.16,41.83,746067
2026-09-14,600036.SH,41.78,41.78,41.01,41.1,567794
2026-09-15,600036.SH,41.15,41.41,40.52,40.92,538019
2026-09-16,600036.SH,40.9,40.95,40.45,40.6,554798
2026-09-17,600036.SH,40.53,40.92,40.43,40.59,485204
2026-09-20,600036.SH,40.65,41.12,40.36,41.04,540374
2026-09-21,600036.SH,40.97,41.02,40.62,40.82,433421
2026-09-22,600036.SH,40.83,41.17,40.54,40.6,418345
2026-09-23,600036.SH,40.6,41.14,40.58,40.69,503524
2026-09-27,600036.SH,40.67,41.08,40.38,40.64,543918
2026-09-28,600036.SH,40.49,40.78,40.22,40.51,449346
2026-09-29,600036.SH,40.59,41.38,40.52,41.26,699871
2022-08-16,601318.SH,41.05,41.48,40.72,41.29,375722
2022-08-17,601318.SH,41.15,41.18,40.76,40.81,294080
2022-08-18,601318.SH,40.7,41.26,40.62,40.97,324629
2022-08-21,601318.SH,40.85,41.39,40.8,41.15,339719
2022-08-22,601318.SH,41.02,41.15,40.68,40.72,331480
2022-08-23,601318.SH,41.35,42.44,41.35,41.61,1157330
2022-08-24,601318.SH,41.85,43.23,41.68,43.1,1105726
2022-08-25,601318.SH,43.11,43.32,42.52,43.12,726726
2022-08-28,601318.SH,42.8,43.22,42.49,43.07,449893
2022-08-29,601318.SH,42.98,43.29,42.51,42.89,388929
2022-08-30,601318.SH,42.71,44.27,42.66,43.84,842238
2022-08-31,601318.SH,43.6,44.13,43.41,43.65,455213
2022-09-01,601318.SH,43.89,44.28,43.26,43.7,449145
2022-09-04,601318.SH,43.5,43.9,43.02,43.8,417491
2022-09-05,601318.SH,43.9,44.45,43.52,43.9,449772
2022-09-06,601318.SH,43.6,43.81,43.16,43.6,376411
2022-09-07,601318.SH,43.84,44.25,43.66,43.84,321298
2022-09-08,601318.SH,43.99,44.78,43.85,44.69,577867
2022-09-12,601318.SH,44.68,45.37,44.35,45.06,529663
2022-09-13,601318.SH,44.53,45.18,44.51,44.65,355084
2022-09-14,601318.SH,44.67,45.6,44.66,45.09,594442
2022-09-15,601318.SH,44.82,44.97,43.87,43.93,624920
2022-09-18,601318.SH,43.92,44.48,43.56,43.93,405383
2022-09-19,601318.SH,44.15,44.19,43.12,43.24,357650
2022-09-20,601318.SH,43.1,43.46,42.9,43.15,303537
2022-09-21,601318.SH,42.6,42.83,42.41,42.48,376230
2022-09-22,601318.SH,42.41,43.44,42.41,43.02,375326
2022-09-25,601318.SH,42.74,43.32,42.42,42.49,307124
2022-09-26,601318.SH,42.43,42.74,42.27,42.44,312291
2022-09-27,601318.SH,42.2,42.5,41.85,41.89,422044
2022-09-28,601318.SH,42.23,42.34,41.15,41.32,426558
2022-09-29,601318.SH,41.35,41.98,41.35,41.58,331619
2022-10-09,601318.SH,41.58,42.18,41.38,41.43,413876
2022-10-10,601318.SH,41.67,41.87,41.12,41.2,269317
2022-10-11,601318.SH,41.21,42,40.8,41.92,362473
2022-10-12,601318.SH,41.8,41.9,41.2,41.36,383846
2022-10-13,601318.SH,41.75,42.33,41.62,41.94,434417
2022-10-16,601318.SH,41.71,42.15,41.56,42.1,341425
2022-10-17,601318.SH,42.4,42.44,41.67,41.75,416357
2022-10-18,601318.SH,41.65,41.98,41.26,41.27,364361
2022-10-19,601318.SH,40.4,40.49,39.9,40.01,450214
2022-10-20,601318.SH,40.1,40.25,39.5,39.65,457377
2022-10-23,601318.SH,39.66,39.93,37.61,37.7,951252
2022-10-24,601318.SH,37.58,38.38,37.16,37.72,553549
2022-10-25,601318.SH,37.54,38.15,37.51,37.67,498395
2022-10-26,601318.SH,37.71,38.09,37.55,37.66,457497
2022-10-27,601318.SH,37.51,37.7,36.73,36.73,507692
2022-10-30,601318.SH,36.39,36.67,35.9,36.15,562034
2022-10-31,601318.SH,36.45,37.48,36.37,37.46,565665
2022-11-01,601318.SH,37.29,37.6,37.13,37.4,450385
2022-11-02,601318.SH,37.18,37.3,36.7,36.93,349335
2022-11-03,601318.SH,36.93,38.65,36.91,38.31,692055
2022-11-06,601318.SH,38,39.18,37.92,38.79,574810
2022-11-07,601318.SH,38.79,39,38.38,38.69,370483
2022-11-08,601318.SH,38.79,38.89,38.29,38.37,267687
2022-11-09,601318.SH,38,38.7,37.78,38.46,323175
2022-11-10,601318.SH,39.44,40.97,39.32,40.33,1046676
2022-11-13,601318.SH,41.66,42.12,41.21,41.6,1216680
2022-11-14,601318.SH,41.48,42.95,41.31,42.49,934424
2022-11-15,601318.SH,42.62,42.82,42.27,42.3,596528
2022-11-16,601318.SH,42.29,42.75,41.95,42.56,503980
2022-11-17,601318.SH,42.68,42.81,42.06,42.16,392464
2022-11-20,601318.SH,41.75,41.75,40.66,41.21,511185
2022-11-21,601318.SH,41.2,42.38,41,41.97,471814
2022-11-22,601318.SH,42.02,42.44,41.76,41.77,449620
2022-11-23,601318.SH,42.21,42.38,41.67,41.8,249076
2022-11-24,601318.SH,41.78,42.95,41.75,42.75,597960
2022-11-27,601318.SH,41.63,41.84,40.99,41.41,510315
2022-11-28,601318.SH,42.32,44.9,42.32,44.78,1753205
2022-11-29,601318.SH,44.82,46.17,44.6,44.95,1165016
2022-11-30,601318.SH,45.98,46.29,44.68,44.83,859327
2022-12-01,601318.SH,44.82,45,44,44.62,607787
2022-12-04,601318.SH,45.55,47.31,45.35,47.28,1380436
2022-12-05,601318.SH,47.28,47.68,46.74,47.44,878273
2022-12-06,601318.SH,47.44,47.48,46.37,46.7,831455
2022-12-07,601318.SH,46.38,47.2,46.3,47.15,448364
2022-12-08,601318.SH,47.07,47.88,46.7,47.6,709579
2022-12-11,601318.SH,47.2,47.28,46.08,46.17,656471
2022-12-12,601318.SH,46.46,47.09,46.3,46.7,423663
2022-12-13,601318.SH,47.08,47.11,46.14,46.89,346973
2022-12-14,601318.SH,46.8,47.09,45.8,46.43,404021
2022-12-15,601318.SH,46.11,47.01,46.07,46.9,421348
2022-12-18,601318.SH,46.9,47.27,45.45,45.77,505896
2022-12-19,601318.SH,45.56,45.88,44.58,44.93,495245
2022-12-20,601318.SH,45.1,45.6,44.94,45.26,297896
2022-12-21,601318.SH,46,46.18,45.65,45.88,353462
2022-12-22,601318.SH,45.53,46.01,45.32,45.64,306472
2022-12-25,601318.SH,45.64,45.88,44.66,44.66,403282
2022-12-26,601318.SH,45.27,45.95,45.03,45.58,347793
2022-12-27,601318.SH,45.43,46.45,45.3,46.28,456267
2022-12-28,601318.SH,45.95,46.01,45.11,45.82,469576
2022-12-29,601318.SH,46,47.2,46,47,553005
2023-01-02,601318.SH,46.59,47.26,46.06,47.15,602304
2023-01-03,601318.SH,47.3,48.63,47.3,48.53,869496
2023-01-04,601318.SH,49.2,49.5,48.5,48.93,737048
2023-01-05,601318.SH,49.5,49.83,49.05,49.74,780346
2023-01-08,601318.SH,50,50.95,49.7,50.91,881857
2023-01-09,601318.SH,50.9,50.91,49.14,49.21,837949
2023-01-10,601318.SH,49.5,51,49.44,50.7,966895
2023-01-11,601318.SH,50.9,51.11,50.43,50.91,600256
2023-01-12,601318.SH,51.2,52.35,51.05,52.35,896257
2023-01-15,601318.SH,52.52,53.48,51.49,52.09,1229794
2023-01-16,601318.SH,51.96,52.07,51,51.5,698873
2023-01-17,601318.SH,51.5,51.87,51.16,51.55,419603
2023-01-18,601318.SH,51.4,51.87,51.15,51.81,510461
2023-01-19,601318.SH,52.1,52.24,51.5,52.1,497069
2023-01-29,601318.SH,53.59,53.6,51.48,51.48,857579
2023-01-30,601318.SH,51.76,52.28,50.85,50.98,612418
2023-01-31,601318.SH,51.55,51.75,50.41,51.35,565301
2023-02-01,601318.SH,51.6,51.6,50.4,50.83,636217
2023-02-02,601318.SH,50.5,50.55,48.9,49.6,927310
2023-02-05,601318.SH,48.8,48.86,47.72,48.16,921595
2023-02-06,601318.SH,48.5,48.84,48.2,48.7,444363
2023-02-07,601318.SH,48.75,49.19,48.38,48.5,347190
2023-02-08,601318.SH,48.5,49.55,48.39,49.32,564907
2023-02-09,601318.SH,49.46,49.55,49.01,49.3,309173
2023-02-12,601318.SH,49.19,49.3,48.29,49.25,457973
2023-02-13,601318.SH,49.3,49.9,49.17,49.9,370402
2023-02-14,601318.SH,49.84,49.89,48.71,48.88,461027
2023-02-15,601318.SH,49.08,50.05,49,49.2,576891
2023-02-16,601318.SH,49.2,49.83,48.71,48.8,417519
2023-02-19,601318.SH,48.85,49.99,48.75,49.95,664285
2023-02-20,601318.SH,49.86,50.12,49.45,50.01,426660
2023-02-21,601318.SH,49.5,49.96,49.11,49.18,446046
2023-02-22,601318.SH,49,49.7,48.81,48.98,385254
2023-02-23,601318.SH,48.89,49.01,48.11,48.2,446548
2023-02-26,601318.SH,48,48.39,47.78,47.8,467917
2023-02-27,601318.SH,48.01,48.28,47.51,48.2,380417
2023-02-28,601318.SH,48.02,50,48.01,49.99,724323
2023-03-01,601318.SH,49.97,50.46,49.72,50.2,380889
2023-03-02,601318.SH,50.48,50.66,49.85,50.28,284133
2023-03-05,601318.SH,50,50.17,48.45,48.58,773237
2023-03-06,601318.SH,48.55,49.2,47.75,47.91,587302
2023-03-07,601318.SH,47.55,47.61,46.99,47.23,527417
2023-03-08,601318.SH,47.38,47.38,46.47,46.64,518325
2023-03-09,601318.SH,46.06,46.65,46,46,457092
2023-03-12,601318.SH,46,46.79,45.91,46.5,399483
2023-03-13,601318.SH,46.22,46.22,45.39,45.46,490733
2023-03-14,601318.SH,46.03,46.66,45.78,45.95,443643
2023-03-15,601318.SH,44.9,45.83,44.75,45.23,789609
2023-03-16,601318.SH,45.81,46.96,45.81,46.2,950191
2023-03-19,601318.SH,46,46.58,45.56,45.58,719244
2023-03-20,601318.SH,45.89,46.4,45.78,46.01,446659
2023-03-21,601318.SH,46.25,46.77,46.22,46.5,552251
2023-03-22,601318.SH,46.3,46.89,46.3,46.88,554274
2023-03-23,601318.SH,46.8,46.8,46.06,46.2,437694
2023-03-26,601318.SH,46.26,46.33,45.5,45.99,362173
2023-03-27,601318.SH,46.09,46.38,45.68,45.88,283324
2023-03-28,601318.SH,46.33,46.58,45.4,45.42,409020
2023-03-29,601318.SH,45.51,45.7,44.94,45.48,450030
2023-03-30,601318.SH,45.6,46.3,45.38,45.6,524540
2023-04-02,601318.SH,45.55,45.9,45.29,45.68,451215
2023-04-03,601318.SH,45.67,45.86,45.23,45.57,473486
2023-04-05,601318.SH,45.55,45.55,45.03,45.08,361627
2023-04-06,601318.SH,45.29,45.78,45.15,45.63,326336
2023-04-09,601318.SH,45.73,46.27,45.5,46.06,527369
2023-04-10,601318.SH,46.02,46.3,45.63,45.66,543094
2023-04-11,601318.SH,45.8,46.08,45.45,45.6,460938
2023-04-12,601318.SH,45.3,45.37,44.81,45.12,569479
2023-04-13,601318.SH,45.35,45.97,45.2,45.49,428919
2023-04-16,601318.SH,45.33,47.48,45.02,47.48,1036161
2023-04-17,601318.SH,47.2,49.08,47.13,48.62,1310275
2023-04-18,601318.SH,48.55,48.9,48.27,48.4,497165
2023-04-19,601318.SH,48.41,48.95,48.12,48.79,476734
2023-04-20,601318.SH,48.6,48.69,46.63,46.74,811976
2023-04-23,601318.SH,46.88,47.75,46.2,46.4,587482
2023-04-24,601318.SH,46.54,47.08,45.88,46.09,617583
2023-04-25,601318.SH,45.86,46.25,45.66,45.79,505147
2023-04-26,601318.SH,46.98,50.37,46.81,50.37,2570645
2023-04-27,601318.SH,50.61,52.65,50.28,51.8,2149502
2023-05-03,601318.SH,50.77,54.35,50.59,53.7,1837641
2023-05-04,601318.SH,54,55,53.24,53.83,1264107
2023-05-07,601318.SH,53.99,55.08,53.51,54.92,1504054
2023-05-08,601318.SH,54.92,56,53.37,53.48,1461587
2023-05-09,601318.SH,53.48,53.86,52.11,52.31,1055610
2023-05-10,601318.SH,52.9,53.47,52.16,52.35,593884
2023-05-11,601318.SH,52.33,52.5,51.17,51.27,626681
2023-05-14,601318.SH,51.28,53.87,50.78,53.71,1113754
2023-05-15,601318.SH,53.67,53.82,52.8,53.2,644969
2023-05-16,601318.SH,52.79,52.85,51.58,51.91,642552
2023-05-17,601318.SH,51.8,52.85,51.53,51.82,555166
2023-05-18,601318.SH,51.21,51.7,50.8,51.04,554236
2023-05-21,601318.SH,51,51.85,50.8,51.42,498812
2023-05-22,601318.SH,51.4,51.67,49.9,49.9,685386
2023-05-23,601318.SH,49.86,49.9,48.4,48.47,713134
2023-05-24,601318.SH,48.38,48.75,47.9,48.4,525529
2023-05-25,601318.SH,48.39,48.88,47.81,48.44,403366
2023-05-28,601318.SH,48.63,48.75,47.8,48.04,484344
2023-05-29,601318.SH,48.05,48.33,47.42,47.99,570291
2023-05-30,601318.SH,47.7,47.79,47,47,610689
2023-05-31,601318.SH,47.05,47.93,46.9,47.45,518074
2023-06-01,601318.SH,47.88,49.2,47.83,49.1,832840
2023-06-04,601318.SH,48.76,48.93,48.23,48.51,466456
2023-06-05,601318.SH,48.34,49.93,48.25,48.76,644502
2023-06-06,601318.SH,49.4,49.69,48.77,49.01,425436
2023-06-07,601318.SH,48.92,49.96,48.68,49.67,572284
2023-06-08,601318.SH,49.67,49.95,49.41,49.48,428043
2023-06-11,601318.SH,49.46,49.94,48.89,49.57,476457
2023-06-12,601318.SH,49.48,49.7,48.75,49.63,440029
2023-06-13,601318.SH,48.57,48.91,47.87,48.05,553664
2023-06-14,601318.SH,48.3,49.1,47.87,48.42,473440
2023-06-15,601318.SH,48.7,48.84,48.1,48.6,534142
2023-06-18,601318.SH,48.46,48.48,47.33,47.5,642164
2023-06-19,601318.SH,47.5,47.75,46.8,46.89,615333
2023-06-20,601318.SH,46.61,47.25,46.48,46.64,381031
2023-06-25,601318.SH,46.3,46.37,45.7,45.93,485350
2023-06-26,601318.SH,45.92,46.63,45.75,46.3,480933
2023-06-27,601318.SH,46.15,46.55,45.93,46.54,356070
2023-06-28,601318.SH,46.55,46.79,46.13,46.3,265735
2023-06-29,601318.SH,46.2,46.87,46.19,46.4,326971
2023-07-02,601318.SH,46.44,48.35,46.38,48.18,697781
2023-07-03,601318.SH,48.19,48.23,47.7,47.95,297441
2023-07-04,601318.SH,47.89,47.99,47.28,47.35,264061
2023-07-05,601318.SH,47.03,48.16,47.02,47.3,402580
2023-07-06,601318.SH,47,47.69,46.98,47.21,364421
2023-07-09,601318.SH,47.63,47.69,46.51,46.61,368164
2023-07-10,601318.SH,46.8,47.42,46.8,47.2,268886
2023-07-11,601318.SH,47.2,47.95,47.08,47.29,354393
2023-07-12,601318.SH,47.72,48.75,47.65,48.62,648768
2023-07-13,601318.SH,49.02,49.09,48.41,48.64,366358
2023-07-16,601318.SH,48.37,48.45,47.88,48.05,304707
2023-07-17,601318.SH,48.28,48.29,47.46,47.6,283183
2023-07-18,601318.SH,47.3,47.86,47.3,47.77,321116
2023-07-19,601318.SH,47.9,48.2,47.32,47.42,301378
2023-07-20,601318.SH,47.31,47.75,46.8,46.97,446791
2023-07-23,601318.SH,46.8,46.99,46.5,46.62,315980
2023-07-24,601318.SH,47.7,49.68,47.7,49.55,1413279
2023-07-25,601318.SH,49.18,49.64,48.98,49.46,515441
2023-07-26,601318.SH,49.59,50.58,49.41,49.88,703735
2023-07-27,601318.SH,49.5,52.36,49.41,51.93,1277908
2023-07-30,601318.SH,52.98,53.68,52.3,52.6,1274855
2023-07-31,601318.SH,52.5,53,51.44,51.74,670614
2023-08-01,601318.SH,51.6,52.56,50.93,51.41,608798
2023-08-02,601318.SH,51.41,52.6,51.11,52.41,654944
2023-08-03,601318.SH,53.23,53.85,51.9,51.9,1051653
2023-08-06,601318.SH,51.38,51.77,51.2,51.7,436896
2023-08-07,601318.SH,51.47,51.69,50.46,51.26,523263
2023-08-08,601318.SH,51.08,51.58,50.95,51.26,372853
2023-08-09,601318.SH,51.05,51.47,50.88,51.36,299263
2023-08-10,601318.SH,51.3,51.41,49.35,49.37,748921
2023-08-13,601318.SH,48.3,48.82,48.28,48.53,604721
2023-08-14,601318.SH,48.52,49.08,48.02,48.68,521837
2023-08-15,601318.SH,48.32,48.94,48.13,48.35,476604
2023-08-16,601318.SH,48.01,48.18,47.33,47.91,598274
2023-08-17,601318.SH,47.9,49,47.52,47.52,636663
2023-08-20,601318.SH,47.4,47.49,46.67,46.67,628081
2023-08-21,601318.SH,46.9,47.3,46.47,47,518495
2023-08-22,601318.SH,46.72,47.1,46.39,46.46,476239
2023-08-23,601318.SH,46.53,47.01,46.19,46.5,418637
2023-08-24,601318.SH,46.31,47.38,46.25,47.01,417635
2023-08-27,601318.SH,50.5,50.53,47.78,48.11,1090108
2023-08-28,601318.SH,48.04,48.97,47.89,48.56,573806
2023-08-29,601318.SH,48.88,48.99,47.9,48.25,600123
2023-08-30,601318.SH,48.63,49.55,48.51,48.79,639538
2023-08-31,601318.SH,49.35,50.5,49.26,50.1,855756
2023-09-03,601318.SH,50.45,51.9,50.44,51.45,921931
2023-09-04,601318.SH,51.2,51.2,50.13,50.2,506244
2023-09-05,601318.SH,50,51.19,49.88,51.03,514362
2023-09-06,601318.SH,50.71,50.88,50.16,50.22,403291
2023-09-07,601318.SH,50.03,50.45,49.8,50.12,273667
2023-09-10,601318.SH,50.38,50.77,49.85,50.36,491515
2023-09-11,601318.SH,50.1,50.15,49.49,49.95,361144
2023-09-12,601318.SH,50.14,50.22,49.22,49.5,433989
2023-09-13,601318.SH,49.64,49.8,48.99,49.19,391312
2023-09-14,601318.SH,49.49,50.12,49,49.2,557532
2023-09-17,601318.SH,48.92,49.48,48.7,49.3,295267
2023-09-18,601318.SH,49.28,49.35,49.02,49.28,266524
2023-09-19,601318.SH,49.26,49.26,48.58,48.89,328733
2023-09-20,601318.SH,48.7,48.86,48.37,48.49,335480
2023-09-21,601318.SH,48.5,50.33,48.37,50.33,663006
2023-09-24,601318.SH,50.01,50.1,49.03,49.06,499759
2023-09-25,601318.SH,49.05,49.34,48.52,48.56,400930
2023-09-26,601318.SH,48.6,48.99,48.5,48.66,324863
2023-09-27,601318.SH,48.83,48.88,48.15,48.3,421466
2023-10-08,601318.SH,48,48.27,47.52,48.07,394012
2023-10-09,601318.SH,48.28,48.53,47.52,47.6,330777
2023-10-10,601318.SH,47.85,47.97,47.51,47.69,325297
2023-10-11,601318.SH,48.87,48.89,48.21,48.43,448710
2023-10-12,601318.SH,47.87,48.28,47.67,47.97,261270
2023-10-15,601318.SH,47.85,48.13,47.41,47.54,319003
2023-10-16,601318.SH,47.8,47.98,47.46,47.68,270142
2023-10-17,601318.SH,47.51,47.77,47.38,47.39,325690
2023-10-18,601318.SH,47.11,47.16,46.01,46.05,694085
2023-10-19,601318.SH,45.6,46.09,45.55,45.84,481776
2023-10-22,601318.SH,45.79,46.2,45.5,45.94,387068
2023-10-23,601318.SH,46.03,46.5,45.68,46.1,432311
2023-10-24,601318.SH,45.98,46,45.43,45.51,374463
2023-10-25,601318.SH,45.3,45.8,45.25,45.7,280986
2023-10-26,601318.SH,45.19,45.54,44.55,45.18,618850
2023-10-29,601318.SH,45.19,45.49,44.81,45.31,455498
2023-10-30,601318.SH,45.42,45.93,45.18,45.46,423089
2023-10-31,601318.SH,45.79,45.88,45.02,45.11,378012
2023-11-01,601318.SH,45.21,45.59,45.01,45.06,292248
2023-11-02,601318.SH,45.19,45.31,44.89,45.24,386407
2023-11-05,601318.SH,45.6,46.17,45.51,46.06,562463
2023-11-06,601318.SH,45.88,45.9,45.24,45.3,520543
2023-11-07,601318.SH,45.3,45.43,44.55,44.63,703734
2023-11-08,601318.SH,44,44.2,42.86,43.28,1504542
2023-11-09,601318.SH,42.9,42.9,42.03,42.35,1049965
2023-11-12,601318.SH,42.3,42.44,42.06,42.39,493091
2023-11-13,601318.SH,42.55,42.81,42.39,42.61,558200
2023-11-14,601318.SH,43.12,43.61,42.88,43.36,728706
2023-11-15,601318.SH,43.13,43.35,42.77,42.87,386089
2023-11-16,601318.SH,42.63,42.82,42.33,42.66,404728
2023-11-19,601318.SH,42.71,43.05,42.48,42.91,324987
2023-11-20,601318.SH,42.91,43.55,42.91,43.07,432503
2023-11-21,601318.SH,42.95,43.05,42.71,42.73,249251
2023-11-22,601318.SH,42.69,43.05,42.51,43.05,263803
2023-11-23,601318.SH,43,43.03,42.63,42.69,280449
2023-11-26,601318.SH,42.6,42.64,41.61,41.85,585460
2023-11-27,601318.SH,41.8,42.06,41.58,41.67,372261
2023-11-28,601318.SH,41.67,41.73,40.5,40.75,679047
2023-11-29,601318.SH,40.67,41.07,40.62,40.8,388572
2023-11-30,601318.SH,40.65,41.18,40.3,41.02,486961
2023-12-03,601318.SH,40.85,41.27,40.31,40.38,399870
2023-12-04,601318.SH,40.12,40.17,39.51,39.53,506428
2023-12-05,601318.SH,39.5,39.75,39.29,39.53,433324
2023-12-06,601318.SH,39.36,39.72,38.88,39.34,501004
2023-12-07,601318.SH,39.25,39.63,39.19,39.19,378912
2023-12-10,601318.SH,39,39.71,38.56,39.6,555114
2023-12-11,601318.SH,39.42,39.81,39.25,39.79,358213
2023-12-12,601318.SH,39.7,39.7,38.89,38.89,412856
2023-12-13,601318.SH,39.23,39.47,38.69,38.7,332368
2023-12-14,601318.SH,39.15,39.56,38.73,38.79,507912
2023-12-17,601318.SH,38.4,38.85,38.31,38.61,329987
2023-12-18,601318.SH,38.58,38.98,38.4,38.71,332249
2023-12-19,601318.SH,38.71,38.9,38.43,38.45,299482
2023-12-20,601318.SH,38.26,38.97,38.13,38.8,424163
2023-12-21,601318.SH,38.76,39.38,38.68,39.1,424737
2023-12-24,601318.SH,39.05,39.28,38.91,39.18,203255
2023-12-25,601318.SH,39.18,39.18,38.82,39.1,199146
2023-12-26,601318.SH,39.1,39.16,38.68,39,295938
2023-12-27,601318.SH,39,40.35,38.85,40.26,609526
2023-12-28,601318.SH,40.06,40.44,40.05,40.3,341078
2024-01-01,601318.SH,40.3,40.31,39.46,39.47,437592
2024-01-02,601318.SH,39.47,39.66,39.19,39.4,363822
2024-01-03,601318.SH,39.36,39.58,38.66,38.9,467392
2024-01-04,601318.SH,38.85,39.58,38.68,38.97,499202
2024-01-07,601318.SH,38.97,39.17,38.22,38.45,514732
2024-01-08,601318.SH,38.45,38.58,38.2,38.38,370651
2024-01-09,601318.SH,38.29,38.45,37.82,37.82,441303
2024-01-10,601318.SH,37.8,38.66,37.62,38.43,381571
2024-01-11,601318.SH,38.19,38.54,38.03,38.03,303001
2024-01-14,601318.SH,37.87,38.49,37.7,38.17,327022
2024-01-15,601318.SH,38.04,38.76,37.94,38.7,544963
2024-01-16,601318.SH,38.46,38.55,38.01,38.01,561229
2024-01-17,601318.SH,37.75,39.03,37.64,38.99,861544
2024-01-18,601318.SH,38.8,39.34,38.55,39.2,639744
2024-01-21,601318.SH,39.07,39.93,38.97,39.48,961099
2024-01-22,601318.SH,39.2,39.71,38.7,39.36,601721
2024-01-23,601318.SH,39.66,40.3,39.08,40.17,761151
2024-01-24,601318.SH,40.15,41.51,40,41.15,986581
2024-01-25,601318.SH,41.05,41.34,40.65,41.25,785925
2024-01-28,601318.SH,41.26,41.69,40.92,40.98,620785
2024-01-29,601318.SH,40.6,40.91,40.17,40.19,570640
2024-01-30,601318.SH,40.15,40.85,39.99,40.51,557014
2024-01-31,601318.SH,40.12,40.63,39.93,40.3,490925
2024-02-01,601318.SH,40.3,40.55,39,40.1,690773
2024-02-04,601318.SH,40,40.99,39.68,40.68,806148
2024-02-05,601318.SH,40.67,41.68,40.37,41.56,823835
2024-02-06,601318.SH,41.69,42.4,41.35,42.38,916154
2024-02-07,601318.SH,42.52,42.95,42.15,42.78,768747
2024-02-18,601318.SH,42.99,43.08,42.52,42.73,544134
2024-02-19,601318.SH,42.65,42.67,42.1,42.35,469355
2024-02-20,601318.SH,42.18,44.3,42.02,43.59,1112492
2024-02-21,601318.SH,43.36,43.74,43.21,43.7,517452
2024-02-22,601318.SH,43.68,44.45,43.6,44.07,644217
2024-02-25,601318.SH,43.9,43.91,42.9,42.95,616196
2024-02-26,601318.SH,42.82,43.15,42.7,43.12,429013
2024-02-27,601318.SH,43.19,43.28,42.65,42.65,535764
2024-02-28,601318.SH,42.52,43.07,42.5,42.9,455092
2024-02-29,601318.SH,42.8,43.09,42.52,42.99,445774
2024-03-03,601318.SH,42.73,42.82,42.2,42.34,545047
2024-03-04,601318.SH,42.15,42.88,42.05,42.81,623437
2024-03-05,601318.SH,42.79,42.91,42.46,42.5,342763
2024-03-06,601318.SH,42.77,43.46,42.73,43.06,648962
2024-03-07,601318.SH,42.87,43.2,42.55,42.88,372494
2024-03-10,601318.SH,42.78,43.28,42.74,43.16,435973
2024-03-11,601318.SH,43.17,43.88,42.88,43.81,679206
2024-03-12,601318.SH,43.73,43.76,42.57,42.63,701216
2024-03-13,601318.SH,42.37,42.89,42.3,42.45,360890
2024-03-14,601318.SH,42.51,42.64,42.02,42.48,398675
2024-03-17,601318.SH,42.35,42.66,42.07,42.56,416263
2024-03-18,601318.SH,42.4,42.4,41.8,41.83,486015
2024-03-19,601318.SH,41.75,42.05,41.68,41.92,283617
2024-03-20,601318.SH,42.09,42.43,41.81,42.03,414976
2024-03-21,601318.SH,41.03,41.13,40.25,40.56,1125504
2024-03-24,601318.SH,40.45,40.88,40.35,40.44,437601
2024-03-25,601318.SH,40.44,40.95,40.44,40.9,402991
2024-03-26,601318.SH,40.78,40.98,40.65,40.65,346190
2024-03-27,601318.SH,40.6,41.26,40.45,40.69,432340
2024-03-28,601318.SH,40.78,41.24,40.69,40.81,335122
2024-03-31,601318.SH,40.95,41.25,40.9,41.25,387063
2024-04-01,601318.SH,41.19,41.46,40.91,41,399966
2024-04-02,601318.SH,40.9,41.05,40.5,40.5,463640
2024-04-07,601318.SH,40.28,40.43,39.88,40.22,435902
2024-04-08,601318.SH,40.27,40.48,40.1,40.11,293924
2024-04-09,601318.SH,39.99,40.07,39.1,39.2,667545
2024-04-10,601318.SH,39.03,39.14,38.61,38.95,443214
2024-04-11,601318.SH,38.8,38.99,37.67,37.78,918947
2024-04-14,601318.SH,37.78,38.5,37.68,38.36,771609
2024-04-15,601318.SH,38.36,38.79,38.08,38.28,626747
2024-04-16,601318.SH,38.27,39.02,38.01,38.95,594585
2024-04-17,601318.SH,38.9,40.3,38.81,39.7,846089
2024-04-18,601318.SH,39.47,39.78,39.2,39.42,368395
2024-04-21,601318.SH,39.49,40.09,39.49,39.83,391228
2024-04-22,601318.SH,39.82,40.1,39.61,39.89,342653
2024-04-23,601318.SH,40.39,40.7,40.11,40.6,549964
2024-04-24,601318.SH,40.52,41.28,40.3,41.06,582178
2024-04-25,601318.SH,40.99,41.78,40.81,41.53,694276
2024-04-28,601318.SH,41.5,42.88,41.41,42.08,875455
2024-04-29,601318.SH,42.08,42.16,41.32,41.36,518190
2024-05-05,601318.SH,43.15,43.28,42.37,42.49,1062747
2024-05-06,601318.SH,42.5,42.79,42.19,42.59,528152
2024-05-07,601318.SH,42.45,42.7,41.88,41.95,447335
2024-05-08,601318.SH,41.87,42.58,41.86,42.34,413541
2024-05-09,601318.SH,42.6,43.18,42.52,42.93,677670
2024-05-12,601318.SH,42.51,42.89,42.17,42.65,493481
2024-05-13,601318.SH,42.65,42.8,42.15,42.31,396512
2024-05-14,601318.SH,42.28,42.3,41.66,41.84,399119
2024-05-15,601318.SH,42.2,43.39,41.96,43.05,934782
2024-05-16,601318.SH,43.6,45.2,43.45,45.2,1894580
2024-05-19,601318.SH,45.7,46.07,44.83,45.46,1479453
2024-05-20,601318.SH,45.08,45.54,45.02,45.4,551096
2024-05-21,601318.SH,45.3,46.05,45.15,45.4,751337
2024-05-22,601318.SH,44.92,45.17,44.52,44.78,635923
2024-05-23,601318.SH,44.55,44.8,43.86,43.89,541286
2024-05-26,601318.SH,44,44.39,43.88,44.1,412742
2024-05-27,601318.SH,44.16,44.35,43.62,43.76,421922
2024-05-28,601318.SH,43.59,44.13,43.36,43.47,439423
2024-05-29,601318.SH,43.31,43.66,42.9,43.15,393955
2024-05-30,601318.SH,43.4,44.1,43.06,43.07,482492
2024-06-02,601318.SH,42.99,43.46,42.61,43.13,446518
2024-06-03,601318.SH,43.08,43.51,43.01,43.27,398178
2024-06-04,601318.SH,43.26,43.28,42.94,43.08,361880
2024-06-05,601318.SH,43.2,43.33,42.37,42.45,542621
2024-06-06,601318.SH,42.6,42.78,42,42.12,421394
2024-06-10,601318.SH,41.91,42.19,41.6,41.83,422363
2024-06-11,601318.SH,41.83,41.9,41.36,41.4,398340
2024-06-12,601318.SH,41.58,41.66,41.19,41.3,320428
2024-06-13,601318.SH,41.19,42.19,41.16,41.87,635624
2024-06-16,601318.SH,41.6,41.83,41.38,41.58,384727
2024-06-17,601318.SH,41.7,42.05,41.57,41.73,353452
2024-06-18,601318.SH,41.74,42.19,41.61,42,410640
2024-06-19,601318.SH,41.99,42.07,41.51,41.51,364790
2024-06-20,601318.SH,41.49,41.82,41.32,41.67,385055
2024-06-23,601318.SH,41.53,42.05,41.22,41.8,445928
2024-06-24,601318.SH,41.79,42.12,41.44,41.55,382836
2024-06-25,601318.SH,41.48,41.82,41.29,41.65,265061
2024-06-26,601318.SH,41.51,41.64,41.25,41.42,367975
2024-06-27,601318.SH,41.35,41.9,41.26,41.36,399345
2024-06-30,601318.SH,41.41,41.67,40.64,41.62,474198
2024-07-01,601318.SH,41.41,42.75,41.4,42.17,568857
2024-07-02,601318.SH,42.18,42.43,41.91,42.27,295748
2024-07-03,601318.SH,42.26,42.56,41.96,41.98,324851
2024-07-04,601318.SH,41.95,42.26,40.98,41.12,526718
2024-07-07,601318.SH,40.9,41.36,40.68,40.84,339548
2024-07-08,601318.SH,40.83,41.59,40.46,41.52,381403
2024-07-09,601318.SH,41.07,41.93,41.07,41.86,361273
2024-07-10,601318.SH,42.27,42.49,41.91,41.94,375570
2024-07-11,601318.SH,42,42.86,42,42.68,495697
2024-07-14,601318.SH,42.6,42.98,42.48,42.53,354848
2024-07-15,601318.SH,42,42.11,40.68,41.19,939985
2024-07-16,601318.SH,41.25,42.42,41.25,42.29,778406
2024-07-17,601318.SH,42.19,42.64,41.96,42.37,513624
2024-07-18,601318.SH,42.37,43.15,42.2,43.03,610775
2024-07-21,601318.SH,43.1,43.22,42.64,43,440562
2024-07-22,601318.SH,42.96,43.23,42.78,42.79,459790
2024-07-23,601318.SH,42.8,43.03,42.35,42.56,386095
2024-07-24,601318.SH,42.49,42.82,42.23,42.57,440474
2024-07-25,601318.SH,41.15,41.7,40.75,41.09,510378
2024-07-28,601318.SH,41.08,41.63,41.01,41.32,305650
2024-07-29,601318.SH,41.28,41.45,41.06,41.33,296922
2024-07-30,601318.SH,41.34,42.6,41.25,42.56,580878
2024-07-31,601318.SH,42.42,42.85,42.26,42.51,325140
2024-08-01,601318.SH,42.23,42.41,41.7,41.82,331373
2024-08-04,601318.SH,41.7,42.54,41.69,42,430509
2024-08-05,601318.SH,42.37,42.48,40.64,40.9,634343
2024-08-06,601318.SH,40.92,41.11,40.68,40.7,299781
2024-08-07,601318.SH,40.75,41.15,40.41,40.82,236432
2024-08-08,601318.SH,40.99,41.24,40.61,40.61,261785
2024-08-11,601318.SH,40.53,40.73,40.31,40.62,152199
2024-08-12,601318.SH,40.62,40.81,40.51,40.78,166506
2024-08-13,601318.SH,40.81,40.94,40.49,40.49,206504
2024-08-14,601318.SH,40.51,41.67,40.22,41.32,534167
2024-08-15,601318.SH,41.32,41.75,41.25,41.61,269574
2024-08-18,601318.SH,41.61,42.17,41.59,42.07,287912
2024-08-19,601318.SH,42.15,42.17,41.7,41.92,293763
2024-08-20,601318.SH,41.98,42.08,41.41,41.97,236174
2024-08-21,601318.SH,41.96,42.25,41.64,41.71,304977
2024-08-22,601318.SH,42.04,43.46,41.93,43.35,994234
2024-08-25,601318.SH,43.46,43.64,43.05,43.35,475806
2024-08-26,601318.SH,43.28,43.55,42.96,43.15,339647
2024-08-27,601318.SH,43.24,43.38,42.93,43.19,348395
2024-08-28,601318.SH,43.18,43.56,42.46,42.62,476945
2024-08-29,601318.SH,42.71,44.53,42.71,44.03,1100006
2024-09-01,601318.SH,43.88,44.17,43.45,43.45,513171
2024-09-02,601318.SH,43.61,43.62,43.08,43.21,368220
2024-09-03,601318.SH,43.22,43.64,42.45,42.64,409949
2024-09-04,601318.SH,42.63,43.51,42.61,43.42,466511
2024-09-05,601318.SH,43.42,43.98,43.16,43.25,390258
2024-09-08,601318.SH,43.08,43.25,42.55,42.68,401725
2024-09-09,601318.SH,42.75,43.05,42.29,42.66,293656
2024-09-10,601318.SH,42.64,42.92,42.37,42.52,274074
2024-09-11,601318.SH,42.73,42.77,41.82,42.6,410839
2024-09-12,601318.SH,42.56,43.4,42.5,42.89,344396
2024-09-17,601318.SH,43,43.79,42.93,43.7,432638
2024-09-18,601318.SH,43.72,44.1,43.32,44.03,466500
2024-09-19,601318.SH,43.98,44.29,43.74,44.15,532924
2024-09-22,601318.SH,44.13,44.4,43.86,44.09,295240
2024-09-23,601318.SH,44.6,46.5,44.47,46.5,1208992
2024-09-24,601318.SH,47.6,48.2,47.25,47.36,1382985
2024-09-25,601318.SH,47.59,50.44,47.2,50.42,1637653
2024-09-26,601318.SH,51.9,52.16,50.7,51.9,1394877
2024-09-29,601318.SH,54.48,57.09,54.4,57.09,2621254
2024-10-07,601318.SH,62.8,62.8,59.1,61.73,3961043
2024-10-08,601318.SH,60,60,55.65,55.7,2855096
2024-10-09,601318.SH,56.63,60.59,56.31,58.5,2226730
2024-10-10,601318.SH,57.8,59.86,57.03,57.54,1312124
2024-10-13,601318.SH,58.39,59.24,57.55,58.67,1177738
2024-10-14,601318.SH,58.58,59.28,57.09,57.19,1027900
2024-10-15,601318.SH,56.78,57.83,56.61,57.38,855016
2024-10-16,601318.SH,57.9,58.8,56.97,57,783575
2024-10-17,601318.SH,56.08,58.35,54.75,57.18,1494662
2024-10-20,601318.SH,57.4,57.47,56.18,56.9,875313
2024-10-21,601318.SH,56.8,58.2,56.58,57.06,846011
2024-10-22,601318.SH,57.2,59.3,56.9,58.31,1191927
2024-10-23,601318.SH,57.9,58.48,57.63,58.1,512730
2024-10-24,601318.SH,58.01,58.48,57.56,57.7,539445
2024-10-27,601318.SH,57.78,58.06,57.08,57.5,578810
2024-10-28,601318.SH,57.5,58.46,57.44,57.63,620100
2024-10-29,601318.SH,57.49,57.91,55.68,55.97,907479
2024-10-30,601318.SH,55.96,56.8,55.4,55.92,757630
2024-10-31,601318.SH,56.15,57,56,56.15,650139
2024-11-03,601318.SH,56.17,56.97,55.93,56.97,530740
2024-11-04,601318.SH,56.82,58.88,56.28,58.75,1201144
2024-11-05,601318.SH,58.89,59.05,56.95,57.49,1262518
2024-11-06,601318.SH,57,61,56.9,60.84,1864263
2024-11-07,601318.SH,61.2,61.49,59.01,59.12,1322990
2024-11-10,601318.SH,58.13,58.52,57.52,58.4,917160
2024-11-11,601318.SH,58.4,58.97,56.88,57.01,962893
2024-11-12,601318.SH,56.7,57.5,56.62,57.19,618245
2024-11-13,601318.SH,57.19,58.09,56.9,57,663232
2024-11-14,601318.SH,56.9,57.48,55.8,55.8,780597
2024-11-17,601318.SH,56.1,57.16,55.38,55.76,684296
2024-11-18,601318.SH,56,56.12,55.1,55.61,528193
2024-11-19,601318.SH,55.62,55.8,55.2,55.46,469971
2024-11-20,601318.SH,55.49,55.67,55.12,55.49,410245
2024-11-21,601318.SH,55.47,55.47,53,53.03,1006808
2024-11-24,601318.SH,53,53.25,52.14,52.57,702698
2024-11-25,601318.SH,52.5,53.27,52.37,53.05,407618
2024-11-26,601318.SH,53.06,53.6,52.79,53.55,444464
2024-11-27,601318.SH,53.57,53.99,52.83,53.17,425502
2024-11-28,601318.SH,53.15,54.42,53.04,53.25,563571
2024-12-01,601318.SH,53.2,54.23,53.18,54.01,449606
2024-12-02,601318.SH,53.85,54.61,53.55,54.43,470058
2024-12-03,601318.SH,54.18,54.34,53.71,53.93,381887
2024-12-04,601318.SH,53.69,54.05,53.49,53.68,295889
2024-12-05,601318.SH,53.79,55.69,53.78,55.12,789837
2024-12-08,601318.SH,54.95,55.3,54.45,54.83,510463
2024-12-09,601318.SH,56.9,57.18,55.5,55.62,1000984
2024-12-10,601318.SH,55.61,55.93,54.88,54.9,504784
2024-12-11,601318.SH,54.96,55.85,54.7,55.58,526336
2024-12-12,601318.SH,55.2,55.21,53.68,53.74,887096
2024-12-15,601318.SH,53.71,53.99,52.93,53.12,658592
2024-12-16,601318.SH,52.9,53.47,52.74,53.01,537694
2024-12-17,601318.SH,53.33,53.68,52.88,52.94,504461
2024-12-18,601318.SH,52.6,52.94,52.35,52.89,405496
2024-12-19,601318.SH,52.89,53.23,52.52,52.62,461965
2024-12-22,601318.SH,52.62,53.48,52.62,53.1,555505
2024-12-23,601318.SH,53.08,53.83,53,53.78,495609
2024-12-24,601318.SH,53.81,54.31,53.57,53.9,417399
2024-12-25,601318.SH,53.89,53.94,53.36,53.45,379222
2024-12-26,601318.SH,53.45,53.75,52.71,53.27,537757
2024-12-29,601318.SH,53.22,53.9,53.21,53.9,533438
2024-12-30,601318.SH,53.79,54.02,52.65,52.65,677118
2025-01-01,601318.SH,52.7,52.73,50.39,50.71,948579
2025-01-02,601318.SH,51,51.09,50.08,50.3,551352
2025-01-05,601318.SH,50.55,50.62,49.83,50.34,413490
2025-01-06,601318.SH,50.19,50.36,49.81,50.17,392787
2025-01-07,601318.SH,50.18,50.58,49.55,50.3,510383
2025-01-08,601318.SH,50.26,50.41,49.8,49.81,400821
2025-01-09,601318.SH,49.82,50.08,48.9,48.95,522704
2025-01-12,601318.SH,48.48,48.8,48.1,48.59,511393
2025-01-13,601318.SH,48.59,49.58,48.5,49.36,615774
2025-01-14,601318.SH,49.25,49.66,48.91,49.11,458029
2025-01-15,601318.SH,49.3,49.75,48.93,49.25,415761
2025-01-16,601318.SH,49.1,49.57,48.77,49.38,460747
2025-01-19,601318.SH,49.72,50.3,49.66,49.81,491736
2025-01-20,601318.SH,50.2,50.39,49.66,49.9,409951
2025-01-21,601318.SH,49.72,49.92,48.85,48.95,530780
2025-01-22,601318.SH,49.82,51.45,49.78,50.37,969105
2025-01-23,601318.SH,50.18,51.37,50.1,50.86,616779
2025-01-26,601318.SH,51.03,51.62,50.81,50.85,524547
2025-02-04,601318.SH,50.98,51,49.67,49.72,583072
2025-02-05,601318.SH,49.73,50.5,49.68,50.25,415037
2025-02-06,601318.SH,50.18,51.44,49.84,50.88,725812
2025-02-09,601318.SH,50.89,51.36,50.8,50.9,431815
2025-02-10,601318.SH,51.2,51.24,50.37,50.52,381844
2025-02-11,601318.SH,50.52,51.12,50.18,51.08,446994
2025-02-12,601318.SH,50.92,51.78,50.81,51.02,590363
2025-02-13,601318.SH,50.99,51.86,50.8,51.7,599772
2025-02-16,601318.SH,51.83,52.38,51.41,51.84,625710
2025-02-17,601318.SH,51.67,52.18,51.2,51.31,650082
2025-02-18,601318.SH,51.19,51.83,51.02,51.45,464426
2025-02-19,601318.SH,51.23,51.31,50.66,50.78,515385
2025-02-20,601318.SH,50.99,51.5,50.46,51.2,668761
2025-02-23,601318.SH,51.2,52.48,51.05,52,835823
2025-02-24,601318.SH,51.5,52.1,50.85,50.98,642429
2025-02-25,601318.SH,51.1,51.78,51.03,51.62,536578
2025-02-26,601318.SH,51.78,51.8,51.12,51.62,547240
2025-02-27,601318.SH,51.4,51.65,50.38,50.38,805268
2025-03-02,601318.SH,50.55,50.82,50.06,50.33,423161
2025-03-03,601318.SH,50.08,50.29,50,50.08,372432
2025-03-04,601318.SH,50.18,50.55,50.01,50.38,455072
2025-03-05,601318.SH,50.77,51.93,50.53,51.64,1045821
2025-03-06,601318.SH,51.6,51.84,51.32,51.5,481479
2025-03-09,601318.SH,51.51,51.66,50.78,51.25,611283
2025-03-10,601318.SH,50.71,51.5,50.6,51.5,529147
2025-03-11,601318.SH,51.5,51.6,51.01,51.15,470578
2025-03-12,601318.SH,51.15,51.55,50.93,51.14,411448
2025-03-13,601318.SH,51.33,53.89,51.21,53.47,1502449
2025-03-16,601318.SH,53.47,53.62,53.1,53.38,605172
2025-03-17,601318.SH,53.7,54.19,53.64,53.76,587740
2025-03-18,601318.SH,53.68,54.3,53.57,54.07,509874
2025-03-19,601318.SH,54.05,54.06,52.23,52.49,1140723
2025-03-20,601318.SH,52.4,52.66,51.68,51.75,795715
2025-03-23,601318.SH,51.82,52.28,51.82,52.13,508657
2025-03-24,601318.SH,52.15,52.21,51.82,51.96,344402
2025-03-25,601318.SH,51.98,52.09,51.72,51.72,403995
2025-03-26,601318.SH,51.71,52.45,51.53,52.06,432169
2025-03-27,601318.SH,52.2,52.37,51.85,51.96,353664
2025-03-30,601318.SH,51.9,52.25,51.39,51.63,468390
2025-03-31,601318.SH,51.6,51.86,51.41,51.62,394321
2025-04-01,601318.SH,51.58,51.96,51.53,51.86,283274
2025-04-02,601318.SH,51.39,52,51.38,51.48,373348
2025-04-06,601318.SH,49.3,49.77,47,48.56,1727558
2025-04-07,601318.SH,48.55,49.26,48.1,49.26,1117530
2025-04-08,601318.SH,48.8,49.25,48.36,48.93,737907
2025-04-09,601318.SH,49.36,49.8,49.21,49.48,657915
2025-04-10,601318.SH,49.48,49.54,48.98,49.35,450121
2025-04-13,601318.SH,49.6,49.85,49.44,49.48,387484
2025-04-14,601318.SH,49.48,49.97,49.26,49.83,407762
2025-04-15,601318.SH,49.72,50.17,49.4,49.88,467924
2025-04-16,601318.SH,49.69,50.28,49.58,50.16,377043
2025-04-17,601318.SH,50.05,50.66,49.95,50.44,338811
2025-04-20,601318.SH,50.4,50.61,50.2,50.28,263784
2025-04-21,601318.SH,50.2,50.79,50.12,50.57,355098
2025-04-22,601318.SH,50.76,50.95,50.46,50.7,298773
2025-04-23,601318.SH,50.7,51.48,50.7,51.22,423839
2025-04-24,601318.SH,51.24,51.59,51.22,51.33,368499
2025-04-27,601318.SH,50.42,51.34,50.03,51.21,518666
2025-04-28,601318.SH,51.17,51.64,50.86,51,337540
2025-04-29,601318.SH,51.1,51.55,50.68,50.71,377944
2025-05-05,601318.SH,51,51.15,50.55,50.8,391512
2025-05-06,601318.SH,51.42,51.63,51.03,51.18,420640
2025-05-07,601318.SH,51.01,52.35,50.9,51.96,671350
2025-05-08,601318.SH,51.91,52.16,51.75,51.75,290709
2025-05-11,601318.SH,52.23,52.75,52,52.6,577372
2025-05-12,601318.SH,52.79,52.79,52.25,52.46,403920
2025-05-13,601318.SH,52.45,55.18,52.34,54.69,1577230
2025-05-14,601318.SH,54.39,54.8,54.1,54.25,569303
2025-05-15,601318.SH,54.05,54.44,53.38,53.39,466130
2025-05-18,601318.SH,53.29,53.73,53.2,53.3,324266
2025-05-19,601318.SH,53.45,54.18,53.4,53.68,352669
2025-05-20,601318.SH,53.7,54.4,53.7,53.85,333066
2025-05-21,601318.SH,53.76,53.99,53.53,53.84,240658
2025-05-22,601318.SH,53.81,54.46,53.17,53.23,430491
2025-05-25,601318.SH,53.16,54.15,53,53.4,388130
2025-05-26,601318.SH,53.4,53.86,53.3,53.4,255725
2025-05-27,601318.SH,53.4,53.69,53.12,53.29,261698
2025-05-28,601318.SH,53.3,53.83,53.09,53.52,348683
2025-05-29,601318.SH,53.37,53.69,52.85,53.28,417239
2025-06-02,601318.SH,53.21,54.11,53,53.85,453738
2025-06-03,601318.SH,53.61,54.15,53.61,53.76,430897
2025-06-04,601318.SH,53.77,54.18,53.66,53.99,419100
2025-06-05,601318.SH,54,54.12,53.35,53.41,408553
2025-06-08,601318.SH,53.55,53.94,53.5,53.72,397887
2025-06-09,601318.SH,53.71,54.1,53.31,53.43,467079
2025-06-10,601318.SH,53.4,54.65,53.4,54.46,681830
2025-06-11,601318.SH,54.3,55.33,54.03,54.81,589999
2025-06-12,601318.SH,54.83,54.9,54.28,54.48,480229
2025-06-15,601318.SH,54.33,54.58,54.06,54.32,496771
2025-06-16,601318.SH,54.3,54.51,53.94,54.23,506289
2025-06-17,601318.SH,54.18,54.28,53.3,53.81,469364
2025-06-18,601318.SH,53.69,53.8,53.12,53.2,401881
2025-06-19,601318.SH,53.19,54.86,53.19,54.74,847430
2025-06-22,601318.SH,54.5,55.25,54.26,55.1,614705
2025-06-23,601318.SH,55.21,56.97,55.2,56.79,1040798
2025-06-24,601318.SH,56.8,58,56.58,57.88,1046131
2025-06-25,601318.SH,57.79,58.08,57.47,57.58,500740
2025-06-26,601318.SH,57.58,58.13,56.61,56.96,667632
2025-06-29,601318.SH,55.5,55.95,55.13,55.48,564782
2025-06-30,601318.SH,55.66,55.89,55.3,55.7,352746
2025-07-01,601318.SH,55.7,56.01,55.35,55.81,395629
2025-07-02,601318.SH,55.9,56.2,55.66,55.8,325101
2025-07-03,601318.SH,55.7,57.39,55.43,56.57,654544
2025-07-06,601318.SH,56.59,56.8,56.06,56.43,321763
2025-07-07,601318.SH,56.4,56.78,56.11,56.45,343460
2025-07-08,601318.SH,56.45,56.78,55.88,55.9,395463
2025-07-09,601318.SH,55.9,57.58,55.81,57.13,828882
2025-07-10,601318.SH,57,59.02,56.96,57.71,1076429
2025-07-13,601318.SH,57.69,58.24,57.57,57.57,449058
2025-07-14,601318.SH,57.75,57.96,56.98,57.1,441726
2025-07-15,601318.SH,57.17,57.24,56.21,56.83,481825
2025-07-16,601318.SH,56.7,57.06,56.68,56.81,277123
2025-07-17,601318.SH,56.95,57.45,56.86,57.07,436240
2025-07-20,601318.SH,57.15,57.75,56.9,57.19,466733
2025-07-21,601318.SH,57.19,57.2,56.1,56.7,695203
2025-07-22,601318.SH,56.84,58.38,56.81,58,869407
2025-07-23,601318.SH,57.97,59,57.71,58.64,707737
2025-07-24,601318.SH,58.3,58.55,57.82,58.08,508335
2025-07-27,601318.SH,58.2,60.2,58.2,60.09,1221217
2025-07-28,601318.SH,60.06,60.28,59.37,59.49,566092
2025-07-29,601318.SH,59.48,61.33,59.35,60.71,921993
2025-07-30,601318.SH,60.41,60.5,58.38,58.69,827601
2025-07-31,601318.SH,58.68,59.06,58.08,58.2,488786
2025-08-03,601318.SH,58.1,58.34,57.85,58.21,360078
2025-08-04,601318.SH,58.3,59.41,58.2,59.14,482956
2025-08-05,601318.SH,59.14,59.64,58.82,59.06,324469
2025-08-06,601318.SH,59.11,59.46,58.53,58.88,327972
2025-08-07,601318.SH,58.88,58.9,58.22,58.54,397933
2025-08-10,601318.SH,58.77,59.14,58.47,58.47,431869
2025-08-11,601318.SH,58.47,59.07,58.47,58.75,426985
2025-08-12,601318.SH,58.92,59.4,58.46,58.61,728453
2025-08-13,601318.SH,58.8,60.6,58.77,59.62,1022768
2025-08-14,601318.SH,59.6,60.45,59,59.8,892968
2025-08-17,601318.SH,59.92,60.35,59.34,59.34,957263
2025-08-18,601318.SH,59.77,60.18,58.08,58.2,954810
2025-08-19,601318.SH,58.09,59.2,57.69,59.2,762725
2025-08-20,601318.SH,59.2,59.96,58.91,59.62,574601
2025-08-21,601318.SH,59.51,60.51,59.44,60.5,780974
2025-08-24,601318.SH,60.6,61.05,60.11,61,670113
2025-08-25,601318.SH,60.9,61,60.45,60.52,491986
2025-08-26,601318.SH,60.38,60.45,58.69,58.69,1064558
2025-08-27,601318.SH,58.75,59.12,58.31,58.84,636105
2025-08-28,601318.SH,58.95,61.1,58.94,59.88,1080309
2025-08-31,601318.SH,59.79,59.79,58.33,58.51,948525
2025-09-01,601318.SH,58.5,58.8,58.22,58.66,649036
2025-09-02,601318.SH,58.94,59.1,57.36,57.78,714746
2025-09-03,601318.SH,57.77,57.97,57.06,57.5,727436
2025-09-04,601318.SH,57.5,58.06,57.03,57.9,558184
2025-09-07,601318.SH,57.76,58.04,57.32,57.7,487733
2025-09-08,601318.SH,57.76,58.29,57.55,58,518911
2025-09-09,601318.SH,57.77,58.16,57.62,57.87,308470
2025-09-10,601318.SH,57.9,58.69,57.6,58.69,595072
2025-09-11,601318.SH,58.98,59.2,57.5,57.68,735376
2025-09-14,601318.SH,57.65,57.99,57.09,57.33,546842
2025-09-15,601318.SH,57.35,57.45,56.5,56.62,685714
2025-09-16,601318.SH,56.66,56.97,56.45,56.57,684652
2025-09-17,601318.SH,56.64,56.67,55.11,55.28,1012074
2025-09-18,601318.SH,55.29,56,55,55.1,543321
2025-09-21,601318.SH,55.37,55.65,55,55.15,374438
2025-09-22,601318.SH,55.03,55.79,54.74,55.02,612961
2025-09-23,601318.SH,55.29,55.75,54.95,55.29,503174
2025-09-24,601318.SH,55.28,55.39,55.03,55.09,514296
2025-09-25,601318.SH,55.02,55.55,54.66,55.22,548622
2025-09-28,601318.SH,55.18,57.32,55.03,56.01,1035110
2025-09-29,601318.SH,55.8,56.2,55,55.11,767082
2025-10-08,601318.SH,55.04,55.28,54.25,55.04,824067
2025-10-09,601318.SH,54.73,55.97,54.73,55.54,641465
2025-10-12,601318.SH,54.51,55.33,54.51,55.1,609656
2025-10-13,601318.SH,55.58,56.68,55.52,56.48,1022940
2025-10-14,601318.SH,56.48,57.97,56.3,57.81,837046
2025-10-15,601318.SH,57.68,58.58,57.61,58.02,681478
2025-10-16,601318.SH,58,58.48,57.17,57.28,677493
2025-10-19,601318.SH,58.33,58.57,57.45,57.9,526695
2025-10-20,601318.SH,57.93,58.92,57.93,58.08,762200
2025-10-21,601318.SH,58,58.5,57.93,58.21,379893
2025-10-22,601318.SH,58.22,58.87,58.09,58.75,503501
2025-10-23,601318.SH,58.14,58.49,57.75,57.88,558242
2025-10-26,601318.SH,58,58.39,57.5,57.75,685004
2025-10-27,601318.SH,57.79,58.23,57.62,57.76,491305
2025-10-28,601318.SH,58.6,59.7,58.49,58.95,1044432
2025-10-29,601318.SH,59.3,60.1,58.58,58.65,745713
2025-10-30,601318.SH,58.99,58.99,57.8,57.83,572542
2025-11-02,601318.SH,58.27,58.7,57.86,58.31,411430
2025-11-03,601318.SH,58.35,59.13,58.2,58.94,518126
2025-11-04,601318.SH,58.4,58.84,57.92,58.32,402158
2025-11-05,601318.SH,58.35,59.28,58.34,58.9,547346
2025-11-06,601318.SH,58.78,59.15,58.66,58.89,371910
2025-11-09,601318.SH,58.85,59.4,58.44,59.3,529487
2025-11-10,601318.SH,59.3,59.5,58.81,59.2,362504
2025-11-11,601318.SH,59.3,60.79,59.3,60.03,1490246
2025-11-12,601318.SH,60.29,61.38,60.29,60.88,890187
2025-11-13,601318.SH,60.85,62.27,60.65,60.65,752741
2025-11-16,601318.SH,60.69,61,59.46,59.83,560197
2025-11-17,601318.SH,59.67,60.15,59.48,59.62,445712
2025-11-18,601318.SH,59.8,61.12,59.71,60.37,705865
2025-11-19,601318.SH,60.6,61.15,60.03,60.2,394491
2025-11-20,601318.SH,60,60.1,58.88,58.91,685580
2025-11-23,601318.SH,59.16,59.2,58.35,58.4,534709
2025-11-24,601318.SH,58.68,59.82,58.23,59.47,487771
2025-11-25,601318.SH,59.66,60.22,59.32,59.78,434693
2025-11-26,601318.SH,59.5,59.73,58.7,59.34,505701
2025-11-27,601318.SH,59.21,59.29,58.51,58.99,433558
2025-11-30,601318.SH,58.91,59.18,58.41,58.63,445804
2025-12-01,601318.SH,58.8,59.4,58.45,58.8,373837
2025-12-02,601318.SH,58.75,59.02,58.15,58.35,335494
2025-12-03,601318.SH,58.35,58.55,58.21,58.55,217664
2025-12-04,601318.SH,58.65,62.2,58.55,61.99,1377948
2025-12-07,601318.SH,62.04,63.8,62,63.4,1029979
2025-12-08,601318.SH,63.4,63.69,62.42,62.45,483731
2025-12-09,601318.SH,62.66,63.06,62.13,62.55,448822
2025-12-10,601318.SH,62.8,63.36,62.17,62.53,477963
2025-12-11,601318.SH,62.56,64.09,62.41,63.91,1091760
2025-12-14,601318.SH,63.68,67.44,63.52,67.08,1546643
2025-12-15,601318.SH,66.71,68.11,66.16,67,1056821
2025-12-16,601318.SH,67.05,68.63,66.65,68.05,962118
2025-12-17,601318.SH,67.88,68.58,67.59,68.5,563606
2025-12-18,601318.SH,68.15,68.78,67.6,68.75,638476
2025-12-21,601318.SH,68.7,69.27,68.2,68.54,556942
2025-12-22,601318.SH,68.56,70.24,68.35,69.49,765720
2025-12-23,601318.SH,69.17,69.38,68.35,69.03,511320
2025-12-24,601318.SH,69,71.98,68.98,70.8,777898
2025-12-25,601318.SH,70.44,71.96,70.43,71.16,657017
2025-12-28,601318.SH,71,71.66,69.79,69.88,655665
2025-12-29,601318.SH,69.75,70.23,68.39,68.8,1046674
2025-12-30,601318.SH,68.78,69.23,68.15,68.4,458069
2026-01-04,601318.SH,69.2,73,69.2,72.36,1228831
2026-01-05,601318.SH,72.4,74.88,72.4,74.32,1468516
2026-01-06,601318.SH,73.89,74.7,73.29,73.45,919695
2026-01-07,601318.SH,73.37,73.4,69.66,70.38,1685392
2026-01-08,601318.SH,70.6,71.28,68.24,69,2063348
2026-01-11,601318.SH,68.9,69,67.22,67.55,1851661
2026-01-12,601318.SH,67.8,69.98,67.78,68.2,1502151
2026-01-13,601318.SH,68.35,68.93,66.82,67,1431109
2026-01-14,601318.SH,66.9,68.38,66.69,67.41,1066614
2026-01-15,601318.SH,67.6,67.94,65.8,66.33,1356100
2026-01-18,601318.SH,66.28,66.95,65.91,66.3,838681
2026-01-19,601318.SH,66.35,67.77,66.11,66.6,988500
2026-01-20,601318.SH,66.64,67.18,65.65,65.85,935402
2026-01-21,601318.SH,66.13,66.58,64.52,64.8,1143922
2026-01-22,601318.SH,65.2,65.48,63.66,63.9,1407699
2026-01-25,601318.SH,64,66.25,63.77,64.14,2013846
2026-01-26,601318.SH,64.31,66.35,64.27,65.31,1508841
2026-01-27,601318.SH,65.87,66.05,64.43,64.75,1992854
2026-01-28,601318.SH,65.03,68.03,64.53,68,2755713
2026-01-29,601318.SH,68.01,68.69,66.39,66.75,1603228
2026-02-01,601318.SH,66.35,68.33,65.73,66.02,1354549
2026-02-02,601318.SH,66.9,67.4,65.62,66.58,1033225
2026-02-03,601318.SH,66.45,67.45,66.23,67.4,877403
2026-02-04,601318.SH,67.17,67.99,66.16,67.35,908191
2026-02-05,601318.SH,66.88,67.61,66.42,66.9,749275
2026-02-08,601318.SH,67.45,69.1,67.11,68.7,1021237
2026-02-09,601318.SH,68.71,68.8,67.8,68.19,548735
2026-02-10,601318.SH,68.25,68.68,67.06,67.5,618032
2026-02-11,601318.SH,67.6,67.68,66.35,66.54,646372
2026-02-12,601318.SH,66.15,66.35,65.06,65.29,840772
2026-02-23,601318.SH,65.77,66.25,64.37,64.5,800053
2026-02-24,601318.SH,64.7,65.74,64.7,65.05,683556
2026-02-25,601318.SH,65.5,65.53,63.29,63.5,1036146
2026-02-26,601318.SH,63.6,63.74,63.06,63.09,633012
2026-03-01,601318.SH,62.41,63.11,61.7,62.35,1010862
2026-03-02,601318.SH,62.45,63.72,61.93,62.57,1095535
2026-03-03,601318.SH,62.2,62.56,60.65,61.79,1008134
2026-03-04,601318.SH,62.01,62.72,61.8,62.08,546365
2026-03-05,601318.SH,61.79,63.35,61.66,62.67,574633
2026-03-08,601318.SH,61.44,61.52,60.01,61.4,930368
2026-03-09,601318.SH,61.86,62.38,61.72,62.09,462184
2026-03-10,601318.SH,62.09,62.91,61.8,62.55,517270
2026-03-11,601318.SH,62.15,62.43,61.22,61.6,668542
2026-03-12,601318.SH,61.37,61.87,61.08,61.2,458041
2026-03-15,601318.SH,61.2,61.36,60.1,60.48,818596
2026-03-16,601318.SH,60.59,62.8,60.58,61.84,901850
2026-03-17,601318.SH,61.87,62.32,61.5,61.89,490471
2026-03-18,601318.SH,61.2,61.29,60.4,60.62,684722
2026-03-19,601318.SH,60.8,60.9,59.7,59.74,620767
2026-03-22,601318.SH,58.9,59,57.24,57.47,1253823
2026-03-23,601318.SH,58,58.34,57.5,58.12,681870
2026-03-24,601318.SH,58.5,59.36,58.42,58.79,562389
2026-03-25,601318.SH,58.78,58.78,56.53,56.8,1011896
2026-03-26,601318.SH,56.86,57.39,56.42,56.95,834379
2026-03-29,601318.SH,56.34,56.55,55.84,56.33,737544
2026-03-30,601318.SH,56.29,57.69,56.21,56.78,764114
2026-03-31,601318.SH,57.58,58.29,57.54,58.18,684035
2026-04-01,601318.SH,58,58,57.16,57.26,459794
2026-04-02,601318.SH,57.58,57.77,57.24,57.25,343678
2026-04-06,601318.SH,57.3,57.55,56.41,56.69,503858
2026-04-07,601318.SH,58,59.65,58,59.45,1121527
2026-04-08,601318.SH,59,59,58.3,58.74,570201
2026-04-09,601318.SH,59,59.84,58.78,58.82,637912
2026-04-12,601318.SH,58.2,58.21,57.61,57.75,684544
2026-04-13,601318.SH,58.23,59.2,58.13,58.97,675142
2026-04-14,601318.SH,59.4,59.72,58.61,58.7,513713
2026-04-15,601318.SH,58.71,59.03,58.25,58.52,544368
2026-04-16,601318.SH,58.4,58.4,57.61,57.92,612324
2026-04-19,601318.SH,57.87,58.67,57.74,58.54,633437
2026-04-20,601318.SH,58.54,59.11,58.03,58.03,544020
2026-04-21,601318.SH,58.03,58.6,57.65,58.03,579570
2026-04-22,601318.SH,57.98,58.58,57.53,57.88,661174
2026-04-23,601318.SH,57.71,57.97,57.06,57.78,554002
2026-04-26,601318.SH,57.8,58.55,57.46,57.55,640671
2026-04-27,601318.SH,57.47,58.11,57.2,57.63,624602
2026-04-28,601318.SH,57.62,59.59,57.59,59.43,1609315
2026-04-29,601318.SH,59.12,60.6,59.12,59.37,1063010
2026-05-05,601318.SH,59.38,59.84,59.05,59.36,905083
2026-05-06,601318.SH,59.6,61.11,59.6,60.04,1313748
2026-05-07,601318.SH,59.9,60.26,59.74,60.06,732049
2026-05-10,601318.SH,59.78,60.55,59.26,60.1,961991
2026-05-11,601318.SH,60.1,60.5,59.25,59.4,690007
2026-05-12,601318.SH,59.32,59.62,57.63,58.04,1034345
2026-05-13,601318.SH,58.26,58.52,56.85,56.9,907187
2026-05-14,601318.SH,56.98,57.14,55.29,55.5,1181904
2026-05-17,601318.SH,55.4,55.46,54.4,54.89,810415
2026-05-18,601318.SH,55.01,55.21,54.12,54.48,839122
2026-05-19,601318.SH,54.4,54.4,53.83,54.11,743889
2026-05-20,601318.SH,54.45,55.33,53.68,53.76,1035931
2026-05-21,601318.SH,54.11,54.2,53.47,53.68,669699
2026-05-24,601318.SH,53.83,54.98,53.58,54.22,867977
2026-05-25,601318.SH,54.15,55.1,53.89,54.27,910010
2026-05-26,601318.SH,54.28,54.29,53.06,53.27,862011
2026-05-27,601318.SH,53.26,53.4,52.15,52.47,875600
2026-05-28,601318.SH,52.59,53.68,52.51,53.5,1000113
2026-05-31,601318.SH,53.49,54.1,53.15,53.85,775307
2026-06-01,601318.SH,53.86,54.55,53.62,54.08,784941
2026-06-02,601318.SH,54.06,54.2,53.5,53.7,625066
2026-06-03,601318.SH,53.61,54.08,53.04,53.23,576226
2026-06-04,601318.SH,53.3,54.58,53.24,53.48,937165
2026-06-07,601318.SH,53.06,53.96,52.9,53.38,720540
2026-06-08,601318.SH,53.18,54.05,53.15,53.93,710030
2026-06-09,601318.SH,52.25,53.48,52.1,53.22,903235
2026-06-10,601318.SH,53.22,53.97,52.35,52.64,647641
2026-06-11,601318.SH,52.46,54.24,52.11,54.01,1102953
2026-06-14,601318.SH,54.3,55.96,53.8,54.23,1010577
2026-06-15,601318.SH,53.99,54.09,52.75,52.99,812508
2026-06-16,601318.SH,53.24,53.34,52.5,52.76,653906
2026-06-17,601318.SH,52.59,52.64,49.37,49.38,2178321
2026-06-21,601318.SH,49.39,52.29,48.66,51.98,1724972
2026-06-22,601318.SH,51.46,52.43,50.11,50.4,1220116
2026-06-23,601318.SH,50.69,50.88,49.03,49.12,1094158
2026-06-24,601318.SH,48.75,50.46,48.56,49.3,1214523
2026-06-25,601318.SH,49.29,49.49,47.2,47.23,1426441
2026-06-28,601318.SH,47.3,48.87,46.9,48.6,1089609
2026-06-29,601318.SH,48.3,48.94,47.35,47.74,949813
2026-06-30,601318.SH,47.6,50.09,47.19,49.53,1386217
2026-07-01,601318.SH,49.35,50.2,48.8,48.92,920130
2026-07-02,601318.SH,49.5,49.78,48.31,49.09,803331
2026-07-05,601318.SH,49.05,50.2,48.81,50.1,944956
2026-07-06,601318.SH,49.93,50.22,49.17,49.29,697675
2026-07-07,601318.SH,49.36,49.8,48.96,49.54,540995
2026-07-08,601318.SH,49.26,49.61,48.91,49.49,662369
2026-07-09,601318.SH,49.47,49.97,48.97,49.48,764946
2026-07-12,601318.SH,49.36,49.73,49.11,49.53,716524
2026-07-13,601318.SH,49.5,49.76,48.5,49.6,979873
2026-07-14,601318.SH,49.58,51.2,49.45,50.95,1286694
2026-07-15,601318.SH,50.7,51.29,50.24,50.67,812799
2026-07-16,601318.SH,50.66,51.45,50.58,50.7,1072327
2026-07-19,601318.SH,50.72,53.27,50.71,53.23,1754451
2026-07-20,601318.SH,53.68,54.65,52.51,52.89,1599795
2026-07-21,601318.SH,52.44,53.98,52.01,53.95,1074273
2026-07-22,601318.SH,53.8,54.59,53.45,54.3,739547
2026-07-23,601318.SH,54.58,54.6,53.6,54.02,852622
2026-07-26,601318.SH,54.27,54.27,53.03,53.41,651424
2026-07-27,601318.SH,53.6,54.2,53.1,54.2,660820
2026-07-28,601318.SH,54.47,54.7,53.71,54.3,871119
2026-07-29,601318.SH,54.06,55.8,54.06,55.8,1058458
2026-07-30,601318.SH,54.91,55.03,54.2,54.9,1055130
2026-08-02,601318.SH,54.8,55.58,54.7,55.55,754694
2026-08-03,601318.SH,55.35,55.39,53.88,53.93,915895
2026-08-04,601318.SH,53.94,54.24,53.15,54.02,733965
2026-08-05,601318.SH,54,54.21,53.16,53.5,661675
2026-08-06,601318.SH,53.49,53.68,53.17,53.38,498638
2026-08-09,601318.SH,53.28,53.66,53.2,53.32,595323
2026-08-10,601318.SH,53.3,53.44,52.5,52.55,646895
2026-08-11,601318.SH,52.5,52.92,52.21,52.6,532104
2026-08-12,601318.SH,52.49,52.98,52.31,52.8,524006
2026-08-13,601318.SH,52.67,52.77,51.75,51.75,642788
2026-08-16,601318.SH,51.75,51.99,51.51,51.8,502143
2026-08-17,601318.SH,51.8,51.84,51.17,51.32,579000
2026-08-18,601318.SH,51.66,52.08,51.28,52.08,789826
2026-08-19,601318.SH,51.85,52.15,51.6,52.14,495295
2026-08-20,601318.SH,53.01,53.59,52.8,53.35,1115990
2026-08-23,601318.SH,53.34,55.22,53.3,54.92,1307614
2026-08-24,601318.SH,55.06,55.42,54.65,55.01,739290
2026-08-25,601318.SH,54.87,56.38,54.66,56.13,1053437
2026-08-26,601318.SH,55.88,56.13,55.45,55.87,646568
2026-08-27,601318.SH,55.76,55.96,55.26,55.85,497474
2026-08-30,601318.SH,55.92,56.17,55.68,55.82,545928
2026-08-31,601318.SH,55.78,57.44,55.41,57.23,1080897
2026-09-01,601318.SH,57.11,57.48,56.47,56.63,600534
2026-09-02,601318.SH,56.6,58.58,56.5,58,1087120
2026-09-03,601318.SH,57.88,58.99,57.88,58.24,783552
2026-09-06,601318.SH,58.24,58.45,56.18,56.36,1117289
2026-09-07,601318.SH,56,56.8,55.68,55.7,700768
2026-09-08,601318.SH,55.7,56.57,55.57,56.26,524222
2026-09-09,601318.SH,55.5,55.74,55.05,55.52,444353
2026-09-10,601318.SH,55.4,55.47,54.35,54.83,602246
2026-09-13,601318.SH,54.78,55.35,54.29,54.73,486235
2026-09-14,601318.SH,54.9,54.92,53.76,53.9,494594
2026-09-15,601318.SH,53.89,54.16,53.1,53.51,560308
2026-09-16,601318.SH,53.4,53.7,53.16,53.35,393564
2026-09-17,601318.SH,53.32,53.8,53.03,53.37,611667
2026-09-20,601318.SH,53.3,54,52.88,53.98,590786
2026-09-21,601318.SH,53.98,54.51,53.56,54.46,579117
2026-09-22,601318.SH,54.35,54.47,53.85,53.87,396792
2026-09-23,601318.SH,53.8,53.92,53.15,53.25,540459
2026-09-27,601318.SH,53.09,53.4,52.19,52.4,711945
2026-09-28,601318.SH,52.47,52.74,52.22,52.5,430801
2026-09-29,601318.SH,52.68,53.49,52.41,53.29,558842
2022-08-16,600988.SH,21.85,21.85,20.52,21.27,499791
2022-08-17,600988.SH,21.19,21.2,20.4,20.53,439474
2022-08-18,600988.SH,20.49,20.6,19.92,20.04,370193
2022-08-21,600988.SH,20.04,20.8,19.78,20.68,406359
2022-08-22,600988.SH,20.57,20.8,19.72,20,413902
2022-08-23,600988.SH,20.23,20.56,20,20.09,416629
2022-08-24,600988.SH,20.1,21.29,20.1,21.06,535188
2022-08-25,600988.SH,20.85,21.35,20.79,20.86,360407
2022-08-28,600988.SH,20.27,20.83,20.02,20.5,351888
2022-08-29,600988.SH,20.68,20.86,20.2,20.38,192179
2022-08-30,600988.SH,20.27,20.59,19.38,19.48,371756
2022-08-31,600988.SH,19.44,19.69,19.1,19.42,274696
2022-09-01,600988.SH,19.41,19.47,19.1,19.3,182447
2022-09-04,600988.SH,19.37,20.2,19.31,19.98,246118
2022-09-05,600988.SH,20.38,21.08,20.1,21,281772
2022-09-06,600988.SH,20.51,20.91,20.46,20.74,192879
2022-09-07,600988.SH,21.1,21.66,20.65,21.26,389713
2022-09-08,600988.SH,21.25,21.82,21.05,21.5,295208
2022-09-12,600988.SH,21.88,23.3,21.82,22.75,533438
2022-09-13,600988.SH,22.18,22.69,22.02,22.48,333758
2022-09-14,600988.SH,22.49,22.75,21.22,21.65,413575
2022-09-15,600988.SH,21.33,21.6,20.8,21.09,309151
2022-09-18,600988.SH,21.04,21.25,20.5,20.78,239167
2022-09-19,600988.SH,21.02,21.55,20.58,21.25,251867
2022-09-20,600988.SH,21,21.98,20.7,21.8,360330
2022-09-21,600988.SH,21.48,22.19,21.08,21.6,437687
2022-09-22,600988.SH,21.99,22.2,21.3,21.54,254139
2022-09-25,600988.SH,20.93,21.22,20.29,20.38,492353
2022-09-26,600988.SH,20.49,20.56,19.79,20.31,342137
2022-09-27,600988.SH,20.27,20.5,19.6,19.67,233673
2022-09-28,600988.SH,20.4,21.14,20.11,20.17,341838
2022-09-29,600988.SH,20.47,20.7,19.91,20.28,253177
2022-10-09,600988.SH,20.75,20.78,20.01,20.14,399569
2022-10-10,600988.SH,20,20.38,19.68,20.19,205704
2022-10-11,600988.SH,20.17,21.1,20.06,21,335921
2022-10-12,600988.SH,20.89,20.9,20.02,20.1,282628
2022-10-13,600988.SH,20.11,20.5,19.91,20.29,248201
2022-10-16,600988.SH,19.91,20.2,19.86,20,201705
2022-10-17,600988.SH,19.9,19.9,19.07,19.4,578619
2022-10-18,600988.SH,19.4,19.41,18.27,18.42,544107
2022-10-19,600988.SH,18.07,18.69,17.84,18.27,351978
2022-10-20,600988.SH,18.2,18.26,17.68,17.73,334467
2022-10-23,600988.SH,18.14,19.04,18.04,18.84,540402
2022-10-24,600988.SH,18.61,19.18,18.2,18.41,457929
2022-10-25,600988.SH,18.51,18.73,17.91,18.51,438221
2022-10-26,600988.SH,18.62,19.5,18.62,19.32,574117
2022-10-27,600988.SH,19.13,20.97,19.04,20.43,786978
2022-10-30,600988.SH,18.39,19.08,18.39,18.82,1075271
2022-10-31,600988.SH,18.61,19.61,18.47,19.38,534702
2022-11-01,600988.SH,19.4,20.36,19.34,19.9,420738
2022-11-02,600988.SH,19.6,19.93,19.07,19.36,393527
2022-11-03,600988.SH,19.3,19.49,18.95,19.45,359929
2022-11-06,600988.SH,20.04,20.4,19.88,20.28,517338
2022-11-07,600988.SH,20.1,20.89,19.86,20.01,380708
2022-11-08,600988.SH,21.01,21.67,20.01,20.1,893000
2022-11-09,600988.SH,19.69,20.67,19.61,20.35,633468
2022-11-10,600988.SH,22,22.19,20.8,21.18,864853
2022-11-13,600988.SH,21.05,21.22,20.25,20.51,449156
2022-11-14,600988.SH,20.35,20.44,19.7,20.03,501379
2022-11-15,600988.SH,20.07,20.2,19.59,19.9,607033
2022-11-16,600988.SH,19.72,19.77,18.95,19.18,485455
2022-11-17,600988.SH,19.15,19.19,18.91,19.12,268855
2022-11-20,600988.SH,18.93,19.5,18.7,19.48,281568
2022-11-21,600988.SH,19.47,19.5,19.21,19.3,178145
2022-11-22,600988.SH,19.19,19.62,19,19.17,222060
2022-11-23,600988.SH,19.4,20.47,19.4,20.24,517076
2022-11-24,600988.SH,20.04,21.43,20.01,20.81,556955
2022-11-27,600988.SH,20.7,21.3,20.22,20.35,363576
2022-11-28,600988.SH,20.2,20.28,19.85,19.99,387869
2022-11-29,600988.SH,19.94,19.98,19.43,19.71,299395
2022-11-30,600988.SH,20.02,20.28,19.76,20.28,394945
2022-12-01,600988.SH,20.82,20.98,19.3,19.56,699918
2022-12-04,600988.SH,19.52,19.68,19.22,19.4,489790
2022-12-05,600988.SH,19.06,19.37,18.89,19.13,371009
2022-12-06,600988.SH,18.9,19.19,18.89,19.17,276631
2022-12-07,600988.SH,19.05,19.35,18.96,19.16,219019
2022-12-08,600988.SH,19.16,19.32,18.6,18.61,487373
2022-12-11,600988.SH,18.62,18.76,18.01,18.08,397015
2022-12-12,600988.SH,18,18.79,18,18.77,332414
2022-12-13,600988.SH,18.9,19.18,18.61,18.76,260633
2022-12-14,600988.SH,18.56,18.69,18.13,18.31,288952
2022-12-15,600988.SH,18.04,18.44,18.04,18.38,159116
2022-12-18,600988.SH,18.33,18.54,18.19,18.27,133521
2022-12-19,600988.SH,18.31,18.34,18,18.33,152348
2022-12-20,600988.SH,18.8,18.97,18.52,18.59,259234
2022-12-21,600988.SH,18.5,18.76,18.33,18.64,167158
2022-12-22,600988.SH,18.35,18.45,18.05,18.15,166599
2022-12-25,600988.SH,18.12,18.35,17.93,18.31,129301
2022-12-26,600988.SH,18.31,18.43,18.23,18.28,120870
2022-12-27,600988.SH,18.29,18.55,18.18,18.26,168550
2022-12-28,600988.SH,18.13,18.25,17.98,18.01,135147
2022-12-29,600988.SH,18.07,18.3,18.02,18.05,152433
2023-01-02,600988.SH,18.07,18.93,18,18.8,419866
2023-01-03,600988.SH,18.78,19.36,18.66,19.27,418112
2023-01-04,600988.SH,19.48,19.75,19.03,19.12,441120
2023-01-05,600988.SH,18.9,19.11,18.68,18.75,223271
2023-01-08,600988.SH,19.13,19.95,19.1,19.82,682206
2023-01-09,600988.SH,19.75,19.84,19.4,19.76,269637
2023-01-10,600988.SH,19.8,20.17,19.44,19.49,268162
2023-01-11,600988.SH,19.51,19.66,19.36,19.37,167435
2023-01-12,600988.SH,19.8,19.9,19.24,19.28,259637
2023-01-15,600988.SH,19.59,19.76,19.34,19.43,275538
2023-01-16,600988.SH,19.28,19.42,18.98,19.13,230978
2023-01-17,600988.SH,19.01,19.55,19,19.41,212060
2023-01-18,600988.SH,19.35,19.49,19.1,19.35,210137
2023-01-19,600988.SH,19.67,20.53,19.5,20.3,466626
2023-01-29,600988.SH,20.03,20.28,19.8,20.05,345838
2023-01-30,600988.SH,19.9,20.25,19.81,19.9,221180
2023-01-31,600988.SH,20,20.34,19.91,20.2,366444
2023-02-01,600988.SH,20.6,21.06,20.42,20.8,501804
2023-02-02,600988.SH,20.35,20.47,19.85,20.18,323770
2023-02-05,600988.SH,19.52,19.56,18.67,19.2,589809
2023-02-06,600988.SH,19.12,19.45,19.12,19.43,265297
2023-02-07,600988.SH,19.45,19.54,19.21,19.24,187465
2023-02-08,600988.SH,19.1,19.44,18.91,19.41,180713
2023-02-09,600988.SH,19.22,19.26,18.93,19.09,278941
2023-02-12,600988.SH,19,19.13,18.9,19.06,220735
2023-02-13,600988.SH,19.1,19.22,19,19.2,234672
2023-02-14,600988.SH,19.15,19.21,18.7,18.84,377211
2023-02-15,600988.SH,18.7,18.85,18.5,18.61,262792
2023-02-16,600988.SH,18.55,18.7,18.51,18.56,148204
2023-02-19,600988.SH,18.68,18.68,18.4,18.66,234685
2023-02-20,600988.SH,18.64,18.84,18.53,18.77,232215
2023-02-21,600988.SH,18.68,19.14,18.56,18.92,271820
2023-02-22,600988.SH,18.7,19,18.68,19,165211
2023-02-23,600988.SH,18.9,18.96,18.76,18.78,120022
2023-02-26,600988.SH,18.66,18.79,18.47,18.52,162878
2023-02-27,600988.SH,18.6,18.63,18.41,18.52,134138
2023-02-28,600988.SH,18.54,18.73,18.51,18.73,187419
2023-03-01,600988.SH,18.66,18.69,18.5,18.58,128310
2023-03-02,600988.SH,18.6,18.71,18.55,18.64,126007
2023-03-05,600988.SH,18.75,19.2,18.71,19.11,393429
2023-03-06,600988.SH,18.99,19.56,18.92,19.19,455630
2023-03-07,600988.SH,18.8,18.8,18.5,18.69,284889
2023-03-08,600988.SH,18.65,18.74,18.56,18.64,122704
2023-03-09,600988.SH,18.8,18.97,18.71,18.83,290406
2023-03-12,600988.SH,19.36,19.76,19.24,19.45,600714
2023-03-13,600988.SH,19.9,20.33,19.43,19.57,746836
2023-03-14,600988.SH,19.31,19.58,19.24,19.35,355799
2023-03-15,600988.SH,19.5,19.7,19.26,19.45,487840
2023-03-16,600988.SH,19.26,19.5,19.1,19.48,312829
2023-03-19,600988.SH,19.98,21.43,19.75,21.4,993478
2023-03-20,600988.SH,21,21.1,20.58,20.69,579852
2023-03-21,600988.SH,20.28,20.62,20.05,20.59,391444
2023-03-22,600988.SH,20.66,21,20.4,20.85,451168
2023-03-23,600988.SH,20.92,21.13,20.23,20.33,424205
2023-03-26,600988.SH,20.15,20.15,19.8,19.96,282992
2023-03-27,600988.SH,19.85,20.01,19.61,19.66,192908
2023-03-28,600988.SH,19.81,19.86,19.36,19.48,208847
2023-03-29,600988.SH,19.36,19.39,19.01,19.26,257206
2023-03-30,600988.SH,19.2,19.2,17.96,18.15,1293297
2023-04-02,600988.SH,17.65,18.03,17.6,18,467329
2023-04-03,600988.SH,18.13,18.6,18.12,18.47,518214
2023-04-05,600988.SH,18.83,19.05,18.52,18.75,614484
2023-04-06,600988.SH,18.41,18.42,18.14,18.2,487606
2023-04-09,600988.SH,18.08,18.15,17.85,18.06,375828
2023-04-10,600988.SH,18,18.6,17.87,18.53,469045
2023-04-11,600988.SH,18.53,19.2,18.48,18.94,608065
2023-04-12,600988.SH,18.92,19.16,18.41,18.56,370247
2023-04-13,600988.SH,18.95,19.03,18.65,18.66,422582
2023-04-16,600988.SH,18.25,18.5,18.1,18.35,370834
2023-04-17,600988.SH,18.2,18.45,18.12,18.18,312961
2023-04-18,600988.SH,18.21,18.28,18.02,18.09,243905
2023-04-19,600988.SH,18.01,18.18,17.79,17.87,306636
2023-04-20,600988.SH,18,18.03,17.58,17.64,252027
2023-04-23,600988.SH,17.64,17.65,16.17,16.44,637182
2023-04-24,600988.SH,16.55,16.79,15.86,16.23,397561
2023-04-25,600988.SH,16.23,16.44,15.97,16.35,176248
2023-04-26,600988.SH,16.16,16.64,16.13,16.53,194173
2023-04-27,600988.SH,16.39,16.6,16.27,16.57,188380
2023-05-03,600988.SH,16.98,17.36,16.98,17,443635
2023-05-04,600988.SH,17.18,17.23,16.74,16.83,176439
2023-05-07,600988.SH,16.75,16.93,16.55,16.73,211145
2023-05-08,600988.SH,16.74,16.79,16.3,16.33,251200
2023-05-09,600988.SH,16.33,16.63,16.32,16.37,168160
2023-05-10,600988.SH,16.37,16.43,16.1,16.23,169190
2023-05-11,600988.SH,16.06,16.31,15.95,16.14,132754
2023-05-14,600988.SH,16.18,16.47,16.09,16.42,152331
2023-05-15,600988.SH,16.42,16.43,16.1,16.17,156871
2023-05-16,600988.SH,16.01,16.23,15.93,16.17,113638
2023-05-17,600988.SH,16.17,16.25,16.08,16.1,147468
2023-05-18,600988.SH,16,16.2,15.75,16.16,167574
2023-05-21,600988.SH,16.2,16.32,16.17,16.28,112703
2023-05-22,600988.SH,16.2,16.28,16.12,16.16,95285
2023-05-23,600988.SH,16.15,16.41,16.11,16.34,137165
2023-05-24,600988.SH,16.2,16.23,15.81,15.88,201731
2023-05-25,600988.SH,15.7,16.05,15.7,15.93,125494
2023-05-28,600988.SH,15.9,16.03,15.75,15.8,127037
2023-05-29,600988.SH,15.8,15.88,15.35,15.59,200542
2023-05-30,600988.SH,15.7,16.03,15.64,16.03,225688
2023-05-31,600988.SH,15.98,16.07,15.83,15.86,139487
2023-06-01,600988.SH,15.95,16.4,15.93,16.28,217630
2023-06-04,600988.SH,16.1,16.12,15.86,15.88,165922
2023-06-05,600988.SH,15.92,16.09,15.61,15.71,144829
2023-06-06,600988.SH,15.71,15.82,15.65,15.71,78506
2023-06-07,600988.SH,15.65,15.65,15.4,15.42,158149
2023-06-08,600988.SH,15.57,15.78,15.38,15.74,224192
2023-06-11,600988.SH,15.6,15.61,15.32,15.5,160033
2023-06-12,600988.SH,15.4,15.53,15.39,15.48,98535
2023-06-13,600988.SH,15.39,15.47,14.98,15,348082
2023-06-14,600988.SH,14.86,14.9,13.95,14.39,650048
2023-06-15,600988.SH,14.35,14.54,14.32,14.42,264922
2023-06-18,600988.SH,14.42,14.45,14.17,14.23,198636
2023-06-19,600988.SH,14.17,14.35,14.05,14.2,179069
2023-06-20,600988.SH,14.1,14.2,13.72,13.75,293531
2023-06-25,600988.SH,13.82,13.93,13.4,13.47,342559
2023-06-26,600988.SH,13.4,13.59,13.36,13.5,307609
2023-06-27,600988.SH,13.56,13.59,13.18,13.49,254783
2023-06-28,600988.SH,13.4,13.55,13.36,13.4,216937
2023-06-29,600988.SH,13.4,13.54,13.33,13.46,219621
2023-07-02,600988.SH,13.52,13.8,13.5,13.64,399029
2023-07-03,600988.SH,13.62,13.66,13.31,13.37,402659
2023-07-04,600988.SH,13.32,13.47,13.23,13.28,352413
2023-07-05,600988.SH,13.24,13.4,13.02,13.18,256604
2023-07-06,600988.SH,13.11,13.23,12.88,13.09,310366
2023-07-09,600988.SH,13.16,13.39,13.16,13.35,268741
2023-07-10,600988.SH,13.38,13.63,13.28,13.63,378365
2023-07-11,600988.SH,13.59,13.78,13.55,13.57,323902
2023-07-12,600988.SH,13.81,14.09,13.8,13.92,442658
2023-07-13,600988.SH,13.91,14.27,13.9,14.02,321263
2023-07-16,600988.SH,14.06,14.94,14.03,14.83,831802
2023-07-17,600988.SH,14.71,14.93,14.55,14.81,386704
2023-07-18,600988.SH,15.3,15.36,14.8,15.04,546985
2023-07-19,600988.SH,14.98,15.23,14.79,14.83,485043
2023-07-20,600988.SH,14.75,14.94,14.63,14.79,277441
2023-07-23,600988.SH,14.79,14.99,14.6,14.68,206698
2023-07-24,600988.SH,14.6,14.81,14.53,14.55,269065
2023-07-25,600988.SH,14.56,14.84,14.46,14.76,241808
2023-07-26,600988.SH,14.73,14.98,14.64,14.73,222230
2023-07-27,600988.SH,14.28,14.68,14.25,14.64,228161
2023-07-30,600988.SH,14.68,14.93,14.66,14.8,209246
2023-07-31,600988.SH,14.93,15.13,14.86,14.98,279572
2023-08-01,600988.SH,14.83,15.03,14.8,15.01,180872
2023-08-02,600988.SH,14.86,14.99,14.75,14.88,155378
2023-08-03,600988.SH,14.87,15.1,14.84,15.03,180138
2023-08-06,600988.SH,15,15.38,15,15.24,348237
2023-08-07,600988.SH,15.2,15.59,15.01,15.5,364533
2023-08-08,600988.SH,15.38,15.75,15.34,15.62,438388
2023-08-09,600988.SH,15.56,15.59,15.35,15.49,214816
2023-08-10,600988.SH,15.48,15.56,15.03,15.05,276261
2023-08-13,600988.SH,15.01,15.41,14.98,15.21,280603
2023-08-14,600988.SH,15.15,15.22,14.7,14.88,239682
2023-08-15,600988.SH,14.82,15.2,14.73,14.93,204837
2023-08-16,600988.SH,14.85,15.13,14.55,15.09,171773
2023-08-17,600988.SH,15.03,15.08,14.69,14.72,140094
2023-08-20,600988.SH,14.65,14.91,14.62,14.74,125657
2023-08-21,600988.SH,14.79,15.16,14.78,15.11,267514
2023-08-22,600988.SH,15.11,15.11,14.83,14.88,174073
2023-08-23,600988.SH,15.01,15.75,15.01,15.42,488206
2023-08-24,600988.SH,15.3,15.34,15.01,15.08,243075
2023-08-27,600988.SH,15.55,15.66,14.68,15.12,418740
2023-08-28,600988.SH,15.03,15.33,14.98,15.32,258209
2023-08-29,600988.SH,15.5,15.72,15.27,15.38,284065
2023-08-30,600988.SH,15.45,15.71,15.09,15.13,387398
2023-08-31,600988.SH,15,15.2,14.95,15.16,192734
2023-09-03,600988.SH,15.16,15.4,15.03,15.26,235135
2023-09-04,600988.SH,15.15,15.23,15.02,15.14,146692
2023-09-05,600988.SH,15.02,15.06,14.7,14.76,255977
2023-09-06,600988.SH,14.68,14.7,14.35,14.56,217517
2023-09-07,600988.SH,14.66,14.91,14.66,14.87,180614
2023-09-10,600988.SH,14.81,15.29,14.8,15.18,282020
2023-09-11,600988.SH,15.14,15.25,14.92,14.93,158889
2023-09-12,600988.SH,14.88,15.07,14.8,15.02,162375
2023-09-13,600988.SH,14.98,15.58,14.98,15.44,527327
2023-09-14,600988.SH,15.68,15.98,15.31,15.53,453716
2023-09-17,600988.SH,15.4,15.49,15.25,15.3,265504
2023-09-18,600988.SH,15.39,15.75,15.3,15.54,329207
2023-09-19,600988.SH,15.52,15.57,15.28,15.38,177493
2023-09-20,600988.SH,15.25,15.33,14.96,15.03,280761
2023-09-21,600988.SH,14.95,15.01,14.6,14.92,324152
2023-09-24,600988.SH,14.89,15.23,14.81,15.02,198454
2023-09-25,600988.SH,14.95,14.99,14.8,14.84,142789
2023-09-26,600988.SH,14.71,14.8,14.62,14.67,149763
2023-09-27,600988.SH,14.5,14.6,14.4,14.54,184674
2023-10-08,600988.SH,14.54,14.54,13.95,14.41,217617
2023-10-09,600988.SH,14.43,14.91,14.43,14.7,260628
2023-10-10,600988.SH,14.75,14.78,14.23,14.32,264214
2023-10-11,600988.SH,14.41,14.48,14.31,14.45,132588
2023-10-12,600988.SH,14.31,14.41,14.15,14.35,135299
2023-10-15,600988.SH,14.7,15.15,14.66,14.81,541100
2023-10-16,600988.SH,14.65,14.7,14.43,14.67,221099
2023-10-17,600988.SH,14.72,14.82,14.55,14.59,171716
2023-10-18,600988.SH,14.53,14.78,14.38,14.41,219099
2023-10-19,600988.SH,14.57,14.9,14.41,14.55,315774
2023-10-22,600988.SH,14.23,14.48,14.19,14.3,162059
2023-10-23,600988.SH,14.32,14.39,14.05,14.34,197808
2023-10-24,600988.SH,14.24,14.43,14.22,14.31,136580
2023-10-25,600988.SH,14.39,14.55,14.25,14.52,174899
2023-10-26,600988.SH,14.49,14.68,14.37,14.68,198268
2023-10-29,600988.SH,14.9,15,14.69,14.7,245610
2023-10-30,600988.SH,14.6,14.84,14.51,14.79,162836
2023-10-31,600988.SH,14.65,14.69,14.47,14.55,133622
2023-11-01,600988.SH,14.57,14.62,14.42,14.42,106424
2023-11-02,600988.SH,14.41,14.55,14.35,14.47,123506
2023-11-05,600988.SH,14.47,14.75,14.47,14.64,235020
2023-11-06,600988.SH,14.57,14.57,14.38,14.42,202504
2023-11-07,600988.SH,14.35,14.35,14.05,14.15,275917
2023-11-08,600988.SH,14.06,14.13,13.98,14,190722
2023-11-09,600988.SH,14.01,14.04,13.91,14.03,93224
2023-11-12,600988.SH,13.97,14.18,13.92,14.18,137418
2023-11-13,600988.SH,14.18,14.18,14.03,14.09,110081
2023-11-14,600988.SH,14.21,14.27,14.1,14.18,174920
2023-11-15,600988.SH,14.11,14.11,13.95,14.02,124410
2023-11-16,600988.SH,14.11,14.14,14.02,14.1,126093
2023-11-19,600988.SH,14.03,14.1,13.93,13.96,200086
2023-11-20,600988.SH,13.96,14.08,13.96,13.98,181004
2023-11-21,600988.SH,14.01,14.07,13.78,13.78,220954
2023-11-22,600988.SH,13.7,13.77,13.47,13.59,284051
2023-11-23,600988.SH,13.55,13.61,13.36,13.44,227414
2023-11-26,600988.SH,13.5,13.78,13.5,13.63,202843
2023-11-27,600988.SH,13.64,13.74,13.46,13.71,140415
2023-11-28,600988.SH,14,14.18,13.94,13.99,415089
2023-11-29,600988.SH,13.99,14.06,13.82,13.91,175819
2023-11-30,600988.SH,13.95,14.05,13.83,14.03,141909
2023-12-03,600988.SH,14.4,15.1,14.4,14.87,839077
2023-12-04,600988.SH,14.57,14.65,14.27,14.27,292649
2023-12-05,600988.SH,14.28,14.42,14.09,14.39,201785
2023-12-06,600988.SH,14.3,14.34,14.1,14.3,158514
2023-12-07,600988.SH,14.29,14.4,14.21,14.31,134005
2023-12-10,600988.SH,14.1,14.25,13.75,14.2,249136
2023-12-11,600988.SH,14.04,14.24,13.98,14.22,131100
2023-12-12,600988.SH,14.09,14.29,14,14.02,135691
2023-12-13,600988.SH,14.52,14.6,14.1,14.13,245191
2023-12-14,600988.SH,14.13,14.35,13.97,14.01,166843
2023-12-17,600988.SH,13.79,13.98,13.76,13.82,114297
2023-12-18,600988.SH,13.82,13.88,13.68,13.79,87188
2023-12-19,600988.SH,13.81,14.14,13.8,13.95,174873
2023-12-20,600988.SH,13.8,13.87,13.61,13.74,161940
2023-12-21,600988.SH,13.74,13.79,13.53,13.62,171453
2023-12-24,600988.SH,13.6,13.73,13.55,13.66,97870
2023-12-25,600988.SH,13.66,13.87,13.6,13.76,139015
2023-12-26,600988.SH,13.76,13.79,13.65,13.76,112308
2023-12-27,600988.SH,13.88,14.02,13.76,13.96,206522
2023-12-28,600988.SH,13.81,14.02,13.8,14.01,145847
2024-01-01,600988.SH,14.02,14.8,13.97,14.52,499310
2024-01-02,600988.SH,14.49,14.81,14.4,14.51,216532
2024-01-03,600988.SH,14.41,14.75,14.3,14.68,255450
2024-01-04,600988.SH,14.58,14.95,14.58,14.74,277213
2024-01-07,600988.SH,14.73,14.78,14.41,14.45,216254
2024-01-08,600988.SH,14.48,14.53,14.26,14.37,144399
2024-01-09,600988.SH,14.27,14.53,14.21,14.26,133956
2024-01-10,600988.SH,14.22,14.27,13.85,14.1,200836
2024-01-11,600988.SH,13.98,14.27,13.96,14.14,144703
2024-01-14,600988.SH,14.14,14.33,14.04,14.08,140654
2024-01-15,600988.SH,14.1,14.12,13.66,13.94,182023
2024-01-16,600988.SH,13.9,13.9,13.39,13.4,212909
2024-01-17,600988.SH,13.28,13.3,12.7,13.17,315419
2024-01-18,600988.SH,13.1,13.25,12.92,13.08,171056
2024-01-21,600988.SH,13,13.1,12.05,12.12,374365
2024-01-22,600988.SH,12.07,12.39,11.67,12.26,209718
2024-01-23,600988.SH,12.24,12.34,11.95,12.32,176156
2024-01-24,600988.SH,12.28,12.49,12.21,12.45,269370
2024-01-25,600988.SH,12.4,12.49,12.28,12.37,183636
2024-01-28,600988.SH,12.36,12.63,12.36,12.54,277514
2024-01-29,600988.SH,12.57,12.78,12.25,12.35,321469
2024-01-30,600988.SH,12.31,12.36,11.96,12,207037
2024-01-31,600988.SH,11.94,12.32,11.88,12.01,197339
2024-02-01,600988.SH,12.18,12.3,11.65,12,250746
2024-02-04,600988.SH,11.68,11.89,11.23,11.76,317446
2024-02-05,600988.SH,11.66,12.43,11.53,12.38,282148
2024-02-06,600988.SH,12.43,13.3,12.41,13.28,469580
2024-02-07,600988.SH,13.31,13.94,13.31,13.54,414745
2024-02-18,600988.SH,13.63,13.64,13.05,13.15,388356
2024-02-19,600988.SH,13.1,13.23,12.97,13.16,238345
2024-02-20,600988.SH,13.1,13.35,13.03,13.07,322900
2024-02-21,600988.SH,13,13.13,12.97,13.1,235429
2024-02-22,600988.SH,13.05,13.09,12.89,13.02,291460
2024-02-25,600988.SH,13.02,13.1,12.86,12.89,276603
2024-02-26,600988.SH,12.87,13.02,12.79,13.01,264643
2024-02-27,600988.SH,12.96,13.2,12.73,12.74,408090
2024-02-28,600988.SH,12.7,12.93,12.68,12.92,303777
2024-02-29,600988.SH,12.96,13.34,12.93,13.29,425316
2024-03-03,600988.SH,13.65,13.93,13.46,13.63,497084
2024-03-04,600988.SH,14.15,14.26,13.81,13.94,636299
2024-03-05,600988.SH,14.29,14.4,13.95,14.24,522070
2024-03-06,600988.SH,14.41,14.82,14.36,14.55,615604
2024-03-07,600988.SH,14.41,14.55,14.13,14.36,432281
2024-03-10,600988.SH,14.64,14.78,14.18,14.38,399203
2024-03-11,600988.SH,14.33,14.35,13.99,14.09,358504
2024-03-12,600988.SH,13.85,14.17,13.75,14.09,322299
2024-03-13,600988.SH,14.23,14.41,14.09,14.13,303655
2024-03-14,600988.SH,14.01,14.85,13.97,14.78,496907
2024-03-17,600988.SH,14.57,14.72,14.37,14.64,362554
2024-03-18,600988.SH,14.62,14.93,14.52,14.56,359852
2024-03-19,600988.SH,14.56,14.6,14.4,14.47,276292
2024-03-20,600988.SH,14.95,15.06,14.62,14.7,396182
2024-03-21,600988.SH,14.6,14.66,14.26,14.32,286964
2024-03-24,600988.SH,14.4,14.75,14.4,14.55,338826
2024-03-25,600988.SH,14.6,14.67,14.33,14.45,238752
2024-03-26,600988.SH,14.52,14.65,14.38,14.38,221594
2024-03-27,600988.SH,14.48,14.93,14.37,14.86,478394
2024-03-28,600988.SH,15.3,16.35,15.3,16.35,1125527
2024-03-31,600988.SH,16.91,17.5,16.87,17.28,1456786
2024-04-01,600988.SH,17.24,17.61,17.1,17.44,902311
2024-04-02,600988.SH,17.89,18.25,17.61,18.15,1282330
2024-04-07,600988.SH,18.48,19.47,18.43,19,1388205
2024-04-08,600988.SH,18.81,19.23,18.28,18.88,849610
2024-04-09,600988.SH,19.19,19.5,18.99,19.21,873697
2024-04-10,600988.SH,18.63,19.74,18.63,19.17,931827
2024-04-11,600988.SH,19.9,21.09,19.4,21.01,1377094
2024-04-14,600988.SH,19.98,20.26,19.4,20.19,1409267
2024-04-15,600988.SH,20.36,20.37,18.67,18.85,1160035
2024-04-16,600988.SH,18.89,19.49,18.89,19.2,682801
2024-04-17,600988.SH,18.71,19.33,18.67,19.15,659931
2024-04-18,600988.SH,19.4,20.05,19.13,19.31,1058600
2024-04-21,600988.SH,19.03,19.45,18.2,18.25,882059
2024-04-22,600988.SH,17.86,18.23,17.67,17.95,724738
2024-04-23,600988.SH,18.15,18.5,18.01,18.4,504601
2024-04-24,600988.SH,18.27,18.74,18,18.42,522696
2024-04-25,600988.SH,18.74,19.28,18.58,19.14,710356
2024-04-28,600988.SH,18.9,19.14,18.28,18.69,674550
2024-04-29,600988.SH,18.41,18.69,17.8,17.92,764831
2024-05-05,600988.SH,17.55,18.05,17.39,18,832190
2024-05-06,600988.SH,18.11,18.29,17.88,18.07,555039
2024-05-07,600988.SH,17.93,18.18,17.45,17.9,586999
2024-05-08,600988.SH,17.7,18.33,17.7,18.2,480188
2024-05-09,600988.SH,18.88,19,17.98,18.44,783141
2024-05-12,600988.SH,18.2,18.34,17.87,18.06,443006
2024-05-13,600988.SH,18.1,18.22,17.67,17.94,464443
2024-05-14,600988.SH,18.01,18.41,17.85,18.09,479653
2024-05-15,600988.SH,18.45,18.75,17.92,17.92,615479
2024-05-16,600988.SH,17.69,18,17.56,17.99,362222
2024-05-19,600988.SH,18.7,19.38,18.21,19.06,1027992
2024-05-20,600988.SH,18.8,19.06,17.88,17.9,764020
2024-05-21,600988.SH,17.88,18.11,17.69,17.8,337837
2024-05-22,600988.SH,17.01,17.5,16.87,17.22,426510
2024-05-23,600988.SH,17,17.58,16.98,17.4,301234
2024-05-26,600988.SH,17.47,17.76,17.3,17.49,278129
2024-05-27,600988.SH,17.65,17.78,17.3,17.33,318519
2024-05-28,600988.SH,17.33,17.95,17.25,17.85,398561
2024-05-29,600988.SH,17.53,17.65,17.03,17.13,380874
2024-05-30,600988.SH,17.13,17.52,17.12,17.5,311177
2024-06-02,600988.SH,17.29,17.4,16.9,17.07,323427
2024-06-03,600988.SH,17.28,17.82,17.15,17.73,385833
2024-06-04,600988.SH,17.41,17.9,17.03,17.62,340862
2024-06-05,600988.SH,18.02,18.4,17.91,18.08,672451
2024-06-06,600988.SH,18.28,18.45,17.66,17.91,492690
2024-06-10,600988.SH,16.82,16.99,16.36,16.66,963542
2024-06-11,600988.SH,16.63,17.08,16.56,16.98,403232
2024-06-12,600988.SH,16.83,16.9,16.4,16.64,367690
2024-06-13,600988.SH,16.6,16.96,16.53,16.79,308938
2024-06-16,600988.SH,17,17,16.45,16.46,259058
2024-06-17,600988.SH,16.6,16.89,16.4,16.73,239769
2024-06-18,600988.SH,16.76,17.05,16.69,16.7,230096
2024-06-19,600988.SH,16.79,16.9,16.39,16.62,257321
2024-06-20,600988.SH,16.86,17.21,16.78,17,468813
2024-06-23,600988.SH,16.58,16.85,16.45,16.66,330937
2024-06-24,600988.SH,16.63,16.68,16.33,16.44,247391
2024-06-25,600988.SH,16.3,16.45,16,16.41,280578
2024-06-26,600988.SH,16.18,16.28,15.98,16.05,198975
2024-06-27,600988.SH,16.1,16.51,16.06,16.34,297770
2024-06-30,600988.SH,16.34,17.3,16.34,17.24,446726
2024-07-01,600988.SH,17.38,17.65,17.2,17.33,354807
2024-07-02,600988.SH,17.33,17.51,17.15,17.4,241956
2024-07-03,600988.SH,17.92,18.1,17.33,17.33,352272
2024-07-04,600988.SH,17.44,18.2,17.04,18.16,585083
2024-07-07,600988.SH,18.38,18.56,18.13,18.2,510438
2024-07-08,600988.SH,18.19,19.08,18.03,18.85,525721
2024-07-09,600988.SH,18.8,19.3,18.76,18.85,405390
2024-07-10,600988.SH,18.97,19.66,18.76,19.5,458064
2024-07-11,600988.SH,20.38,20.53,19.49,19.78,857240
2024-07-14,600988.SH,19.85,20.5,19.68,20.2,536248
2024-07-15,600988.SH,20.35,20.89,20.27,20.81,508465
2024-07-16,600988.SH,21.41,21.57,20.69,20.78,586184
2024-07-17,600988.SH,20.6,20.95,20.27,20.95,432678
2024-07-18,600988.SH,19.99,20.46,19.81,20.28,429194
2024-07-21,600988.SH,20.08,20.32,19.7,20.08,329173
2024-07-22,600988.SH,20.01,20.2,19.2,19.26,335922
2024-07-23,600988.SH,19.43,19.71,19.25,19.54,269469
2024-07-24,600988.SH,19,19.26,18.53,18.69,342948
2024-07-25,600988.SH,18.68,19.04,18.35,18.92,238460
2024-07-28,600988.SH,19.09,19.52,18.83,18.9,231419
2024-07-29,600988.SH,18.8,19.08,18.6,19,163596
2024-07-30,600988.SH,19.19,19.65,19.03,19.6,318856
2024-07-31,600988.SH,19.9,20.22,19.58,19.63,398567
2024-08-01,600988.SH,19.3,20.09,19.23,19.93,411722
2024-08-04,600988.SH,19.25,19.59,18.76,19.01,495743
2024-08-05,600988.SH,19,19.08,18.3,18.55,365734
2024-08-06,600988.SH,18.45,18.7,18.21,18.5,193491
2024-08-07,600988.SH,18.27,18.35,17.8,18.07,278237
2024-08-08,600988.SH,18.34,18.44,17.76,17.76,288985
2024-08-11,600988.SH,17.8,18.03,17.63,17.98,161881
2024-08-12,600988.SH,18.4,18.48,17.74,17.98,283301
2024-08-13,600988.SH,17.91,18.12,17.87,18,205706
2024-08-14,600988.SH,17.71,17.95,17.56,17.85,217354
2024-08-15,600988.SH,18.03,18.03,17.34,17.55,234631
2024-08-18,600988.SH,17.95,18.88,17.95,18.41,516742
2024-08-19,600988.SH,18.41,18.6,17.91,18.11,303379
2024-08-20,600988.SH,18.31,19.25,18.07,18.88,491381
2024-08-21,600988.SH,18.85,18.96,18.58,18.6,255145
2024-08-22,600988.SH,18.33,18.42,18.1,18.35,220338
2024-08-25,600988.SH,18.65,18.73,17.72,18.15,332048
2024-08-26,600988.SH,18.08,18.18,17.71,17.93,216712
2024-08-27,600988.SH,17.95,18.24,17.65,17.71,199178
2024-08-28,600988.SH,17.6,18.17,17.51,18,205009
2024-08-29,600988.SH,17.87,17.94,17.3,17.39,523400
2024-09-01,600988.SH,17.35,17.36,16.68,17,441950
2024-09-02,600988.SH,17.03,17.03,16.72,16.89,211527
2024-09-03,600988.SH,16.8,17,16.6,16.71,209339
2024-09-04,600988.SH,16.88,16.99,16.71,16.86,185765
2024-09-05,600988.SH,16.96,17.49,16.92,17.27,346774
2024-09-08,600988.SH,16.9,17,16.63,16.77,270596
2024-09-09,600988.SH,16.86,16.9,16.5,16.79,196095
2024-09-10,600988.SH,16.82,16.99,16.71,16.93,210023
2024-09-11,600988.SH,16.72,16.83,16.51,16.67,207403
2024-09-12,600988.SH,17.3,17.64,17.03,17.27,503214
2024-09-17,600988.SH,17.4,17.61,16.73,17,365976
2024-09-18,600988.SH,16.85,17.17,16.45,17.16,415041
2024-09-19,600988.SH,17.1,18.1,16.92,17.9,597075
2024-09-22,600988.SH,18.08,18.77,17.99,18.56,540679
2024-09-23,600988.SH,18.65,18.84,18.41,18.77,588717
2024-09-24,600988.SH,19.04,19.52,18.8,18.83,548411
2024-09-25,600988.SH,18.77,19.14,18.7,19.09,406950
2024-09-26,600988.SH,19.12,19.45,18.64,19.03,503995
2024-09-29,600988.SH,19.2,20.25,18.72,20.17,1723087
2024-10-07,600988.SH,21.45,21.68,19,19.64,1823123
2024-10-08,600988.SH,19,19.26,17.84,17.97,1097794
2024-10-09,600988.SH,17.97,18.46,17.73,17.93,684797
2024-10-10,600988.SH,18.29,18.78,18.05,18.18,738883
2024-10-13,600988.SH,18.19,19.05,17.9,19,818689
2024-10-14,600988.SH,18.7,18.76,18.24,18.26,710015
2024-10-15,600988.SH,18.51,19.62,18.3,19.57,1157625
2024-10-16,600988.SH,19.35,19.54,19.01,19.19,711324
2024-10-17,600988.SH,19.58,19.94,19.46,19.66,1112995
2024-10-20,600988.SH,19.91,20.66,19.81,20.43,1027201
2024-10-21,600988.SH,20.18,20.88,19.94,20.32,815947
2024-10-22,600988.SH,20.7,20.98,19.91,20.1,724541
2024-10-23,600988.SH,19.45,19.66,19.19,19.59,531515
2024-10-24,600988.SH,19.4,19.49,18.91,18.98,618797
2024-10-27,600988.SH,18.8,19.03,18.73,19.01,449502
2024-10-28,600988.SH,19.07,20.05,19,19.57,818872
2024-10-29,600988.SH,19.92,20.3,19.36,19.99,813384
2024-10-30,600988.SH,19.59,19.64,18.94,19,969412
2024-10-31,600988.SH,18.6,19.09,18.29,18.78,649963
2024-11-03,600988.SH,18.59,18.84,18.45,18.73,458306
2024-11-04,600988.SH,18.56,18.89,18.45,18.87,672186
2024-11-05,600988.SH,18.73,19.23,18.59,18.74,738624
2024-11-06,600988.SH,17.77,17.9,17.12,17.87,1122823
2024-11-07,600988.SH,18.1,18.2,17.51,17.58,824015
2024-11-10,600988.SH,17.31,17.36,17.1,17.34,654047
2024-11-11,600988.SH,16.98,17.36,16.87,17,742974
2024-11-12,600988.SH,17,17.26,17,17.18,515920
2024-11-13,600988.SH,17,17.29,16.88,17.16,517437
2024-11-14,600988.SH,17.25,17.63,17.12,17.2,679497
2024-11-17,600988.SH,17.37,17.48,16.8,16.92,513744
2024-11-18,600988.SH,17.12,17.52,17.12,17.4,722497
2024-11-19,600988.SH,17.45,17.56,17.25,17.36,412791
2024-11-20,600988.SH,17.41,17.95,17.33,17.87,676101
2024-11-21,600988.SH,17.96,18,17.57,17.66,637073
2024-11-24,600988.SH,17.8,17.94,17,17.24,598978
2024-11-25,600988.SH,16.79,17.06,16.71,16.85,436818
2024-11-26,600988.SH,16.85,17.12,16.61,17.11,314278
2024-11-27,600988.SH,16.9,17,16.73,16.84,336938
2024-11-28,600988.SH,16.84,17,16.76,16.96,411584
2024-12-01,600988.SH,16.77,16.9,16.73,16.85,409236
2024-12-02,600988.SH,16.88,17.05,16.8,16.92,419817
2024-12-03,600988.SH,16.92,16.96,16.76,16.81,303502
2024-12-04,600988.SH,16.78,16.81,16.64,16.79,235774
2024-12-05,600988.SH,16.68,16.86,16.63,16.81,347692
2024-12-08,600988.SH,16.99,17.38,16.99,17.11,672550
2024-12-09,600988.SH,17.39,17.48,17.01,17.07,483302
2024-12-10,600988.SH,17.28,17.36,17.1,17.2,369882
2024-12-11,600988.SH,17.29,17.45,17.21,17.28,462549
2024-12-12,600988.SH,17.1,17.1,16.84,16.88,463373
2024-12-15,600988.SH,16.72,16.82,16.61,16.62,337955
2024-12-16,600988.SH,16.61,16.68,16.43,16.49,251489
2024-12-17,600988.SH,16.5,16.57,16.2,16.45,292264
2024-12-18,600988.SH,16.15,16.22,15.82,16.2,467559
2024-12-19,600988.SH,16.09,16.38,16.04,16.19,295180
2024-12-22,600988.SH,16.3,16.33,16.07,16.09,257319
2024-12-23,600988.SH,16.11,16.11,15.74,15.95,373347
2024-12-24,600988.SH,15.87,15.95,15.76,15.82,199894
2024-12-25,600988.SH,15.87,16.18,15.87,16.07,250614
2024-12-26,600988.SH,16.07,16.2,15.93,16.01,210910
2024-12-29,600988.SH,16.19,16.3,15.86,15.91,318067
2024-12-30,600988.SH,15.9,15.9,15.55,15.61,330839
2025-01-01,600988.SH,15.7,16.32,15.65,16.24,677343
2025-01-02,600988.SH,16.25,16.93,16.25,16.55,867801
2025-01-05,600988.SH,16.44,16.65,16.05,16.26,435705
2025-01-06,600988.SH,16.15,16.54,15.92,16.53,404526
2025-01-07,600988.SH,16.43,16.72,16.07,16.31,415881
2025-01-08,600988.SH,16.31,16.38,16.1,16.18,263485
2025-01-09,600988.SH,16.27,16.4,16.11,16.28,317658
2025-01-12,600988.SH,16.2,17.07,16.03,16.95,731568
2025-01-13,600988.SH,16.62,16.95,16.61,16.92,500623
2025-01-14,600988.SH,16.98,17.05,16.48,16.68,422904
2025-01-15,600988.SH,16.85,17.14,16.85,16.97,526608
2025-01-16,600988.SH,17.09,17.35,16.98,17.16,461522
2025-01-19,600988.SH,17,17.08,16.79,17,319565
2025-01-20,600988.SH,17.24,17.66,17.18,17.4,673362
2025-01-21,600988.SH,17.64,17.98,17.51,17.87,776876
2025-01-22,600988.SH,17.72,18.16,17.68,17.79,504805
2025-01-23,600988.SH,17.98,18.04,17.59,17.91,454267
2025-01-26,600988.SH,17.99,18.1,17.85,17.88,369797
2025-02-04,600988.SH,18.59,19.45,18.58,19.39,1030086
2025-02-05,600988.SH,19.39,19.8,19.33,19.55,808020
2025-02-06,600988.SH,19.6,19.73,19.19,19.72,660712
2025-02-09,600988.SH,19.8,20.09,19.35,19.79,606995
2025-02-10,600988.SH,20.15,20.98,20.1,20.17,996368
2025-02-11,600988.SH,19.77,20.05,19.65,19.87,561958
2025-02-12,600988.SH,19.93,20.26,19.74,19.87,448415
2025-02-13,600988.SH,20.15,20.23,19.69,19.95,412859
2025-02-16,600988.SH,18.99,19.51,18.68,19.31,538942
2025-02-17,600988.SH,19.31,19.62,19.2,19.56,375300
2025-02-18,600988.SH,19.85,20.04,19.46,19.72,428761
2025-02-19,600988.SH,19.73,20.25,19.7,20.14,496283
2025-02-20,600988.SH,20.06,20.15,19.41,19.46,508624
2025-02-23,600988.SH,19.04,19.78,19.01,19.66,488523
2025-02-24,600988.SH,19.75,19.99,19.28,19.42,363465
2025-02-25,600988.SH,19.37,19.71,19.15,19.18,301282
2025-02-26,600988.SH,19.18,19.24,18.7,18.77,393617
2025-02-27,600988.SH,18.6,18.74,18.1,18.22,432958
2025-03-02,600988.SH,18.32,18.55,18.06,18.16,286386
2025-03-03,600988.SH,18.3,18.9,18.26,18.66,445446
2025-03-04,600988.SH,18.72,19.29,18.68,19.27,413438
2025-03-05,600988.SH,19.27,19.47,18.99,19.23,343662
2025-03-06,600988.SH,19.03,19.48,19.01,19.28,355966
2025-03-09,600988.SH,19.29,19.41,18.88,19.08,310394
2025-03-10,600988.SH,18.6,18.9,18.6,18.84,340930
2025-03-11,600988.SH,18.87,19.18,18.8,18.88,243967
2025-03-12,600988.SH,19.17,19.35,18.91,19,329431
2025-03-13,600988.SH,19.9,20.06,19.46,19.73,757921
2025-03-16,600988.SH,19.68,19.89,19.35,19.44,349541
2025-03-17,600988.SH,19.6,21.13,19.6,20.92,902018
2025-03-18,600988.SH,20.98,21.66,20.88,21.28,716765
2025-03-19,600988.SH,21.81,22.15,21.48,21.52,741927
2025-03-20,600988.SH,21.55,21.75,21.07,21.26,492337
2025-03-23,600988.SH,20.94,21.26,20.7,20.91,406822
2025-03-24,600988.SH,20.82,21.17,20.64,20.87,335050
2025-03-25,600988.SH,20.99,21.08,20.5,20.6,409110
2025-03-26,600988.SH,20.63,20.98,20.4,20.84,334204
2025-03-27,600988.SH,21.67,21.79,20.92,21.64,679640
2025-03-30,600988.SH,21.74,23.06,21.74,22.9,1085410
2025-03-31,600988.SH,23.16,23.42,22.44,22.75,837959
2025-04-01,600988.SH,22.6,22.91,21.82,21.9,653418
2025-04-02,600988.SH,22.46,23,22.21,22.29,848295
2025-04-06,600988.SH,20.1,22,20.1,21.2,1046173
2025-04-07,600988.SH,21.13,21.84,20.61,21.27,823914
2025-04-08,600988.SH,20.81,22.36,20.39,22.12,757187
2025-04-09,600988.SH,22.32,24.33,22.22,23.87,1144927
2025-04-10,600988.SH,25.13,26.21,25.13,25.7,1171769
2025-04-13,600988.SH,25.35,27.7,25.28,27.59,1047189
2025-04-14,600988.SH,27.08,28.04,26.64,27.71,874606
2025-04-15,600988.SH,28.9,29.98,28.15,29.95,1026726
2025-04-16,600988.SH,30.8,32.34,28.55,28.85,1734149
2025-04-17,600988.SH,29,29.11,27.63,28.18,1025211
2025-04-20,600988.SH,29.32,31,29.13,31,1024026
2025-04-21,600988.SH,32,32.66,30.72,31.3,1562669
2025-04-22,600988.SH,29.34,29.98,28.17,28.17,1770702
2025-04-23,600988.SH,28.9,29.14,27.55,27.65,1032574
2025-04-24,600988.SH,28.01,28.29,26.75,27.1,897027
2025-04-27,600988.SH,26.34,26.88,26.21,26.68,714200
2025-04-28,600988.SH,26.9,26.99,26.39,26.53,452730
2025-04-29,600988.SH,26.4,27.3,26.26,26.27,595796
2025-05-05,600988.SH,27.3,27.75,26.8,27.24,1073290
2025-05-06,600988.SH,26.91,27.84,26.71,27.44,1072867
2025-05-07,600988.SH,27.35,28.14,26.6,26.66,1009058
2025-05-08,600988.SH,26.02,26.96,26.01,26.87,690783
2025-05-11,600988.SH,25.88,26.56,25.13,26.48,757491
2025-05-12,600988.SH,25.81,26.8,25.8,26.76,810940
2025-05-13,600988.SH,26.4,26.9,26.1,26.33,534049
2025-05-14,600988.SH,25.9,26.28,25.67,26.08,546549
2025-05-15,600988.SH,26.39,26.6,25.94,26.03,454589
2025-05-18,600988.SH,26.29,26.79,25.94,26.03,438962
2025-05-19,600988.SH,26,26.9,25.99,26.34,552096
2025-05-20,600988.SH,27.23,27.82,26.59,27.82,1242775
2025-05-21,600988.SH,28,28.48,27.44,27.49,864827
2025-05-22,600988.SH,27.1,28.78,26.9,28.36,844874
2025-05-25,600988.SH,27.9,28.41,27.48,27.91,626280
2025-05-26,600988.SH,27.71,28.08,26.62,26.72,609939
2025-05-27,600988.SH,26.66,27.07,26.58,26.91,306919
2025-05-28,600988.SH,26.02,26.64,25.9,26.54,403591
2025-05-29,600988.SH,26.88,26.96,26.26,26.26,296372
2025-06-02,600988.SH,27.28,28.19,26.92,27.44,727336
2025-06-03,600988.SH,27.31,27.9,27.25,27.44,442742
2025-06-04,600988.SH,27.63,27.72,26.91,27.02,389997
2025-06-05,600988.SH,26.97,27.91,26.9,27.32,585434
2025-06-08,600988.SH,26.7,27.02,26.26,26.83,499518
2025-06-09,600988.SH,26.6,27,26.48,26.9,395534
2025-06-10,600988.SH,26.77,27.24,26.61,26.95,346983
2025-06-11,600988.SH,27.3,27.95,27,27.78,593160
2025-06-12,600988.SH,28.82,29.82,28.5,29.24,1097024
2025-06-15,600988.SH,29.27,29.3,28.1,28.34,709516
2025-06-16,600988.SH,27.9,28.85,27.9,28.19,505775
2025-06-17,600988.SH,28,28.48,27.93,28.16,351345
2025-06-18,600988.SH,27.97,28.05,27.3,27.52,381375
2025-06-19,600988.SH,27.27,27.5,26.78,27,337941
2025-06-22,600988.SH,27.05,27.21,26.35,26.81,383893
2025-06-23,600988.SH,26.57,26.58,25.55,25.6,1017033
2025-06-24,600988.SH,25.65,25.85,25.4,25.5,713781
2025-06-25,600988.SH,25.55,25.65,25.2,25.4,561791
2025-06-26,600988.SH,25.01,25.13,24.66,24.79,675226
2025-06-29,600988.SH,24.6,24.92,24.43,24.88,681664
2025-06-30,600988.SH,25.12,25.33,24.87,25.31,678743
2025-07-01,600988.SH,25.16,25.37,24.75,24.8,612029
2025-07-02,600988.SH,24.82,25.13,24.77,24.9,367478
2025-07-03,600988.SH,24.62,24.68,23.83,24.38,741400
2025-07-06,600988.SH,23.99,24.39,23.99,24.13,317321
2025-07-07,600988.SH,24.48,24.52,24.17,24.33,336112
2025-07-08,600988.SH,24,24.18,23.78,23.85,439358
2025-07-09,600988.SH,24,24.08,23.85,24.02,308664
2025-07-10,600988.SH,24.04,24.38,23.91,24.29,537016
2025-07-13,600988.SH,24.53,24.62,24.31,24.51,672009
2025-07-14,600988.SH,23.89,24.28,23.79,23.98,621195
2025-07-15,600988.SH,23.81,24.15,23.79,24.14,337242
2025-07-16,600988.SH,24.1,24.25,23.61,23.66,597097
2025-07-17,600988.SH,23.65,23.79,23.57,23.75,370323
2025-07-20,600988.SH,23.75,23.94,23.63,23.91,497840
2025-07-21,600988.SH,24.15,24.65,24.11,24.39,940619
2025-07-22,600988.SH,24.72,24.72,24.23,24.25,538298
2025-07-23,600988.SH,23.9,24.09,23.6,24.05,566353
2025-07-24,600988.SH,23.88,24.12,23.72,23.75,359727
2025-07-27,600988.SH,23.65,23.66,23.21,23.38,505452
2025-07-28,600988.SH,23.2,23.36,22.77,23.31,600604
2025-07-29,600988.SH,23.37,23.59,23.2,23.25,451833
2025-07-30,600988.SH,22.91,22.99,22.61,22.89,502524
2025-07-31,600988.SH,22.8,23.07,22.73,22.85,298067
2025-08-03,600988.SH,23.4,24.59,23.4,24.55,1447979
2025-08-04,600988.SH,24.75,24.9,24.38,24.64,897975
2025-08-05,600988.SH,24.66,24.74,24.41,24.74,560648
2025-08-06,600988.SH,24.7,25.65,24.43,25.55,832307
2025-08-07,600988.SH,26.1,26.35,25.57,25.9,963467
2025-08-10,600988.SH,25,25.13,24.46,24.52,941520
2025-08-11,600988.SH,24.41,24.7,24.38,24.58,405301
2025-08-12,600988.SH,24.49,25,24.29,24.94,552977
2025-08-13,600988.SH,24.95,25.15,24.57,24.64,426229
2025-08-14,600988.SH,24.27,24.64,24.13,24.58,355466
2025-08-17,600988.SH,24.47,24.6,24.07,24.43,561178
2025-08-18,600988.SH,24.27,24.36,24.06,24.19,374030
2025-08-19,600988.SH,23.99,24.38,23.9,24.38,332531
2025-08-20,600988.SH,24.53,24.75,24.12,24.23,431110
2025-08-21,600988.SH,24.16,24.44,24.01,24.32,421380
2025-08-24,600988.SH,24.7,25.31,24.7,25.3,898901
2025-08-25,600988.SH,25.36,25.72,25.12,25.57,637948
2025-08-26,600988.SH,25.72,25.73,24.81,24.81,601189
2025-08-27,600988.SH,25.01,25.53,24.47,25.08,516651
2025-08-28,600988.SH,25.48,26.21,25.4,25.97,954898
2025-08-31,600988.SH,26.8,28.45,26.31,28.05,1456397
2025-09-01,600988.SH,28.65,28.86,27.59,27.81,1103272
2025-09-02,600988.SH,28.87,29.37,27.7,28.02,960782
2025-09-03,600988.SH,28.13,28.29,26.24,26.56,994401
2025-09-04,600988.SH,26.58,27.96,26.57,27.85,855127
2025-09-07,600988.SH,28.5,28.57,27.52,28,699469
2025-09-08,600988.SH,28.76,30.8,28.62,30.8,1576169
2025-09-09,600988.SH,29.3,30.58,29.18,30.25,1109070
2025-09-10,600988.SH,30.26,30.27,29.26,29.77,839300
2025-09-11,600988.SH,29.65,30.15,29.1,29.75,842123
2025-09-14,600988.SH,29.19,29.68,28.82,29.3,593874
2025-09-15,600988.SH,30.08,30.11,28.57,29.58,744002
2025-09-16,600988.SH,29,29.08,28.1,28.5,733104
2025-09-17,600988.SH,27.89,28.47,27.22,27.4,693449
2025-09-18,600988.SH,27.5,27.89,27.22,27.6,443395
2025-09-21,600988.SH,28.4,28.91,27.61,28.8,667003
2025-09-22,600988.SH,29.3,29.8,28.21,28.95,752248
2025-09-23,600988.SH,28.82,29.33,28.49,29.19,550386
2025-09-24,600988.SH,28.67,28.8,27.92,28.23,607620
2025-09-25,600988.SH,28.2,28.76,28.05,28.1,400272
2025-09-28,600988.SH,28.58,29.38,27.83,29,631219
2025-09-29,600988.SH,29.5,29.89,29.16,29.58,673613
2025-10-08,600988.SH,32.54,32.54,31.23,32.1,1341852
2025-10-09,600988.SH,30.61,30.8,29.63,29.86,840434
2025-10-12,600988.SH,30.31,32.3,30.18,32.1,1069963
2025-10-13,600988.SH,33.5,34,30.08,30.58,1182315
2025-10-14,600988.SH,31.66,31.89,30.55,31.55,770858
2025-10-15,600988.SH,31.65,32.6,30.8,31.13,705325
2025-10-16,600988.SH,32.4,32.6,30.84,31,802831
2025-10-19,600988.SH,29.52,29.9,28.54,28.88,851453
2025-10-20,600988.SH,29.64,29.95,29.15,29.47,581223
2025-10-21,600988.SH,27.12,28.58,27.12,28.47,580461
2025-10-22,600988.SH,28.03,28.91,27.61,28.78,427587
2025-10-23,600988.SH,28.8,28.95,28.3,28.88,409911
2025-10-26,600988.SH,29.05,30.31,29.05,29.76,699836
2025-10-27,600988.SH,29.13,29.45,28.44,28.48,567071
2025-10-28,600988.SH,28.8,29.69,28.74,29.61,433516
2025-10-29,600988.SH,29.1,30,28.91,29.66,445257
2025-10-30,600988.SH,30.15,30.38,29.59,29.79,466746
2025-11-02,600988.SH,29.18,29.93,28.36,29.92,435737
2025-11-03,600988.SH,29.38,29.56,28.37,28.57,391923
2025-11-04,600988.SH,27.97,29.45,27.78,29.26,411015
2025-11-05,600988.SH,29.23,29.76,28.91,29.7,303908
2025-11-06,600988.SH,29.63,30.16,29.4,29.63,281485
2025-11-09,600988.SH,30.5,31,30.29,30.93,560302
2025-11-10,600988.SH,31.4,31.86,30.51,30.58,439247
2025-11-11,600988.SH,30.54,31.11,30.38,30.49,294192
2025-11-12,600988.SH,31.2,31.8,30.75,31.44,472102
2025-11-13,600988.SH,30.88,31.3,30.61,30.62,280529
2025-11-16,600988.SH,30.04,30.19,29.5,29.96,339127
2025-11-17,600988.SH,29.58,29.73,29.01,29.3,286849
2025-11-18,600988.SH,29.41,31.74,29.4,31.35,527920
2025-11-19,600988.SH,30.8,31.86,30.8,30.95,392254
2025-11-20,600988.SH,30.6,31.25,30.09,30.25,358286
2025-11-23,600988.SH,30.24,30.39,29.3,29.77,332105
2025-11-24,600988.SH,30.37,31.31,30.11,30.67,373497
2025-11-25,600988.SH,30.66,31.25,30.5,30.73,290608
2025-11-26,600988.SH,30.76,31.63,30.68,31.08,326895
2025-11-27,600988.SH,31.41,32.66,31.12,32,507139
2025-11-30,600988.SH,32.62,32.9,31.8,32.2,519193
2025-12-01,600988.SH,31.51,32.04,31.36,31.61,329291
2025-12-02,600988.SH,31.51,31.73,30.77,30.88,320008
2025-12-03,600988.SH,31,31.23,30.3,30.37,261562
2025-12-04,600988.SH,30.39,31.17,30.29,31.04,289094
2025-12-07,600988.SH,31.07,31.08,30.45,30.74,289148
2025-12-08,600988.SH,30.44,30.5,29.53,29.81,446659
2025-12-09,600988.SH,30.15,30.45,30,30.32,301475
2025-12-10,600988.SH,30.71,31.55,30.33,30.56,467128
2025-12-11,600988.SH,31.3,31.39,30.87,31.2,334298
2025-12-14,600988.SH,31.26,32.75,31.18,32.69,630599
2025-12-15,600988.SH,32.03,32.6,30.6,30.93,605408
2025-12-16,600988.SH,31.27,32.5,31.1,32,468225
2025-12-17,600988.SH,31.6,32.69,31.56,32.26,350355
2025-12-18,600988.SH,32.01,32.06,31.03,31.95,338688
2025-12-21,600988.SH,32.34,33.5,32.27,33.1,411555
2025-12-22,600988.SH,33.88,34.25,33.12,33.36,547279
2025-12-23,600988.SH,33.95,33.97,32.39,32.63,516787
2025-12-24,600988.SH,32.07,32.2,31.62,31.79,364280
2025-12-25,600988.SH,32.23,32.74,31.89,32.27,409677
2025-12-28,600988.SH,32.3,32.78,31.73,31.74,478832
2025-12-29,600988.SH,30.7,31.9,30.69,31.63,413023
2025-12-30,600988.SH,31.61,32.04,30.89,31.24,416560
2026-01-04,600988.SH,31.79,32.32,31.7,31.99,532463
2026-01-05,600988.SH,31.66,32.71,31.25,32.01,867794
2026-01-06,600988.SH,32.04,32.2,30.89,31.01,804609
2026-01-07,600988.SH,30.81,31.32,30.15,30.41,668790
2026-01-08,600988.SH,30.35,31.25,30.24,31.03,652114
2026-01-11,600988.SH,31.8,31.97,31.11,31.28,639742
2026-01-12,600988.SH,31.3,32.43,31.19,31.81,836724
2026-01-13,600988.SH,32.28,32.64,31.86,32.32,853694
2026-01-14,600988.SH,32.24,34,31.71,32.94,997063
2026-01-15,600988.SH,32.51,33.16,32.12,32.3,568641
2026-01-18,600988.SH,32.9,33.4,32.43,33.38,693099
2026-01-19,600988.SH,33.38,35.39,32.06,34.96,1230638
2026-01-20,600988.SH,36,38.46,35.66,38.39,1437008
2026-01-21,600988.SH,36.85,37.87,36.39,37.33,1002211
2026-01-22,600988.SH,38.68,40.3,38.17,38.82,1157277
2026-01-25,600988.SH,40.66,42.7,40.6,42.69,1316862
2026-01-26,600988.SH,41.21,44.45,40.75,42.6,1467965
2026-01-27,600988.SH,43.96,46.86,43.11,46.86,1396342
2026-01-28,600988.SH,50,51.5,45.6,48,1902540
2026-01-29,600988.SH,44,45,43.2,43.2,940307
2026-02-01,600988.SH,38.88,38.88,38.88,38.88,74011
2026-02-02,600988.SH,36.5,40.42,36.15,39.78,1992373
2026-02-03,600988.SH,40.49,40.49,37.62,38.53,1352170
2026-02-04,600988.SH,37,38.25,36,36.83,1044984
2026-02-05,600988.SH,35,37.72,35,37.01,908960
2026-02-08,600988.SH,37.9,37.92,36.91,37.13,696320
2026-02-09,600988.SH,37.05,37.25,36.52,36.78,479366
2026-02-10,600988.SH,36.71,38.75,36.71,38.22,747292
2026-02-11,600988.SH,37.96,38.88,37.96,38.25,555062
2026-02-12,600988.SH,37.3,38.23,37.25,37.3,491554
2026-02-23,600988.SH,39,39.8,38.55,39.33,736570
2026-02-24,600988.SH,39.18,39.6,38.45,39.2,688987
2026-02-25,600988.SH,39,39.38,38.68,38.77,435061
2026-02-26,600988.SH,38.62,40.05,38.56,39.92,728830
2026-03-01,600988.SH,41.5,43.91,40.06,43.91,1517327
2026-03-02,600988.SH,42.68,45.58,41.82,42.7,1354325
2026-03-03,600988.SH,40.09,42.23,40.09,41.58,853115
2026-03-04,600988.SH,41.86,41.91,39.87,40.34,648175
2026-03-05,600988.SH,39.5,41.1,39.05,39.94,486543
2026-03-08,600988.SH,38.99,41.03,38,40.55,726322
2026-03-09,600988.SH,40.83,41.39,40.21,40.86,455495
2026-03-10,600988.SH,41.28,42.45,41.28,41.73,567251
2026-03-11,600988.SH,41.3,43.25,41.26,42.35,747076
2026-03-12,600988.SH,41.82,42.56,40.87,40.91,492387
2026-03-15,600988.SH,40.3,40.46,38.06,39.6,729669
2026-03-16,600988.SH,39.6,41.2,39.43,40.01,503743
2026-03-17,600988.SH,39.91,40.89,39.55,40.82,503180
2026-03-18,600988.SH,39.91,40.89,39.55,40.82,503180
2026-03-19,600988.SH,39.91,40.89,39.55,40.82,503180
2026-03-22,600988.SH,36.74,36.74,36.74,36.74,62322
2026-03-23,600988.SH,35.52,36.45,33.08,36.12,1479153
2026-03-24,600988.SH,37.01,39.6,37.01,38.33,1243734
2026-03-25,600988.SH,38.32,38.69,36.93,37.3,540408
2026-03-26,600988.SH,36.65,40.13,36.65,39.8,709867
2026-03-29,600988.SH,39.81,43.09,39.66,42.94,830940
2026-03-30,600988.SH,43,43.85,42.8,43.15,796004
2026-03-31,600988.SH,44.5,46.33,44.5,45.35,824689
2026-04-01,600988.SH,45,46.03,43.01,45,893075
2026-04-02,600988.SH,44.93,45.28,44.06,45.25,425046
2026-04-06,600988.SH,44.6,45.29,43.48,43.69,526737
2026-04-07,600988.SH,46.18,47.49,45.72,47.36,816861
2026-04-08,600988.SH,45.5,46.6,45.49,45.85,523779
2026-04-09,600988.SH,46.3,46.4,44.93,45.08,383089
2026-04-12,600988.SH,44.8,44.96,43.7,44.18,403747
2026-04-13,600988.SH,44.94,44.96,43.6,44.01,345388
2026-04-14,600988.SH,44.99,45.2,43.19,43.3,370813
2026-04-15,600988.SH,43.8,44.3,42.6,44.1,384944
2026-04-16,600988.SH,43.36,43.95,43.15,43.42,322408
2026-04-19,600988.SH,43.02,44.62,43.02,44.24,402885
2026-04-20,600988.SH,44.23,44.78,43.25,44.33,264431
2026-04-21,600988.SH,43.96,44.25,43.05,43.22,388593
2026-04-22,600988.SH,42.81,42.89,40.3,41.17,595936
2026-04-23,600988.SH,41,41.16,39.56,40.69,353275
2026-04-26,600988.SH,40,40.6,38.82,38.98,534300
2026-04-27,600988.SH,38.84,39.22,37.28,37.37,442783
2026-04-28,600988.SH,37.22,39.07,37.07,38.88,541234
2026-04-29,600988.SH,38.31,38.88,37.61,38,412085
2026-05-05,600988.SH,38.56,41.28,37.68,41.11,883681
2026-05-06,600988.SH,41.84,42.99,41.61,42.36,691037
2026-05-07,600988.SH,41.85,44.88,41.64,44.4,690784
2026-05-10,600988.SH,43.55,43.55,41.31,42.04,791050
2026-05-11,600988.SH,42.66,43.25,40.73,40.95,545031
2026-05-12,600988.SH,40.92,41.73,40.26,40.8,463057
2026-05-13,600988.SH,40.55,40.96,39.68,39.68,431872
2026-05-14,600988.SH,38.86,38.86,37.25,37.64,644465
2026-05-17,600988.SH,36.66,36.9,35.96,36.66,597063
2026-05-18,600988.SH,36.67,37.18,36.04,36.26,368666
2026-05-19,600988.SH,35.47,35.88,34.63,35.68,571170
2026-05-20,600988.SH,36.57,36.97,34.47,34.5,459372
2026-05-21,600988.SH,34.55,35.57,34.08,35.15,347791
2026-05-24,600988.SH,36.2,37.14,35.57,36.03,433081
2026-05-25,600988.SH,35.26,38.43,34.83,38.17,711693
2026-05-26,600988.SH,37.25,38,35.61,35.74,454529
2026-05-27,600988.SH,35.15,35.59,33.74,34,497378
2026-05-28,600988.SH,35,35.1,33.23,33.37,478838
2026-05-31,600988.SH,33.36,33.97,32.9,33.5,337448
2026-06-01,600988.SH,33.55,34.42,32.41,34.15,480893
2026-06-02,600988.SH,33.3,33.93,32.81,33.45,349435
2026-06-03,600988.SH,33.28,33.4,31.92,32.23,419701
2026-06-04,600988.SH,32.02,32.18,31.15,31.36,322847
2026-06-07,600988.SH,29.75,30.28,28.9,29.2,714710
2026-06-08,600988.SH,29.5,29.66,28.57,29.37,416306
2026-06-09,600988.SH,28.2,28.79,27.71,28.17,612309
2026-06-10,600988.SH,27.61,28.87,27.51,28.26,425502
2026-06-11,600988.SH,29.26,30.93,28.81,30.37,954485
2026-06-14,600988.SH,32.49,33.38,31.96,32.63,858661
2026-06-15,600988.SH,32.6,32.73,31.65,31.98,401603
2026-06-16,600988.SH,32.4,32.52,31.72,32.5,373596
2026-06-17,600988.SH,31.64,32.5,30.54,30.59,604830
2026-06-21,600988.SH,30.33,31.16,29.3,31.09,619449
2026-06-22,600988.SH,30.36,30.66,27.98,27.98,680996
2026-06-23,600988.SH,27.5,28.38,27.28,28.19,553243
2026-06-24,600988.SH,27.18,27.29,26.53,26.62,688607
2026-06-25,600988.SH,26.8,26.9,25,25.93,600244
2026-06-28,600988.SH,25.8,26.88,25.35,26.68,624562
2026-06-29,600988.SH,25.7,26.42,25.68,26.32,517739
2026-06-30,600988.SH,26,26.39,25.51,25.81,490962
2026-07-01,600988.SH,26.64,28.39,26.64,28.39,673026
2026-07-02,600988.SH,30.37,31.23,29.86,31.23,372467
2026-07-05,600988.SH,31.23,33.59,31.23,31.6,1483166
2026-07-06,600988.SH,30.31,31.49,30.23,30.42,714000
2026-07-07,600988.SH,30.03,32.05,29.5,31.32,903481
2026-07-08,600988.SH,29.9,31.49,29.9,31.35,663506
2026-07-09,600988.SH,31.81,33.64,30.45,32.84,861807
2026-07-12,600988.SH,31.6,33.13,31.07,32.33,648712
2026-07-13,600988.SH,31.69,35.08,30.88,34.95,859098
2026-07-14,600988.SH,33.94,35.35,33.39,33.4,827023
2026-07-15,600988.SH,32.81,35.61,32.78,34.62,636745
2026-07-16,600988.SH,34.17,34.56,31.16,31.74,887527
2026-07-19,600988.SH,31.25,33.2,30.93,32.25,606365
2026-07-20,600988.SH,33.1,35.48,32.81,35.48,811912
2026-07-21,600988.SH,36.82,39.03,36.59,38.22,1084722
2026-07-22,600988.SH,38.23,40.78,37.22,38.83,1096695
2026-07-23,600988.SH,36.35,37.87,35,36.49,831977
2026-07-26,600988.SH,37.8,38.56,36.03,38.14,749888
2026-07-27,600988.SH,37.09,37.5,36.22,37.29,508178
2026-07-28,600988.SH,36.7,38.34,36.57,37.86,510380
2026-07-29,600988.SH,38.96,39.99,37,37.17,777590
2026-07-30,600988.SH,37.6,40.79,37.5,39.56,897949
2026-08-02,600988.SH,38.2,39.34,36.89,38.86,533706
2026-08-03,600988.SH,38.53,38.85,37.15,37.75,635509
2026-08-04,600988.SH,38.2,41,37.57,40.84,733872
2026-08-05,600988.SH,43.53,43.6,41.08,41.3,882901
2026-08-06,600988.SH,41.02,42.09,40.2,42.09,774417
2026-08-09,600988.SH,41.9,44.18,40.68,43.73,817378
2026-08-10,600988.SH,44.8,45.99,39.8,40.3,1220211
2026-08-11,600988.SH,40.31,41.2,39.8,40.98,687519
2026-08-12,600988.SH,41,41.53,38.6,38.66,789240
2026-08-13,600988.SH,37.67,39.99,37.5,39.78,558126
2026-08-16,600988.SH,40.5,41.54,40.19,40.78,404548
2026-08-17,600988.SH,41.05,42.68,40.79,42.21,514787
2026-08-18,600988.SH,40.8,43.7,40.66,42.72,611302
2026-08-19,600988.SH,45,46.99,44.55,46.1,1026165
2026-08-20,600988.SH,46.98,49.88,46.11,49.43,1013615
2026-08-23,600988.SH,49.6,51.99,47.49,48.77,1175790
2026-08-24,600988.SH,49.01,49.2,46,47.66,859635
2026-08-25,600988.SH,47.47,48.79,46.78,46.85,614209
2026-08-26,600988.SH,46.68,49.46,46.63,48.22,721654
2026-08-27,600988.SH,47.8,49.3,46.73,49.09,579583
2026-08-30,600988.SH,46,46.97,44.4,46.81,863877
2026-08-31,600988.SH,46.5,47.45,45.9,46,462858
2026-09-01,600988.SH,45,46.13,43.61,45.77,605028
2026-09-02,600988.SH,46.63,47.45,45.88,46.6,572217
2026-09-03,600988.SH,47.21,47.63,45.31,45.69,539941
2026-09-06,600988.SH,44.5,45.6,44.25,44.48,412459
2026-09-07,600988.SH,44.89,45.03,43.82,44.2,396407
2026-09-08,600988.SH,43.4,44.53,43.17,43.88,465537
2026-09-09,600988.SH,43.52,44.63,43.07,44.3,407400
2026-09-10,600988.SH,42.9,44.73,42.32,44.39,518463
2026-09-13,600988.SH,43.51,45.6,43.3,44.48,374958
2026-09-14,600988.SH,44.48,45,43.13,43.54,337490
2026-09-15,600988.SH,44,45.89,43.1,45.44,480155
2026-09-16,600988.SH,44.88,45.3,42.1,43.44,679227
2026-09-17,600988.SH,44.31,44.37,42.6,44.26,553588
2026-09-20,600988.SH,43.85,44.3,42.85,42.96,378993
2026-09-21,600988.SH,42.88,43.55,42.3,42.4,319922
2026-09-22,600988.SH,42.7,43.13,42.08,42.5,258765
2026-09-23,600988.SH,41.96,42.25,40.25,40.28,477923
2026-09-27,600988.SH,39.2,39.8,37.79,38.07,429779
2026-09-28,600988.SH,37.33,38.89,36.83,38.44,434047
2026-09-29,600988.SH,38.58,39.8,38.25,39.56,414536
2022-08-16,601899.SH,9.04,9.05,8.9,9.02,1488300
2022-08-17,601899.SH,8.95,8.96,8.87,8.89,1461353
2022-08-18,601899.SH,8.9,8.94,8.84,8.84,1309137
2022-08-21,601899.SH,8.89,9.12,8.81,9.05,2216487
2022-08-22,601899.SH,9,9.05,8.93,9,1346530
2022-08-23,601899.SH,9.04,9.15,8.86,8.88,1875311
2022-08-24,601899.SH,8.9,9.15,8.87,9.13,3130892
2022-08-25,601899.SH,9.18,9.25,9.12,9.15,2495394
2022-08-28,601899.SH,9,9.04,8.91,9.02,1462731
2022-08-29,601899.SH,8.99,9.02,8.86,8.9,1409104
2022-08-30,601899.SH,8.82,8.91,8.76,8.8,1856120
2022-08-31,601899.SH,8.75,8.75,8.65,8.65,1553012
2022-09-01,601899.SH,8.62,8.65,8.5,8.52,1566370
2022-09-04,601899.SH,8.52,8.6,8.46,8.59,1221012
2022-09-05,601899.SH,8.62,8.85,8.61,8.84,1841904
2022-09-06,601899.SH,8.8,9.01,8.76,8.94,1922969
2022-09-07,601899.SH,9,9.11,8.9,9.06,2997282
2022-09-08,601899.SH,9.15,9.28,9.13,9.19,3149438
2022-09-12,601899.SH,9.22,9.38,9.21,9.29,2964549
2022-09-13,601899.SH,9.04,9.14,9,9,2289103
2022-09-14,601899.SH,9.05,9.08,8.9,8.95,1677908
2022-09-15,601899.SH,8.9,8.92,8.6,8.68,2639633
2022-09-18,601899.SH,8.72,8.75,8.57,8.62,1288440
2022-09-19,601899.SH,8.69,8.78,8.64,8.7,1093191
2022-09-20,601899.SH,8.65,8.74,8.57,8.71,1023118
2022-09-21,601899.SH,8.61,8.75,8.59,8.65,986767
2022-09-22,601899.SH,8.65,8.69,8.5,8.53,1397004
2022-09-25,601899.SH,8.37,8.37,7.68,7.82,5241568
2022-09-26,601899.SH,7.71,7.88,7.61,7.85,2480763
2022-09-27,601899.SH,7.78,7.78,7.46,7.48,2340172
2022-09-28,601899.SH,7.65,7.82,7.65,7.7,2344631
2022-09-29,601899.SH,7.78,7.92,7.73,7.84,1988575
2022-10-09,601899.SH,7.9,7.92,7.76,7.77,1624692
2022-10-10,601899.SH,7.81,7.89,7.69,7.88,1397935
2022-10-11,601899.SH,7.85,8,7.73,7.99,1752113
2022-10-12,601899.SH,8,8,7.81,7.84,1412757
2022-10-13,601899.SH,7.89,8.01,7.83,7.96,1727548
2022-10-16,601899.SH,7.88,8.06,7.83,8.05,1460747
2022-10-17,601899.SH,8.06,8.13,7.98,8,1018323
2022-10-18,601899.SH,8,8.07,7.91,7.92,1068458
2022-10-19,601899.SH,7.85,7.92,7.76,7.85,1071252
2022-10-20,601899.SH,7.93,8.02,7.88,7.93,1363865
2022-10-23,601899.SH,8.02,8.18,7.93,7.94,2650774
2022-10-24,601899.SH,7.91,8,7.74,7.9,1684840
2022-10-25,601899.SH,7.9,7.99,7.86,7.94,1463937
2022-10-26,601899.SH,8.1,8.37,8.07,8.23,3429771
2022-10-27,601899.SH,8.16,8.29,8.07,8.1,1732118
2022-10-30,601899.SH,7.99,8.03,7.8,7.92,1713051
2022-10-31,601899.SH,7.95,8.2,7.88,8.2,2189228
2022-11-01,601899.SH,8.22,8.33,8.13,8.26,1735094
2022-11-02,601899.SH,8.12,8.2,8.06,8.14,1422636
2022-11-03,601899.SH,8.14,8.44,8.11,8.36,2931364
2022-11-06,601899.SH,8.77,9.2,8.77,9.09,7426996
2022-11-07,601899.SH,8.92,9.19,8.86,9.06,3636577
2022-11-08,601899.SH,9.35,9.53,9.28,9.29,5361017
2022-11-09,601899.SH,9.18,9.27,9.03,9.15,2139627
2022-11-10,601899.SH,9.9,10.05,9.75,9.92,8208131
2022-11-13,601899.SH,10.04,10.07,9.76,9.97,4592544
2022-11-14,601899.SH,9.85,10.02,9.72,9.92,2963189
2022-11-15,601899.SH,9.93,10.03,9.83,9.99,2496772
2022-11-16,601899.SH,9.89,10.01,9.62,9.77,3475115
2022-11-17,601899.SH,9.72,9.78,9.6,9.64,2221529
2022-11-20,601899.SH,9.45,9.45,9.19,9.42,2756486
2022-11-21,601899.SH,9.4,9.69,9.4,9.53,1793313
2022-11-22,601899.SH,9.59,9.75,9.53,9.55,1556101
2022-11-23,601899.SH,9.7,9.8,9.65,9.74,1719610
2022-11-24,601899.SH,9.66,9.9,9.65,9.79,1733001
2022-11-27,601899.SH,9.6,9.62,9.41,9.58,1631938
2022-11-28,601899.SH,9.6,9.91,9.56,9.87,2081507
2022-11-29,601899.SH,9.83,9.89,9.74,9.83,1470981
2022-11-30,601899.SH,10.2,10.4,10.14,10.3,4328238
2022-12-01,601899.SH,10.32,10.39,10.07,10.11,2270358
2022-12-04,601899.SH,10.23,10.56,10.14,10.45,2880482
2022-12-05,601899.SH,10.28,10.49,10.26,10.41,1724105
2022-12-06,601899.SH,10.35,10.4,10.18,10.27,1630431
2022-12-07,601899.SH,10.27,10.43,10.23,10.32,948303
2022-12-08,601899.SH,10.36,10.65,10.34,10.61,2345095
2022-12-11,601899.SH,10.46,10.55,10.3,10.33,1665520
2022-12-12,601899.SH,10.25,10.43,10.23,10.34,1066406
2022-12-13,601899.SH,10.51,10.61,10.42,10.47,1302564
2022-12-14,601899.SH,10.4,10.55,10.18,10.26,1452973
2022-12-15,601899.SH,10.12,10.37,10.1,10.3,1183042
2022-12-18,601899.SH,10.38,10.44,9.97,10.06,1393210
2022-12-19,601899.SH,10,10.08,9.79,9.9,1338980
2022-12-20,601899.SH,10.05,10.15,9.94,9.97,790630
2022-12-21,601899.SH,10.15,10.17,9.98,10.01,881205
2022-12-22,601899.SH,9.86,9.98,9.77,9.9,901104
2022-12-25,601899.SH,9.95,9.96,9.74,9.78,1127721
2022-12-26,601899.SH,9.88,10.07,9.85,10.05,1151478
2022-12-27,601899.SH,10,10.01,9.88,10,821678
2022-12-28,601899.SH,9.88,9.94,9.77,9.84,1336670
2022-12-29,601899.SH,9.88,10.09,9.85,10,1329165
2023-01-02,601899.SH,9.96,10.59,9.88,10.53,2377424
2023-01-03,601899.SH,10.43,10.51,10.25,10.3,1359564
2023-01-04,601899.SH,10.43,10.5,10.33,10.39,1623551
2023-01-05,601899.SH,10.44,10.5,10.39,10.43,1054528
2023-01-08,601899.SH,10.69,11.46,10.67,11.44,3896777
2023-01-09,601899.SH,11.44,11.52,11.28,11.41,1872178
2023-01-10,601899.SH,11.56,11.69,11.44,11.49,1516483
2023-01-11,601899.SH,11.7,11.85,11.38,11.42,1526780
2023-01-12,601899.SH,11.59,11.77,11.45,11.55,1413329
2023-01-15,601899.SH,11.65,11.77,11.4,11.51,1921915
2023-01-16,601899.SH,11.45,11.45,11.11,11.29,1876829
2023-01-17,601899.SH,11.39,11.52,11.33,11.39,1313284
2023-01-18,601899.SH,11.4,11.64,11.33,11.58,1226011
2023-01-19,601899.SH,11.68,12.11,11.67,11.91,2151675
2023-01-29,601899.SH,12,12,11.48,11.53,3088073
2023-01-30,601899.SH,11.53,11.93,11.45,11.79,2160488
2023-01-31,601899.SH,11.87,12.32,11.85,12.27,2588353
2023-02-01,601899.SH,12.26,12.27,11.99,12.07,1569913
2023-02-02,601899.SH,11.88,11.89,11.7,11.85,1710951
2023-02-05,601899.SH,11.5,11.51,11.21,11.39,2572880
2023-02-06,601899.SH,11.45,11.69,11.39,11.56,1481977
2023-02-07,601899.SH,11.59,11.62,11.36,11.37,1209709
2023-02-08,601899.SH,11.3,11.42,11.24,11.4,1133200
2023-02-09,601899.SH,11.3,11.34,11.13,11.19,1312927
2023-02-12,601899.SH,11.02,11.36,11.02,11.3,1366356
2023-02-13,601899.SH,11.32,11.68,11.28,11.57,1835538
2023-02-14,601899.SH,11.58,11.91,11.46,11.57,1688579
2023-02-15,601899.SH,11.55,11.57,11.18,11.27,1332990
2023-02-16,601899.SH,11.35,11.69,11.32,11.36,1568398
2023-02-19,601899.SH,11.41,11.7,11.38,11.69,1689102
2023-02-20,601899.SH,11.75,12.24,11.72,12.13,2633881
2023-02-21,601899.SH,12.03,12.18,11.9,11.95,1443425
2023-02-22,601899.SH,11.95,12.05,11.83,11.95,830653
2023-02-23,601899.SH,11.79,11.81,11.56,11.63,1625734
2023-02-26,601899.SH,11.4,11.55,11.26,11.41,1356995
2023-02-27,601899.SH,11.49,11.58,11.3,11.41,1060190
2023-02-28,601899.SH,11.55,12.05,11.52,11.98,1923710
2023-03-01,601899.SH,12.06,12.25,11.93,12.1,1621666
2023-03-02,601899.SH,12.1,12.14,11.9,11.98,993561
2023-03-05,601899.SH,12.04,12.09,11.66,11.93,1280290
2023-03-06,601899.SH,11.95,12.19,11.81,11.98,1965364
2023-03-07,601899.SH,11.7,11.75,11.42,11.66,1578514
2023-03-08,601899.SH,11.7,11.75,11.51,11.56,964418
2023-03-09,601899.SH,11.46,11.59,11.41,11.44,931615
2023-03-12,601899.SH,11.68,12.2,11.67,12.16,2500559
2023-03-13,601899.SH,12.34,12.59,12,12.03,2157492
2023-03-14,601899.SH,12.02,12.03,11.81,11.82,1364791
2023-03-15,601899.SH,11.6,11.71,11.36,11.39,2319266
2023-03-16,601899.SH,11.49,11.69,11.32,11.46,1718725
2023-03-19,601899.SH,11.73,11.9,11.67,11.8,1658067
2023-03-20,601899.SH,11.8,11.89,11.62,11.82,1116095
2023-03-21,601899.SH,11.71,11.9,11.65,11.74,1192780
2023-03-22,601899.SH,11.82,12.18,11.74,12.14,2010913
2023-03-23,601899.SH,12.2,12.2,11.97,12.01,1172515
2023-03-26,601899.SH,12,12.07,11.73,11.99,1239538
2023-03-27,601899.SH,11.99,12.14,11.88,12.01,1078766
2023-03-28,601899.SH,12.12,12.34,11.99,12.01,1097239
2023-03-29,601899.SH,12.04,12.25,11.93,12.25,1507178
2023-03-30,601899.SH,12.29,12.45,12.25,12.39,1586910
2023-04-02,601899.SH,12.39,12.45,12.07,12.12,1686775
2023-04-03,601899.SH,12.2,12.43,12.09,12.35,1559546
2023-04-05,601899.SH,12.43,13.14,12.41,13.13,2942722
2023-04-06,601899.SH,12.96,13.07,12.79,12.89,1381682
2023-04-09,601899.SH,12.79,13.12,12.66,12.98,1168734
2023-04-10,601899.SH,12.98,13.44,12.84,13.43,2253746
2023-04-11,601899.SH,13.38,13.75,13.32,13.55,1854368
2023-04-12,601899.SH,13.5,13.78,13.24,13.4,1583872
2023-04-13,601899.SH,13.74,13.99,13.69,13.94,2105780
2023-04-16,601899.SH,13.58,14.02,13.48,13.91,1633557
2023-04-17,601899.SH,13.87,14.05,13.75,13.86,1234738
2023-04-18,601899.SH,13.9,14.1,13.83,13.9,1154891
2023-04-19,601899.SH,13.8,13.82,13.32,13.59,2056810
2023-04-20,601899.SH,13.62,13.66,13.29,13.29,1294834
2023-04-23,601899.SH,13.25,13.43,12.58,12.69,2447299
2023-04-24,601899.SH,12.83,13.08,12.67,12.88,1815957
2023-04-25,601899.SH,12.66,12.81,12.47,12.57,1692609
2023-04-26,601899.SH,12.49,13.03,12.42,12.82,1779557
2023-04-27,601899.SH,12.55,12.98,12.55,12.83,1453621
2023-05-03,601899.SH,13.25,13.38,12.84,12.93,2114892
2023-05-04,601899.SH,13.03,13.14,12.45,12.58,1870675
2023-05-07,601899.SH,12.49,12.74,12.31,12.66,1475035
2023-05-08,601899.SH,12.67,12.67,12.19,12.25,1714661
2023-05-09,601899.SH,12.32,12.42,12.04,12.08,1243354
2023-05-10,601899.SH,12.04,12.09,11.6,11.68,1869317
2023-05-11,601899.SH,11.4,11.41,10.91,10.98,3385700
2023-05-14,601899.SH,10.98,11.2,10.66,11.11,2357757
2023-05-15,601899.SH,11.05,11.42,11,11.25,2064956
2023-05-16,601899.SH,11.04,11.2,10.93,11,1307229
2023-05-17,601899.SH,11.17,11.27,11.01,11.1,1384687
2023-05-18,601899.SH,10.86,11.03,10.7,10.89,2052900
2023-05-21,601899.SH,10.9,11,10.81,10.9,997254
2023-05-22,601899.SH,10.88,10.94,10.67,10.67,1269219
2023-05-23,601899.SH,10.62,10.83,10.51,10.69,1284978
2023-05-24,601899.SH,10.62,10.62,10.38,10.52,1482542
2023-05-25,601899.SH,10.45,10.87,10.39,10.8,1280834
2023-05-28,601899.SH,10.82,10.88,10.71,10.8,1157875
2023-05-29,601899.SH,10.79,10.87,10.61,10.71,1187885
2023-05-30,601899.SH,10.75,10.87,10.61,10.69,1241795
2023-05-31,601899.SH,10.73,11.23,10.68,11.05,2204978
2023-06-01,601899.SH,11.17,11.62,11.17,11.59,2675839
2023-06-04,601899.SH,11.41,11.41,11.14,11.28,1675791
2023-06-05,601899.SH,11.38,11.65,11.34,11.39,1687979
2023-06-06,601899.SH,11.46,11.6,11.36,11.4,1103958
2023-06-07,601899.SH,11.28,11.57,11.16,11.52,1179550
2023-06-08,601899.SH,11.69,11.88,11.52,11.71,1508151
2023-06-11,601899.SH,11.59,11.62,11.38,11.55,1365458
2023-06-12,601899.SH,11.49,11.62,11.42,11.6,885813
2023-06-13,601899.SH,11.7,12,11.7,11.88,1966903
2023-06-14,601899.SH,11.68,11.84,11.42,11.8,1454844
2023-06-15,601899.SH,11.85,12.28,11.84,12.03,1804542
2023-06-18,601899.SH,12.03,12.08,11.71,11.81,1482347
2023-06-19,601899.SH,11.79,11.86,11.59,11.76,926572
2023-06-20,601899.SH,11.6,11.85,11.54,11.57,841144
2023-06-25,601899.SH,11.52,11.65,11.43,11.49,791801
2023-06-26,601899.SH,11.45,11.73,11.28,11.69,1022671
2023-06-27,601899.SH,11.59,11.73,11.52,11.66,730423
2023-06-28,601899.SH,11.61,11.66,11.33,11.35,948293
2023-06-29,601899.SH,11.39,11.52,11.25,11.37,663134
2023-07-02,601899.SH,11.5,12.03,11.49,11.93,1715186
2023-07-03,601899.SH,11.97,12,11.74,11.8,1074271
2023-07-04,601899.SH,11.78,11.9,11.73,11.8,712075
2023-07-05,601899.SH,11.71,11.75,11.52,11.61,768336
2023-07-06,601899.SH,11.51,11.72,11.28,11.55,1255830
2023-07-09,601899.SH,11.58,11.76,11.48,11.54,805898
2023-07-10,601899.SH,11.71,11.95,11.68,11.84,1216866
2023-07-11,601899.SH,11.83,12.05,11.77,11.95,1876531
2023-07-12,601899.SH,12.38,12.76,12.38,12.52,2897776
2023-07-13,601899.SH,12.75,12.8,12.56,12.58,1271872
2023-07-16,601899.SH,12.48,12.5,12.3,12.34,863628
2023-07-17,601899.SH,12.34,12.53,12.26,12.4,680990
2023-07-18,601899.SH,12.56,12.66,12.45,12.59,1038868
2023-07-19,601899.SH,12.54,12.8,12.52,12.61,986633
2023-07-20,601899.SH,12.55,12.68,12.49,12.53,705158
2023-07-23,601899.SH,12.41,12.62,12.38,12.43,573200
2023-07-24,601899.SH,12.64,13.1,12.64,12.94,1755674
2023-07-25,601899.SH,12.96,13.08,12.88,13.07,894495
2023-07-26,601899.SH,13.07,13.1,12.83,12.88,760670
2023-07-27,601899.SH,12.66,12.84,12.55,12.79,1450646
2023-07-30,601899.SH,12.99,13.18,12.95,13.01,1167131
2023-07-31,601899.SH,13.27,13.44,13,13.05,1201423
2023-08-01,601899.SH,12.82,12.96,12.77,12.86,839368
2023-08-02,601899.SH,12.75,12.8,12.6,12.74,1098466
2023-08-03,601899.SH,12.86,12.99,12.78,12.85,781053
2023-08-06,601899.SH,12.78,12.88,12.73,12.85,446231
2023-08-07,601899.SH,12.85,13.13,12.74,13.03,1119020
2023-08-08,601899.SH,12.9,12.98,12.74,12.87,840075
2023-08-09,601899.SH,12.8,12.88,12.69,12.73,703303
2023-08-10,601899.SH,12.75,12.83,12.44,12.5,931824
2023-08-13,601899.SH,12.39,12.42,12.15,12.32,1310245
2023-08-14,601899.SH,12.34,12.43,12.16,12.32,680080
2023-08-15,601899.SH,12.18,12.25,12.08,12.19,745737
2023-08-16,601899.SH,12.06,12.34,11.84,12.29,1017969
2023-08-17,601899.SH,12.29,12.43,12.05,12.08,768212
2023-08-20,601899.SH,12.08,12.18,11.98,11.98,754800
2023-08-21,601899.SH,12.08,12.48,12.08,12.41,1657776
2023-08-22,601899.SH,12.45,12.49,12.12,12.17,1269756
2023-08-23,601899.SH,12.45,12.65,12.35,12.49,1388726
2023-08-24,601899.SH,12.4,12.45,12.15,12.3,1271458
2023-08-27,601899.SH,12.92,12.97,12.06,12.14,2038521
2023-08-28,601899.SH,12.11,12.37,12.04,12.08,1409823
2023-08-29,601899.SH,12.25,12.54,12.22,12.45,1594706
2023-08-30,601899.SH,12.49,12.6,12.34,12.36,829700
2023-08-31,601899.SH,12.39,12.9,12.37,12.8,1434852
2023-09-03,601899.SH,12.95,13.5,12.95,13.2,1886987
2023-09-04,601899.SH,13.1,13.21,12.97,13.15,804279
2023-09-05,601899.SH,13.02,13.18,12.93,13.06,724665
2023-09-06,601899.SH,12.94,13.11,12.9,13.01,722477
2023-09-07,601899.SH,13.01,13.1,12.81,12.88,554924
2023-09-10,601899.SH,12.88,13.15,12.82,13,877870
2023-09-11,601899.SH,13.01,13.09,12.8,12.84,844101
2023-09-12,601899.SH,12.78,12.98,12.76,12.84,870543
2023-09-13,601899.SH,12.9,13.1,12.84,12.98,1522185
2023-09-14,601899.SH,13.19,13.42,13.06,13.15,1732314
2023-09-17,601899.SH,13.08,13.08,12.89,13.07,1057427
2023-09-18,601899.SH,13,13.25,12.98,13.17,1081541
2023-09-19,601899.SH,13.1,13.28,13.04,13.25,903140
2023-09-20,601899.SH,13.1,13.2,12.98,13.09,961662
2023-09-21,601899.SH,12.95,12.98,12.68,12.93,1862316
2023-09-24,601899.SH,12.88,12.99,12.74,12.76,1156554
2023-09-25,601899.SH,12.69,12.75,12.49,12.65,1289151
2023-09-26,601899.SH,12.65,12.68,12.38,12.41,1336135
2023-09-27,601899.SH,12.41,12.52,12.06,12.13,1499857
2023-10-08,601899.SH,11.91,12.25,11.74,12.2,1221167
2023-10-09,601899.SH,12.28,12.42,12.2,12.22,683984
2023-10-10,601899.SH,12.3,12.31,11.99,12.13,851687
2023-10-11,601899.SH,12.27,12.36,12.18,12.29,703145
2023-10-12,601899.SH,12.13,12.15,12,12.02,664496
2023-10-15,601899.SH,12.25,12.28,12.1,12.14,948154
2023-10-16,601899.SH,12.12,12.14,11.98,12.06,800518
2023-10-17,601899.SH,12.09,12.13,11.96,11.98,735847
2023-10-18,601899.SH,11.95,11.98,11.75,11.77,986187
2023-10-19,601899.SH,11.82,11.93,11.59,11.65,795521
2023-10-22,601899.SH,11.58,11.66,11.33,11.45,858001
2023-10-23,601899.SH,11.54,11.83,11.53,11.75,1196944
2023-10-24,601899.SH,12.04,12.31,12.04,12.08,1294168
2023-10-25,601899.SH,12,12.11,11.88,12.08,740260
2023-10-26,601899.SH,11.98,12.16,11.95,12.01,928362
2023-10-29,601899.SH,12.2,12.68,12.19,12.42,1801595
2023-10-30,601899.SH,12.4,12.46,12.28,12.44,751696
2023-10-31,601899.SH,12.32,12.35,12.14,12.2,938721
2023-11-01,601899.SH,12.35,12.48,12.2,12.21,913838
2023-11-02,601899.SH,12.22,12.3,12.1,12.17,815859
2023-11-05,601899.SH,12.18,12.2,11.87,11.93,1443133
2023-11-06,601899.SH,11.88,12.03,11.72,12.01,916701
2023-11-07,601899.SH,11.88,11.95,11.72,11.82,1133216
2023-11-08,601899.SH,11.7,11.9,11.7,11.88,776423
2023-11-09,601899.SH,11.83,11.86,11.72,11.78,437718
2023-11-12,601899.SH,11.79,11.93,11.73,11.9,553280
2023-11-13,601899.SH,11.95,11.98,11.81,11.86,495333
2023-11-14,601899.SH,12.23,12.23,11.93,12,1008192
2023-11-15,601899.SH,11.97,12.03,11.85,11.97,724281
2023-11-16,601899.SH,11.98,12.02,11.87,11.97,562505
2023-11-19,601899.SH,11.96,11.97,11.77,11.86,677976
2023-11-20,601899.SH,11.96,12.21,11.91,12.14,1466985
2023-11-21,601899.SH,12.14,12.14,11.92,11.95,627340
2023-11-22,601899.SH,11.94,12,11.82,11.99,559550
2023-11-23,601899.SH,11.97,11.99,11.84,11.85,517710
2023-11-26,601899.SH,11.86,12.03,11.73,11.87,577755
2023-11-27,601899.SH,11.86,11.9,11.71,11.89,626408
2023-11-28,601899.SH,12.09,12.2,12.08,12.15,1696535
2023-11-29,601899.SH,12.14,12.27,12.07,12.18,1167475
2023-11-30,601899.SH,12.15,12.2,11.96,12.04,1017537
2023-12-03,601899.SH,12.45,12.69,12.38,12.4,2291195
2023-12-04,601899.SH,12.12,12.16,11.92,11.95,1584841
2023-12-05,601899.SH,11.84,12.08,11.75,12,1104640
2023-12-06,601899.SH,11.9,11.92,11.75,11.8,1088833
2023-12-07,601899.SH,11.81,11.83,11.65,11.67,1182811
2023-12-10,601899.SH,11.59,11.73,11.38,11.67,1112132
2023-12-11,601899.SH,11.57,11.63,11.46,11.62,893007
2023-12-12,601899.SH,11.54,11.61,11.44,11.44,856443
2023-12-13,601899.SH,11.8,11.83,11.46,11.48,1355316
2023-12-14,601899.SH,11.6,11.97,11.6,11.7,2047533
2023-12-17,601899.SH,11.64,11.85,11.58,11.78,737334
2023-12-18,601899.SH,11.76,11.84,11.65,11.8,599463
2023-12-19,601899.SH,11.92,12.12,11.86,12.02,1655928
2023-12-20,601899.SH,11.94,12.09,11.89,12.07,1087028
2023-12-21,601899.SH,12.15,12.18,11.99,12.14,1272063
2023-12-24,601899.SH,12.03,12.24,12.01,12.22,859684
2023-12-25,601899.SH,12.2,12.28,12.15,12.18,746217
2023-12-26,601899.SH,12.23,12.42,12.19,12.4,1255647
2023-12-27,601899.SH,12.49,12.67,12.31,12.35,1857184
2023-12-28,601899.SH,12.27,12.48,12.27,12.46,1214615
2024-01-01,601899.SH,12.41,12.66,12.39,12.49,1133169
2024-01-02,601899.SH,12.43,12.59,12.39,12.53,760491
2024-01-03,601899.SH,12.43,12.52,12.39,12.51,998225
2024-01-04,601899.SH,12.46,12.68,12.37,12.47,1097527
2024-01-07,601899.SH,12.46,12.53,12.27,12.3,915816
2024-01-08,601899.SH,12.31,12.45,12.28,12.43,941798
2024-01-09,601899.SH,12.33,12.44,12.28,12.28,632628
2024-01-10,601899.SH,12.31,12.32,12.09,12.14,967802
2024-01-11,601899.SH,12.07,12.26,12.05,12.2,764339
2024-01-14,601899.SH,12.17,12.26,12.05,12.12,496326
2024-01-15,601899.SH,12.06,12.27,12.06,12.19,804365
2024-01-16,601899.SH,12.09,12.13,11.7,11.7,1407351
2024-01-17,601899.SH,11.66,11.94,11.4,11.84,1663791
2024-01-18,601899.SH,11.78,11.97,11.65,11.92,1237950
2024-01-21,601899.SH,11.88,11.94,11.55,11.68,1453550
2024-01-22,601899.SH,11.61,11.68,11.21,11.54,1694917
2024-01-23,601899.SH,11.62,11.75,11.43,11.72,1059408
2024-01-24,601899.SH,11.82,12.05,11.79,12.05,1274823
2024-01-25,601899.SH,12.1,12.28,11.98,12.22,1245210
2024-01-28,601899.SH,12.23,12.35,12.2,12.24,847536
2024-01-29,601899.SH,12.18,12.3,12.06,12.18,1063557
2024-01-30,601899.SH,12.12,12.23,12.03,12.04,1098979
2024-01-31,601899.SH,12,12.27,11.9,12.13,1084095
2024-02-01,601899.SH,12.2,12.34,11.88,12.03,1390103
2024-02-04,601899.SH,12.07,12.28,11.96,12.16,1710760
2024-02-05,601899.SH,12.13,12.38,12.04,12.19,2020938
2024-02-06,601899.SH,12.19,12.3,12.04,12.25,2158070
2024-02-07,601899.SH,12.24,12.52,12.22,12.5,1911093
2024-02-18,601899.SH,12.51,12.86,12.4,12.85,1886546
2024-02-19,601899.SH,12.8,13.18,12.72,13.1,1370783
2024-02-20,601899.SH,13.06,13.29,13.01,13.05,1539870
2024-02-21,601899.SH,13.09,13.28,13.02,13.26,1127400
2024-02-22,601899.SH,13.25,13.68,13.2,13.5,1377261
2024-02-25,601899.SH,13.51,13.61,13.09,13.15,1460045
2024-02-26,601899.SH,13.06,13.27,13,13.16,1364914
2024-02-27,601899.SH,13.16,13.17,12.97,13.01,1093358
2024-02-28,601899.SH,13.02,13.2,12.96,13.11,1081241
2024-02-29,601899.SH,13.06,13.36,13,13.25,1178467
2024-03-03,601899.SH,13.46,13.62,13.36,13.46,1314001
2024-03-04,601899.SH,13.6,13.97,13.59,13.85,1960877
2024-03-05,601899.SH,13.85,14.36,13.84,14.2,2017877
2024-03-06,601899.SH,14.38,14.96,14.27,14.73,2374936
2024-03-07,601899.SH,14.9,14.93,14.53,14.89,1692350
2024-03-10,601899.SH,15,15.05,14.62,14.86,1536663
2024-03-11,601899.SH,14.75,14.82,14.28,14.36,2042754
2024-03-12,601899.SH,14.25,14.76,14.18,14.69,1454520
2024-03-13,601899.SH,15.25,15.78,15.25,15.39,2719175
2024-03-14,601899.SH,15.32,16.12,15.3,15.96,2233163
2024-03-17,601899.SH,15.97,16.16,15.58,15.78,2303297
2024-03-18,601899.SH,15.7,15.93,15.5,15.53,1618999
2024-03-19,601899.SH,15.35,15.61,15.2,15.51,1771101
2024-03-20,601899.SH,15.91,16.13,15.6,15.62,1996237
2024-03-21,601899.SH,15.39,15.52,15.17,15.39,1771121
2024-03-24,601899.SH,15.38,15.86,15.31,15.74,1645276
2024-03-25,601899.SH,15.77,15.82,15.33,15.53,1327979
2024-03-26,601899.SH,15.46,15.89,15.44,15.72,1561422
2024-03-27,601899.SH,15.65,16.18,15.53,16.1,1888689
2024-03-28,601899.SH,16.4,16.87,16.3,16.82,2095645
2024-03-31,601899.SH,17.24,17.39,16.69,16.87,2076141
2024-04-01,601899.SH,16.95,17.15,16.76,16.95,1337639
2024-04-02,601899.SH,17.19,17.65,16.98,17.51,2380869
2024-04-07,601899.SH,17.65,18.17,17.23,17.3,3127119
2024-04-08,601899.SH,17.22,17.4,16.93,17.01,2015836
2024-04-09,601899.SH,17.14,18.15,17.14,17.99,2642699
2024-04-10,601899.SH,17.52,18.52,17.49,17.99,2565766
2024-04-11,601899.SH,18.48,18.58,17.98,18.39,2337819
2024-04-14,601899.SH,17.8,18.56,17.78,18.46,2385956
2024-04-15,601899.SH,18.46,18.63,17.89,17.94,2082205
2024-04-16,601899.SH,17.91,18.15,17.58,18.08,2154280
2024-04-17,601899.SH,17.91,18.54,17.86,18.47,2005974
2024-04-18,601899.SH,18.56,19.33,18.4,18.63,2653119
2024-04-21,601899.SH,18.87,19,17.75,17.8,2677304
2024-04-22,601899.SH,17.41,17.65,17,17.04,3201000
2024-04-23,601899.SH,17.04,17.59,17.04,17.54,2113743
2024-04-24,601899.SH,17.33,17.56,17.09,17.4,1429510
2024-04-25,601899.SH,17.58,18.37,17.41,18.27,2661284
2024-04-28,601899.SH,18.13,18.13,17.39,17.66,2252987
2024-04-29,601899.SH,17.92,18.06,17.55,17.61,1694667
2024-05-05,601899.SH,17.32,17.56,16.82,17.52,2606348
2024-05-06,601899.SH,17.62,17.9,17.39,17.45,1523941
2024-05-07,601899.SH,17.3,17.68,17.01,17.45,1324040
2024-05-08,601899.SH,17.28,17.91,17.28,17.71,1465868
2024-05-09,601899.SH,18.1,18.28,17.78,18.24,2061408
2024-05-12,601899.SH,18,18.34,17.83,18.18,1408590
2024-05-13,601899.SH,18.35,18.72,18.25,18.49,1474298
2024-05-14,601899.SH,18.54,18.85,18.26,18.3,1386876
2024-05-15,601899.SH,18.63,18.89,18.21,18.27,1939111
2024-05-16,601899.SH,18.37,18.78,18,18.78,1830951
2024-05-19,601899.SH,19.43,19.79,19.09,19.47,2652362
2024-05-20,601899.SH,19.41,19.58,18.56,18.65,2283748
2024-05-21,601899.SH,18.65,18.78,18.33,18.43,1424755
2024-05-22,601899.SH,17.56,18.01,17.36,17.84,2082536
2024-05-23,601899.SH,17.6,18.03,17.59,17.82,1257128
2024-05-26,601899.SH,17.77,18.36,17.76,18.2,1467114
2024-05-27,601899.SH,18.38,18.48,18.01,18.05,1328073
2024-05-28,601899.SH,18.08,18.58,17.97,18.45,1584146
2024-05-29,601899.SH,18.3,18.37,17.55,17.64,2092499
2024-05-30,601899.SH,17.63,17.72,17.2,17.41,1970347
2024-06-02,601899.SH,17.29,17.63,17.17,17.33,1348332
2024-06-03,601899.SH,17.45,17.7,17.18,17.42,1520605
2024-06-04,601899.SH,17,17.2,16.75,17.05,1854607
2024-06-05,601899.SH,17.35,17.79,17.33,17.59,1864393
2024-06-06,601899.SH,17.82,17.88,17.31,17.76,1737727
2024-06-10,601899.SH,17.11,17.22,16.78,17,1727394
2024-06-11,601899.SH,16.89,17.27,16.86,17.21,1319006
2024-06-12,601899.SH,17.14,17.22,16.51,16.81,1749092
2024-06-13,601899.SH,16.6,17.17,16.55,17.09,1630139
2024-06-16,601899.SH,16.99,17.17,16.76,17.04,1063817
2024-06-17,601899.SH,16.61,17.08,16.38,16.92,2398534
2024-06-18,601899.SH,16.92,17.5,16.88,17.32,1720495
2024-06-19,601899.SH,17.41,17.86,17.37,17.56,1288207
2024-06-20,601899.SH,17.78,17.87,17.24,17.32,1452328
2024-06-23,601899.SH,17,17.58,16.93,17.47,1320341
2024-06-24,601899.SH,17.45,17.52,17.2,17.35,955705
2024-06-25,601899.SH,17.22,17.34,16.97,17.26,1079234
2024-06-26,601899.SH,17.14,17.17,16.89,16.9,1007141
2024-06-27,601899.SH,16.98,17.63,16.82,17.57,1295244
2024-06-30,601899.SH,17.78,18.1,17.74,18.04,1490496
2024-07-01,601899.SH,18.08,18.08,17.64,17.84,957199
2024-07-02,601899.SH,17.84,18.03,17.71,17.89,1039345
2024-07-03,601899.SH,18.23,18.59,18.17,18.17,1762921
2024-07-04,601899.SH,18.17,18.66,18.11,18.64,1887476
2024-07-07,601899.SH,18.69,18.88,18.44,18.45,1491977
2024-07-08,601899.SH,18.6,18.86,18.55,18.82,1649307
2024-07-09,601899.SH,18.73,18.98,18.28,18.38,1508430
2024-07-10,601899.SH,18.5,18.96,18.3,18.87,1558078
2024-07-11,601899.SH,18.97,19,18.36,18.48,1390551
2024-07-14,601899.SH,18.5,18.95,18.43,18.82,1269890
2024-07-15,601899.SH,18.78,19.24,18.78,19.21,1345955
2024-07-16,601899.SH,19.5,19.54,18.37,18.47,2171674
2024-07-17,601899.SH,18.24,18.49,17.97,18.45,1491777
2024-07-18,601899.SH,17.8,18.05,17.11,17.94,2386172
2024-07-21,601899.SH,17.75,17.84,17.21,17.6,1929751
2024-07-22,601899.SH,17.58,17.72,16.5,16.52,2354732
2024-07-23,601899.SH,16.45,16.75,16.4,16.53,1368096
2024-07-24,601899.SH,16.08,16.24,15.38,15.43,2882152
2024-07-25,601899.SH,15.55,16.09,15.51,15.85,1753896
2024-07-28,601899.SH,16,16.28,15.76,16.11,1439936
2024-07-29,601899.SH,15.97,16.01,15.73,15.91,1253231
2024-07-30,601899.SH,15.99,16.66,15.97,16.58,1901638
2024-07-31,601899.SH,16.88,17.08,16.48,16.63,1496890
2024-08-01,601899.SH,16.31,16.31,15.7,15.96,2143937
2024-08-04,601899.SH,15.57,16.03,15.46,15.63,1791191
2024-08-05,601899.SH,15.7,15.78,15.16,15.35,1753033
2024-08-06,601899.SH,15.25,15.66,15.2,15.48,1166018
2024-08-07,601899.SH,15.34,15.35,15.03,15.21,1171024
2024-08-08,601899.SH,15.38,15.66,15.31,15.34,1401626
2024-08-11,601899.SH,15.3,15.49,15.24,15.36,636356
2024-08-12,601899.SH,15.66,15.73,15.3,15.54,1412879
2024-08-13,601899.SH,15.55,15.62,15.35,15.4,665068
2024-08-14,601899.SH,15.28,15.63,15.21,15.58,914645
2024-08-15,601899.SH,15.78,16.18,15.78,15.87,1508291
2024-08-18,601899.SH,16.06,16.49,16,16.22,1364561
2024-08-19,601899.SH,16.32,16.32,15.89,16.05,890530
2024-08-20,601899.SH,16.06,16.25,15.93,16.16,822393
2024-08-21,601899.SH,16.16,16.2,15.95,16.17,746208
2024-08-22,601899.SH,15.97,16.09,15.9,16.06,750786
2024-08-25,601899.SH,16.31,16.38,15.95,16.21,1461883
2024-08-26,601899.SH,16.15,16.25,15.85,16.07,899167
2024-08-27,601899.SH,16.1,16.24,15.63,15.82,1302750
2024-08-28,601899.SH,15.75,15.99,15.61,15.93,807699
2024-08-29,601899.SH,15.89,16.17,15.66,16,1442523
2024-09-01,601899.SH,15.86,15.87,15.31,15.61,1299694
2024-09-02,601899.SH,15.5,15.69,15.37,15.49,687861
2024-09-03,601899.SH,15.05,15.1,14.56,14.68,2364363
2024-09-04,601899.SH,14.75,14.97,14.53,14.68,1088422
2024-09-05,601899.SH,14.84,15.01,14.7,14.76,981026
2024-09-08,601899.SH,14.47,14.47,13.94,14.15,2328687
2024-09-09,601899.SH,14.27,14.35,14.07,14.22,1095015
2024-09-10,601899.SH,14.15,14.25,13.96,14.2,1407423
2024-09-11,601899.SH,14.24,14.39,14.07,14.2,1271389
2024-09-12,601899.SH,14.59,14.91,14.52,14.68,2228887
2024-09-17,601899.SH,14.98,15.22,14.85,15.04,1687917
2024-09-18,601899.SH,15.11,15.46,14.77,15.4,1829002
2024-09-19,601899.SH,15.49,15.88,15.31,15.88,1927330
2024-09-22,601899.SH,15.88,16,15.68,15.82,1367372
2024-09-23,601899.SH,16.1,16.64,16.02,16.51,2512266
2024-09-24,601899.SH,16.92,17.32,16.9,16.92,2837248
2024-09-25,601899.SH,17.1,17.39,16.7,17.37,2245649
2024-09-26,601899.SH,17.85,18.05,17.27,17.51,1740928
2024-09-29,601899.SH,17.88,18.74,17.12,18.14,6719726
2024-10-07,601899.SH,19.64,19.87,17.51,17.96,7066172
2024-10-08,601899.SH,17.7,17.77,16.9,16.93,3957164
2024-10-09,601899.SH,17,17.98,16.85,17.35,3017848
2024-10-10,601899.SH,17.6,17.79,17.08,17.24,2045173
2024-10-13,601899.SH,17.36,17.77,17.08,17.67,2098953
2024-10-14,601899.SH,17.5,17.51,17.13,17.13,1673263
2024-10-15,601899.SH,17.08,17.54,17.02,17.45,1390672
2024-10-16,601899.SH,17.48,17.61,17.12,17.14,1324174
2024-10-17,601899.SH,17.35,17.88,17.31,17.63,2199173
2024-10-20,601899.SH,18.08,18.58,17.9,18.22,2717426
2024-10-21,601899.SH,18.13,18.3,17.88,18.05,1701244
2024-10-22,601899.SH,18.1,18.17,17.68,17.85,1588838
2024-10-23,601899.SH,17.6,17.6,17.32,17.49,1531407
2024-10-24,601899.SH,17.42,17.44,17.14,17.23,1512537
2024-10-27,601899.SH,17.2,17.23,16.96,17.2,1228178
2024-10-28,601899.SH,17.27,17.52,17.18,17.22,1570672
2024-10-29,601899.SH,17.35,17.55,17,17.13,1583135
2024-10-30,601899.SH,17.06,17.08,16.66,16.82,1837667
2024-10-31,601899.SH,16.72,17.5,16.64,17.25,2514288
2024-11-03,601899.SH,17.36,17.42,16.97,17.35,1508560
2024-11-04,601899.SH,17.26,17.72,17.15,17.7,1855231
2024-11-05,601899.SH,17.65,17.7,17.16,17.31,1933285
2024-11-06,601899.SH,16.72,17.1,16.5,17.09,2808754
2024-11-07,601899.SH,17.35,17.59,17.02,17.09,2259978
2024-11-10,601899.SH,16.8,16.81,16.08,16.51,3427065
2024-11-11,601899.SH,16.1,16.45,15.8,15.98,2856314
2024-11-12,601899.SH,15.93,16.17,15.9,16,1439939
2024-11-13,601899.SH,15.9,15.94,15.58,15.61,1947269
2024-11-14,601899.SH,15.6,16.1,15.52,15.62,1863567
2024-11-17,601899.SH,15.76,15.99,15.59,15.71,1760794
2024-11-18,601899.SH,16,16.43,16,16.21,2600999
2024-11-19,601899.SH,16.29,16.3,15.94,16.03,1460526
2024-11-20,601899.SH,16.04,16.23,15.97,16.16,1353774
2024-11-21,601899.SH,16.18,16.2,15.76,15.76,1252431
2024-11-24,601899.SH,15.88,16.04,15.47,15.55,1197932
2024-11-25,601899.SH,15.4,15.68,15.37,15.54,914522
2024-11-26,601899.SH,15.55,15.68,15.33,15.68,1101829
2024-11-27,601899.SH,15.65,15.72,15.46,15.53,871587
2024-11-28,601899.SH,15.6,15.94,15.43,15.7,1412604
2024-12-01,601899.SH,15.72,15.77,15.5,15.56,1683597
2024-12-02,601899.SH,15.59,15.63,15.28,15.61,1495721
2024-12-03,601899.SH,15.68,15.94,15.64,15.8,1808366
2024-12-04,601899.SH,15.73,15.75,15.42,15.48,1412371
2024-12-05,601899.SH,15.42,15.74,15.41,15.69,1378733
2024-12-08,601899.SH,15.74,16.05,15.67,15.88,1386205
2024-12-09,601899.SH,16.38,16.55,16,16.06,1917173
2024-12-10,601899.SH,16.16,16.38,16.06,16.12,1468595
2024-12-11,601899.SH,16.12,16.28,16.09,16.24,1005045
2024-12-12,601899.SH,16,16,15.57,15.57,1998112
2024-12-15,601899.SH,15.57,15.64,15.31,15.35,1283535
2024-12-16,601899.SH,15.35,15.59,15.27,15.45,1196822
2024-12-17,601899.SH,15.4,15.63,15.4,15.49,753477
2024-12-18,601899.SH,15.21,15.41,15.05,15.32,925547
2024-12-19,601899.SH,15.28,15.33,15.02,15.02,1400627
2024-12-22,601899.SH,15.16,15.59,15.09,15.51,1884409
2024-12-23,601899.SH,15.49,15.66,15.29,15.63,1167419
2024-12-24,601899.SH,15.63,15.67,15.34,15.52,878541
2024-12-25,601899.SH,15.53,15.73,15.46,15.62,875093
2024-12-26,601899.SH,15.64,15.69,15.27,15.3,1236416
2024-12-29,601899.SH,15.26,15.72,15.23,15.54,1524841
2024-12-30,601899.SH,15.43,15.46,15.12,15.12,1422365
2025-01-01,601899.SH,15.2,15.48,15,15.18,1990531
2025-01-02,601899.SH,15.3,15.92,15.27,15.57,3124885
2025-01-05,601899.SH,15.68,15.86,15.33,15.49,2252832
2025-01-06,601899.SH,15.55,16.05,15.4,16.02,2298933
2025-01-07,601899.SH,16.02,16.17,15.74,15.85,1768437
2025-01-08,601899.SH,15.91,16.03,15.72,15.92,1342998
2025-01-09,601899.SH,16.09,16.34,15.87,16.15,1955517
2025-01-12,601899.SH,16.14,16.66,16.03,16.4,2377232
2025-01-13,601899.SH,16.29,16.48,16.05,16.41,1800898
2025-01-14,601899.SH,16.35,16.4,15.53,15.78,3279464
2025-01-15,601899.SH,16.03,16.3,16.03,16.17,2207643
2025-01-16,601899.SH,16.31,16.41,16.12,16.27,1682692
2025-01-19,601899.SH,16.25,16.39,16.07,16.29,1446115
2025-01-20,601899.SH,16.3,16.39,16.14,16.25,1091089
2025-01-21,601899.SH,16.36,16.39,16.05,16.2,1283152
2025-01-22,601899.SH,16.19,16.36,15.86,15.88,1808043
2025-01-23,601899.SH,16.01,16.12,15.81,16.02,1376563
2025-01-26,601899.SH,16,16.31,15.94,16.24,1547943
2025-02-04,601899.SH,16.59,16.73,16.31,16.47,2061406
2025-02-05,601899.SH,16.58,16.58,16.11,16.31,2001627
2025-02-06,601899.SH,16.35,16.66,16.16,16.62,2165528
2025-02-09,601899.SH,16.81,17.06,16.74,16.87,2212065
2025-02-10,601899.SH,17.04,17.58,16.92,17.28,2925262
2025-02-11,601899.SH,17.03,17.12,16.87,16.98,1582010
2025-02-12,601899.SH,17.08,17.2,16.98,17.01,1272922
2025-02-13,601899.SH,17.15,17.34,17.01,17.16,1155270
2025-02-16,601899.SH,16.71,16.71,16.41,16.5,2385440
2025-02-17,601899.SH,16.41,16.59,16.31,16.41,1449983
2025-02-18,601899.SH,16.51,16.61,16.29,16.35,1566817
2025-02-19,601899.SH,16.38,16.48,16.12,16.44,1300819
2025-02-20,601899.SH,16.48,16.56,16.13,16.19,2061611
2025-02-23,601899.SH,15.99,16.22,15.8,16.08,1735860
2025-02-24,601899.SH,16.06,16.13,15.75,15.78,1558633
2025-02-25,601899.SH,15.83,16.09,15.68,15.86,1575441
2025-02-26,601899.SH,15.87,15.87,15.61,15.75,1363072
2025-02-27,601899.SH,15.61,15.67,15.35,15.35,1793746
2025-03-02,601899.SH,15.48,15.86,15.45,15.64,1461700
2025-03-03,601899.SH,15.69,16.06,15.6,15.93,1529355
2025-03-04,601899.SH,15.93,16.09,15.81,16.01,1237582
2025-03-05,601899.SH,16.25,16.49,16.19,16.3,1782082
2025-03-06,601899.SH,16.33,16.75,16.2,16.43,1932341
2025-03-09,601899.SH,16.5,16.69,16.31,16.65,1631583
2025-03-10,601899.SH,16.28,16.48,16.1,16.48,1800006
2025-03-11,601899.SH,16.55,16.72,16.28,16.69,1623982
2025-03-12,601899.SH,16.88,17.08,16.74,16.96,2097682
2025-03-13,601899.SH,17.39,17.63,17.18,17.48,2989816
2025-03-16,601899.SH,17.49,17.7,17.11,17.21,2367763
2025-03-17,601899.SH,17.4,17.95,17.36,17.76,2552060
2025-03-18,601899.SH,17.78,18.05,17.69,18.05,1892852
2025-03-19,601899.SH,18.3,18.43,18.01,18.17,2325790
2025-03-20,601899.SH,18,18.06,17.4,17.57,2514754
2025-03-23,601899.SH,17.66,18.35,17.48,18.05,2696252
2025-03-24,601899.SH,18.05,18.42,17.93,18.4,2266251
2025-03-25,601899.SH,18.7,18.96,18.1,18.2,3229224
2025-03-26,601899.SH,17.9,18.13,17.6,17.86,2255314
2025-03-27,601899.SH,18.05,18.34,17.81,18.16,1863644
2025-03-30,601899.SH,18.07,18.31,17.98,18.12,1606776
2025-03-31,601899.SH,18.2,18.33,17.8,17.93,1534227
2025-04-01,601899.SH,17.76,17.85,17.44,17.5,1580990
2025-04-02,601899.SH,17.35,17.48,16.87,17.11,2164268
2025-04-06,601899.SH,15.4,15.85,15.4,15.41,4880359
2025-04-07,601899.SH,15.54,15.95,15.21,15.95,3733607
2025-04-08,601899.SH,15.54,15.92,15.19,15.92,4467127
2025-04-09,601899.SH,16.55,16.85,16.37,16.75,3591395
2025-04-10,601899.SH,17.15,17.31,16.98,17.15,2718368
2025-04-13,601899.SH,17.39,18,17.11,17.63,3336006
2025-04-14,601899.SH,17.64,17.7,17.28,17.65,1905538
2025-04-15,601899.SH,17.9,17.98,17.42,17.74,2074565
2025-04-16,601899.SH,18.13,18.3,17.66,17.82,3105317
2025-04-17,601899.SH,17.65,17.77,17.35,17.62,1399177
2025-04-20,601899.SH,17.77,18.63,17.76,18.6,3174611
2025-04-21,601899.SH,18.71,18.76,18.41,18.5,2533603
2025-04-22,601899.SH,18.05,18.28,17.73,17.79,2931501
2025-04-23,601899.SH,17.89,18.05,17.63,17.67,1145853
2025-04-24,601899.SH,17.8,17.97,17.58,17.65,1215259
2025-04-27,601899.SH,17.5,17.74,17.37,17.66,968788
2025-04-28,601899.SH,17.67,17.77,17.55,17.63,740563
2025-04-29,601899.SH,17.55,17.58,17.36,17.46,849944
2025-05-05,601899.SH,17.75,17.84,17.6,17.76,1413638
2025-05-06,601899.SH,18.09,18.12,17.8,18.05,1724079
2025-05-07,601899.SH,17.9,18.06,17.76,17.76,1122953
2025-05-08,601899.SH,17.68,17.78,17.58,17.65,1064869
2025-05-11,601899.SH,17.5,17.77,17.41,17.71,1222140
2025-05-12,601899.SH,17.6,17.84,17.4,17.76,1163469
2025-05-13,601899.SH,17.76,17.91,17.74,17.9,1043413
2025-05-14,601899.SH,17.71,17.78,17.36,17.49,1393813
2025-05-15,601899.SH,17.59,17.64,17.36,17.42,957100
2025-05-18,601899.SH,17.43,17.56,17.28,17.42,757588
2025-05-19,601899.SH,17.42,17.69,17.41,17.46,1027962
2025-05-20,601899.SH,17.69,18.51,17.68,18.49,2604615
2025-05-21,601899.SH,18.38,18.68,18.36,18.58,1335361
2025-05-22,601899.SH,18.54,18.7,18.44,18.59,1206872
2025-05-25,601899.SH,18.5,18.87,18.48,18.56,1126614
2025-05-26,601899.SH,18.53,18.65,17.68,17.88,1726856
2025-05-27,601899.SH,17.8,18.1,17.7,17.98,991961
2025-05-28,601899.SH,17.83,18.05,17.78,17.82,904480
2025-05-29,601899.SH,17.94,18.07,17.66,17.73,933559
2025-06-02,601899.SH,18.07,18.28,17.96,18.06,1395224
2025-06-03,601899.SH,18.06,18.32,18.01,18.09,831663
2025-06-04,601899.SH,18.15,18.3,17.86,17.88,893387
2025-06-05,601899.SH,17.99,18.25,17.92,18.14,1334650
2025-06-08,601899.SH,17.97,18.14,17.63,17.97,1914916
2025-06-09,601899.SH,17.9,18.38,17.9,18.27,1506083
2025-06-10,601899.SH,18.27,18.71,18.23,18.66,1283688
2025-06-11,601899.SH,18.72,19.49,18.63,19.46,2085630
2025-06-12,601899.SH,19.26,19.37,19.04,19.15,1878874
2025-06-15,601899.SH,19.14,19.16,18.69,18.82,1330583
2025-06-16,601899.SH,18.79,18.97,18.7,18.87,840917
2025-06-17,601899.SH,18.86,18.98,18.58,18.78,931998
2025-06-18,601899.SH,18.75,18.78,18.37,18.37,1016429
2025-06-19,601899.SH,18.43,18.61,18.34,18.41,876538
2025-06-22,601899.SH,18.45,18.62,18.28,18.51,985169
2025-06-23,601899.SH,18.43,18.95,18.4,18.54,1287024
2025-06-24,601899.SH,18.58,19,18.45,18.99,1225998
2025-06-25,601899.SH,18.9,19.22,18.72,18.98,1273122
2025-06-26,601899.SH,19.2,20.06,19.2,19.78,2391482
2025-06-29,601899.SH,19.78,19.83,19.4,19.5,1387270
2025-06-30,601899.SH,19.69,19.92,19.38,19.9,1239334
2025-07-01,601899.SH,19.9,20.43,19.8,20.17,1703696
2025-07-02,601899.SH,20.37,20.49,20.08,20.29,1373809
2025-07-03,601899.SH,20.07,20.29,19.84,20.05,1358556
2025-07-06,601899.SH,19.96,20.02,19.71,19.8,834675
2025-07-07,601899.SH,19.87,20.04,19.75,19.82,970734
2025-07-08,601899.SH,19.89,19.89,18.87,18.9,3338348
2025-07-09,601899.SH,18.92,19.05,18.81,18.84,1893273
2025-07-10,601899.SH,18.89,19.2,18.86,18.89,2181704
2025-07-13,601899.SH,19.27,19.34,19.01,19.08,2305917
2025-07-14,601899.SH,19.06,19.15,18.82,19.12,1531483
2025-07-15,601899.SH,19.14,19.18,18.98,19.14,926884
2025-07-16,601899.SH,19.13,19.19,18.98,19.07,1174559
2025-07-17,601899.SH,19.19,19.7,19.02,19.47,2229552
2025-07-20,601899.SH,19.56,19.83,19.5,19.79,1730230
2025-07-21,601899.SH,19.92,20.38,19.81,20.25,2025790
2025-07-22,601899.SH,20.43,20.48,20.11,20.21,1812225
2025-07-23,601899.SH,20,20.27,19.83,20.12,1610269
2025-07-24,601899.SH,19.96,20.07,19.81,19.85,1252965
2025-07-27,601899.SH,19.71,19.8,19.43,19.8,1437051
2025-07-28,601899.SH,19.6,19.74,19.51,19.59,1296870
2025-07-29,601899.SH,19.6,19.98,19.59,19.82,1543618
2025-07-30,601899.SH,19.51,19.52,19.03,19.15,2087643
2025-07-31,601899.SH,19.1,19.43,19.05,19.26,1219991
2025-08-03,601899.SH,19.57,19.94,19.5,19.88,1738260
2025-08-04,601899.SH,19.99,20.02,19.77,19.87,1138387
2025-08-05,601899.SH,19.81,20.25,19.78,20.16,1428032
2025-08-06,601899.SH,20.16,20.36,19.96,20.3,1317182
2025-08-07,601899.SH,20.36,20.7,20.3,20.54,1276510
2025-08-10,601899.SH,20.51,20.51,20.19,20.25,1409920
2025-08-11,601899.SH,20.22,20.56,20.14,20.3,1173534
2025-08-12,601899.SH,20.45,21.17,20.4,21.02,1858341
2025-08-13,601899.SH,21.03,21.53,20.97,21.17,1388152
2025-08-14,601899.SH,20.94,21.56,20.87,21.29,1709805
2025-08-17,601899.SH,21.3,21.37,20.8,20.8,2610953
2025-08-18,601899.SH,20.81,21.14,20.28,20.33,2352501
2025-08-19,601899.SH,20.33,20.57,20.19,20.56,1682986
2025-08-20,601899.SH,20.71,20.8,20.51,20.6,1286486
2025-08-21,601899.SH,20.65,20.76,20.45,20.66,1489955
2025-08-24,601899.SH,21.05,22.25,21.05,22.21,3063300
2025-08-25,601899.SH,22.19,22.55,21.96,22.39,1848831
2025-08-26,601899.SH,22.49,23.3,22.32,22.53,2388910
2025-08-27,601899.SH,22.54,22.89,22.21,22.52,1733705
2025-08-28,601899.SH,22.82,23.48,22.7,23.08,2504128
2025-08-31,601899.SH,23.9,24.65,23.41,24.38,3763218
2025-09-01,601899.SH,24.77,25.08,23.98,24.41,3438914
2025-09-02,601899.SH,25.1,25.51,24.39,24.94,3071908
2025-09-03,601899.SH,24.8,25.18,23.39,23.87,3877553
2025-09-04,601899.SH,23.79,25.41,23.79,25.27,3452322
2025-09-07,601899.SH,25.7,25.8,24.42,24.64,3172579
2025-09-08,601899.SH,24.99,25.85,24.75,25.19,3533516
2025-09-09,601899.SH,24.55,25.26,24.51,25.18,2243913
2025-09-10,601899.SH,25.25,25.74,25.08,25.71,2504285
2025-09-11,601899.SH,26,26.35,25.43,25.65,3262669
2025-09-14,601899.SH,25.54,26.1,25.3,25.5,2408982
2025-09-15,601899.SH,26.1,26.15,24.89,25.32,3128029
2025-09-16,601899.SH,25.12,25.29,24.75,25.07,2092150
2025-09-17,601899.SH,24.68,25.04,24.11,24.42,2631922
2025-09-18,601899.SH,24.42,25.15,24.42,25.02,2021763
2025-09-21,601899.SH,25.5,25.56,24.85,25.37,1944233
2025-09-22,601899.SH,25.6,26.38,25.25,25.82,2761082
2025-09-23,601899.SH,25.82,25.93,25.49,25.93,1680028
2025-09-24,601899.SH,26.9,27.64,26.69,27.27,3953227
2025-09-25,601899.SH,27.1,28.36,26.91,27.4,2820572
2025-09-28,601899.SH,27.7,28.86,27.53,28.77,3997940
2025-09-29,601899.SH,29.57,29.88,28.74,29.44,3858883
2025-10-08,601899.SH,31.22,32.38,30.77,32.38,5093434
2025-10-09,601899.SH,31.5,32,30.35,30.87,4660206
2025-10-12,601899.SH,30.05,31.65,29.88,31.3,4175730
2025-10-13,601899.SH,32.4,32.65,29.15,29.5,5392361
2025-10-14,601899.SH,29.96,31.2,29.38,30.98,3656411
2025-10-15,601899.SH,30.99,31.37,30.06,30.47,2899010
2025-10-16,601899.SH,31.12,31.3,30.03,30.17,3044437
2025-10-19,601899.SH,29.4,30.29,29,29.75,2973410
2025-10-20,601899.SH,30.4,30.78,29.81,30.05,2616486
2025-10-21,601899.SH,28.19,29.6,28.19,29.45,3153555
2025-10-22,601899.SH,29.03,29.93,28.56,29.7,2465283
2025-10-23,601899.SH,30.05,30.3,29.76,30.03,1869698
2025-10-26,601899.SH,30.12,31.3,30.12,31,2902466
2025-10-27,601899.SH,30.5,30.79,29.81,29.84,2642452
2025-10-28,601899.SH,30.05,31.05,30.01,30.96,2116510
2025-10-29,601899.SH,30.78,31.6,30.62,31.11,2766723
2025-10-30,601899.SH,31.11,31.29,30.45,30.5,1749231
2025-11-02,601899.SH,30.11,30.33,28.87,30,2361913
2025-11-03,601899.SH,29.5,29.78,28.6,28.78,2680317
2025-11-04,601899.SH,27.92,29.25,27.82,29.01,2154614
2025-11-05,601899.SH,29.01,29.8,28.92,29.7,1789698
2025-11-06,601899.SH,29.69,30.25,29.62,30.17,1497567
2025-11-09,601899.SH,30.8,30.95,29.88,30.17,1885112
2025-11-10,601899.SH,30.57,30.68,29.5,29.62,1664377
2025-11-11,601899.SH,29.62,30.06,29.15,29.49,1364288
2025-11-12,601899.SH,29.8,31.12,29.71,30.72,2809336
2025-11-13,601899.SH,30.1,30.43,29.82,30.02,1661668
2025-11-16,601899.SH,29.73,29.92,28.86,28.98,2159944
2025-11-17,601899.SH,28.7,28.95,28.21,28.39,1733398
2025-11-18,601899.SH,28.74,29.55,28.7,29.34,1921845
2025-11-19,601899.SH,29.4,29.68,28.9,28.97,1331418
2025-11-20,601899.SH,28.47,28.86,28,28.14,1887292
2025-11-23,601899.SH,28.44,28.5,27.63,28,1708343
2025-11-24,601899.SH,28.47,28.88,28.41,28.51,1474476
2025-11-25,601899.SH,28.66,28.77,28.35,28.43,1590126
2025-11-26,601899.SH,28.8,29.2,28.5,28.6,1636297
2025-11-27,601899.SH,28.79,29.09,28.4,28.58,1975435
2025-11-30,601899.SH,29.5,30.67,29.4,30.06,3600530
2025-12-01,601899.SH,29.9,29.98,29.45,29.74,1548725
2025-12-02,601899.SH,29.85,30.26,29.72,29.97,1911287
2025-12-03,601899.SH,30.84,31.38,30.53,30.69,2728596
2025-12-04,601899.SH,30.59,31.49,30.47,31.32,2334711
2025-12-07,601899.SH,31.4,31.6,30.94,31.5,2068024
2025-12-08,601899.SH,31.18,31.23,30.18,30.4,1990926
2025-12-09,601899.SH,30.6,30.85,30.2,30.75,1170209
2025-12-10,601899.SH,31.2,31.95,30.75,30.96,2407725
2025-12-11,601899.SH,31.67,31.8,31.35,31.7,2211743
2025-12-14,601899.SH,31.26,31.88,31.06,31.41,1691352
2025-12-15,601899.SH,31.02,31.22,30.12,30.32,1583903
2025-12-16,601899.SH,30.55,31.19,30.4,30.87,1769711
2025-12-17,601899.SH,30.83,31.35,30.65,30.97,1380093
2025-12-18,601899.SH,30.84,31.38,30.41,31.12,1656729
2025-12-21,601899.SH,31.69,32.78,31.64,32.53,2445132
2025-12-22,601899.SH,33.06,33.1,31.9,32.09,2702894
2025-12-23,601899.SH,32.54,32.65,31.99,32.31,1927107
2025-12-24,601899.SH,31.99,32.14,31.83,32.03,1274567
2025-12-25,601899.SH,32.6,33.77,32.55,33.53,2861989
2025-12-28,601899.SH,34.16,34.3,32.58,32.65,3575540
2025-12-29,601899.SH,31.55,33.48,31.53,33.42,2438024
2025-12-30,601899.SH,33.48,35.36,33.39,34.47,3411882
2026-01-04,601899.SH,35.3,35.64,34.27,35.4,3103935
2026-01-05,601899.SH,36,37.7,35.95,37.6,3567272
2026-01-06,601899.SH,37.6,37.7,36.38,36.72,3573036
2026-01-07,601899.SH,36.2,37.01,35.79,36.3,2415585
2026-01-08,601899.SH,36,37.67,35.98,37.22,2805790
2026-01-11,601899.SH,38.22,38.38,37.03,37.26,2964964
2026-01-12,601899.SH,37.4,38.9,37.3,38.24,3107782
2026-01-13,601899.SH,38.61,39.85,38.36,38.5,4256502
2026-01-14,601899.SH,38.26,39.44,37.7,38.25,3860818
2026-01-15,601899.SH,38.32,39.11,37.06,37.47,3947778
2026-01-18,601899.SH,37.62,37.78,36.5,37.26,2532752
2026-01-19,601899.SH,37.26,37.77,36.21,37.31,3074571
2026-01-20,601899.SH,37.76,38.48,37.36,38.13,3891673
2026-01-21,601899.SH,37.5,37.88,37.08,37.66,2739499
2026-01-22,601899.SH,38.39,38.5,37.35,37.56,3862963
2026-01-25,601899.SH,38.74,40.48,38.73,39.5,6635144
2026-01-26,601899.SH,40.23,42.68,39.68,40.61,7284982
2026-01-27,601899.SH,41.4,42.58,40.6,42.3,6522833
2026-01-28,601899.SH,43.79,44.94,41.31,43.45,7728672
2026-01-29,601899.SH,41.2,42.36,39.12,40.14,6703441
2026-02-01,601899.SH,36.87,38.73,36.27,36.61,7140436
2026-02-02,601899.SH,37.84,38.95,37.08,38.81,4766103
2026-02-03,601899.SH,39.5,39.99,38.68,39.16,3267366
2026-02-04,601899.SH,38.13,38.5,36.57,37.45,3583731
2026-02-05,601899.SH,35.55,37.82,35.5,37.19,3277748
2026-02-08,601899.SH,38.49,38.88,38.03,38.63,2639476
2026-02-09,601899.SH,38.98,39.4,38.52,38.81,1996571
2026-02-10,601899.SH,38.6,39.79,38.57,39.48,2228674
2026-02-11,601899.SH,39.57,40.43,39.49,39.75,2355759
2026-02-12,601899.SH,38.26,39.04,37.69,37.78,3380334
2026-02-23,601899.SH,39.49,39.65,38.98,39.32,2467460
2026-02-24,601899.SH,39.4,40.26,38.86,39.63,2897095
2026-02-25,601899.SH,39.89,39.96,38.94,39.37,1990664
2026-02-26,601899.SH,39.2,40.05,39.01,39.55,2420602
2026-03-01,601899.SH,40.4,40.9,39.1,40.77,4775134
2026-03-02,601899.SH,40.35,40.35,38.66,38.86,4140938
2026-03-03,601899.SH,37.7,38.89,37.48,37.96,3125702
2026-03-04,601899.SH,38.46,38.48,37.2,37.67,2606599
2026-03-05,601899.SH,37.01,37.48,36.24,37.1,2539470
2026-03-08,601899.SH,35.93,36.67,34.86,36.4,3906290
2026-03-09,601899.SH,36.98,37.54,36.8,37.13,2013124
2026-03-10,601899.SH,37.5,37.64,37.04,37.24,1481313
2026-03-11,601899.SH,36.79,37.16,36.35,36.75,1891130
2026-03-12,601899.SH,36.2,36.94,35.6,35.77,2471205
2026-03-15,601899.SH,35.04,35.17,33.6,34.75,4207313
2026-03-16,601899.SH,34.73,35.55,34.67,34.9,2253776
2026-03-17,601899.SH,34.74,35,34.35,34.92,1990248
2026-03-18,601899.SH,33.25,33.9,32.12,32.32,5279354
2026-03-19,601899.SH,32.2,32.85,31.43,31.65,3850343
2026-03-22,601899.SH,30.21,31.34,29.8,30.58,4933043
2026-03-23,601899.SH,31.25,32.38,30.91,32.2,4572645
2026-03-24,601899.SH,33.5,33.98,33.09,33.24,4106152
2026-03-25,601899.SH,33.1,33.24,31.83,32.09,3050473
2026-03-26,601899.SH,31.5,32.72,31.5,32.47,2282467
2026-03-29,601899.SH,32.2,32.8,31.88,32.78,2369010
2026-03-30,601899.SH,32.98,33.5,32.6,32.72,2531059
2026-03-31,601899.SH,33.86,34.58,33.62,34.15,3237031
2026-04-01,601899.SH,33.99,33.99,32.7,33.12,2589426
2026-04-02,601899.SH,33.25,33.33,32.82,32.91,1419991
2026-04-06,601899.SH,32.8,33.1,32.33,32.41,1506498
2026-04-07,601899.SH,34,34.76,34,34.62,4079541
2026-04-08,601899.SH,33.99,34.19,33.74,33.9,2206590
2026-04-09,601899.SH,34.23,34.58,33.7,33.75,2375710
2026-04-12,601899.SH,33.38,33.8,33.31,33.66,1765321
2026-04-13,601899.SH,34.49,34.95,34.35,34.8,2988457
2026-04-14,601899.SH,35.75,36,34.81,34.91,2991792
2026-04-15,601899.SH,35,35.39,35,35.3,2009412
2026-04-16,601899.SH,35,35.1,34.5,34.73,2155828
2026-04-19,601899.SH,34.86,35.29,34.7,34.82,2256403
2026-04-20,601899.SH,34.98,35.68,34.5,35.66,3119791
2026-04-21,601899.SH,35.67,35.86,35.24,35.53,3723920
2026-04-22,601899.SH,35.56,35.56,34.14,34.4,3566449
2026-04-23,601899.SH,34.02,34.42,33.53,34.31,2577934
2026-04-26,601899.SH,34,34.25,33.48,33.56,2310885
2026-04-27,601899.SH,33.33,33.46,32.88,32.95,2070092
2026-04-28,601899.SH,32.55,34.2,32.51,34.14,3034995
2026-04-29,601899.SH,33.7,34.02,33.08,33.3,2403899
2026-05-05,601899.SH,33.5,34.38,33.21,34.21,3990720
2026-05-06,601899.SH,34.84,35.17,34.12,34.46,3360414
2026-05-07,601899.SH,34.02,35,33.84,34.8,3012482
2026-05-10,601899.SH,34.55,34.72,33.85,34.27,3037097
2026-05-11,601899.SH,34.96,35.33,34.5,34.58,4169460
2026-05-12,601899.SH,35.1,35.25,34.45,34.66,3224803
2026-05-13,601899.SH,34.49,34.76,33.5,33.52,2769481
2026-05-14,601899.SH,32.99,33,31.5,31.84,4482822
2026-05-17,601899.SH,30.9,31.37,30.71,31.3,2887987
2026-05-18,601899.SH,31.3,31.39,30.64,31.16,1808601
2026-05-19,601899.SH,30.53,30.64,29.92,30.39,3144897
2026-05-20,601899.SH,30.91,31.25,29.93,29.99,2956155
2026-05-21,601899.SH,30.16,31.14,29.88,30.96,2681039
2026-05-24,601899.SH,31.64,32,31.09,31.35,2840462
2026-05-25,601899.SH,31.16,32.98,31.02,32.9,4437216
2026-05-26,601899.SH,32.58,32.89,31.53,31.62,2616966
2026-05-27,601899.SH,31,31.2,30.08,30.71,3109909
2026-05-28,601899.SH,31.32,31.38,30.18,30.44,2610250
2026-05-31,601899.SH,30.22,30.7,30.12,30.19,1751622
2026-06-01,601899.SH,30.36,31.74,30.12,31.58,3333214
2026-06-02,601899.SH,31.01,31.82,30.95,31.27,2529803
2026-06-03,601899.SH,30.9,30.95,30.22,30.34,2062166
2026-06-04,601899.SH,30.3,30.85,29.53,29.63,2716213
2026-06-07,601899.SH,28.28,28.73,27.58,28.05,3775320
2026-06-08,601899.SH,28.14,28.53,27.6,28.47,2513161
2026-06-09,601899.SH,27.6,28,27.2,27.7,3044088
2026-06-10,601899.SH,27.2,27.69,26.8,27.33,3231431
2026-06-11,601899.SH,28.09,29.76,27.81,29.09,5098539
2026-06-14,601899.SH,30.54,31.35,30.4,31.31,5714756
2026-06-15,601899.SH,31,31.1,30.2,30.29,2922715
2026-06-16,601899.SH,30.5,30.95,30.12,30.43,2229817
2026-06-17,601899.SH,29.96,30.98,29.28,29.69,3620675
2026-06-21,601899.SH,29.25,30.5,28.55,30.44,3918476
2026-06-22,601899.SH,29.95,30,27.64,27.75,4947402
2026-06-23,601899.SH,27.41,27.97,27.33,27.65,2846096
2026-06-24,601899.SH,26.51,26.76,25.73,25.92,5760700
2026-06-25,601899.SH,25.9,25.9,24.86,25.1,3528208
2026-06-28,601899.SH,25.35,25.96,24.98,25.79,3232927
2026-06-29,601899.SH,25.05,25.26,24.7,25.14,3107057
2026-06-30,601899.SH,24.85,25.55,24.42,25.11,3389084
2026-07-01,601899.SH,25.61,26.96,25.52,26.3,5067417
2026-07-02,601899.SH,27.5,28.3,27.41,27.82,5386520
2026-07-05,601899.SH,27.64,29.19,27.62,28.28,3700913
2026-07-06,601899.SH,27.8,28.11,27.43,27.62,2235422
2026-07-07,601899.SH,27.12,28.03,26.8,27.36,1969818
2026-07-08,601899.SH,26.82,27.7,26.55,27.62,2514997
2026-07-09,601899.SH,28,28.45,27.08,27.72,2657100
2026-07-12,601899.SH,27.23,27.63,26.74,27.36,2130238
2026-07-13,601899.SH,26.88,29.29,26.75,29.06,3803205
2026-07-14,601899.SH,29.06,29.34,28.56,28.83,2683491
2026-07-15,601899.SH,28.82,29.59,28.79,29.25,2654390
2026-07-16,601899.SH,28.65,28.82,27.92,28.36,2904169
2026-07-19,601899.SH,28.36,29.45,28.29,29.35,2757683
2026-07-20,601899.SH,29.95,30.33,29.13,30.21,3426670
2026-07-21,601899.SH,30.81,32.79,30.81,32.2,5261658
2026-07-22,601899.SH,32.52,33.68,31.92,33.06,4394476
2026-07-23,601899.SH,31.74,32.09,30.97,31.51,4010393
2026-07-26,601899.SH,32.45,32.45,31.13,31.77,2316589
2026-07-27,601899.SH,31.2,31.8,31.03,31.69,1870630
2026-07-28,601899.SH,31.94,32.29,31.18,32.15,2156163
2026-07-29,601899.SH,32.63,33.18,32.01,32.7,2842980
2026-07-30,601899.SH,32.38,33.48,32.27,32.95,2842479
2026-08-02,601899.SH,32.7,32.94,31.69,32.55,2195419
2026-08-03,601899.SH,32.45,32.85,31.85,32.12,2066598
2026-08-04,601899.SH,32.39,34.22,32.38,34.1,4306669
2026-08-05,601899.SH,35.38,35.8,34.15,34.5,4026674
2026-08-06,601899.SH,34.09,35.34,34.06,35.15,2747124
2026-08-09,601899.SH,35.18,35.6,34.71,35.45,2736505
2026-08-10,601899.SH,35.66,35.77,33.11,33.18,4475415
2026-08-11,601899.SH,33.19,34.08,33.18,33.58,2044842
2026-08-12,601899.SH,33.58,33.84,32.11,32.21,3309070
2026-08-13,601899.SH,31.8,32.66,31.75,32.53,1943765
2026-08-16,601899.SH,33.33,33.65,33.01,33.36,1971968
2026-08-17,601899.SH,33.36,33.58,32.87,33.56,1845214
2026-08-18,601899.SH,32.5,33.28,32.35,32.76,1898576
2026-08-19,601899.SH,34,35.08,33.87,34.25,4115787
2026-08-20,601899.SH,34.25,34.87,33.6,34.74,3007017
2026-08-23,601899.SH,35.4,35.47,34.16,34.54,3376482
2026-08-24,601899.SH,34.7,34.7,33.4,33.68,2515654
2026-08-25,601899.SH,33.7,35.35,33.7,34.47,3142352
2026-08-26,601899.SH,33.8,34.86,33.79,34.57,2314388
2026-08-27,601899.SH,34.5,34.67,33.7,34.65,1997115
2026-08-30,601899.SH,33,33.75,32.6,33.67,2966399
2026-08-31,601899.SH,33.67,34.19,33.49,33.73,1591142
2026-09-01,601899.SH,32.89,33.23,32.19,32.95,2372155
2026-09-02,601899.SH,33.25,33.66,32.95,33.31,1695898
2026-09-03,601899.SH,33.85,34.05,33.07,33.35,1769341
2026-09-06,601899.SH,32.7,33.22,32.61,32.87,1495597
2026-09-07,601899.SH,33.44,34.14,33.24,33.86,2502415
2026-09-08,601899.SH,33.87,34.53,33.49,34.4,1990935
2026-09-09,601899.SH,34.08,34.39,33.97,34.11,998200
2026-09-10,601899.SH,32.5,32.68,31.45,32.26,3799017
2026-09-13,601899.SH,31.78,32.49,31.7,32.25,1548053
2026-09-14,601899.SH,32.06,32.2,31.53,31.68,1302033
2026-09-15,601899.SH,31.77,32.47,31.16,32.17,1896368
2026-09-16,601899.SH,31.8,32,30.51,30.9,3075905
2026-09-17,601899.SH,31.5,31.72,31.16,31.41,1770975
2026-09-20,601899.SH,31.48,31.7,31.07,31.3,1132466
2026-09-21,601899.SH,31.39,31.75,31.18,31.41,1326999
2026-09-22,601899.SH,31.65,31.77,31.32,31.41,1029596
2026-09-23,601899.SH,30.99,31.02,29.99,30.01,2145140
2026-09-27,601899.SH,29.6,29.69,29.05,29.42,1665027
2026-09-28,601899.SH,29.01,29.62,29.01,29.46,1114297
2026-09-29,601899.SH,29.5,29.94,29.46,29.79,982198
2022-08-16,600938.SH,14.6,14.8,14.52,14.77,369225
2022-08-17,600938.SH,14.76,14.76,14.38,14.41,498510
2022-08-18,600938.SH,14.6,15.08,14.53,14.84,980041
2022-08-21,600938.SH,14.84,15.18,14.83,15.08,552328
2022-08-22,600938.SH,15.1,16.25,15.07,16.04,1606902
2022-08-23,600938.SH,16.11,16.77,16.08,16.35,1385698
2022-08-24,600938.SH,16.66,17.98,16.54,17.68,1789181
2022-08-25,600938.SH,17.21,17.31,16.68,16.71,966763
2022-08-28,600938.SH,16.45,17.58,16.45,17.23,902343
2022-08-29,600938.SH,17.58,17.79,16.5,17.03,957547
2022-08-30,600938.SH,16.5,16.64,16.18,16.27,727201
2022-08-31,600938.SH,16.16,16.67,15.97,16,625696
2022-09-01,600938.SH,15.98,16.26,15.82,16.03,355221
2022-09-04,600938.SH,16.3,17.15,16.26,17.1,765140
2022-09-05,600938.SH,17.18,17.21,16.71,17,533178
2022-09-06,600938.SH,16.62,16.8,16.41,16.68,633194
2022-09-07,600938.SH,16.18,16.22,15.93,16.17,605395
2022-09-08,600938.SH,16.14,16.31,16,16.27,331572
2022-09-12,600938.SH,16.55,16.6,16.18,16.34,464392
2022-09-13,600938.SH,16.08,16.95,16.08,16.69,772761
2022-09-14,600938.SH,16.98,17,16.44,16.73,596826
2022-09-15,600938.SH,16.48,16.62,16.1,16.12,367622
2022-09-18,600938.SH,16.01,16.4,15.86,16.1,307089
2022-09-19,600938.SH,16.25,16.29,15.93,16.15,308386
2022-09-20,600938.SH,16,16.66,15.83,16.62,449167
2022-09-21,600938.SH,16.25,16.85,16.11,16.67,540830
2022-09-22,600938.SH,16.59,17.53,16.57,17,777104
2022-09-25,600938.SH,16.43,16.44,15.48,15.52,892885
2022-09-26,600938.SH,15.45,15.55,14.84,15.34,687151
2022-09-27,600938.SH,15.3,15.65,15.02,15.15,392778
2022-09-28,600938.SH,15.48,15.71,15.3,15.43,417674
2022-09-29,600938.SH,15.42,15.95,15.3,15.83,386976
2022-10-09,600938.SH,16.7,16.87,16.41,16.53,646656
2022-10-10,600938.SH,16.46,16.83,16.03,16.7,475084
2022-10-11,600938.SH,16.46,16.76,16.34,16.67,412291
2022-10-12,600938.SH,16.05,16.09,15.68,15.94,362198
2022-10-13,600938.SH,16.16,16.36,16.09,16.29,397872
2022-10-16,600938.SH,16.14,16.67,15.94,16.54,385738
2022-10-17,600938.SH,16.5,16.5,16.08,16.11,358350
2022-10-18,600938.SH,16,16.14,15.79,15.8,262873
2022-10-19,600938.SH,15.96,16.33,15.89,16.08,354443
2022-10-20,600938.SH,15.8,15.95,15.18,15.92,973482
2022-10-23,600938.SH,15.85,16.05,15.69,15.94,675049
2022-10-24,600938.SH,15.87,15.92,15.36,15.5,492777
2022-10-25,600938.SH,15.48,15.72,15,15.18,781032
2022-10-26,600938.SH,15.31,15.5,15.18,15.37,508646
2022-10-27,600938.SH,15.39,15.5,15.2,15.34,446932
2022-10-30,600938.SH,15.2,15.24,14.66,14.7,567204
2022-10-31,600938.SH,14.48,15.35,14.48,15.24,521730
2022-11-01,600938.SH,15.21,15.67,15.14,15.56,533578
2022-11-02,600938.SH,15.35,15.62,15.26,15.35,376127
2022-11-03,600938.SH,15.31,15.83,15.3,15.74,744927
2022-11-06,600938.SH,15.75,17,15.75,16.41,1034656
2022-11-07,600938.SH,16.52,16.66,16.1,16.25,523332
2022-11-08,600938.SH,16.07,16.23,16,16.08,362964
2022-11-09,600938.SH,15.75,15.91,15.54,15.86,482784
2022-11-10,600938.SH,16.12,16.36,15.83,16.3,611892
2022-11-13,600938.SH,16.35,16.58,15.94,16.03,432023
2022-11-14,600938.SH,15.8,16.08,15.61,16.07,363805
2022-11-15,600938.SH,16.09,16.4,16.07,16.28,470692
2022-11-16,600938.SH,16.07,16.14,15.72,15.89,495117
2022-11-17,600938.SH,15.74,15.85,15.61,15.67,426363
2022-11-20,600938.SH,15.41,15.55,15.32,15.48,332299
2022-11-21,600938.SH,15.43,16,15.4,15.71,455337
2022-11-22,600938.SH,15.82,16.35,15.8,16.1,770333
2022-11-23,600938.SH,15.88,16.1,15.75,15.96,533475
2022-11-24,600938.SH,15.92,16.21,15.89,16.12,352253
2022-11-27,600938.SH,15.81,15.98,15.68,15.87,377827
2022-11-28,600938.SH,15.92,16.33,15.78,16.25,596449
2022-11-29,600938.SH,16.19,16.54,16.12,16.47,514411
2022-11-30,600938.SH,16.66,16.77,16.31,16.54,589924
2022-12-01,600938.SH,16.47,17.1,16.47,16.76,583083
2022-12-04,600938.SH,16.78,17.32,16.7,17.15,557203
2022-12-05,600938.SH,16.88,16.94,16.56,16.69,562410
2022-12-06,600938.SH,16.4,16.43,16.13,16.23,526046
2022-12-07,600938.SH,16.14,16.28,16,16.2,426364
2022-12-08,600938.SH,16.16,16.19,16.06,16.15,268012
2022-12-11,600938.SH,16.15,16.15,15.85,15.88,370779
2022-12-12,600938.SH,16.03,16.1,15.9,16.03,228544
2022-12-13,600938.SH,16.05,16.09,15.88,15.93,250531
2022-12-14,600938.SH,16.06,16.07,15.88,15.9,216760
2022-12-15,600938.SH,15.8,15.9,15.72,15.84,191332
2022-12-18,600938.SH,15.82,15.83,15.18,15.31,480541
2022-12-19,600938.SH,15.3,15.48,15.25,15.34,214281
2022-12-20,600938.SH,15.39,15.41,15.15,15.22,183451
2022-12-21,600938.SH,15.35,15.38,15.09,15.11,227930
2022-12-22,600938.SH,15.07,15.14,14.97,15.06,167852
2022-12-25,600938.SH,15.2,15.45,15.15,15.45,314681
2022-12-26,600938.SH,15.5,15.6,15.38,15.45,257774
2022-12-27,600938.SH,15.45,15.48,15.34,15.37,164470
2022-12-28,600938.SH,15.3,15.3,15.08,15.09,261838
2022-12-29,600938.SH,15.14,15.3,15.13,15.2,169881
2023-01-02,600938.SH,15.21,15.52,15.21,15.48,263646
2023-01-03,600938.SH,15.33,15.37,15.23,15.29,306513
2023-01-04,600938.SH,15.22,15.28,15.12,15.28,327147
2023-01-05,600938.SH,15.24,15.35,15.2,15.32,226196
2023-01-08,600938.SH,15.36,15.5,15.31,15.5,320619
2023-01-09,600938.SH,15.43,15.55,15.37,15.43,198491
2023-01-10,600938.SH,15.4,15.55,15.35,15.49,209302
2023-01-11,600938.SH,15.65,15.8,15.57,15.75,421051
2023-01-12,600938.SH,15.82,15.93,15.72,15.76,263374
2023-01-15,600938.SH,15.73,15.85,15.63,15.75,294418
2023-01-16,600938.SH,15.7,15.7,15.45,15.47,364964
2023-01-17,600938.SH,15.56,15.83,15.56,15.8,387704
2023-01-18,600938.SH,15.66,15.76,15.61,15.71,258755
2023-01-19,600938.SH,15.89,16.34,15.82,16.19,659717
2023-01-29,600938.SH,16.4,16.48,16.03,16.06,513592
2023-01-30,600938.SH,15.96,16.03,15.82,15.89,354359
2023-01-31,600938.SH,15.96,16.03,15.86,16.03,445618
2023-02-01,600938.SH,15.94,16.14,15.85,16.1,423307
2023-02-02,600938.SH,15.96,15.98,15.84,15.89,347045
2023-02-05,600938.SH,15.76,15.91,15.65,15.9,208217
2023-02-06,600938.SH,15.95,16.03,15.87,16,273387
2023-02-07,600938.SH,16.13,16.2,15.91,15.96,346518
2023-02-08,600938.SH,15.96,16.09,15.92,16.02,288547
2023-02-09,600938.SH,15.98,16.01,15.82,15.89,285139
2023-02-12,600938.SH,15.93,15.99,15.89,15.96,251269
2023-02-13,600938.SH,15.96,16.09,15.88,16.09,271378
2023-02-14,600938.SH,16.01,16.06,15.92,15.94,179530
2023-02-15,600938.SH,15.93,16.07,15.7,15.82,351304
2023-02-16,600938.SH,15.83,15.89,15.76,15.85,220036
2023-02-19,600938.SH,15.83,16.07,15.76,16.05,433774
2023-02-20,600938.SH,16.06,16.16,16.01,16.05,470231
2023-02-21,600938.SH,15.98,16.28,15.96,16.14,466625
2023-02-22,600938.SH,16.08,16.14,16.03,16.09,308731
2023-02-23,600938.SH,16.14,16.14,15.89,15.98,202719
2023-02-26,600938.SH,15.97,16.03,15.9,15.95,174480
2023-02-27,600938.SH,15.95,16.02,15.9,15.97,155297
2023-02-28,600938.SH,15.99,16.16,15.98,16.14,395109
2023-03-01,600938.SH,16.16,16.81,16.14,16.67,1203109
2023-03-02,600938.SH,16.68,17.34,16.55,17.18,1395717
2023-03-05,600938.SH,17.32,17.51,17.04,17.2,743527
2023-03-06,600938.SH,17.25,18.92,17.25,18.21,1737016
2023-03-07,600938.SH,17.95,18.16,17.77,18.12,901698
2023-03-08,600938.SH,17.97,18.52,17.9,18.2,696166
2023-03-09,600938.SH,18.02,18.15,17.5,17.55,677848
2023-03-12,600938.SH,17.77,18.46,17.69,18.41,884070
2023-03-13,600938.SH,18.21,18.36,17.85,17.91,650679
2023-03-14,600938.SH,17.78,18.11,17.41,17.87,705879
2023-03-15,600938.SH,17.36,17.39,16.8,16.93,1097317
2023-03-16,600938.SH,17.02,17.7,17.02,17.47,834059
2023-03-19,600938.SH,17.31,17.66,16.85,16.96,1003120
2023-03-20,600938.SH,17.09,17.1,16.57,16.88,555044
2023-03-21,600938.SH,17,17.13,16.72,16.83,545649
2023-03-22,600938.SH,16.85,17.15,16.58,17.01,602034
2023-03-23,600938.SH,16.89,16.89,16.62,16.7,602973
2023-03-26,600938.SH,16.7,16.7,16.4,16.47,548491
2023-03-27,600938.SH,16.75,16.89,16.6,16.79,706560
2023-03-28,600938.SH,16.87,16.96,16.7,16.85,453907
2023-03-29,600938.SH,16.7,17.3,16.55,17.15,1007932
2023-03-30,600938.SH,17.14,17.2,16.92,17.04,470635
2023-04-02,600938.SH,17.57,18.29,17.57,17.64,1169315
2023-04-03,600938.SH,17.89,18.28,17.77,18.06,823076
2023-04-05,600938.SH,18.06,18.07,17.55,17.77,754512
2023-04-06,600938.SH,17.66,17.74,17.33,17.57,477310
2023-04-09,600938.SH,17.6,18.09,17.45,18,800188
2023-04-10,600938.SH,17.85,17.86,17.61,17.82,468806
2023-04-11,600938.SH,17.81,18.28,17.8,18.14,643784
2023-04-12,600938.SH,18.3,19.38,18.3,18.83,1371775
2023-04-13,600938.SH,18.72,19.22,18.61,18.95,661567
2023-04-16,600938.SH,18.93,19.98,18.82,19.85,1103985
2023-04-17,600938.SH,19.63,19.63,19.15,19.32,610847
2023-04-18,600938.SH,19.26,19.51,18.96,19.08,505202
2023-04-19,600938.SH,18.88,19.41,18.58,19.37,599633
2023-04-20,600938.SH,19.12,20.15,19,19.28,903593
2023-04-23,600938.SH,19.36,19.52,18.7,18.9,726017
2023-04-24,600938.SH,18.97,19.3,18.7,19.11,798211
2023-04-25,600938.SH,18.88,18.88,18,18.53,825591
2023-04-26,600938.SH,18.18,18.51,18.18,18.38,404411
2023-04-27,600938.SH,18.65,19.48,18.62,19.33,753544
2023-05-03,600938.SH,18.63,19.17,18.22,18.92,802884
2023-05-04,600938.SH,18.8,19.04,18.35,18.5,520652
2023-05-07,600938.SH,18.74,20.3,18.74,19.92,1172741
2023-05-08,600938.SH,20.09,20.59,19.61,19.73,826189
2023-05-09,600938.SH,19.8,19.89,18.96,19.15,712324
2023-05-10,600938.SH,19.09,19.4,19.01,19.23,371157
2023-05-11,600938.SH,19.06,19.24,18.66,18.86,533398
2023-05-14,600938.SH,18.7,19.07,18.5,19.06,374229
2023-05-15,600938.SH,19.2,19.55,18.93,18.95,459558
2023-05-16,600938.SH,18.8,18.91,18.65,18.82,278139
2023-05-17,600938.SH,19.05,19.2,18.95,18.96,321534
2023-05-18,600938.SH,18.9,19.12,18.73,19.04,307259
2023-05-21,600938.SH,18.92,19.18,18.87,19.16,229020
2023-05-22,600938.SH,19.22,19.45,18.53,18.54,509998
2023-05-23,600938.SH,18.53,18.68,18.3,18.4,340966
2023-05-24,600938.SH,18.38,18.45,17.68,18.1,446606
2023-05-25,600938.SH,17.9,18.18,17.71,18,353143
2023-05-28,600938.SH,18.16,18.56,18.09,18.37,375148
2023-05-29,600938.SH,18.37,18.51,18.17,18.34,254380
2023-05-30,600938.SH,18.06,18.07,17.45,17.55,588032
2023-05-31,600938.SH,17.47,17.83,17.39,17.72,291877
2023-06-01,600938.SH,17.9,18.21,17.89,17.94,289858
2023-06-04,600938.SH,18.19,18.25,17.97,18.08,293095
2023-06-05,600938.SH,18,18.2,17.9,17.98,229924
2023-06-06,600938.SH,17.94,18.1,17.85,18.09,240558
2023-06-07,600938.SH,18.14,18.45,18.13,18.43,325680
2023-06-08,600938.SH,18.35,18.73,18.33,18.67,273992
2023-06-11,600938.SH,18.63,18.78,18.53,18.58,288089
2023-06-12,600938.SH,18.37,18.4,17.68,18.02,615410
2023-06-13,600938.SH,18.16,18.31,18.09,18.25,273723
2023-06-14,600938.SH,18.13,18.23,18,18.21,258004
2023-06-15,600938.SH,18.48,18.55,18.36,18.5,282567
2023-06-18,600938.SH,18.5,18.51,18.28,18.35,240933
2023-06-19,600938.SH,18.28,18.31,17.91,17.95,346027
2023-06-20,600938.SH,17.91,18.18,17.84,17.84,311289
2023-06-25,600938.SH,17.79,17.98,17.7,17.82,210952
2023-06-26,600938.SH,17.91,18.19,17.69,18.09,320321
2023-06-27,600938.SH,18,18.25,17.91,18.22,225893
2023-06-28,600938.SH,18.46,18.46,18,18.02,148224
2023-06-29,600938.SH,18.05,18.13,18,18.12,129479
2023-07-02,600938.SH,18.13,18.67,18.12,18.62,338324
2023-07-03,600938.SH,18.55,19.06,18.5,19.05,387964
2023-07-04,600938.SH,19.15,19.25,18.86,19.06,236960
2023-07-05,600938.SH,19.07,19.2,18.88,19.06,151424
2023-07-06,600938.SH,19.06,19.2,18.91,19.1,160835
2023-07-09,600938.SH,19.17,19.3,18.87,19,169605
2023-07-10,600938.SH,19.01,19.04,18.81,18.91,176591
2023-07-11,600938.SH,18.99,19.39,18.99,19.27,356849
2023-07-12,600938.SH,19.49,19.8,19.31,19.75,396106
2023-07-13,600938.SH,19.25,19.37,19.04,19.07,264666
2023-07-16,600938.SH,18.88,19.06,18.8,19.05,167676
2023-07-17,600938.SH,19,19.04,18.84,18.86,119200
2023-07-18,600938.SH,18.98,19.34,18.92,19.18,165282
2023-07-19,600938.SH,19.18,19.28,18.77,18.84,216824
2023-07-20,600938.SH,18.86,18.92,18.66,18.68,164925
2023-07-23,600938.SH,18.8,18.83,18.36,18.49,187796
2023-07-24,600938.SH,18.81,19.11,18.81,18.98,291090
2023-07-25,600938.SH,18.98,19.09,18.67,18.76,194373
2023-07-26,600938.SH,18.77,19.09,18.76,18.83,195824
2023-07-27,600938.SH,18.76,18.91,18.6,18.89,339647
2023-07-30,600938.SH,18.91,19.11,18.64,18.78,358793
2023-07-31,600938.SH,18.85,19.09,18.8,19.04,443401
2023-08-01,600938.SH,19.08,19.12,18.75,18.84,340637
2023-08-02,600938.SH,18.71,18.71,18.45,18.53,317046
2023-08-03,600938.SH,18.65,18.86,18.6,18.63,330103
2023-08-06,600938.SH,18.65,18.79,18.59,18.75,198767
2023-08-07,600938.SH,18.73,18.87,18.66,18.75,145096
2023-08-08,600938.SH,18.81,18.82,18.57,18.64,155210
2023-08-09,600938.SH,18.76,19.03,18.76,19.01,540521
2023-08-10,600938.SH,18.9,19.01,18.6,18.66,366143
2023-08-13,600938.SH,18.61,18.75,18.5,18.66,235139
2023-08-14,600938.SH,18.61,18.7,18.5,18.66,178663
2023-08-15,600938.SH,18.55,18.58,18.24,18.26,258146
2023-08-16,600938.SH,18.09,18.44,18,18.44,177923
2023-08-17,600938.SH,18.43,18.67,18.34,18.46,213947
2023-08-20,600938.SH,18.43,18.55,18.31,18.46,165821
2023-08-21,600938.SH,18.38,18.86,18.37,18.81,376428
2023-08-22,600938.SH,18.8,19.01,18.73,18.74,237746
2023-08-23,600938.SH,18.74,18.88,18.61,18.72,184983
2023-08-24,600938.SH,18.64,18.82,18.64,18.74,153453
2023-08-27,600938.SH,19.39,19.45,18.86,18.97,359206
2023-08-28,600938.SH,18.97,19.08,18.93,18.97,169689
2023-08-29,600938.SH,18.98,19.02,18.94,19.01,159828
2023-08-30,600938.SH,19.1,19.1,18.94,19,106740
2023-08-31,600938.SH,19.05,19.19,19.05,19.15,257468
2023-09-03,600938.SH,19.28,19.47,19.27,19.46,481027
2023-09-04,600938.SH,19.4,19.64,19.34,19.5,407438
2023-09-05,600938.SH,19.7,19.97,19.4,19.64,315356
2023-09-06,600938.SH,19.74,20.04,19.68,19.72,576667
2023-09-07,600938.SH,19.58,19.58,19.18,19.37,355224
2023-09-10,600938.SH,19.39,19.62,19.33,19.5,328172
2023-09-11,600938.SH,19.42,19.66,19.33,19.36,273915
2023-09-12,600938.SH,19.54,19.65,19.45,19.61,277695
2023-09-13,600938.SH,19.59,20.3,19.53,20.23,629179
2023-09-14,600938.SH,20.5,21.1,20.19,20.32,566334
2023-09-17,600938.SH,20.35,20.43,19.98,20.33,375867
2023-09-18,600938.SH,20.36,20.64,20.31,20.41,307642
2023-09-19,600938.SH,20.32,20.66,20.23,20.61,336471
2023-09-20,600938.SH,20.5,20.82,20.45,20.74,322533
2023-09-21,600938.SH,20.74,20.78,20.22,20.67,454209
2023-09-24,600938.SH,20.64,20.77,20.43,20.44,385595
2023-09-25,600938.SH,20.5,20.7,20.4,20.48,337491
2023-09-26,600938.SH,20.54,20.82,20.44,20.8,388820
2023-09-27,600938.SH,21.18,21.33,20.92,21.14,336697
2023-10-08,600938.SH,20.49,21.08,19.98,20.98,725636
2023-10-09,600938.SH,20.8,20.94,20.17,20.2,454956
2023-10-10,600938.SH,20.21,20.5,20.07,20.29,434790
2023-10-11,600938.SH,20.2,20.45,20.09,20.38,368367
2023-10-12,600938.SH,20.37,20.78,20.3,20.73,324570
2023-10-15,600938.SH,21.1,21.15,20.62,20.87,418581
2023-10-16,600938.SH,20.7,21.15,20.7,21.13,333479
2023-10-17,600938.SH,20.77,20.77,20.43,20.48,258348
2023-10-18,600938.SH,20.5,20.56,20.12,20.17,192597
2023-10-19,600938.SH,20.25,20.29,20.08,20.11,162622
2023-10-22,600938.SH,20.03,20.71,19.98,20.31,414868
2023-10-23,600938.SH,20.33,20.45,20.05,20.2,337628
2023-10-24,600938.SH,20.15,20.18,19.41,19.63,552633
2023-10-25,600938.SH,19.58,20.06,19.52,20.06,279930
2023-10-26,600938.SH,19.93,20.19,19.8,19.9,266401
2023-10-29,600938.SH,19.91,19.96,19.42,19.52,337260
2023-10-30,600938.SH,19.42,19.63,19.29,19.5,192639
2023-10-31,600938.SH,19.38,19.64,19.3,19.63,195619
2023-11-01,600938.SH,19.63,19.8,19.56,19.64,174741
2023-11-02,600938.SH,19.73,19.77,19.46,19.52,236135
2023-11-05,600938.SH,19.43,19.43,18.57,18.8,770392
2023-11-06,600938.SH,18.67,19.09,18.6,19.03,408131
2023-11-07,600938.SH,18.73,18.96,18.53,18.94,374419
2023-11-08,600938.SH,18.79,19.04,18.68,18.98,268534
2023-11-09,600938.SH,18.94,19.08,18.88,19.04,178767
2023-11-12,600938.SH,19.09,19.26,18.82,19.25,307817
2023-11-13,600938.SH,19.28,19.38,18.91,19.01,275218
2023-11-14,600938.SH,19.03,19.24,18.98,19.22,222808
2023-11-15,600938.SH,19.13,19.43,19.12,19.36,226993
2023-11-16,600938.SH,19.2,19.2,18.92,19.12,273990
2023-11-19,600938.SH,19.23,19.43,18.98,19.04,315628
2023-11-20,600938.SH,19.12,19.16,18.98,18.99,241454
2023-11-21,600938.SH,18.96,19.21,18.91,19.06,240468
2023-11-22,600938.SH,19,19.24,18.99,19.23,228371
2023-11-23,600938.SH,19.19,19.45,19.19,19.4,251658
2023-11-26,600938.SH,19.39,19.42,19.08,19.18,287188
2023-11-27,600938.SH,19.19,19.3,19.15,19.23,200461
2023-11-28,600938.SH,19.28,19.5,19.25,19.46,246563
2023-11-29,600938.SH,19.5,19.9,19.5,19.88,303550
2023-11-30,600938.SH,19.7,20.03,19.7,19.96,252178
2023-12-03,600938.SH,19.92,20.15,19.81,19.85,248641
2023-12-04,600938.SH,19.81,19.88,19.62,19.63,203779
2023-12-05,600938.SH,19.6,19.6,19.28,19.47,279805
2023-12-06,600938.SH,19.26,19.47,19,19.4,348779
2023-12-07,600938.SH,19.41,20.07,19.4,20.07,448325
2023-12-10,600938.SH,19.94,19.96,19.45,19.67,409271
2023-12-11,600938.SH,19.61,19.86,19.5,19.84,226539
2023-12-12,600938.SH,19.61,19.78,19.38,19.39,361365
2023-12-13,600938.SH,19.45,19.64,19.38,19.56,179825
2023-12-14,600938.SH,19.65,19.81,19.35,19.35,202977
2023-12-17,600938.SH,19.32,19.6,19.25,19.55,184351
2023-12-18,600938.SH,19.6,19.76,19.54,19.71,191033
2023-12-19,600938.SH,19.8,20,19.78,19.84,261875
2023-12-20,600938.SH,19.8,19.89,19.65,19.72,217234
2023-12-21,600938.SH,19.7,20.01,19.67,19.93,294612
2023-12-24,600938.SH,19.96,20,19.78,20,266689
2023-12-25,600938.SH,19.94,20.24,19.94,20.03,409381
2023-12-26,600938.SH,20.1,20.69,20.04,20.62,474153
2023-12-27,600938.SH,20.55,20.85,20.37,20.66,424172
2023-12-28,600938.SH,20.5,21.08,20.46,20.97,428871
2024-01-01,600938.SH,20.97,21.5,20.82,20.92,335434
2024-01-02,600938.SH,20.83,21.28,20.82,21.09,318519
2024-01-03,600938.SH,21.26,21.55,21.08,21.33,345895
2024-01-04,600938.SH,21.42,21.6,21.06,21.18,274837
2024-01-07,600938.SH,21.2,21.23,20.9,21.17,239773
2024-01-08,600938.SH,20.9,21.15,20.66,21.1,296339
2024-01-09,600938.SH,21.1,21.32,20.69,20.74,299794
2024-01-10,600938.SH,20.68,20.8,20.43,20.54,264088
2024-01-11,600938.SH,20.64,20.85,20.53,20.61,230199
2024-01-14,600938.SH,20.61,20.96,20.61,20.91,265667
2024-01-15,600938.SH,20.91,20.99,20.6,20.86,245035
2024-01-16,600938.SH,20.79,20.97,20.65,20.66,247373
2024-01-17,600938.SH,20.6,20.78,19.88,20.65,415770
2024-01-18,600938.SH,20.55,20.75,20.41,20.5,264634
2024-01-21,600938.SH,20.48,20.69,20.28,20.46,322948
2024-01-22,600938.SH,20.47,20.6,20.22,20.54,243109
2024-01-23,600938.SH,20.57,21.15,20.54,21.12,328351
2024-01-24,600938.SH,21.32,22.48,21.13,22.32,652606
2024-01-25,600938.SH,22.5,23.2,22.3,22.88,709003
2024-01-28,600938.SH,22.88,23.49,22.71,22.84,584747
2024-01-29,600938.SH,22.6,23.19,22.6,22.89,353405
2024-01-30,600938.SH,22.79,23.15,22.7,22.94,296560
2024-01-31,600938.SH,22.75,22.93,22.15,22.18,511976
2024-02-01,600938.SH,22.08,22.52,21.92,22.37,430237
2024-02-04,600938.SH,22.27,23.24,22.2,23.04,577667
2024-02-05,600938.SH,23.04,23.38,22.7,22.87,450400
2024-02-06,600938.SH,22.76,23.01,22.38,23.01,547687
2024-02-07,600938.SH,22.88,22.99,22.5,22.85,366413
2024-02-18,600938.SH,22.88,24.72,22.85,24.61,592794
2024-02-19,600938.SH,24.4,25.07,24.26,24.48,477948
2024-02-20,600938.SH,24.48,25.27,24.48,24.56,513733
2024-02-21,600938.SH,24.6,25.76,24.52,25.3,651747
2024-02-22,600938.SH,25.54,25.65,24.9,24.99,475018
2024-02-25,600938.SH,24.9,25.27,24.7,25.02,509439
2024-02-26,600938.SH,25,25.99,24.93,25.77,629786
2024-02-27,600938.SH,25.78,25.95,24.94,25.16,594812
2024-02-28,600938.SH,25.15,25.3,25.02,25.27,317368
2024-02-29,600938.SH,25.09,25.35,25.03,25.13,250076
2024-03-03,600938.SH,25.3,26.99,25.26,26.97,643068
2024-03-04,600938.SH,26.7,27.1,26.65,27.06,434887
2024-03-05,600938.SH,27.12,28,27.02,27.1,597507
2024-03-06,600938.SH,27.1,28.5,26.96,28.07,587806
2024-03-07,600938.SH,28.4,30.88,27.87,30.58,738440
2024-03-10,600938.SH,30.3,30.32,28.5,29.14,1029949
2024-03-11,600938.SH,28.83,28.87,27.31,27.47,1116162
2024-03-12,600938.SH,27.06,28.05,26.83,27.87,783432
2024-03-13,600938.SH,27.98,28.96,27.84,28.59,798757
2024-03-14,600938.SH,28.75,29.2,27.37,28.05,611526
2024-03-17,600938.SH,27.6,28.21,27.4,28.15,521566
2024-03-18,600938.SH,28.51,28.96,28.3,28.42,547902
2024-03-19,600938.SH,28.4,29,28.06,28.7,658532
2024-03-20,600938.SH,28.66,28.96,28.25,28.38,564264
2024-03-21,600938.SH,27.6,27.87,27.02,27.31,719795
2024-03-24,600938.SH,27.2,28.29,27.2,28.12,635211
2024-03-25,600938.SH,28.45,28.61,27.7,28.05,473914
2024-03-26,600938.SH,27.87,28,27.7,27.85,285135
2024-03-27,600938.SH,27.8,28.21,27.5,28.15,399062
2024-03-28,600938.SH,28.4,29.3,28.4,29.23,753432
2024-03-31,600938.SH,29.28,29.48,28.8,28.98,453767
2024-04-01,600938.SH,29.22,29.97,29.22,29.8,628218
2024-04-02,600938.SH,30.2,30.47,29.81,29.92,524549
2024-04-07,600938.SH,29.37,30.4,29.29,29.75,521932
2024-04-08,600938.SH,29.81,29.91,28.81,29.11,417885
2024-04-09,600938.SH,28.8,29.48,28.78,29.26,371199
2024-04-10,600938.SH,29.11,29.76,29.11,29.37,398391
2024-04-11,600938.SH,29.25,29.38,28.9,29.2,381170
2024-04-14,600938.SH,29.08,29.93,29.05,29.85,562957
2024-04-15,600938.SH,29.81,30.4,29.67,29.87,574065
2024-04-16,600938.SH,29.73,29.77,29.21,29.75,471904
2024-04-17,600938.SH,29.4,29.74,29.1,29.15,509698
2024-04-18,600938.SH,29.52,31.1,29.52,30.3,1046889
2024-04-21,600938.SH,29.89,30.26,28.79,28.89,1047649
2024-04-22,600938.SH,28.8,28.89,27.96,28.36,496780
2024-04-23,600938.SH,28.6,28.8,28.34,28.68,300810
2024-04-24,600938.SH,28.57,28.85,28.51,28.85,218572
2024-04-25,600938.SH,29.68,30.18,29.65,29.97,855360
2024-04-28,600938.SH,29.79,29.8,29.12,29.28,605907
2024-04-29,600938.SH,29.1,30.06,29.05,29.92,613719
2024-05-05,600938.SH,29.24,29.24,28.9,29.22,669050
2024-05-06,600938.SH,29.22,29.4,29.13,29.25,322897
2024-05-07,600938.SH,29.17,29.33,29,29.06,347469
2024-05-08,600938.SH,29.21,29.28,28.88,28.95,371261
2024-05-09,600938.SH,29.05,29.19,28.87,29.14,399923
2024-05-12,600938.SH,28.9,29.18,28.86,28.92,330811
2024-05-13,600938.SH,28.97,29.05,28.77,28.8,335292
2024-05-14,600938.SH,28.7,28.8,28.26,28.31,363956
2024-05-15,600938.SH,28.33,28.72,28.18,28.26,325499
2024-05-16,600938.SH,28.36,28.37,27.65,28.2,382061
2024-05-19,600938.SH,28.25,29.12,28.23,29.03,598387
2024-05-20,600938.SH,28.86,28.99,28.67,28.67,295007
2024-05-21,600938.SH,28.6,28.67,28.4,28.46,292042
2024-05-22,600938.SH,28.28,28.38,28.18,28.22,274050
2024-05-23,600938.SH,28.27,28.49,28.12,28.34,222633
2024-05-26,600938.SH,28.46,29.15,28.46,29.07,544281
2024-05-27,600938.SH,29.22,29.97,29.22,29.45,661693
2024-05-28,600938.SH,29.66,30.53,29.5,30.44,811497
2024-05-29,600938.SH,30.14,30.38,29.53,29.62,421143
2024-05-30,600938.SH,29.4,29.73,29.4,29.6,309604
2024-06-02,600938.SH,29.5,30.66,29.49,30,634740
2024-06-03,600938.SH,29.16,30.17,29,29.97,551735
2024-06-04,600938.SH,29.91,30.3,29.1,29.15,659819
2024-06-05,600938.SH,29.3,29.95,29.19,29.78,540904
2024-06-06,600938.SH,30.13,30.33,29.93,30.19,376364
2024-06-10,600938.SH,30.58,30.98,29.63,30.13,542086
2024-06-11,600938.SH,29.84,31.53,29.84,31.42,751273
2024-06-12,600938.SH,31.39,32.38,30.91,31.27,685830
2024-06-13,600938.SH,31.38,31.44,30.55,30.71,482410
2024-06-16,600938.SH,30.61,30.87,30.32,30.39,301955
2024-06-17,600938.SH,30.65,30.72,30.14,30.5,281516
2024-06-18,600938.SH,30.65,31.53,30.65,31.51,569482
2024-06-19,600938.SH,31.6,32.18,31.45,32.04,505652
2024-06-20,600938.SH,32.04,32.4,31.63,32,496825
2024-06-23,600938.SH,32,32.98,31.99,32.47,549958
2024-06-24,600938.SH,32.75,32.88,31.87,32.26,438884
2024-06-25,600938.SH,32.16,32.25,31.65,31.98,330914
2024-06-26,600938.SH,31.96,32.2,31.68,32.08,344486
2024-06-27,600938.SH,32.28,33,32.18,33,515581
2024-06-30,600938.SH,32.91,34.36,32.82,34.04,581001
2024-07-01,600938.SH,34.24,35.35,34.15,35.14,533794
2024-07-02,600938.SH,35.17,35.62,34.26,34.82,513489
2024-07-03,600938.SH,34.87,35.14,34.71,35.08,356120
2024-07-04,600938.SH,35.18,35.24,33.75,34.28,561240
2024-07-07,600938.SH,33.98,34.89,33.88,34.77,407922
2024-07-08,600938.SH,34.52,34.7,34.01,34.59,388301
2024-07-09,600938.SH,34.41,34.6,33.87,33.89,399932
2024-07-10,600938.SH,34,34.22,33.43,33.8,468307
2024-07-11,600938.SH,33.43,34,33.03,33.26,440344
2024-07-14,600938.SH,33,33.86,32.78,33.86,374742
2024-07-15,600938.SH,33.97,34.16,33.7,33.91,352107
2024-07-16,600938.SH,33.8,33.8,32.06,32.25,794220
2024-07-17,600938.SH,32.45,32.98,32.25,32.98,429185
2024-07-18,600938.SH,32.67,32.68,31.58,31.7,625104
2024-07-21,600938.SH,31.1,31.33,30.01,30.75,757182
2024-07-22,600938.SH,30.54,30.86,30.22,30.34,397322
2024-07-23,600938.SH,30.1,30.7,29.75,30.41,501375
2024-07-24,600938.SH,30.43,30.5,28.94,28.94,724089
2024-07-25,600938.SH,28.84,29.45,28.66,28.93,479821
2024-07-28,600938.SH,28.75,29.69,28.53,29.61,490430
2024-07-29,600938.SH,29.2,29.28,27.8,28.07,786675
2024-07-30,600938.SH,27.87,29.1,27.8,28.82,585109
2024-07-31,600938.SH,29.3,29.97,29.19,29.39,504807
2024-08-01,600938.SH,28.91,29.09,28.27,28.44,440387
2024-08-04,600938.SH,27.53,27.68,26.57,26.87,821912
2024-08-05,600938.SH,27.15,27.57,26.66,26.96,436425
2024-08-06,600938.SH,26.65,27.78,26.4,27.49,484220
2024-08-07,600938.SH,27.8,28.13,27.43,27.55,386004
2024-08-08,600938.SH,27.71,28.47,27.71,28.27,451910
2024-08-11,600938.SH,28.3,28.42,27.97,28.16,266153
2024-08-12,600938.SH,28.56,28.75,28.24,28.46,356538
2024-08-13,600938.SH,28.25,28.53,28.1,28.43,224645
2024-08-14,600938.SH,28.23,28.64,28.12,28.55,251443
2024-08-15,600938.SH,28.67,29.22,28.64,29.06,342716
2024-08-18,600938.SH,28.85,29.2,28.83,29,260029
2024-08-19,600938.SH,28.85,28.99,27.92,28.26,386070
2024-08-20,600938.SH,28.15,28.33,27.74,28.12,274228
2024-08-21,600938.SH,27.81,27.93,27.61,27.88,241599
2024-08-22,600938.SH,28.05,28.29,27.8,27.93,231111
2024-08-25,600938.SH,28.39,28.6,28.32,28.57,329543
2024-08-26,600938.SH,28.84,29.44,28.75,29.39,515205
2024-08-27,600938.SH,29.17,29.65,29.14,29.6,410273
2024-08-28,600938.SH,29.6,29.65,28.66,29,454871
2024-08-29,600938.SH,29.05,29.42,28.89,29.36,381481
2024-09-01,600938.SH,28.81,29.09,28.38,28.9,334768
2024-09-02,600938.SH,28.99,29.14,28.11,28.31,407180
2024-09-03,600938.SH,27.1,27.17,26.73,26.75,558104
2024-09-04,600938.SH,26.75,26.93,26.46,26.6,316730
2024-09-05,600938.SH,26.55,26.86,26.52,26.56,230071
2024-09-08,600938.SH,26,26.12,25.36,25.6,475952
2024-09-09,600938.SH,25.68,25.89,25.5,25.82,303793
2024-09-10,600938.SH,25.01,25.3,24.28,25.3,670773
2024-09-11,600938.SH,25.15,25.64,24.94,25.49,401368
2024-09-12,600938.SH,25.75,26.47,25.75,26.18,472469
2024-09-17,600938.SH,26.49,26.58,26.17,26.31,270055
2024-09-18,600938.SH,26.3,26.7,25.94,26.69,392361
2024-09-19,600938.SH,26.85,27.2,26.48,26.77,379392
2024-09-22,600938.SH,26.72,27.25,26.71,27.08,272931
2024-09-23,600938.SH,27.2,28.03,27.05,27.96,415875
2024-09-24,600938.SH,28.4,28.98,28.21,28.37,572275
2024-09-25,600938.SH,28.06,28.31,27.4,27.77,906487
2024-09-26,600938.SH,27.4,27.85,27.27,27.77,588442
2024-09-29,600938.SH,28.38,30.34,28.38,30.05,1303669
2024-10-07,600938.SH,33.06,33.06,30,31.47,1324235
2024-10-08,600938.SH,30.35,30.35,28.66,28.87,897802
2024-10-09,600938.SH,28.76,30.88,28.75,29.99,867583
2024-10-10,600938.SH,30.49,30.65,29.83,30.07,730572
2024-10-13,600938.SH,30.1,30.58,29.91,30.17,471588
2024-10-14,600938.SH,29.4,29.54,28.96,28.97,614283
2024-10-15,600938.SH,28.66,29.26,28.42,29.08,394438
2024-10-16,600938.SH,29.1,29.48,28.77,28.93,449155
2024-10-17,600938.SH,28.38,28.65,28.01,28.44,478502
2024-10-20,600938.SH,28.24,28.54,28.01,28.3,464020
2024-10-21,600938.SH,28.39,28.54,28.05,28.18,375094
2024-10-22,600938.SH,28.35,28.45,28.11,28.28,366948
2024-10-23,600938.SH,28.22,28.36,28.1,28.26,269643
2024-10-24,600938.SH,28.11,28.18,27.83,27.88,409100
2024-10-27,600938.SH,27.44,27.44,27.11,27.39,635169
2024-10-28,600938.SH,27.31,27.56,27.07,27.11,389515
2024-10-29,600938.SH,27.14,27.14,26.34,26.52,590514
2024-10-30,600938.SH,26.61,26.78,26.3,26.41,355600
2024-10-31,600938.SH,26.69,27.22,26.52,27.05,642797
2024-11-03,600938.SH,27.12,27.19,26.37,26.73,600086
2024-11-04,600938.SH,26.8,27.27,26.73,27.18,581439
2024-11-05,600938.SH,27.05,27.3,26.71,26.86,592063
2024-11-06,600938.SH,26.97,27.07,26.39,27.05,645587
2024-11-07,600938.SH,27.06,27.2,26.62,26.7,604340
2024-11-10,600938.SH,26.4,26.42,25.98,26.41,613270
2024-11-11,600938.SH,26.06,26.55,25.99,26.1,602974
2024-11-12,600938.SH,26.1,26.78,25.95,26.45,645088
2024-11-13,600938.SH,26.3,26.72,26.12,26.15,499354
2024-11-14,600938.SH,26.19,26.19,25.54,25.66,777680
2024-11-17,600938.SH,25.77,26.35,25.44,26.05,646138
2024-11-18,600938.SH,26.3,26.47,26.12,26.4,509536
2024-11-19,600938.SH,26.31,26.54,26.19,26.53,375251
2024-11-20,600938.SH,26.54,26.71,26.38,26.45,302237
2024-11-21,600938.SH,26.54,26.86,26.14,26.21,518985
2024-11-24,600938.SH,26.34,26.82,26.22,26.5,529030
2024-11-25,600938.SH,26,26.19,25.75,26.12,338714
2024-11-26,600938.SH,26,26.25,25.96,26.19,260654
2024-11-27,600938.SH,26.12,26.26,26,26.02,254178
2024-11-28,600938.SH,26.02,26.28,26.02,26.18,271171
2024-12-01,600938.SH,26.28,26.28,26.03,26.28,341366
2024-12-02,600938.SH,26.2,26.99,26.18,26.9,581252
2024-12-03,600938.SH,26.99,27.59,26.94,27.49,682122
2024-12-04,600938.SH,27.25,27.33,27.01,27.04,411127
2024-12-05,600938.SH,27.16,27.25,26.96,27,388234
2024-12-08,600938.SH,26.9,27.4,26.71,27.24,453043
2024-12-09,600938.SH,27.5,27.58,27,27.03,450392
2024-12-10,600938.SH,27.01,27.25,26.96,27.23,299899
2024-12-11,600938.SH,27.32,27.45,27.23,27.36,266006
2024-12-12,600938.SH,27.24,27.35,27.01,27.03,272577
2024-12-15,600938.SH,27.03,27.79,27.03,27.7,628727
2024-12-16,600938.SH,27.66,28.16,27.65,27.71,431776
2024-12-17,600938.SH,27.77,27.99,27.68,27.72,344168
2024-12-18,600938.SH,27.52,27.94,27.4,27.56,337413
2024-12-19,600938.SH,27.49,27.64,27.34,27.4,246105
2024-12-22,600938.SH,27.59,28.5,27.59,28.45,818515
2024-12-23,600938.SH,28.39,28.97,28.1,28.75,648500
2024-12-24,600938.SH,28.88,29.5,28.87,29.04,550741
2024-12-25,600938.SH,28.95,28.98,28.57,28.83,405611
2024-12-26,600938.SH,28.84,29.02,28.71,28.88,292760
2024-12-29,600938.SH,28.93,29.55,28.89,29.5,560283
2024-12-30,600938.SH,29.57,29.81,29.4,29.51,489449
2025-01-01,600938.SH,29.56,29.72,28.65,28.88,492999
2025-01-02,600938.SH,29.1,29.62,29.04,29.09,466480
2025-01-05,600938.SH,29.42,29.49,28.5,28.65,430234
2025-01-06,600938.SH,28.36,28.74,28.25,28.74,293259
2025-01-07,600938.SH,28.91,29.4,28.72,29.11,433523
2025-01-08,600938.SH,28.8,28.86,28.43,28.58,289629
2025-01-09,600938.SH,28.69,28.72,28.09,28.25,268515
2025-01-12,600938.SH,28.88,29.44,28.62,28.83,521317
2025-01-13,600938.SH,28.83,28.95,28.6,28.91,391812
2025-01-14,600938.SH,28.7,29.13,28.54,28.72,297332
2025-01-15,600938.SH,29.08,29.5,28.97,29.45,589211
2025-01-16,600938.SH,29.28,29.56,29.07,29.12,318965
2025-01-19,600938.SH,29.12,29.23,28.22,28.41,573863
2025-01-20,600938.SH,28.23,28.28,27.61,27.74,471304
2025-01-21,600938.SH,27.5,27.78,27.41,27.6,302110
2025-01-22,600938.SH,27.7,28.03,27.46,27.6,405609
2025-01-23,600938.SH,27.43,27.45,26.91,27.22,501033
2025-01-26,600938.SH,27.03,27.59,26.98,27.51,350042
2025-02-04,600938.SH,27.3,27.36,26.88,27.04,370103
2025-02-05,600938.SH,26.92,27.09,26.87,27.08,267548
2025-02-06,600938.SH,26.98,27.12,26.81,27.01,404047
2025-02-09,600938.SH,27.05,27.19,26.93,27.05,347964
2025-02-10,600938.SH,27.15,27.53,27.15,27.5,495114
2025-02-11,600938.SH,27.55,27.56,27.11,27.25,398020
2025-02-12,600938.SH,26.93,27.1,26.81,27,369465
2025-02-13,600938.SH,27.04,27.05,26.89,26.91,265062
2025-02-16,600938.SH,26.85,26.86,26.5,26.55,482419
2025-02-17,600938.SH,26.6,26.94,26.53,26.67,505512
2025-02-18,600938.SH,26.67,26.74,26.4,26.46,377525
2025-02-19,600938.SH,26.46,26.6,26.36,26.51,311398
2025-02-20,600938.SH,26.6,26.61,26.25,26.37,436533
2025-02-23,600938.SH,26,26.11,25.6,25.69,832726
2025-02-24,600938.SH,25.69,25.7,25.52,25.58,349210
2025-02-25,600938.SH,25.23,25.47,25.2,25.45,428093
2025-02-26,600938.SH,25.4,25.85,25.2,25.74,566735
2025-02-27,600938.SH,25.79,26.15,25.72,25.85,498558
2025-03-02,600938.SH,25.95,26,25.5,25.55,368403
2025-03-03,600938.SH,25.2,25.2,24.76,24.8,697697
2025-03-04,600938.SH,24.59,24.8,24.58,24.7,371521
2025-03-05,600938.SH,24.5,24.85,24.3,24.85,524907
2025-03-06,600938.SH,24.75,25.05,24.68,24.9,433548
2025-03-09,600938.SH,24.88,25.14,24.84,25.02,327698
2025-03-10,600938.SH,24.76,25.18,24.72,25.16,298731
2025-03-11,600938.SH,25.18,25.36,25.07,25.29,285689
2025-03-12,600938.SH,25.4,25.85,25.34,25.64,544846
2025-03-13,600938.SH,25.52,25.72,25.52,25.64,331939
2025-03-16,600938.SH,25.91,26.03,25.71,25.72,383486
2025-03-17,600938.SH,25.73,25.76,25.52,25.66,236591
2025-03-18,600938.SH,25.48,25.77,25.44,25.73,259436
2025-03-19,600938.SH,25.66,26.09,25.66,26.02,394946
2025-03-20,600938.SH,26.15,26.53,26.01,26.08,585483
2025-03-23,600938.SH,26.1,26.42,26.01,26.4,434234
2025-03-24,600938.SH,26.4,26.55,26.26,26.53,324395
2025-03-25,600938.SH,26.55,26.64,26.25,26.29,344959
2025-03-26,600938.SH,26.4,26.53,26.23,26.4,328878
2025-03-27,600938.SH,26,26.06,25.71,25.79,449220
2025-03-30,600938.SH,25.79,26.1,25.61,25.97,381661
2025-03-31,600938.SH,26.27,26.59,26.26,26.52,543474
2025-04-01,600938.SH,26.59,26.63,25.88,25.96,527260
2025-04-02,600938.SH,25.5,25.73,25.45,25.68,372385
2025-04-06,600938.SH,23.11,23.85,23.11,23.23,1051933
2025-04-07,600938.SH,23.46,24.35,23.34,24.34,672516
2025-04-08,600938.SH,23.76,24.27,23.55,24.27,602471
2025-04-09,600938.SH,24.8,24.8,24.34,24.44,401307
2025-04-10,600938.SH,24.43,24.43,24.16,24.24,298394
2025-04-13,600938.SH,24.3,24.81,24.26,24.7,353222
2025-04-14,600938.SH,24.7,24.78,24.55,24.76,220513
2025-04-15,600938.SH,24.75,24.75,24.52,24.74,291971
2025-04-16,600938.SH,24.89,24.95,24.69,24.82,223388
2025-04-17,600938.SH,24.86,25.27,24.86,25.15,344499
2025-04-20,600938.SH,24.96,25.09,24.88,24.92,278460
2025-04-21,600938.SH,24.87,25.12,24.82,24.97,181608
2025-04-22,600938.SH,25.1,25.24,25,25.14,261249
2025-04-23,600938.SH,24.98,25.18,24.91,25.09,235997
2025-04-24,600938.SH,25.12,25.29,25.07,25.29,230589
2025-04-27,600938.SH,25.27,25.95,25.2,25.73,350526
2025-04-28,600938.SH,25.6,25.76,25.09,25.11,331098
2025-04-29,600938.SH,25.05,25.22,24.93,25.02,322932
2025-05-05,600938.SH,24.84,24.97,24.54,24.9,414590
2025-05-06,600938.SH,25.25,25.33,24.92,25.02,362923
2025-05-07,600938.SH,24.97,25.07,24.9,24.99,249354
2025-05-08,600938.SH,25.16,25.25,24.95,24.98,308907
2025-05-11,600938.SH,25.1,25.14,24.91,25.12,341894
2025-05-12,600938.SH,25.2,25.38,25.13,25.16,422145
2025-05-13,600938.SH,25.23,25.84,25.22,25.72,598841
2025-05-14,600938.SH,25.56,25.75,25.31,25.33,357830
2025-05-15,600938.SH,25.3,25.45,25.08,25.09,267576
2025-05-18,600938.SH,25.11,25.18,25.01,25.09,171457
2025-05-19,600938.SH,25.11,25.25,25.11,25.23,178865
2025-05-20,600938.SH,25.32,25.75,25.32,25.68,469411
2025-05-21,600938.SH,25.51,25.8,25.51,25.65,287964
2025-05-22,600938.SH,25.62,26.1,25.62,25.65,353369
2025-05-25,600938.SH,25.67,25.88,25.52,25.65,220652
2025-05-26,600938.SH,25.61,25.86,25.54,25.55,187025
2025-05-27,600938.SH,25.59,25.79,25.44,25.68,223852
2025-05-28,600938.SH,25.78,25.93,25.66,25.71,212298
2025-05-29,600938.SH,25.61,25.85,25.56,25.79,246092
2025-06-02,600938.SH,25.97,26.02,25.8,25.92,211858
2025-06-03,600938.SH,25.97,26.06,25.88,25.91,200710
2025-06-04,600938.SH,25.85,25.97,25.84,25.95,136045
2025-06-05,600938.SH,25.96,26.24,25.9,26.18,259632
2025-06-08,600938.SH,26.25,26.5,26.25,26.49,301131
2025-06-09,600938.SH,26.56,26.6,26.3,26.49,366840
2025-06-10,600938.SH,26.5,26.63,26.44,26.61,228195
2025-06-11,600938.SH,26.99,27.09,26.61,26.85,411705
2025-06-12,600938.SH,27.59,27.8,27.19,27.65,1067950
2025-06-15,600938.SH,27.7,27.86,27.05,27.17,847003
2025-06-16,600938.SH,26.95,27.1,26.61,26.97,585429
2025-06-17,600938.SH,27.29,27.48,27.01,27.05,468426
2025-06-18,600938.SH,27.03,27.2,26.74,26.94,460816
2025-06-19,600938.SH,26.88,26.92,26.63,26.69,290251
2025-06-22,600938.SH,27.1,27.24,26.58,26.74,580672
2025-06-23,600938.SH,26.02,26.33,25.77,26.15,633943
2025-06-24,600938.SH,26.09,26.25,26.07,26.23,340570
2025-06-25,600938.SH,26.23,26.43,26.19,26.37,272712
2025-06-26,600938.SH,26.34,26.38,26.1,26.12,306708
2025-06-29,600938.SH,26.13,26.17,25.94,26.11,242993
2025-06-30,600938.SH,26.11,26.16,25.96,26.13,227344
2025-07-01,600938.SH,26.18,26.31,26.16,26.3,274233
2025-07-02,600938.SH,26.37,26.41,26.24,26.29,202563
2025-07-03,600938.SH,26.26,26.36,26.19,26.29,192501
2025-07-06,600938.SH,26.19,26.19,25.92,25.99,275222
2025-07-07,600938.SH,26.04,26.09,25.98,26.06,197565
2025-07-08,600938.SH,26.13,26.24,26.06,26.16,268095
2025-07-09,600938.SH,26.18,27.18,26.13,27.1,1117429
2025-07-10,600938.SH,26.51,26.64,25.87,25.9,762212
2025-07-13,600938.SH,26.1,26.22,26.04,26.05,291515
2025-07-14,600938.SH,25.99,26.03,25.8,25.81,296307
2025-07-15,600938.SH,25.84,25.94,25.77,25.8,201379
2025-07-16,600938.SH,25.81,25.86,25.66,25.7,221910
2025-07-17,600938.SH,25.77,25.86,25.7,25.85,210764
2025-07-20,600938.SH,25.83,26.02,25.77,26,279825
2025-07-21,600938.SH,25.99,26.16,25.88,26.13,358459
2025-07-22,600938.SH,26.16,26.3,26.05,26.06,372790
2025-07-23,600938.SH,26.1,26.12,25.93,26.05,322628
2025-07-24,600938.SH,26.06,26.18,26.01,26.06,299471
2025-07-27,600938.SH,26,26.09,25.79,25.86,348483
2025-07-28,600938.SH,25.98,26.15,25.91,26.12,356302
2025-07-29,600938.SH,26.26,26.58,26.22,26.49,509553
2025-07-30,600938.SH,26.51,26.53,26.07,26.16,336588
2025-07-31,600938.SH,26.03,26.13,25.87,25.94,326253
2025-08-03,600938.SH,25.7,25.8,25.65,25.79,266153
2025-08-04,600938.SH,25.8,26.05,25.7,26.03,236150
2025-08-05,600938.SH,25.92,26.05,25.89,26.01,201570
2025-08-06,600938.SH,25.98,26.19,25.92,26.16,261292
2025-08-07,600938.SH,26.08,26.38,26.01,26.21,290406
2025-08-10,600938.SH,26.19,26.25,25.83,25.85,437096
2025-08-11,600938.SH,25.86,26.07,25.86,26.03,278970
2025-08-12,600938.SH,25.98,26.06,25.88,25.9,288875
2025-08-13,600938.SH,25.9,25.97,25.78,25.8,258674
2025-08-14,600938.SH,25.82,25.87,25.69,25.72,340867
2025-08-17,600938.SH,25.66,25.74,25.57,25.57,574783
2025-08-18,600938.SH,25.57,25.63,25.5,25.5,306709
2025-08-19,600938.SH,25.51,25.62,25.44,25.58,310826
2025-08-20,600938.SH,25.6,25.86,25.59,25.77,383388
2025-08-21,600938.SH,25.77,25.78,25.56,25.66,339490
2025-08-24,600938.SH,25.75,25.99,25.6,25.99,522667
2025-08-25,600938.SH,26,26.1,25.83,26,385033
2025-08-26,600938.SH,25.89,25.95,25.47,25.47,602730
2025-08-27,600938.SH,25.57,25.8,25.54,25.77,445134
2025-08-28,600938.SH,25.85,26.31,25.65,25.68,857469
2025-08-31,600938.SH,25.69,25.95,25.62,25.94,458639
2025-09-01,600938.SH,26.01,26.48,26,26.38,1003389
2025-09-02,600938.SH,26.47,26.57,26.05,26.24,450929
2025-09-03,600938.SH,26,26,25.41,25.64,833516
2025-09-04,600938.SH,25.58,25.77,25.56,25.74,344274
2025-09-07,600938.SH,25.58,26.15,25.55,26.15,586447
2025-09-08,600938.SH,26.05,26.21,25.87,25.95,277241
2025-09-09,600938.SH,26.05,26.15,25.87,26.12,274013
2025-09-10,600938.SH,26.15,26.29,25.98,26.22,397320
2025-09-11,600938.SH,26.11,26.36,26.1,26.3,402205
2025-09-14,600938.SH,26.3,26.36,26,26.27,379087
2025-09-15,600938.SH,26.25,26.55,26.2,26.5,509247
2025-09-16,600938.SH,26.58,26.9,26.51,26.81,463372
2025-09-17,600938.SH,26.7,26.7,26.02,26.16,607155
2025-09-18,600938.SH,26.12,26.48,26.08,26.4,362632
2025-09-21,600938.SH,26.41,26.45,26.12,26.16,274718
2025-09-22,600938.SH,26.12,26.37,26.04,26.11,334203
2025-09-23,600938.SH,26.2,26.66,26.2,26.33,356947
2025-09-24,600938.SH,26.34,26.71,26.32,26.6,445612
2025-09-25,600938.SH,26.55,26.69,26.47,26.5,221926
2025-09-28,600938.SH,26.55,26.58,26.21,26.4,315427
2025-09-29,600938.SH,26.16,26.19,25.88,26.13,517911
2025-10-08,600938.SH,26.01,26.48,25.97,26.47,443435
2025-10-09,600938.SH,26.4,27.24,26.36,26.77,642672
2025-10-12,600938.SH,26.33,26.62,26.15,26.32,496442
2025-10-13,600938.SH,26.35,26.66,26.22,26.52,407455
2025-10-14,600938.SH,26.5,26.65,26.32,26.49,364846
2025-10-15,600938.SH,26.48,26.66,26.41,26.41,420850
2025-10-16,600938.SH,25.85,25.92,25.56,25.59,430294
2025-10-19,600938.SH,25.64,26.1,25.5,26.1,407698
2025-10-20,600938.SH,26.1,26.35,25.87,26.21,390655
2025-10-21,600938.SH,26.21,27.19,26.18,27.13,889669
2025-10-22,600938.SH,27.45,27.7,27.21,27.49,729423
2025-10-23,600938.SH,27.47,27.65,27.15,27.31,513131
2025-10-26,600938.SH,27.31,27.95,27.11,27.73,540812
2025-10-27,600938.SH,27.67,27.9,27.14,27.16,385494
2025-10-28,600938.SH,27.13,27.27,27.01,27.15,263184
2025-10-29,600938.SH,27.1,27.44,26.98,27.01,292023
2025-10-30,600938.SH,27.18,27.26,26.79,27.11,398737
2025-11-02,600938.SH,27.14,28.5,27.14,28.42,809218
2025-11-03,600938.SH,28.41,28.56,28.01,28.14,328241
2025-11-04,600938.SH,27.98,28.01,27.75,27.79,275101
2025-11-05,600938.SH,27.75,28.48,27.63,28.3,318046
2025-11-06,600938.SH,28.35,28.58,28.2,28.45,273902
2025-11-09,600938.SH,28.4,29.19,28.28,29.04,497676
2025-11-10,600938.SH,29.15,29.18,28.71,28.86,306505
2025-11-11,600938.SH,29,30.07,28.95,29.59,578179
2025-11-12,600938.SH,29.02,29.18,28.55,28.97,557936
2025-11-13,600938.SH,28.9,29.28,28.88,29.02,339577
2025-11-16,600938.SH,28.92,29.46,28.72,28.96,436729
2025-11-17,600938.SH,28.85,29.09,28.41,28.58,342978
2025-11-18,600938.SH,28.58,29.61,28.5,29.52,500020
2025-11-19,600938.SH,29.21,29.68,29.17,29.2,353547
2025-11-20,600938.SH,29.1,29.25,28.67,28.91,408344
2025-11-23,600938.SH,28.8,28.9,27.93,28,435548
2025-11-24,600938.SH,28.14,28.32,27.9,28.16,329771
2025-11-25,600938.SH,28.03,28.3,27.59,27.81,411403
2025-11-26,600938.SH,27.88,28.22,27.6,28.08,385108
2025-11-27,600938.SH,28.19,28.28,27.68,27.79,328948
2025-11-30,600938.SH,27.99,28.59,27.86,28.48,516397
2025-12-01,600938.SH,28.48,28.98,28.45,28.76,295936
2025-12-02,600938.SH,28.67,28.92,28.56,28.72,213421
2025-12-03,600938.SH,28.84,29.2,28.84,29.08,263903
2025-12-04,600938.SH,29.14,29.19,28.75,28.94,225649
2025-12-07,600938.SH,28.99,29.01,28.44,28.54,264175
2025-12-08,600938.SH,28.3,28.59,28.11,28.22,223333
2025-12-09,600938.SH,28.22,28.37,28.09,28.21,178488
2025-12-10,600938.SH,28.35,28.77,28.1,28.21,339724
2025-12-11,600938.SH,28.2,28.58,28.12,28.4,442871
2025-12-14,600938.SH,28.39,28.64,28.28,28.32,259852
2025-12-15,600938.SH,28.2,28.24,27.86,27.98,284139
2025-12-16,600938.SH,27.78,28.3,27.7,28.25,318406
2025-12-17,600938.SH,28.4,28.78,28.24,28.57,290857
2025-12-18,600938.SH,28.5,28.56,27.76,27.79,574950
2025-12-21,600938.SH,27.8,27.83,27.35,27.65,479878
2025-12-22,600938.SH,27.77,28.18,27.71,28.11,433190
2025-12-23,600938.SH,28.1,28.12,27.81,28.11,244369
2025-12-24,600938.SH,28.12,28.31,28.03,28.13,240556
2025-12-25,600938.SH,28.11,28.4,28.05,28.31,273515
2025-12-28,600938.SH,28.2,29.04,28.17,28.94,482839
2025-12-29,600938.SH,28.93,30.08,28.88,29.86,585026
2025-12-30,600938.SH,29.92,30.36,29.82,30.18,444047
2026-01-04,600938.SH,30.36,30.44,28.72,29.04,937240
2026-01-05,600938.SH,29.04,29.88,28.88,29.79,581339
2026-01-06,600938.SH,29.45,29.48,28.29,28.59,1021011
2026-01-07,600938.SH,28.45,28.54,28.31,28.39,343943
2026-01-08,600938.SH,28.8,28.94,28.52,28.74,478519
2026-01-11,600938.SH,28.77,28.81,28.52,28.61,338722
2026-01-12,600938.SH,28.63,29.9,28.62,29.63,785300
2026-01-13,600938.SH,29.89,30.1,29.36,29.57,675132
2026-01-14,600938.SH,29.4,30.44,29.3,30.04,591523
2026-01-15,600938.SH,29.6,30.08,29.11,29.33,470891
2026-01-18,600938.SH,29.28,29.68,29.16,29.43,319392
2026-01-19,600938.SH,29.45,29.78,29.38,29.64,284488
2026-01-20,600938.SH,29.63,30.59,29.63,30.56,627473
2026-01-21,600938.SH,30.85,32.39,30.81,31.82,855923
2026-01-22,600938.SH,31.81,31.81,30.99,31.4,562010
2026-01-25,600938.SH,31.9,33.6,31.9,33.49,877603
2026-01-26,600938.SH,33.34,34.04,32.88,33.25,747488
2026-01-27,600938.SH,33.93,36.22,33.92,35.57,1175619
2026-01-28,600938.SH,36.61,36.9,35.27,36.42,1209332
2026-01-29,600938.SH,36.42,36.77,34.5,35.52,940678
2026-02-01,600938.SH,33.85,34.99,33.53,33.53,868004
2026-02-02,600938.SH,33.19,33.8,33.05,33.78,433872
2026-02-03,600938.SH,34.45,34.66,33.8,34.01,435708
2026-02-04,600938.SH,34.34,34.7,33.33,33.68,441988
2026-02-05,600938.SH,32.8,34.56,32.72,34.3,510867
2026-02-08,600938.SH,34.2,34.41,33.93,34.09,321419
2026-02-09,600938.SH,34.29,34.86,34.26,34.32,342298
2026-02-10,600938.SH,34.28,34.98,33.91,34.83,411834
2026-02-11,600938.SH,35.02,35.68,34.95,35.54,451580
2026-02-12,600938.SH,34.5,34.75,34.06,34.39,361054
2026-02-23,600938.SH,35.8,37.26,35.78,37.22,869021
2026-02-24,600938.SH,37.3,37.3,35.85,36.39,835455
2026-02-25,600938.SH,36.11,36.46,35.4,35.47,447882
2026-02-26,600938.SH,35.48,35.93,35.29,35.87,335828
2026-03-01,600938.SH,39.46,39.46,37.9,39.46,1772719
2026-03-02,600938.SH,41.79,43.41,41,43.41,2532802
2026-03-03,600938.SH,44.5,44.5,39.07,42.85,2625235
2026-03-04,600938.SH,42,42.85,40.56,41.6,1687169
2026-03-05,600938.SH,40.67,42.38,39.66,40.49,1227185
2026-03-08,600938.SH,44.54,44.54,43,43.36,2134154
2026-03-09,600938.SH,39.03,41.66,39.03,40.98,1651585
2026-03-10,600938.SH,40.2,42.08,40.2,41.76,1208100
2026-03-11,600938.SH,42.62,43.25,41.65,43,1495555
2026-03-12,600938.SH,43.5,43.66,41.4,42,1199884
2026-03-15,600938.SH,42.2,42.88,41.17,41.21,791047
2026-03-16,600938.SH,40.51,41.36,39.9,40.46,847840
2026-03-17,600938.SH,39.95,40.19,38.6,39.9,865980
2026-03-18,600938.SH,41.32,42.4,40.8,42.24,1362304
2026-03-19,600938.SH,40.35,42.33,40.31,41.91,925306
2026-03-22,600938.SH,42.28,43.2,41.72,42.1,1027313
2026-03-23,600938.SH,40.92,42,40.92,41.95,806824
2026-03-24,600938.SH,40.76,40.88,39.52,40.58,1036304
2026-03-25,600938.SH,40.57,41.2,40.28,40.93,637085
2026-03-26,600938.SH,40.83,41.41,40.37,41.07,533638
2026-03-29,600938.SH,41.99,42.2,40.89,41.1,624966
2026-03-30,600938.SH,41.06,41.45,39.9,40,587213
2026-03-31,600938.SH,39.09,40.17,38.5,38.64,749309
2026-04-01,600938.SH,39.2,39.68,38.91,39.33,726346
2026-04-02,600938.SH,39.5,39.55,38.87,39.18,505212
2026-04-06,600938.SH,39.19,40.18,38.7,39.76,674329
2026-04-07,600938.SH,36.51,37.66,36.51,37.37,1157049
2026-04-08,600938.SH,37.55,38.4,37.25,38.31,742752
2026-04-09,600938.SH,38,38.46,37.88,38.1,446909
2026-04-12,600938.SH,38.92,38.98,37.72,38.11,617181
2026-04-13,600938.SH,37.63,38,37.3,37.7,520722
2026-04-14,600938.SH,37.01,37.11,36.28,36.89,690234
2026-04-15,600938.SH,36.55,37.19,36.45,36.96,516328
2026-04-16,600938.SH,36.98,37.45,36.76,37.34,407175
2026-04-19,600938.SH,37.01,37.54,36.5,37.16,477237
2026-04-20,600938.SH,37.16,37.6,37.1,37.44,346004
2026-04-21,600938.SH,37.68,37.85,37.01,37.09,377407
2026-04-22,600938.SH,37.35,38.32,37.16,38.04,636116
2026-04-23,600938.SH,38.2,38.77,38,38.38,525003
2026-04-26,600938.SH,38.38,39.18,38.1,38.82,524220
2026-04-27,600938.SH,38.83,39.9,38.77,39.77,518621
2026-04-28,600938.SH,39.84,40.26,39.44,39.95,584097
2026-04-29,600938.SH,40.4,40.52,39.7,39.99,449545
2026-05-05,600938.SH,39,39.11,38.16,38.28,683559
2026-05-06,600938.SH,37.21,37.62,36.3,36.36,751753
2026-05-07,600938.SH,36.7,36.82,36.28,36.35,400224
2026-05-10,600938.SH,36.7,36.78,36.18,36.25,442478
2026-05-11,600938.SH,36.2,36.47,36.1,36.19,395428
2026-05-12,600938.SH,36.22,36.75,36.12,36.21,338595
2026-05-13,600938.SH,36.06,36.28,35.9,36.06,353812
2026-05-14,600938.SH,36.09,36.67,35.65,36.51,433350
2026-05-17,600938.SH,36.99,37.35,36.68,36.9,464061
2026-05-18,600938.SH,36.74,36.97,36.37,36.92,371023
2026-05-19,600938.SH,36.89,38,36.75,37.58,479175
2026-05-20,600938.SH,36.55,36.73,36.2,36.22,459896
2026-05-21,600938.SH,36,36.24,35.5,35.83,341311
2026-05-24,600938.SH,34.91,35.59,34.51,34.62,607179
2026-05-25,600938.SH,34.62,35.28,34.59,35.17,391756
2026-05-26,600938.SH,35,35.16,33.91,34.09,424090
2026-05-27,600938.SH,34,34.94,33.91,34.46,375818
2026-05-28,600938.SH,34.06,34.56,33.63,34.4,390947
2026-05-31,600938.SH,34.53,34.98,34.3,34.82,375767
2026-06-01,600938.SH,35.2,36.06,35.04,35.18,417464
2026-06-02,600938.SH,35.19,36.37,35.06,36.28,550824
2026-06-03,600938.SH,35.92,35.92,35.25,35.45,349746
2026-06-04,600938.SH,34.95,35.74,34.81,35.18,379178
2026-06-07,600938.SH,35.26,37.2,35.19,36.57,721685
2026-06-08,600938.SH,35.67,36,34.81,35.04,575177
2026-06-09,600938.SH,35.06,35.15,33.9,34.05,407916
2026-06-10,600938.SH,34.72,34.86,33.35,33.82,480753
2026-06-11,600938.SH,32.86,33.99,32.86,33.36,669674
2026-06-14,600938.SH,32.04,32.3,31.62,31.82,804812
2026-06-15,600938.SH,31.78,31.93,31.16,31.27,489808
2026-06-16,600938.SH,31.01,31.4,30.7,31.4,555619
2026-06-17,600938.SH,31.34,31.42,30.44,30.7,449714
2026-06-21,600938.SH,31.15,31.16,30.3,30.54,607622
2026-06-22,600938.SH,30.31,30.7,29.23,29.34,694251
2026-06-23,600938.SH,29.11,29.53,28.91,29.21,501758
2026-06-24,600938.SH,28.45,28.76,27.56,27.73,984186
2026-06-25,600938.SH,28,28.1,26.98,27.37,637661
2026-06-28,600938.SH,27.45,27.7,27,27.34,576315
2026-06-29,600938.SH,27.22,27.26,26.65,27.15,525628
2026-06-30,600938.SH,27.1,27.45,26.91,27.02,483641
2026-07-01,600938.SH,26.5,27.14,26.4,26.75,633471
2026-07-02,600938.SH,26.88,27.82,26.86,27.69,638122
2026-07-05,600938.SH,27.53,28.43,27.38,28.27,634630
2026-07-06,600938.SH,28.28,28.49,27.83,28.4,556073
2026-07-07,600938.SH,28.98,29.21,28.55,28.76,750528
2026-07-08,600938.SH,29.05,29.24,28.28,28.35,709179
2026-07-09,600938.SH,27.5,28.4,27.5,28.15,501122
2026-07-12,600938.SH,28.77,28.85,28.18,28.82,641268
2026-07-13,600938.SH,29.51,29.88,28.7,29.52,964042
2026-07-14,600938.SH,28.93,29.95,28.74,29.79,622963
2026-07-15,600938.SH,29.68,29.94,28.88,28.96,534991
2026-07-16,600938.SH,29.01,29.35,28.82,28.97,490120
2026-07-19,600938.SH,29.6,31.87,29.51,31.87,964244
2026-07-20,600938.SH,31.8,31.98,30.76,30.93,1055434
2026-07-21,600938.SH,31.68,32.63,31.46,32.39,883849
2026-07-22,600938.SH,32.8,33.3,32.4,32.99,813497
2026-07-23,600938.SH,33.67,33.83,31.81,31.91,1010791
2026-07-26,600938.SH,30.55,31.8,30,31.55,1073896
2026-07-27,600938.SH,30.42,31.53,30.42,31.32,540000
2026-07-28,600938.SH,31.6,32.18,31.44,31.48,449119
2026-07-29,600938.SH,32.08,32.72,31.89,32.55,618877
2026-07-30,600938.SH,31.54,32.27,31.54,32.26,478737
2026-08-02,600938.SH,31.8,32.58,31.75,31.85,497927
2026-08-03,600938.SH,31.81,32,31.55,31.56,381555
2026-08-04,600938.SH,30.92,31.19,30.56,30.69,680206
2026-08-05,600938.SH,30.51,30.99,30.42,30.96,415788
2026-08-06,600938.SH,31.3,31.49,31.02,31.33,434583
2026-08-09,600938.SH,31.6,32.38,31.38,32,464688
2026-08-10,600938.SH,32.73,33.75,32.28,33.7,801119
2026-08-11,600938.SH,33.53,33.53,32.81,32.85,489818
2026-08-12,600938.SH,32.47,32.93,31.9,32.63,485738
2026-08-13,600938.SH,32.15,32.78,31.93,32.67,361277
2026-08-16,600938.SH,32.68,33.15,32.55,32.89,350661
2026-08-17,600938.SH,33.35,33.84,33.25,33.58,495329
2026-08-18,600938.SH,33.78,33.98,33.35,33.35,443516
2026-08-19,600938.SH,33.26,33.73,32.8,33.3,416541
2026-08-20,600938.SH,33.55,34.49,33.55,33.86,445399
2026-08-23,600938.SH,33.3,33.84,33.19,33.72,346312
2026-08-24,600938.SH,33.8,33.95,33.41,33.51,355507
2026-08-25,600938.SH,32.5,33.46,32.23,33.33,569470
2026-08-26,600938.SH,33.32,33.99,33.1,33.82,420946
2026-08-27,600938.SH,33.94,34.38,33.7,34.19,311994
2026-08-30,600938.SH,34.65,34.92,34.26,34.71,456432
2026-08-31,600938.SH,34.77,35.25,34.5,34.51,374423
2026-09-01,600938.SH,35.41,35.43,33.72,33.77,539461
2026-09-02,600938.SH,33.6,34.11,33.2,33.43,388179
2026-09-03,600938.SH,33.43,33.73,33.2,33.41,308023
2026-09-06,600938.SH,33.44,33.65,32.53,33.12,445314
2026-09-07,600938.SH,33.02,34.4,33.02,34.39,487044
2026-09-08,600938.SH,34.45,34.45,33.92,34.18,391521
2026-09-09,600938.SH,34.77,35.1,34.27,34.42,446859
2026-09-10,600938.SH,34.97,35.5,33.8,33.91,992880
2026-09-13,600938.SH,34.58,34.8,33.66,33.91,482785
2026-09-14,600938.SH,33.91,33.96,33.21,33.45,351664
2026-09-15,600938.SH,33.64,34,32.9,33.08,390720
2026-09-16,600938.SH,32.62,32.79,31.88,32.57,499229
2026-09-17,600938.SH,32.14,32.75,32.08,32.3,343203
2026-09-20,600938.SH,32.01,33.57,31.84,33.54,526546
2026-09-21,600938.SH,33.17,33.26,32.8,33.09,252841
2026-09-22,600938.SH,32.8,33.09,32.2,32.29,289775
2026-09-23,600938.SH,32.34,32.87,32.32,32.8,294388
2026-09-27,600938.SH,32.55,33.6,32.42,33.5,410702
2026-09-28,600938.SH,33.5,33.76,32.88,33.36,286066
2026-09-29,600938.SH,33.06,33.7,33.05,33.42,272932
2022-08-16,000333.SZ,52.66,53.88,52.11,53.43,238435
2022-08-17,000333.SZ,53.1,53.25,52.41,52.62,140885
2022-08-18,000333.SZ,52.68,52.81,52.25,52.61,132153
2022-08-21,000333.SZ,52.46,53.55,52.29,53.04,238176
2022-08-22,000333.SZ,52.95,53.1,52,52.12,220349
2022-08-23,000333.SZ,52.1,52.18,51.31,51.39,215842
2022-08-24,000333.SZ,51.39,52.41,50.97,52.23,209893
2022-08-25,000333.SZ,52.48,52.66,51.89,52.23,160406
2022-08-28,000333.SZ,51.6,52.87,51.51,52.28,164561
2022-08-29,000333.SZ,52.49,53.21,52.08,52.3,202708
2022-08-30,000333.SZ,52.1,53.65,52.09,53.24,462838
2022-08-31,000333.SZ,53.23,55.5,53.23,55.11,642105
2022-09-01,000333.SZ,55.11,55.11,53.17,53.65,367460
2022-09-04,000333.SZ,53.1,54,52.88,53.8,190275
2022-09-05,000333.SZ,53.81,54.21,53.4,53.46,177962
2022-09-06,000333.SZ,53.67,53.69,52.98,53.05,209953
2022-09-07,000333.SZ,53.05,53.75,53.05,53.37,153657
2022-09-08,000333.SZ,53.37,55.63,53.26,55.44,523881
2022-09-12,000333.SZ,55.44,56.9,55.07,56.49,346024
2022-09-13,000333.SZ,55.5,56.25,55.4,55.93,187473
2022-09-14,000333.SZ,55.89,57.2,55.69,56.34,289698
2022-09-15,000333.SZ,55.99,56.1,54.9,55.12,259940
2022-09-18,000333.SZ,54.67,55.44,54.12,54.98,203600
2022-09-19,000333.SZ,54.85,55.1,53.3,53.52,350660
2022-09-20,000333.SZ,54.43,54.46,52.34,52.85,267752
2022-09-21,000333.SZ,52.74,52.75,51.29,51.5,401432
2022-09-22,000333.SZ,51.11,51.89,51,51.34,175176
2022-09-25,000333.SZ,51,52,50.89,51.05,205533
2022-09-26,000333.SZ,51.15,51.88,50.3,51.68,247650
2022-09-27,000333.SZ,51.5,51.77,51.1,51.17,135577
2022-09-28,000333.SZ,51.47,51.76,50.3,50.5,253195
2022-09-29,000333.SZ,50.13,50.57,49.31,49.31,355638
2022-10-09,000333.SZ,49.31,49.99,48.46,48.7,260145
2022-10-10,000333.SZ,48.69,48.85,48,48.37,220037
2022-10-11,000333.SZ,48.05,48.3,47,48.27,240971
2022-10-12,000333.SZ,47.99,48,47.01,47.06,277454
2022-10-13,000333.SZ,47.25,48.25,47.1,47.99,313388
2022-10-16,000333.SZ,47.71,47.85,47.3,47.67,235017
2022-10-17,000333.SZ,47.98,48.15,47.33,47.44,270086
2022-10-18,000333.SZ,47.36,47.36,45.17,45.22,556549
2022-10-19,000333.SZ,44.8,45.28,43.86,44.38,366478
2022-10-20,000333.SZ,44.39,44.78,43.77,44,272432
2022-10-23,000333.SZ,43.7,44.32,42.3,42.39,459169
2022-10-24,000333.SZ,42.8,42.95,41.98,42.02,414401
2022-10-25,000333.SZ,42.2,43.21,42.16,42.46,362814
2022-10-26,000333.SZ,42.7,43,42.3,42.58,226403
2022-10-27,000333.SZ,42.21,42.38,40.62,40.76,401750
2022-10-30,000333.SZ,40.73,40.8,40.1,40.18,345535
2022-10-31,000333.SZ,40.58,41.6,40.09,41.6,480671
2022-11-01,000333.SZ,41.4,42.6,41.22,42.08,380199
2022-11-02,000333.SZ,41.8,41.87,41.2,41.58,288535
2022-11-03,000333.SZ,41.63,43.35,41.58,43.09,457491
2022-11-06,000333.SZ,43,43.26,42.51,43.06,331596
2022-11-07,000333.SZ,43.12,43.29,42.58,43,305582
2022-11-08,000333.SZ,43.39,43.85,42.95,43.04,229904
2022-11-09,000333.SZ,42.75,42.98,42.53,42.97,223054
2022-11-10,000333.SZ,44.53,46.2,43.71,45.63,828835
2022-11-13,000333.SZ,47.92,49.11,47.3,47.8,1000204
2022-11-14,000333.SZ,48.5,49.58,47.7,49.07,512288
2022-11-15,000333.SZ,49.4,49.4,48.16,48.46,259926
2022-11-16,000333.SZ,48.39,49.1,47.68,47.96,192846
2022-11-17,000333.SZ,48.36,48.54,47.68,47.97,160676
2022-11-20,000333.SZ,47.47,47.47,46.24,46.34,345234
2022-11-21,000333.SZ,46.4,47.04,45.9,46.3,235692
2022-11-22,000333.SZ,46.23,46.54,46.02,46.28,142552
2022-11-23,000333.SZ,46.75,47.2,45.78,45.91,213800
2022-11-24,000333.SZ,45.91,47.09,45.83,46.69,246975
2022-11-27,000333.SZ,45.68,46.45,45.23,46.29,226551
2022-11-28,000333.SZ,48,48.78,46.92,48.42,389287
2022-11-29,000333.SZ,48.18,48.98,47.49,47.87,272876
2022-11-30,000333.SZ,48.81,49.33,48.27,48.31,276045
2022-12-01,000333.SZ,48.04,48.6,47.76,48.04,170150
2022-12-04,000333.SZ,48.49,50,48.4,49.7,361068
2022-12-05,000333.SZ,49.69,50.66,49.02,50,325270
2022-12-06,000333.SZ,50,51.68,49.5,51.25,436564
2022-12-07,000333.SZ,51.35,52.48,50.84,51.75,390780
2022-12-08,000333.SZ,51.96,54.33,51.81,54.3,699406
2022-12-11,000333.SZ,53.7,54.97,53.3,54.43,466633
2022-12-12,000333.SZ,54.21,54.4,53.65,53.95,306193
2022-12-13,000333.SZ,53.45,55.06,53.45,54.89,260850
2022-12-14,000333.SZ,54.9,55.8,53.25,53.63,278043
2022-12-15,000333.SZ,53.28,54.15,52.77,54,197450
2022-12-18,000333.SZ,54,54.38,53.28,53.68,160764
2022-12-19,000333.SZ,53,53.09,51.55,51.57,272454
2022-12-20,000333.SZ,51.29,52.49,51.29,51.68,130742
2022-12-21,000333.SZ,51.94,53.28,51.77,52.2,228123
2022-12-22,000333.SZ,51.98,53.15,51.43,52.38,163439
2022-12-25,000333.SZ,52.68,52.88,51.36,51.5,153879
2022-12-26,000333.SZ,51.79,53.03,51.41,52.94,173391
2022-12-27,000333.SZ,52.43,52.75,51.9,52.05,163229
2022-12-28,000333.SZ,51.62,52.19,51.02,51.73,119951
2022-12-29,000333.SZ,51.8,52.5,51.7,51.8,127733
2023-01-02,000333.SZ,52,52.23,51.23,51.88,163628
2023-01-03,000333.SZ,51.69,53.83,51.65,53.75,261341
2023-01-04,000333.SZ,54,54.99,53.95,54.91,294217
2023-01-05,000333.SZ,54.97,55.16,53.91,54.01,195001
2023-01-08,000333.SZ,54.1,54.45,53.4,54.11,204277
2023-01-09,000333.SZ,53.99,54.4,53.43,53.5,154340
2023-01-10,000333.SZ,53.45,55.18,53.4,54.5,214610
2023-01-11,000333.SZ,54.3,55,54.01,54.77,145818
2023-01-12,000333.SZ,54.87,56,54.5,55.95,265803
2023-01-15,000333.SZ,56.03,58.36,56.02,57.7,330181
2023-01-16,000333.SZ,57.69,58.18,57.15,58,188114
2023-01-17,000333.SZ,58,58.5,57.37,57.6,130358
2023-01-18,000333.SZ,57.46,57.55,56.7,57.38,194679
2023-01-19,000333.SZ,57.46,57.84,56.96,57.08,108608
2023-01-29,000333.SZ,57.44,58.08,55.59,55.65,256196
2023-01-30,000333.SZ,55.4,56.15,55,55.2,232598
2023-01-31,000333.SZ,55.29,55.99,54.45,55.5,267247
2023-02-01,000333.SZ,55.45,55.6,53.62,53.96,367678
2023-02-02,000333.SZ,53.7,53.95,52.86,53.31,208300
2023-02-05,000333.SZ,52.81,52.81,51.08,51.25,421857
2023-02-06,000333.SZ,51.36,51.7,51.1,51.5,209009
2023-02-07,000333.SZ,51.39,51.5,50.86,51.01,191018
2023-02-08,000333.SZ,50.8,51.73,50.49,51.53,227383
2023-02-09,000333.SZ,51.35,51.75,51.29,51.62,139889
2023-02-12,000333.SZ,51.5,52.58,51.03,52.44,306391
2023-02-13,000333.SZ,52.45,52.65,51.81,52.21,214375
2023-02-14,000333.SZ,52.2,52.21,51.18,51.35,179488
2023-02-15,000333.SZ,51.1,51.75,50.8,51.28,216987
2023-02-16,000333.SZ,51.05,51.5,51.02,51.38,158066
2023-02-19,000333.SZ,51.5,53.69,51.11,53.3,383136
2023-02-20,000333.SZ,53.3,53.8,52.73,53.54,256493
2023-02-21,000333.SZ,53,53.18,52.41,52.78,229115
2023-02-22,000333.SZ,52.79,53.88,52.79,53.37,240107
2023-02-23,000333.SZ,53.18,53.39,52.82,52.98,169278
2023-02-26,000333.SZ,52.6,52.98,51.86,52.4,169471
2023-02-27,000333.SZ,52.02,53.14,52.02,52.46,194045
2023-02-28,000333.SZ,52.51,54.99,52.51,54.62,432975
2023-03-01,000333.SZ,54.6,55.68,54.15,54.85,255490
2023-03-02,000333.SZ,55.25,55.84,54.66,55.2,197415
2023-03-05,000333.SZ,54.84,55,53.81,53.83,259357
2023-03-06,000333.SZ,53.84,54.37,52.7,52.86,194738
2023-03-07,000333.SZ,52.65,52.8,52.07,52.29,144948
2023-03-08,000333.SZ,52.29,53.25,52.27,52.7,130131
2023-03-09,000333.SZ,52.24,52.5,51.02,51.15,192134
2023-03-12,000333.SZ,51.01,52.24,51,52.06,194837
2023-03-13,000333.SZ,51.72,51.91,50.7,51.15,165011
2023-03-14,000333.SZ,51.5,51.63,50.4,50.46,209456
2023-03-15,000333.SZ,50.08,50.39,49.65,50.04,121820
2023-03-16,000333.SZ,50.5,51.18,50.06,50.33,201231
2023-03-19,000333.SZ,50.18,51.13,50.1,50.44,163015
2023-03-20,000333.SZ,50.55,52.14,50.55,52.1,231466
2023-03-21,000333.SZ,52.2,52.27,51.3,51.7,135542
2023-03-22,000333.SZ,51.48,52,51.39,51.82,123790
2023-03-23,000333.SZ,51.82,52.17,51.64,52.09,132776
2023-03-26,000333.SZ,52.09,52.46,51.7,51.85,127683
2023-03-27,000333.SZ,51.7,52.08,51.06,51.09,128679
2023-03-28,000333.SZ,51.38,51.57,51.1,51.4,128030
2023-03-29,000333.SZ,51.35,54.8,51.3,54.47,571574
2023-03-30,000333.SZ,54.11,54.62,53.36,53.81,277888
2023-04-02,000333.SZ,55,55.4,54.2,54.69,373915
2023-04-03,000333.SZ,54.5,54.72,53.75,54.63,179891
2023-04-05,000333.SZ,54.42,55,53.75,54.02,152435
2023-04-06,000333.SZ,53.91,55.27,53.91,54.68,158641
2023-04-09,000333.SZ,54.4,55.06,54.01,54.76,156493
2023-04-10,000333.SZ,54.41,56.37,54.4,55.84,324366
2023-04-11,000333.SZ,55.84,56.75,55.4,55.5,223025
2023-04-12,000333.SZ,55.05,55.29,54.14,54.14,182595
2023-04-13,000333.SZ,54.18,54.65,53.83,53.94,142124
2023-04-16,000333.SZ,53.91,55.58,53.89,55.42,262280
2023-04-17,000333.SZ,55.2,57.4,55.17,56.78,387063
2023-04-18,000333.SZ,56.78,57.25,56.05,56.08,191887
2023-04-19,000333.SZ,56.18,58.04,56.18,57.04,367949
2023-04-20,000333.SZ,57.4,58.6,56.75,56.85,398924
2023-04-23,000333.SZ,56.2,58.75,56.01,57.03,339921
2023-04-24,000333.SZ,57,58.04,55.65,57.65,429621
2023-04-25,000333.SZ,57.02,57.35,55.97,56.7,239342
2023-04-26,000333.SZ,56.17,57.75,56.17,57.26,157771
2023-04-27,000333.SZ,57.25,57.35,56.21,56.78,156906
2023-05-03,000333.SZ,57.22,58.45,55.85,56.58,268566
2023-05-04,000333.SZ,56.4,56.4,54.08,55.33,342123
2023-05-07,000333.SZ,55.33,55.99,54.47,55.01,208722
2023-05-08,000333.SZ,54.8,55.56,54.01,54.8,181394
2023-05-09,000333.SZ,54.5,56,53.88,55.4,174626
2023-05-10,000333.SZ,55.55,56.72,55.34,55.45,126225
2023-05-11,000333.SZ,55.33,57.49,55.31,55.82,165590
2023-05-14,000333.SZ,55.86,56.74,55.01,56.59,140666
2023-05-15,000333.SZ,56.59,57.24,55.11,55.35,136126
2023-05-16,000333.SZ,55.22,56.4,54.81,55.02,90763
2023-05-17,000333.SZ,55.15,55.42,54.55,55,110695
2023-05-18,000333.SZ,54.66,56.86,54.66,55.8,203843
2023-05-21,000333.SZ,55.8,56.95,55.8,56.71,151998
2023-05-22,000333.SZ,56.69,56.95,55.88,55.95,155851
2023-05-23,000333.SZ,55.82,55.89,53.5,53.6,266742
2023-05-24,000333.SZ,53.4,54.49,52.68,54.01,171434
2023-05-25,000333.SZ,54.01,54.45,53.48,54.26,111661
2023-05-28,000333.SZ,54.27,54.69,53.08,53.45,174334
2023-05-29,000333.SZ,53.45,53.66,51.79,52.33,320846
2023-05-30,000333.SZ,52.59,52.7,51.1,51.33,280650
2023-05-31,000333.SZ,49.02,49.8,48.53,48.89,348935
2023-06-01,000333.SZ,50,52.1,49.99,51.8,499392
2023-06-04,000333.SZ,52.51,54.15,51.59,53.94,399400
2023-06-05,000333.SZ,53.94,55.31,53.05,54.21,342618
2023-06-06,000333.SZ,55.5,55.77,54.49,55.25,369087
2023-06-07,000333.SZ,55.7,57.11,55.2,56.89,475531
2023-06-08,000333.SZ,57.5,57.76,55.77,56.11,410652
2023-06-11,000333.SZ,56.12,57.82,55.7,57.35,396210
2023-06-12,000333.SZ,57.26,57.77,56.26,56.61,248501
2023-06-13,000333.SZ,57.23,57.98,56.62,57.08,360007
2023-06-14,000333.SZ,57.26,58.58,57.01,58,312765
2023-06-15,000333.SZ,58.4,58.99,57.4,58.35,300061
2023-06-18,000333.SZ,58,58.14,56.7,56.81,289110
2023-06-19,000333.SZ,56.92,58.92,56.8,57.58,243810
2023-06-20,000333.SZ,58,59.6,57.4,58.28,451303
2023-06-25,000333.SZ,59.83,59.95,57.8,58.14,335581
2023-06-26,000333.SZ,58.22,60.15,57.88,59.69,481237
2023-06-27,000333.SZ,59.45,60.52,59.21,59.7,327901
2023-06-28,000333.SZ,59.72,59.79,58.22,59.14,276783
2023-06-29,000333.SZ,59.23,59.82,58.56,58.92,264876
2023-07-02,000333.SZ,58.88,60.38,58.33,59.06,318762
2023-07-03,000333.SZ,59.28,59.6,58.12,58.9,219446
2023-07-04,000333.SZ,59.09,59.33,58.42,59.12,187016
2023-07-05,000333.SZ,59.13,59.75,58.3,58.37,169577
2023-07-06,000333.SZ,58.04,58.59,57.2,57.75,293796
2023-07-09,000333.SZ,57.82,57.93,56.04,56.63,320860
2023-07-10,000333.SZ,56.8,57.08,56.4,56.66,158028
2023-07-11,000333.SZ,56.9,58.08,56.4,57.09,187815
2023-07-12,000333.SZ,57.2,58.32,57.2,57.8,169307
2023-07-13,000333.SZ,57.75,58.27,57.02,57.46,105000
2023-07-16,000333.SZ,57.2,57.2,56.3,57.13,90425
2023-07-17,000333.SZ,57.4,57.4,55.67,56.74,239882
2023-07-18,000333.SZ,56.89,58.35,56.67,58.13,278044
2023-07-19,000333.SZ,57.9,58.65,57.44,57.53,140516
2023-07-20,000333.SZ,57.55,58.08,56.99,57.13,120709
2023-07-23,000333.SZ,57.13,57.36,56.13,56.77,115888
2023-07-24,000333.SZ,57.86,59.28,57.8,58.98,376481
2023-07-25,000333.SZ,58.81,59.54,58.48,58.58,187526
2023-07-26,000333.SZ,58.55,59.12,58.35,58.48,151970
2023-07-27,000333.SZ,58.7,59.82,58.11,59.74,240041
2023-07-30,000333.SZ,60.95,61.3,59.15,59.32,325183
2023-07-31,000333.SZ,59.32,59.69,58.13,58.25,204186
2023-08-01,000333.SZ,58.1,58.82,57.77,58.3,235436
2023-08-02,000333.SZ,57.98,58.2,56.99,57.98,233629
2023-08-03,000333.SZ,58.3,58.99,57.81,57.92,196637
2023-08-06,000333.SZ,57.79,58.19,57.34,57.88,153707
2023-08-07,000333.SZ,57.5,57.55,56.96,57,136355
2023-08-08,000333.SZ,57.19,57.7,57.04,57.56,151434
2023-08-09,000333.SZ,57.21,57.3,55.5,56.35,385305
2023-08-10,000333.SZ,56.29,56.45,55.14,55.18,255333
2023-08-13,000333.SZ,54.5,55.57,54.28,55.44,195167
2023-08-14,000333.SZ,55.31,55.56,54.6,55.16,163704
2023-08-15,000333.SZ,54.8,55.36,54.36,55.23,153587
2023-08-16,000333.SZ,54.9,55.94,54.53,55.84,152165
2023-08-17,000333.SZ,55.78,55.85,54.63,54.79,134638
2023-08-20,000333.SZ,54.61,55.36,54.35,54.38,131172
2023-08-21,000333.SZ,54.3,54.68,53.41,54.37,230543
2023-08-22,000333.SZ,54.12,54.66,53.6,53.72,157983
2023-08-23,000333.SZ,53.99,55.45,53.5,55.05,255836
2023-08-24,000333.SZ,54.95,55.99,54.52,55.26,164728
2023-08-27,000333.SZ,57.3,57.98,55.78,56.16,288004
2023-08-28,000333.SZ,55.88,56.49,55.55,56.05,217871
2023-08-29,000333.SZ,56.04,57.18,55.71,56.82,233664
2023-08-30,000333.SZ,57.3,57.8,56.48,56.51,280838
2023-08-31,000333.SZ,57,58.5,56.99,57.93,266506
2023-09-03,000333.SZ,58.5,58.8,57.62,58.22,200900
2023-09-04,000333.SZ,58.26,58.49,57.61,57.78,153090
2023-09-05,000333.SZ,57.51,58,56.88,57.18,208883
2023-09-06,000333.SZ,57.09,57.12,56.5,56.57,136399
2023-09-07,000333.SZ,56.74,56.83,55.81,56.08,84002
2023-09-10,000333.SZ,56.31,56.88,56.01,56.43,140721
2023-09-11,000333.SZ,56.42,57.72,56.3,57.21,164034
2023-09-12,000333.SZ,57.1,57.54,56.7,57,107434
2023-09-13,000333.SZ,57.01,57.26,56.26,56.55,102895
2023-09-14,000333.SZ,56.64,56.69,55.3,55.79,164512
2023-09-17,000333.SZ,55.8,56.59,55.21,56.1,144278
2023-09-18,000333.SZ,55.99,56.15,55.45,56.05,123661
2023-09-19,000333.SZ,56.03,57.24,55.73,56.89,213801
2023-09-20,000333.SZ,56.88,56.88,56.02,56.32,167691
2023-09-21,000333.SZ,56.59,57.11,56.17,57.05,221702
2023-09-24,000333.SZ,56.89,56.89,56.23,56.63,166432
2023-09-25,000333.SZ,56.76,57.2,56,56,189349
2023-09-26,000333.SZ,56,56.66,55.43,56.19,188109
2023-09-27,000333.SZ,56.39,56.5,55.41,55.48,170976
2023-10-08,000333.SZ,55.46,56.11,54.9,55.76,286595
2023-10-09,000333.SZ,55.49,55.77,54.42,54.77,214996
2023-10-10,000333.SZ,54.75,55.89,54.5,54.77,204184
2023-10-11,000333.SZ,55,55.48,54.61,55.28,176042
2023-10-12,000333.SZ,55.19,55.44,54.53,54.99,129960
2023-10-15,000333.SZ,54.8,55.41,54.8,55.08,150202
2023-10-16,000333.SZ,55.08,55.99,55.05,55.88,168302
2023-10-17,000333.SZ,55.68,55.89,55.21,55.47,106371
2023-10-18,000333.SZ,55.29,55.29,54.18,54.23,201961
2023-10-19,000333.SZ,53.94,54.06,52.88,53.18,210898
2023-10-22,000333.SZ,53,53.63,52.71,53.25,168644
2023-10-23,000333.SZ,53.01,53.49,52.2,53.18,250198
2023-10-24,000333.SZ,53.79,54.01,52.14,52.42,258565
2023-10-25,000333.SZ,52.22,52.72,52.03,52.51,151655
2023-10-26,000333.SZ,52.36,54,52.21,53.74,253188
2023-10-29,000333.SZ,53.33,54.64,53.33,54.5,164885
2023-10-30,000333.SZ,54.3,54.3,52.7,52.92,238072
2023-10-31,000333.SZ,52.81,53.46,52.7,53.01,189338
2023-11-01,000333.SZ,53,54.41,52.81,53.18,200855
2023-11-02,000333.SZ,53.12,53.35,52.72,52.8,177406
2023-11-05,000333.SZ,53,53.3,52.7,53.14,249182
2023-11-06,000333.SZ,53.1,53.28,52.58,53.1,188982
2023-11-07,000333.SZ,52.65,52.99,52.51,52.85,213857
2023-11-08,000333.SZ,52.88,53.33,52.35,52.45,141469
2023-11-09,000333.SZ,52.3,52.86,52.25,52.7,130271
2023-11-12,000333.SZ,52.64,52.64,50.68,51.06,382916
2023-11-13,000333.SZ,51.02,51.42,50.8,51.09,248028
2023-11-14,000333.SZ,51.44,51.76,50.95,51.54,196363
2023-11-15,000333.SZ,51.4,52.19,51.31,51.75,216055
2023-11-16,000333.SZ,51.6,51.97,51.21,51.86,135134
2023-11-19,000333.SZ,51.54,52.9,51.54,52.43,182191
2023-11-20,000333.SZ,52.62,53.19,52.45,52.45,158459
2023-11-21,000333.SZ,52.45,52.6,51.9,52.15,97869
2023-11-22,000333.SZ,52.15,52.93,51.85,52.76,101034
2023-11-23,000333.SZ,52.8,52.85,52.07,52.48,157245
2023-11-26,000333.SZ,52.43,52.43,51.75,51.97,159225
2023-11-27,000333.SZ,52.2,52.8,51.53,52.53,217876
2023-11-28,000333.SZ,52.53,52.58,51.72,52.01,124265
2023-11-29,000333.SZ,51.81,52,51.41,51.67,128619
2023-11-30,000333.SZ,52.3,52.36,50.33,50.55,316050
2023-12-03,000333.SZ,50.48,50.79,49.84,50.09,220587
2023-12-04,000333.SZ,50.09,50.19,49.22,49.22,225103
2023-12-05,000333.SZ,49.06,49.65,48.75,49.18,191141
2023-12-06,000333.SZ,49.36,50.49,49.22,50.22,250219
2023-12-07,000333.SZ,50.18,51.08,50.09,50.34,218113
2023-12-10,000333.SZ,49.85,51.4,49.22,51.02,252015
2023-12-11,000333.SZ,51.5,51.55,50.72,51,172048
2023-12-12,000333.SZ,50.9,50.99,50.51,50.69,128587
2023-12-13,000333.SZ,50.91,51.47,50.58,50.89,165634
2023-12-14,000333.SZ,50.51,51.1,50.3,50.33,204702
2023-12-17,000333.SZ,50.03,51.18,49.75,51.09,223075
2023-12-18,000333.SZ,51.08,51.08,50.46,50.75,169545
2023-12-19,000333.SZ,50.75,51.4,50.52,51.03,254170
2023-12-20,000333.SZ,51.22,52.28,50.87,52.02,274212
2023-12-21,000333.SZ,51.91,52.99,51.7,52.77,227281
2023-12-24,000333.SZ,52.62,53.25,52.43,52.67,113150
2023-12-25,000333.SZ,52.62,53.23,52.53,52.8,161523
2023-12-26,000333.SZ,52.78,53.7,52.72,53.6,203069
2023-12-27,000333.SZ,53.44,54.16,53.25,54.05,247280
2023-12-28,000333.SZ,54.07,54.98,53.72,54.63,259373
2024-01-01,000333.SZ,54.63,55.05,54.2,54.56,239057
2024-01-02,000333.SZ,54.59,54.8,54.1,54.45,206897
2024-01-03,000333.SZ,54.66,55.32,54.45,55.25,267025
2024-01-04,000333.SZ,55.2,56.08,54.85,55.6,300429
2024-01-07,000333.SZ,55.6,55.6,54.62,55,278097
2024-01-08,000333.SZ,54.71,55.33,54.11,55.17,216070
2024-01-09,000333.SZ,55.17,55.77,54.84,55.22,178208
2024-01-10,000333.SZ,55.22,55.49,54.73,55,212369
2024-01-11,000333.SZ,54.9,55.71,54.58,55,243611
2024-01-14,000333.SZ,54.84,55.98,54.66,55.88,191241
2024-01-15,000333.SZ,55.61,56.95,55.1,56.92,337304
2024-01-16,000333.SZ,56.63,57.29,56.37,56.37,269141
2024-01-17,000333.SZ,56.79,56.99,55.08,56.4,390231
2024-01-18,000333.SZ,56,56.6,55.86,56.14,299370
2024-01-21,000333.SZ,55.88,56.66,55.08,55.34,359803
2024-01-22,000333.SZ,55.52,56.69,54.8,56.38,288485
2024-01-23,000333.SZ,56.15,57.44,56.02,57.19,264637
2024-01-24,000333.SZ,57.3,57.49,56.24,56.35,249636
2024-01-25,000333.SZ,56.35,57.75,56.35,57.51,327457
2024-01-28,000333.SZ,57.9,59.48,57.69,58.69,374987
2024-01-29,000333.SZ,58.7,59.2,58,58.22,273733
2024-01-30,000333.SZ,57.91,58.94,57.42,58.25,255442
2024-01-31,000333.SZ,58.23,59.46,58,58.81,303402
2024-02-01,000333.SZ,58.5,58.88,57.31,58.25,289505
2024-02-04,000333.SZ,58,59.6,57.82,59.45,461603
2024-02-05,000333.SZ,59.26,60.79,59.02,59.95,379464
2024-02-06,000333.SZ,59.29,61.17,59.03,61.11,461959
2024-02-07,000333.SZ,61.29,62.36,59.98,60.29,347232
2024-02-18,000333.SZ,61.7,61.7,59.81,60.6,356959
2024-02-19,000333.SZ,60.3,61.79,59.67,61.7,296309
2024-02-20,000333.SZ,61,62.55,60.68,61.71,277972
2024-02-21,000333.SZ,61.21,61.79,61.03,61.35,192591
2024-02-22,000333.SZ,61.68,62.1,59.32,59.62,430936
2024-02-25,000333.SZ,59.85,61.5,59.85,60.3,340977
2024-02-26,000333.SZ,60.59,61.99,60.1,61.92,280148
2024-02-27,000333.SZ,62,62.31,60.95,61.82,253674
2024-02-28,000333.SZ,62,63.48,61.75,62.63,489210
2024-02-29,000333.SZ,63.5,64.51,62.88,64.47,328449
2024-03-03,000333.SZ,65,66,63.5,64.6,373844
2024-03-04,000333.SZ,64.65,65.4,63.45,65.04,355253
2024-03-05,000333.SZ,64.9,65.53,64.3,64.51,219230
2024-03-06,000333.SZ,64.45,66.65,64.2,65.8,306340
2024-03-07,000333.SZ,65.87,66.49,64.88,66.1,261254
2024-03-10,000333.SZ,66.09,66.1,64.56,65.42,280270
2024-03-11,000333.SZ,65.35,65.35,63.05,64.13,507399
2024-03-12,000333.SZ,63.66,64.33,63,64.07,327232
2024-03-13,000333.SZ,63.86,64.75,63.6,64.5,315317
2024-03-14,000333.SZ,64.39,64.5,63.3,64.02,254639
2024-03-17,000333.SZ,63.88,63.89,62.35,62.36,425011
2024-03-18,000333.SZ,62.2,63.12,62.17,62.6,297946
2024-03-19,000333.SZ,62.2,62.5,61.4,61.88,377909
2024-03-20,000333.SZ,61.91,62.04,60.13,60.55,391892
2024-03-21,000333.SZ,60.56,62.65,60.5,62.62,431568
2024-03-24,000333.SZ,62.19,63.66,61.78,62.9,269033
2024-03-25,000333.SZ,62.31,63.25,62.31,62.72,253537
2024-03-26,000333.SZ,62.53,64.88,62.51,63.67,348428
2024-03-27,000333.SZ,64.23,65.39,63.18,64.58,451854
2024-03-28,000333.SZ,64.58,65.73,63.66,64.22,254689
2024-03-31,000333.SZ,64.5,66.28,64.1,66.22,327712
2024-04-01,000333.SZ,66,66.53,65.75,66.25,226536
2024-04-02,000333.SZ,66.2,66.9,65.98,66.73,206265
2024-04-07,000333.SZ,66.72,66.85,64.67,65.32,324345
2024-04-08,000333.SZ,65,65.6,64.82,65.04,194783
2024-04-09,000333.SZ,64.87,66.2,64.56,65.17,180820
2024-04-10,000333.SZ,64.95,65.95,64.61,65.07,190048
2024-04-11,000333.SZ,64.99,65.6,64.58,64.89,217344
2024-04-14,000333.SZ,64.89,67,64.71,66.84,317837
2024-04-15,000333.SZ,66.78,68.77,66.57,68.31,391914
2024-04-16,000333.SZ,68,68.8,66.98,68.58,245496
2024-04-17,000333.SZ,68.58,71.33,68.38,70,395421
2024-04-18,000333.SZ,69.43,70.58,69.43,70,288123
2024-04-21,000333.SZ,70.2,71.19,69.5,69.98,289438
2024-04-22,000333.SZ,69.83,70,67.59,68.39,382179
2024-04-23,000333.SZ,68.34,68.64,66.75,67.9,307830
2024-04-24,000333.SZ,67.13,68.56,67.13,68.24,220333
2024-04-25,000333.SZ,68.25,68.65,67.42,68.37,242257
2024-04-28,000333.SZ,68.3,68.88,67.23,68.2,332264
2024-04-29,000333.SZ,66.84,71.15,66.8,69.78,571318
2024-05-05,000333.SZ,70.5,71.46,69.65,71.01,461799
2024-05-06,000333.SZ,70.81,72.33,70.62,71.1,304315
2024-05-07,000333.SZ,70.5,71.34,70.39,70.75,176620
2024-05-08,000333.SZ,71,72.34,70.62,71.85,285718
2024-05-09,000333.SZ,72.2,72.33,71.34,71.88,224879
2024-05-12,000333.SZ,71.88,72.99,70.7,72.71,271674
2024-05-13,000333.SZ,72.68,72.89,70.2,70.84,399236
2024-05-14,000333.SZ,68.5,70.1,68.11,69.76,301895
2024-05-15,000333.SZ,69.76,69.8,68.8,69.34,246004
2024-05-16,000333.SZ,68.78,69.5,66.52,68.03,418483
2024-05-19,000333.SZ,67.01,67.88,66.21,66.57,426430
2024-05-20,000333.SZ,66.27,67.3,66.2,66.55,243588
2024-05-21,000333.SZ,66.34,66.54,65.31,65.41,261052
2024-05-22,000333.SZ,65.4,66.19,65,65.74,240961
2024-05-23,000333.SZ,65.4,66.98,65.1,66.62,259270
2024-05-26,000333.SZ,66.5,68.28,65.54,67.59,305462
2024-05-27,000333.SZ,67.6,67.78,66.5,67.03,191737
2024-05-28,000333.SZ,66.6,67.2,65.5,65.85,241321
2024-05-29,000333.SZ,65.71,66.19,65.14,65.18,193586
2024-05-30,000333.SZ,65.19,65.57,64.55,64.76,261294
2024-06-02,000333.SZ,64.88,66.3,64.27,65.02,357556
2024-06-03,000333.SZ,64.99,64.99,63.4,64.68,306212
2024-06-04,000333.SZ,64.55,65.2,63.8,63.92,283319
2024-06-05,000333.SZ,63.8,66.03,63.8,65.76,436037
2024-06-06,000333.SZ,65.2,65.45,63.71,65.16,400646
2024-06-10,000333.SZ,64.5,66.5,64.18,65,336897
2024-06-11,000333.SZ,64.84,65.74,64.53,65.16,257072
2024-06-12,000333.SZ,65.31,65.45,63.66,63.92,274850
2024-06-13,000333.SZ,63.51,65.76,63.5,65.61,379244
2024-06-16,000333.SZ,65.76,65.76,64.18,64.53,253358
2024-06-17,000333.SZ,64.3,65.19,63.67,64.84,218675
2024-06-18,000333.SZ,64.77,65.08,62.8,64,347000
2024-06-19,000333.SZ,63.9,64.75,63.54,64.47,280858
2024-06-20,000333.SZ,64.49,64.75,63.5,63.95,241537
2024-06-23,000333.SZ,63.71,65.55,63.61,64.88,307991
2024-06-24,000333.SZ,64.85,65.79,64.52,65.29,253092
2024-06-25,000333.SZ,65.01,65.39,63.91,64.25,238314
2024-06-26,000333.SZ,64.05,64.48,63.47,64.1,274095
2024-06-27,000333.SZ,63.5,64.79,63.48,64.5,251956
2024-06-30,000333.SZ,64.29,65.38,63.6,64.09,195283
2024-07-01,000333.SZ,63.7,64.2,62.8,63,291813
2024-07-02,000333.SZ,63.05,63.68,62.74,63.03,181208
2024-07-03,000333.SZ,63.2,65.2,63.2,64.6,277531
2024-07-04,000333.SZ,64.5,65.15,63,64,264796
2024-07-07,000333.SZ,63.6,64.72,63.17,64.23,194436
2024-07-08,000333.SZ,63.81,64.67,63.62,64.1,216645
2024-07-09,000333.SZ,64.54,65.06,63.81,63.81,158469
2024-07-10,000333.SZ,63.85,64.45,62.52,63.9,271827
2024-07-11,000333.SZ,63.79,65.2,63.64,65,245741
2024-07-14,000333.SZ,64.78,65.16,64.36,64.94,170459
2024-07-15,000333.SZ,64.63,64.96,63.75,64.27,204068
2024-07-16,000333.SZ,64.04,64.38,61.66,62.83,464628
2024-07-17,000333.SZ,62.01,64.46,62.01,63.9,345325
2024-07-18,000333.SZ,63.36,63.78,62.89,63.6,217970
2024-07-21,000333.SZ,63.45,64.64,63.32,63.63,199303
2024-07-22,000333.SZ,63.63,63.79,62.38,62.38,185378
2024-07-23,000333.SZ,62.01,62.72,59.64,60.08,455473
2024-07-24,000333.SZ,59.52,60.09,58.9,59.4,301092
2024-07-25,000333.SZ,62.83,62.99,61.4,62.84,577402
2024-07-28,000333.SZ,62.3,63.21,62.16,62.88,207128
2024-07-29,000333.SZ,62.51,62.77,60.6,61.06,225758
2024-07-30,000333.SZ,60.73,63.86,60.73,63.76,401747
2024-07-31,000333.SZ,63.8,64.67,63.41,63.58,244068
2024-08-01,000333.SZ,63.3,64.28,62.57,62.99,202615
2024-08-04,000333.SZ,62.54,64.3,61.56,61.65,354768
2024-08-05,000333.SZ,61.61,62.26,59.52,59.92,384932
2024-08-06,000333.SZ,59.92,61.38,59.24,60.7,252986
2024-08-07,000333.SZ,60.42,61.48,60.21,60.96,142319
2024-08-08,000333.SZ,60.85,61.7,60.33,60.5,138024
2024-08-11,000333.SZ,60.5,62.14,60.31,61.38,169492
2024-08-12,000333.SZ,61.38,62.11,60.92,61.36,98351
2024-08-13,000333.SZ,61.36,61.49,60.6,60.9,112278
2024-08-14,000333.SZ,60.7,61.35,60.29,61,191633
2024-08-15,000333.SZ,60.81,61.9,60.67,61.74,180670
2024-08-18,000333.SZ,61.69,63.15,61.67,62.36,172753
2024-08-19,000333.SZ,63.48,63.49,61.76,63.02,257810
2024-08-20,000333.SZ,62.71,63.7,62.33,63.16,211871
2024-08-21,000333.SZ,63.13,64.49,62.72,64.09,249787
2024-08-22,000333.SZ,64,65.96,63.88,65.46,290471
2024-08-25,000333.SZ,65.94,66.65,64.9,66.32,339582
2024-08-26,000333.SZ,66,66.48,65.49,65.99,241138
2024-08-27,000333.SZ,65.98,66.15,64.57,64.93,265430
2024-08-28,000333.SZ,64.42,65.31,63.95,63.95,232856
2024-08-29,000333.SZ,63.48,65.81,63.38,64.75,333863
2024-09-01,000333.SZ,64.5,66.52,64.44,65.23,260759
2024-09-02,000333.SZ,65.01,66.48,65,65.97,242379
2024-09-03,000333.SZ,65.86,66.7,65.36,65.48,274996
2024-09-04,000333.SZ,64.95,65.4,63.48,63.59,432123
2024-09-05,000333.SZ,63.6,64.55,62.9,63.02,233202
2024-09-08,000333.SZ,61.35,62.2,60.68,61.09,548406
2024-09-09,000333.SZ,60.48,61.64,60.48,60.75,401110
2024-09-10,000333.SZ,60.52,62.08,59.7,61.66,419218
2024-09-11,000333.SZ,61.8,62.85,61.66,62.37,276169
2024-09-12,000333.SZ,62.05,63.78,61.59,63.51,321490
2024-09-17,000333.SZ,63.62,65.71,63.4,65.25,295026
2024-09-18,000333.SZ,62.3,65.73,62.3,65.28,476115
2024-09-19,000333.SZ,64.91,66.3,64.76,66.06,398013
2024-09-22,000333.SZ,66.46,67.89,66.2,67.6,391621
2024-09-23,000333.SZ,67.6,68.25,66.2,68.04,500902
2024-09-24,000333.SZ,68.21,71.5,68.21,70.11,627661
2024-09-25,000333.SZ,70,73.68,69.79,73.56,501342
2024-09-26,000333.SZ,74.75,76.4,71.15,73,857448
2024-09-29,000333.SZ,73.16,76.9,72.03,76.06,1251665
2024-10-07,000333.SZ,83.67,83.67,78.73,80.19,1352393
2024-10-08,000333.SZ,78.4,79.32,74.02,75.01,895501
2024-10-09,000333.SZ,75.95,79.38,75.87,78.3,673034
2024-10-10,000333.SZ,78,78.23,75.9,76.77,380602
2024-10-13,000333.SZ,77.03,79.29,76.6,79,462828
2024-10-14,000333.SZ,79,79,76,76,375833
2024-10-15,000333.SZ,74.7,75.5,73.73,75.24,342829
2024-10-16,000333.SZ,75.24,75.53,72.9,73.08,394376
2024-10-17,000333.SZ,73.08,76.2,72.65,75.01,427851
2024-10-20,000333.SZ,75.35,75.98,73.28,74.08,343229
2024-10-21,000333.SZ,74.35,76.96,74.14,76.5,404060
2024-10-22,000333.SZ,76.6,77.78,76,76.38,268313
2024-10-23,000333.SZ,76.11,76.46,75.3,75.64,171087
2024-10-24,000333.SZ,75.42,75.86,74.77,75.27,210573
2024-10-27,000333.SZ,75.49,75.58,74.01,74.87,280591
2024-10-28,000333.SZ,74.61,75.5,73.8,74.07,297272
2024-10-29,000333.SZ,73.7,74.35,72.12,72.75,404137
2024-10-30,000333.SZ,72.97,73.69,71.1,71.42,500469
2024-10-31,000333.SZ,71.44,73,70.38,72.25,416515
2024-11-03,000333.SZ,72.14,73.37,71.7,72.84,232316
2024-11-04,000333.SZ,72.5,73.48,71.21,73.13,416967
2024-11-05,000333.SZ,73.14,73.14,70.97,71.17,525931
2024-11-06,000333.SZ,70.35,72.1,69.89,72.1,547746
2024-11-07,000333.SZ,72.66,73.76,71.1,72.58,593374
2024-11-10,000333.SZ,71.23,71.84,70.82,71.6,442079
2024-11-11,000333.SZ,71.91,74.89,71.79,72.39,575477
2024-11-12,000333.SZ,72.48,74.3,72.46,73.4,458417
2024-11-13,000333.SZ,73.48,74.89,72.33,73.64,408435
2024-11-14,000333.SZ,73.15,74.11,71.85,72.25,342825
2024-11-17,000333.SZ,72.17,72.98,70.83,71.05,319386
2024-11-18,000333.SZ,71.05,71.75,70.7,71.31,226652
2024-11-19,000333.SZ,71.38,71.65,70.74,71.43,226371
2024-11-20,000333.SZ,71.37,71.39,70.55,70.84,216528
2024-11-21,000333.SZ,70.83,72.82,70.22,70.39,388458
2024-11-24,000333.SZ,70.11,72.38,70.11,70.39,385868
2024-11-25,000333.SZ,70.11,71.2,69.35,70.6,274188
2024-11-26,000333.SZ,70.32,71.5,69.74,71.32,264825
2024-11-27,000333.SZ,72,72,69.76,70.19,323290
2024-11-28,000333.SZ,69.68,70.77,69.55,70.13,277501
2024-12-01,000333.SZ,70.15,70.53,69.23,70.08,357906
2024-12-02,000333.SZ,70,70,69.4,69.85,313174
2024-12-03,000333.SZ,69.88,71.99,69.6,71.49,531955
2024-12-04,000333.SZ,71.6,72.88,71.42,71.72,367645
2024-12-05,000333.SZ,71.78,73.13,71.51,72.85,456778
2024-12-08,000333.SZ,72.01,73.88,71.31,73.13,413219
2024-12-09,000333.SZ,76.51,76.66,73.79,73.84,555133
2024-12-10,000333.SZ,73.7,75.33,73.6,75.1,335434
2024-12-11,000333.SZ,75.2,75.75,74.37,75.56,286398
2024-12-12,000333.SZ,75.2,75.23,73.33,74,370633
2024-12-15,000333.SZ,74.1,74.45,72.65,73.22,280471
2024-12-16,000333.SZ,73.2,74.68,72.81,73.67,278873
2024-12-17,000333.SZ,73.66,74.58,73.58,74.1,225785
2024-12-18,000333.SZ,73.86,75.23,73.24,74.44,253553
2024-12-19,000333.SZ,74.43,74.79,73.66,74,209397
2024-12-22,000333.SZ,74,75.25,73.95,74.61,226029
2024-12-23,000333.SZ,74.4,76.38,74.4,76.25,344141
2024-12-24,000333.SZ,76.3,76.6,75.04,75.54,227339
2024-12-25,000333.SZ,75.26,76.24,74.65,75.98,242143
2024-12-26,000333.SZ,75.98,76.05,74.8,75.42,198421
2024-12-29,000333.SZ,75,76.18,74.92,75.32,221827
2024-12-30,000333.SZ,75.1,76.05,74.69,75.22,307660
2025-01-01,000333.SZ,75.4,77.2,75,75.32,413671
2025-01-02,000333.SZ,75,76.06,73.9,74.69,296422
2025-01-05,000333.SZ,74.68,76.28,74.28,75.38,306810
2025-01-06,000333.SZ,75,76.76,74.5,75.93,251785
2025-01-07,000333.SZ,75.51,77.66,75.43,77.58,406930
2025-01-08,000333.SZ,77.7,79,77.2,78.73,345987
2025-01-09,000333.SZ,78.73,78.89,76.37,76.37,271096
2025-01-12,000333.SZ,75.61,76.02,73.93,74.3,255846
2025-01-13,000333.SZ,74.3,75.35,73.43,74.62,288584
2025-01-14,000333.SZ,74.64,75.77,73.6,73.82,256635
2025-01-15,000333.SZ,73.99,75.45,73.9,74.09,262330
2025-01-16,000333.SZ,74.08,74.87,73.63,74.35,159288
2025-01-19,000333.SZ,75.1,76.74,74.88,74.89,296993
2025-01-20,000333.SZ,75.26,75.29,74.22,74.4,162863
2025-01-21,000333.SZ,74.38,74.38,72.28,73,322180
2025-01-22,000333.SZ,73.4,73.92,72.4,73.41,270087
2025-01-23,000333.SZ,73.01,73.64,72.55,72.82,304861
2025-01-26,000333.SZ,72.86,74.3,72.62,73.88,280115
2025-02-04,000333.SZ,73.4,73.69,71.68,72.21,363511
2025-02-05,000333.SZ,72.18,72.56,71.43,72.27,285675
2025-02-06,000333.SZ,72.4,73.44,71.67,73.44,355350
2025-02-09,000333.SZ,73.32,73.33,72.5,73.01,318650
2025-02-10,000333.SZ,73.44,73.86,72.61,73.7,300440
2025-02-11,000333.SZ,73.46,73.59,72.68,73.28,228073
2025-02-12,000333.SZ,73,73.39,72.13,72.14,410664
2025-02-13,000333.SZ,72.12,72.69,71.9,72.49,234351
2025-02-16,000333.SZ,72.25,72.47,71.25,72.04,402358
2025-02-17,000333.SZ,71.99,72.65,71.53,71.9,293465
2025-02-18,000333.SZ,71.3,71.97,71,71.45,337150
2025-02-19,000333.SZ,71.41,71.71,71.06,71.23,314202
2025-02-20,000333.SZ,71.02,71.23,70.2,70.59,553390
2025-02-23,000333.SZ,70.65,71.5,70.28,70.89,469377
2025-02-24,000333.SZ,70.5,70.67,68.98,69.03,565999
2025-02-25,000333.SZ,68.71,70.16,68.7,70.12,404124
2025-02-26,000333.SZ,71,72.71,70.63,72.48,652482
2025-02-27,000333.SZ,72.75,73.5,72.1,73.05,506479
2025-03-02,000333.SZ,72.7,72.99,70.85,71,405918
2025-03-03,000333.SZ,71.28,72.47,71.28,71.97,300420
2025-03-04,000333.SZ,71.9,72.15,71.2,71.75,286186
2025-03-05,000333.SZ,71.91,71.97,70.42,71.14,402399
2025-03-06,000333.SZ,71.12,71.24,70.26,70.79,314827
2025-03-09,000333.SZ,70.81,71.26,70.51,71.07,273440
2025-03-10,000333.SZ,70.5,71.44,70.3,70.93,252825
2025-03-11,000333.SZ,70.98,70.98,70.1,70.1,301301
2025-03-12,000333.SZ,70.01,70.65,69.81,70.01,252622
2025-03-13,000333.SZ,70.03,72.1,69.82,71.87,425450
2025-03-16,000333.SZ,72.52,72.52,71.6,71.88,347333
2025-03-17,000333.SZ,72,76.1,71.61,74.98,779314
2025-03-18,000333.SZ,77.23,77.94,75.03,76.51,1066261
2025-03-19,000333.SZ,76.4,76.85,75.1,75.17,585693
2025-03-20,000333.SZ,74.77,76.43,74.77,75.28,384528
2025-03-23,000333.SZ,74.88,76.5,74.82,76.06,387348
2025-03-24,000333.SZ,76.81,77.5,76.37,76.86,324186
2025-03-25,000333.SZ,76.47,77.4,75.87,76.79,237069
2025-03-26,000333.SZ,76.79,77.5,76.32,76.5,257215
2025-03-27,000333.SZ,76.21,77.18,75.68,76.87,249114
2025-03-30,000333.SZ,76.9,80.5,76.9,78.5,689684
2025-03-31,000333.SZ,78.1,78.78,75.2,75.39,551817
2025-04-01,000333.SZ,75.35,76.79,75.19,75.96,268536
2025-04-02,000333.SZ,74.6,74.83,73.15,73.36,565989
2025-04-06,000333.SZ,68.22,69.47,66.02,67.18,880897
2025-04-07,000333.SZ,68,70.5,67.79,70.23,744733
2025-04-08,000333.SZ,69.19,70.5,68.42,69.67,578840
2025-04-09,000333.SZ,70.6,71.59,70.13,71.09,450849
2025-04-10,000333.SZ,70.52,70.74,69.63,70.49,295626
2025-04-13,000333.SZ,70.72,70.9,69.71,69.92,348835
2025-04-14,000333.SZ,70.1,71.83,69.69,71.48,343667
2025-04-15,000333.SZ,71.19,71.48,70.37,71,266729
2025-04-16,000333.SZ,70.74,71.17,70.34,70.95,195913
2025-04-17,000333.SZ,70.95,71.33,70.47,70.92,154484
2025-04-20,000333.SZ,70.78,71.61,70.5,71.39,177514
2025-04-21,000333.SZ,71.3,72.23,71.21,71.72,226155
2025-04-22,000333.SZ,72.1,72.42,71.8,71.85,225869
2025-04-23,000333.SZ,72.4,73.19,71.96,72.95,231808
2025-04-24,000333.SZ,72.95,73,72.38,72.75,170972
2025-04-27,000333.SZ,73.39,73.58,72.8,73.23,239660
2025-04-28,000333.SZ,73.26,74.37,72.86,74.2,234974
2025-04-29,000333.SZ,75,75.12,73.45,73.62,478100
2025-05-05,000333.SZ,74.23,74.38,73.1,74.05,346412
2025-05-06,000333.SZ,74.77,75.18,74,74.36,300281
2025-05-07,000333.SZ,74.35,75.64,73.88,75,277076
2025-05-08,000333.SZ,74.99,76.03,74.71,75.8,245639
2025-05-11,000333.SZ,76.1,76.74,75.9,76.58,272239
2025-05-12,000333.SZ,77,77.2,76.44,77.11,255278
2025-05-13,000333.SZ,76.9,77.55,76.13,77.09,292496
2025-05-14,000333.SZ,76.66,77.07,76.32,76.5,204902
2025-05-15,000333.SZ,76.21,76.84,75.57,76.6,238660
2025-05-18,000333.SZ,76.44,77.72,76.29,77.58,263086
2025-05-19,000333.SZ,77.53,79.1,77.48,78.67,277995
2025-05-20,000333.SZ,78.5,79.44,78.47,78.8,205438
2025-05-21,000333.SZ,78.73,79.56,78.31,79.36,234034
2025-05-22,000333.SZ,79.36,80.48,78.72,78.89,299746
2025-05-25,000333.SZ,78.72,79.19,77.61,78.27,241689
2025-05-26,000333.SZ,78.2,78.89,78.02,78.48,206449
2025-05-27,000333.SZ,78.98,80.1,78.7,79.32,240449
2025-05-28,000333.SZ,79.07,79.49,78.36,78.98,251677
2025-05-29,000333.SZ,78.74,79.51,78.3,79.06,215733
2025-06-02,000333.SZ,79.05,79.05,75.67,75.91,561908
2025-06-03,000333.SZ,75.78,76.58,75.5,75.56,367554
2025-06-04,000333.SZ,75.44,75.9,75.05,75.25,235803
2025-06-05,000333.SZ,75.37,75.83,75.1,75.7,275559
2025-06-08,000333.SZ,75.25,75.58,74.07,75.4,466956
2025-06-09,000333.SZ,75.63,76.5,75.05,75.05,321074
2025-06-10,000333.SZ,75.2,75.8,74.83,75.49,263083
2025-06-11,000333.SZ,72.51,72.68,71.53,72.2,347029
2025-06-12,000333.SZ,71.6,72.16,71,71.48,300452
2025-06-15,000333.SZ,71.6,71.8,70.85,71.26,250205
2025-06-16,000333.SZ,71.8,73.08,71.8,72.06,326395
2025-06-17,000333.SZ,72.19,72.64,72.02,72.1,175288
2025-06-18,000333.SZ,72.2,72.41,71.13,71.33,211253
2025-06-19,000333.SZ,71.35,72.38,71.26,72.38,229864
2025-06-22,000333.SZ,72,72.33,71.46,71.72,210545
2025-06-23,000333.SZ,72.1,73.34,72,72.8,270501
2025-06-24,000333.SZ,72.8,73.33,72.3,73.18,243275
2025-06-25,000333.SZ,73,73.59,72.75,73.1,226726
2025-06-26,000333.SZ,73.06,73.19,72.22,72.28,223640
2025-06-29,000333.SZ,72.25,72.58,71.98,72.2,193023
2025-06-30,000333.SZ,72.28,72.35,71.8,72.11,186252
2025-07-01,000333.SZ,72.11,73.1,71.81,72.5,266155
2025-07-02,000333.SZ,72.79,72.95,72.34,72.89,179369
2025-07-03,000333.SZ,72.88,73.84,72.6,73.48,211462
2025-07-06,000333.SZ,73.2,73.45,72.33,72.55,215453
2025-07-07,000333.SZ,72.55,72.7,72.07,72.22,256867
2025-07-08,000333.SZ,72.07,72.35,71.8,71.8,272053
2025-07-09,000333.SZ,71.84,71.97,71.33,71.68,231514
2025-07-10,000333.SZ,71.74,72.8,71.69,72.48,320554
2025-07-13,000333.SZ,72.47,73.21,71.98,73.1,233739
2025-07-14,000333.SZ,73.11,73.5,72.81,73.21,249010
2025-07-15,000333.SZ,73.47,74.09,72.8,72.89,206888
2025-07-16,000333.SZ,72.75,73.43,72.6,72.63,247300
2025-07-17,000333.SZ,72.87,73.28,72.52,72.83,219512
2025-07-20,000333.SZ,72.61,72.96,72.4,72.55,308971
2025-07-21,000333.SZ,72.58,73.22,72.26,73.19,357204
2025-07-22,000333.SZ,73.2,73.85,73.18,73.5,369872
2025-07-23,000333.SZ,73.7,73.95,73.09,73.51,290699
2025-07-24,000333.SZ,73.4,73.4,72.55,72.76,244562
2025-07-27,000333.SZ,72.82,72.92,71.8,71.94,377736
2025-07-28,000333.SZ,71.94,72.07,71.02,71.24,398369
2025-07-29,000333.SZ,71.49,72.74,71.2,72.11,411325
2025-07-30,000333.SZ,72,72.02,69.88,70.19,694777
2025-07-31,000333.SZ,70.2,70.97,70.1,70.79,286447
2025-08-03,000333.SZ,70.55,71,70.2,70.94,197766
2025-08-04,000333.SZ,71.11,71.51,70.68,71.38,191748
2025-08-05,000333.SZ,71.38,71.78,70.99,71.7,221358
2025-08-06,000333.SZ,71.51,71.93,71.21,71.48,203616
2025-08-07,000333.SZ,71.4,71.83,71.29,71.58,201184
2025-08-10,000333.SZ,71.3,71.82,71.19,71.76,179124
2025-08-11,000333.SZ,71.75,72.44,71.6,71.93,240476
2025-08-12,000333.SZ,71.98,72.29,71.6,71.82,253847
2025-08-13,000333.SZ,71.8,73.05,71.72,72.33,455149
2025-08-14,000333.SZ,72.33,72.4,71.81,72.3,274700
2025-08-17,000333.SZ,72.31,72.56,71.61,71.84,542998
2025-08-18,000333.SZ,73.2,73.63,72.2,72.68,537603
2025-08-19,000333.SZ,72.21,72.32,71.51,72.22,403770
2025-08-20,000333.SZ,72.09,72.5,71.66,71.92,338014
2025-08-21,000333.SZ,71.97,72.19,71.65,72.09,391389
2025-08-24,000333.SZ,72.12,73.85,72.12,73.52,700234
2025-08-25,000333.SZ,73.52,74.28,73.31,73.8,462938
2025-08-26,000333.SZ,73.89,74.55,72.69,72.71,488419
2025-08-27,000333.SZ,72.71,73.97,72.51,73.5,432987
2025-08-28,000333.SZ,73.5,74.84,73.39,73.71,567669
2025-08-31,000333.SZ,75,75.84,73.52,74.03,776259
2025-09-01,000333.SZ,74.21,76.4,73.99,76.16,805909
2025-09-02,000333.SZ,76.55,77.14,74.95,75.62,504881
2025-09-03,000333.SZ,75.98,76,74.42,75.59,443539
2025-09-04,000333.SZ,75.81,76.69,75.44,76.22,464252
2025-09-07,000333.SZ,76.67,78.08,76.5,77.03,550294
2025-09-08,000333.SZ,77.02,77.6,76.35,77.18,383150
2025-09-09,000333.SZ,77,77.27,76.4,77.02,271542
2025-09-10,000333.SZ,76.9,77.27,75.9,77.02,459605
2025-09-11,000333.SZ,76.95,77.69,75.41,75.57,591171
2025-09-14,000333.SZ,75.2,75.95,74.5,75.17,480680
2025-09-15,000333.SZ,75.13,75.2,74.05,74.46,456028
2025-09-16,000333.SZ,74.41,75.43,74.17,74.35,577227
2025-09-17,000333.SZ,74.6,75.35,73.19,73.74,600840
2025-09-18,000333.SZ,73.41,74.59,73.21,74.35,388478
2025-09-21,000333.SZ,74.81,74.9,72.9,73.26,479740
2025-09-22,000333.SZ,73.25,73.65,72.72,73.53,421477
2025-09-23,000333.SZ,73.51,74.35,72.95,74.1,306285
2025-09-24,000333.SZ,73.3,73.75,72.55,72.84,478607
2025-09-25,000333.SZ,73.04,74.7,72.89,74.2,476983
2025-09-28,000333.SZ,74.43,74.55,73.05,73.73,465939
2025-09-29,000333.SZ,73.7,73.71,72.55,72.66,506108
2025-10-08,000333.SZ,72.35,72.97,71.38,72.63,615939
2025-10-09,000333.SZ,72.45,73.73,72.1,72.83,433305
2025-10-12,000333.SZ,71.38,72.11,71.02,71.81,481605
2025-10-13,000333.SZ,72,73.15,71.69,72.6,519095
2025-10-14,000333.SZ,72.8,73.49,72.6,72.92,376333
2025-10-15,000333.SZ,73.2,73.69,72.52,73.18,346780
2025-10-16,000333.SZ,72.7,73.59,72.64,72.8,276491
2025-10-19,000333.SZ,73.09,73.4,72.39,72.87,297557
2025-10-20,000333.SZ,72.9,73.26,72.58,72.91,283947
2025-10-21,000333.SZ,72.8,73.99,72.61,73.88,393298
2025-10-22,000333.SZ,73.8,74.95,73.68,74.89,347633
2025-10-23,000333.SZ,74.89,75,74.46,74.61,244838
2025-10-26,000333.SZ,74.74,75.35,74.37,74.88,340553
2025-10-27,000333.SZ,74.61,74.92,74.13,74.41,233658
2025-10-28,000333.SZ,74.25,74.42,73.5,74.4,273587
2025-10-29,000333.SZ,74.5,76.1,74.5,75.3,499653
2025-10-30,000333.SZ,75.2,76.83,75.1,76.4,509742
2025-11-02,000333.SZ,76.39,76.95,75.18,75.39,281970
2025-11-03,000333.SZ,75.12,75.79,74.9,75.16,302606
2025-11-04,000333.SZ,75,76.39,74.3,75.94,266151
2025-11-05,000333.SZ,75.94,77.43,75.94,77.03,355111
2025-11-06,000333.SZ,77.27,77.27,76.11,76.2,264420
2025-11-09,000333.SZ,76.26,77.55,75.95,77.33,391008
2025-11-10,000333.SZ,77.33,77.39,76.68,77.23,227708
2025-11-11,000333.SZ,77.23,80.55,77.23,79.49,737847
2025-11-12,000333.SZ,79.2,80,78.69,79.6,333370
2025-11-13,000333.SZ,79.5,80.42,79.05,79.23,273127
2025-11-16,000333.SZ,79.23,79.39,77.91,78.42,261095
2025-11-17,000333.SZ,78.29,78.66,77,77.4,235904
2025-11-18,000333.SZ,77.38,78.09,77.02,77.4,214415
2025-11-19,000333.SZ,77.5,78.88,77.03,77.94,261929
2025-11-20,000333.SZ,77.1,79.29,77.1,78.75,439495
2025-11-23,000333.SZ,78.6,79.48,78.25,78.56,367739
2025-11-24,000333.SZ,78.99,79,77.61,78.7,291012
2025-11-25,000333.SZ,78.69,80,78.41,79.8,320728
2025-11-26,000333.SZ,79.6,80.73,78.95,79.8,316461
2025-11-27,000333.SZ,79.8,80.07,79.33,79.86,181267
2025-11-30,000333.SZ,79.8,80.2,79.17,80,303520
2025-12-01,000333.SZ,80.1,81.66,80.01,81.56,378049
2025-12-02,000333.SZ,81.55,82.88,81.26,82.17,368660
2025-12-03,000333.SZ,82.13,83.17,81.77,81.89,289180
2025-12-04,000333.SZ,81.89,82.59,81.7,82.23,246165
2025-12-07,000333.SZ,83,83.1,81.04,81.81,273365
2025-12-08,000333.SZ,81.5,81.56,79.94,80.2,356479
2025-12-09,000333.SZ,79.98,80.62,79.7,80.07,245720
2025-12-10,000333.SZ,80.12,80.56,79.18,79.3,272945
2025-12-11,000333.SZ,79.35,79.98,79.2,79.32,328959
2025-12-14,000333.SZ,79.69,81.1,79.45,80.41,365547
2025-12-15,000333.SZ,80.25,80.85,79.84,79.96,214231
2025-12-16,000333.SZ,79.71,80.92,79.38,80.47,230282
2025-12-17,000333.SZ,80.27,80.61,79.51,79.83,214098
2025-12-18,000333.SZ,79.85,79.9,78.8,79.45,278018
2025-12-21,000333.SZ,79.3,79.79,78.9,79.16,245037
2025-12-22,000333.SZ,79.38,80.31,79.02,79.65,254680
2025-12-23,000333.SZ,79.43,79.94,78.76,78.8,217047
2025-12-24,000333.SZ,78.52,78.88,78.18,78.59,226758
2025-12-25,000333.SZ,78.59,79.07,78.55,78.87,214107
2025-12-28,000333.SZ,78.79,79.72,78.25,78.41,256974
2025-12-29,000333.SZ,78.16,79.38,78.12,78.85,213622
2025-12-30,000333.SZ,78.87,80.28,77.85,78.15,287758
2026-01-04,000333.SZ,80.04,80.5,78.25,78.68,442947
2026-01-05,000333.SZ,78.58,79.49,77.39,78.84,454525
2026-01-06,000333.SZ,78.99,79.58,78.06,79.37,401968
2026-01-07,000333.SZ,79.37,79.48,78.31,79.03,312537
2026-01-08,000333.SZ,79.6,79.95,79.3,79.77,341081
2026-01-11,000333.SZ,79.78,79.79,77.81,78.62,525014
2026-01-12,000333.SZ,77.9,78,76.1,76.2,945712
2026-01-13,000333.SZ,76.2,77.63,75.91,77.15,539684
2026-01-14,000333.SZ,77.46,78.05,76.89,77.22,360314
2026-01-15,000333.SZ,77.25,77.85,77.15,77.31,371869
2026-01-18,000333.SZ,77.37,78.14,77.05,77.62,336374
2026-01-19,000333.SZ,77.66,79.37,77.2,79,455358
2026-01-20,000333.SZ,78.96,78.96,77.55,77.78,368086
2026-01-21,000333.SZ,78.25,78.26,77.37,77.49,344041
2026-01-22,000333.SZ,77.57,77.79,76.71,76.78,373707
2026-01-25,000333.SZ,76.8,77.87,76.02,76.35,473132
2026-01-26,000333.SZ,76.4,77.1,75.92,76.1,325807
2026-01-27,000333.SZ,76.09,76.36,75,75.34,628937
2026-01-28,000333.SZ,75.7,78.08,75.47,77.88,622441
2026-01-29,000333.SZ,77.6,79,77.4,77.59,532508
2026-02-01,000333.SZ,77.6,78.48,77,77.85,345916
2026-02-02,000333.SZ,77.8,78.89,77.43,77.91,345037
2026-02-03,000333.SZ,78.1,79.88,78.01,79.81,389103
2026-02-04,000333.SZ,79.83,81.16,79.63,80.45,429198
2026-02-05,000333.SZ,80.43,80.8,79.4,79.54,312566
2026-02-08,000333.SZ,79.18,79.34,78.41,79.16,334670
2026-02-09,000333.SZ,79.21,80.28,78.88,80.19,306184
2026-02-10,000333.SZ,80,80.21,79.6,79.69,198066
2026-02-11,000333.SZ,79.46,80.06,79.3,79.8,188784
2026-02-12,000333.SZ,79.51,80,78.91,79.05,255102
2026-02-23,000333.SZ,80.2,80.6,79.52,79.52,252514
2026-02-24,000333.SZ,80.28,80.77,79.29,79.7,285524
2026-02-25,000333.SZ,80.15,80.2,78.75,79.25,253271
2026-02-26,000333.SZ,79.03,79.5,78.5,78.64,201604
2026-03-01,000333.SZ,78,78.06,76.7,77.45,274786
2026-03-02,000333.SZ,77.46,77.64,76.5,76.56,288000
2026-03-03,000333.SZ,76,76.52,75.37,76.16,284934
2026-03-04,000333.SZ,76.6,76.99,76.12,76.27,196872
2026-03-05,000333.SZ,76.22,76.72,75.76,76.52,206629
2026-03-08,000333.SZ,75.73,76.1,75.02,75.41,259478
2026-03-09,000333.SZ,75.75,76.84,75.75,76.6,209086
2026-03-10,000333.SZ,76.6,77.72,76.1,77.39,251358
2026-03-11,000333.SZ,77.3,77.75,76.93,77.4,193305
2026-03-12,000333.SZ,76.95,77.46,76.65,76.86,187293
2026-03-15,000333.SZ,76.52,76.88,75.68,76.64,205600
2026-03-16,000333.SZ,76.98,77.6,76.6,76.6,214075
2026-03-17,000333.SZ,76.74,77.3,76.3,77.06,200716
2026-03-18,000333.SZ,76.43,76.98,75.93,76,232729
2026-03-19,000333.SZ,75.92,76.15,75.12,75.12,219126
2026-03-22,000333.SZ,73.95,73.97,72.35,73.37,462008
2026-03-23,000333.SZ,73.73,74.42,72.8,74.23,267147
2026-03-24,000333.SZ,74.5,74.97,73.95,74.8,184964
2026-03-25,000333.SZ,74.89,75.54,74.18,74.32,177085
2026-03-26,000333.SZ,72.9,74.95,72.8,74.78,319125
2026-03-29,000333.SZ,73.35,74,71.77,72.1,456227
2026-03-30,000333.SZ,75.05,77.32,74.31,76.35,694915
2026-03-31,000333.SZ,76.5,77.4,76.34,76.84,273616
2026-04-01,000333.SZ,76.85,77.84,76.58,77.37,326318
2026-04-02,000333.SZ,77.3,77.35,76.2,76.35,172773
2026-04-06,000333.SZ,76.35,76.7,75.62,76.12,163826
2026-04-07,000333.SZ,76.95,77.25,76.35,76.73,286804
2026-04-08,000333.SZ,76.4,77.02,75.9,76.52,235024
2026-04-09,000333.SZ,76.52,76.74,76.06,76.41,258373
2026-04-12,000333.SZ,76.03,76.47,75.58,75.78,182375
2026-04-13,000333.SZ,76.06,76.55,75.5,76.55,195782
2026-04-14,000333.SZ,76.55,77.88,76.2,77.49,318451
2026-04-15,000333.SZ,77.77,78.44,77.4,77.9,238078
2026-04-16,000333.SZ,78.18,79.25,77.84,78.65,277352
2026-04-19,000333.SZ,78.4,79.9,78.05,79.58,276700
2026-04-20,000333.SZ,79.75,80.08,79.2,79.5,238793
2026-04-21,000333.SZ,79.5,79.63,78.87,79.3,202782
2026-04-22,000333.SZ,79.29,80.15,78.73,79.85,299432
2026-04-23,000333.SZ,79.56,80.2,79.46,79.66,217880
2026-04-26,000333.SZ,79.24,80.15,79.01,79.5,258512
2026-04-27,000333.SZ,79.45,80.8,79.18,80.45,304729
2026-04-28,000333.SZ,80.55,81.94,80.45,81.31,331108
2026-04-29,000333.SZ,81,82.15,80.61,81.1,354433
2026-05-05,000333.SZ,79.7,80.88,79.15,80.44,360419
2026-05-06,000333.SZ,80,80.98,79.77,79.81,372176
2026-05-07,000333.SZ,79.65,81.09,79.32,80.4,282423
2026-05-10,000333.SZ,80.14,82.45,79.58,80.67,436444
2026-05-11,000333.SZ,80.66,81.17,79.73,80.09,357756
2026-05-12,000333.SZ,79.96,80.95,79.63,80.38,328497
2026-05-13,000333.SZ,80.39,82.08,80.39,81.81,389267
2026-05-14,000333.SZ,81.45,83.3,80.75,82.57,426609
2026-05-17,000333.SZ,82.68,83.44,82.08,82.83,377354
2026-05-18,000333.SZ,82.83,82.84,80.5,81,335818
2026-05-19,000333.SZ,80.72,82.16,80.08,81.5,301597
2026-05-20,000333.SZ,82.15,83.15,81.5,81.5,311813
2026-05-21,000333.SZ,81.67,82,79.89,80.28,309848
2026-05-24,000333.SZ,80,80.14,78.79,79.81,231275
2026-05-25,000333.SZ,79.8,80.7,79.43,79.55,244953
2026-05-26,000333.SZ,79.53,80.28,78.87,80.03,255888
2026-05-27,000333.SZ,79.6,79.78,78.61,78.95,241998
2026-05-28,000333.SZ,78.92,81.26,78.5,80.85,429729
2026-05-31,000333.SZ,80.32,82,80.29,81.7,376711
2026-06-01,000333.SZ,81.26,82.79,81.22,82.6,263177
2026-06-02,000333.SZ,82.3,82.7,81.56,82.61,230326
2026-06-03,000333.SZ,82.05,83.48,81.8,82.42,243658
2026-06-04,000333.SZ,82.3,83.3,81.6,81.69,209494
2026-06-07,000333.SZ,81.39,83.75,80.88,82.85,367031
2026-06-08,000333.SZ,82.5,82.99,81.75,82.36,220992
2026-06-09,000333.SZ,82.5,84.88,81.47,83.9,386973
2026-06-10,000333.SZ,83.66,85.9,83.4,85.35,521437
2026-06-11,000333.SZ,84.5,84.66,82.55,83.23,429353
2026-06-14,000333.SZ,82.95,82.98,80.5,80.93,432926
2026-06-15,000333.SZ,80.97,80.99,78.56,78.96,415239
2026-06-16,000333.SZ,78.97,79.85,78.54,79.22,334472
2026-06-17,000333.SZ,79.23,79.49,77.8,78,363668
2026-06-21,000333.SZ,77.33,79.15,76.9,78.28,306710
2026-06-22,000333.SZ,78.17,79.62,77.82,78.07,360891
2026-06-23,000333.SZ,78.5,78.7,76,76.63,384878
2026-06-24,000333.SZ,76.64,78.37,76.2,76.5,411490
2026-06-25,000333.SZ,76.88,78.94,76.61,78.55,449534
2026-06-28,000333.SZ,75.79,77.99,75.14,77.27,743258
2026-06-29,000333.SZ,76.52,78.66,75.31,75.53,577509
2026-06-30,000333.SZ,76.01,77.6,73.62,77.4,502242
2026-07-01,000333.SZ,77.61,79.26,76.98,77.01,561468
2026-07-02,000333.SZ,77.5,79.9,77.31,77.96,557803
2026-07-05,000333.SZ,78.6,80.15,78,80,503837
2026-07-06,000333.SZ,79.43,80.35,78.65,79.12,340654
2026-07-07,000333.SZ,78.75,79.96,78.33,79.41,315459
2026-07-08,000333.SZ,79,79.59,78,79.33,301215
2026-07-09,000333.SZ,79.14,79.3,77.86,78.99,279619
2026-07-12,000333.SZ,78.5,80.67,78.42,80.4,470416
2026-07-13,000333.SZ,80.43,82,79.91,81.18,457503
2026-07-14,000333.SZ,81.17,82.76,80.58,82.67,332211
2026-07-15,000333.SZ,82.15,83.45,81.8,81.8,362382
2026-07-16,000333.SZ,82.31,83.45,81.34,82.71,462795
2026-07-19,000333.SZ,81.23,84.5,81.11,84.3,547048
2026-07-20,000333.SZ,84.15,85.75,83.61,84.27,459099
2026-07-21,000333.SZ,84.04,84.8,83.51,84.8,326917
2026-07-22,000333.SZ,84.67,85.18,84.27,84.77,191238
2026-07-23,000333.SZ,84.75,85.2,84.11,84.5,237911
2026-07-26,000333.SZ,84.03,84.55,83.2,84.13,228192
2026-07-27,000333.SZ,84.12,85.92,84.01,85.37,336711
2026-07-28,000333.SZ,85.35,87.5,85.1,87.01,478144
2026-07-29,000333.SZ,87.01,89.5,86.5,88.95,461498
2026-07-30,000333.SZ,87.01,87.79,84.51,87.6,475045
2026-08-02,000333.SZ,87.39,87.97,85.65,85.9,336693
2026-08-03,000333.SZ,85.99,86.2,84.66,85.14,381121
2026-08-04,000333.SZ,85,85.6,84.28,85.47,291297
2026-08-05,000333.SZ,85.5,86,84.8,85.32,208696
2026-08-06,000333.SZ,85.26,85.33,82.97,83.5,400168
2026-08-09,000333.SZ,83.5,86.07,83.12,85.3,311419
2026-08-10,000333.SZ,85.26,86.12,85.03,85.62,195092
2026-08-11,000333.SZ,85.18,85.37,84.16,84.34,219285
2026-08-12,000333.SZ,84.19,84.57,83.8,84.19,199750
2026-08-13,000333.SZ,83.77,84.3,83,83.03,223924
2026-08-16,000333.SZ,83.15,83.28,82.39,82.61,188452
2026-08-17,000333.SZ,82.8,83.89,82.39,83.58,227070
2026-08-18,000333.SZ,83.51,84.78,83.38,84.72,334067
2026-08-19,000333.SZ,84.78,85.53,83.95,85.38,263355
2026-08-20,000333.SZ,85.38,85.99,84.25,84.3,180211
2026-08-23,000333.SZ,84.11,86.35,84.05,85.99,276683
2026-08-24,000333.SZ,86.2,87.4,86.03,86.69,253055
2026-08-25,000333.SZ,86.03,87.26,86.02,86.39,166377
2026-08-26,000333.SZ,86,86.56,85.4,86.18,219219
2026-08-27,000333.SZ,86.5,86.98,85.42,86.23,169362
2026-08-30,000333.SZ,86.6,87.98,86.12,87.73,267918
2026-08-31,000333.SZ,87.9,88.41,87,87.49,184260
2026-09-01,000333.SZ,87.37,87.89,86.68,86.98,123201
2026-09-02,000333.SZ,87.25,88.5,86.56,87.25,148596
2026-09-03,000333.SZ,87,88.28,86.02,87.57,179524
2026-09-06,000333.SZ,87.54,87.7,85.96,86.27,228905
2026-09-07,000333.SZ,85.88,86.38,84.68,85.15,229435
2026-09-08,000333.SZ,85,86.04,84.44,86.02,179786
2026-09-09,000333.SZ,85.99,86.6,85.4,86.2,204987
2026-09-10,000333.SZ,86.2,86.9,85.95,86.26,222863
2026-09-13,000333.SZ,86.29,87.4,86.26,86.8,180951
2026-09-14,000333.SZ,86.7,88.1,86.44,87.23,196776
2026-09-15,000333.SZ,87,87.41,84.51,85,298455
2026-09-16,000333.SZ,85.25,85.28,84.16,85.04,180134
2026-09-17,000333.SZ,84.9,85.04,83.88,84.4,260873
2026-09-20,000333.SZ,84.08,84.18,80.68,80.9,616908
2026-09-21,000333.SZ,80.71,82.62,80.24,82.54,375197
2026-09-22,000333.SZ,82.51,82.84,82.05,82.47,170237
2026-09-23,000333.SZ,82.18,83.05,82.05,82.65,143155
2026-09-27,000333.SZ,82.18,82.97,81.27,82,256573
2026-09-28,000333.SZ,81.66,82.44,81.2,81.66,227067
2026-09-29,000333.SZ,81.66,81.8,79.31,80.1,401712
2022-08-16,002475.SZ,36.86,39.1,36.04,38.42,1038908
2022-08-17,002475.SZ,38.1,38.9,37.74,38.23,632259
2022-08-18,002475.SZ,38.22,38.8,37.33,37.4,486645
2022-08-21,002475.SZ,37.2,39.95,36.95,38.38,945840
2022-08-22,002475.SZ,38.38,38.87,37.8,38.37,583536
2022-08-23,002475.SZ,38.09,38.29,36.49,36.65,651393
2022-08-24,002475.SZ,37.06,38,36.59,37.7,615124
2022-08-25,002475.SZ,39.88,40.2,38.48,38.7,1473256
2022-08-28,002475.SZ,38.05,39.61,37.82,38.63,641453
2022-08-29,002475.SZ,38.65,38.66,37,37.83,546988
2022-08-30,002475.SZ,37.5,38.08,36.9,37.52,531052
2022-08-31,002475.SZ,37.4,37.86,35.9,35.9,572005
2022-09-01,002475.SZ,36.19,38.55,35.94,37.9,659449
2022-09-04,002475.SZ,37.78,38.28,36.77,37.95,428988
2022-09-05,002475.SZ,37.83,37.99,36.51,36.85,665667
2022-09-06,002475.SZ,36.76,36.97,36.1,36.34,751996
2022-09-07,002475.SZ,36.6,37.09,35.76,36.28,550720
2022-09-08,002475.SZ,36.18,36.5,35.29,36.24,444468
2022-09-12,002475.SZ,37.1,38.2,36.71,36.77,754753
2022-09-13,002475.SZ,35.95,36.18,35.4,35.46,522276
2022-09-14,002475.SZ,35.5,35.65,34.28,34.91,458015
2022-09-15,002475.SZ,34.5,35.12,34.01,34.18,430673
2022-09-18,002475.SZ,33.8,33.99,32.68,33.82,696581
2022-09-19,002475.SZ,34.2,34.42,32.5,33.5,551697
2022-09-20,002475.SZ,33.17,33.62,32.5,32.8,601709
2022-09-21,002475.SZ,32.43,32.79,32.03,32.17,530831
2022-09-22,002475.SZ,32.24,32.66,31.53,31.89,458586
2022-09-25,002475.SZ,31.55,32.38,31.5,31.68,396170
2022-09-26,002475.SZ,31.68,31.92,31.09,31.9,500850
2022-09-27,002475.SZ,31.5,31.64,30.52,30.56,588677
2022-09-28,002475.SZ,31.1,31.13,30.05,30.32,491531
2022-09-29,002475.SZ,29.9,30.22,29.12,29.4,657095
2022-10-09,002475.SZ,29.4,29.5,27.95,28,616025
2022-10-10,002475.SZ,28,28.2,27.4,27.75,492267
2022-10-11,002475.SZ,27.8,28.64,27.5,28.62,575227
2022-10-12,002475.SZ,28.37,29.08,28.24,28.53,614416
2022-10-13,002475.SZ,28.9,29.84,28.63,29.59,684468
2022-10-16,002475.SZ,29.12,30.62,29.06,30.5,504533
2022-10-17,002475.SZ,30.8,31.13,29.73,29.77,477149
2022-10-18,002475.SZ,29.47,29.81,29,29.19,424175
2022-10-19,002475.SZ,29.16,29.67,28.48,29.1,526013
2022-10-20,002475.SZ,29.1,29.17,28.25,28.39,501614
2022-10-23,002475.SZ,28.39,28.95,27.21,27.6,670214
2022-10-24,002475.SZ,28,28.15,27.41,27.58,488427
2022-10-25,002475.SZ,27.7,28.45,27.32,28,489117
2022-10-26,002475.SZ,28.02,28.5,27.75,27.91,446974
2022-10-27,002475.SZ,27.41,27.79,26.49,26.63,637543
2022-10-30,002475.SZ,28.16,29.28,27.75,28.5,1298804
2022-10-31,002475.SZ,28.55,29.56,28.09,29.48,963118
2022-11-01,002475.SZ,30.48,31.1,30.2,30.5,1036972
2022-11-02,002475.SZ,29.94,30.95,29.8,30.5,698163
2022-11-03,002475.SZ,30.6,32.25,30.5,31.78,749412
2022-11-06,002475.SZ,33.01,33.12,31.9,32.39,686452
2022-11-07,002475.SZ,32.22,32.77,31.6,32.01,590108
2022-11-08,002475.SZ,33.49,33.49,31.8,32.08,1101968
2022-11-09,002475.SZ,31.5,31.5,29.57,30.43,1336793
2022-11-10,002475.SZ,31.5,31.79,31.12,31.43,867437
2022-11-13,002475.SZ,31.71,32.4,31.57,31.74,628989
2022-11-14,002475.SZ,31.6,34.45,31.5,34.17,1139336
2022-11-15,002475.SZ,34,34.06,33.18,33.58,603505
2022-11-16,002475.SZ,33.5,33.5,32.32,33.25,489461
2022-11-17,002475.SZ,33.39,33.39,32.5,32.62,590866
2022-11-20,002475.SZ,32.22,32.78,31.85,32.67,388125
2022-11-21,002475.SZ,32.54,33.05,32.21,32.57,318961
2022-11-22,002475.SZ,32.32,32.64,31.72,32.13,332195
2022-11-23,002475.SZ,32.45,32.8,31.52,31.67,360965
2022-11-24,002475.SZ,31.67,32.35,31.39,31.39,451779
2022-11-27,002475.SZ,30.2,31.08,30,30.73,428322
2022-11-28,002475.SZ,30.97,31.42,30.7,31.35,440905
2022-11-29,002475.SZ,31.02,31.34,30.52,30.91,559430
2022-11-30,002475.SZ,31.5,32.09,30.88,31.05,658692
2022-12-01,002475.SZ,31.05,31.2,30.61,30.65,420408
2022-12-04,002475.SZ,30.37,30.79,29.8,30.16,997154
2022-12-05,002475.SZ,30.14,32.14,29.96,31.62,1102644
2022-12-06,002475.SZ,31.63,32.5,31.5,32.05,615270
2022-12-07,002475.SZ,32.05,32.25,31.51,31.64,369243
2022-12-08,002475.SZ,31.67,32,31.31,31.95,369961
2022-12-11,002475.SZ,31.67,33.06,31.41,32.8,688199
2022-12-12,002475.SZ,32.6,32.72,31.7,31.76,394366
2022-12-13,002475.SZ,31.95,32.15,31.5,31.53,318028
2022-12-14,002475.SZ,31.54,32.6,31.48,31.77,320514
2022-12-15,002475.SZ,31.52,31.76,30.93,31.71,333921
2022-12-18,002475.SZ,31.49,31.98,30.85,30.92,286062
2022-12-19,002475.SZ,30.88,31.25,30.29,30.41,446414
2022-12-20,002475.SZ,30.52,31.11,30.4,30.52,273906
2022-12-21,002475.SZ,30.82,32.1,30.41,31.62,638174
2022-12-22,002475.SZ,31.4,31.83,31.12,31.46,238791
2022-12-25,002475.SZ,31.46,32.79,31.41,31.89,369590
2022-12-26,002475.SZ,32.21,32.5,31.62,32.3,308028
2022-12-27,002475.SZ,32.06,32.55,31.84,31.86,319946
2022-12-28,002475.SZ,31.7,32.5,31.61,32.07,340996
2022-12-29,002475.SZ,32.32,32.43,31.72,31.75,291321
2023-01-02,002475.SZ,31.63,32.12,30.96,31.52,425836
2023-01-03,002475.SZ,31.2,31.22,28.37,28.37,1820306
2023-01-04,002475.SZ,29.06,29.42,28.37,29.4,1475814
2023-01-05,002475.SZ,28.75,29.19,28.37,28.85,911004
2023-01-08,002475.SZ,28.83,29.28,28.83,29.09,574215
2023-01-09,002475.SZ,29.15,29.91,28.71,29.65,611756
2023-01-10,002475.SZ,29.66,30.1,29.36,29.36,397905
2023-01-11,002475.SZ,29.49,29.71,29.13,29.46,293879
2023-01-12,002475.SZ,29.43,29.58,28.94,29.24,361666
2023-01-15,002475.SZ,29.06,30.18,29.03,29.78,705386
2023-01-16,002475.SZ,29.79,31.3,29.67,31.04,750353
2023-01-17,002475.SZ,30.99,31.16,30.72,30.8,337018
2023-01-18,002475.SZ,30.8,31.09,30.52,31,280394
2023-01-19,002475.SZ,31.07,31.43,30.9,31.09,305868
2023-01-29,002475.SZ,32.03,33.29,31.9,32.64,966296
2023-01-30,002475.SZ,32.66,32.98,32.21,32.48,357127
2023-01-31,002475.SZ,32.49,33.21,32.26,33.11,489896
2023-02-01,002475.SZ,33.13,33.48,32.61,32.63,395146
2023-02-02,002475.SZ,32.51,33.07,31.89,32.78,483323
2023-02-05,002475.SZ,32.28,32.56,31.65,31.92,569379
2023-02-06,002475.SZ,32.09,32.23,31.6,31.74,352354
2023-02-07,002475.SZ,31.81,32.15,31.45,31.61,336209
2023-02-08,002475.SZ,31.48,32.48,31.43,32.44,443298
2023-02-09,002475.SZ,32.3,32.55,31.98,32.13,300568
2023-02-12,002475.SZ,31.77,33.02,31.73,32.96,550977
2023-02-13,002475.SZ,32.96,33.1,32.69,32.98,326355
2023-02-14,002475.SZ,33.03,33.6,32.88,33.23,352092
2023-02-15,002475.SZ,33.21,34,32.77,33.03,568233
2023-02-16,002475.SZ,33.03,33.38,31.68,31.75,462611
2023-02-19,002475.SZ,31.6,31.75,30.33,31.3,722956
2023-02-20,002475.SZ,31.27,31.8,31.14,31.46,345133
2023-02-21,002475.SZ,31.11,31.2,30.36,30.76,502283
2023-02-22,002475.SZ,30.78,32.3,30.68,31.71,724184
2023-02-23,002475.SZ,31.78,31.78,30.85,31,436739
2023-02-26,002475.SZ,30.99,31.16,29.8,30,786452
2023-02-27,002475.SZ,29.98,30.5,29.75,29.94,459716
2023-02-28,002475.SZ,30.02,30.93,29.95,30.9,610366
2023-03-01,002475.SZ,30.8,30.95,30.46,30.51,318177
2023-03-02,002475.SZ,30.65,30.78,30,30.25,386984
2023-03-05,002475.SZ,30.25,30.32,29.8,30.01,350003
2023-03-06,002475.SZ,29.92,29.97,29.2,29.33,408459
2023-03-07,002475.SZ,29.11,29.25,28.95,29.13,347282
2023-03-08,002475.SZ,29.2,29.42,28.93,29.28,303626
2023-03-09,002475.SZ,29,29.2,28.75,28.8,346353
2023-03-12,002475.SZ,28.68,28.93,28.43,28.8,341557
2023-03-13,002475.SZ,28.8,28.84,27.8,28.33,564230
2023-03-14,002475.SZ,28.5,29.28,28.43,28.74,460083
2023-03-15,002475.SZ,28.45,28.65,27.68,27.72,529271
2023-03-16,002475.SZ,28.01,28.32,27.5,27.59,447194
2023-03-19,002475.SZ,27.6,28.29,27.2,27.9,659259
2023-03-20,002475.SZ,28,28.24,27.71,28.24,364743
2023-03-21,002475.SZ,28.25,28.96,28.11,28.86,497796
2023-03-22,002475.SZ,28.8,29.85,28.65,29.33,770091
2023-03-23,002475.SZ,29.88,31.51,29.83,31.3,1789399
2023-03-26,002475.SZ,31.3,31.9,30.5,31,1025544
2023-03-27,002475.SZ,30.89,30.98,29.63,29.77,818462
2023-03-28,002475.SZ,30.16,30.65,30,30.2,521265
2023-03-29,002475.SZ,30.74,30.99,29.85,30.45,482366
2023-03-30,002475.SZ,30,30.54,29.8,30.31,414670
2023-04-02,002475.SZ,30.31,30.72,30.19,30.58,516530
2023-04-03,002475.SZ,30.6,31.07,30.45,30.77,669319
2023-04-05,002475.SZ,30.4,31.95,30.27,31.3,836330
2023-04-06,002475.SZ,31.13,31.65,30.9,31.1,468841
2023-04-09,002475.SZ,31.1,31.96,30.51,30.73,620843
2023-04-10,002475.SZ,30.21,30.85,30.08,30.46,438224
2023-04-11,002475.SZ,31.06,32.1,31.06,32.02,1206194
2023-04-12,002475.SZ,31.76,31.97,30.43,30.53,754106
2023-04-13,002475.SZ,30.61,30.75,30.17,30.57,417883
2023-04-16,002475.SZ,30.4,30.4,29.48,29.69,728515
2023-04-17,002475.SZ,29.3,29.75,29.09,29.53,412440
2023-04-18,002475.SZ,29.5,29.57,28.72,28.87,550958
2023-04-19,002475.SZ,28.92,29.19,28.39,28.62,505491
2023-04-20,002475.SZ,28.89,29.25,27.62,27.72,757593
2023-04-23,002475.SZ,27.72,27.84,26.83,27,822201
2023-04-24,002475.SZ,26.9,27.05,25.76,26.02,820436
2023-04-25,002475.SZ,26.05,27.28,26.03,26.64,726717
2023-04-26,002475.SZ,26.37,26.38,25,25.15,1401279
2023-04-27,002475.SZ,26.2,26.74,25.78,26.1,1072721
2023-05-03,002475.SZ,26.05,26.07,25.49,25.62,589504
2023-05-04,002475.SZ,25.62,25.91,25.38,25.84,534810
2023-05-07,002475.SZ,26,26.04,25.46,25.6,506523
2023-05-08,002475.SZ,25.61,26.88,25.27,26.39,970378
2023-05-09,002475.SZ,26.15,26.65,25.9,26.6,652148
2023-05-10,002475.SZ,26.6,26.97,26.38,26.53,488514
2023-05-11,002475.SZ,26.39,26.53,26.15,26.38,380448
2023-05-14,002475.SZ,26.42,26.85,26.15,26.8,539800
2023-05-15,002475.SZ,27.38,27.5,26.66,26.86,641277
2023-05-16,002475.SZ,26.99,27.8,26.88,27.67,839291
2023-05-17,002475.SZ,27.66,28.14,27.41,27.5,681207
2023-05-18,002475.SZ,28.3,28.53,27.78,28.12,967382
2023-05-21,002475.SZ,28.1,28.43,27.64,27.85,503078
2023-05-22,002475.SZ,27.78,28.12,27.53,27.66,370066
2023-05-23,002475.SZ,27.44,28.18,27.32,27.84,442263
2023-05-24,002475.SZ,27.74,27.96,27.4,27.68,334230
2023-05-25,002475.SZ,27.63,27.67,27.07,27.45,345479
2023-05-28,002475.SZ,27.6,27.79,27.2,27.35,325512
2023-05-29,002475.SZ,27.26,27.66,26.85,27.65,469580
2023-05-30,002475.SZ,27.59,27.84,27.15,27.3,475608
2023-05-31,002475.SZ,27.31,28.88,27.27,28.5,1201978
2023-06-01,002475.SZ,28.99,29.22,28.38,28.79,949423
2023-06-04,002475.SZ,28.78,28.8,28.21,28.35,560345
2023-06-05,002475.SZ,27.71,27.79,26.15,26.27,1403288
2023-06-06,002475.SZ,26.35,27.75,26.35,27.16,1086759
2023-06-07,002475.SZ,27.18,27.57,26.78,27.41,577658
2023-06-08,002475.SZ,27.29,27.48,26.54,27.18,593895
2023-06-11,002475.SZ,27.25,27.88,27.18,27.49,670198
2023-06-12,002475.SZ,27.47,28.88,27.46,28.76,937382
2023-06-13,002475.SZ,28.92,29.49,28.47,28.64,698169
2023-06-14,002475.SZ,28.65,28.76,28.03,28.4,480264
2023-06-15,002475.SZ,28.42,29.74,28.31,29.64,1186493
2023-06-18,002475.SZ,29.56,30.1,29.38,29.89,780326
2023-06-19,002475.SZ,30.68,32.08,30.61,31.58,2269568
2023-06-20,002475.SZ,31.8,31.93,30.4,30.4,963942
2023-06-25,002475.SZ,30,31.2,29.67,30.35,844996
2023-06-26,002475.SZ,30.28,31.72,29.72,31.46,1098381
2023-06-27,002475.SZ,31.39,31.39,30,30.48,879052
2023-06-28,002475.SZ,30.21,32.9,30.21,32.41,1441239
2023-06-29,002475.SZ,32.83,33.93,32.3,32.45,1203428
2023-07-02,002475.SZ,32.95,34.53,32.95,33.68,2016506
2023-07-03,002475.SZ,33.12,34.37,32.89,34.01,970045
2023-07-04,002475.SZ,34,34.2,33.39,33.69,627263
2023-07-05,002475.SZ,33.38,33.74,32.71,33.25,868299
2023-07-06,002475.SZ,33.25,33.59,32.69,33.31,445792
2023-07-09,002475.SZ,33.21,33.5,32.48,32.65,581552
2023-07-10,002475.SZ,32.81,33.47,32.7,33.24,483946
2023-07-11,002475.SZ,33.13,33.54,32.63,32.75,418709
2023-07-12,002475.SZ,32.95,34.69,32.91,34.42,893639
2023-07-13,002475.SZ,34.35,34.83,34,34.17,530700
2023-07-16,002475.SZ,34.19,35.2,34,34.06,715498
2023-07-17,002475.SZ,34.4,35.32,33.93,34.34,719886
2023-07-18,002475.SZ,33.9,34.4,33.23,33.56,632829
2023-07-19,002475.SZ,33.75,33.94,32.24,32.37,745446
2023-07-20,002475.SZ,32.36,32.5,31.7,32.01,571251
2023-07-23,002475.SZ,31.85,32.64,31.57,32.03,357110
2023-07-24,002475.SZ,32.65,32.9,31.92,32.06,547524
2023-07-25,002475.SZ,31.8,32.28,31.4,32.07,419852
2023-07-26,002475.SZ,32.05,32.22,31.21,31.36,587807
2023-07-27,002475.SZ,31.32,32.04,31.15,31.82,509157
2023-07-30,002475.SZ,31.65,32.8,31.65,32.32,687805
2023-07-31,002475.SZ,32.35,33.75,31.94,33.25,867631
2023-08-01,002475.SZ,33.03,33.77,32.92,33.35,415192
2023-08-02,002475.SZ,33.05,34.89,33.05,33.83,740960
2023-08-03,002475.SZ,33.81,34.48,33.58,33.74,383774
2023-08-06,002475.SZ,33.37,34.38,32.93,34.13,498211
2023-08-07,002475.SZ,34.07,35.58,34.06,34.82,757845
2023-08-08,002475.SZ,34.6,34.72,33.8,34.18,374495
2023-08-09,002475.SZ,34.03,34.37,33.73,33.99,345246
2023-08-10,002475.SZ,34.25,34.3,33,33.1,493598
2023-08-13,002475.SZ,32.67,33,31.9,32.55,701656
2023-08-14,002475.SZ,33,33.35,32.1,32.5,422185
2023-08-15,002475.SZ,32.32,32.48,31.71,31.84,433187
2023-08-16,002475.SZ,31.69,31.97,31.25,31.86,433662
2023-08-17,002475.SZ,31.84,31.88,31,31.01,436751
2023-08-20,002475.SZ,31.02,31.15,30.31,30.33,415482
2023-08-21,002475.SZ,30.6,32.1,30.22,31.71,581937
2023-08-22,002475.SZ,31.55,31.7,31,31.14,397445
2023-08-23,002475.SZ,31.46,32.06,31.21,31.45,526265
2023-08-24,002475.SZ,31.11,31.45,30.63,31,319078
2023-08-27,002475.SZ,33.59,33.59,31.78,32.06,628660
2023-08-28,002475.SZ,31.83,32.98,31.66,32.39,767478
2023-08-29,002475.SZ,32.7,33.6,32.7,32.9,612803
2023-08-30,002475.SZ,32.9,33.1,32.5,33,396283
2023-08-31,002475.SZ,33.13,33.24,32.5,32.7,252200
2023-09-03,002475.SZ,32.88,33.32,32.7,33.13,388970
2023-09-04,002475.SZ,33.04,33.1,31.12,31.32,915975
2023-09-05,002475.SZ,31.27,31.38,30.71,31.24,397711
2023-09-06,002475.SZ,30.7,30.7,28.8,29.94,1259718
2023-09-07,002475.SZ,29.5,29.8,28.89,29.35,651885
2023-09-10,002475.SZ,29.17,30.1,28.5,29.85,771184
2023-09-11,002475.SZ,29.78,30.35,29.57,30.25,503205
2023-09-12,002475.SZ,29.6,29.91,28.86,29,689962
2023-09-13,002475.SZ,29.29,29.36,28.68,28.69,494211
2023-09-14,002475.SZ,28.7,28.95,28.22,28.5,526787
2023-09-17,002475.SZ,28.31,29.81,28.25,29.25,620478
2023-09-18,002475.SZ,29.25,29.55,29.02,29.25,319312
2023-09-19,002475.SZ,29.24,29.51,29.1,29.21,239728
2023-09-20,002475.SZ,29.01,29.29,28.81,28.9,266298
2023-09-21,002475.SZ,29.03,30.2,28.66,30.15,619655
2023-09-24,002475.SZ,30.15,30.5,29.85,29.92,309745
2023-09-25,002475.SZ,29.93,30.18,29.6,29.69,282697
2023-09-26,002475.SZ,29.51,30.15,29.5,29.93,300319
2023-09-27,002475.SZ,30.14,30.25,29.64,29.82,291611
2023-10-08,002475.SZ,29.78,31.58,29.3,31.21,650723
2023-10-09,002475.SZ,31.21,31.5,30.88,30.96,382172
2023-10-10,002475.SZ,31,31.9,31,31.82,556298
2023-10-11,002475.SZ,32.2,32.3,31.85,32.1,361501
2023-10-12,002475.SZ,32.1,32.68,31.66,31.95,387539
2023-10-15,002475.SZ,31.97,32.03,31.19,31.82,381568
2023-10-16,002475.SZ,31.79,31.93,31.4,31.65,368706
2023-10-17,002475.SZ,31.92,32,31.1,31.7,284799
2023-10-18,002475.SZ,31.44,31.81,30.93,31.01,423082
2023-10-19,002475.SZ,30.79,31.35,30.54,30.71,262339
2023-10-22,002475.SZ,31.9,32.22,30.2,31.62,722288
2023-10-23,002475.SZ,32.16,32.22,30.49,31.34,649795
2023-10-24,002475.SZ,31.6,31.89,31.09,31.16,466013
2023-10-25,002475.SZ,31.16,31.3,30.52,31.22,396293
2023-10-26,002475.SZ,31.1,32.22,30.8,32,550193
2023-10-29,002475.SZ,32,34.43,31.92,33.78,1060007
2023-10-30,002475.SZ,33.78,33.92,32.58,32.77,659282
2023-10-31,002475.SZ,32.76,32.88,32.05,32.24,468035
2023-11-01,002475.SZ,32.37,32.43,31.5,31.52,469896
2023-11-02,002475.SZ,31.48,32.46,31.16,32,608302
2023-11-05,002475.SZ,32.5,33.9,32.48,33.3,930732
2023-11-06,002475.SZ,33.18,33.52,32.55,32.85,745149
2023-11-07,002475.SZ,32.77,32.88,32.31,32.6,621176
2023-11-08,002475.SZ,32.48,32.59,31.78,31.92,615435
2023-11-09,002475.SZ,31.99,32.5,31.71,32.41,522544
2023-11-12,002475.SZ,32.52,32.8,31.91,32.02,433838
2023-11-13,002475.SZ,32.1,32.18,31.65,31.89,441069
2023-11-14,002475.SZ,32.29,32.67,32,32.67,619306
2023-11-15,002475.SZ,32.48,32.73,32.24,32.31,462622
2023-11-16,002475.SZ,32.24,32.5,31.61,31.9,497332
2023-11-19,002475.SZ,31.89,31.9,31,31.15,759780
2023-11-20,002475.SZ,31.18,31.3,30.63,30.71,602260
2023-11-21,002475.SZ,30.72,30.77,30.03,30.18,587979
2023-11-22,002475.SZ,30.1,31.01,29.82,30.89,623931
2023-11-23,002475.SZ,30.73,31.23,30.33,31.06,489933
2023-11-26,002475.SZ,31.47,31.9,31.14,31.69,698712
2023-11-27,002475.SZ,31.68,31.95,31.4,31.74,418550
2023-11-28,002475.SZ,31.85,31.98,31.6,31.8,326690
2023-11-29,002475.SZ,31.65,31.93,31.3,31.83,331525
2023-11-30,002475.SZ,31.66,31.82,31.13,31.36,376406
2023-12-03,002475.SZ,31.44,31.45,30.56,30.99,347656
2023-12-04,002475.SZ,30.75,30.99,30.37,30.4,350328
2023-12-05,002475.SZ,30.3,30.55,29.91,30.29,466012
2023-12-06,002475.SZ,30.1,30.23,29.7,29.91,410809
2023-12-07,002475.SZ,29.91,31.21,29.91,30.89,558848
2023-12-10,002475.SZ,30.63,31.53,30.51,31.43,424961
2023-12-11,002475.SZ,31.31,32.15,31.22,32,547642
2023-12-12,002475.SZ,31.9,32.31,31.76,31.78,358850
2023-12-13,002475.SZ,32,32.13,31.41,31.49,326317
2023-12-14,002475.SZ,31.68,32.55,31.62,31.73,498781
2023-12-17,002475.SZ,31.73,32.22,31.59,31.95,438980
2023-12-18,002475.SZ,32,32.76,31.18,32.5,506914
2023-12-19,002475.SZ,32.5,33.05,32.33,32.67,549919
2023-12-20,002475.SZ,32.5,32.82,32.14,32.58,434355
2023-12-21,002475.SZ,32.5,32.94,32.19,32.35,331809
2023-12-24,002475.SZ,32.25,32.85,32.19,32.79,273648
2023-12-25,002475.SZ,32.72,32.72,31.86,32.25,269431
2023-12-26,002475.SZ,32.2,32.74,32.1,32.61,316410
2023-12-27,002475.SZ,32.75,33.66,32.64,33.2,494463
2023-12-28,002475.SZ,33.2,34.85,33.14,34.45,802966
2024-01-01,002475.SZ,34.44,34.96,33.95,33.98,471353
2024-01-02,002475.SZ,33.69,33.93,32.41,32.67,770369
2024-01-03,002475.SZ,32.6,32.8,32.17,32.5,377648
2024-01-04,002475.SZ,32.8,33.33,32.2,32.5,386303
2024-01-07,002475.SZ,32.46,32.65,31.3,31.33,427173
2024-01-08,002475.SZ,31.55,32.3,31.27,31.46,370694
2024-01-09,002475.SZ,31.46,31.52,30.97,31.22,385054
2024-01-10,002475.SZ,31,31.46,30.63,31.3,529658
2024-01-11,002475.SZ,31.01,31.09,30.32,30.6,561662
2024-01-14,002475.SZ,30.35,30.9,30.03,30.68,372874
2024-01-15,002475.SZ,30.4,30.6,29.93,30.29,477491
2024-01-16,002475.SZ,30.2,30.2,28.4,28.4,980522
2024-01-17,002475.SZ,28.2,28.8,27.75,28.72,649723
2024-01-18,002475.SZ,28.53,29.58,28.51,29.34,553321
2024-01-21,002475.SZ,29.73,29.94,28.58,28.93,542092
2024-01-22,002475.SZ,28.92,29.48,28.56,29.27,552578
2024-01-23,002475.SZ,29.29,29.49,28.24,29.05,495900
2024-01-24,002475.SZ,29,29.29,28.61,29.13,518524
2024-01-25,002475.SZ,29,29.06,27.6,27.82,917752
2024-01-28,002475.SZ,27.82,27.92,27.08,27.16,583463
2024-01-29,002475.SZ,27.02,27.3,26.45,26.52,415766
2024-01-30,002475.SZ,26.45,26.45,25.2,25.49,848554
2024-01-31,002475.SZ,25.47,26.24,25.06,25.85,543421
2024-02-01,002475.SZ,25.82,26.45,24.88,25.63,617107
2024-02-04,002475.SZ,25.64,27.66,25.3,26.98,950974
2024-02-05,002475.SZ,26.54,28.26,26.5,28.22,805153
2024-02-06,002475.SZ,28.24,28.65,27.96,28.23,633852
2024-02-07,002475.SZ,28.5,29.4,28.4,28.94,613292
2024-02-18,002475.SZ,28.8,28.98,27.01,27.49,1282920
2024-02-19,002475.SZ,27.19,27.29,26.28,26.98,1116352
2024-02-20,002475.SZ,26.66,27.88,26.5,27.47,865388
2024-02-21,002475.SZ,27.48,27.66,27.08,27.6,605720
2024-02-22,002475.SZ,27.5,27.58,26.74,27.16,1044899
2024-02-25,002475.SZ,27.07,27.86,26.71,27.43,1021540
2024-02-26,002475.SZ,27.15,28.11,27.05,28.11,1109042
2024-02-27,002475.SZ,28.12,28.59,27.17,27.17,1288688
2024-02-28,002475.SZ,26.9,27.66,26.76,27.58,1213736
2024-02-29,002475.SZ,27.45,28.44,27.3,28.34,1378964
2024-03-03,002475.SZ,28.58,28.82,27.66,28.01,1165900
2024-03-04,002475.SZ,27.66,28.49,27.45,28.19,1213815
2024-03-05,002475.SZ,27.75,28.68,27.3,27.96,1248213
2024-03-06,002475.SZ,27.74,28.02,27.18,27.18,975541
2024-03-07,002475.SZ,27.33,27.68,27.05,27.56,856905
2024-03-10,002475.SZ,27.36,28.3,27.07,28.26,1275929
2024-03-11,002475.SZ,28.24,28.76,28.12,28.49,1031779
2024-03-12,002475.SZ,28.49,28.64,28.19,28.25,614537
2024-03-13,002475.SZ,28.16,28.18,27.33,27.56,886458
2024-03-14,002475.SZ,27.45,27.78,27.35,27.77,571640
2024-03-17,002475.SZ,27.8,28.18,27.61,28.04,910107
2024-03-18,002475.SZ,28.1,29.9,27.95,29.46,2286726
2024-03-19,002475.SZ,29.54,30.57,29.45,29.65,1777071
2024-03-20,002475.SZ,30.06,30.35,29.6,29.73,1131200
2024-03-21,002475.SZ,29.96,32.28,29.85,31.84,2392358
2024-03-24,002475.SZ,31.5,31.6,30.36,30.47,1574341
2024-03-25,002475.SZ,30,31.29,29.99,30.95,1170034
2024-03-26,002475.SZ,30.45,30.64,29.41,29.41,933051
2024-03-27,002475.SZ,29.4,30.2,29.2,29.75,729429
2024-03-28,002475.SZ,29.51,29.76,28.88,29.41,688430
2024-03-31,002475.SZ,29.8,30,29.42,29.67,624946
2024-04-01,002475.SZ,29.67,29.75,28.39,28.64,1006560
2024-04-02,002475.SZ,28.65,29.22,28.45,28.76,688258
2024-04-07,002475.SZ,28.58,28.6,27.8,28.04,798312
2024-04-08,002475.SZ,28.1,28.56,27.97,28.45,446407
2024-04-09,002475.SZ,28.37,28.38,27.45,27.69,613420
2024-04-10,002475.SZ,27.45,28.18,27.4,27.63,485402
2024-04-11,002475.SZ,27.82,28.5,27.7,27.82,620059
2024-04-14,002475.SZ,27.83,28.08,27.51,27.8,574029
2024-04-15,002475.SZ,27.55,27.68,26.71,26.85,795446
2024-04-16,002475.SZ,26.97,27.36,26.85,27.28,635635
2024-04-17,002475.SZ,27.08,27.36,26.53,27.05,700812
2024-04-18,002475.SZ,26.8,26.82,26.1,26.39,669953
2024-04-21,002475.SZ,26.1,27.36,25.92,27.25,737068
2024-04-22,002475.SZ,27.02,27.79,27.02,27.59,604693
2024-04-23,002475.SZ,27.69,28.06,27.2,27.67,784690
2024-04-24,002475.SZ,28.14,29.22,28.14,28.54,1231137
2024-04-25,002475.SZ,28.54,29.09,28.4,28.79,830635
2024-04-28,002475.SZ,29.21,30.16,29.05,29.83,1210446
2024-04-29,002475.SZ,29.76,29.95,29.14,29.2,637600
2024-05-05,002475.SZ,30.3,31.17,30.3,30.99,1415807
2024-05-06,002475.SZ,30.69,31.26,30.56,30.86,581368
2024-05-07,002475.SZ,30.5,30.5,29.58,29.6,795330
2024-05-08,002475.SZ,29.61,30.2,29.61,29.82,494090
2024-05-09,002475.SZ,29.85,29.96,29.17,29.5,514899
2024-05-12,002475.SZ,29.39,30.95,29.3,30.58,873210
2024-05-13,002475.SZ,31.95,32.2,31.01,31.08,1074025
2024-05-14,002475.SZ,31,31.29,30.6,30.66,419071
2024-05-15,002475.SZ,31.2,32.05,30.96,31.76,1017640
2024-05-16,002475.SZ,31.54,31.95,31.4,31.64,525859
2024-05-19,002475.SZ,31.42,32,31.31,31.62,475298
2024-05-20,002475.SZ,31.5,32.29,31.34,31.87,578895
2024-05-21,002475.SZ,31.8,33,31.7,32.86,842653
2024-05-22,002475.SZ,32.6,32.95,32.21,32.51,495721
2024-05-23,002475.SZ,32.36,32.85,31.4,31.51,810327
2024-05-26,002475.SZ,31.81,32.43,31.48,31.89,557846
2024-05-27,002475.SZ,31.75,31.76,31,31.11,616102
2024-05-28,002475.SZ,31.27,31.49,30.79,31.18,431613
2024-05-29,002475.SZ,31.02,32.75,30.83,32.26,772733
2024-05-30,002475.SZ,32.2,32.74,31.7,31.79,566361
2024-06-02,002475.SZ,31.64,33.1,31.61,32.51,829834
2024-06-03,002475.SZ,32.4,32.85,32.15,32.73,484441
2024-06-04,002475.SZ,32.58,33.49,32.5,32.88,695648
2024-06-05,002475.SZ,33.2,33.75,32.99,33.1,686927
2024-06-06,002475.SZ,33.06,33.1,31.85,32.2,777338
2024-06-10,002475.SZ,31,31.94,30.88,31.78,673572
2024-06-11,002475.SZ,33.58,34,33.19,33.42,1309099
2024-06-12,002475.SZ,33.95,34.38,33.04,33.23,893483
2024-06-13,002475.SZ,33.2,34.69,33.16,34.35,1017630
2024-06-16,002475.SZ,34.55,37.7,34.43,37,1616777
2024-06-17,002475.SZ,37.77,38.28,36.82,37.99,1607076
2024-06-18,002475.SZ,37.87,38.5,37.4,38.07,969464
2024-06-19,002475.SZ,37.9,38.37,37.15,37.26,780781
2024-06-20,002475.SZ,36.66,38,36.57,37.72,670559
2024-06-23,002475.SZ,37.55,38.93,37.48,37.88,1038281
2024-06-24,002475.SZ,37.52,37.84,36.79,37.16,829362
2024-06-25,002475.SZ,37.25,38.5,37.21,38.2,790073
2024-06-26,002475.SZ,38.1,40.22,38.01,38.85,1248712
2024-06-27,002475.SZ,38.5,39.87,38.25,39.31,933749
2024-06-30,002475.SZ,39.2,39.5,37.93,38.91,665489
2024-07-01,002475.SZ,39.49,39.86,38.82,39.09,690653
2024-07-02,002475.SZ,39.09,39.78,38.62,38.89,526073
2024-07-03,002475.SZ,38.88,39.56,38.68,38.86,547281
2024-07-04,002475.SZ,39,39.06,37.89,38.73,673566
2024-07-07,002475.SZ,38.75,39.66,38.5,39.37,782297
2024-07-08,002475.SZ,39.37,41.61,39.06,41.39,1142994
2024-07-09,002475.SZ,41.39,41.73,40.82,41.08,748753
2024-07-10,002475.SZ,41.05,42.94,40.59,41.78,1052494
2024-07-11,002475.SZ,40.4,41.29,40.19,40.92,680893
2024-07-14,002475.SZ,41.06,41.38,40.35,40.99,474745
2024-07-15,002475.SZ,41.33,43.3,41.3,43.17,911656
2024-07-16,002475.SZ,43,43.17,41.5,42.05,707182
2024-07-17,002475.SZ,40.88,41.61,39.64,40.95,1040685
2024-07-18,002475.SZ,39.72,40.96,39.69,40.15,918003
2024-07-21,002475.SZ,40.06,40.06,38.63,39.72,837781
2024-07-22,002475.SZ,39.74,39.88,38.28,38.43,703560
2024-07-23,002475.SZ,38.4,38.9,37.41,37.88,701532
2024-07-24,002475.SZ,37.3,37.76,36.12,37.09,761516
2024-07-25,002475.SZ,36.87,38.1,36.6,37.92,734279
2024-07-28,002475.SZ,37.92,39.38,37.44,38.38,740614
2024-07-29,002475.SZ,38.14,38.37,37.13,37.46,595108
2024-07-30,002475.SZ,37.4,38.5,37.22,38.23,771015
2024-07-31,002475.SZ,38.99,39.1,37.8,37.83,501571
2024-08-01,002475.SZ,37.1,38.28,37,37.19,503031
2024-08-04,002475.SZ,35,36.03,34.34,34.51,1310978
2024-08-05,002475.SZ,35.5,35.97,34.83,35.39,600476
2024-08-06,002475.SZ,35.2,35.65,34.84,35.08,333975
2024-08-07,002475.SZ,34.91,35.99,34.41,35.52,507702
2024-08-08,002475.SZ,35.86,36.88,35.79,36.33,528991
2024-08-11,002475.SZ,36.2,36.96,36.08,36.43,323365
2024-08-12,002475.SZ,36.3,37.32,36.3,37,381241
2024-08-13,002475.SZ,36.99,37.31,36.4,36.57,292338
2024-08-14,002475.SZ,36.43,37.44,36.37,36.71,448947
2024-08-15,002475.SZ,36.96,37.44,36.87,37.04,385970
2024-08-18,002475.SZ,37.46,37.76,36.6,36.72,356624
2024-08-19,002475.SZ,36.7,37.09,36.38,36.63,288549
2024-08-20,002475.SZ,36.31,38.33,36.2,37.4,579365
2024-08-21,002475.SZ,37.6,38.06,36.7,37.8,511122
2024-08-22,002475.SZ,37.53,37.94,37.26,37.89,340666
2024-08-25,002475.SZ,37.92,38,36.52,37.35,713162
2024-08-26,002475.SZ,37.04,37.48,36.45,36.54,439291
2024-08-27,002475.SZ,36.5,37.22,36.35,36.6,361179
2024-08-28,002475.SZ,36.5,37.6,35.6,37.23,507891
2024-08-29,002475.SZ,37.06,40.1,37.06,39.42,1104549
2024-09-01,002475.SZ,39.22,39.38,38.2,38.55,554869
2024-09-02,002475.SZ,38.34,39.16,38.16,38.63,371640
2024-09-03,002475.SZ,37.8,38,36.5,37.84,651365
2024-09-04,002475.SZ,37.55,37.94,37,37.23,483297
2024-09-05,002475.SZ,37.21,37.23,35.9,35.9,542166
2024-09-08,002475.SZ,35.8,36.54,35.62,35.89,445378
2024-09-09,002475.SZ,35.68,36.88,35.1,36.51,512348
2024-09-10,002475.SZ,36.38,36.68,35.81,36.14,316465
2024-09-11,002475.SZ,36.21,36.78,35.81,36.49,375116
2024-09-12,002475.SZ,36.48,37.88,36.33,37.15,483313
2024-09-17,002475.SZ,36.6,36.8,34.84,35.9,617626
2024-09-18,002475.SZ,35.91,36.16,35.45,35.78,441887
2024-09-19,002475.SZ,36.16,36.99,36.02,36.6,604534
2024-09-22,002475.SZ,36.16,37.42,36.02,36.48,313803
2024-09-23,002475.SZ,37,38.79,36.29,38.77,712381
2024-09-24,002475.SZ,39.33,39.69,38.28,38.46,678746
2024-09-25,002475.SZ,38.4,38.7,37.35,38.42,1003994
2024-09-26,002475.SZ,38.43,41.19,38.4,40.48,1205144
2024-09-29,002475.SZ,42,43.95,41.01,43.46,1604892
2024-10-07,002475.SZ,47.81,47.81,43.23,46.33,2046554
2024-10-08,002475.SZ,45,45.1,41.79,42.08,1501811
2024-10-09,002475.SZ,42.1,44.69,42.1,43.45,1170367
2024-10-10,002475.SZ,43.39,43.45,41.51,42.2,710843
2024-10-13,002475.SZ,41.85,44.05,41.85,43.99,827991
2024-10-14,002475.SZ,43.99,45,43.3,43.6,729663
2024-10-15,002475.SZ,42.88,43,41.78,42.31,656478
2024-10-16,002475.SZ,42.32,43.09,41.95,41.96,542293
2024-10-17,002475.SZ,42,45.21,42,44.45,1222074
2024-10-20,002475.SZ,44.87,47.15,43.91,45.42,1260193
2024-10-21,002475.SZ,45.42,46.99,44.42,46.05,665568
2024-10-22,002475.SZ,45.77,46.33,44.93,45.21,534754
2024-10-23,002475.SZ,44.5,44.56,43.62,43.95,732181
2024-10-24,002475.SZ,43.95,44.15,42.6,43.35,785824
2024-10-27,002475.SZ,43.6,43.97,42.33,43.63,603622
2024-10-28,002475.SZ,43.63,44.4,43.22,43.42,656411
2024-10-29,002475.SZ,43.1,43.86,42.8,42.98,586563
2024-10-30,002475.SZ,42.98,43.19,41.91,42.22,758899
2024-10-31,002475.SZ,42.23,43.3,42.08,42.19,594388
2024-11-03,002475.SZ,42.19,43.25,42.11,42.81,490870
2024-11-04,002475.SZ,42.71,43.55,42.12,43.2,859137
2024-11-05,002475.SZ,43.21,43.25,41.09,41.33,1870470
2024-11-06,002475.SZ,40.55,40.95,40,40.93,1459966
2024-11-07,002475.SZ,41.5,41.55,40.14,40.3,1270298
2024-11-10,002475.SZ,40.02,40.82,39.51,40.7,1372196
2024-11-11,002475.SZ,40.75,42.69,40.1,41.54,1991681
2024-11-12,002475.SZ,41,41.68,40.5,41.59,1043251
2024-11-13,002475.SZ,41.58,41.58,40,40.1,828706
2024-11-14,002475.SZ,39.9,40.32,39.3,39.3,770599
2024-11-17,002475.SZ,39.3,39.81,38.32,38.51,801792
2024-11-18,002475.SZ,38.6,38.89,37.74,38.53,868379
2024-11-19,002475.SZ,38.54,38.72,38.18,38.59,802781
2024-11-20,002475.SZ,38.51,39.63,38,39.23,970589
2024-11-21,002475.SZ,39,39.63,37.6,37.65,902723
2024-11-24,002475.SZ,37.66,37.8,36.31,36.66,987550
2024-11-25,002475.SZ,36.81,37.88,36.66,37.16,755554
2024-11-26,002475.SZ,37.03,39.5,36.9,39.13,1495365
2024-11-27,002475.SZ,38.86,38.94,38.14,38.2,729523
2024-11-28,002475.SZ,38.05,39.28,38.05,38.68,901146
2024-12-01,002475.SZ,39.19,40.85,39.18,40.56,1366204
2024-12-02,002475.SZ,40.56,40.74,39.92,40.31,700547
2024-12-03,002475.SZ,40.35,40.5,39.33,39.59,571380
2024-12-04,002475.SZ,39.5,39.8,38.91,39.37,524039
2024-12-05,002475.SZ,39.7,40.5,39.5,40.21,885410
2024-12-08,002475.SZ,40.21,40.59,39.65,39.88,425672
2024-12-09,002475.SZ,41.25,41.83,40.65,40.89,1310042
2024-12-10,002475.SZ,40.91,42.07,40.2,41.25,958063
2024-12-11,002475.SZ,41.39,42.2,40.93,41.37,706574
2024-12-12,002475.SZ,41,41.08,40.4,40.58,662496
2024-12-15,002475.SZ,40.4,40.66,39.65,39.78,523916
2024-12-16,002475.SZ,39.78,41.35,39.69,40.3,720024
2024-12-17,002475.SZ,40.53,40.69,39.96,40.06,454735
2024-12-18,002475.SZ,39.65,41.85,39.34,41.67,1084658
2024-12-19,002475.SZ,41.72,41.95,41.18,41.28,614387
2024-12-22,002475.SZ,41.28,41.83,40.3,40.46,569719
2024-12-23,002475.SZ,40.56,41.45,40.25,41.4,595175
2024-12-24,002475.SZ,41.4,41.98,40.92,41.07,468934
2024-12-25,002475.SZ,40.96,42.38,40.63,42.32,905243
2024-12-26,002475.SZ,42.28,42.29,41.23,41.35,826370
2024-12-29,002475.SZ,41.35,42.1,41.15,41.65,585295
2024-12-30,002475.SZ,42.1,42.1,40.45,40.76,640873
2025-01-01,002475.SZ,40.59,40.76,38.83,39.21,691999
2025-01-02,002475.SZ,39.21,40.38,38.68,39.23,758414
2025-01-05,002475.SZ,39.24,39.99,38.72,38.99,477535
2025-01-06,002475.SZ,39.19,41.02,39.1,40.46,859222
2025-01-07,002475.SZ,40.14,40.2,38.85,39.15,793783
2025-01-08,002475.SZ,39.09,39.49,38.66,39.01,513048
2025-01-09,002475.SZ,38.9,39.01,37.8,38.16,698491
2025-01-12,002475.SZ,37.7,38.7,37.61,37.86,414231
2025-01-13,002475.SZ,38.14,39.62,37.4,39.61,840034
2025-01-14,002475.SZ,39.15,39.46,38.54,39.07,540128
2025-01-15,002475.SZ,39.47,39.74,38.8,39.22,426706
2025-01-16,002475.SZ,38.74,39.71,38.63,39.16,434593
2025-01-19,002475.SZ,39.86,41.17,39.85,40.79,898748
2025-01-20,002475.SZ,40.92,42.58,40.83,41.89,849346
2025-01-21,002475.SZ,41.5,41.89,39.7,40.09,1193905
2025-01-22,002475.SZ,40.7,40.76,39.58,39.62,698160
2025-01-23,002475.SZ,39.68,41.28,39.68,40.97,886929
2025-01-26,002475.SZ,40.75,41.22,40.1,40.19,473248
2025-02-04,002475.SZ,40.7,41.36,39.91,40.42,715985
2025-02-05,002475.SZ,39.8,41.63,39.78,41.58,876795
2025-02-06,002475.SZ,41.58,43.2,41.5,42.6,1090346
2025-02-09,002475.SZ,43,43.26,42.38,42.66,591800
2025-02-10,002475.SZ,42.68,42.97,41.88,42.23,438637
2025-02-11,002475.SZ,42.98,44.36,42.62,44.35,1080245
2025-02-12,002475.SZ,44.36,44.44,43.3,43.41,662625
2025-02-13,002475.SZ,43.4,43.99,43.2,43.53,424748
2025-02-16,002475.SZ,43.8,43.97,42.42,42.77,722703
2025-02-17,002475.SZ,42.71,43.18,41.93,42.09,568752
2025-02-18,002475.SZ,42.11,42.87,41.98,42.75,581224
2025-02-19,002475.SZ,42.6,44.33,42.53,43.95,835036
2025-02-20,002475.SZ,43.96,45.38,43.77,44.98,987271
2025-02-23,002475.SZ,44.98,46.14,44.35,44.9,634777
2025-02-24,002475.SZ,44.2,47,43.99,46.18,911927
2025-02-25,002475.SZ,46.04,46.18,44.68,44.95,670234
2025-02-26,002475.SZ,45.01,45.2,44.08,44.58,550014
2025-02-27,002475.SZ,44.32,44.45,43,43.15,535684
2025-03-02,002475.SZ,43.98,43.98,41.9,42.31,532953
2025-03-03,002475.SZ,41.93,42.22,41.47,41.85,466196
2025-03-04,002475.SZ,41.97,42.49,41.44,41.91,491781
2025-03-05,002475.SZ,42.15,42.95,42.15,42.37,655338
2025-03-06,002475.SZ,42.41,42.58,41.32,41.53,665116
2025-03-09,002475.SZ,41.3,41.64,40.57,41.08,721416
2025-03-10,002475.SZ,40.5,40.65,39.7,40.27,799444
2025-03-11,002475.SZ,40.23,40.96,39.56,40.55,837443
2025-03-12,002475.SZ,40.6,40.86,40.24,40.37,540422
2025-03-13,002475.SZ,40.2,41.24,40.01,41,859912
2025-03-16,002475.SZ,41.3,41.37,40.53,40.67,589084
2025-03-17,002475.SZ,40.71,40.99,40.38,40.86,598912
2025-03-18,002475.SZ,40.62,40.88,40,40.73,584473
2025-03-19,002475.SZ,40.86,40.87,40.32,40.42,376801
2025-03-20,002475.SZ,40.65,41.19,39.6,39.86,644422
2025-03-23,002475.SZ,39.94,41.34,39.88,41.06,903183
2025-03-24,002475.SZ,41.01,41.2,40.46,40.78,416234
2025-03-25,002475.SZ,40.78,41.07,40.65,40.76,303314
2025-03-26,002475.SZ,40.68,41.1,40.33,40.78,292038
2025-03-27,002475.SZ,40.8,41.5,40.52,41.21,497873
2025-03-30,002475.SZ,41,41.39,40.41,40.89,412134
2025-03-31,002475.SZ,40.89,41.15,40.41,40.44,380610
2025-04-01,002475.SZ,40.42,40.7,38.7,39.35,1028381
2025-04-02,002475.SZ,37.23,37.43,35.42,35.42,2233027
2025-04-06,002475.SZ,31.88,31.88,31.88,31.88,454870
2025-04-07,002475.SZ,29.19,30,28.69,29,2823765
2025-04-08,002475.SZ,27.84,29.46,27.11,28.68,2635132
2025-04-09,002475.SZ,31.55,31.55,30.35,30.73,2898769
2025-04-10,002475.SZ,30.01,33,29.64,32.18,2762099
2025-04-13,002475.SZ,33.91,34.43,31.49,32.2,3528631
2025-04-14,002475.SZ,31.6,31.62,30.5,30.81,1966044
2025-04-15,002475.SZ,30.06,30.17,29.25,29.59,1814178
2025-04-16,002475.SZ,29.49,29.88,29.35,29.46,1003293
2025-04-17,002475.SZ,29.46,30.05,29.46,29.95,992199
2025-04-20,002475.SZ,29.99,30.99,29.77,30.87,1193436
2025-04-21,002475.SZ,30.63,31.07,30.17,30.3,1031460
2025-04-22,002475.SZ,31.9,32.18,30.96,31.53,2013354
2025-04-23,002475.SZ,31.5,31.51,30.72,30.76,1075001
2025-04-24,002475.SZ,31,32,31,31.61,1624304
2025-04-27,002475.SZ,31.81,31.93,30.9,30.95,1009146
2025-04-28,002475.SZ,30.8,30.95,30.39,30.53,887066
2025-04-29,002475.SZ,30.59,31.1,30.39,30.85,1238443
2025-05-05,002475.SZ,30.99,31.85,30.9,31.81,1376577
2025-05-06,002475.SZ,32.45,33.16,31.22,31.52,1638627
2025-05-07,002475.SZ,31.41,33,31.32,32.74,2102536
2025-05-08,002475.SZ,32.51,32.52,31.7,32.08,1312280
2025-05-11,002475.SZ,33.35,34.47,32.88,34.12,2752466
2025-05-12,002475.SZ,35.49,35.49,33.63,33.8,2869196
2025-05-13,002475.SZ,33.65,33.94,33.03,33.52,1822080
2025-05-14,002475.SZ,33.55,33.55,32.62,32.66,1194601
2025-05-15,002475.SZ,32.5,32.78,32.41,32.5,839028
2025-05-18,002475.SZ,32.39,32.39,31.7,32.23,1032061
2025-05-19,002475.SZ,32.08,32.65,31.86,32.6,952181
2025-05-20,002475.SZ,32.4,32.42,32.06,32.12,959794
2025-05-21,002475.SZ,31.85,32.07,31.74,31.77,678683
2025-05-22,002475.SZ,31.7,32.03,31.3,31.3,940135
2025-05-25,002475.SZ,30.5,31.28,30.38,31.24,1102679
2025-05-26,002475.SZ,31.03,31.11,30.43,30.52,987978
2025-05-27,002475.SZ,30.71,30.89,30.31,30.39,662413
2025-05-28,002475.SZ,31.01,31.52,31.01,31.41,1487913
2025-05-29,002475.SZ,30.89,30.89,30.35,30.4,1108521
2025-06-02,002475.SZ,30.19,30.46,30.12,30.32,589993
2025-06-03,002475.SZ,30.38,30.98,30.3,30.8,839239
2025-06-04,002475.SZ,30.85,31.86,30.83,31.63,1420893
2025-06-05,002475.SZ,31.41,31.55,31.17,31.32,853423
2025-06-08,002475.SZ,31.7,32.08,31.53,31.93,960082
2025-06-09,002475.SZ,31.79,32.2,31.35,31.78,1198222
2025-06-10,002475.SZ,31.9,32.54,31.8,31.97,989540
2025-06-11,002475.SZ,31.65,32.16,31.55,31.84,718273
2025-06-12,002475.SZ,31.6,31.98,31.2,31.25,800575
2025-06-15,002475.SZ,31.05,32.05,31.02,31.91,960958
2025-06-16,002475.SZ,31.91,32.8,31.83,32.67,1536131
2025-06-17,002475.SZ,32.41,33.05,32.4,32.94,1183175
2025-06-18,002475.SZ,32.96,33.34,32.62,32.72,1061692
2025-06-19,002475.SZ,32.65,33.49,32.59,33.21,1191427
2025-06-22,002475.SZ,32.99,33.77,32.88,33.19,936487
2025-06-23,002475.SZ,33.3,33.56,33.01,33.23,1005406
2025-06-24,002475.SZ,33.26,33.28,32.77,33.24,1049008
2025-06-25,002475.SZ,33.24,33.55,32.95,32.97,837725
2025-06-26,002475.SZ,32.98,34.1,32.69,33.87,1549364
2025-06-29,002475.SZ,33.95,34.78,33.95,34.69,1266863
2025-06-30,002475.SZ,34.79,34.96,34.26,34.71,781658
2025-07-01,002475.SZ,34.59,34.59,33.85,33.92,711858
2025-07-02,002475.SZ,33.99,36.18,33.99,35.77,1918363
2025-07-03,002475.SZ,35.62,35.67,35.25,35.29,863846
2025-07-06,002475.SZ,35.28,35.28,34.25,34.75,883633
2025-07-07,002475.SZ,34.6,35.47,34.59,35.36,885172
2025-07-08,002475.SZ,35.39,35.95,35.12,35.3,844987
2025-07-09,002475.SZ,35.2,35.99,35.13,35.76,837024
2025-07-10,002475.SZ,35.88,36,35.41,35.76,802635
2025-07-13,002475.SZ,35.58,35.67,34.91,35.36,506331
2025-07-14,002475.SZ,35.4,36.9,35.34,36.78,1455287
2025-07-15,002475.SZ,36.61,37.69,36.5,37.05,1186525
2025-07-16,002475.SZ,37,39.62,36.89,39.4,1694453
2025-07-17,002475.SZ,39.35,39.83,38.54,38.73,1359441
2025-07-20,002475.SZ,38.75,38.98,37.82,38.66,1026899
2025-07-21,002475.SZ,38.19,38.45,37.78,38.09,914188
2025-07-22,002475.SZ,37.91,38.5,37.68,37.96,682219
2025-07-23,002475.SZ,37.8,38,37.3,37.87,980315
2025-07-24,002475.SZ,37.89,38.55,37.79,38.33,819627
2025-07-27,002475.SZ,38.4,38.47,37.41,37.76,937408
2025-07-28,002475.SZ,37.55,37.61,36.83,37.57,952940
2025-07-29,002475.SZ,37.3,38.4,36.91,37.74,924273
2025-07-30,002475.SZ,37.43,38,36.46,36.63,1006222
2025-07-31,002475.SZ,36.72,37.37,36.28,36.64,743284
2025-08-03,002475.SZ,36.12,36.39,35.8,36.24,802426
2025-08-04,002475.SZ,36.38,36.61,36.13,36.47,568648
2025-08-05,002475.SZ,36.38,36.38,35.88,36.21,639854
2025-08-06,002475.SZ,38,38.66,37,37.02,1831705
2025-08-07,002475.SZ,37,37,36.43,36.44,742804
2025-08-10,002475.SZ,36.49,38.2,36.49,38.01,1414797
2025-08-11,002475.SZ,37.96,38.62,37.74,38.17,764526
2025-08-12,002475.SZ,38.34,38.98,37.82,38.35,1058070
2025-08-13,002475.SZ,38.5,39.05,38.21,38.48,979235
2025-08-14,002475.SZ,38.1,38.82,37.98,38.59,874170
2025-08-17,002475.SZ,38.6,40.36,38.29,39.59,1538959
2025-08-18,002475.SZ,39.6,39.75,38.61,39.1,1088496
2025-08-19,002475.SZ,38.99,40.75,38.22,40.05,1327847
2025-08-20,002475.SZ,40.1,42.43,39.81,42.19,2006844
2025-08-21,002475.SZ,41.46,42.88,41.33,42.7,1401673
2025-08-24,002475.SZ,43.38,44.29,42.13,42.95,1523545
2025-08-25,002475.SZ,43.2,46.8,43.2,45.6,2223220
2025-08-26,002475.SZ,45.02,47.17,44.9,44.98,2009690
2025-08-27,002475.SZ,44.99,46.1,44.35,46.1,1653241
2025-08-28,002475.SZ,46.09,47.36,45.17,45.98,1730294
2025-08-31,002475.SZ,46.1,46.8,44.9,45.27,1406210
2025-09-01,002475.SZ,45.08,45.59,43.5,43.8,1480183
2025-09-02,002475.SZ,44.01,44.43,42.99,43.22,1008899
2025-09-03,002475.SZ,43.71,45.69,43.5,44.39,2006377
2025-09-04,002475.SZ,44.36,47.2,43.7,47.2,2281915
2025-09-07,002475.SZ,49.09,51.92,48.78,49.75,2891255
2025-09-08,002475.SZ,49.78,50.75,47.48,47.71,1881293
2025-09-09,002475.SZ,46.28,48.97,45.82,48.09,2018773
2025-09-10,002475.SZ,47.2,52.9,46.51,52.9,2842144
2025-09-11,002475.SZ,54.2,55.66,52.46,52.71,4258492
2025-09-14,002475.SZ,52.14,54.23,52.07,52.74,2494998
2025-09-15,002475.SZ,52.66,54.2,52.15,52.39,2003490
2025-09-16,002475.SZ,52.63,52.99,51.5,52.01,1949552
2025-09-17,002475.SZ,51.5,54.94,51.1,53.11,3155362
2025-09-18,002475.SZ,54.31,57.91,54.03,55.41,3197040
2025-09-21,002475.SZ,60.95,60.95,60.13,60.95,902794
2025-09-22,002475.SZ,67.05,67.05,63.66,65.7,5541239
2025-09-23,002475.SZ,64.23,72.2,63.7,70.2,4516356
2025-09-24,002475.SZ,69.8,71.58,68.2,68.74,3317715
2025-09-25,002475.SZ,68.72,68.78,64.16,64.25,3320909
2025-09-28,002475.SZ,64.25,65.36,62.68,64.8,2628525
2025-09-29,002475.SZ,65.4,66.38,63.76,64.69,2295291
2025-10-08,002475.SZ,63.84,66.15,63.36,65.3,2616510
2025-10-09,002475.SZ,64.5,64.95,60.21,60.8,2609551
2025-10-12,002475.SZ,55.12,58.37,55.12,57.75,2672903
2025-10-13,002475.SZ,58.8,59.97,54.55,55.01,2485991
2025-10-14,002475.SZ,55.04,58.38,53.88,58.2,2425274
2025-10-15,002475.SZ,58.04,61.6,57.73,59.2,2563255
2025-10-16,002475.SZ,59.25,59.25,55.4,55.49,1792402
2025-10-19,002475.SZ,56.86,57.85,56.44,57.15,1625196
2025-10-20,002475.SZ,59,62.87,58.95,61.15,2929366
2025-10-21,002475.SZ,60.1,61.15,59.53,60.11,1324250
2025-10-22,002475.SZ,59.3,60.45,58.28,60.14,1097410
2025-10-23,002475.SZ,60.89,64.15,60.66,63.91,2344458
2025-10-26,002475.SZ,65.88,65.99,63.53,65.4,2339921
2025-10-27,002475.SZ,64.7,65.8,64,64.66,1426328
2025-10-28,002475.SZ,65.91,67.48,65.17,67.28,1800528
2025-10-29,002475.SZ,67.1,67.29,63.66,65.04,1787884
2025-10-30,002475.SZ,66.2,66.88,63,63,1734152
2025-11-02,002475.SZ,62.8,62.96,60.69,62.92,1404143
2025-11-03,002475.SZ,62.5,62.84,60.06,60.54,1289906
2025-11-04,002475.SZ,58.6,61.46,58.36,60.98,1121729
2025-11-05,002475.SZ,60.98,61.86,59.8,61.66,1324713
2025-11-06,002475.SZ,60.72,61,59.84,59.9,1053634
2025-11-09,002475.SZ,59.5,60.2,57.21,58.4,1535276
2025-11-10,002475.SZ,58.98,59.15,56.23,56.49,1084897
2025-11-11,002475.SZ,56.44,58.46,56.37,57.77,1357175
2025-11-12,002475.SZ,57.2,58.35,56.88,57.38,939953
2025-11-13,002475.SZ,56.66,58.23,56.1,56.51,1017544
2025-11-16,002475.SZ,56.49,57.44,56.12,56.55,741856
2025-11-17,002475.SZ,56.12,57.75,55.4,56.61,1054029
2025-11-18,002475.SZ,57,57.94,56.41,56.75,935330
2025-11-19,002475.SZ,58.1,58.2,55.68,55.75,959812
2025-11-20,002475.SZ,54,54.28,52.8,52.85,1499996
2025-11-23,002475.SZ,53.19,53.85,52.2,53.25,957030
2025-11-24,002475.SZ,54.22,56.39,54.04,55.7,1450760
2025-11-25,002475.SZ,55.32,58.85,54.91,57.6,1591539
2025-11-26,002475.SZ,57.7,59.13,56.8,56.96,1263804
2025-11-27,002475.SZ,56.82,58.18,56.75,57.78,962578
2025-11-30,002475.SZ,57.85,59.29,56.4,58.61,1377362
2025-12-01,002475.SZ,58.57,61.5,58.18,60,1813965
2025-12-02,002475.SZ,60.08,60.4,58.45,58.82,1080866
2025-12-03,002475.SZ,58.61,59.73,57.11,59.63,1038909
2025-12-04,002475.SZ,59.62,59.68,58.71,59.25,716996
2025-12-07,002475.SZ,59.1,60.71,58.74,60.08,1114481
2025-12-08,002475.SZ,60.07,61.51,59.6,60.6,1106581
2025-12-09,002475.SZ,59.9,59.9,58.02,59.53,956685
2025-12-10,002475.SZ,59.48,61.3,58.19,58.25,876398
2025-12-11,002475.SZ,58.23,60.88,57.6,60.38,1321919
2025-12-14,002475.SZ,59.55,59.67,57.29,57.36,1226735
2025-12-15,002475.SZ,56.7,57.89,56.32,57.33,724960
2025-12-16,002475.SZ,57.15,58.79,57.08,58.66,761786
2025-12-17,002475.SZ,57.83,58.17,56.96,56.98,599647
2025-12-18,002475.SZ,57.21,57.87,56.75,56.78,618461
2025-12-21,002475.SZ,57.1,58.26,56.99,57.73,777263
2025-12-22,002475.SZ,57.55,58.6,57.43,58.05,775056
2025-12-23,002475.SZ,58.18,59.62,57.61,59.29,918593
2025-12-24,002475.SZ,59,59.95,58.25,59.43,794110
2025-12-25,002475.SZ,59.18,59.2,58.37,58.4,742665
2025-12-28,002475.SZ,58.1,59.36,57.91,58.22,930551
2025-12-29,002475.SZ,57.98,59.38,57.18,58.07,991647
2025-12-30,002475.SZ,58.55,58.65,56.4,56.71,1049052
2026-01-04,002475.SZ,57.12,59.49,57.11,58.55,1594553
2026-01-05,002475.SZ,58.88,59.5,57.82,59.22,1415400
2026-01-06,002475.SZ,59,59.1,56.8,57.55,1873574
2026-01-07,002475.SZ,57.02,57.06,54.77,55.16,2401117
2026-01-08,002475.SZ,54.85,56.3,54,55.65,1540790
2026-01-11,002475.SZ,55.2,55.6,54,55.43,1883905
2026-01-12,002475.SZ,55.65,56.55,54.34,54.58,1334982
2026-01-13,002475.SZ,54.2,54.8,53.46,53.58,1699139
2026-01-14,002475.SZ,53.34,57.57,53.23,57.37,2628471
2026-01-15,002475.SZ,58.28,59.91,57.91,58.08,2599903
2026-01-18,002475.SZ,58.1,60.48,57.8,57.86,1957200
2026-01-19,002475.SZ,57.9,58.33,55.31,57.46,1772260
2026-01-20,002475.SZ,56.65,58.3,56.6,57.06,1117199
2026-01-21,002475.SZ,57.43,58.35,56.1,56.41,1498042
2026-01-22,002475.SZ,56.63,56.63,55,55.5,1449254
2026-01-25,002475.SZ,55.38,55.4,54.01,54.09,1271112
2026-01-26,002475.SZ,54.32,54.79,52.86,53.72,1227843
2026-01-27,002475.SZ,53.7,54.95,52.82,53.28,1511949
2026-01-28,002475.SZ,53,53.13,51.73,51.89,1472606
2026-01-29,002475.SZ,51.61,52.5,51.02,51.69,1085588
2026-02-01,002475.SZ,51.99,53.6,51.99,52.22,1384862
2026-02-02,002475.SZ,52.83,53.39,51.25,52.46,1046638
2026-02-03,002475.SZ,52.01,52.05,50.65,51.9,1244424
2026-02-04,002475.SZ,51.5,52.58,51.42,51.7,759859
2026-02-05,002475.SZ,51.37,52.01,50.7,51.17,724911
2026-02-08,002475.SZ,51.99,52,51.33,51.72,775300
2026-02-09,002475.SZ,51.69,51.98,51.37,51.69,746831
2026-02-10,002475.SZ,51.39,51.92,51.02,51.15,689452
2026-02-11,002475.SZ,51.1,51.33,50.3,50.43,970240
2026-02-12,002475.SZ,49.91,51.08,49.26,50.8,1144926
2026-02-23,002475.SZ,51.41,51.49,50.51,50.63,844153
2026-02-24,002475.SZ,50.55,51.93,50.47,51.58,1247048
2026-02-25,002475.SZ,51.59,51.63,51.04,51.16,1064251
2026-02-26,002475.SZ,50.65,50.69,49.32,50.22,1272716
2026-03-01,002475.SZ,49.31,49.72,48.38,49.11,1289834
2026-03-02,002475.SZ,49.16,49.74,47.2,47.39,1360265
2026-03-03,002475.SZ,46.67,47.09,45.8,46.28,1198906
2026-03-04,002475.SZ,47,47.76,46.88,47,1008733
2026-03-05,002475.SZ,46.59,47.42,46.47,47.3,732496
2026-03-08,002475.SZ,46.27,46.62,45.43,46.5,973749
2026-03-09,002475.SZ,47.2,49.7,47.2,49.39,1814094
2026-03-10,002475.SZ,49.45,50.88,49.28,50.17,1686484
2026-03-11,002475.SZ,49.9,50.43,49.28,49.7,860416
2026-03-12,002475.SZ,49.35,50.28,49.05,49.33,819833
2026-03-15,002475.SZ,49.01,49.27,47.51,49.26,965272
2026-03-16,002475.SZ,50.18,51.76,49.76,49.83,1850095
2026-03-17,002475.SZ,49.66,49.89,48.9,49.34,861205
2026-03-18,002475.SZ,48.38,48.8,47.85,48.04,918059
2026-03-19,002475.SZ,48.39,49.7,48.22,48.22,1004845
2026-03-22,002475.SZ,47.53,47.75,45.95,46.3,1017446
2026-03-23,002475.SZ,46.8,46.94,44.57,46.34,1105607
2026-03-24,002475.SZ,47.38,50.97,47,50.97,2608861
2026-03-25,002475.SZ,51.71,51.71,49.96,50.19,2200194
2026-03-26,002475.SZ,48.18,51.29,48.18,50.61,1749811
2026-03-29,002475.SZ,49.8,50,48.1,48.76,1596406
2026-03-30,002475.SZ,48.4,50.62,48,49.26,1671505
2026-03-31,002475.SZ,50.48,51.11,49.8,50.4,1109777
2026-04-01,002475.SZ,50.1,50.9,49.57,49.89,859659
2026-04-02,002475.SZ,50.3,50.38,48.64,48.8,745145
2026-04-06,002475.SZ,49,49.95,48.11,48.39,799878
2026-04-07,002475.SZ,49.56,52.57,49.56,52.27,2019287
2026-04-08,002475.SZ,51.5,55.78,51.3,55.09,2996031
2026-04-09,002475.SZ,55.42,59.18,54.9,58.18,3868969
2026-04-12,002475.SZ,57.78,59.52,57.5,58.6,2388132
2026-04-13,002475.SZ,59,60.65,58.55,59.14,2432745
2026-04-14,002475.SZ,59,60.98,58.45,58.78,1980038
2026-04-15,002475.SZ,58.76,60.65,58,60.45,1996422
2026-04-16,002475.SZ,59.85,60.88,59.25,59.75,1343424
2026-04-19,002475.SZ,62.64,65.73,60.91,65.73,3929269
2026-04-20,002475.SZ,64.86,66,62.9,65.75,2625733
2026-04-21,002475.SZ,65.39,68.69,64.6,68.03,2366656
2026-04-22,002475.SZ,69,70.68,67.3,67.77,2322371
2026-04-23,002475.SZ,67.51,67.8,64.37,66,2622791
2026-04-26,002475.SZ,67.98,72.6,67.5,71.97,3273500
2026-04-27,002475.SZ,71.02,72.4,68.95,69.88,2159908
2026-04-28,002475.SZ,68,69.77,66.5,68.64,2103918
2026-04-29,002475.SZ,69.48,69.48,66.8,67,1550475
2026-05-05,002475.SZ,68.27,71,66.87,67.08,2130544
2026-05-06,002475.SZ,67.5,70.3,66.29,69.52,2141885
2026-05-07,002475.SZ,68.13,72.08,67.11,71.29,2150710
2026-05-10,002475.SZ,75.5,78.42,74.46,76.06,2700154
2026-05-11,002475.SZ,77.39,78.78,75.5,77.19,1980246
2026-05-12,002475.SZ,75.75,81.78,75.11,80.15,2263665
2026-05-13,002475.SZ,79.29,79.35,75.22,75.4,2216706
2026-05-14,002475.SZ,76.47,76.8,72.61,74,1989212
2026-05-17,002475.SZ,73.08,75.11,71.67,72.9,2045112
2026-05-18,002475.SZ,72.05,72.71,70.04,72.4,1430820
2026-05-19,002475.SZ,72.03,72.6,69.3,70.07,1823804
2026-05-20,002475.SZ,71.01,72.99,67.57,67.87,1947986
2026-05-21,002475.SZ,69.5,72.88,68.9,72.4,1866377
2026-05-24,002475.SZ,73.3,74.93,71.5,74.7,2152996
2026-05-25,002475.SZ,73.7,73.71,71.15,72.45,1564253
2026-05-26,002475.SZ,72.15,74.29,70.69,71.59,1652248
2026-05-27,002475.SZ,71.23,73.35,69.32,72.8,1597158
2026-05-28,002475.SZ,77,77.8,71.28,73.29,2676698
2026-05-31,002475.SZ,73.35,75.93,70.67,70.71,2302540
2026-06-01,002475.SZ,70.01,74.83,68.15,74,2325607
2026-06-02,002475.SZ,75,78,73.33,74.8,2638471
2026-06-03,002475.SZ,73.3,75.6,72.5,74.59,1458711
2026-06-04,002475.SZ,73,73.39,67.98,68.77,2551045
2026-06-07,002475.SZ,64.98,67.65,64.6,66.14,1899719
2026-06-08,002475.SZ,66.18,69.88,65.16,69.34,1711477
2026-06-09,002475.SZ,68,68.05,64.8,65.51,1346162
2026-06-10,002475.SZ,65.04,66.06,63.22,64.58,1224843
2026-06-11,002475.SZ,66.2,67.19,63.7,63.76,1371896
2026-06-14,002475.SZ,65,68.38,64,68.15,1600914
2026-06-15,002475.SZ,68.15,68.7,66.45,67.26,1594150
2026-06-16,002475.SZ,66.45,67.66,65.6,67.32,1511182
2026-06-17,002475.SZ,67,70.77,66.41,69.93,2287715
2026-06-21,002475.SZ,70.7,71.01,66.38,68.4,2087196
2026-06-22,002475.SZ,68.39,71.99,67.78,69.36,2581450
2026-06-23,002475.SZ,68.46,76.3,66.46,75.05,4064758
2026-06-24,002475.SZ,75.1,75.8,73.18,74.42,2523690
2026-06-25,002475.SZ,71,71.5,67.05,68,3403617
2026-06-28,002475.SZ,66.98,67.52,62.48,65.3,2272360
2026-06-29,002475.SZ,65.24,70.88,64.6,70.4,2451704
2026-06-30,002475.SZ,70.4,70.77,65.5,66.24,2089180
2026-07-01,002475.SZ,64.55,64.9,60.66,60.9,2115977
2026-07-02,002475.SZ,62.49,65.97,62.35,64.44,2057754
2026-07-05,002475.SZ,64.79,65.22,61.26,62.88,1301778
2026-07-06,002475.SZ,62.54,64.9,62,63.28,1370584
2026-07-07,002475.SZ,63,64.28,60.6,62.47,1281448
2026-07-08,002475.SZ,62.8,64.66,59.7,64.46,1903541
2026-07-09,002475.SZ,64.38,65.66,62.06,62.14,1422326
2026-07-12,002475.SZ,61.88,61.9,58.24,58.98,1321937
2026-07-13,002475.SZ,58.5,61.9,57.41,61.67,1392525
2026-07-14,002475.SZ,62.25,62.25,59.85,60.47,932658
2026-07-15,002475.SZ,60.86,64.34,60,61.58,1325918
2026-07-16,002475.SZ,61,61.5,57.09,58.05,1433017
2026-07-19,002475.SZ,58.5,59.88,55.03,56.8,1351987
2026-07-20,002475.SZ,57.29,60.78,56.6,60.42,1579397
2026-07-21,002475.SZ,59.88,61.68,58.8,59.16,1062223
2026-07-22,002475.SZ,59.16,61.98,58.65,61.19,1209696
2026-07-23,002475.SZ,60,62.49,59.6,60.59,757369
2026-07-26,002475.SZ,61,63.02,60.35,62.89,1050501
2026-07-27,002475.SZ,61.8,62.68,59.8,60.1,1016612
2026-07-28,002475.SZ,60.55,62.5,59.2,62.35,1426372
2026-07-29,002475.SZ,61.36,61.87,57.02,58.35,1660630
2026-07-30,002475.SZ,60.4,60.83,57.01,57.48,1816800
2026-08-02,002475.SZ,55.9,56,53.12,53.71,1861212
2026-08-03,002475.SZ,54,56,53.6,55.48,1291502
2026-08-04,002475.SZ,52.71,56.51,52.65,55.87,2242420
2026-08-05,002475.SZ,54.15,57.95,53.7,55.9,1720575
2026-08-06,002475.SZ,56.13,58,55.88,56.99,1626406
2026-08-09,002475.SZ,57.5,57.86,55,55.79,1207651
2026-08-10,002475.SZ,55.31,56.23,54.52,55.63,846677
2026-08-11,002475.SZ,55.68,57.58,55.3,57.35,1126365
2026-08-12,002475.SZ,57.99,58.75,56.05,56.06,1082469
2026-08-13,002475.SZ,56.6,56.88,55.8,56.58,717045
2026-08-16,002475.SZ,56.61,58.88,56.31,58.84,1265790
2026-08-17,002475.SZ,58.87,59.5,57.04,57.74,939334
2026-08-18,002475.SZ,56.6,56.6,53.06,53.5,1583354
2026-08-19,002475.SZ,53.96,54.14,52.8,53.34,889389
2026-08-20,002475.SZ,52.98,55.22,52.81,54.65,988123
2026-08-23,002475.SZ,54.83,55.4,52.68,53.72,908775
2026-08-24,002475.SZ,52.6,55.69,51.88,54.86,1336501
2026-08-25,002475.SZ,54.99,58,53.8,57.11,1552130
2026-08-26,002475.SZ,57.7,57.77,56.12,57.18,1110962
2026-08-27,002475.SZ,57.89,58.44,56.5,56.6,1085035
2026-08-30,002475.SZ,55.9,57.7,55.43,57.62,946222
2026-08-31,002475.SZ,57.55,57.66,56.3,56.92,687842
2026-09-01,002475.SZ,56.7,57.9,56.41,57.08,919129
2026-09-02,002475.SZ,57.49,57.99,55.84,56.17,910668
2026-09-03,002475.SZ,56.98,56.98,54.08,54.3,1108347
2026-09-06,002475.SZ,54.6,56.4,54.54,55.93,1061462
2026-09-07,002475.SZ,55.9,56.39,54.89,55.06,690124
2026-09-08,002475.SZ,55.53,56.39,55.44,55.86,716680
2026-09-09,002475.SZ,55,55.45,54.31,54.45,773590
2026-09-10,002475.SZ,53.84,55.92,53.35,55.39,872601
2026-09-13,002475.SZ,54.49,54.89,52.6,52.78,1205436
2026-09-14,002475.SZ,52.35,53.26,51.55,51.63,868745
2026-09-15,002475.SZ,51.6,53.18,51,52.89,812015
2026-09-16,002475.SZ,52.39,53.06,52.01,52.13,590506
2026-09-17,002475.SZ,52.99,54.7,52.56,54.1,1250306
2026-09-20,002475.SZ,54.63,54.99,54.04,54.44,645085
2026-09-21,002475.SZ,54.98,55.8,54.68,54.84,836511
2026-09-22,002475.SZ,54.9,55.13,54.14,54.37,408571
2026-09-23,002475.SZ,54.15,54.15,51.89,52,707971
2026-09-27,002475.SZ,52.06,52.17,49.3,49.92,928595
2026-09-28,002475.SZ,49.92,50.88,49.8,50.4,540376
2026-09-29,002475.SZ,50.5,50.88,49.04,49.43,636200
2022-08-16,600276.SH,36.3,36.86,36.15,36.63,258070
2022-08-17,600276.SH,36.42,36.6,35.72,36.04,274331
2022-08-18,600276.SH,35.89,36.39,35.8,35.9,232145
2022-08-21,600276.SH,34.51,35.53,33.6,35.04,604420
2022-08-22,600276.SH,35.03,35.63,34.43,34.62,327830
2022-08-23,600276.SH,34.62,35.25,34.46,34.48,279635
2022-08-24,600276.SH,34.54,35.14,33.89,34.99,263564
2022-08-25,600276.SH,35.09,35.33,34.7,34.77,212095
2022-08-28,600276.SH,34.15,34.61,34.05,34.23,176266
2022-08-29,600276.SH,34.26,34.57,33.4,33.67,309316
2022-08-30,600276.SH,33.42,34.99,33.38,34.66,356546
2022-08-31,600276.SH,34.65,34.86,34.09,34.34,242547
2022-09-01,600276.SH,34.49,35.18,33.7,33.9,266194
2022-09-04,600276.SH,33.8,34.1,33.3,33.73,222204
2022-09-05,600276.SH,33.93,34.2,33.62,33.88,180244
2022-09-06,600276.SH,33.6,33.72,33.16,33.43,247838
2022-09-07,600276.SH,33.6,34.4,33.5,33.73,274555
2022-09-08,600276.SH,33.66,34.87,33.66,34.78,414174
2022-09-12,600276.SH,34.8,35.65,34.58,35.52,362340
2022-09-13,600276.SH,35.09,35.82,34.72,35.68,291787
2022-09-14,600276.SH,35.89,35.99,35.4,35.49,275193
2022-09-15,600276.SH,35.5,35.68,34.73,34.83,316296
2022-09-18,600276.SH,34.92,35.32,34.41,34.69,200495
2022-09-19,600276.SH,34.71,34.96,33.95,34.13,202237
2022-09-20,600276.SH,34.13,34.23,33.25,33.43,290762
2022-09-21,600276.SH,33.1,33.57,32.33,32.64,312046
2022-09-22,600276.SH,32.5,33.66,32.36,32.93,341931
2022-09-25,600276.SH,32.93,33.3,31.88,31.9,345768
2022-09-26,600276.SH,32.02,33.7,31.9,33.65,464681
2022-09-27,600276.SH,33.63,33.99,33.21,33.47,297010
2022-09-28,600276.SH,33.89,35.94,33.59,34.97,582714
2022-09-29,600276.SH,34.96,35.59,34.7,35.1,342588
2022-10-09,600276.SH,35,35.35,34.23,34.26,312171
2022-10-10,600276.SH,34.55,34.58,33.85,34.1,199416
2022-10-11,600276.SH,34,34.12,32.12,33.25,418962
2022-10-12,600276.SH,33.1,34.97,32.95,34.54,397854
2022-10-13,600276.SH,35,37.99,34.95,37.99,950157
2022-10-16,600276.SH,38.23,40.4,38.23,39.55,1415941
2022-10-17,600276.SH,39.55,40.15,38.78,39.46,827033
2022-10-18,600276.SH,39.45,39.82,38.5,39,550168
2022-10-19,600276.SH,38.56,40.66,38.5,39.18,861646
2022-10-20,600276.SH,38.7,40.18,38.6,39.97,701746
2022-10-23,600276.SH,40,40.37,38.78,38.98,676905
2022-10-24,600276.SH,38.66,39.07,37.42,38.12,505045
2022-10-25,600276.SH,38.11,40.3,38.09,39.72,734058
2022-10-26,600276.SH,39.72,40.15,39.2,39.72,507586
2022-10-27,600276.SH,39.6,40.39,38.83,38.95,560422
2022-10-30,600276.SH,38.16,40.5,38.15,40.2,736431
2022-10-31,600276.SH,40.08,41.58,39.53,41.49,834856
2022-11-01,600276.SH,41.2,43.21,40.89,41.98,944808
2022-11-02,600276.SH,41.55,42.56,41.07,42.09,509935
2022-11-03,600276.SH,41.8,42.56,41.65,41.8,533436
2022-11-06,600276.SH,41.75,42.08,41.21,41.99,481563
2022-11-07,600276.SH,41.96,41.96,40.53,40.7,586386
2022-11-08,600276.SH,40.7,41.4,40.43,40.75,331978
2022-11-09,600276.SH,40.5,41.15,40.03,40.19,319877
2022-11-10,600276.SH,41.04,41.46,39.22,39.22,678497
2022-11-13,600276.SH,39.34,41.13,39.27,40.76,568397
2022-11-14,600276.SH,40.77,40.78,39.75,40.24,480043
2022-11-15,600276.SH,40.24,41.58,39.63,40.5,476331
2022-11-16,600276.SH,40.3,41.11,40,40.4,277683
2022-11-17,600276.SH,40.49,41.3,40.19,40.27,349113
2022-11-20,600276.SH,39.8,41.08,39.2,40.79,418371
2022-11-21,600276.SH,40.83,41.75,39.77,39.92,408100
2022-11-22,600276.SH,39.69,39.89,39.06,39.5,279883
2022-11-23,600276.SH,39.62,40.11,38.81,39.37,284075
2022-11-24,600276.SH,39.18,39.8,38.8,39.63,248639
2022-11-27,600276.SH,38.9,39.47,38.61,39.18,260135
2022-11-28,600276.SH,39.42,40.22,39.09,40.05,275733
2022-11-29,600276.SH,40.05,40.3,39.6,39.83,293264
2022-11-30,600276.SH,40.22,40.96,39.8,40.47,379558
2022-12-01,600276.SH,40.43,40.91,40.23,40.5,250603
2022-12-04,600276.SH,40.5,40.86,39.6,39.88,453317
2022-12-05,600276.SH,39.7,40.5,39.68,39.88,274308
2022-12-06,600276.SH,39.8,40.88,39.34,40.58,396003
2022-12-07,600276.SH,40.57,40.58,38.86,38.87,612777
2022-12-08,600276.SH,38.94,39.3,38.7,38.82,409827
2022-12-11,600276.SH,38.9,39.55,38.5,38.88,376900
2022-12-12,600276.SH,38.89,39,37.86,38.38,384600
2022-12-13,600276.SH,38.38,38.58,37.8,38.44,262941
2022-12-14,600276.SH,38.18,38.8,37.86,37.96,212865
2022-12-15,600276.SH,37.81,38.05,37.71,38,249092
2022-12-18,600276.SH,38.08,38.24,37.08,37.19,291345
2022-12-19,600276.SH,37.17,37.48,36.5,36.51,278438
2022-12-20,600276.SH,36.51,36.69,35.93,36.14,251313
2022-12-21,600276.SH,36.45,37.35,36.26,36.63,356206
2022-12-22,600276.SH,36.31,36.93,36.2,36.75,216845
2022-12-25,600276.SH,36.71,38,36.68,37.56,316402
2022-12-26,600276.SH,37.88,37.89,36.88,37.07,320140
2022-12-27,600276.SH,36.99,37.85,36.92,37.4,247495
2022-12-28,600276.SH,37.25,38.31,37.05,38.13,357508
2022-12-29,600276.SH,38.17,38.85,38.17,38.53,282411
2023-01-02,600276.SH,38.62,39.05,38.11,38.44,257565
2023-01-03,600276.SH,38.63,38.99,38.41,38.77,257668
2023-01-04,600276.SH,39,39.87,38.71,39.55,408464
2023-01-05,600276.SH,39.7,39.84,39.21,39.31,200107
2023-01-08,600276.SH,39.28,39.8,38.77,39.55,328360
2023-01-09,600276.SH,39.53,39.9,39.3,39.38,374508
2023-01-10,600276.SH,39.38,39.65,38.33,38.45,531573
2023-01-11,600276.SH,38.47,38.54,37.74,37.79,495277
2023-01-12,600276.SH,38.45,39.51,37.84,39.27,708163
2023-01-15,600276.SH,39.27,43.2,39.27,43.13,1378805
2023-01-16,600276.SH,42.79,43.33,41.88,42.18,844312
2023-01-17,600276.SH,42.28,42.66,41.33,41.57,541313
2023-01-18,600276.SH,42.16,44.77,41.66,43.64,1094864
2023-01-19,600276.SH,43.68,44.88,43.39,43.54,532465
2023-01-29,600276.SH,43.9,44.44,43.09,43.25,496623
2023-01-30,600276.SH,43.27,43.8,42.14,42.21,409176
2023-01-31,600276.SH,42.23,42.7,41.98,42.64,396414
2023-02-01,600276.SH,42.7,44.1,42.45,43,653487
2023-02-02,600276.SH,43.07,43.59,42.72,42.8,498018
2023-02-05,600276.SH,42.8,42.97,41.9,42.49,379173
2023-02-06,600276.SH,42.39,43.18,41.84,42.1,307633
2023-02-07,600276.SH,42.19,43.5,42.15,42.96,423949
2023-02-08,600276.SH,42.82,43.87,42.67,43.65,373022
2023-02-09,600276.SH,43.64,43.96,43.23,43.6,279700
2023-02-12,600276.SH,44.31,45.99,44.31,44.97,652677
2023-02-13,600276.SH,44.93,45.4,44.54,45.22,329763
2023-02-14,600276.SH,45.2,45.53,44.45,44.81,269470
2023-02-15,600276.SH,44.8,45.07,43.31,43.79,458815
2023-02-16,600276.SH,43.7,44.9,43.38,44.17,395716
2023-02-19,600276.SH,44.16,45.45,43.69,45.22,459923
2023-02-20,600276.SH,45.02,45.44,44.3,44.5,337434
2023-02-21,600276.SH,44.4,44.8,44,44.11,222477
2023-02-22,600276.SH,44.02,44.32,43.18,43.52,337062
2023-02-23,600276.SH,43.39,44.19,43.09,43.19,238178
2023-02-26,600276.SH,42.9,43.4,42.6,43.13,270401
2023-02-27,600276.SH,43.23,44.43,42.92,43.5,328495
2023-02-28,600276.SH,43.43,44.14,43.18,43.77,265213
2023-03-01,600276.SH,43.49,43.77,42.88,43.19,230686
2023-03-02,600276.SH,43.16,43.98,43.1,43.4,190156
2023-03-05,600276.SH,43.5,43.76,43.08,43.42,210869
2023-03-06,600276.SH,43.4,43.8,42.11,42.12,334387
2023-03-07,600276.SH,42.11,42.33,41.59,41.96,270510
2023-03-08,600276.SH,41.93,42.23,41.7,41.73,176774
2023-03-09,600276.SH,41.36,42.21,41.33,41.86,208268
2023-03-12,600276.SH,41.53,41.9,41.21,41.42,254689
2023-03-13,600276.SH,41.42,42.46,41.28,41.48,331395
2023-03-14,600276.SH,41.85,42.27,41.26,41.38,212096
2023-03-15,600276.SH,41.15,41.95,41.06,41.19,184248
2023-03-16,600276.SH,41.55,41.79,40.7,40.82,387716
2023-03-19,600276.SH,40.88,41.09,40.09,40.4,335133
2023-03-20,600276.SH,40.35,41.78,40.35,41.6,333897
2023-03-21,600276.SH,41.61,42.76,41.61,42.63,331144
2023-03-22,600276.SH,42.59,42.96,42.29,42.67,262656
2023-03-23,600276.SH,42.6,42.87,41.63,41.7,259856
2023-03-26,600276.SH,41.7,43.3,40.9,43.28,469301
2023-03-27,600276.SH,43.09,43.2,42.32,43,261611
2023-03-28,600276.SH,43.35,43.46,42.78,43.16,183576
2023-03-29,600276.SH,43.16,43.25,42.51,43.01,206747
2023-03-30,600276.SH,43.01,43.44,42.5,42.82,220698
2023-04-02,600276.SH,42.65,43.18,42.4,42.56,244114
2023-04-03,600276.SH,42.56,43.16,42.1,43.15,338527
2023-04-05,600276.SH,43.2,43.25,42.3,42.78,280353
2023-04-06,600276.SH,42.79,45.3,42.79,45.15,670009
2023-04-09,600276.SH,45.15,46.69,44.9,46.27,662720
2023-04-10,600276.SH,46.2,46.66,45.72,46.01,327026
2023-04-11,600276.SH,46.1,47.35,45.56,45.63,336009
2023-04-12,600276.SH,45.63,47.75,45.47,47.35,646011
2023-04-13,600276.SH,47.94,48.63,47,47.72,604880
2023-04-16,600276.SH,47.8,50.3,47.8,49.29,803312
2023-04-17,600276.SH,49.3,49.7,48.38,48.93,376306
2023-04-18,600276.SH,48.8,49.2,48.41,48.66,267820
2023-04-19,600276.SH,48.5,48.91,47.53,47.8,414766
2023-04-20,600276.SH,47.8,48.35,47.32,47.32,408355
2023-04-23,600276.SH,47.33,49.32,47.33,48.35,603105
2023-04-24,600276.SH,48.35,48.96,47.28,47.98,438672
2023-04-25,600276.SH,48,48.77,47.02,48.2,360255
2023-04-26,600276.SH,48.18,48.75,47.41,48.2,400538
2023-04-27,600276.SH,48.2,48.95,47.83,48.65,282983
2023-05-03,600276.SH,48.55,49.9,48.48,49.27,432507
2023-05-04,600276.SH,49.38,49.48,47.08,47.47,422608
2023-05-07,600276.SH,47.47,47.6,46.07,46.51,468052
2023-05-08,600276.SH,46.39,46.82,45.7,45.93,289536
2023-05-09,600276.SH,46,46.7,45.65,46.35,251665
2023-05-10,600276.SH,46.35,47.99,46.21,46.43,286218
2023-05-11,600276.SH,46.44,46.87,45.37,45.51,363767
2023-05-14,600276.SH,45.51,47.61,45.5,47.44,326025
2023-05-15,600276.SH,49.1,49.71,48.7,49.13,588846
2023-05-16,600276.SH,49.25,49.35,48.16,48.5,271331
2023-05-17,600276.SH,48.5,48.87,47.78,48.02,229022
2023-05-18,600276.SH,48.08,49.75,48.08,49.13,341093
2023-05-21,600276.SH,49.18,50.2,48.33,48.7,291330
2023-05-22,600276.SH,48.75,49.9,48.74,49.1,328983
2023-05-23,600276.SH,49.1,49.18,47.63,47.96,287120
2023-05-24,600276.SH,47.67,48.25,47.18,48.06,183705
2023-05-25,600276.SH,47.95,49.05,47.89,48.4,174986
2023-05-28,600276.SH,48.45,49.03,47.83,48.3,218625
2023-05-29,600276.SH,48.3,49.2,47.3,48.29,347627
2023-05-30,600276.SH,48.5,48.63,45.01,45.55,859349
2023-05-31,600276.SH,45.56,46.89,45.45,45.93,458276
2023-06-01,600276.SH,46.18,46.84,45.87,46.03,286950
2023-06-04,600276.SH,46.2,46.9,46.04,46.5,270911
2023-06-05,600276.SH,46.54,47.17,46.15,46.31,267820
2023-06-06,600276.SH,46.3,46.69,45.35,45.5,248218
2023-06-07,600276.SH,45.5,45.68,44.85,45.59,223284
2023-06-08,600276.SH,45.34,46.15,45.11,45.79,314957
2023-06-11,600276.SH,45.63,45.63,43.7,44.7,499494
2023-06-12,600276.SH,44.61,45.34,44.27,45,196180
2023-06-13,600276.SH,45.1,46.38,44.82,46,411556
2023-06-14,600276.SH,46.4,46.99,46.04,46.93,317301
2023-06-15,600276.SH,46.8,48.48,46.7,47.5,380344
2023-06-18,600276.SH,47.5,47.88,46.63,46.88,218127
2023-06-19,600276.SH,46.97,47.49,46.7,46.78,148967
2023-06-20,600276.SH,46.51,47.17,46.4,46.4,170863
2023-06-25,600276.SH,46.28,47.08,45.68,46.36,214000
2023-06-26,600276.SH,46.18,46.8,45.83,45.95,189784
2023-06-27,600276.SH,46.13,46.4,45.71,46.2,215203
2023-06-28,600276.SH,46.15,47.44,46.1,47.05,302950
2023-06-29,600276.SH,46.9,48.48,46.86,47.9,283562
2023-07-02,600276.SH,47.92,47.92,47.03,47.36,203984
2023-07-03,600276.SH,47.3,50.5,46.51,48.85,841571
2023-07-04,600276.SH,48.85,49.85,48.53,49.19,461083
2023-07-05,600276.SH,49.16,49.2,47.89,48.11,252248
2023-07-06,600276.SH,48,48.59,47.81,48.39,172268
2023-07-09,600276.SH,48.38,48.49,47.36,47.61,216794
2023-07-10,600276.SH,48,48.56,47.21,48.24,242128
2023-07-11,600276.SH,48.24,48.4,47.55,47.77,146811
2023-07-12,600276.SH,47.94,48.2,47.5,48.01,246040
2023-07-13,600276.SH,47.98,47.99,47.5,47.52,134610
2023-07-16,600276.SH,47.52,47.52,46.73,47.2,213944
2023-07-17,600276.SH,47.4,47.85,47,47.2,121135
2023-07-18,600276.SH,47,47.37,46.55,46.69,194150
2023-07-19,600276.SH,46.99,47.4,45.87,45.96,180988
2023-07-20,600276.SH,46.03,46.3,45.65,45.93,209766
2023-07-23,600276.SH,45.9,48,45.89,47.29,473988
2023-07-24,600276.SH,47.75,47.9,47.13,47.76,249098
2023-07-25,600276.SH,47.77,48.16,47.55,48.08,167788
2023-07-26,600276.SH,48.33,48.47,47.8,48.11,162255
2023-07-27,600276.SH,47.88,49.2,47.59,49.05,377573
2023-07-30,600276.SH,49.04,49.33,44.22,44.58,1359242
2023-07-31,600276.SH,44.31,44.31,42.3,43.38,1344001
2023-08-01,600276.SH,43.25,43.99,42.06,42.28,934819
2023-08-02,600276.SH,41.85,42.89,41.18,42.27,791888
2023-08-03,600276.SH,42.55,42.67,41,41.07,1064609
2023-08-06,600276.SH,40.66,40.66,38.56,39.13,1347893
2023-08-07,600276.SH,38.6,40.69,38.58,40.14,974177
2023-08-08,600276.SH,39.9,40.67,39.8,40.21,573863
2023-08-09,600276.SH,40.21,40.38,39.6,39.9,355953
2023-08-10,600276.SH,39.96,40.23,39.2,39.2,337898
2023-08-13,600276.SH,38.83,40.79,38.8,40.62,602790
2023-08-14,600276.SH,40.61,41.1,39.98,40.5,426582
2023-08-15,600276.SH,40.39,41.91,40.25,41.01,630409
2023-08-16,600276.SH,40.72,40.86,40.1,40.57,395599
2023-08-17,600276.SH,40.5,40.58,39.8,39.95,261862
2023-08-20,600276.SH,37.96,39.33,37.1,38.8,607921
2023-08-21,600276.SH,39.15,39.4,38.33,39.15,435386
2023-08-22,600276.SH,39.1,39.31,38.68,38.7,258171
2023-08-23,600276.SH,38.71,40.88,38.4,40.44,477737
2023-08-24,600276.SH,40.26,41.33,40.16,40.72,430306
2023-08-27,600276.SH,42.99,43.35,41.52,41.92,722102
2023-08-28,600276.SH,41.91,42.49,41.6,42.25,376997
2023-08-29,600276.SH,42.5,42.5,42,42.15,253504
2023-08-30,600276.SH,42.15,42.24,41.7,41.78,259633
2023-08-31,600276.SH,41.85,42.02,41.43,41.53,165313
2023-09-03,600276.SH,41.93,41.97,41.1,41.2,324688
2023-09-04,600276.SH,41.21,41.58,41.09,41.21,202444
2023-09-05,600276.SH,41.01,41.19,40.6,40.73,211816
2023-09-06,600276.SH,40.88,40.88,39.93,40.29,286649
2023-09-07,600276.SH,40.25,40.61,40,40.58,178497
2023-09-10,600276.SH,40.75,43.16,40.75,43,757357
2023-09-11,600276.SH,42.81,43.18,42.68,42.91,262043
2023-09-12,600276.SH,42.85,43.08,42.01,42.2,223141
2023-09-13,600276.SH,42.33,42.79,42.05,42.59,230089
2023-09-14,600276.SH,42.7,43.95,42.35,43.6,669591
2023-09-17,600276.SH,43.61,44.95,43.59,44.36,478974
2023-09-18,600276.SH,44.36,44.82,44.09,44.63,257266
2023-09-19,600276.SH,44.5,44.6,43.88,44.35,218104
2023-09-20,600276.SH,44.35,44.39,43.78,43.89,192238
2023-09-21,600276.SH,43.97,44.14,43.4,44.06,282408
2023-09-24,600276.SH,44.1,45.05,43.71,44.85,407403
2023-09-25,600276.SH,44.8,45.08,44.15,44.7,273018
2023-09-26,600276.SH,44.68,45.68,44.65,45.31,357243
2023-09-27,600276.SH,45.55,45.88,44.76,44.94,251307
2023-10-08,600276.SH,44.89,45.2,44.12,44.76,331422
2023-10-09,600276.SH,44.92,44.99,44.28,44.37,166019
2023-10-10,600276.SH,44.7,45.57,44.7,45.05,329577
2023-10-11,600276.SH,45.6,45.65,44.7,44.95,244608
2023-10-12,600276.SH,44.58,45.12,44.37,44.65,187513
2023-10-15,600276.SH,44.82,45.12,44.1,44.23,214400
2023-10-16,600276.SH,44.23,44.53,43.6,44.47,214293
2023-10-17,600276.SH,44.48,44.49,43.76,43.82,157011
2023-10-18,600276.SH,43.66,44.08,43.2,43.41,262747
2023-10-19,600276.SH,43.12,43.5,42.55,42.72,303034
2023-10-22,600276.SH,42.73,43.36,42.33,43.07,224632
2023-10-23,600276.SH,43.06,43.5,42.61,43.23,260856
2023-10-24,600276.SH,43.69,43.87,43.06,43.17,275145
2023-10-25,600276.SH,43.89,44.85,43.45,44.45,418092
2023-10-26,600276.SH,44.26,45.55,43.88,45.4,414072
2023-10-29,600276.SH,45.45,47,45.2,46.58,550654
2023-10-30,600276.SH,48.53,48.78,47.23,47.94,706569
2023-10-31,600276.SH,47.95,48.18,47.29,47.97,335687
2023-11-01,600276.SH,48.17,48.2,47.71,47.9,205142
2023-11-02,600276.SH,47.8,48.1,47.4,47.51,212838
2023-11-05,600276.SH,48.49,48.88,48.16,48.33,378138
2023-11-06,600276.SH,48.5,48.81,48.18,48.43,261492
2023-11-07,600276.SH,48.47,49.74,48.47,49.28,318466
2023-11-08,600276.SH,49.14,49.37,48.27,48.38,294700
2023-11-09,600276.SH,48.1,48.68,48.03,48.39,186558
2023-11-12,600276.SH,48.51,48.64,47.06,47.3,338641
2023-11-13,600276.SH,47.37,47.68,46.8,47.04,206788
2023-11-14,600276.SH,47.68,47.98,47.16,47.33,156722
2023-11-15,600276.SH,47.03,47.48,46.76,46.8,139576
2023-11-16,600276.SH,46.79,47.33,46.68,47.14,211799
2023-11-19,600276.SH,47.21,47.98,46.96,47.49,231080
2023-11-20,600276.SH,47.6,48.08,47.31,47.58,205466
2023-11-21,600276.SH,47.58,47.67,47.14,47.14,126902
2023-11-22,600276.SH,47.15,47.27,46.65,47.17,126847
2023-11-23,600276.SH,47.01,47.21,46.72,46.93,146471
2023-11-26,600276.SH,46.92,47.1,46.42,46.8,184432
2023-11-27,600276.SH,46.7,47.5,46.58,47.5,204180
2023-11-28,600276.SH,47.5,47.9,47.33,47.67,175454
2023-11-29,600276.SH,47.7,48.08,47.43,48.02,215983
2023-11-30,600276.SH,47.95,48.13,45.83,46.58,408166
2023-12-03,600276.SH,46.56,46.64,45.5,45.99,276861
2023-12-04,600276.SH,45.83,46.3,45.15,45.25,265791
2023-12-05,600276.SH,45.22,46.02,44.85,45.41,220289
2023-12-06,600276.SH,45.48,45.75,44.73,44.78,237438
2023-12-07,600276.SH,44.77,45.66,44.65,45.59,292413
2023-12-10,600276.SH,45.37,46.6,45.06,46.53,267695
2023-12-11,600276.SH,46.53,46.66,45.45,45.8,212970
2023-12-12,600276.SH,45.54,46.09,45.52,45.62,186764
2023-12-13,600276.SH,46.08,46.19,45.57,45.73,194061
2023-12-14,600276.SH,45.75,45.84,44.45,44.66,259066
2023-12-17,600276.SH,44.59,45.78,44.18,45.49,244786
2023-12-18,600276.SH,45.41,45.44,44.21,44.78,214347
2023-12-19,600276.SH,44.7,45.18,44.19,44.23,189821
2023-12-20,600276.SH,44.18,44.63,44.05,44.49,188352
2023-12-21,600276.SH,44.48,44.57,43.51,44.01,242358
2023-12-24,600276.SH,44.01,44.55,43.9,44,133612
2023-12-25,600276.SH,44,44.07,43.3,43.98,150554
2023-12-26,600276.SH,43.9,44.21,43.36,44.09,216015
2023-12-27,600276.SH,44.1,44.85,43.93,44.75,307634
2023-12-28,600276.SH,44.88,45.4,44.65,45.23,242380
2024-01-01,600276.SH,45.24,45.44,44.36,44.47,182608
2024-01-02,600276.SH,44.21,44.88,44.05,44.23,146694
2024-01-03,600276.SH,44.3,44.34,42.88,43.79,339045
2024-01-04,600276.SH,43.31,43.5,41.28,41.95,495227
2024-01-07,600276.SH,41.8,41.8,41,41.11,300091
2024-01-08,600276.SH,41.15,41.56,40.88,41.2,211749
2024-01-09,600276.SH,41.2,41.99,40.77,41.5,206746
2024-01-10,600276.SH,41.51,41.85,41.18,41.48,189720
2024-01-11,600276.SH,41.21,41.6,40.92,41.1,132701
2024-01-14,600276.SH,40.7,41.9,40.68,41.51,148935
2024-01-15,600276.SH,41.2,41.65,40.8,41.41,186577
2024-01-16,600276.SH,41.13,41.29,40.11,40.11,240232
2024-01-17,600276.SH,40,41.4,39.47,41.29,387165
2024-01-18,600276.SH,41.09,41.6,40.81,41.41,317395
2024-01-21,600276.SH,41.4,41.7,40.13,40.78,349377
2024-01-22,600276.SH,40.68,40.92,40.23,40.3,208862
2024-01-23,600276.SH,40.68,40.73,39.5,40.52,250042
2024-01-24,600276.SH,40.84,41.2,40.05,41.2,278912
2024-01-25,600276.SH,40.9,41.22,40.01,40.3,302800
2024-01-28,600276.SH,40.25,40.55,39.03,39.25,281051
2024-01-29,600276.SH,39.22,39.44,38.56,38.69,233013
2024-01-30,600276.SH,38.4,38.6,37.22,37.45,380597
2024-01-31,600276.SH,37.2,38.06,36.88,37.16,300235
2024-02-01,600276.SH,37.22,37.67,35.51,35.95,360475
2024-02-04,600276.SH,35.98,37.96,35.79,37.4,497939
2024-02-05,600276.SH,37.4,41.05,37.2,41,568195
2024-02-06,600276.SH,41.25,41.86,40.51,41.84,522124
2024-02-07,600276.SH,41.84,42.55,41.18,41.87,379944
2024-02-18,600276.SH,41.86,42.17,41.05,41.66,253808
2024-02-19,600276.SH,41.73,42.23,41.51,41.86,212255
2024-02-20,600276.SH,41.88,42.46,41.45,42.22,299015
2024-02-21,600276.SH,42,42.54,41.96,42.43,175301
2024-02-22,600276.SH,42.43,42.86,41.88,42.39,229506
2024-02-25,600276.SH,42.21,42.49,41.8,42.08,188782
2024-02-26,600276.SH,42.1,42.33,41.84,42.27,176161
2024-02-27,600276.SH,42.47,43.59,42.23,42.23,340118
2024-02-28,600276.SH,42.22,42.85,42.1,42.64,253408
2024-02-29,600276.SH,42.64,42.92,42.1,42.52,215637
2024-03-03,600276.SH,42.52,43.98,42.46,43.9,376568
2024-03-04,600276.SH,43.9,44.7,43.62,44.56,371200
2024-03-05,600276.SH,44.65,44.9,43.7,43.96,216991
2024-03-06,600276.SH,43.9,43.96,41.6,41.95,457433
2024-03-07,600276.SH,41.94,42.7,41.62,41.89,277418
2024-03-10,600276.SH,41.9,43.7,41.68,43.6,325467
2024-03-11,600276.SH,43.71,45.29,43.2,44.93,431410
2024-03-12,600276.SH,45,45.03,44.16,44.68,207495
2024-03-13,600276.SH,49,49.15,46.51,47.03,1099245
2024-03-14,600276.SH,46.98,47.95,46.5,47.13,438579
2024-03-17,600276.SH,47,47.68,46.45,47.28,297914
2024-03-18,600276.SH,46.91,47.33,45.9,45.97,272048
2024-03-19,600276.SH,45.66,45.91,45.31,45.63,225014
2024-03-20,600276.SH,45.85,46.07,45.45,45.63,183357
2024-03-21,600276.SH,45.54,46,45.1,45.93,242254
2024-03-24,600276.SH,45.95,46.82,45.81,46.16,232620
2024-03-25,600276.SH,46.1,46.59,45.87,46.27,200061
2024-03-26,600276.SH,46.2,46.35,45.7,45.91,155668
2024-03-27,600276.SH,45.91,46.86,45.54,46.21,214019
2024-03-28,600276.SH,46.21,46.37,45.4,45.97,187038
2024-03-31,600276.SH,45.98,46.8,45.98,46.32,202224
2024-04-01,600276.SH,46.2,46.69,45.06,45.46,224903
2024-04-02,600276.SH,45.1,45.33,44.52,44.76,236904
2024-04-07,600276.SH,44.8,45.87,44.8,45.4,236268
2024-04-08,600276.SH,45.4,45.63,44.28,45.54,215272
2024-04-09,600276.SH,45.54,45.98,44.9,45.45,163531
2024-04-10,600276.SH,45.05,45.49,44.63,44.94,186092
2024-04-11,600276.SH,44.8,45.35,43.95,44.09,222119
2024-04-14,600276.SH,44.14,45.15,44.09,44.56,220278
2024-04-15,600276.SH,44.33,44.65,43.79,44.26,233857
2024-04-16,600276.SH,44.35,44.78,43.84,44.39,232756
2024-04-17,600276.SH,45.2,45.5,42.2,42.35,590168
2024-04-18,600276.SH,42,42.34,41.22,41.68,384255
2024-04-21,600276.SH,41.99,42.17,41.46,41.86,278064
2024-04-22,600276.SH,41.86,44.27,41.8,44.07,493661
2024-04-23,600276.SH,43.96,44.2,43.4,43.7,216252
2024-04-24,600276.SH,43.7,44.97,43.5,44.3,244691
2024-04-25,600276.SH,44.2,45.79,44.17,45.61,342783
2024-04-28,600276.SH,45.6,46.86,45.53,46.18,342796
2024-04-29,600276.SH,46.39,46.85,45.85,46.16,192502
2024-05-05,600276.SH,46.93,47.87,46.42,47.16,325824
2024-05-06,600276.SH,47.16,47.5,47.02,47.23,203780
2024-05-07,600276.SH,47.26,47.37,46.25,46.42,261292
2024-05-08,600276.SH,46.51,47.23,46.31,46.9,175147
2024-05-09,600276.SH,46.79,47.05,46.19,46.48,155773
2024-05-12,600276.SH,46.48,46.78,45.37,45.53,291757
2024-05-13,600276.SH,45.53,45.78,45.22,45.33,197237
2024-05-14,600276.SH,45.34,45.42,44.53,44.67,159429
2024-05-15,600276.SH,45,45.11,44.4,44.69,234377
2024-05-16,600276.SH,45.5,46.23,44.07,44.75,376855
2024-05-19,600276.SH,44.28,44.79,43.48,43.81,397023
2024-05-20,600276.SH,43.72,44.16,43.42,43.8,244383
2024-05-21,600276.SH,43.9,43.96,43.4,43.54,252388
2024-05-22,600276.SH,43.54,43.59,42.9,43.05,197024
2024-05-23,600276.SH,43.05,43.18,42.38,42.44,220384
2024-05-26,600276.SH,42.33,42.9,41.82,42.7,306782
2024-05-27,600276.SH,42.7,43.59,42.36,43.27,374279
2024-05-28,600276.SH,43.25,43.48,42.95,43.02,166767
2024-05-29,600276.SH,43.05,43.24,42.54,42.88,132477
2024-05-30,600276.SH,43.4,43.59,42.36,42.36,228651
2024-06-02,600276.SH,42.22,42.69,42.07,42.5,187801
2024-06-03,600276.SH,42.45,44,42.36,43.83,358139
2024-06-04,600276.SH,43.83,44.3,43.69,43.92,180676
2024-06-05,600276.SH,43.65,44.1,42.8,42.91,225869
2024-06-06,600276.SH,42.99,43.26,42.15,42.15,238547
2024-06-10,600276.SH,42,42.81,41.7,42.72,251121
2024-06-11,600276.SH,42.73,42.73,41.91,42.1,218505
2024-06-12,600276.SH,42.1,42.43,41.53,42.06,207298
2024-06-13,600276.SH,41.9,42.1,41.08,41.9,415372
2024-06-16,600276.SH,41.6,42.7,41.59,42.53,241981
2024-06-17,600276.SH,42.5,42.71,41.81,41.97,203923
2024-06-18,600276.SH,42,42.26,41.21,41.36,201011
2024-06-19,600276.SH,41.34,41.77,40.58,40.6,247827
2024-06-20,600276.SH,40.7,40.8,39.77,40.04,364553
2024-06-23,600276.SH,40,40.64,39.54,40.29,278930
2024-06-24,600276.SH,40.51,40.58,39.45,39.7,224590
2024-06-25,600276.SH,39.69,40.04,39.43,39.9,223235
2024-06-26,600276.SH,39.85,39.85,39,39.24,271838
2024-06-27,600276.SH,39.2,39.44,38.33,38.46,309258
2024-06-30,600276.SH,38.45,38.47,37.8,38.27,238909
2024-07-01,600276.SH,38.23,38.25,37.24,37.47,310847
2024-07-02,600276.SH,37.6,39.6,37.33,38.67,552759
2024-07-03,600276.SH,38.67,39.45,38.33,38.45,289257
2024-07-04,600276.SH,38.46,40.3,38.1,40.03,493653
2024-07-07,600276.SH,39.2,40.1,38.44,39.21,499868
2024-07-08,600276.SH,39.12,39.48,38.01,38.99,401063
2024-07-09,600276.SH,39,39.79,38.88,39.41,202323
2024-07-10,600276.SH,39.79,41.14,39.3,40.6,379802
2024-07-11,600276.SH,40.84,41.5,40.48,41.27,315010
2024-07-14,600276.SH,41,41.29,40.46,40.78,207110
2024-07-15,600276.SH,40.65,41.06,40.42,40.95,226268
2024-07-16,600276.SH,40.58,42.15,40.5,41.74,356832
2024-07-17,600276.SH,41.8,42.42,41.7,42.15,307122
2024-07-18,600276.SH,42.08,42.48,41.93,42.23,277511
2024-07-21,600276.SH,42.22,43.1,41.85,42.77,325703
2024-07-22,600276.SH,42.73,42.82,41.35,41.41,366897
2024-07-23,600276.SH,41.29,42.06,41.2,41.4,200352
2024-07-24,600276.SH,41.22,41.88,40.7,41.46,219080
2024-07-25,600276.SH,41.46,41.58,40.59,41.07,221158
2024-07-28,600276.SH,41.02,41.36,40.39,40.49,234789
2024-07-29,600276.SH,40.5,40.66,39.62,40,242615
2024-07-30,600276.SH,39.99,42.36,39.7,42.21,395724
2024-07-31,600276.SH,42.19,42.5,41.75,41.95,174313
2024-08-01,600276.SH,41.89,42.98,41.8,42.17,255820
2024-08-04,600276.SH,42.17,43.58,42.11,42.65,323588
2024-08-05,600276.SH,42.63,43.18,42.48,42.91,217715
2024-08-06,600276.SH,42.88,42.89,42.11,42.15,177293
2024-08-07,600276.SH,42.11,42.89,42.11,42.58,164887
2024-08-08,600276.SH,42.7,43.3,42.41,42.42,155984
2024-08-11,600276.SH,42.22,43.96,42.21,43.63,332835
2024-08-12,600276.SH,43.6,43.6,42.4,42.67,227236
2024-08-13,600276.SH,42.95,42.98,42.09,42.5,141847
2024-08-14,600276.SH,42.38,43.65,42.32,42.92,214247
2024-08-15,600276.SH,42.6,43.21,42.3,43.12,156943
2024-08-18,600276.SH,43.21,43.6,41.77,42.11,239673
2024-08-19,600276.SH,42.1,42.38,41.8,42.25,153987
2024-08-20,600276.SH,42.19,42.8,42.04,42.31,162313
2024-08-21,600276.SH,43.21,44.27,42.63,43.93,537348
2024-08-22,600276.SH,43.68,43.95,43.08,43.62,277509
2024-08-25,600276.SH,43.61,43.8,42.8,43.32,245225
2024-08-26,600276.SH,43.27,43.98,43.11,43.6,226268
2024-08-27,600276.SH,43.6,44.08,43.15,43.5,206227
2024-08-28,600276.SH,43.48,44.55,43.3,44.32,305230
2024-08-29,600276.SH,44.44,44.5,43.93,44.13,313280
2024-09-01,600276.SH,44.01,44.37,43.02,43.9,258008
2024-09-02,600276.SH,43.88,45.2,43.72,44.58,316480
2024-09-03,600276.SH,44.38,45.15,44.17,44.51,212577
2024-09-04,600276.SH,44.66,45.18,44.42,45,198639
2024-09-05,600276.SH,45.15,45.15,44.4,44.4,141476
2024-09-08,600276.SH,44.4,45.42,44.3,44.55,256017
2024-09-09,600276.SH,44.4,44.7,43.71,44.48,199183
2024-09-10,600276.SH,44.3,45.55,44.11,45.43,291578
2024-09-11,600276.SH,45.23,45.78,44.75,44.97,186578
2024-09-12,600276.SH,44.95,45.3,44.4,44.77,195097
2024-09-17,600276.SH,44.89,45.59,44.78,45.12,175079
2024-09-18,600276.SH,45.13,45.33,44.4,45,224012
2024-09-19,600276.SH,44.9,44.9,42.32,42.71,669156
2024-09-22,600276.SH,42.88,43.48,42.52,42.71,284754
2024-09-23,600276.SH,43.38,43.72,42.24,43.66,433281
2024-09-24,600276.SH,44.01,44.65,43.69,43.84,433825
2024-09-25,600276.SH,44.14,46.5,43.71,46.46,476933
2024-09-26,600276.SH,47.38,48.9,46.95,48.68,380621
2024-09-29,600276.SH,50.2,52.74,50,52.3,1018482
2024-10-07,600276.SH,57.53,57.53,53.4,56.01,1192595
2024-10-08,600276.SH,55,55,51.56,51.68,900591
2024-10-09,600276.SH,51.68,53.82,51.68,52.57,585281
2024-10-10,600276.SH,52.13,52.57,49.68,50.2,495422
2024-10-13,600276.SH,50.5,51.67,50.06,51.39,395841
2024-10-14,600276.SH,51.39,52.62,50.55,50.6,363264
2024-10-15,600276.SH,49.89,50.68,49.01,49.18,397388
2024-10-16,600276.SH,49.3,50.53,49.22,49.22,342963
2024-10-17,600276.SH,49,51.51,48.76,50.48,536726
2024-10-20,600276.SH,50.6,51.07,49.33,50.56,471852
2024-10-21,600276.SH,50.21,51.79,50.21,50.76,401077
2024-10-22,600276.SH,50.83,51.18,50.14,50.69,370597
2024-10-23,600276.SH,50.6,50.6,47.82,48.67,901547
2024-10-24,600276.SH,48.6,48.6,46.72,48,943149
2024-10-27,600276.SH,48.03,48.9,47.97,48.59,571141
2024-10-28,600276.SH,48.62,48.91,48.1,48.18,397700
2024-10-29,600276.SH,48.18,48.48,46.96,47.2,475485
2024-10-30,600276.SH,47.21,47.4,46.56,46.6,456722
2024-10-31,600276.SH,46.72,48.5,46.72,47.56,619959
2024-11-03,600276.SH,48.1,48.39,47.26,47.99,406592
2024-11-04,600276.SH,47.62,48.84,47.5,48.68,514370
2024-11-05,600276.SH,48.71,49.68,48.25,48.75,537558
2024-11-06,600276.SH,48.6,50,48.41,50,584066
2024-11-07,600276.SH,50.1,50.5,49.15,49.5,652314
2024-11-10,600276.SH,48.99,49.67,48.3,49.43,586792
2024-11-11,600276.SH,49.43,50.78,49.05,49.29,767357
2024-11-12,600276.SH,49.16,50.26,49.06,49.35,409141
2024-11-13,600276.SH,49.27,49.7,48.43,48.45,389092
2024-11-14,600276.SH,48.27,48.7,47.7,47.7,330870
2024-11-17,600276.SH,47.71,48.06,47,47.2,303536
2024-11-18,600276.SH,47.24,47.8,46.84,47.43,260305
2024-11-19,600276.SH,47.44,50.79,47.44,50.46,1095674
2024-11-20,600276.SH,50.31,50.97,49.75,50.19,488475
2024-11-21,600276.SH,50.19,50.63,48.2,48.27,501548
2024-11-24,600276.SH,48.6,49.49,47.76,47.76,436129
2024-11-25,600276.SH,47.86,49.56,47.8,48.68,399756
2024-11-26,600276.SH,48.62,50.2,48.58,49.99,574544
2024-11-27,600276.SH,49.95,50.75,49.32,49.7,367210
2024-11-28,600276.SH,50.11,51.3,49.8,50.69,693041
2024-12-01,600276.SH,50.6,50.79,50.02,50.45,419765
2024-12-02,600276.SH,50.35,50.41,49.53,49.63,396197
2024-12-03,600276.SH,49.65,49.98,49.25,49.4,258260
2024-12-04,600276.SH,49.42,49.45,48.45,48.95,298108
2024-12-05,600276.SH,48.95,49.8,48.84,49.53,342291
2024-12-08,600276.SH,49.98,50.09,49.06,49.38,276614
2024-12-09,600276.SH,50.25,50.25,47.61,48.13,1022100
2024-12-10,600276.SH,47.86,48.17,47.51,48.15,429449
2024-12-11,600276.SH,48.15,48.15,47.6,48.04,361609
2024-12-12,600276.SH,47.8,47.91,46.56,46.59,650777
2024-12-15,600276.SH,46.58,46.58,45.8,46.07,354079
2024-12-16,600276.SH,46.05,46.97,45.9,46.5,315875
2024-12-17,600276.SH,46.7,47.05,46.53,46.59,247140
2024-12-18,600276.SH,46.18,46.66,45.88,46.54,217461
2024-12-19,600276.SH,46.54,46.88,46.22,46.25,260733
2024-12-22,600276.SH,46.25,46.33,45.51,45.85,361927
2024-12-23,600276.SH,45.85,46.66,45.78,46.33,293991
2024-12-24,600276.SH,46.56,47,46.33,46.62,315258
2024-12-25,600276.SH,46.5,46.54,45.76,46.11,255828
2024-12-26,600276.SH,46.2,46.36,45.9,46.1,212505
2024-12-29,600276.SH,46.29,46.76,46.05,46.14,256267
2024-12-30,600276.SH,46.13,46.57,45.85,45.9,388166
2025-01-01,600276.SH,45.88,46.1,44.7,44.95,348132
2025-01-02,600276.SH,45,45.17,44.16,44.36,273873
2025-01-05,600276.SH,44.75,45.11,44.38,45.01,301481
2025-01-06,600276.SH,45.05,45.09,44.01,44.04,257422
2025-01-07,600276.SH,44.05,44.18,42.95,43.55,350327
2025-01-08,600276.SH,43.58,43.87,43.06,43.08,257768
2025-01-09,600276.SH,43.06,43.41,42.53,42.67,265752
2025-01-12,600276.SH,42.51,43.17,42.4,42.81,191129
2025-01-13,600276.SH,42.81,44.41,42.81,44.29,337755
2025-01-14,600276.SH,44.26,44.28,43.66,43.88,184965
2025-01-15,600276.SH,44.08,44.15,42.86,42.9,310158
2025-01-16,600276.SH,42.5,43.08,42.44,42.84,200612
2025-01-19,600276.SH,43.29,45.36,43.28,44.52,558603
2025-01-20,600276.SH,44.85,45.3,44.55,45.13,353980
2025-01-21,600276.SH,45.03,45.24,44.24,44.43,210751
2025-01-22,600276.SH,44.55,44.82,43.77,43.96,286082
2025-01-23,600276.SH,43.87,45.15,43.82,44.64,350461
2025-01-26,600276.SH,44.8,45.18,44.58,44.65,193068
2025-02-04,600276.SH,44.67,44.8,43.87,44.01,274407
2025-02-05,600276.SH,44.13,44.55,43.67,44.36,252177
2025-02-06,600276.SH,44.36,46.33,44,45.29,505422
2025-02-09,600276.SH,45.5,45.5,44.67,44.88,378892
2025-02-10,600276.SH,45,45.1,44.05,44.19,310678
2025-02-11,600276.SH,44.2,44.55,44.02,44.44,251757
2025-02-12,600276.SH,44.3,45.06,44.06,44.64,378625
2025-02-13,600276.SH,44.62,45.77,44.56,45.5,522174
2025-02-16,600276.SH,45.8,46.31,44.95,45.26,557653
2025-02-17,600276.SH,45.31,45.77,44.66,44.82,350219
2025-02-18,600276.SH,44.74,45.18,44.2,44.71,367611
2025-02-19,600276.SH,44.75,46.98,44.75,46.5,854058
2025-02-20,600276.SH,46.7,48.48,46.53,48.28,975118
2025-02-23,600276.SH,48.4,48.65,47.6,48.09,533081
2025-02-24,600276.SH,47.64,48.25,47.17,47.37,354332
2025-02-25,600276.SH,47.6,47.74,46.95,47.55,328113
2025-02-26,600276.SH,47.4,48.36,47.19,47.91,369081
2025-02-27,600276.SH,47.71,48.1,45.81,45.96,491615
2025-03-02,600276.SH,45.95,46.81,45.77,45.92,318946
2025-03-03,600276.SH,45.81,46.09,45.38,45.86,243337
2025-03-04,600276.SH,45.86,46.12,45.46,45.98,252670
2025-03-05,600276.SH,46.3,46.86,46.05,46.52,331389
2025-03-06,600276.SH,46.4,46.4,45.52,45.68,336614
2025-03-09,600276.SH,45.82,46.16,45,45.49,343606
2025-03-10,600276.SH,45.05,45.49,44.95,45.34,291535
2025-03-11,600276.SH,45.38,45.79,44.95,45,339551
2025-03-12,600276.SH,45.05,45.28,44.77,45.03,243349
2025-03-13,600276.SH,45.12,46.87,44.88,46.54,573207
2025-03-16,600276.SH,47.32,47.35,46.38,46.48,277431
2025-03-17,600276.SH,46.88,47.48,46.42,46.5,308309
2025-03-18,600276.SH,46.52,48.12,46.3,47.29,485162
2025-03-19,600276.SH,47.2,47.47,46.48,46.63,325188
2025-03-20,600276.SH,46.4,46.63,44.83,44.85,541538
2025-03-23,600276.SH,44.86,45.04,44.2,44.35,327076
2025-03-24,600276.SH,44.47,45.02,44.23,44.87,229105
2025-03-25,600276.SH,46.2,46.94,46.07,46.23,611036
2025-03-26,600276.SH,46.08,48.42,45.6,48.39,868632
2025-03-27,600276.SH,48.39,49.53,48.39,48.61,772998
2025-03-30,600276.SH,48.98,50.08,48.85,49.2,783166
2025-03-31,600276.SH,49.2,52.5,48.91,51.8,1359063
2025-04-01,600276.SH,51.32,51.76,50.66,50.85,631879
2025-04-02,600276.SH,50.41,51.6,50.41,51.04,517858
2025-04-06,600276.SH,48.8,49.85,46.76,48.7,1155033
2025-04-07,600276.SH,48.8,49.29,47.26,48.7,987646
2025-04-08,600276.SH,47.73,48.22,45.86,48.22,975200
2025-04-09,600276.SH,48.97,49.09,47.86,48.5,731713
2025-04-10,600276.SH,48.16,48.68,47.8,48.38,425798
2025-04-13,600276.SH,48.38,50,48.1,48.87,571834
2025-04-14,600276.SH,48.6,48.93,47.92,48.27,326289
2025-04-15,600276.SH,48.4,48.9,47.36,48.9,455344
2025-04-16,600276.SH,48.54,48.87,48.32,48.78,303900
2025-04-17,600276.SH,48.58,48.92,47.86,48,253302
2025-04-20,600276.SH,47.7,49.4,47.63,49.17,370680
2025-04-21,600276.SH,49.04,51.3,49.04,50.97,617892
2025-04-22,600276.SH,50.96,51.45,50.62,51.09,385430
2025-04-23,600276.SH,50.97,51.72,50.42,51.13,336077
2025-04-24,600276.SH,51.68,52,49.97,50.27,524329
2025-04-27,600276.SH,49.68,50.15,49,49.97,396210
2025-04-28,600276.SH,49.71,49.73,48.88,49.6,346670
2025-04-29,600276.SH,49.45,51.36,49.3,51.1,429338
2025-05-05,600276.SH,52.1,52.18,50.73,51,385439
2025-05-06,600276.SH,52.1,52.25,51.01,51.51,397288
2025-05-07,600276.SH,51.22,51.73,51.03,51.56,290148
2025-05-08,600276.SH,51.56,52.99,51.45,52.81,586037
2025-05-11,600276.SH,52,52,50.2,50.69,843912
2025-05-12,600276.SH,51.19,52.23,50.88,51.23,519132
2025-05-13,600276.SH,51.02,53.25,51.01,52.9,626347
2025-05-14,600276.SH,52.9,53.95,52.7,53.69,533615
2025-05-15,600276.SH,53.49,54,52.9,53.85,382177
2025-05-18,600276.SH,53.8,54.33,53.05,53.45,350191
2025-05-19,600276.SH,54.29,55.15,53.79,54.45,593357
2025-05-20,600276.SH,54.28,56.5,54.03,55.94,612403
2025-05-21,600276.SH,56,56.36,55.16,55.6,413146
2025-05-22,600276.SH,55.9,56,54.3,54.5,541840
2025-05-25,600276.SH,54.2,54.63,53.06,53.35,532284
2025-05-26,600276.SH,53.22,54.09,53.13,53.42,360323
2025-05-27,600276.SH,53.59,54.93,53.33,54.25,358050
2025-05-28,600276.SH,54.15,54.59,53.86,54.1,354853
2025-05-29,600276.SH,54.29,55.66,54.25,54.74,471422
2025-06-02,600276.SH,54.74,55.78,54.25,54.88,434450
2025-06-03,600276.SH,54.84,55.84,54.61,55.29,368593
2025-06-04,600276.SH,55.1,55.1,53.55,53.88,495273
2025-06-05,600276.SH,53.9,54.18,53.38,53.8,344534
2025-06-08,600276.SH,54,55.79,53.78,54.36,656906
2025-06-09,600276.SH,54.38,55.8,54.38,55.13,480735
2025-06-10,600276.SH,55,55.81,54.55,54.71,377736
2025-06-11,600276.SH,54.4,56.2,54,55.82,493188
2025-06-12,600276.SH,55.69,56.06,53.56,53.89,660238
2025-06-15,600276.SH,53.41,54.08,53.1,53.76,392241
2025-06-16,600276.SH,54,54.21,51.6,51.84,695180
2025-06-17,600276.SH,51.7,52.23,51.32,51.81,334095
2025-06-18,600276.SH,51.84,52.39,51.31,51.58,373167
2025-06-19,600276.SH,51.75,52.33,51.63,51.76,240608
2025-06-22,600276.SH,51.68,52.18,51.2,51.96,313281
2025-06-23,600276.SH,52.09,52.5,51.73,52.15,451035
2025-06-24,600276.SH,52.15,53.03,51.31,52.95,536482
2025-06-25,600276.SH,52.6,52.95,51.9,52.08,392269
2025-06-26,600276.SH,51.91,52.07,51.67,51.95,287765
2025-06-29,600276.SH,51.91,52.19,50.99,51.9,445355
2025-06-30,600276.SH,51.89,52.74,51.8,52.46,397725
2025-07-01,600276.SH,52.4,53.44,52.1,52.25,325712
2025-07-02,600276.SH,52.26,52.58,51.81,52.47,293678
2025-07-03,600276.SH,52.61,53.79,52.6,53.26,477923
2025-07-06,600276.SH,53.38,53.59,52.56,52.65,286388
2025-07-07,600276.SH,52.69,53.69,52.5,53.4,359263
2025-07-08,600276.SH,53.4,57.94,53.02,57.19,1158212
2025-07-09,600276.SH,57.13,58.28,56.61,57.6,903716
2025-07-10,600276.SH,57.51,58.12,56.88,56.9,658632
2025-07-13,600276.SH,56.75,58.05,56.56,57.21,473758
2025-07-14,600276.SH,57.25,57.53,56.52,57.22,436928
2025-07-15,600276.SH,57.65,58.9,57.04,57.22,398191
2025-07-16,600276.SH,56.9,57.9,56.84,57.73,444146
2025-07-17,600276.SH,58.21,59.86,57.9,58.76,660986
2025-07-20,600276.SH,58.5,58.8,57.68,58,509442
2025-07-21,600276.SH,58,58.85,57.2,57.41,475570
2025-07-22,600276.SH,57.2,58.08,56.87,57.13,425295
2025-07-23,600276.SH,57.44,57.98,56.95,57.5,465834
2025-07-24,600276.SH,57.5,57.55,56.35,56.4,505394
2025-07-27,600276.SH,60.1,62.04,59.66,62.04,1630096
2025-07-28,600276.SH,63,65.43,62.13,63.8,1682769
2025-07-29,600276.SH,63.81,64.73,62.65,63.59,980849
2025-07-30,600276.SH,63.4,64.25,62.5,62.9,742039
2025-07-31,600276.SH,62.83,63.58,60.76,61.31,734655
2025-08-03,600276.SH,60.6,62.05,60,62,689613
2025-08-04,600276.SH,62.11,62.46,61.56,62.3,541443
2025-08-05,600276.SH,62.19,62.55,61.38,61.58,572479
2025-08-06,600276.SH,61.25,62.1,60.7,60.81,504764
2025-08-07,600276.SH,60.7,61.13,60,60.99,362971
2025-08-10,600276.SH,60.99,61.42,60.68,61.07,425752
2025-08-11,600276.SH,61.32,61.45,60.26,60.85,391835
2025-08-12,600276.SH,60.85,63.51,60.85,62.61,815296
2025-08-13,600276.SH,62.85,63.6,62.36,62.82,571266
2025-08-14,600276.SH,62.64,64.27,62.46,63.4,614933
2025-08-17,600276.SH,63.4,63.95,62.81,63.08,728858
2025-08-18,600276.SH,63.4,65.4,61.63,61.69,997700
2025-08-19,600276.SH,61.66,62.97,61.11,62.85,650424
2025-08-20,600276.SH,63.98,65.33,62.95,63.99,858629
2025-08-21,600276.SH,64.71,65.2,63.83,64.98,637719
2025-08-24,600276.SH,64.98,66.4,64.37,66.26,849234
2025-08-25,600276.SH,66.2,66.2,65,65.3,575129
2025-08-26,600276.SH,65.01,65.71,63.04,63.05,836169
2025-08-27,600276.SH,62.95,63.22,61.41,63.03,715902
2025-08-28,600276.SH,63.03,66.87,63.03,66.23,1023186
2025-08-31,600276.SH,66.4,68.88,65.92,68.35,872181
2025-09-01,600276.SH,69.8,70.77,67.8,68.87,1084490
2025-09-02,600276.SH,68.8,73.42,68.8,71.98,1129369
2025-09-03,600276.SH,71.27,71.58,67.5,68.65,1102894
2025-09-04,600276.SH,69,72.98,69,72.47,936479
2025-09-07,600276.SH,73,73.87,71.64,72.31,748209
2025-09-08,600276.SH,72.17,74.04,70.48,71.09,767670
2025-09-09,600276.SH,70.84,71.77,70.08,70.32,468204
2025-09-10,600276.SH,66.58,68.47,64,68.29,1942359
2025-09-11,600276.SH,68.28,69.51,67.86,69.01,831215
2025-09-14,600276.SH,68.85,69.69,68.26,69.1,611882
2025-09-15,600276.SH,69.1,69.34,68.34,69.15,434582
2025-09-16,600276.SH,69.3,70.8,69.3,70.13,586034
2025-09-17,600276.SH,70.56,73.12,69.9,71.09,865639
2025-09-18,600276.SH,71.1,71.24,69.49,69.65,524392
2025-09-21,600276.SH,70.49,72.7,70.4,71.05,576542
2025-09-22,600276.SH,71,71.19,68.5,69.7,561330
2025-09-23,600276.SH,69.7,70.38,69.3,70.11,395302
2025-09-24,600276.SH,72.4,73.08,71.55,72.27,739039
2025-09-25,600276.SH,70.8,71.37,69.23,70.08,699045
2025-09-28,600276.SH,69.79,69.79,67.76,69.2,647991
2025-09-29,600276.SH,69,71.58,68.8,71.55,579451
2025-10-08,600276.SH,71.56,71.66,69.11,71.15,592793
2025-10-09,600276.SH,70.38,70.88,67.85,68.2,706101
2025-10-12,600276.SH,66,68.03,65.7,66.98,532287
2025-10-13,600276.SH,67.61,67.66,63.7,64.27,702947
2025-10-14,600276.SH,64.2,66.42,63.68,66.4,511232
2025-10-15,600276.SH,66.43,68.5,65.72,66.84,460378
2025-10-16,600276.SH,66.85,67.4,65,65.1,349507
2025-10-19,600276.SH,65.99,66.51,64.83,65.13,326717
2025-10-20,600276.SH,65.5,66.58,65.14,66,369560
2025-10-21,600276.SH,66.25,66.79,65.01,65.26,398048
2025-10-22,600276.SH,65.01,65.43,64.02,65.14,342785
2025-10-23,600276.SH,65.26,66.36,65.01,65.5,372753
2025-10-26,600276.SH,66.55,67.85,66.51,67.01,508925
2025-10-27,600276.SH,65.22,65.46,63.5,63.62,1082090
2025-10-28,600276.SH,63.6,64.48,62.71,64.02,562175
2025-10-29,600276.SH,64.02,64.02,62.87,62.88,608740
2025-10-30,600276.SH,63.36,65.49,63.2,64.15,837064
2025-11-02,600276.SH,64.96,64.99,62.82,63.4,460306
2025-11-03,600276.SH,63.42,63.45,61.55,61.92,515610
2025-11-04,600276.SH,61.3,62.49,61.22,61.96,334381
2025-11-05,600276.SH,61.95,62.5,61.47,62.42,252524
2025-11-06,600276.SH,62,62.49,61.5,61.58,270654
2025-11-09,600276.SH,61.57,61.93,60.96,61.83,396248
2025-11-10,600276.SH,61.95,62.2,61,61.06,275160
2025-11-11,600276.SH,61.09,62.86,61.09,62.1,514268
2025-11-12,600276.SH,62.69,63.79,62.23,63.56,508318
2025-11-13,600276.SH,63.45,63.9,62.76,62.9,319504
2025-11-16,600276.SH,62.89,63.05,61.41,61.8,315385
2025-11-17,600276.SH,61.61,62.85,61.52,61.78,219101
2025-11-18,600276.SH,61.5,61.78,61.02,61.11,211162
2025-11-19,600276.SH,61.23,61.65,60.54,60.63,253480
2025-11-20,600276.SH,60.33,61.1,59.31,59.5,447335
2025-11-23,600276.SH,60.04,61.1,59.96,60.66,343973
2025-11-24,600276.SH,61.1,61.61,60.53,60.88,265045
2025-11-25,600276.SH,61.5,62.8,61.03,62.36,439862
2025-11-26,600276.SH,62.6,62.96,61.94,62.09,257308
2025-11-27,600276.SH,62.36,62.36,61.61,62.08,202776
2025-11-30,600276.SH,62.08,62.09,61.06,61.94,254831
2025-12-01,600276.SH,61.9,61.9,61,61.12,182306
2025-12-02,600276.SH,61.1,61.55,60.7,60.97,198530
2025-12-03,600276.SH,61.01,61.49,60.97,61.25,180408
2025-12-04,600276.SH,61.19,61.79,60.7,61.62,231176
2025-12-07,600276.SH,62.6,63.55,61.92,62.46,508618
2025-12-08,600276.SH,62.32,64.15,62.3,63.08,493593
2025-12-09,600276.SH,63.15,63.56,62.27,63.38,288960
2025-12-10,600276.SH,63.56,63.94,63.11,63.4,247061
2025-12-11,600276.SH,63.28,63.28,62.26,63.28,315629
2025-12-14,600276.SH,62.68,62.68,61.38,61.38,290072
2025-12-15,600276.SH,61.38,61.49,58.68,59.15,523785
2025-12-16,600276.SH,59.35,60.8,59.01,60.3,330418
2025-12-17,600276.SH,60.05,60.57,59.95,60,179309
2025-12-18,600276.SH,60.07,61.38,59.91,60.85,288358
2025-12-21,600276.SH,60.81,61.5,60.33,60.93,236709
2025-12-22,600276.SH,60.85,62.56,60.84,61.8,329191
2025-12-23,600276.SH,61.67,62,61.08,61.23,250502
2025-12-24,600276.SH,61.22,61.66,61.03,61.4,155182
2025-12-25,600276.SH,61.3,61.66,60.6,61.06,214308
2025-12-28,600276.SH,61.06,61.27,60.41,60.51,285752
2025-12-29,600276.SH,60.4,60.6,59.9,60.18,253305
2025-12-30,600276.SH,60.16,60.36,59.5,59.57,268279
2026-01-04,600276.SH,60.06,63.49,59.99,63.08,851170
2026-01-05,600276.SH,63.36,63.48,62.4,63.06,463525
2026-01-06,600276.SH,63.01,64.8,63,63.85,524652
2026-01-07,600276.SH,65,65.05,63.03,63.6,447749
2026-01-08,600276.SH,63.58,64.2,62.8,63.78,426358
2026-01-11,600276.SH,64.1,64.3,63.21,63.85,428770
2026-01-12,600276.SH,64.3,65.83,64.05,64.52,740340
2026-01-13,600276.SH,64.55,65.6,63.2,63.61,629255
2026-01-14,600276.SH,63.18,63.83,62.7,63.17,467612
2026-01-15,600276.SH,63.35,63.52,61.66,61.94,523786
2026-01-18,600276.SH,61.8,62.38,60.66,61.12,473891
2026-01-19,600276.SH,61.13,61.65,60.4,60.5,427755
2026-01-20,600276.SH,60.51,60.88,59.86,60.1,546035
2026-01-21,600276.SH,60.36,60.36,59.3,59.44,537068
2026-01-22,600276.SH,59.73,60.27,58.76,58.99,808043
2026-01-25,600276.SH,58.99,59.16,58.05,58.16,727329
2026-01-26,600276.SH,58.39,58.49,57.14,57.2,637255
2026-01-27,600276.SH,57.44,57.8,56.3,56.55,878750
2026-01-28,600276.SH,56.35,58.37,56.08,58.11,1137825
2026-01-29,600276.SH,58,59.79,57.76,58.16,852045
2026-02-01,600276.SH,57.76,58.33,56.31,56.49,609580
2026-02-02,600276.SH,57,57.69,56.5,57.47,498835
2026-02-03,600276.SH,57.3,57.7,56.23,57.6,489243
2026-02-04,600276.SH,57.5,58.47,57.3,58.16,517746
2026-02-05,600276.SH,57.74,58.15,57.24,57.31,360904
2026-02-08,600276.SH,57.75,57.89,57,57.45,366117
2026-02-09,600276.SH,57.46,59.04,57.05,58.4,648861
2026-02-10,600276.SH,58.4,59.95,58.35,58.9,573680
2026-02-11,600276.SH,58.6,59.49,58.5,58.74,348690
2026-02-12,600276.SH,58.76,59.05,58.13,58.23,343568
2026-02-23,600276.SH,58.31,58.48,57.72,58.01,338981
2026-02-24,600276.SH,57.98,58.2,57.58,57.86,421579
2026-02-25,600276.SH,57.86,58.1,56.6,56.72,508987
2026-02-26,600276.SH,56.62,57.27,56.3,56.56,363641
2026-03-01,600276.SH,55.58,56.08,54.2,54.54,742062
2026-03-02,600276.SH,54.7,55.33,53.45,53.61,601399
2026-03-03,600276.SH,53.22,53.9,52.67,52.98,471518
2026-03-04,600276.SH,53.41,54.84,53.1,53.72,484860
2026-03-05,600276.SH,53.6,55.67,53.4,55.56,629119
2026-03-08,600276.SH,54.78,55.18,54.05,54.94,426233
2026-03-09,600276.SH,55.3,56.75,55.3,56.55,473605
2026-03-10,600276.SH,56.45,56.55,55.6,55.83,321259
2026-03-11,600276.SH,55.8,56.04,55.23,55.3,266691
2026-03-12,600276.SH,55.3,55.63,54.95,55.11,244164
2026-03-15,600276.SH,55.21,56.05,54.52,55.59,307751
2026-03-16,600276.SH,55.69,57.44,55.38,56.3,504111
2026-03-17,600276.SH,56.26,57.08,56.02,56.88,393793
2026-03-18,600276.SH,56.17,57.03,55.91,56.02,343647
2026-03-19,600276.SH,56.19,56.76,55.05,55.14,347395
2026-03-22,600276.SH,54.18,54.35,52.41,52.78,487702
2026-03-23,600276.SH,53.27,53.74,52.81,53.64,348355
2026-03-24,600276.SH,54,54.86,53.84,54.1,411526
2026-03-25,600276.SH,53.28,54.1,51.54,51.63,649417
2026-03-26,600276.SH,51.3,55.48,51.11,55.18,991196
2026-03-29,600276.SH,54.73,56.1,54.61,55.76,697271
2026-03-30,600276.SH,55.86,57.38,55.2,55.22,692924
2026-03-31,600276.SH,56.03,57.78,55.6,57.73,1005517
2026-04-01,600276.SH,57.74,58.35,57.01,57.37,765170
2026-04-02,600276.SH,56.98,56.99,56.1,56.38,454916
2026-04-06,600276.SH,56.51,56.85,55,56.12,401467
2026-04-07,600276.SH,57.01,57.64,55.91,57.45,734463
2026-04-08,600276.SH,56.92,57.97,56.71,56.96,480755
2026-04-09,600276.SH,57.5,58.14,56.8,57.06,587795
2026-04-12,600276.SH,56.6,56.64,55.01,55.2,796044
2026-04-13,600276.SH,55.35,56.31,54.8,56.18,574457
2026-04-14,600276.SH,57.94,58.45,57.04,57.73,1029480
2026-04-15,600276.SH,57.98,58,57.02,57.47,576718
2026-04-16,600276.SH,57.2,57.2,56.01,56.33,632524
2026-04-19,600276.SH,56.33,56.68,55.83,56.34,433049
2026-04-20,600276.SH,56.35,56.76,55.55,55.75,432751
2026-04-21,600276.SH,55.6,55.94,54.94,55.44,523563
2026-04-22,600276.SH,56.03,57.96,56.03,56.4,963938
2026-04-23,600276.SH,56.5,56.75,55.32,56.05,557798
2026-04-26,600276.SH,56.06,56.07,55.2,55.38,455530
2026-04-27,600276.SH,55.38,57.35,54.8,54.84,903120
2026-04-28,600276.SH,54.83,55.08,54.2,54.99,591509
2026-04-29,600276.SH,55.04,55.04,53.81,53.88,712485
2026-05-05,600276.SH,53.98,54.11,53.4,53.63,665748
2026-05-06,600276.SH,53.88,54.43,53.4,53.68,623452
2026-05-07,600276.SH,53.88,53.92,52.68,52.8,802415
2026-05-10,600276.SH,52.8,53.79,52.12,53.52,1023063
2026-05-11,600276.SH,53.53,58.87,52.75,56.11,2465400
2026-05-12,600276.SH,56.11,57.26,55.66,55.86,1327791
2026-05-13,600276.SH,55.8,56.74,54.28,54.32,917227
2026-05-14,600276.SH,54.08,55.66,53.75,53.99,765989
2026-05-17,600276.SH,53.78,53.8,52.19,52.43,786609
2026-05-18,600276.SH,52.3,52.91,51.33,51.59,699095
2026-05-19,600276.SH,51.51,51.96,50.38,50.95,827046
2026-05-20,600276.SH,51.03,52.79,50.88,51.45,994025
2026-05-21,600276.SH,51.55,51.58,50.4,50.47,677620
2026-05-24,600276.SH,50.01,50.02,49.02,49.43,838355
2026-05-25,600276.SH,49.08,50.17,48.8,49.2,713746
2026-05-26,600276.SH,48.88,51.3,48.45,50.37,961153
2026-05-27,600276.SH,50.06,50.58,47.85,48,978697
2026-05-28,600276.SH,48.02,50.52,47.62,50.19,1300405
2026-05-31,600276.SH,50.32,51.2,49,49.17,946653
2026-06-01,600276.SH,48.82,49.1,47.9,48.4,611443
2026-06-02,600276.SH,48.1,48.18,47.2,47.2,815364
2026-06-03,600276.SH,47,47.88,46.51,46.63,639249
2026-06-04,600276.SH,47.48,48.72,47,47.08,930264
2026-06-07,600276.SH,46.6,47.72,45.55,45.94,684211
2026-06-08,600276.SH,46.34,46.6,45.26,46.38,621286
2026-06-09,600276.SH,46.1,47.38,45.91,47.01,621576
2026-06-10,600276.SH,46.7,47.2,46.22,46.98,473374
2026-06-11,600276.SH,47.2,48.95,46.56,48.49,1002990
2026-06-14,600276.SH,48.44,48.8,47.62,47.88,669408
2026-06-15,600276.SH,47.6,48.09,47.14,47.35,502935
2026-06-16,600276.SH,47.37,47.66,46.78,46.99,518239
2026-06-17,600276.SH,46.99,49.5,46.61,48.42,1185928
2026-06-21,600276.SH,48.2,49.41,47.3,49.36,946321
2026-06-22,600276.SH,49.18,50.92,48.8,48.98,1075827
2026-06-23,600276.SH,48.98,51.36,48.93,50.25,1358812
2026-06-24,600276.SH,49.86,50.8,48.66,50.04,1051386
2026-06-25,600276.SH,50.46,50.73,48.62,48.67,749617
2026-06-28,600276.SH,49.01,53.31,48.43,52.93,1727562
2026-06-29,600276.SH,52.97,53.45,51.7,52.04,1146413
2026-06-30,600276.SH,51.61,54.08,50.22,53.78,1569308
2026-07-01,600276.SH,53.8,55.45,53.09,53.49,1320238
2026-07-02,600276.SH,54.55,55.15,53.28,54.45,1098671
2026-07-05,600276.SH,54.4,57.77,53.77,56.77,1796982
2026-07-06,600276.SH,56.4,56.5,54.88,55.36,1077221
2026-07-07,600276.SH,55.57,56.76,53.99,54.01,957827
2026-07-08,600276.SH,53.2,55.77,52.85,55.61,1108322
2026-07-09,600276.SH,54.6,57.48,54.55,55.75,1336189
2026-07-12,600276.SH,55.11,56.22,54.78,55.75,930293
2026-07-13,600276.SH,55.75,55.98,54.27,54.82,966292
2026-07-14,600276.SH,54.26,58,54.26,57.5,1941697
2026-07-15,600276.SH,56.81,57.4,55.51,55.99,1220084
2026-07-16,600276.SH,56,56.17,53.02,53.19,1161817
2026-07-19,600276.SH,52.97,55.78,52.9,55.57,1133069
2026-07-20,600276.SH,55.99,55.99,53.76,54.93,964390
2026-07-21,600276.SH,54.35,56.49,54.27,55.39,859798
2026-07-22,600276.SH,55.39,55.75,53.9,54.91,799989
2026-07-23,600276.SH,55,55.08,53,53.45,704837
2026-07-26,600276.SH,53.9,54.56,52.88,53.6,552452
2026-07-27,600276.SH,53.45,53.88,52.53,53.29,479795
2026-07-28,600276.SH,54,54.44,52.72,53.89,684657
2026-07-29,600276.SH,54.05,54.69,53.3,54.65,735879
2026-07-30,600276.SH,53.7,54.45,53.5,54.08,578082
2026-08-02,600276.SH,53.87,54.32,52.86,53,616099
2026-08-03,600276.SH,53.28,54.35,53.05,53.42,730069
2026-08-04,600276.SH,53.43,53.79,52.88,53.54,670925
2026-08-05,600276.SH,53.65,53.81,52,52.11,898631
2026-08-06,600276.SH,52,54.62,51.82,54.62,1419315
2026-08-09,600276.SH,55,55.88,53.63,54.18,1183657
2026-08-10,600276.SH,53.79,55.8,53.76,54.97,1207617
2026-08-11,600276.SH,54.63,55.36,54.1,54.36,748812
2026-08-12,600276.SH,54.05,55.28,53.67,53.76,975900
2026-08-13,600276.SH,53.68,53.75,52.2,52.62,873251
2026-08-16,600276.SH,52.49,53.63,51.85,52.87,668530
2026-08-17,600276.SH,52.72,53.03,52.07,52.37,598404
2026-08-18,600276.SH,52.67,52.68,52.02,52.66,637992
2026-08-19,600276.SH,51,51.53,48.16,49.5,2387416
2026-08-20,600276.SH,48.51,48.8,47.55,47.74,1274153
2026-08-23,600276.SH,47.54,48.08,46.47,46.76,860023
2026-08-24,600276.SH,46.53,46.88,46.22,46.49,770143
2026-08-25,600276.SH,46.49,47.48,46.49,46.74,782954
2026-08-26,600276.SH,46.78,47.62,46.5,47.61,778495
2026-08-27,600276.SH,47.58,47.67,47.1,47.32,532397
2026-08-30,600276.SH,47.17,47.17,45.88,46.07,892759
2026-08-31,600276.SH,46.05,46.4,45.9,46.23,464740
2026-09-01,600276.SH,46.23,46.32,45.49,45.57,548288
2026-09-02,600276.SH,45.6,46.09,45.36,45.96,502917
2026-09-03,600276.SH,45.97,46.41,45.9,46.02,489803
2026-09-06,600276.SH,46.02,46.33,45.71,46.26,394197
2026-09-07,600276.SH,46.2,46.2,45.56,45.71,589143
2026-09-08,600276.SH,45.6,45.6,44.64,44.71,716944
2026-09-09,600276.SH,44.45,44.46,42.82,42.93,1037814
2026-09-10,600276.SH,42.65,42.76,41.89,42.67,802551
2026-09-13,600276.SH,42.35,43.19,42.01,43.15,526232
2026-09-14,600276.SH,43.16,43.49,42.99,43.13,375735
2026-09-15,600276.SH,43.08,43.6,42.95,43.52,416195
2026-09-16,600276.SH,43.33,43.68,43.1,43.23,352524
2026-09-17,600276.SH,43.52,44.15,43.5,43.91,569343
2026-09-20,600276.SH,44.5,46.08,44.5,46.04,1140743
2026-09-21,600276.SH,46.04,46.14,45.45,45.72,722754
2026-09-22,600276.SH,45.59,46.09,45.41,45.58,434384
2026-09-23,600276.SH,45.38,45.77,44.6,44.86,423584
2026-09-27,600276.SH,44.86,45.22,44.35,44.47,370711
2026-09-28,600276.SH,44.34,46.13,44.29,45.62,799832
2026-09-29,600276.SH,45.6,47.39,45.25,47.2,1121640
2022-08-16,601100.SH,51.48,51.48,50,51.15,55806
2022-08-17,601100.SH,51,51,50.05,50.46,37375
2022-08-18,601100.SH,50.13,50.69,49.98,50.07,46465
2022-08-21,601100.SH,49.8,52,49.51,51.6,84489
2022-08-22,601100.SH,51.6,52.65,50,50.21,66304
2022-08-23,601100.SH,50.2,51.1,50,50.11,46118
2022-08-24,601100.SH,50.12,51.1,50,50.83,39405
2022-08-25,601100.SH,50.84,52.37,50.52,50.95,58408
2022-08-28,601100.SH,50.3,54.5,50.2,53.16,100057
2022-08-29,601100.SH,52.96,53.05,49.53,50.46,108585
2022-08-30,601100.SH,50.18,50.3,48.55,48.94,75667
2022-08-31,601100.SH,49.24,50.49,48.85,49.05,56721
2022-09-01,601100.SH,49.06,49.3,46.83,47.28,64937
2022-09-04,601100.SH,47.27,47.48,46.27,46.87,44138
2022-09-05,601100.SH,46.8,49.7,46.4,49.41,64604
2022-09-06,601100.SH,49.21,50.6,48.98,49.8,37232
2022-09-07,601100.SH,49.51,50.08,49,49.53,22669
2022-09-08,601100.SH,49.56,51.19,49.05,51.09,52211
2022-09-12,601100.SH,51.08,52.69,50.85,51.74,56749
2022-09-13,601100.SH,51.06,52.2,50.5,52.11,54238
2022-09-14,601100.SH,51.99,52.58,51.42,52.1,45631
2022-09-15,601100.SH,51.93,52.2,51.01,51.05,32451
2022-09-18,601100.SH,51.03,51.49,49.42,49.7,43889
2022-09-19,601100.SH,50.01,50.47,48.88,49.38,28475
2022-09-20,601100.SH,49.28,49.85,48.76,49.2,23252
2022-09-21,601100.SH,49.14,49.14,48.02,48.12,30338
2022-09-22,601100.SH,48.35,48.35,46.7,47.35,48989
2022-09-25,601100.SH,47.13,49.49,46.8,48.02,50468
2022-09-26,601100.SH,48.2,48.8,46.8,47.75,45658
2022-09-27,601100.SH,47.5,47.5,45.37,45.38,45521
2022-09-28,601100.SH,45.9,46.19,44.7,44.92,49782
2022-09-29,601100.SH,45.04,45.96,44.93,45.28,43691
2022-10-09,601100.SH,44.5,45.34,42.65,42.9,35847
2022-10-10,601100.SH,43.04,44.65,42.28,44.5,66476
2022-10-11,601100.SH,45.33,48.95,45.33,48.94,113495
2022-10-12,601100.SH,47.9,49.45,47.5,48.2,91392
2022-10-13,601100.SH,48.98,49.11,47.62,48.25,57071
2022-10-16,601100.SH,48,50.45,47.79,50.15,73906
2022-10-17,601100.SH,50.79,50.79,49.55,50.11,40246
2022-10-18,601100.SH,49.95,50.44,49.2,49.35,33991
2022-10-19,601100.SH,49.21,51.29,48.91,50.5,65664
2022-10-20,601100.SH,50.45,51.98,50.45,51.66,71171
2022-10-23,601100.SH,51.31,52.35,50.68,51.78,71989
2022-10-24,601100.SH,51.7,56.8,51.22,56,174026
2022-10-25,601100.SH,56,56.6,54.54,56.44,98263
2022-10-26,601100.SH,55.99,57.56,55.63,56.04,56396
2022-10-27,601100.SH,56,57.67,55.6,56.46,65883
2022-10-30,601100.SH,55.65,57.02,54.15,55.17,75096
2022-10-31,601100.SH,55.99,60.69,55.3,59.89,110560
2022-11-01,601100.SH,59.85,64.18,59.21,61.82,102969
2022-11-02,601100.SH,61.78,63.5,61,61.58,77591
2022-11-03,601100.SH,61.3,61.36,59.5,60.14,116111
2022-11-06,601100.SH,59.75,60,57.2,58.42,105890
2022-11-07,601100.SH,58.38,58.47,56.84,57.8,64718
2022-11-08,601100.SH,57.93,60.8,57.4,60.56,65885
2022-11-09,601100.SH,60,60.28,57.8,58.75,48055
2022-11-10,601100.SH,59.42,64.63,59.42,64.63,130720
2022-11-13,601100.SH,66.43,69.1,62.65,64.66,169083
2022-11-14,601100.SH,64.34,65.84,63.3,64.6,78014
2022-11-15,601100.SH,64.98,67.3,64.2,64.38,103440
2022-11-16,601100.SH,64.14,65.05,61.9,63.4,66643
2022-11-17,601100.SH,63.41,65.48,63.38,64.75,65579
2022-11-20,601100.SH,63.93,68.53,63.5,67.21,76616
2022-11-21,601100.SH,67,67.25,64.23,64.85,66748
2022-11-22,601100.SH,64.87,65.3,63,63.96,64720
2022-11-23,601100.SH,64.12,65.2,63,63.9,59896
2022-11-24,601100.SH,63.26,64.3,62.5,63.83,46486
2022-11-27,601100.SH,62.34,63.63,61.47,62.68,53284
2022-11-28,601100.SH,64.2,65.7,62.61,65.4,59635
2022-11-29,601100.SH,64.9,67,64.9,65.77,46877
2022-11-30,601100.SH,65.95,66.94,61.9,62.12,79891
2022-12-01,601100.SH,62.14,62.66,61.32,62.02,50383
2022-12-04,601100.SH,62.2,65.26,62.2,64.33,65971
2022-12-05,601100.SH,63.75,65.5,63.5,64.34,54773
2022-12-06,601100.SH,64,64.01,61.94,62.5,81029
2022-12-07,601100.SH,62.8,63.3,61.8,62.8,45147
2022-12-08,601100.SH,62.89,66.1,62.45,65.49,87906
2022-12-11,601100.SH,64.01,66.25,64.01,65.01,35664
2022-12-12,601100.SH,65.01,65.25,62.26,62.26,88785
2022-12-13,601100.SH,62.39,62.85,60.71,61.3,94840
2022-12-14,601100.SH,61.22,63.34,58.87,60.87,148830
2022-12-15,601100.SH,60.06,63.25,60.01,63.11,86017
2022-12-18,601100.SH,63.09,66.08,62.72,65,96610
2022-12-19,601100.SH,64.59,65.22,62.9,63.7,59632
2022-12-20,601100.SH,63.71,65.3,62.58,63.1,30066
2022-12-21,601100.SH,63.3,64.38,62.38,63.17,39428
2022-12-22,601100.SH,62.69,63,60.91,61.44,34193
2022-12-25,601100.SH,61.66,62.55,61.39,62.2,33091
2022-12-26,601100.SH,62.47,63.99,62,63.5,34291
2022-12-27,601100.SH,63.22,64.95,61.96,62.1,50784
2022-12-28,601100.SH,62.1,64.02,62.04,62.85,43380
2022-12-29,601100.SH,63.24,64.79,62.35,63.15,38031
2023-01-02,601100.SH,62.5,63.11,61.1,61.71,47814
2023-01-03,601100.SH,61.3,63.58,61.3,62.4,47019
2023-01-04,601100.SH,62.4,63.49,61.45,63.4,36410
2023-01-05,601100.SH,63.42,64.5,62.28,63.99,34128
2023-01-08,601100.SH,64.37,67.88,63.7,66.2,70510
2023-01-09,601100.SH,66.01,66.7,64.88,66.2,44449
2023-01-10,601100.SH,66.21,67.95,65.59,67.15,54156
2023-01-11,601100.SH,66.61,67.67,66,66.75,48389
2023-01-12,601100.SH,66.82,67.7,66.35,67.23,34531
2023-01-15,601100.SH,67.59,67.84,65.35,66.49,68370
2023-01-16,601100.SH,66.56,69.48,66.1,69.04,56463
2023-01-17,601100.SH,68.92,70.25,67.58,67.99,62143
2023-01-18,601100.SH,67.67,68.38,66.96,67.93,43911
2023-01-19,601100.SH,68.18,68.28,66.8,68.16,41085
2023-01-29,601100.SH,68.51,68.66,66.49,66.82,52036
2023-01-30,601100.SH,67.08,67.49,65.35,65.43,50641
2023-01-31,601100.SH,65.1,66.83,65.06,66.28,38277
2023-02-01,601100.SH,65.81,66.31,64.86,64.93,48878
2023-02-02,601100.SH,65.28,65.39,64.55,65.05,41704
2023-02-05,601100.SH,64.8,65.06,64,65.05,39305
2023-02-06,601100.SH,65.05,65.38,64.19,64.5,29179
2023-02-07,601100.SH,64.5,65,63.48,63.98,34900
2023-02-08,601100.SH,63.7,65.4,63.3,65,65639
2023-02-09,601100.SH,64.72,66.77,64.69,65.42,52054
2023-02-12,601100.SH,65.6,69.91,65.05,69.78,105522
2023-02-13,601100.SH,69.03,70.35,68.7,70.14,55040
2023-02-14,601100.SH,69.98,71.36,68.79,69.84,86920
2023-02-15,601100.SH,69.75,69.75,67.05,67.33,51646
2023-02-16,601100.SH,67.28,69.68,67.11,67.5,40572
2023-02-19,601100.SH,68.17,72.85,67.8,72.4,75859
2023-02-20,601100.SH,72.4,73.36,71.68,73.1,47900
2023-02-21,601100.SH,72.81,72.96,70.3,71.43,46022
2023-02-22,601100.SH,71.44,72.4,70.8,71.14,47626
2023-02-23,601100.SH,71.14,71.5,69,69.93,44588
2023-02-26,601100.SH,69.59,70.22,68.51,69.17,39322
2023-02-27,601100.SH,69.11,69.59,67.91,68.94,33696
2023-02-28,601100.SH,69.01,70.5,68.07,70.1,35924
2023-03-01,601100.SH,69.97,71.5,69.6,71.1,37674
2023-03-02,601100.SH,71.99,72.73,70.73,71.4,42560
2023-03-05,601100.SH,70.32,71.38,68.18,69.11,94102
2023-03-06,601100.SH,68.96,69.09,67.81,67.87,35913
2023-03-07,601100.SH,68.45,70.23,67.88,68.92,35627
2023-03-08,601100.SH,68.68,69.02,67.25,68.02,26700
2023-03-09,601100.SH,67.69,67.69,66.02,66.27,36653
2023-03-12,601100.SH,66,68.3,65.8,68.05,47414
2023-03-13,601100.SH,68.32,68.32,66,66.82,68055
2023-03-14,601100.SH,67.12,67.12,64.7,64.88,81528
2023-03-15,601100.SH,64.17,64.9,63.35,63.66,52703
2023-03-16,601100.SH,63.77,64.7,62.77,63.2,48821
2023-03-19,601100.SH,63.26,63.7,62.26,62.48,29945
2023-03-20,601100.SH,62.48,62.97,61.81,62.64,49502
2023-03-21,601100.SH,62.88,64.6,62.69,64.1,43180
2023-03-22,601100.SH,63.61,66.64,63.51,65.86,46151
2023-03-23,601100.SH,65.85,65.85,62.5,62.74,79320
2023-03-26,601100.SH,62.73,63.87,61.5,63.51,37276
2023-03-27,601100.SH,63.48,65.2,63,63.82,32118
2023-03-28,601100.SH,64,65.15,63.69,64,29249
2023-03-29,601100.SH,64.2,66.2,64.2,66,36876
2023-03-30,601100.SH,66,66.45,65.5,66.22,26446
2023-04-02,601100.SH,66.29,67.3,65.61,66.18,27740
2023-04-03,601100.SH,66.55,67.99,66.28,67,65345
2023-04-05,601100.SH,67,67,65,65.75,26876
2023-04-06,601100.SH,65.99,67.58,65.98,66.68,34099
2023-04-09,601100.SH,66.48,67.09,65.21,65.71,45393
2023-04-10,601100.SH,66.05,67.1,65.07,65.51,33763
2023-04-11,601100.SH,65.5,66,64.02,65.54,41770
2023-04-12,601100.SH,65.49,65.52,64.48,65.29,28788
2023-04-13,601100.SH,65.3,65.79,63.98,64.32,28943
2023-04-16,601100.SH,64.4,66.28,63.92,65.49,29635
2023-04-17,601100.SH,65.34,67.39,65.18,67.02,48181
2023-04-18,601100.SH,67.1,71.61,66.17,70.16,114900
2023-04-19,601100.SH,71.35,71.35,68,68.65,44290
2023-04-20,601100.SH,68.76,69.68,67.2,67.31,33278
2023-04-23,601100.SH,67.12,67.66,65.33,66.16,44895
2023-04-24,601100.SH,66.16,66.75,59.54,59.55,106738
2023-04-25,601100.SH,59.55,62.46,58.5,61.35,62619
2023-04-26,601100.SH,61.18,62.49,60.49,61.62,33381
2023-04-27,601100.SH,61.74,62.88,61.14,61.55,42826
2023-05-03,601100.SH,62,62,56.66,58.42,103974
2023-05-04,601100.SH,58.31,59.28,57.9,58.94,87833
2023-05-07,601100.SH,58.94,59.8,58.41,58.96,40256
2023-05-08,601100.SH,59,60.16,57.75,58.67,38366
2023-05-09,601100.SH,58.67,59.12,57.34,58.45,38288
2023-05-10,601100.SH,58.53,59.15,57.6,58,31440
2023-05-11,601100.SH,58.2,58.52,57.01,57.22,42113
2023-05-14,601100.SH,57.7,57.7,56.33,57.42,49348
2023-05-15,601100.SH,58.04,58.04,56.5,57.57,37696
2023-05-16,601100.SH,57.42,58.11,56.8,57.2,22730
2023-05-17,601100.SH,57.2,58.19,55.71,56.5,47722
2023-05-18,601100.SH,56.33,56.56,55.33,55.86,46714
2023-05-21,601100.SH,55.88,57.49,55.2,57.19,34662
2023-05-22,601100.SH,57.33,57.33,55.98,56.03,38282
2023-05-23,601100.SH,55.94,57.49,55.7,57.21,44644
2023-05-24,601100.SH,57.01,58.65,56.75,57.8,53463
2023-05-25,601100.SH,57.93,58.2,54.62,55.26,43802
2023-05-28,601100.SH,55.3,55.55,53.71,54.81,65103
2023-05-29,601100.SH,55.08,55.75,53.56,54.69,64326
2023-05-30,601100.SH,54.63,55,53.75,54.56,46891
2023-05-31,601100.SH,54.52,55.73,54.01,54.88,35970
2023-06-01,601100.SH,54.6,56.55,54.6,56.3,62174
2023-06-04,601100.SH,56.14,56.41,55.26,55.69,45113
2023-06-05,601100.SH,55.7,57.18,55.33,56.18,44974
2023-06-06,601100.SH,56.01,56.5,54.76,54.76,43046
2023-06-07,601100.SH,54.84,55.9,54.5,55.7,31766
2023-06-08,601100.SH,55.4,56.7,55,55.5,32875
2023-06-11,601100.SH,55.57,57.99,55.36,56.9,51172
2023-06-12,601100.SH,56.91,58.2,56.6,57.11,36104
2023-06-13,601100.SH,57.44,60.36,57.4,59.49,87330
2023-06-14,601100.SH,60.6,64,59.49,63.55,92628
2023-06-15,601100.SH,63.37,64.3,62.31,64.17,64938
2023-06-18,601100.SH,64.3,65.99,63.7,64.18,74255
2023-06-19,601100.SH,63.41,69.03,63.02,66.35,94366
2023-06-20,601100.SH,66.34,67,65.2,65.8,78730
2023-06-25,601100.SH,65.5,65.5,63.69,63.99,86277
2023-06-26,601100.SH,64.35,64.49,63.1,64.16,40579
2023-06-27,601100.SH,64.17,64.3,62.5,62.95,42176
2023-06-28,601100.SH,63.22,64.21,62.25,63.86,53796
2023-06-29,601100.SH,63,64.8,62.9,64.33,33132
2023-07-02,601100.SH,65.3,67.16,64.07,64.7,112980
2023-07-03,601100.SH,64.24,64.97,62.3,62.68,83565
2023-07-04,601100.SH,63.44,66,62.5,65.35,108053
2023-07-05,601100.SH,65.35,67.49,64.1,64.87,82030
2023-07-06,601100.SH,64.88,65.99,63.8,64.66,73042
2023-07-09,601100.SH,64.65,65.03,63.45,63.96,48495
2023-07-10,601100.SH,64.4,64.57,63.07,64.33,37969
2023-07-11,601100.SH,64.26,65.9,63.75,65.11,38179
2023-07-12,601100.SH,65.31,65.96,64.5,65.55,50775
2023-07-13,601100.SH,64.8,67.14,64.8,66.42,44723
2023-07-16,601100.SH,67.17,67.17,65.3,66.01,23484
2023-07-17,601100.SH,65.94,66.19,64.9,65.97,28802
2023-07-18,601100.SH,66,68.92,65.58,68.68,66303
2023-07-19,601100.SH,68.37,69.88,67.57,67.87,45960
2023-07-20,601100.SH,67.85,68.42,66.8,66.9,23894
2023-07-23,601100.SH,66.91,67.51,65.5,66.18,33709
2023-07-24,601100.SH,66.36,68.54,66.01,66.38,47126
2023-07-25,601100.SH,66.39,67.78,66.04,66.35,24966
2023-07-26,601100.SH,66.32,67.09,65.01,66.7,38219
2023-07-27,601100.SH,66.1,69.06,65.91,69,43312
2023-07-30,601100.SH,69.33,72.33,69,71.72,73320
2023-07-31,601100.SH,71.77,73.04,69.99,70.63,55646
2023-08-01,601100.SH,70.63,73.33,70.27,71.47,49608
2023-08-02,601100.SH,71.3,71.97,70.43,71.52,31750
2023-08-03,601100.SH,71.4,71.87,69,69.42,52171
2023-08-06,601100.SH,69.05,69.84,68.25,69.66,33505
2023-08-07,601100.SH,69.33,69.9,68.2,68.66,25387
2023-08-08,601100.SH,68.12,68.9,67.4,68.34,31706
2023-08-09,601100.SH,68.17,68.87,67.5,68.61,28892
2023-08-10,601100.SH,68.59,68.59,66.17,66.27,39877
2023-08-13,601100.SH,66.1,66.1,63.93,65.05,50126
2023-08-14,601100.SH,65.39,65.7,64.4,65.34,36960
2023-08-15,601100.SH,65.36,65.89,65.01,65.32,17386
2023-08-16,601100.SH,65.14,67.4,64.13,67.08,40823
2023-08-17,601100.SH,67.31,67.31,65.63,65.63,16480
2023-08-20,601100.SH,65.5,65.6,64.5,64.51,22957
2023-08-21,601100.SH,65.03,65.25,63.75,64.96,20658
2023-08-22,601100.SH,64.96,65.12,63.3,63.73,31092
2023-08-23,601100.SH,63.51,63.99,62.45,62.88,36228
2023-08-24,601100.SH,62.25,63.02,61.6,62.45,42904
2023-08-27,601100.SH,65.01,66.39,62.52,63.1,46453
2023-08-28,601100.SH,62.8,63,58.27,61.13,155012
2023-08-29,601100.SH,60.69,63.75,60.5,63.09,100079
2023-08-30,601100.SH,63.28,64.08,62.04,62.15,39019
2023-08-31,601100.SH,62.4,64.88,62.17,64.08,41984
2023-09-03,601100.SH,64.27,67.77,64.27,67.27,65830
2023-09-04,601100.SH,66.7,67.48,65.75,67.1,34367
2023-09-05,601100.SH,67.28,68.11,65.8,65.94,35448
2023-09-06,601100.SH,65.93,66.3,65.25,65.52,26275
2023-09-07,601100.SH,65.1,66.88,65.1,66.64,19629
2023-09-10,601100.SH,66.3,67.08,65,65.48,30252
2023-09-11,601100.SH,65.08,65.55,64.15,64.75,22440
2023-09-12,601100.SH,64.62,65.06,63.77,64.35,18810
2023-09-13,601100.SH,64.5,64.59,63.31,63.53,24496
2023-09-14,601100.SH,64.05,64.37,62.99,63.45,35399
2023-09-17,601100.SH,63.73,65.53,63.15,64.5,42198
2023-09-18,601100.SH,64.28,65.55,63.81,65.24,24235
2023-09-19,601100.SH,64.99,65.53,64.55,65.29,15725
2023-09-20,601100.SH,64.7,66.02,64.67,65.3,23455
2023-09-21,601100.SH,65.3,65.3,64.01,64.69,30624
2023-09-24,601100.SH,65.47,66.01,64.8,65.51,25896
2023-09-25,601100.SH,65.2,66,64.68,65.63,24749
2023-09-26,601100.SH,65.36,66.23,65.08,65.3,24445
2023-09-27,601100.SH,65.42,65.78,63.4,63.9,26786
2023-10-08,601100.SH,63.89,64.47,61.5,61.52,44467
2023-10-09,601100.SH,61.5,62.07,58.7,59.3,105955
2023-10-10,601100.SH,59.01,59.35,58.51,59.17,75552
2023-10-11,601100.SH,59.16,59.53,58.62,59.35,37414
2023-10-12,601100.SH,59.1,59.3,58.54,58.83,28202
2023-10-15,601100.SH,58.93,59.75,58.27,59.56,55544
2023-10-16,601100.SH,59.3,59.85,58.76,58.9,37264
2023-10-17,601100.SH,58.86,59.3,58,58.6,41651
2023-10-18,601100.SH,58.01,58.12,56.36,56.46,63535
2023-10-19,601100.SH,56.46,56.99,55,55.92,42355
2023-10-22,601100.SH,55.92,56.03,54.02,54.51,23585
2023-10-23,601100.SH,54.72,54.96,53.6,54.41,38375
2023-10-24,601100.SH,55.21,57,55.21,56.07,51271
2023-10-25,601100.SH,55.86,56.54,54.97,56.1,26819
2023-10-26,601100.SH,55.42,58.36,55.27,58.05,67733
2023-10-29,601100.SH,57.84,59.22,56.8,59.04,39681
2023-10-30,601100.SH,58.1,58.4,55.16,56.3,75462
2023-10-31,601100.SH,56.3,56.3,54.81,55.38,45648
2023-11-01,601100.SH,55,55.75,54.6,55.16,41482
2023-11-02,601100.SH,55.02,57.22,55.02,57.06,48339
2023-11-05,601100.SH,57.49,57.49,56.61,57.36,43827
2023-11-06,601100.SH,57.23,57.69,56.64,57.3,46413
2023-11-07,601100.SH,57.1,58.64,56.98,58.22,48294
2023-11-08,601100.SH,58.08,58.85,57.52,58.28,35484
2023-11-09,601100.SH,57.91,58.17,57.49,57.59,23466
2023-11-12,601100.SH,57.6,58.2,57.29,58.12,22056
2023-11-13,601100.SH,57.9,59.65,57.8,59.03,44392
2023-11-14,601100.SH,59.6,60.26,58.7,59.2,38469
2023-11-15,601100.SH,58.99,59.18,58.3,58.91,20217
2023-11-16,601100.SH,58.8,59.1,58.28,58.63,19396
2023-11-19,601100.SH,58.8,58.98,57.56,58.38,23085
2023-11-20,601100.SH,58.43,60.2,57.9,58,43015
2023-11-21,601100.SH,57.61,58.98,56.5,56.57,63805
2023-11-22,601100.SH,56.53,57.46,56.23,57.3,29719
2023-11-23,601100.SH,57.43,58,56.82,56.95,30157
2023-11-26,601100.SH,56.76,57.33,56.1,56.58,27715
2023-11-27,601100.SH,56.58,56.7,56,56.2,17294
2023-11-28,601100.SH,56,56.58,55.8,56.02,17979
2023-11-29,601100.SH,55.9,56.65,55.75,56.3,23224
2023-11-30,601100.SH,56.41,56.41,55.25,55.63,29141
2023-12-03,601100.SH,55.57,55.73,54.78,55.29,34447
2023-12-04,601100.SH,55.29,56.06,54.8,55.7,38854
2023-12-05,601100.SH,55.5,56.65,55.3,55.4,27884
2023-12-06,601100.SH,55.15,55.89,54.16,54.25,35049
2023-12-07,601100.SH,54.31,54.66,52.76,52.77,37150
2023-12-10,601100.SH,52.42,53.5,51.1,53.46,53603
2023-12-11,601100.SH,53.75,53.87,52.65,52.81,27440
2023-12-12,601100.SH,52.53,52.82,49.91,51.16,78874
2023-12-13,601100.SH,51.1,51.72,50.76,50.77,28972
2023-12-14,601100.SH,50.96,52.16,50.56,51.11,59402
2023-12-17,601100.SH,50.8,51.16,50.22,50.51,27972
2023-12-18,601100.SH,50.55,50.88,50.09,50.77,26527
2023-12-19,601100.SH,50.78,51.66,50.51,50.65,32295
2023-12-20,601100.SH,50.49,51.76,50.4,51.26,46000
2023-12-21,601100.SH,51.29,51.9,50.89,51.31,37190
2023-12-24,601100.SH,50.97,51.61,50.61,51.53,37099
2023-12-25,601100.SH,51.53,51.8,50.27,50.9,29984
2023-12-26,601100.SH,50.9,51.02,49.49,49.77,53077
2023-12-27,601100.SH,49.4,52.29,49.4,52.07,76836
2023-12-28,601100.SH,52.08,55.01,52.08,54.68,128031
2024-01-01,601100.SH,54.7,56.17,54.2,55.23,76956
2024-01-02,601100.SH,55.2,56.2,54.79,55.93,57328
2024-01-03,601100.SH,55.82,56.02,53.71,54.16,52963
2024-01-04,601100.SH,54,54.71,53.6,53.91,39316
2024-01-07,601100.SH,53.6,54.16,52.82,53.07,33640
2024-01-08,601100.SH,52.91,55.88,52.78,54.97,74462
2024-01-09,601100.SH,54.97,56.6,54.36,56.2,53338
2024-01-10,601100.SH,56.2,56.42,54.9,56.19,44475
2024-01-11,601100.SH,55.35,57.75,55.35,56.25,46182
2024-01-14,601100.SH,56.58,57.04,55.07,56.2,36425
2024-01-15,601100.SH,55.94,56.36,55.05,56.2,41414
2024-01-16,601100.SH,56.19,56.56,55.29,55.29,33320
2024-01-17,601100.SH,55.27,55.45,53.51,55.01,60686
2024-01-18,601100.SH,54.6,55.2,54.02,54.72,38382
2024-01-21,601100.SH,54.8,54.88,53.51,53.81,52529
2024-01-22,601100.SH,53.5,53.8,52,52.15,47584
2024-01-23,601100.SH,52.65,53.2,51.5,52.95,51498
2024-01-24,601100.SH,52.62,53.85,52.2,52.45,53718
2024-01-25,601100.SH,51,52.56,50.32,51.3,65927
2024-01-28,601100.SH,51.19,51.78,49.51,49.61,45690
2024-01-29,601100.SH,49.41,49.73,48,48.73,49724
2024-01-30,601100.SH,48.72,49.59,48.1,48.76,39888
2024-01-31,601100.SH,48.67,49.22,47.6,48.51,51445
2024-02-01,601100.SH,48.72,49.2,47.41,48.9,43327
2024-02-04,601100.SH,49.05,51.17,48.01,49.99,62620
2024-02-05,601100.SH,49.99,53.7,49.52,53.13,49081
2024-02-06,601100.SH,53.29,53.75,52.32,53.5,60647
2024-02-07,601100.SH,53.52,54.66,51.53,54.5,76091
2024-02-18,601100.SH,54.61,56.56,54,55.62,50346
2024-02-19,601100.SH,55.62,56,52.72,53.38,53229
2024-02-20,601100.SH,52.9,55.22,52.44,53.71,61301
2024-02-21,601100.SH,53.35,54,52.75,53.37,35939
2024-02-22,601100.SH,53.05,53.85,49.67,52.96,136957
2024-02-25,601100.SH,52.68,57.15,52.59,56.96,134187
2024-02-26,601100.SH,56.59,57.25,55.7,57.21,83312
2024-02-27,601100.SH,57.18,57.47,55.34,55.34,75500
2024-02-28,601100.SH,55,56.97,54.83,56.81,70428
2024-02-29,601100.SH,56.88,57.14,56,56.58,58671
2024-03-03,601100.SH,56.9,57.28,55.91,57.21,66884
2024-03-04,601100.SH,56.81,58.76,56,58.3,75250
2024-03-05,601100.SH,58.3,58.39,57.49,57.66,41898
2024-03-06,601100.SH,57.99,59.18,56.68,56.82,67311
2024-03-07,601100.SH,56.75,57,56.02,56.62,34509
2024-03-10,601100.SH,56.62,56.9,55.21,55.62,76935
2024-03-11,601100.SH,55.7,57.25,55.55,57.25,70007
2024-03-12,601100.SH,56.92,57.99,56,56.5,67057
2024-03-13,601100.SH,57.02,59.3,57.02,58.2,91167
2024-03-14,601100.SH,58,58.61,57.11,57.95,45007
2024-03-17,601100.SH,57.94,58.16,56.02,56.18,85970
2024-03-18,601100.SH,56.18,56.25,55.36,55.51,67165
2024-03-19,601100.SH,55.35,55.58,54.33,54.67,48486
2024-03-20,601100.SH,54.59,54.76,52.3,53.75,94387
2024-03-21,601100.SH,53.26,53.78,52.84,53.63,42493
2024-03-24,601100.SH,54.7,57.5,54.17,56.04,119867
2024-03-25,601100.SH,55.79,56.03,54.23,55.25,61034
2024-03-26,601100.SH,55.22,55.31,51.65,51.8,97914
2024-03-27,601100.SH,51.58,51.64,50.01,50.37,132857
2024-03-28,601100.SH,50.29,50.92,49.25,50.13,94895
2024-03-31,601100.SH,50.19,53.24,50.14,52.83,105102
2024-04-01,601100.SH,52.8,52.96,51.98,52.71,55993
2024-04-02,601100.SH,52.57,52.57,50.09,50.15,110038
2024-04-07,601100.SH,50.16,50.39,48.63,48.88,105534
2024-04-08,601100.SH,50.34,50.53,48.9,49.69,67291
2024-04-09,601100.SH,49.8,51.08,49.8,50.28,97919
2024-04-10,601100.SH,50.05,53.36,49.89,52.7,156513
2024-04-11,601100.SH,52.6,53.35,51.9,52.05,83863
2024-04-14,601100.SH,51.95,53.88,51.79,53,92354
2024-04-15,601100.SH,52.89,53.3,52,52.23,63191
2024-04-16,601100.SH,52.33,54.88,51.18,54.88,142078
2024-04-17,601100.SH,54.56,54.99,53.66,53.92,84142
2024-04-18,601100.SH,53.6,54.3,52.91,53.5,72850
2024-04-21,601100.SH,53.78,54.03,52.7,52.93,54404
2024-04-22,601100.SH,52.02,52.3,50.08,51.24,91761
2024-04-23,601100.SH,50.8,52.49,50.75,51.75,62566
2024-04-24,601100.SH,52.08,52.08,50.33,50.54,46493
2024-04-25,601100.SH,50.25,51.29,49.77,51.08,69049
2024-04-28,601100.SH,50.95,51.96,50.26,51.36,79331
2024-04-29,601100.SH,51.24,51.5,50.5,51,46587
2024-05-05,601100.SH,51.8,53.65,51.31,53.02,107686
2024-05-06,601100.SH,52.95,53.83,52.6,52.83,65154
2024-05-07,601100.SH,52.7,53.14,50.8,51.23,75324
2024-05-08,601100.SH,51.89,55,51.31,54.02,123206
2024-05-09,601100.SH,54.32,54.66,53.09,54.12,64699
2024-05-12,601100.SH,53.5,55.15,53.21,54.58,61414
2024-05-13,601100.SH,54.5,55.34,53.88,54.36,44938
2024-05-14,601100.SH,54.36,54.5,53.2,53.3,35951
2024-05-15,601100.SH,53.29,53.79,52.23,52.78,60790
2024-05-16,601100.SH,52.47,53.25,52.05,53.23,47745
2024-05-19,601100.SH,54.76,55.11,53.21,53.68,61829
2024-05-20,601100.SH,53.68,54.3,53.13,53.29,27139
2024-05-21,601100.SH,53.15,54.34,52.68,52.86,51027
2024-05-22,601100.SH,52.51,53.07,51.46,51.9,48094
2024-05-23,601100.SH,51.85,52.25,50.95,51.07,46536
2024-05-26,601100.SH,51.1,51.88,48.63,51.28,129984
2024-05-27,601100.SH,50.88,50.98,49.88,50.43,59705
2024-05-28,601100.SH,50.1,51.5,50.1,51.05,57303
2024-05-29,601100.SH,51.05,51.05,49.81,50.01,51139
2024-05-30,601100.SH,50.06,50.72,49.55,49.62,54841
2024-06-02,601100.SH,49.31,49.65,48.19,48.44,94621
2024-06-03,601100.SH,48.8,50.7,48.3,50.5,101638
2024-06-04,601100.SH,50.25,50.6,49.71,50.2,57111
2024-06-05,601100.SH,50.3,51.96,50.04,51.58,91005
2024-06-06,601100.SH,51.58,52.64,51.43,51.53,52593
2024-06-10,601100.SH,51.47,51.5,50.65,51.03,42961
2024-06-11,601100.SH,51.17,51.99,50.6,51.78,46980
2024-06-12,601100.SH,51.64,51.78,50.92,51.65,31894
2024-06-13,601100.SH,51.62,52.11,51.03,51.23,42831
2024-06-16,601100.SH,51.08,51.79,50.09,50.22,45113
2024-06-17,601100.SH,50.22,51.02,49.28,50.83,49579
2024-06-18,601100.SH,50.83,50.83,49.31,49.48,46221
2024-06-19,601100.SH,49.32,49.95,49.02,49.19,32967
2024-06-20,601100.SH,49,49.34,48.06,48.71,57357
2024-06-23,601100.SH,48.92,49.3,48.2,48.9,54414
2024-06-24,601100.SH,48.89,50.03,48.72,49.49,56244
2024-06-25,601100.SH,49.35,49.49,48.15,48.84,59344
2024-06-26,601100.SH,48.58,48.7,46.66,47.62,61791
2024-06-27,601100.SH,47.2,47.7,46.37,46.58,45697
2024-06-30,601100.SH,46.43,47.48,45.7,47.29,41588
2024-07-01,601100.SH,47.06,47.19,45.07,45.47,84486
2024-07-02,601100.SH,45.27,45.49,44.38,44.79,59255
2024-07-03,601100.SH,44.79,45.64,44.5,45.1,51003
2024-07-04,601100.SH,45.1,45.1,42.8,43.56,80877
2024-07-07,601100.SH,43.29,43.29,41.77,42.82,83388
2024-07-08,601100.SH,43.2,43.2,41.7,42.14,65222
2024-07-09,601100.SH,42.16,43.24,41.96,43,71551
2024-07-10,601100.SH,43.23,44.56,43,44.08,65582
2024-07-11,601100.SH,44.07,44.28,43.5,43.81,38897
2024-07-14,601100.SH,43.8,44.1,43.04,43.24,45747
2024-07-15,601100.SH,43.23,43.35,41.96,42.26,68994
2024-07-16,601100.SH,42.26,42.98,41.55,42.73,73322
2024-07-17,601100.SH,42.58,44.88,42.24,44.68,78239
2024-07-18,601100.SH,44.5,46.88,44.3,46.36,78824
2024-07-21,601100.SH,46.66,47.18,46.09,46.85,53971
2024-07-22,601100.SH,46.9,46.9,45.16,45.18,36645
2024-07-23,601100.SH,45.18,46.18,44.8,45.47,37506
2024-07-24,601100.SH,45.28,46.1,44.82,45.28,41050
2024-07-25,601100.SH,45.29,45.63,43.9,44.95,46619
2024-07-28,601100.SH,45.39,45.39,43.6,43.67,37377
2024-07-29,601100.SH,43.62,43.75,42.55,43.6,43332
2024-07-30,601100.SH,43.6,45.99,42.92,45.8,58072
2024-07-31,601100.SH,45.87,46.49,44.74,44.9,28161
2024-08-01,601100.SH,45,45.29,44.2,44.56,29892
2024-08-04,601100.SH,44.29,45.1,43.33,43.35,37050
2024-08-05,601100.SH,43.72,44.35,42.61,43.95,51965
2024-08-06,601100.SH,43.5,45.66,43.22,45.4,63074
2024-08-07,601100.SH,45.17,45.88,44.71,45.6,50448
2024-08-08,601100.SH,45.6,46.75,44.65,44.65,33805
2024-08-11,601100.SH,44.62,45.66,44.01,45.36,20487
2024-08-12,601100.SH,45.29,46.1,45.02,45.85,24415
2024-08-13,601100.SH,45.7,45.89,44.02,44.04,26500
2024-08-14,601100.SH,43.91,45.2,43.61,44.76,38309
2024-08-15,601100.SH,44.8,45.24,44.21,44.39,26952
2024-08-18,601100.SH,44.23,45.3,44.22,44.73,18888
2024-08-19,601100.SH,44.66,44.96,43.42,43.84,21940
2024-08-20,601100.SH,43.96,44.38,43.22,44.02,22518
2024-08-21,601100.SH,43.99,44.91,43.51,44.4,25909
2024-08-22,601100.SH,44.48,46.2,44.03,45.83,38125
2024-08-25,601100.SH,45.84,46.5,44.94,46.48,36319
2024-08-26,601100.SH,47.5,48.89,47.04,48.12,74936
2024-08-27,601100.SH,48.12,49.44,48.02,48.9,59967
2024-08-28,601100.SH,49.1,50.66,48.21,50.46,72332
2024-08-29,601100.SH,50.22,51.46,49.77,51,81158
2024-09-01,601100.SH,51.06,51.44,50.52,50.81,53952
2024-09-02,601100.SH,50.8,53.3,50.49,52.13,101736
2024-09-03,601100.SH,52.13,52.28,51,51.82,60426
2024-09-04,601100.SH,51.5,51.98,51.01,51.31,52696
2024-09-05,601100.SH,51.31,52.15,50.52,51.08,32079
2024-09-08,601100.SH,51.1,51.4,50.01,50.46,69177
2024-09-09,601100.SH,50.23,51.49,50.13,51.31,68483
2024-09-10,601100.SH,51.14,52.84,50.51,52.33,60134
2024-09-11,601100.SH,52.35,53.41,51.68,52.03,39811
2024-09-12,601100.SH,52.17,52.46,51.57,52.1,25958
2024-09-17,601100.SH,52,53.09,51.81,52.57,33859
2024-09-18,601100.SH,52.93,53.35,52.21,52.56,57262
2024-09-19,601100.SH,52.6,52.88,51.9,52.26,44647
2024-09-22,601100.SH,52.98,53.18,51.89,52.75,32847
2024-09-23,601100.SH,53.05,53.95,52,53.58,53434
2024-09-24,601100.SH,54,54.56,52.85,52.91,59350
2024-09-25,601100.SH,52.85,54,52.01,53.87,59492
2024-09-26,601100.SH,54,58.25,54,57.27,54381
2024-09-29,601100.SH,59.55,63,59.55,63,153938
2024-10-07,601100.SH,69.3,69.3,65.21,68.89,255254
2024-10-08,601100.SH,66.66,66.67,62,62.18,187439
2024-10-09,601100.SH,62.15,65.17,60.8,61.21,125657
2024-10-10,601100.SH,61.22,61.25,58.03,58.9,73518
2024-10-13,601100.SH,58.9,59.31,56.87,57.99,185758
2024-10-14,601100.SH,57.98,57.98,55.57,55.6,130046
2024-10-15,601100.SH,55.5,56.22,54.7,55.4,80983
2024-10-16,601100.SH,55.41,56.48,54.39,54.43,91302
2024-10-17,601100.SH,54.36,56.5,53.76,55.4,124776
2024-10-20,601100.SH,55.42,56.58,54.2,56.1,105444
2024-10-21,601100.SH,56.08,58.1,55.43,57.82,124360
2024-10-22,601100.SH,57.82,58.23,57.11,57.35,68050
2024-10-23,601100.SH,57,57.2,55.73,55.85,73760
2024-10-24,601100.SH,55.45,56.7,55.27,56.06,58550
2024-10-27,601100.SH,56.3,56.56,55.57,55.82,68398
2024-10-28,601100.SH,55.71,55.71,52.7,53,177445
2024-10-29,601100.SH,52.71,53.49,52.16,52.19,100399
2024-10-30,601100.SH,52.19,52.39,51.13,51.65,87491
2024-10-31,601100.SH,51.3,54.7,51.3,54.11,154214
2024-11-03,601100.SH,54.1,55.1,53.41,54.43,108038
2024-11-04,601100.SH,54.28,54.99,53.25,54.81,109529
2024-11-05,601100.SH,54.9,56.05,54.62,55.36,124757
2024-11-06,601100.SH,54.82,58,54.6,58,152887
2024-11-07,601100.SH,58.49,58.79,56.78,57.11,109510
2024-11-10,601100.SH,57,60.51,55.38,60.11,183651
2024-11-11,601100.SH,60.05,61.98,59,59.52,126769
2024-11-12,601100.SH,58.95,59.8,58.35,59.02,74297
2024-11-13,601100.SH,58.74,59.22,56.47,56.65,78692
2024-11-14,601100.SH,56.3,56.97,54.02,54.02,109281
2024-11-17,601100.SH,54.02,55.28,53.11,53.37,73456
2024-11-18,601100.SH,53.64,55.46,53.4,55.32,79426
2024-11-19,601100.SH,55.23,57.49,54.86,57.27,103040
2024-11-20,601100.SH,57.13,57.37,56.25,56.65,48292
2024-11-21,601100.SH,57.35,57.35,54.78,54.78,71992
2024-11-24,601100.SH,54.6,57.01,54.02,54.53,74990
2024-11-25,601100.SH,54.4,54.4,52.86,53.28,70639
2024-11-26,601100.SH,53.1,54.18,53.03,53.6,51000
2024-11-27,601100.SH,53.49,53.74,52.33,52.9,61570
2024-11-28,601100.SH,52.99,53.61,52.08,53.06,65090
2024-12-01,601100.SH,52.8,54.69,52.31,54.09,84881
2024-12-02,601100.SH,54.09,54.09,52.45,52.78,85358
2024-12-03,601100.SH,52.8,53.68,52.44,53.64,69390
2024-12-04,601100.SH,53.05,54.14,52.58,53.59,101974
2024-12-05,601100.SH,53.5,55.38,52.88,54.81,105080
2024-12-08,601100.SH,54.82,58.65,54.81,57.19,262115
2024-12-09,601100.SH,58.88,59.63,57.6,58.9,184869
2024-12-10,601100.SH,58.89,61.35,57,57.2,181409
2024-12-11,601100.SH,57,57.33,56.01,56.38,92495
2024-12-12,601100.SH,56.18,56.7,54.68,54.98,81453
2024-12-15,601100.SH,55.15,55.41,53.31,53.44,81500
2024-12-16,601100.SH,53.32,54.17,53.02,53.55,75717
2024-12-17,601100.SH,53.75,54.08,52.89,52.99,92217
2024-12-18,601100.SH,52.45,53.31,52.11,53,69958
2024-12-19,601100.SH,52.94,53.49,52.54,53.12,62914
2024-12-22,601100.SH,53.12,53.96,52.24,52.31,96218
2024-12-23,601100.SH,52.35,52.7,51.86,52.51,72832
2024-12-24,601100.SH,52.3,52.8,52,52.41,61756
2024-12-25,601100.SH,52.52,54.21,52.05,54.2,108827
2024-12-26,601100.SH,54,54.18,52.72,52.99,106831
2024-12-29,601100.SH,52.72,54.1,52.71,53.4,70369
2024-12-30,601100.SH,53.4,53.74,52.52,52.77,62424
2025-01-01,601100.SH,52.55,53.25,51.05,51.57,87021
2025-01-02,601100.SH,51.59,51.72,50.03,50.06,72520
2025-01-05,601100.SH,50.04,50.55,49.82,50.33,48952
2025-01-06,601100.SH,50.33,50.68,49.89,50.68,41026
2025-01-07,601100.SH,50.49,51.11,49.7,50.55,60499
2025-01-08,601100.SH,50.18,52.39,50.16,51.84,80015
2025-01-09,601100.SH,51.75,54.09,51.49,52.69,133093
2025-01-12,601100.SH,52.02,53.07,51.71,52,59474
2025-01-13,601100.SH,51.95,54.98,51.16,54.56,128374
2025-01-14,601100.SH,54.46,55.25,53.63,54.23,93905
2025-01-15,601100.SH,59.65,59.65,59.11,59.65,236582
2025-01-16,601100.SH,59.65,63.28,59,62.55,417650
2025-01-19,601100.SH,63.03,65.88,61.4,61.91,280791
2025-01-20,601100.SH,62.68,65.66,61.25,65,273870
2025-01-21,601100.SH,65.88,66,63,63.53,162829
2025-01-22,601100.SH,63.99,64.29,61.7,62.19,168081
2025-01-23,601100.SH,62.48,63.89,61.2,63.42,146577
2025-01-26,601100.SH,62.52,63.48,62.09,62.09,89276
2025-02-04,601100.SH,63.58,64.95,62.14,63.38,148481
2025-02-05,601100.SH,63.03,68.82,62.82,67.14,243460
2025-02-06,601100.SH,66.48,68.5,65.57,66.13,171938
2025-02-09,601100.SH,65.8,66.13,63.98,65.15,115030
2025-02-10,601100.SH,64.19,66.3,64.15,66.07,98526
2025-02-11,601100.SH,64.96,66.71,64.51,65.7,92946
2025-02-12,601100.SH,65.68,65.89,62.84,62.95,141666
2025-02-13,601100.SH,63,69.25,63,69.25,228586
2025-02-16,601100.SH,71.98,72.1,68.95,70.55,317680
2025-02-17,601100.SH,69.8,75.49,69.3,71.74,282046
2025-02-18,601100.SH,71.74,78.91,70.99,78.91,324785
2025-02-19,601100.SH,79.27,86.8,78.18,82.32,323467
2025-02-20,601100.SH,81.43,85.72,80.45,84.6,237112
2025-02-23,601100.SH,82.5,85.06,80.66,82.01,222425
2025-02-24,601100.SH,78.5,82.7,78.1,80.71,156511
2025-02-25,601100.SH,82.5,87.22,82.5,83.44,306538
2025-02-26,601100.SH,82.3,83.98,80,82.7,198540
2025-02-27,601100.SH,81.05,81.5,77.15,79.4,213530
2025-03-02,601100.SH,79.5,82.89,77.01,80,163766
2025-03-03,601100.SH,79.72,82,79.35,80.25,166956
2025-03-04,601100.SH,83.3,87.17,83.3,84.85,206969
2025-03-05,601100.SH,85.73,88.8,83.89,86.68,173221
2025-03-06,601100.SH,86.75,95.35,86.06,95,203522
2025-03-09,601100.SH,96.04,99.47,90.6,94.65,170015
2025-03-10,601100.SH,91.1,94.25,88.22,93.77,218763
2025-03-11,601100.SH,92,92,88.5,88.78,179556
2025-03-12,601100.SH,87.5,88.88,84.72,84.78,201016
2025-03-13,601100.SH,83.11,88.5,83.11,87.71,258156
2025-03-16,601100.SH,85.9,87.75,84.66,87.08,137180
2025-03-17,601100.SH,87.63,88.4,85.2,87.08,109065
2025-03-18,601100.SH,86.68,88.75,85.82,87.21,117813
2025-03-19,601100.SH,86.97,87.5,83.5,86.25,139720
2025-03-20,601100.SH,85,85.5,82.9,83.3,179568
2025-03-23,601100.SH,84.04,87,83.3,86.28,153634
2025-03-24,601100.SH,84.19,86.6,82.22,82.6,128092
2025-03-25,601100.SH,82.46,83.98,82.15,82.9,79919
2025-03-26,601100.SH,82.15,83.81,81.8,82.4,53078
2025-03-27,601100.SH,82.52,82.98,81.13,81.33,79426
2025-03-30,601100.SH,80.25,81.63,78.55,79.54,152043
2025-03-31,601100.SH,80.66,80.9,78.87,79.9,90889
2025-04-01,601100.SH,79.69,81,79.57,79.88,57814
2025-04-02,601100.SH,78.01,79.9,77.25,78.7,63683
2025-04-06,601100.SH,70.83,72.83,70.83,70.83,112601
2025-04-07,601100.SH,72.97,72.97,67.47,70.88,214706
2025-04-08,601100.SH,69.5,72,68,71.36,196038
2025-04-09,601100.SH,75,76.4,73.38,74.2,165132
2025-04-10,601100.SH,74.08,77.48,73.35,75.6,105605
2025-04-13,601100.SH,76.26,76.96,72.98,73.03,127091
2025-04-14,601100.SH,74,74,68.91,70.14,215958
2025-04-15,601100.SH,69.62,69.98,67.09,68.35,157268
2025-04-16,601100.SH,67.83,69.11,67,68.5,84122
2025-04-17,601100.SH,68.12,69.46,67.86,68.72,52419
2025-04-20,601100.SH,68.5,73.1,67.86,72.2,115851
2025-04-21,601100.SH,72.2,72.2,69.68,70.33,103165
2025-04-22,601100.SH,71.95,75.18,71.68,74.36,193035
2025-04-23,601100.SH,74,74.63,71.68,72.52,123835
2025-04-24,601100.SH,72.52,72.8,70.81,71.8,73749
2025-04-27,601100.SH,72,72.99,70.93,71.17,57714
2025-04-28,601100.SH,69.89,74.22,69.69,73.71,111964
2025-04-29,601100.SH,73.6,75.6,73.05,74.42,118204
2025-05-05,601100.SH,75,78.5,73.2,77.95,176682
2025-05-06,601100.SH,80.1,81.59,76.76,79.2,132867
2025-05-07,601100.SH,78.25,79.29,77.02,78.12,82435
2025-05-08,601100.SH,77.79,77.79,75.7,76.1,80362
2025-05-11,601100.SH,77.27,77.99,75.54,76.76,109192
2025-05-12,601100.SH,77.5,77.5,74.5,75.17,104123
2025-05-13,601100.SH,74.99,75.71,74.12,74.72,66123
2025-05-14,601100.SH,74.39,74.39,72.44,73.36,76304
2025-05-15,601100.SH,73.1,75.88,73.02,74.2,82834
2025-05-18,601100.SH,74.18,74.18,69.3,70.5,200922
2025-05-19,601100.SH,70.5,71.5,69.8,70.65,111397
2025-05-20,601100.SH,70.67,71.33,69.85,70.93,70376
2025-05-21,601100.SH,70.85,71.22,70.3,70.48,49799
2025-05-22,601100.SH,70.34,71.3,69.77,69.79,55546
2025-05-25,601100.SH,69.37,70.01,68.7,69.25,50056
2025-05-26,601100.SH,69.1,69.29,67.25,67.39,71978
2025-05-27,601100.SH,67.48,68.29,67.17,67.55,42786
2025-05-28,601100.SH,67.52,69.42,67.49,68.13,68101
2025-05-29,601100.SH,68.14,68.65,67.3,68.12,49468
2025-06-02,601100.SH,67.78,68.1,66.4,66.7,78787
2025-06-03,601100.SH,66.65,67.4,66.6,66.83,57513
2025-06-04,601100.SH,66.65,69.17,66.2,69.13,125117
2025-06-05,601100.SH,69.19,72.2,69.19,71.15,202426
2025-06-08,601100.SH,70.02,71.2,70.02,70.45,87880
2025-06-09,601100.SH,70.45,71.39,68.98,70.45,89210
2025-06-10,601100.SH,70.4,70.61,68.8,68.8,73979
2025-06-11,601100.SH,68.5,70.75,68.32,69.31,80882
2025-06-12,601100.SH,69.05,69.7,67.9,68.52,59888
2025-06-15,601100.SH,68.5,68.71,66.9,66.9,83378
2025-06-16,601100.SH,66.9,68.79,66.9,67.61,67739
2025-06-17,601100.SH,67.5,70.7,67.45,69.04,128700
2025-06-18,601100.SH,68.97,72.1,68.97,69.76,141516
2025-06-19,601100.SH,69,69.76,67.04,67.28,91400
2025-06-22,601100.SH,66.66,66.9,65.82,66.77,70673
2025-06-23,601100.SH,67.04,69.49,67.02,69.39,98727
2025-06-24,601100.SH,69.7,71.46,69.39,70.96,94143
2025-06-25,601100.SH,70.97,71.88,70.3,70.5,55768
2025-06-26,601100.SH,69.75,71.3,68.76,70.21,64450
2025-06-29,601100.SH,70.21,72.45,70,72,84515
2025-06-30,601100.SH,72.27,72.27,70.5,70.8,56819
2025-07-01,601100.SH,70.5,70.99,69.6,69.75,57444
2025-07-02,601100.SH,69.58,69.58,66.46,67.93,194353
2025-07-03,601100.SH,67.58,69.88,67.5,69.13,99751
2025-07-06,601100.SH,68.7,69,68.02,68.6,52648
2025-07-07,601100.SH,68,72.28,67.9,72.06,131470
2025-07-08,601100.SH,72.41,72.84,71.03,71.03,86457
2025-07-09,601100.SH,71.08,71.16,68.88,70.2,95882
2025-07-10,601100.SH,70.18,72.6,70.15,71.26,95790
2025-07-13,601100.SH,71.92,72.58,70.93,71.82,80673
2025-07-14,601100.SH,71.85,73.52,71.5,73.52,103000
2025-07-15,601100.SH,73.52,76.9,72.66,76.3,167752
2025-07-16,601100.SH,76.3,76.68,75.51,76.3,74661
2025-07-17,601100.SH,76.64,76.8,75.06,76.4,78604
2025-07-20,601100.SH,79.57,79.93,75.56,77.59,103462
2025-07-21,601100.SH,78.55,85.35,78.45,80.38,311821
2025-07-22,601100.SH,80.44,80.58,77,79.25,147830
2025-07-23,601100.SH,78.53,79.45,77.41,77.56,104276
2025-07-24,601100.SH,77.24,77.7,75.2,75.63,130369
2025-07-27,601100.SH,75.63,76.47,74.61,75.09,82226
2025-07-28,601100.SH,75.2,76.24,74.88,75.8,81216
2025-07-29,601100.SH,75.78,76.48,74.75,75.2,62654
2025-07-30,601100.SH,74.84,75.13,73.32,73.6,98688
2025-07-31,601100.SH,73.57,73.85,72.33,73.16,64960
2025-08-03,601100.SH,72.8,74.23,72.56,73.94,62995
2025-08-04,601100.SH,74.14,78.28,73.81,77.43,172231
2025-08-05,601100.SH,79.38,80.89,78.57,80.11,155597
2025-08-06,601100.SH,80.11,80.11,78.4,79.86,89017
2025-08-07,601100.SH,75.2,79.2,75.2,78.13,185596
2025-08-10,601100.SH,78.14,79.5,77.25,77.28,85553
2025-08-11,601100.SH,77.27,78.2,76.29,77.03,70930
2025-08-12,601100.SH,77.22,77.22,75.74,76.2,89793
2025-08-13,601100.SH,76.2,76.51,75.22,75.66,65175
2025-08-14,601100.SH,75.25,76.92,74.34,75.55,95207
2025-08-17,601100.SH,76.16,79.83,75.31,79.5,172969
2025-08-18,601100.SH,78.5,83.98,78.5,82.08,192472
2025-08-19,601100.SH,81.75,84.85,81.15,83.99,130063
2025-08-20,601100.SH,83.79,83.95,81.31,81.91,73936
2025-08-21,601100.SH,81.96,84.67,81.96,82.69,85537
2025-08-24,601100.SH,83.5,84.68,82.18,83.8,85145
2025-08-25,601100.SH,84.67,87.5,83.66,86.9,146833
2025-08-26,601100.SH,86.79,87.2,84,84.09,177321
2025-08-27,601100.SH,84.1,85.3,83.5,85.15,78438
2025-08-28,601100.SH,85.15,90.68,85.01,89.42,138197
2025-08-31,601100.SH,90.31,91.5,88.3,91.3,91762
2025-09-01,601100.SH,91.28,95.29,87.59,93.43,175808
2025-09-02,601100.SH,93.49,95.6,91.57,93.43,117570
2025-09-03,601100.SH,93.43,93.5,85.01,86.75,137122
2025-09-04,601100.SH,86.32,89,86.11,88,84878
2025-09-07,601100.SH,87.92,94.69,87.8,90.32,196595
2025-09-08,601100.SH,88.99,90.3,87.5,88.22,101219
2025-09-09,601100.SH,87.1,88.44,85.46,87.7,81373
2025-09-10,601100.SH,87.47,90.11,87.17,89.75,70452
2025-09-11,601100.SH,90,90.65,85.7,86.36,122887
2025-09-14,601100.SH,86.36,91.96,86.02,91,150953
2025-09-15,601100.SH,92.68,96.97,90.46,93.46,185335
2025-09-16,601100.SH,95.34,98.19,94.4,97.29,158787
2025-09-17,601100.SH,99.24,101,92.94,94.4,226724
2025-09-18,601100.SH,93,96.28,93,93.55,97924
2025-09-21,601100.SH,92.98,93.94,90.5,92.54,101761
2025-09-22,601100.SH,92.77,93.5,90.35,91.79,99470
2025-09-23,601100.SH,91.28,93.78,90.5,93.34,86202
2025-09-24,601100.SH,92.9,95.44,91.88,93.34,84601
2025-09-25,601100.SH,92.03,92.79,89.35,89.7,75722
2025-09-28,601100.SH,89.7,95,89.69,94.98,108823
2025-09-29,601100.SH,96,96.88,93.79,95.77,115303
2025-10-08,601100.SH,96.97,104.9,95,104,225396
2025-10-09,601100.SH,103,104.85,96.17,98.27,152298
2025-10-12,601100.SH,92.1,95.26,91.5,95,137276
2025-10-13,601100.SH,96.06,100.96,91.5,92.05,138474
2025-10-14,601100.SH,92.05,98.86,91.3,98.41,128021
2025-10-15,601100.SH,96,98,93.27,94,100264
2025-10-16,601100.SH,93.26,93.7,89.03,89.28,89719
2025-10-19,601100.SH,90.3,93.18,90.3,91.19,77589
2025-10-20,601100.SH,92.07,93.69,91.42,92.75,48025
2025-10-21,601100.SH,92.32,95.28,91.62,92.53,57308
2025-10-22,601100.SH,91.6,91.72,88.19,89.85,84315
2025-10-23,601100.SH,90.33,93.33,90.21,92.93,62764
2025-10-26,601100.SH,93.5,95.2,91.79,93.96,76725
2025-10-27,601100.SH,93.96,95.4,91.53,93.45,85597
2025-10-28,601100.SH,92.5,99.97,92.5,98.81,148881
2025-10-29,601100.SH,97.92,99.08,95.8,96.5,90939
2025-10-30,601100.SH,96.79,99.9,95.58,96.08,90615
2025-11-02,601100.SH,95.82,96,91.8,92.21,101524
2025-11-03,601100.SH,92,93.12,89.2,89.8,72690
2025-11-04,601100.SH,88.25,89.42,87.3,87.33,71861
2025-11-05,601100.SH,87.84,93.65,87.71,93.15,110047
2025-11-06,601100.SH,92.48,96.65,90.87,94.22,112867
2025-11-09,601100.SH,93.6,94.58,89.66,90.48,106522
2025-11-10,601100.SH,90.61,91.75,87.7,90.03,75142
2025-11-11,601100.SH,89.78,89.8,86.6,86.61,63552
2025-11-12,601100.SH,86.73,87.78,85.51,87.15,62982
2025-11-13,601100.SH,85.8,88.14,85.56,86.07,43241
2025-11-16,601100.SH,86.07,90.18,85.58,88.06,98586
2025-11-17,601100.SH,88.32,89.39,87.1,88.64,45319
2025-11-18,601100.SH,88.88,89.39,86.15,87.5,54185
2025-11-19,601100.SH,88.32,90.34,88,89.74,72222
2025-11-20,601100.SH,88.8,94.33,87.92,92.15,145884
2025-11-23,601100.SH,92.71,92.99,90.91,92.06,65974
2025-11-24,601100.SH,92.7,93.2,90.09,90.6,84834
2025-11-25,601100.SH,90,94.28,89.04,92.16,85571
2025-11-26,601100.SH,92.48,101.38,92.25,101.38,322694
2025-11-27,601100.SH,101,102.33,96.6,101.3,235131
2025-11-30,601100.SH,103.97,106.91,101.5,103.8,200456
2025-12-01,601100.SH,103.45,105.79,101,103.8,104376
2025-12-02,601100.SH,104.8,107.01,102.66,104.25,117185
2025-12-03,601100.SH,108.62,111.6,104.4,106.45,190769
2025-12-04,601100.SH,106.69,113.47,105.02,112.98,170941
2025-12-07,601100.SH,111.78,112.5,108.01,111.7,155354
2025-12-08,601100.SH,109.91,112.2,109,110.17,108486
2025-12-09,601100.SH,109.3,113.74,107.8,112.5,114291
2025-12-10,601100.SH,111.38,113.5,110.5,110.6,80343
2025-12-11,601100.SH,109.54,111.35,107.75,110.35,119829
2025-12-14,601100.SH,109.61,112.4,108.8,109.32,107173
2025-12-15,601100.SH,110.27,110.49,107.01,108.2,85026
2025-12-16,601100.SH,107.2,108.75,106.21,107.63,119556
2025-12-17,601100.SH,107.1,107.3,104.81,105,95304
2025-12-18,601100.SH,105.83,107.19,104,105.34,87154
2025-12-21,601100.SH,105.88,108.05,104.67,107.41,98369
2025-12-22,601100.SH,107,107.97,104.44,104.88,79304
2025-12-23,601100.SH,105.5,106.47,104.3,104.7,66495
2025-12-24,601100.SH,104.01,108.87,103.81,107.22,97526
2025-12-25,601100.SH,106.97,109.65,105.67,108.61,88959
2025-12-28,601100.SH,108.5,109.5,105.04,108.2,105364
2025-12-29,601100.SH,108.56,114.15,108.56,112.96,170884
2025-12-30,601100.SH,113.14,113.6,108.66,109.91,113377
2026-01-04,601100.SH,108.8,115.5,108.07,113.5,114719
2026-01-05,601100.SH,113.5,115.75,109.92,110.7,155108
2026-01-06,601100.SH,110,117.6,110,117.06,180737
2026-01-07,601100.SH,117.23,118.54,111.58,112.91,142996
2026-01-08,601100.SH,113.35,118.5,113.2,115.2,123054
2026-01-11,601100.SH,113.8,119.76,111.7,117.6,130078
2026-01-12,601100.SH,119.99,125.4,118.42,120.29,159488
2026-01-13,601100.SH,119.76,120.85,114,114.2,175231
2026-01-14,601100.SH,113,114.16,110.88,112.64,95453
2026-01-15,601100.SH,113,120.4,113,118.8,151899
2026-01-18,601100.SH,120,121,116.19,117.17,124062
2026-01-19,601100.SH,117.88,119,114,114.88,88416
2026-01-20,601100.SH,114,124.41,113.23,121.12,208533
2026-01-21,601100.SH,121,123.48,117.4,118.09,134289
2026-01-22,601100.SH,123,125.98,116.82,117.68,193888
2026-01-25,601100.SH,118.04,118.5,111.01,111.5,194505
2026-01-26,601100.SH,111.29,115.3,109.32,112.93,136865
2026-01-27,601100.SH,112,113.5,111.05,112.3,93320
2026-01-28,601100.SH,111.9,113.3,108.5,108.9,106593
2026-01-29,601100.SH,108.33,110.34,105.88,108.4,93974
2026-02-01,601100.SH,108.72,109.8,107.17,107.46,92414
2026-02-02,601100.SH,109.18,114.87,107.31,114.68,163653
2026-02-03,601100.SH,114.95,119.93,114.45,119.87,166490
2026-02-04,601100.SH,120,122.58,117.56,121,132251
2026-02-05,601100.SH,121,122.26,117.6,119.64,89110
2026-02-08,601100.SH,121.2,123.39,119.45,121.87,70231
2026-02-09,601100.SH,122.13,125.87,121.01,123.74,93229
2026-02-10,601100.SH,124.55,124.55,121.22,122.15,57836
2026-02-11,601100.SH,121.5,123.37,120.93,121.49,51647
2026-02-12,601100.SH,121.5,121.5,118.3,118.54,48071
2026-02-23,601100.SH,119.91,119.99,113.58,114,118657
2026-02-24,601100.SH,113,116.28,112.58,115.16,67887
2026-02-25,601100.SH,113.9,117,113.23,114.59,83718
2026-02-26,601100.SH,114,115.27,112.11,112.83,62278
2026-03-01,601100.SH,111,114.47,110.8,112.1,79437
2026-03-02,601100.SH,112.55,113.2,106.68,106.85,111745
2026-03-03,601100.SH,105.9,106.79,103.22,104.58,98042
2026-03-04,601100.SH,105.76,107.2,105.01,106.4,78346
2026-03-05,601100.SH,105.8,108.12,104.55,106.97,91332
2026-03-08,601100.SH,105,111.28,103.01,109.4,118792
2026-03-09,601100.SH,112,116.88,110.69,114.86,137128
2026-03-10,601100.SH,115.91,116.01,112.08,114.86,80536
2026-03-11,601100.SH,113.51,114.37,110.32,111.4,70155
2026-03-12,601100.SH,110.21,111.4,107.16,107.7,50865
2026-03-15,601100.SH,107.11,107.73,103.6,105.48,63220
2026-03-16,601100.SH,106.76,107.38,103.93,103.98,71572
2026-03-17,601100.SH,104.55,106,100.71,103.69,95766
2026-03-18,601100.SH,101.63,102.48,99.02,100.22,100804
2026-03-19,601100.SH,100.2,101.37,98.3,99.67,115161
2026-03-22,601100.SH,89.7,94.88,89.7,91.92,352124
2026-03-23,601100.SH,92,93.35,89.1,93,250503
2026-03-24,601100.SH,94.65,96.69,93.2,95.45,130778
2026-03-25,601100.SH,96.71,98.34,95.17,95.95,91578
2026-03-26,601100.SH,95.25,97.85,94.5,95.77,67256
2026-03-29,601100.SH,94.64,97.8,93.7,96.85,63501
2026-03-30,601100.SH,97.32,99.67,96,96,79535
2026-03-31,601100.SH,97.3,105.6,97.3,102,166495
2026-04-01,601100.SH,101.49,103.98,100.95,102.5,139939
2026-04-02,601100.SH,102.46,104.98,101.6,102.99,102177
2026-04-06,601100.SH,102,102.49,97.68,98.23,96916
2026-04-07,601100.SH,101,102.77,100.59,102.12,118639
2026-04-08,601100.SH,101,103.12,100.5,101.2,54483
2026-04-09,601100.SH,102.5,103.4,101,101.38,97530
2026-04-12,601100.SH,102,102,99.68,100.04,68531
2026-04-13,601100.SH,102.3,105.71,101.86,104.85,109859
2026-04-14,601100.SH,108,108,103.75,103.9,83474
2026-04-15,601100.SH,104.5,110.2,104.5,107,116093
2026-04-16,601100.SH,106.75,106.75,104.26,105.39,76972
2026-04-19,601100.SH,105.55,105.7,102.73,103.32,92523
2026-04-20,601100.SH,97.44,101.5,96.31,100.4,203513
2026-04-21,601100.SH,99.85,101.39,99.04,101.08,102424
2026-04-22,601100.SH,101.4,101.44,99.08,100.22,110173
2026-04-23,601100.SH,100.99,100.99,94.15,96.85,222028
2026-04-26,601100.SH,97.49,99.38,96.53,96.94,124255
2026-04-27,601100.SH,96,104.81,95.5,104.52,226135
2026-04-28,601100.SH,103.32,105.01,101.88,105,95844
2026-04-29,601100.SH,103.7,106.1,103.52,104.98,91937
2026-05-05,601100.SH,104.65,105.64,102.45,105.05,121243
2026-05-06,601100.SH,106.2,113.55,103.8,113.4,206263
2026-05-07,601100.SH,111.57,116.63,111.48,113.41,155796
2026-05-10,601100.SH,114.56,117.86,113.42,113.77,117553
2026-05-11,601100.SH,114.47,115.66,111.7,112.5,84870
2026-05-12,601100.SH,111.8,111.8,109.58,111.53,86486
2026-05-13,601100.SH,111.55,112.5,109.02,109.06,62433
2026-05-14,601100.SH,110,118.74,109.18,116.02,184614
2026-05-17,601100.SH,115,116.36,112.12,113.55,125581
2026-05-18,601100.SH,114.5,115.5,111.25,112.36,73211
2026-05-19,601100.SH,111.66,115.45,110.38,112.63,79876
2026-05-20,601100.SH,112.94,118.85,112.7,114.04,126381
2026-05-21,601100.SH,114.06,118.78,112.3,117.05,103257
2026-05-24,601100.SH,117.09,118,110.75,111,151155
2026-05-25,601100.SH,113.01,115.16,110.7,112.23,126207
2026-05-26,601100.SH,111.07,112.8,109.49,110.52,84316
2026-05-27,601100.SH,110.52,112.66,108.5,112.09,89498
2026-05-28,601100.SH,113,113,108.51,109.11,93705
2026-05-31,601100.SH,111.3,114.88,108.8,111.3,119381
2026-06-01,601100.SH,112.09,113.01,110,111.36,68195
2026-06-02,601100.SH,111.33,115.78,109.7,112.64,105070
2026-06-03,601100.SH,111.52,116.88,110.52,114.2,82050
2026-06-04,601100.SH,114.3,120.5,111.45,117.2,124374
2026-06-07,601100.SH,114,123.5,113.89,119.77,147113
2026-06-08,601100.SH,121.86,122.98,117.5,122.5,105665
2026-06-09,601100.SH,121,121.43,116.75,119.3,110283
2026-06-10,601100.SH,117.3,123.8,117.12,122.51,132070
2026-06-11,601100.SH,122.12,123.48,114.54,114.54,202243
2026-06-14,601100.SH,116.99,118.85,112.44,116.14,120545
2026-06-15,601100.SH,116.1,117.77,114.23,116.5,77166
2026-06-16,601100.SH,115.2,118.18,113.5,118,70498
2026-06-17,601100.SH,117.4,120.58,116.4,117.9,74356
2026-06-21,601100.SH,117.8,118.2,109.9,115.11,143015
2026-06-22,601100.SH,115.11,117.16,112.01,112.18,75476
2026-06-23,601100.SH,111.5,112.18,109.38,109.97,77986
2026-06-24,601100.SH,110.9,113.5,108.58,111.6,88604
2026-06-25,601100.SH,110.11,112,108.2,108.2,81426
2026-06-28,601100.SH,107.55,108.21,104.44,107.17,110269
2026-06-29,601100.SH,108.6,109.98,104.2,107.56,98935
2026-06-30,601100.SH,108,111.31,104.57,105.74,93806
2026-07-01,601100.SH,110,115.58,107.59,110.6,189490
2026-07-02,601100.SH,110.99,121.66,110.58,121.66,202203
2026-07-05,601100.SH,123.2,124,116.51,117.5,145925
2026-07-06,601100.SH,117.91,120.5,115,115.93,100140
2026-07-07,601100.SH,115.07,115.8,108.2,108.57,100379
2026-07-08,601100.SH,108,109.17,105.15,107.7,74362
2026-07-09,601100.SH,107.82,113.49,106.84,111.01,99510
2026-07-12,601100.SH,110.41,112.75,105.52,106,78261
2026-07-13,601100.SH,105.63,107.7,103.25,107.7,74307
2026-07-14,601100.SH,106.5,112.5,106.5,110.58,71081
2026-07-15,601100.SH,108.08,111.98,107.73,108.21,62283
2026-07-16,601100.SH,108.23,109.5,103.18,103.51,83917
2026-07-19,601100.SH,104.99,105.3,100.52,103.51,78890
2026-07-20,601100.SH,102.96,107.15,102.96,106.55,77311
2026-07-21,601100.SH,106,106,102.84,104.08,58733
2026-07-22,601100.SH,104,107.6,102.4,107.42,55728
2026-07-23,601100.SH,105.99,107.49,105,106.79,53152
2026-07-26,601100.SH,107.47,108.08,104.5,105.48,38475
2026-07-27,601100.SH,104.48,106.42,103.65,103.8,48324
2026-07-28,601100.SH,103.6,104.36,98.88,102.93,80102
2026-07-29,601100.SH,101,104.26,99.4,103,76860
2026-07-30,601100.SH,104.69,109.41,101.75,108.45,100402
2026-08-02,601100.SH,109.98,112.2,107.77,109.84,64731
2026-08-03,601100.SH,109.8,109.99,105.14,106.3,63825
2026-08-04,601100.SH,105.66,106.86,104.3,105.68,60336
2026-08-05,601100.SH,105.18,106.98,104.2,105.1,52288
2026-08-06,601100.SH,105.07,105.8,103.29,104,64865
2026-08-09,601100.SH,104.1,104.99,103.19,103.88,56110
2026-08-10,601100.SH,103.01,108.47,102.32,107.22,97276
2026-08-11,601100.SH,107,107,103.83,105.35,64365
2026-08-12,601100.SH,105.33,108.3,104.81,106.01,56308
2026-08-13,601100.SH,105.99,107.8,104.44,106.28,44692
2026-08-16,601100.SH,106.29,110.03,104.55,108.82,71208
2026-08-17,601100.SH,108,109.4,106.69,107.99,52898
2026-08-18,601100.SH,107.83,107.9,100.7,101,103644
2026-08-19,601100.SH,101.16,102.59,100.4,101.4,44047
2026-08-20,601100.SH,101.03,105.94,100.7,105.79,77450
2026-08-23,601100.SH,105.99,108.75,104.03,105.11,41333
2026-08-24,601100.SH,103.22,105.4,97.25,100.74,143536
2026-08-25,601100.SH,100.74,101.42,97.1,97.15,96600
2026-08-26,601100.SH,97.15,103.36,96.17,103,109044
2026-08-27,601100.SH,103,104.7,101.32,101.36,51192
2026-08-30,601100.SH,100.5,102.57,100.36,102.5,39356
2026-08-31,601100.SH,102.01,102.88,101.1,101.88,32482
2026-09-01,601100.SH,101.98,101.98,99.6,100.28,32502
2026-09-02,601100.SH,100.77,101.58,98.83,100.16,35421
2026-09-03,601100.SH,100.7,101.6,97.9,99.03,40788
2026-09-06,601100.SH,98.9,101.77,98.73,101.03,59320
2026-09-07,601100.SH,100.5,104.15,100.25,102.13,50653
2026-09-08,601100.SH,102.37,102.4,101.02,101.63,28413
2026-09-09,601100.SH,101.5,101.63,100,100.1,21945
2026-09-10,601100.SH,100.6,100.67,98.06,100,31380
2026-09-13,601100.SH,100.05,102.97,98.65,101.17,37583
2026-09-14,601100.SH,101.17,101.4,97.9,98.81,49345
2026-09-15,601100.SH,97.87,98.01,90.2,92.6,285735
2026-09-16,601100.SH,94.47,95.5,91.9,93.49,142079
2026-09-17,601100.SH,94.93,95.55,92.2,92.2,68542
2026-09-20,601100.SH,93,96,92.5,93.48,100534
2026-09-21,601100.SH,93.6,95.08,91.96,92.39,73112
2026-09-22,601100.SH,92.39,93.25,91.05,91.6,63479
2026-09-23,601100.SH,91.6,93.9,90.7,92.3,95732
2026-09-27,601100.SH,91.5,92.25,89.58,90,100881
2026-09-28,601100.SH,89.1,90.86,88.2,90.82,64714
2026-09-29,601100.SH,90.12,90.96,89.33,90.31,51032
2022-08-16,002371.SZ,314.05,316.08,306.5,315.08,83961
2022-08-17,002371.SZ,311,318.29,308,315.63,59703
2022-08-18,002371.SZ,313.89,318.88,305,306.62,63692
2022-08-21,002371.SZ,307,311.8,302.5,308.49,45670
2022-08-22,002371.SZ,307.01,308.39,298.1,299.78,62229
2022-08-23,002371.SZ,299.78,299.9,287.01,287.83,64351
2022-08-24,002371.SZ,288.99,290.69,283,288.08,46337
2022-08-25,002371.SZ,290,291.16,282.44,282.54,48643
2022-08-28,002371.SZ,278,295,276.88,284.28,71978
2022-08-29,002371.SZ,285.8,291.5,282.28,287.51,57831
2022-08-30,002371.SZ,286,288.83,277,282.04,59090
2022-08-31,002371.SZ,288,292.49,279.3,280.85,62606
2022-09-01,002371.SZ,282,289.52,278.5,285.55,61118
2022-09-04,002371.SZ,283,290.2,272.01,290.02,73894
2022-09-05,002371.SZ,289.91,295,287.18,290.01,55294
2022-09-06,002371.SZ,295.98,316.6,295.01,315,101340
2022-09-07,002371.SZ,311.75,319.99,307.73,313.03,60824
2022-09-08,002371.SZ,312.01,315,308,312.51,43688
2022-09-12,002371.SZ,314,321.3,311.2,314.03,35145
2022-09-13,002371.SZ,307.8,328.78,306.01,326.41,69290
2022-09-14,002371.SZ,323,325,302.63,311,82474
2022-09-15,002371.SZ,308,323.88,306,315.76,65519
2022-09-18,002371.SZ,313.1,325,312.4,316,64568
2022-09-19,002371.SZ,316,317.9,297.85,310.35,56060
2022-09-20,002371.SZ,307.02,309.23,296.3,297.22,57773
2022-09-21,002371.SZ,295.02,300,289.41,295.88,43052
2022-09-22,002371.SZ,296,297.89,282.83,285,52977
2022-09-25,002371.SZ,281.12,296.5,281.05,291.05,48774
2022-09-26,002371.SZ,291.1,300.65,288.98,294.98,46672
2022-09-27,002371.SZ,294.96,294.99,283.03,285.22,32285
2022-09-28,002371.SZ,285.38,293.8,277.8,291.78,48463
2022-09-29,002371.SZ,294.8,294.8,278.02,278.4,44072
2022-10-09,002371.SZ,265,265,250.56,250.56,43788
2022-10-10,002371.SZ,238,240,225.5,225.5,120588
2022-10-11,002371.SZ,221.51,232.99,211.97,232,166058
2022-10-12,002371.SZ,225.16,231,220.96,221.8,123470
2022-10-13,002371.SZ,226.2,226.88,213.11,224.88,154709
2022-10-16,002371.SZ,219.43,245.44,218.56,243,171904
2022-10-17,002371.SZ,240,241.8,233.3,238.9,99294
2022-10-18,002371.SZ,236.79,244.07,234.28,241,77294
2022-10-19,002371.SZ,238,265.1,237.93,265.1,112125
2022-10-20,002371.SZ,260,270.89,248.95,262.62,110690
2022-10-23,002371.SZ,259,275.54,257,265.9,93406
2022-10-24,002371.SZ,262.2,271.88,258.31,261.69,74223
2022-10-25,002371.SZ,261,268,257.66,261.8,84278
2022-10-26,002371.SZ,260.23,268.08,255.61,262.95,88779
2022-10-27,002371.SZ,258.78,274,258,265.9,88459
2022-10-30,002371.SZ,267.97,273.85,260.51,265.7,82265
2022-10-31,002371.SZ,263,265.99,258,264.92,72518
2022-11-01,002371.SZ,262.8,270,259.9,261.65,76916
2022-11-02,002371.SZ,258,271.65,257,267.5,80131
2022-11-03,002371.SZ,266.07,274.47,261.7,272.6,96022
2022-11-06,002371.SZ,270.6,277.5,263,263.65,83256
2022-11-07,002371.SZ,263.4,264.99,255.58,258.46,65261
2022-11-08,002371.SZ,258.36,260.88,247,249.6,89218
2022-11-09,002371.SZ,247.2,250.96,233.2,235,153065
2022-11-10,002371.SZ,246.75,247.98,237.79,238.22,134050
2022-11-13,002371.SZ,237,242.74,234.45,237.48,81907
2022-11-14,002371.SZ,239.48,253,237.01,250.01,136570
2022-11-15,002371.SZ,250,250,241.01,242.13,78583
2022-11-16,002371.SZ,240.41,242.58,231.02,242.45,106455
2022-11-17,002371.SZ,239.99,244.9,230.01,230.53,105524
2022-11-20,002371.SZ,228,233,226.77,230.7,51668
2022-11-21,002371.SZ,230,235,224.77,229.71,66867
2022-11-22,002371.SZ,228.33,229.91,221.67,225.76,78839
2022-11-23,002371.SZ,227,232.23,225.58,229.62,61585
2022-11-24,002371.SZ,227,234.44,224.5,225.01,79383
2022-11-27,002371.SZ,220,224.62,218.77,224,60139
2022-11-28,002371.SZ,224,228,220.44,225.01,69513
2022-11-29,002371.SZ,224.15,228.21,221,222.89,67113
2022-11-30,002371.SZ,226,232.2,224.57,230.99,114509
2022-12-01,002371.SZ,229,232.65,225.16,226.93,84116
2022-12-04,002371.SZ,226.92,227.5,221,224.35,74282
2022-12-05,002371.SZ,224.35,240.88,223.01,238.3,169076
2022-12-06,002371.SZ,239,241.98,236.5,239.32,87323
2022-12-07,002371.SZ,239,241.12,235.16,238,55375
2022-12-08,002371.SZ,239,249.01,239,244.81,122131
2022-12-11,002371.SZ,245,250,240.5,243.96,94831
2022-12-12,002371.SZ,243.96,243.96,234.38,235.3,96117
2022-12-13,002371.SZ,249.9,250.55,240.29,242.3,197986
2022-12-14,002371.SZ,238.61,253.5,238.06,247.12,118379
2022-12-15,002371.SZ,244,244.83,238,241.22,80774
2022-12-18,002371.SZ,239,241.17,234,234.4,61662
2022-12-19,002371.SZ,232,236.98,229.2,231.83,52143
2022-12-20,002371.SZ,231.78,232.2,225.33,228,48829
2022-12-21,002371.SZ,228.89,229.49,222.65,222.95,52398
2022-12-22,002371.SZ,218.15,222,216,217.82,62055
2022-12-25,002371.SZ,217.39,224.26,217.39,223.76,55825
2022-12-26,002371.SZ,223.76,228.2,221.8,227.52,49617
2022-12-27,002371.SZ,225.8,227.32,222.01,224.8,43791
2022-12-28,002371.SZ,225.28,231.33,223.93,227.64,62169
2022-12-29,002371.SZ,230.2,230.79,224.25,225.3,43693
2023-01-02,002371.SZ,224.01,231,222.06,230.3,62173
2023-01-03,002371.SZ,230.35,234.98,225.16,226.3,81668
2023-01-04,002371.SZ,226,229.96,224,228.31,62079
2023-01-05,002371.SZ,226.95,231.1,225.1,228.32,62986
2023-01-08,002371.SZ,229,233,226.5,229.4,69655
2023-01-09,002371.SZ,229.4,234.66,228.5,230.5,87160
2023-01-10,002371.SZ,234.5,240,228.3,228.9,116123
2023-01-11,002371.SZ,231.1,231.28,223.99,225.61,60191
2023-01-12,002371.SZ,226.32,227.28,224.05,227.11,43625
2023-01-15,002371.SZ,225,238.88,224.16,236,123863
2023-01-16,002371.SZ,235.87,243.93,235,242.56,94804
2023-01-17,002371.SZ,242.58,244,238.07,239.2,49303
2023-01-18,002371.SZ,238.9,245.88,238,245.66,64966
2023-01-19,002371.SZ,245,247.3,242.16,245.69,58255
2023-01-29,002371.SZ,247.52,248.8,243.5,244.13,83016
2023-01-30,002371.SZ,243,244.97,233.7,234.29,115794
2023-01-31,002371.SZ,234.3,238.87,234.3,238.16,74435
2023-02-01,002371.SZ,242.63,261.18,241.99,255.59,197226
2023-02-02,002371.SZ,253,256,249.61,252.81,81570
2023-02-05,002371.SZ,254,257.58,249.11,254,81469
2023-02-06,002371.SZ,254.6,254.8,247.17,249.64,73597
2023-02-07,002371.SZ,248.42,252,244.16,244.96,64443
2023-02-08,002371.SZ,243,253.5,241.38,253.2,95492
2023-02-09,002371.SZ,251.33,253.78,245.08,248.49,72754
2023-02-12,002371.SZ,244,253,240.7,252.29,81165
2023-02-13,002371.SZ,251.5,260.55,245.11,248.26,89615
2023-02-14,002371.SZ,250,257,246.16,255.93,85125
2023-02-15,002371.SZ,254.11,261.9,250,251.1,91138
2023-02-16,002371.SZ,250,250.96,236.78,238.04,124837
2023-02-19,002371.SZ,236.48,239.83,234,239.07,66256
2023-02-20,002371.SZ,238.45,241.46,236.33,239.05,44280
2023-02-21,002371.SZ,236.96,243.5,236.61,240.91,53644
2023-02-22,002371.SZ,239,242.3,237.56,240.1,40220
2023-02-23,002371.SZ,241.36,242.4,237,237.33,42068
2023-02-26,002371.SZ,235.73,236.33,230.16,230.77,61770
2023-02-27,002371.SZ,231.98,235.38,229,233.25,50941
2023-02-28,002371.SZ,231.76,233.66,230.3,233.65,52609
2023-03-01,002371.SZ,239,241.04,234,234.7,73597
2023-03-02,002371.SZ,241.99,249,240.88,248.94,170844
2023-03-05,002371.SZ,246,257.5,245,254.88,125428
2023-03-06,002371.SZ,254.88,257.28,247.25,247.66,87405
2023-03-07,002371.SZ,247.66,252.99,246.3,248.98,64635
2023-03-08,002371.SZ,250,261.68,249.4,258.29,154500
2023-03-09,002371.SZ,257.11,266.66,256.5,261.17,128190
2023-03-12,002371.SZ,260.99,265.9,258.4,262.84,87359
2023-03-13,002371.SZ,260,282,259.41,278,161845
2023-03-14,002371.SZ,282.64,282.9,270.51,272,123210
2023-03-15,002371.SZ,270.71,274.8,263.95,267,106256
2023-03-16,002371.SZ,273.26,273.6,264,270,104024
2023-03-19,002371.SZ,269.19,282.21,266.35,277.29,130968
2023-03-20,002371.SZ,274.3,278.49,267.78,273.79,92754
2023-03-21,002371.SZ,274,274.91,265,267.52,87060
2023-03-22,002371.SZ,264.93,271.7,263.91,268.35,105097
2023-03-23,002371.SZ,267,267,256.95,259.01,122890
2023-03-26,002371.SZ,259,259,250.77,252.42,103687
2023-03-27,002371.SZ,251.3,253.8,247.16,247.34,68959
2023-03-28,002371.SZ,247.4,272.07,246.68,271.87,215214
2023-03-29,002371.SZ,269.99,272.5,260.02,263.97,142715
2023-03-30,002371.SZ,264.2,268.88,260.5,265.85,94439
2023-04-02,002371.SZ,270.1,281.88,269,279.89,169392
2023-04-03,002371.SZ,277,296.66,276.5,283.33,167204
2023-04-05,002371.SZ,283.33,311.66,283,307.43,213882
2023-04-06,002371.SZ,307.43,313.62,305.61,312.66,126147
2023-04-09,002371.SZ,313.2,318.88,297,299.7,139443
2023-04-10,002371.SZ,300.82,304.85,291.04,295.4,116010
2023-04-11,002371.SZ,296.12,300.86,288.45,296.2,89232
2023-04-12,002371.SZ,292.9,293.74,284.14,286.01,105785
2023-04-13,002371.SZ,300,314.61,298.5,314.61,165535
2023-04-16,002371.SZ,327,338.81,323.51,328.9,206795
2023-04-17,002371.SZ,326.21,327.96,315,322.5,134148
2023-04-18,002371.SZ,319.99,333.54,319.9,327.6,160314
2023-04-19,002371.SZ,321.62,354.86,321,352,175592
2023-04-20,002371.SZ,348.99,358.03,336.06,337.27,134178
2023-04-23,002371.SZ,339,342.55,329.37,332.91,109048
2023-04-24,002371.SZ,337.3,342.2,325.2,330.88,131466
2023-04-25,002371.SZ,328.36,338.48,319.96,334.99,133772
2023-04-26,002371.SZ,329.48,349.48,326.18,336.3,116863
2023-04-27,002371.SZ,336.31,344.15,328.9,334.52,111718
2023-05-03,002371.SZ,334.78,334.78,319.11,322.32,90844
2023-05-04,002371.SZ,320,329.25,319.51,322.13,77677
2023-05-07,002371.SZ,302.14,314.58,295.03,301.23,154756
2023-05-08,002371.SZ,301.23,311.13,301,301.18,82871
2023-05-09,002371.SZ,298.96,299.99,286,289.5,109350
2023-05-10,002371.SZ,294.81,296.22,287,289.7,56268
2023-05-11,002371.SZ,291.01,298.35,283.5,285.7,74910
2023-05-14,002371.SZ,282,289.52,280.1,288.72,71492
2023-05-15,002371.SZ,288.72,298.87,285.33,296.95,97260
2023-05-16,002371.SZ,296.33,305.85,295,300.76,72773
2023-05-17,002371.SZ,299,304.5,298.13,301.24,48401
2023-05-18,002371.SZ,303,305.7,297.24,301.28,56379
2023-05-21,002371.SZ,301.49,303.9,296,297.31,37055
2023-05-22,002371.SZ,296.36,296.36,290.73,291.48,44761
2023-05-23,002371.SZ,291.32,302.01,288.6,297.51,70195
2023-05-24,002371.SZ,296.52,299.9,294.01,299.16,44587
2023-05-25,002371.SZ,300.5,305.68,298.02,301.6,46085
2023-05-28,002371.SZ,303.5,309.38,299.09,304.55,77312
2023-05-29,002371.SZ,301.49,306.64,295.57,305.11,74976
2023-05-30,002371.SZ,304.01,309.38,301,303.45,51912
2023-05-31,002371.SZ,299.99,300.81,294.2,296.65,70166
2023-06-01,002371.SZ,296.85,301.5,293.89,298.19,55083
2023-06-04,002371.SZ,319.9,328.01,315.18,317,164501
2023-06-05,002371.SZ,313.5,317.1,307.82,309.5,92055
2023-06-06,002371.SZ,309.5,312.73,305.01,308,59168
2023-06-07,002371.SZ,307.23,307.33,299,301.9,54931
2023-06-08,002371.SZ,301.9,307,297.55,307,69506
2023-06-11,002371.SZ,304.88,316.99,304.01,315.8,77167
2023-06-12,002371.SZ,314.71,321.23,311.5,320.5,66417
2023-06-13,002371.SZ,318.49,322.88,316.3,316.6,56492
2023-06-14,002371.SZ,316.6,320.12,313.15,317.45,51707
2023-06-15,002371.SZ,315.33,320.58,314.5,320.4,51127
2023-06-18,002371.SZ,318.6,319.73,313.35,315.57,51947
2023-06-19,002371.SZ,313,315,310,310.97,54496
2023-06-20,002371.SZ,307.9,310.97,294.52,294.9,89027
2023-06-25,002371.SZ,294,300.88,291.2,298.15,57863
2023-06-26,002371.SZ,298.15,306,297,300.98,46474
2023-06-27,002371.SZ,301,325,300.98,314.03,107336
2023-06-28,002371.SZ,313.6,318.6,310,311.79,46784
2023-06-29,002371.SZ,310.05,319.98,307.05,317.65,50701
2023-07-02,002371.SZ,322.98,324.98,298.89,303.92,108859
2023-07-03,002371.SZ,302.91,310.77,301,306.54,52946
2023-07-04,002371.SZ,304.02,305.3,294,295,73175
2023-07-05,002371.SZ,293.5,294,286.01,289.99,54682
2023-07-06,002371.SZ,288.11,288.11,283.65,285.14,43339
2023-07-09,002371.SZ,284.01,287.99,283.32,286.48,38364
2023-07-10,002371.SZ,286.2,294.11,285.01,293.77,63195
2023-07-11,002371.SZ,293,293,284,284.76,61635
2023-07-12,002371.SZ,285.15,290.63,284.66,289.53,50251
2023-07-13,002371.SZ,290.4,299.1,287.77,298.9,97200
2023-07-16,002371.SZ,300,302,286.58,288.7,102397
2023-07-17,002371.SZ,288,290.88,285.5,286.56,56369
2023-07-18,002371.SZ,285.13,287.5,272.98,276.63,101524
2023-07-19,002371.SZ,276.6,278.8,274.5,276.97,45053
2023-07-20,002371.SZ,274.98,274.98,268.18,269.38,62363
2023-07-23,002371.SZ,268,270.16,266.8,267.44,30802
2023-07-24,002371.SZ,269.99,278.73,267.89,274.51,55573
2023-07-25,002371.SZ,272.94,281.3,272.52,277.76,61399
2023-07-26,002371.SZ,276.01,277.49,273.03,273.83,33172
2023-07-27,002371.SZ,273.85,278.8,273.25,276,40219
2023-07-30,002371.SZ,276,285,275,283.83,70146
2023-07-31,002371.SZ,283.68,283.68,278.45,281.68,43051
2023-08-01,002371.SZ,280,285.68,279.01,283.29,52339
2023-08-02,002371.SZ,281.32,287.23,280.8,283.8,38770
2023-08-03,002371.SZ,284.33,285.8,278.22,281.51,48259
2023-08-06,002371.SZ,280.47,283.95,280.03,283.1,28010
2023-08-07,002371.SZ,282.49,284.98,281.97,283.39,25749
2023-08-08,002371.SZ,282.2,282.99,278.3,280.52,32030
2023-08-09,002371.SZ,280.48,288.88,280.45,284.66,46343
2023-08-10,002371.SZ,284.75,285.96,278.6,278.6,35976
2023-08-13,002371.SZ,275.43,276.5,272.72,273.01,32685
2023-08-14,002371.SZ,274.01,275.88,265.55,271.01,38353
2023-08-15,002371.SZ,270.03,273.2,261.45,261.55,46924
2023-08-16,002371.SZ,261.28,267.83,259.4,264.12,36101
2023-08-17,002371.SZ,263.8,264.69,257,257,33910
2023-08-20,002371.SZ,258.59,261.59,255.58,255.67,28551
2023-08-21,002371.SZ,257.08,259.13,250.33,257.75,44984
2023-08-22,002371.SZ,257.76,258.13,250.71,251.12,26113
2023-08-23,002371.SZ,253.02,262.35,251.53,259.83,54073
2023-08-24,002371.SZ,256.76,259.45,255.36,257,33582
2023-08-27,002371.SZ,272.22,274.15,251.98,254,68959
2023-08-28,002371.SZ,250.29,262.03,250.12,261.41,55479
2023-08-29,002371.SZ,266.5,274.88,264,268.15,87751
2023-08-30,002371.SZ,267.99,273.04,264,271.26,62085
2023-08-31,002371.SZ,273.98,283.47,272.36,273.02,75237
2023-09-03,002371.SZ,275.06,276,268.1,271,63706
2023-09-04,002371.SZ,271.83,274.48,269.88,271.3,59077
2023-09-05,002371.SZ,270.03,280.5,269,280.4,104497
2023-09-06,002371.SZ,276.99,277.3,264.23,264.5,96213
2023-09-07,002371.SZ,262.75,268.5,262,266.5,50570
2023-09-10,002371.SZ,265,267.97,259.07,266.11,54243
2023-09-11,002371.SZ,264.11,266.37,263.88,264,26883
2023-09-12,002371.SZ,262.62,265.29,258.02,259.65,38539
2023-09-13,002371.SZ,259.67,261,251,251.96,65742
2023-09-14,002371.SZ,252.09,255.6,247.8,249.15,63790
2023-09-17,002371.SZ,247,250.12,245,245.48,46568
2023-09-18,002371.SZ,245.48,246.18,231.55,239.9,86860
2023-09-19,002371.SZ,238.76,240.93,233.58,233.98,66215
2023-09-20,002371.SZ,233,235.3,231.8,232.41,45901
2023-09-21,002371.SZ,232,235,230.37,234.5,68772
2023-09-24,002371.SZ,234,236.92,231.66,235,64748
2023-09-25,002371.SZ,233.5,236.18,232.6,232.61,42611
2023-09-26,002371.SZ,232.6,236.6,231.13,232.95,48200
2023-09-27,002371.SZ,233,247.89,230.7,241.3,114314
2023-10-08,002371.SZ,239.23,247.53,238.56,246.25,71136
2023-10-09,002371.SZ,245,250.89,244.27,247.85,63128
2023-10-10,002371.SZ,247.85,248.49,241.81,244.29,58026
2023-10-11,002371.SZ,245.7,255.11,245.12,253.48,84218
2023-10-12,002371.SZ,249.88,249.93,241.54,248.7,76903
2023-10-15,002371.SZ,248.2,248.5,242.08,243.1,43339
2023-10-16,002371.SZ,244.66,249.35,241.5,246.67,48141
2023-10-17,002371.SZ,247.88,253.58,243.81,244.23,74087
2023-10-18,002371.SZ,242.62,249.8,242.2,243.13,47051
2023-10-19,002371.SZ,240.07,244.68,238.5,239.74,39197
2023-10-22,002371.SZ,239.73,240.5,233,234.6,35746
2023-10-23,002371.SZ,235.2,252.5,235.01,249.5,94578
2023-10-24,002371.SZ,251.01,251.6,245.3,248.01,55757
2023-10-25,002371.SZ,245.81,250,243.5,249.33,53087
2023-10-26,002371.SZ,246.8,254,245.51,251.79,60977
2023-10-29,002371.SZ,250,260.28,249.1,257.8,80636
2023-10-30,002371.SZ,262,264.66,252.85,256,70506
2023-10-31,002371.SZ,255.55,255.61,250.02,252.45,51373
2023-11-01,002371.SZ,252,253.97,249.17,250.2,35905
2023-11-02,002371.SZ,250.56,258,249.72,257.04,62017
2023-11-05,002371.SZ,259.03,259.5,254.58,258.74,64462
2023-11-06,002371.SZ,258,260.39,254.8,256.35,54552
2023-11-07,002371.SZ,255.12,265.5,254.54,259.97,81336
2023-11-08,002371.SZ,258.16,261.25,256.36,257.05,44243
2023-11-09,002371.SZ,258.1,259.59,255,256.01,40807
2023-11-12,002371.SZ,256.69,258.98,255.64,257.13,34233
2023-11-13,002371.SZ,255.81,258.74,255.07,257.03,30134
2023-11-14,002371.SZ,258.3,258.95,253.03,253.8,44057
2023-11-15,002371.SZ,252.88,253.8,246.2,248,50144
2023-11-16,002371.SZ,247.01,250.79,246.11,247,35441
2023-11-19,002371.SZ,247.01,247.57,242.12,242.31,55460
2023-11-20,002371.SZ,242.36,244.26,240.2,240.54,43467
2023-11-21,002371.SZ,239.01,240.25,235.44,235.6,46346
2023-11-22,002371.SZ,235,238.68,233.36,238.6,39308
2023-11-23,002371.SZ,237.98,238.7,235.2,235.75,33584
2023-11-26,002371.SZ,234.46,240.47,233.85,240.46,47183
2023-11-27,002371.SZ,239.5,241.9,238.3,240.29,32815
2023-11-28,002371.SZ,240.7,241.93,235.85,236.02,44770
2023-11-29,002371.SZ,235,236.47,233.5,234.55,36346
2023-11-30,002371.SZ,234.7,235.8,225.29,232.84,70401
2023-12-03,002371.SZ,231.99,235.6,229.31,229.41,41370
2023-12-04,002371.SZ,228.97,228.98,223.9,223.95,40099
2023-12-05,002371.SZ,222,225.52,222,223,36253
2023-12-06,002371.SZ,222.78,222.88,213.42,216.52,74658
2023-12-07,002371.SZ,216.52,223.98,216.52,222.23,69513
2023-12-10,002371.SZ,220.54,228.77,218.5,228,62372
2023-12-11,002371.SZ,227,228.65,225.62,227.36,34971
2023-12-12,002371.SZ,227.17,230.8,225.71,226.71,31533
2023-12-13,002371.SZ,227.88,228.98,224.9,225.95,28563
2023-12-14,002371.SZ,226.8,227.9,224.01,225,28709
2023-12-17,002371.SZ,223.5,225.44,220.6,221.06,34685
2023-12-18,002371.SZ,220.27,234.51,220.08,229.1,81060
2023-12-19,002371.SZ,230.05,232.05,227.26,229.3,52267
2023-12-20,002371.SZ,229.31,237.27,228.8,235.96,76050
2023-12-21,002371.SZ,235.46,235.95,230,231,47372
2023-12-24,002371.SZ,230,232.74,229,230.16,24373
2023-12-25,002371.SZ,229.31,229.78,224,225.49,32923
2023-12-26,002371.SZ,225.5,239.98,225.5,238.6,96683
2023-12-27,002371.SZ,237.88,248,237.24,245.6,79393
2023-12-28,002371.SZ,245.62,247.49,243.38,245.71,46362
2024-01-01,002371.SZ,245.73,245.91,239.35,240.3,41067
2024-01-02,002371.SZ,239.51,246.6,238.42,240.48,43118
2024-01-03,002371.SZ,238.95,243.47,235.13,236.25,35031
2024-01-04,002371.SZ,236,239.95,231.97,234.13,33083
2024-01-07,002371.SZ,233.5,235,226.05,226.18,37631
2024-01-08,002371.SZ,227.56,229.35,222.66,228.08,45534
2024-01-09,002371.SZ,227,231.94,223.38,226.8,36461
2024-01-10,002371.SZ,226.79,234.89,226.06,232.6,45260
2024-01-11,002371.SZ,231.96,233.64,229.69,232,26775
2024-01-14,002371.SZ,231.5,237.6,228.6,231.99,37738
2024-01-15,002371.SZ,240,245,238,244.01,97286
2024-01-16,002371.SZ,243.76,245.71,240.7,242.3,60984
2024-01-17,002371.SZ,240.88,256.78,240.02,255.77,125064
2024-01-18,002371.SZ,254.1,256.65,249.38,250.7,64637
2024-01-21,002371.SZ,250.7,256.17,247.8,250.2,84689
2024-01-22,002371.SZ,247.81,254.43,245.58,249.99,65123
2024-01-23,002371.SZ,250,253.16,241.23,252.12,77208
2024-01-24,002371.SZ,250,256,248.46,254.21,61266
2024-01-25,002371.SZ,251.92,254.48,247,247.5,53478
2024-01-28,002371.SZ,247.4,250.64,240.1,241.7,50234
2024-01-29,002371.SZ,240.86,240.86,228.58,229.35,56786
2024-01-30,002371.SZ,227.02,231.8,224.09,227.76,55449
2024-01-31,002371.SZ,227.53,240.14,227.3,235.6,64776
2024-02-01,002371.SZ,234.8,237.5,225.03,231.4,58420
2024-02-04,002371.SZ,228.16,245,227.71,240.95,84536
2024-02-05,002371.SZ,238.2,251.48,238.12,251,77505
2024-02-06,002371.SZ,250.26,252.82,246.66,249.11,59207
2024-02-07,002371.SZ,253,258.8,248.6,250.3,75072
2024-02-18,002371.SZ,258,259.88,254.01,258.5,68273
2024-02-19,002371.SZ,257.5,259.2,252.46,255.1,44070
2024-02-20,002371.SZ,253.65,264.4,252,260.5,70528
2024-02-21,002371.SZ,261,264.58,260.01,263.05,43101
2024-02-22,002371.SZ,263.08,265.5,259.57,261.66,46816
2024-02-25,002371.SZ,262.3,263.72,257.79,258.53,43463
2024-02-26,002371.SZ,257.11,268.47,256.6,268.2,56728
2024-02-27,002371.SZ,268.95,271.68,261.2,261.43,52358
2024-02-28,002371.SZ,266,286.9,265.64,284.06,116847
2024-02-29,002371.SZ,286,294.8,284.23,292.15,94921
2024-03-03,002371.SZ,292.59,297.58,288,292.17,68094
2024-03-04,002371.SZ,290.98,293.83,286.01,291.12,54258
2024-03-05,002371.SZ,291.1,293.55,288,291,39896
2024-03-06,002371.SZ,293.77,301.58,289.89,291.27,65040
2024-03-07,002371.SZ,293.99,302.65,293.1,301.87,81388
2024-03-10,002371.SZ,299.04,307.4,298.51,303.69,57288
2024-03-11,002371.SZ,301,306.99,297.2,298.41,74173
2024-03-12,002371.SZ,300,301.7,290.64,292.5,68007
2024-03-13,002371.SZ,291.99,293.79,288.06,289.78,55765
2024-03-14,002371.SZ,289.78,290.2,282.8,289.03,57263
2024-03-17,002371.SZ,288.05,298.77,288,298.06,66208
2024-03-18,002371.SZ,297,300.8,294.93,295.08,44175
2024-03-19,002371.SZ,294.9,297.57,291.75,296.2,31432
2024-03-20,002371.SZ,300.7,306.68,299,301.1,56773
2024-03-21,002371.SZ,301.1,316.99,300.33,312.51,89615
2024-03-24,002371.SZ,311.86,326.5,307.91,316.8,74158
2024-03-25,002371.SZ,317.5,323,308.69,310.88,63144
2024-03-26,002371.SZ,312.43,313.5,304.58,308.55,51304
2024-03-27,002371.SZ,308.53,309.66,302.5,306.69,49717
2024-03-28,002371.SZ,306.1,311.5,298.93,305.6,48207
2024-03-31,002371.SZ,308,315.56,306.5,308,49912
2024-04-01,002371.SZ,307,308.98,296,298.6,66601
2024-04-02,002371.SZ,298.54,302,293.01,297.68,43491
2024-04-07,002371.SZ,302,306.55,299.1,300.18,46333
2024-04-08,002371.SZ,298.5,301.2,294.02,299.07,28815
2024-04-09,002371.SZ,298.16,300,288.97,291.28,40755
2024-04-10,002371.SZ,289.11,293.99,288.88,290.77,32277
2024-04-11,002371.SZ,289.98,292.8,287.2,290,35494
2024-04-14,002371.SZ,302,315,301.18,313.02,90578
2024-04-15,002371.SZ,310.01,314,307.3,309.03,51383
2024-04-16,002371.SZ,309.31,311.47,306,310.75,55557
2024-04-17,002371.SZ,308,313.8,305.08,305.22,53933
2024-04-18,002371.SZ,304,305.52,295.5,298.48,46631
2024-04-21,002371.SZ,293.99,300.26,291.12,297.92,39521
2024-04-22,002371.SZ,298,304.5,297.45,302.86,40786
2024-04-23,002371.SZ,304,308.8,302.47,305,33388
2024-04-24,002371.SZ,303.37,307.48,300.2,306.34,30039
2024-04-25,002371.SZ,305.1,314.9,305.1,313.66,50200
2024-04-28,002371.SZ,313.2,324.58,312.18,323,61908
2024-04-29,002371.SZ,323.32,323.98,314.11,319,60379
2024-05-05,002371.SZ,323.1,325.8,317.6,318.79,41345
2024-05-06,002371.SZ,317.9,320.48,313,317.1,38103
2024-05-07,002371.SZ,316,318.5,311.45,312.81,30404
2024-05-08,002371.SZ,312.8,314.56,310.01,314.03,48471
2024-05-09,002371.SZ,314.19,314.48,286,297.95,148179
2024-05-12,002371.SZ,294,299.6,289.96,291.6,81472
2024-05-13,002371.SZ,293.9,295.65,283.83,291.3,67540
2024-05-14,002371.SZ,288,295.5,287,290.05,33199
2024-05-15,002371.SZ,292,295,288.99,291.82,40547
2024-05-16,002371.SZ,291,292.44,288.19,291,30713
2024-05-19,002371.SZ,289.73,293.28,288.44,290.8,34190
2024-05-20,002371.SZ,289.85,298.38,289.73,295.8,49898
2024-05-21,002371.SZ,295.96,296.48,290.4,293.16,33353
2024-05-22,002371.SZ,293.19,298.68,291.5,293.16,37706
2024-05-23,002371.SZ,291.76,293.45,287,287,32778
2024-05-26,002371.SZ,286.97,304.06,285.58,304,77706
2024-05-27,002371.SZ,306.8,313,303.52,304.98,71350
2024-05-28,002371.SZ,303.6,305.36,296.43,298.7,41312
2024-05-29,002371.SZ,297,302.6,296.01,299.9,35291
2024-05-30,002371.SZ,299.72,299.8,293.35,293.35,42368
2024-06-02,002371.SZ,294.02,312.99,294,308.88,83607
2024-06-03,002371.SZ,308.88,314.9,307,313.11,45441
2024-06-04,002371.SZ,314,318.63,313.11,314.98,44404
2024-06-05,002371.SZ,317.03,326,316.5,320.04,80246
2024-06-06,002371.SZ,320.04,327.84,314.07,318.39,68729
2024-06-10,002371.SZ,322,330,322,326.81,77010
2024-06-11,002371.SZ,332.3,332.8,323,325.04,58004
2024-06-12,002371.SZ,330,335.7,326.18,328.2,64779
2024-06-13,002371.SZ,326.99,332.88,321.02,322.8,82601
2024-06-16,002371.SZ,323.03,337.78,323.03,333.34,72140
2024-06-17,002371.SZ,333,337.25,330.46,333.8,40775
2024-06-18,002371.SZ,334.51,336.8,326,328.85,50043
2024-06-19,002371.SZ,328,337.7,327.23,330.55,55916
2024-06-20,002371.SZ,326.1,331.9,324.75,330.11,39903
2024-06-23,002371.SZ,330.09,334.6,324.5,325.7,37809
2024-06-24,002371.SZ,324,325.5,312.6,314.64,54896
2024-06-25,002371.SZ,315.62,322.83,311.33,319.55,47819
2024-06-26,002371.SZ,318.01,323.9,314.43,319.66,46776
2024-06-27,002371.SZ,317,322,315.61,319.89,39200
2024-06-30,002371.SZ,318.9,326.79,314.89,324.86,36758
2024-07-01,002371.SZ,325.06,326.15,314.45,318.01,37751
2024-07-02,002371.SZ,317.97,322.5,312.58,319.36,30565
2024-07-03,002371.SZ,316.43,320.78,315.36,316.79,21164
2024-07-04,002371.SZ,316.75,317.35,308.8,314.33,32382
2024-07-07,002371.SZ,314.62,321.89,313.78,316.6,36442
2024-07-08,002371.SZ,317.02,326,314.36,324.79,51260
2024-07-09,002371.SZ,323.88,325.8,317.3,319.58,43032
2024-07-10,002371.SZ,323.19,323.6,301.05,313.27,107539
2024-07-11,002371.SZ,311,330,309,328.57,90849
2024-07-14,002371.SZ,330,336.9,328.69,334.85,62045
2024-07-15,002371.SZ,334,350,332.73,347.57,78862
2024-07-16,002371.SZ,347.34,353.99,345.82,347.6,61872
2024-07-17,002371.SZ,344.5,356.81,340.66,355.66,75180
2024-07-18,002371.SZ,354.5,359.1,351.2,355,64417
2024-07-21,002371.SZ,358,358.85,350.44,353.41,48644
2024-07-22,002371.SZ,351.51,353,335.5,335.57,64869
2024-07-23,002371.SZ,335,338.23,330.5,332.49,40872
2024-07-24,002371.SZ,330.01,333.31,325.65,329,38729
2024-07-25,002371.SZ,327.02,336,324.3,331.95,54917
2024-07-28,002371.SZ,331.95,341.1,330.3,334.68,44163
2024-07-29,002371.SZ,332.66,340.5,328.44,336.04,38311
2024-07-30,002371.SZ,334,344.28,332.39,342.6,59319
2024-07-31,002371.SZ,343.98,352.15,341.57,345.23,50626
2024-08-01,002371.SZ,341.5,347.31,335.68,336.93,44789
2024-08-04,002371.SZ,331.99,337.49,322.8,322.8,58463
2024-08-05,002371.SZ,328.3,329.63,316.8,321.61,45094
2024-08-06,002371.SZ,323.25,326.96,318.01,319.05,33834
2024-08-07,002371.SZ,316.01,325.97,310.8,321,44403
2024-08-08,002371.SZ,325,327.69,319.68,320.87,32240
2024-08-11,002371.SZ,318.8,322.08,316.05,318.03,23683
2024-08-12,002371.SZ,317.11,320.69,315.57,319.44,22742
2024-08-13,002371.SZ,319.78,322.1,314.38,315.45,23158
2024-08-14,002371.SZ,314.04,318,311.8,313.96,34069
2024-08-15,002371.SZ,313.96,318.87,311.6,316.06,30877
2024-08-18,002371.SZ,316.5,319.88,313.69,316.2,27686
2024-08-19,002371.SZ,317,317.5,311,313.44,24972
2024-08-20,002371.SZ,312,315.88,310.1,312.96,24826
2024-08-21,002371.SZ,312.19,314.2,299.98,307.33,58748
2024-08-22,002371.SZ,305.05,306.67,300,301.66,46644
2024-08-25,002371.SZ,301.66,304.93,300.5,303.61,34988
2024-08-26,002371.SZ,301.5,303.15,298.2,300.64,25986
2024-08-27,002371.SZ,300,305,297.01,303.89,41771
2024-08-28,002371.SZ,302.62,313.54,301,305.18,55600
2024-08-29,002371.SZ,305.18,324.84,305,318.28,79416
2024-09-01,002371.SZ,320,322.4,307.01,307.4,49074
2024-09-02,002371.SZ,308.01,312,306.01,311.49,28795
2024-09-03,002371.SZ,307,310.05,305.5,306.59,26095
2024-09-04,002371.SZ,306.59,308.17,299,302.66,39225
2024-09-05,002371.SZ,302,304.96,298,298.1,28374
2024-09-08,002371.SZ,296.1,301.6,295.3,296.08,31905
2024-09-09,002371.SZ,296.04,305.51,295.51,298.72,51469
2024-09-10,002371.SZ,298.11,301,294.8,300.46,26635
2024-09-11,002371.SZ,301.88,303,297.1,298.14,26262
2024-09-12,002371.SZ,298.01,301,292.99,293.02,34736
2024-09-17,002371.SZ,294.01,295.5,291.3,294.68,22142
2024-09-18,002371.SZ,295.2,297.52,287.99,292.51,39513
2024-09-19,002371.SZ,290.74,294,283.8,293.42,48885
2024-09-22,002371.SZ,291.29,295,281.5,283.86,56754
2024-09-23,002371.SZ,286,295.12,278.13,295.09,82729
2024-09-24,002371.SZ,298.1,302.72,292.66,294.7,80414
2024-09-25,002371.SZ,293.98,303,286.48,303,86666
2024-09-26,002371.SZ,307,333.3,306.88,333.3,120966
2024-09-29,002371.SZ,350.88,366,342.11,365.98,121624
2024-10-07,002371.SZ,402.58,402.58,386,402.58,114050
2024-10-08,002371.SZ,400,440,388,405,237691
2024-10-09,002371.SZ,415.5,417,380.03,388.29,141260
2024-10-10,002371.SZ,380.2,385.78,360.8,365.8,109780
2024-10-13,002371.SZ,360,374.99,352.04,369.01,122346
2024-10-14,002371.SZ,378,389.5,371.88,376,132395
2024-10-15,002371.SZ,360.1,366.63,356.07,363.2,93299
2024-10-16,002371.SZ,366,371.5,362.5,365.03,65722
2024-10-17,002371.SZ,365.03,401.53,363.53,401.16,144508
2024-10-20,002371.SZ,409.81,416,391.13,395.22,177452
2024-10-21,002371.SZ,390.06,408.88,387,396.55,114503
2024-10-22,002371.SZ,396.55,402,391.5,393.9,70839
2024-10-23,002371.SZ,391,395.6,385.52,387.89,67455
2024-10-24,002371.SZ,387.95,393.5,382.5,388.42,65589
2024-10-27,002371.SZ,388.42,389.48,381.16,384.5,55238
2024-10-28,002371.SZ,383.71,396.8,383.07,388.7,72031
2024-10-29,002371.SZ,387,396,384.3,390.18,64089
2024-10-30,002371.SZ,388.38,399.6,381.86,392.37,98705
2024-10-31,002371.SZ,386.9,392.3,382,387.5,68904
2024-11-03,002371.SZ,387.52,406.98,387,400.3,93725
2024-11-04,002371.SZ,400.29,415,396.6,410.51,95149
2024-11-05,002371.SZ,410.51,415.77,401.56,404.91,84837
2024-11-06,002371.SZ,402,431.08,401.03,425.99,118030
2024-11-07,002371.SZ,438.99,468,427,447.75,154594
2024-11-10,002371.SZ,458,487.8,455.71,486.69,161465
2024-11-11,002371.SZ,483,490.03,463,467.81,145529
2024-11-12,002371.SZ,461.88,484.98,461.88,468,102311
2024-11-13,002371.SZ,463.33,467.73,446,449.31,103885
2024-11-14,002371.SZ,445.46,449,421.52,422.68,108108
2024-11-17,002371.SZ,421.33,436.99,419.83,423.89,89510
2024-11-18,002371.SZ,423.89,439.4,421.87,435.04,92438
2024-11-19,002371.SZ,436.1,443.9,428.44,433.9,77317
2024-11-20,002371.SZ,433.66,439.68,430.03,433.91,59408
2024-11-21,002371.SZ,433.9,446,422,422.53,79174
2024-11-24,002371.SZ,418.01,430.53,410.9,418.11,86364
2024-11-25,002371.SZ,417.94,421.55,408.28,409.5,62312
2024-11-26,002371.SZ,406.7,418.36,397.98,415.91,73792
2024-11-27,002371.SZ,415.91,418.58,406.2,412.97,59412
2024-11-28,002371.SZ,412,422.2,406.56,415.68,83164
2024-12-01,002371.SZ,412,426.8,409.44,421.99,77628
2024-12-02,002371.SZ,419,421.88,402.1,405.41,111117
2024-12-03,002371.SZ,411.8,417.5,400.4,402.55,90404
2024-12-04,002371.SZ,403,404.56,398.01,399,66170
2024-12-05,002371.SZ,398.7,408,397.53,405.59,65608
2024-12-08,002371.SZ,402.11,405.87,394.89,397.8,57575
2024-12-09,002371.SZ,410.6,412,396.02,398.35,88337
2024-12-10,002371.SZ,397,399.68,390,390.86,73068
2024-12-11,002371.SZ,389.95,401.66,387.01,397.96,81733
2024-12-12,002371.SZ,395,397.5,386,386.48,80053
2024-12-15,002371.SZ,384.48,388.21,375.32,378.45,69679
2024-12-16,002371.SZ,376.51,386.88,376.51,382.92,64172
2024-12-17,002371.SZ,384,397.61,382.91,395.55,103904
2024-12-18,002371.SZ,391,406.25,388.52,399.9,96945
2024-12-19,002371.SZ,398,415.4,396,414.2,118446
2024-12-22,002371.SZ,410,412.99,402,403.5,86912
2024-12-23,002371.SZ,403,409.97,400,408.5,64615
2024-12-24,002371.SZ,407.34,412.41,405,406.2,48947
2024-12-25,002371.SZ,404,408.44,401.84,405.28,51136
2024-12-26,002371.SZ,404,421.7,402.02,412.3,102058
2024-12-29,002371.SZ,410.03,416.66,404.5,406.97,59736
2024-12-30,002371.SZ,406.18,406.9,391,391,86215
2025-01-01,002371.SZ,391,391.39,371.55,376.4,80246
2025-01-02,002371.SZ,378,383.37,372,375.1,65996
2025-01-05,002371.SZ,376.09,383.37,372.5,376.3,44971
2025-01-06,002371.SZ,378,390.8,376.98,390.67,72287
2025-01-07,002371.SZ,387,389.58,377.77,386.27,58253
2025-01-08,002371.SZ,386.2,389.5,384.5,385.69,36101
2025-01-09,002371.SZ,385.6,394.54,382.82,383.65,50520
2025-01-12,002371.SZ,377.95,385,377.77,382.46,36305
2025-01-13,002371.SZ,385.44,393.5,373.11,391.35,72982
2025-01-14,002371.SZ,388.87,390.83,382.13,382.3,52578
2025-01-15,002371.SZ,386.8,401.97,386.05,392.35,83860
2025-01-16,002371.SZ,390,399,386.65,388.58,64200
2025-01-19,002371.SZ,390.03,393.98,387.4,388.58,50123
2025-01-20,002371.SZ,391.01,396.92,387.5,393.61,59282
2025-01-21,002371.SZ,393.43,394.5,384.27,384.91,57734
2025-01-22,002371.SZ,389,396.79,383.2,385.71,72577
2025-01-23,002371.SZ,385.15,387.3,379.2,379.41,80041
2025-01-26,002371.SZ,379.41,380.19,375.33,377,44739
2025-02-04,002371.SZ,383,383.99,373,378.03,64102
2025-02-05,002371.SZ,375.5,411.3,375.13,411.3,166717
2025-02-06,002371.SZ,409.8,412.5,401.6,407.58,103163
2025-02-09,002371.SZ,409,409,400.16,405.98,63714
2025-02-10,002371.SZ,404,406.99,398.15,401.68,52964
2025-02-11,002371.SZ,404.99,416.17,404.64,414.66,98061
2025-02-12,002371.SZ,413.8,420.63,408.89,409.65,59596
2025-02-13,002371.SZ,406.05,418.8,402.21,417.9,75096
2025-02-16,002371.SZ,420,428.7,417.66,427.88,91473
2025-02-17,002371.SZ,434.23,446.65,429.05,432,117787
2025-02-18,002371.SZ,431.98,458,430.01,457,108954
2025-02-19,002371.SZ,455,461.58,451.39,456,64884
2025-02-20,002371.SZ,455,473.33,453.01,465.02,82757
2025-02-23,002371.SZ,465,474,460,468,69576
2025-02-24,002371.SZ,461.05,465.28,449.3,456.03,79481
2025-02-25,002371.SZ,460,469.63,452,464.2,59870
2025-02-26,002371.SZ,463,465.5,454,460.42,44080
2025-02-27,002371.SZ,459.89,463.57,442.88,447.28,72593
2025-03-02,002371.SZ,446.33,447.09,432.51,435.33,51739
2025-03-03,002371.SZ,432,435,425,430.51,54264
2025-03-04,002371.SZ,430.59,440.32,430.05,432.38,41217
2025-03-05,002371.SZ,445.88,475.62,445.88,462.38,102452
2025-03-06,002371.SZ,456.85,470.68,456.78,465,58516
2025-03-09,002371.SZ,462.5,468.77,453.43,455.96,41879
2025-03-10,002371.SZ,457.01,463.63,440.33,444.26,61763
2025-03-11,002371.SZ,444.26,447.5,437.38,442.8,44665
2025-03-12,002371.SZ,441.31,443.88,429.59,433.03,42567
2025-03-13,002371.SZ,433.03,444.44,431.2,439.11,46200
2025-03-16,002371.SZ,444.44,444.5,435.13,435.9,33396
2025-03-17,002371.SZ,439,443.7,436.29,438.67,30221
2025-03-18,002371.SZ,436,438.23,432.27,434.97,25318
2025-03-19,002371.SZ,433.99,433.99,428,428.96,30939
2025-03-20,002371.SZ,429.5,431.65,414.15,418.8,54038
2025-03-23,002371.SZ,418.8,433.84,418.13,429.4,54834
2025-03-24,002371.SZ,430.5,431,426.4,428.88,24790
2025-03-25,002371.SZ,426.51,433.8,426.18,427.64,26092
2025-03-26,002371.SZ,426.5,435.54,424.2,430.4,32373
2025-03-27,002371.SZ,430.49,431.6,412,415.9,71392
2025-03-30,002371.SZ,412,418.95,411.08,416,50045
2025-03-31,002371.SZ,417,429.66,415.01,429.2,63067
2025-04-01,002371.SZ,428.98,429.8,420.6,429.2,37539
2025-04-02,002371.SZ,425.1,448.5,424.83,439.98,65388
2025-04-06,002371.SZ,434.99,451.5,419.39,432.8,127317
2025-04-07,002371.SZ,438,442.8,423,431.01,94012
2025-04-08,002371.SZ,426.42,466.9,424.08,460,121063
2025-04-09,002371.SZ,460,464.51,450,451.51,71464
2025-04-10,002371.SZ,450,469.33,446.22,457.5,72367
2025-04-13,002371.SZ,462.86,462.86,451.81,457.5,42860
2025-04-14,002371.SZ,453.3,455,446.33,452,41436
2025-04-15,002371.SZ,449.5,468.95,449.5,467.99,66436
2025-04-16,002371.SZ,464.8,466.9,461.6,463.33,33621
2025-04-17,002371.SZ,461.04,463.32,448,453.52,38832
2025-04-20,002371.SZ,451.75,457.89,450.54,456.38,24804
2025-04-21,002371.SZ,453.5,471.6,452.18,461.85,42900
2025-04-22,002371.SZ,461,461.85,450.5,455.79,42027
2025-04-23,002371.SZ,455,457.81,452,456.18,23715
2025-04-24,002371.SZ,454,456.88,447.5,453.28,33475
2025-04-27,002371.SZ,454.3,460.6,453.3,454.42,40484
2025-04-28,002371.SZ,454,455.01,448.52,454.42,22153
2025-04-29,002371.SZ,453,453.9,444.91,450.96,41152
2025-05-05,002371.SZ,454.6,459.96,450.96,457.57,40548
2025-05-06,002371.SZ,462,463,448,448.3,49366
2025-05-07,002371.SZ,447.64,450.3,444.88,448.89,28274
2025-05-08,002371.SZ,446,446,439.7,440.85,39087
2025-05-11,002371.SZ,442.92,443.74,435.01,436.68,39724
2025-05-12,002371.SZ,439,441.27,435,435,28921
2025-05-13,002371.SZ,435.11,439.5,433.18,436.94,34038
2025-05-14,002371.SZ,436.8,436.8,428.28,428.9,28998
2025-05-15,002371.SZ,428.5,433.7,427.01,428.6,25061
2025-05-18,002371.SZ,428.65,436.32,426.21,435,39062
2025-05-19,002371.SZ,435,437.97,431.76,433.66,29411
2025-05-20,002371.SZ,431.81,432.56,426.26,427,36569
2025-05-21,002371.SZ,428.5,430,422.75,422.86,30925
2025-05-22,002371.SZ,422.86,428.3,422,424.86,36468
2025-05-25,002371.SZ,426.89,437.9,426.38,431.57,55730
2025-05-26,002371.SZ,431.45,433.66,428.3,429.2,25616
2025-05-27,002371.SZ,428.02,429.95,417.11,417.34,41818
2025-05-28,002371.SZ,419.97,425.98,418.71,425.24,36117
2025-05-29,002371.SZ,423.97,425.78,418.56,418.56,24651
2025-06-02,002371.SZ,419.99,431.87,419.77,424.77,29125
2025-06-03,002371.SZ,424.77,427.9,423.51,425.33,19410
2025-06-04,002371.SZ,426.8,431,424.58,429.63,27138
2025-06-05,002371.SZ,430,433.88,428.68,430.49,23016
2025-06-08,002371.SZ,429.15,430.3,424.3,429.81,33880
2025-06-09,002371.SZ,427,427.21,417,417,41922
2025-06-10,002371.SZ,417.07,421.6,416.2,416.75,30159
2025-06-11,002371.SZ,415,415.5,402,404.22,69304
2025-06-12,002371.SZ,401.19,410.96,401.08,410.56,53425
2025-06-15,002371.SZ,406.04,414.41,405.58,412.39,26111
2025-06-16,002371.SZ,412.75,418.68,411.96,415.9,31175
2025-06-17,002371.SZ,415.9,419.27,413.23,415.98,25575
2025-06-18,002371.SZ,414.85,432.17,413.13,423.56,59119
2025-06-19,002371.SZ,420.59,428,420.5,426.77,33661
2025-06-22,002371.SZ,427.99,442.71,426.77,438.57,61008
2025-06-23,002371.SZ,436.99,440.57,430.37,435.82,39203
2025-06-24,002371.SZ,435.83,442.3,433.86,441.58,42262
2025-06-25,002371.SZ,442,443.88,437.42,437.91,32098
2025-06-26,002371.SZ,438.01,439.81,433.44,434.51,39506
2025-06-29,002371.SZ,433.97,448.5,433,442.21,53765
2025-06-30,002371.SZ,442.6,446,440.11,443.3,25935
2025-07-01,002371.SZ,444.8,444.99,435.33,437.12,29662
2025-07-02,002371.SZ,325.6,328.99,320.22,328.17,40671
2025-07-03,002371.SZ,326.99,341.51,326.01,335.15,72858
2025-07-06,002371.SZ,337.3,337.98,331.8,332.68,37393
2025-07-07,002371.SZ,334.1,334.83,330.02,333.97,38761
2025-07-08,002371.SZ,333,340.5,331,331.15,43890
2025-07-09,002371.SZ,330.99,332,324,329.83,45895
2025-07-10,002371.SZ,330,332.26,327.6,330.83,37334
2025-07-13,002371.SZ,330,330.45,323.8,324.19,38761
2025-07-14,002371.SZ,324.02,327.27,322.04,323.32,41226
2025-07-15,002371.SZ,322.5,325.36,320.6,320.86,35954
2025-07-16,002371.SZ,320,321,314.33,318.6,62914
2025-07-17,002371.SZ,320,330.33,320,325.19,81166
2025-07-20,002371.SZ,324.8,324.8,318,320.05,59914
2025-07-21,002371.SZ,318.71,322.29,315.5,322.14,71052
2025-07-22,002371.SZ,322.37,334.55,319.8,331.5,119131
2025-07-23,002371.SZ,331.44,339.08,330.5,338.65,72086
2025-07-24,002371.SZ,338,341.96,333.6,341.96,62367
2025-07-27,002371.SZ,341.96,344.36,337.18,343.65,55965
2025-07-28,002371.SZ,341.96,345.36,335,344.79,73160
2025-07-29,002371.SZ,343.99,355.6,342.16,349.2,85627
2025-07-30,002371.SZ,349.19,350,334.16,335.2,93438
2025-07-31,002371.SZ,334,335.88,327.2,329.8,55444
2025-08-03,002371.SZ,328.11,331.88,325.81,328.26,46332
2025-08-04,002371.SZ,329.24,331.7,325.5,328.5,49295
2025-08-05,002371.SZ,328.85,332,326.3,331.58,49329
2025-08-06,002371.SZ,333,335.92,329.18,332.87,57116
2025-08-07,002371.SZ,332,333.95,328.75,329.09,36308
2025-08-10,002371.SZ,328,329.44,326,326.7,47224
2025-08-11,002371.SZ,327,334.41,325.99,332.25,70732
2025-08-12,002371.SZ,333.18,334.16,329.16,331.31,58260
2025-08-13,002371.SZ,332.36,349.5,332.36,341.66,128315
2025-08-14,002371.SZ,341,343.69,334.89,342.03,74410
2025-08-17,002371.SZ,343.67,349.5,339.39,347.22,87379
2025-08-18,002371.SZ,346.9,346.9,339.7,339.96,67810
2025-08-19,002371.SZ,337.72,351.86,335.16,350.49,93680
2025-08-20,002371.SZ,350.49,368,348.5,360.98,158872
2025-08-21,002371.SZ,360.8,389.03,360.62,383.4,188994
2025-08-24,002371.SZ,394.28,402.57,374.79,380.08,195663
2025-08-25,002371.SZ,378,388.48,373.12,383,116876
2025-08-26,002371.SZ,380,389.11,373.12,373.5,145679
2025-08-27,002371.SZ,372.5,398.22,372.01,396.93,179220
2025-08-28,002371.SZ,380,381.59,362,372.5,241986
2025-08-31,002371.SZ,377,380.24,367.1,377.84,156271
2025-09-01,002371.SZ,377,387.86,372,378.51,167752
2025-09-02,002371.SZ,378.51,378.96,369.46,373.43,95695
2025-09-03,002371.SZ,371,371.7,345,350.95,144364
2025-09-04,002371.SZ,350.95,358.8,346,357.28,98061
2025-09-07,002371.SZ,355,371,353.02,370.4,110253
2025-09-08,002371.SZ,368.8,371.8,358.08,363.69,88825
2025-09-09,002371.SZ,363.79,370.26,363.79,368.2,78342
2025-09-10,002371.SZ,366.1,381.6,364.8,377.44,116269
2025-09-11,002371.SZ,377.45,383.5,375.28,377.04,76863
2025-09-14,002371.SZ,382.41,383.04,376.01,380,71172
2025-09-15,002371.SZ,378.08,382.96,376.38,377.86,76006
2025-09-16,002371.SZ,374,395,369.55,389.39,128260
2025-09-17,002371.SZ,391.78,427.9,389.91,407.7,181018
2025-09-18,002371.SZ,408.2,413.02,400.99,402,102377
2025-09-21,002371.SZ,401.54,418.8,398.25,412.7,103310
2025-09-22,002371.SZ,417.67,422.05,405,418.8,99394
2025-09-23,002371.SZ,422,460.68,419.79,460.68,187054
2025-09-24,002371.SZ,469.33,469.33,442.02,453.65,174734
2025-09-25,002371.SZ,451,462,448.4,452.8,109475
2025-09-28,002371.SZ,450.8,459,439.05,459,126632
2025-09-29,002371.SZ,457.96,463.39,450,452.36,121454
2025-10-08,002371.SZ,457,473.66,452.81,458.05,170388
2025-10-09,002371.SZ,449.97,454.44,432,437.9,143862
2025-10-12,002371.SZ,424,442.72,422.01,435.8,100474
2025-10-13,002371.SZ,441.15,442.72,398,402,161221
2025-10-14,002371.SZ,405.5,413.55,395.54,412.38,108560
2025-10-15,002371.SZ,412,418.78,407.34,410.69,67135
2025-10-16,002371.SZ,408,409.8,398.08,399.43,72358
2025-10-19,002371.SZ,406,411,398.23,400.16,77460
2025-10-20,002371.SZ,402.72,410.93,401.2,408.49,75399
2025-10-21,002371.SZ,405,407.68,400,404.39,57613
2025-10-22,002371.SZ,401.28,404.88,396.52,403.58,47542
2025-10-23,002371.SZ,406.02,417.6,406,414.8,89561
2025-10-26,002371.SZ,422.3,433.47,418.63,429.1,112345
2025-10-27,002371.SZ,427,432.97,423.52,426,72911
2025-10-28,002371.SZ,425.98,427.25,418.05,423.62,64986
2025-10-29,002371.SZ,423,423.62,415,415.5,73013
2025-10-30,002371.SZ,415.6,420.23,404,407.05,75114
2025-11-02,002371.SZ,406.2,407,390.03,401,83428
2025-11-03,002371.SZ,401,410.46,397.8,405.43,77905
2025-11-04,002371.SZ,397,404.89,394,396.83,54772
2025-11-05,002371.SZ,399,413.57,399,411,77331
2025-11-06,002371.SZ,407.6,420,406.7,413.75,74528
2025-11-09,002371.SZ,413.75,427,410.64,415.69,91991
2025-11-10,002371.SZ,417.6,424.47,414.55,415.5,66903
2025-11-11,002371.SZ,412.06,420,406.52,413.15,62771
2025-11-12,002371.SZ,413.29,418.54,407.29,413.67,53188
2025-11-13,002371.SZ,409,413.26,403.67,407.5,48453
2025-11-16,002371.SZ,406.94,415,400.66,400.68,56931
2025-11-17,002371.SZ,399.9,435,398.6,423.4,154452
2025-11-18,002371.SZ,422,427.9,418,419.29,56305
2025-11-19,002371.SZ,424,425,404.18,405,73136
2025-11-20,002371.SZ,395.26,400.92,386.62,386.86,98811
2025-11-23,002371.SZ,389.85,423,389.85,416.24,155763
2025-11-24,002371.SZ,422,424.29,415.2,418,61605
2025-11-25,002371.SZ,420.01,426.29,415.38,421.71,58039
2025-11-26,002371.SZ,422.88,432.88,418.88,422,64146
2025-11-27,002371.SZ,418.99,434.5,417,427.9,77291
2025-11-30,002371.SZ,427.92,447,423.4,446.46,84879
2025-12-01,002371.SZ,442.58,444.98,430,433.28,65224
2025-12-02,002371.SZ,432.09,441.6,432.01,433.85,40337
2025-12-03,002371.SZ,428.67,456.2,424.93,449.79,79989
2025-12-04,002371.SZ,445.99,455.7,445.98,450.5,61506
2025-12-07,002371.SZ,450.1,467.56,443.86,463,82752
2025-12-08,002371.SZ,461,466,453.35,457.46,61638
2025-12-09,002371.SZ,456.86,459.99,449.63,458.53,47890
2025-12-10,002371.SZ,459.53,460.9,452.16,453.1,53485
2025-12-11,002371.SZ,454.1,462.67,441.72,455.1,79898
2025-12-14,002371.SZ,460.78,468,447.39,449,83220
2025-12-15,002371.SZ,445,449.97,438.38,442.88,53587
2025-12-16,002371.SZ,441.71,448.63,436.88,444.74,60970
2025-12-17,002371.SZ,441,447.62,438.07,443.1,41921
2025-12-18,002371.SZ,446,458.7,445.37,448.36,51490
2025-12-21,002371.SZ,449.05,468.5,449.01,465.3,70409
2025-12-22,002371.SZ,466,488.87,464,481.42,88255
2025-12-23,002371.SZ,481,485.01,477,481.1,50248
2025-12-24,002371.SZ,480,482.98,470.2,473.2,44614
2025-12-25,002371.SZ,472.1,473.15,456.39,459.01,81137
2025-12-28,002371.SZ,460.38,462.58,450.01,452.8,86592
2025-12-29,002371.SZ,453.25,471.93,453.25,459,101559
2025-12-30,002371.SZ,470.15,472.94,453.34,459.08,85462
2026-01-04,002371.SZ,468,475,462.01,474.51,112922
2026-01-05,002371.SZ,474.51,508.99,473.5,485.97,155474
2026-01-06,002371.SZ,493,523.97,493,515.42,176758
2026-01-07,002371.SZ,515.42,522,504.53,506.67,97129
2026-01-08,002371.SZ,503,511.08,491,497.5,108323
2026-01-11,002371.SZ,498.03,511.7,498.03,501.85,111784
2026-01-12,002371.SZ,500,512.53,489.1,490.2,93964
2026-01-13,002371.SZ,491,504.28,487,493.3,98306
2026-01-14,002371.SZ,490.02,508.98,482.5,506.73,124937
2026-01-15,002371.SZ,513,534,511.31,523.88,143116
2026-01-18,002371.SZ,529.9,533,521,523.87,81842
2026-01-19,002371.SZ,521,531.22,511.05,514.2,71653
2026-01-20,002371.SZ,512.99,528.8,507.68,509.69,111712
2026-01-21,002371.SZ,515.5,517.09,498,500.56,94280
2026-01-22,002371.SZ,502,510.88,495,510.37,92673
2026-01-25,002371.SZ,508.1,508.1,489,496.22,90352
2026-01-26,002371.SZ,494.04,507.88,493.11,497.68,76917
2026-01-27,002371.SZ,502.39,507.77,492,502,118823
2026-01-28,002371.SZ,496.98,499,475,475.37,138080
2026-01-29,002371.SZ,472.42,479.98,466.03,475.23,87924
2026-02-01,002371.SZ,471.66,473,461.01,461.63,95494
2026-02-02,002371.SZ,466.5,476.19,462.23,472.99,96087
2026-02-03,002371.SZ,468.03,476,464.5,470.6,60657
2026-02-04,002371.SZ,463,472.5,455.49,470.12,77071
2026-02-05,002371.SZ,467.99,479.99,465,472.23,83364
2026-02-08,002371.SZ,479.09,488.76,476,484,69534
2026-02-09,002371.SZ,487.95,487.95,480.3,482.9,44620
2026-02-10,002371.SZ,478.8,481,471,475,44541
2026-02-11,002371.SZ,477.53,478,471.39,475.05,51149
2026-02-12,002371.SZ,479.79,496.65,475.18,486.12,110623
2026-02-23,002371.SZ,491.8,494,476.03,487.33,67828
2026-02-24,002371.SZ,488.47,499.68,480.77,496,78892
2026-02-25,002371.SZ,496,498.63,483.3,488.88,67890
2026-02-26,002371.SZ,481.12,482,466,471.88,88904
2026-03-01,002371.SZ,464.56,471.31,460.03,465.8,82860
2026-03-02,002371.SZ,465.99,469.77,446.08,446.16,78933
2026-03-03,002371.SZ,443.22,455.85,443,448.8,63470
2026-03-04,002371.SZ,456.8,472.26,454.97,466.28,79818
2026-03-05,002371.SZ,463.49,471.36,460.88,465.38,45443
2026-03-08,002371.SZ,448,453.55,435.5,452.64,95094
2026-03-09,002371.SZ,459,460.6,452.56,457,54389
2026-03-10,002371.SZ,456.93,462.68,450.06,461.99,67935
2026-03-11,002371.SZ,457,462,450.84,457.99,67478
2026-03-12,002371.SZ,450,464.7,449.1,457.88,64469
2026-03-15,002371.SZ,455.55,457.8,442.03,454.71,73655
2026-03-16,002371.SZ,456.01,464.36,449,450,53996
2026-03-17,002371.SZ,453.7,464,451.5,462.45,65998
2026-03-18,002371.SZ,457.59,465.19,454.01,461.63,51043
2026-03-19,002371.SZ,461.48,474.02,458.5,468.72,81385
2026-03-22,002371.SZ,461.5,462,443,444.39,77369
2026-03-23,002371.SZ,449.59,453.45,437.79,444,47309
2026-03-24,002371.SZ,449.9,467.6,448.39,464.2,87337
2026-03-25,002371.SZ,459.56,461.6,445.7,446.11,61011
2026-03-26,002371.SZ,439.5,457.97,434.5,452.98,58054
2026-03-29,002371.SZ,444.11,470.01,442.12,468.84,80806
2026-03-30,002371.SZ,464.9,466.99,447,447,69566
2026-03-31,002371.SZ,455.2,461.24,450.02,450.53,63355
2026-04-01,002371.SZ,450.59,451.8,435.22,438,74915
2026-04-02,002371.SZ,439.1,440.6,424.06,426.45,66885
2026-04-06,002371.SZ,425.06,431,422.25,424.08,45824
2026-04-07,002371.SZ,437,465.97,437,463.98,141948
2026-04-08,002371.SZ,461,478,458.01,472.84,93029
2026-04-09,002371.SZ,475,484.41,475,476.89,77583
2026-04-12,002371.SZ,475.9,480.5,467.2,472.5,65090
2026-04-13,002371.SZ,478,492,476.11,481.6,74114
2026-04-14,002371.SZ,483.06,485,473.99,475,63951
2026-04-15,002371.SZ,475,477.88,467.64,473.56,63248
2026-04-16,002371.SZ,470,476.5,464.8,469.91,95465
2026-04-19,002371.SZ,447,476.13,445,471.23,186837
2026-04-20,002371.SZ,471.96,472,446.71,450.36,160056
2026-04-21,002371.SZ,449,478,448,477.95,174383
2026-04-22,002371.SZ,478,484.95,470.58,475,97353
2026-04-23,002371.SZ,475.03,485.22,463.8,472.7,129793
2026-04-26,002371.SZ,481.2,519.9,475.96,516.25,204329
2026-04-27,002371.SZ,511.54,537.25,504,517.21,138254
2026-04-28,002371.SZ,510.22,517.22,502.2,510.71,93026
2026-04-29,002371.SZ,519.18,541.16,507.09,536.99,165926
2026-05-05,002371.SZ,555,567,545,545.35,160278
2026-05-06,002371.SZ,555,556.71,535,552.14,97222
2026-05-07,002371.SZ,543,554.8,537.2,540.79,82457
2026-05-10,002371.SZ,549.98,585,548,573.19,144630
2026-05-11,002371.SZ,573.19,584,564,581.45,112136
2026-05-12,002371.SZ,570.99,588,550.5,581,138388
2026-05-13,002371.SZ,581,592.66,563.43,564.4,102707
2026-05-14,002371.SZ,569.8,620.84,555,592,232995
2026-05-17,002371.SZ,601,623.27,592.76,597.97,175235
2026-05-18,002371.SZ,590,627.17,581.5,619.7,144595
2026-05-19,002371.SZ,618,660,614,656,164059
2026-05-20,002371.SZ,656.8,721.6,656.7,662.99,231619
2026-05-21,002371.SZ,663.03,673,637,669,198563
2026-05-24,002371.SZ,650.13,719.05,626.11,698.19,204122
2026-05-25,002371.SZ,690,701,656.66,670.25,148548
2026-05-26,002371.SZ,675,692,650.6,654.77,138670
2026-05-27,002371.SZ,650,668.67,646.88,659,112600
2026-05-28,002371.SZ,656.12,659,623.78,629.87,147461
2026-05-31,002371.SZ,624.99,629.8,588.92,589.89,151000
2026-06-01,002371.SZ,586.1,615.79,584.19,602.8,126306
2026-06-02,002371.SZ,602.81,633.66,594,614.84,144161
2026-06-03,002371.SZ,610.14,637.85,606,627,120620
2026-06-04,002371.SZ,615,619.59,600,603.36,80843
2026-06-07,002371.SZ,570.04,598.8,568.22,585.74,97859
2026-06-08,002371.SZ,601.02,619.8,594.59,617.1,102006
2026-06-09,002371.SZ,615,641.01,610,619.2,106913
2026-06-10,002371.SZ,624.85,648,620,637.5,113667
2026-06-11,002371.SZ,666.19,680.99,655.18,667.19,153480
2026-06-14,002371.SZ,669.8,687.66,640,682.22,125640
2026-06-15,002371.SZ,680,681.9,660.36,672.19,86768
2026-06-16,002371.SZ,660.39,705,657,704.22,113479
2026-06-17,002371.SZ,704.98,733.88,703.7,721.04,104611
2026-06-21,002371.SZ,739.98,758,723.47,745,107527
2026-06-22,002371.SZ,748.72,762,721,747.49,99686
2026-06-23,002371.SZ,727.07,774.5,727,770.07,131088
2026-06-24,002371.SZ,778,810,775,798,118840
2026-06-25,002371.SZ,795,828,782.17,813.37,124031
2026-06-28,002371.SZ,814.03,875.86,805.88,860.19,150335
2026-06-29,002371.SZ,890,905.56,873.53,884.56,127687
2026-06-30,002371.SZ,884.56,968,884.56,935.36,146117
2026-07-01,002371.SZ,870,884,841.82,841.82,121210
2026-07-02,002371.SZ,799.01,846.38,775,816,165854
2026-07-05,002371.SZ,832.31,834.8,767.97,803.6,152427
2026-07-06,002371.SZ,794.23,835.01,778.69,806.39,130918
2026-07-07,002371.SZ,806.39,830.02,768,802.32,148075
2026-07-08,002371.SZ,817.42,880.98,815,878.43,158615
2026-07-09,002371.SZ,886.46,905,800.99,801,193858
2026-07-12,002371.SZ,795.61,813.7,755,764.3,163142
2026-07-13,002371.SZ,763,782.5,728.01,774.2,167044
2026-07-14,002371.SZ,789,793,736.5,742.66,122659
2026-07-15,002371.SZ,732.96,745.65,693.7,702.76,135093
2026-07-16,002371.SZ,693.3,707.78,660.01,677,166186
2026-07-19,002371.SZ,704,716.66,659.1,676.91,174832
2026-07-20,002371.SZ,699,744.6,678.43,744.6,148376
2026-07-21,002371.SZ,788,809,751,764,223271
2026-07-22,002371.SZ,764.77,769,723,740,136405
2026-07-23,002371.SZ,720.01,778.8,716,757,158621
2026-07-26,002371.SZ,740.3,778,723.14,770,142356
2026-07-27,002371.SZ,745.2,771.99,710.01,715,130860
2026-07-28,002371.SZ,715.58,727.36,664.02,706.39,157943
2026-07-29,002371.SZ,688.08,711.73,643.5,668.07,163296
2026-07-30,002371.SZ,728,728,686.35,687,138743
2026-08-02,002371.SZ,685,689.55,636.45,641.3,131412
2026-08-03,002371.SZ,640,698,632.01,687,145006
2026-08-04,002371.SZ,695,745.1,679,734.2,137719
2026-08-05,002371.SZ,717.5,764.68,709,742.5,107590
2026-08-06,002371.SZ,740.5,762.43,736.92,751.99,85360
2026-08-09,002371.SZ,752.04,778,744.66,760,87286
2026-08-10,002371.SZ,753.03,767.74,742.55,746.1,67209
2026-08-11,002371.SZ,752,767.99,746.95,760,64962
2026-08-12,002371.SZ,768.37,773.4,738,738.6,82142
2026-08-13,002371.SZ,743.84,746.6,728,738.66,67210
2026-08-16,002371.SZ,738.5,766.32,732.23,765.97,78452
2026-08-17,002371.SZ,770,785.9,757.25,777,81666
2026-08-18,002371.SZ,753.88,757,708.11,712.95,108919
2026-08-19,002371.SZ,726.01,739.15,704.25,712.55,79373
2026-08-20,002371.SZ,712,725.68,709,714.43,57984
2026-08-23,002371.SZ,714,725.8,695.87,707.9,77787
2026-08-24,002371.SZ,707.5,707.5,676.66,700.4,75217
2026-08-25,002371.SZ,671.3,717.88,669.01,700.7,97963
2026-08-26,002371.SZ,700.8,720,693.7,718,61554
2026-08-27,002371.SZ,717,724.51,697,697.51,56463
2026-08-30,002371.SZ,683.56,699.79,672.18,699.79,67290
2026-08-31,002371.SZ,692,698,664.44,667.7,75448
2026-09-01,002371.SZ,660,671.53,650.2,667,59030
2026-09-02,002371.SZ,669.9,672.99,649.01,655.84,55641
2026-09-03,002371.SZ,665,666.98,633.27,638.17,67659
2026-09-06,002371.SZ,652.21,667.86,652.02,660.65,80581
2026-09-07,002371.SZ,660.6,664.13,643.9,647.87,58108
2026-09-08,002371.SZ,655,655.6,641.99,646.4,38015
2026-09-09,002371.SZ,645.88,647.5,635.87,638.64,38943
2026-09-10,002371.SZ,628.08,636.83,613.84,634,66181
2026-09-13,002371.SZ,630,633.01,620.01,626,42811
2026-09-14,002371.SZ,623.26,654,622.5,638.16,66915
2026-09-15,002371.SZ,638.2,673.33,635.01,662.89,98364
2026-09-16,002371.SZ,662,677.7,656,665.5,73638
2026-09-17,002371.SZ,674,694.4,665.29,686.51,97375
2026-09-20,002371.SZ,688,691,670,676.61,59224
2026-09-21,002371.SZ,689.61,690,671,672.92,47563
2026-09-22,002371.SZ,675.01,677,666.12,668.15,36636
2026-09-23,002371.SZ,663.16,665.88,653.06,653.06,40061
2026-09-27,002371.SZ,654.19,655.6,625.13,633.93,59607
2026-09-28,002371.SZ,633.94,640.8,623.04,628.96,42126
2026-09-29,002371.SZ,635.01,641.68,614.26,615.97,56074
