date,symbol,open,high,low,close,volume,turnover
2022-08-16,603799.SH,81.15,82.4,78.89,81.53,264066,2126640728
2022-08-17,603799.SH,81.19,82.34,79.95,80.16,243654,1969096488
2022-08-18,603799.SH,79.6,81.06,78.69,79.27,200179,1597377605
2022-08-21,603799.SH,79.68,84.38,79.34,83.64,553971,4597509263
2022-08-22,603799.SH,83.09,84.6,81.88,83.94,280778,2335711499
2022-08-23,603799.SH,84.05,85.8,81.2,81.55,256845,2130006599
2022-08-24,603799.SH,81.96,82.09,78.8,79.89,210526,1679983184
2022-08-25,603799.SH,80.11,82.39,79.57,80.15,177447,1437036110
2022-08-28,603799.SH,79,79.6,77.45,78.04,234749,1836039489
2022-08-29,603799.SH,78.21,78.38,77.06,77.72,127011,984600846
2022-08-30,603799.SH,77.54,78.36,74.11,74.74,235232,1775884964
2022-08-31,603799.SH,75.01,76.05,74.2,74.86,108284,813525786
2022-09-01,603799.SH,75.67,75.7,73.01,74.51,127411,946710188
2022-09-04,603799.SH,74.3,74.5,71.66,73.2,229670,1672874120
2022-09-05,603799.SH,74.03,75.39,72.4,74.99,184823,1371469828
2022-09-06,603799.SH,73.99,76.57,73.6,75.36,185867,1401957862
2022-09-07,603799.SH,75.35,75.8,72.79,73,165915,1226584818
2022-09-08,603799.SH,73.7,77.32,73.6,76.98,321183,2443705154
2022-09-12,603799.SH,77.38,77.67,76.11,76.94,148014,1139960638
2022-09-13,603799.SH,75.8,77.77,75.61,76.26,177893,1363230976
2022-09-14,603799.SH,77.11,77.88,72.3,72.96,274290,2043509296
2022-09-15,603799.SH,72.85,72.94,69.8,71.47,168127,1202640182
2022-09-18,603799.SH,71.67,74.37,71.5,72.4,151736,1103366898
2022-09-19,603799.SH,73.2,76,73,74.6,192902,1446505963
2022-09-20,603799.SH,74.55,75.16,73.11,74.57,123287,917471649
2022-09-21,603799.SH,73.99,74.44,72.66,73.07,116344,855227360
2022-09-22,603799.SH,73.18,73.72,70.78,72.1,132900,953370029
2022-09-25,603799.SH,72.07,75.34,70.91,73.45,179676,1323035390
2022-09-26,603799.SH,73.34,73.95,71.59,72.67,136509,988271980
2022-09-27,603799.SH,72.4,72.4,65.4,65.4,444987,2963954937
2022-09-28,603799.SH,65.5,66.56,64.1,65.48,353524,2316442153
2022-09-29,603799.SH,65.47,66.38,64.12,64.34,232175,1513049984
2022-10-09,603799.SH,64.34,64.34,61.6,61.8,174522,1093018381
2022-10-10,603799.SH,62.85,64.13,62.14,62.62,144374,909436792
2022-10-11,603799.SH,62.72,63.43,60.4,63.29,207365,1284507616
2022-10-12,603799.SH,62.87,63,60.93,61.05,228082,1408876761
2022-10-13,603799.SH,61.76,62.31,60.49,61.65,352533,2165773277
2022-10-16,603799.SH,61,62.3,60.6,61.88,252621,1549873169
2022-10-17,603799.SH,62.35,62.74,60.9,61.19,240021,1472378143
2022-10-18,603799.SH,60.9,62.26,60.04,60.05,301282,1837935762
2022-10-19,603799.SH,59.38,60.35,58.25,59.45,260876,1545478636
2022-10-20,603799.SH,59.48,59.94,57.79,58.28,196401,1153405663
2022-10-23,603799.SH,58.51,59.63,56.99,57.52,219325,1281289429
2022-10-24,603799.SH,57.67,58.65,56.61,57.91,170976,985678806
2022-10-25,603799.SH,57.52,58.89,57,57.9,230461,1337910607
2022-10-26,603799.SH,57.9,59.28,57.65,57.69,250573,1463928160
2022-10-27,603799.SH,57,57.43,54.68,55.12,305482,1702447868
2022-10-30,603799.SH,54.05,55.68,53.38,54.48,256778,1406240653
2022-10-31,603799.SH,55,56.88,54.3,56.87,279924,1569007310
2022-11-01,603799.SH,56.77,59.94,56.13,59.56,367042,2147722176
2022-11-02,603799.SH,58.68,60.42,58.31,59.19,241396,1432895657
2022-11-03,603799.SH,59.19,64.59,59.16,64,482425,3030101519
2022-11-06,603799.SH,64.2,66.58,64.2,65.29,391061,2558182549
2022-11-07,603799.SH,65.27,67.6,65.01,66.19,296612,1964086045
2022-11-08,603799.SH,66.61,67.15,64.85,65.33,186045,1220030671
2022-11-09,603799.SH,65.2,65.33,63.66,64.21,191014,1229502746
2022-11-10,603799.SH,67.3,69.5,65.71,66.3,316870,2127713562
2022-11-13,603799.SH,67.3,69.2,66.2,66.72,383572,2602413207
2022-11-14,603799.SH,66.4,67.41,64.29,67.38,252945,1668349434
2022-11-15,603799.SH,67.11,67.19,65.11,65.27,184511,1214080544
2022-11-16,603799.SH,64.74,64.97,62.89,63.42,255853,1622884885
2022-11-17,603799.SH,63.79,63.95,62.4,62.94,142343,899940695
2022-11-20,603799.SH,62.58,64.18,62.2,64.01,163857,1038863303
2022-11-21,603799.SH,63.62,63.89,62.25,63.09,159160,1002034283
2022-11-22,603799.SH,62.68,64.3,62.67,63.78,156215,995159755
2022-11-23,603799.SH,64.01,65.03,63.56,63.85,143941,923471872
2022-11-24,603799.SH,63.72,64.01,62.8,63.01,109726,693897150
2022-11-27,603799.SH,62,62.29,60.22,61.8,167861,1028375962
2022-11-28,603799.SH,62.36,62.81,61.18,62.38,123807,767202236
2022-11-29,603799.SH,62.5,63.63,61.55,62.51,156831,980731720
2022-11-30,603799.SH,63.9,66,63.44,65.5,297364,1936639340
2022-12-01,603799.SH,65.25,65.25,63.21,63.23,227412,1448726780
2022-12-04,603799.SH,63.6,63.93,61.75,62.8,156352,978328428
2022-12-05,603799.SH,62.76,63.43,61.52,62.84,197772,1236483788
2022-12-06,603799.SH,62.6,66.66,62.1,64.94,394572,2572643402
2022-12-07,603799.SH,65.03,66.66,64.95,65.22,219353,1438892947
2022-12-08,603799.SH,64.99,66.2,64.56,65.35,213077,1388998381
2022-12-11,603799.SH,65.4,65.4,63.5,64.13,146359,939752597
2022-12-12,603799.SH,64.1,64.48,63.09,63.11,111872,711588538
2022-12-13,603799.SH,63.04,63.52,62.35,62.46,89026,559117877
2022-12-14,603799.SH,62.5,64.2,61.6,63.84,126125,791175862
2022-12-15,603799.SH,63.01,63.36,60.54,60.99,217978,1337401237
2022-12-18,603799.SH,60.79,63.45,60.51,61.04,168183,1042376990
2022-12-19,603799.SH,61,61,58.3,59.25,167465,996379882
2022-12-20,603799.SH,59.25,59.95,58.12,58.42,127070,747014081
2022-12-21,603799.SH,59.16,60.18,57.83,58.27,155617,918088607
2022-12-22,603799.SH,57.61,58.22,56.43,57.3,137694,787320576
2022-12-25,603799.SH,57,58.28,56.86,58.08,134248,774623938
2022-12-26,603799.SH,58.49,58.66,57.03,58.31,139844,810243688
2022-12-27,603799.SH,57.77,57.95,55.78,56.5,232753,1315078580
2022-12-28,603799.SH,56.32,57.43,55.95,55.97,174885,988997531
2022-12-29,603799.SH,56.98,57,55.53,55.63,119152,667610279
2023-01-02,603799.SH,55.63,56.43,54.31,56.2,170153,944168747
2023-01-03,603799.SH,56.01,56.38,55.01,55.61,167213,931100602
2023-01-04,603799.SH,56.96,60,56.08,58.98,387926,2257813287
2023-01-05,603799.SH,58,60.88,58,59.76,299481,1789873912
2023-01-08,603799.SH,60.51,60.83,59.09,59.56,184036,1103041615
2023-01-09,603799.SH,59.42,61.58,58.75,61.14,249404,1505399625
2023-01-10,603799.SH,60.85,62.37,60.61,60.8,195860,1203038808
2023-01-11,603799.SH,61.4,63.99,61.24,63.26,304203,1920742124
2023-01-12,603799.SH,63.5,64.92,62.88,63.06,249773,1589016907
2023-01-15,603799.SH,63.05,64.05,62.61,63.21,176419,1116524481
2023-01-16,603799.SH,63.46,64.74,63.01,63.84,177607,1138400199
2023-01-17,603799.SH,63.7,64.83,63.7,64.36,112436,723316358
2023-01-18,603799.SH,64.5,64.77,63.7,64.4,112885,724234485
2023-01-19,603799.SH,64.41,65.5,64.04,65,152419,988748232
2023-01-29,603799.SH,67.15,68.5,65.85,66.23,302324,2037494553
2023-01-30,603799.SH,66.24,66.79,65.35,65.73,132295,872802037
2023-01-31,603799.SH,65.74,67.93,65.74,67.89,205110,1381079808
2023-02-01,603799.SH,67.95,68,66.61,67.37,146762,986797300
2023-02-02,603799.SH,67.27,67.3,64.42,65.68,177647,1164663922
2023-02-05,603799.SH,65,65,64.01,64.75,144942,934856461
2023-02-06,603799.SH,65.38,65.38,64.02,64.52,106037,684287878
2023-02-07,603799.SH,64.53,65.48,64.23,64.45,111702,724250537
2023-02-08,603799.SH,64.01,64.63,63.5,64.57,88843,571677869
2023-02-09,603799.SH,64.76,64.88,62.65,63.03,194512,1231363261
2023-02-12,603799.SH,62.68,63.93,62.65,63.5,123187,780990414
2023-02-13,603799.SH,63.7,64.22,62.83,63.33,126597,803028158
2023-02-14,603799.SH,63.2,63.9,61.8,62.1,142120,888067893
2023-02-15,603799.SH,62.1,62.54,60,60.69,174050,1070196656
2023-02-16,603799.SH,60.63,61.55,59.87,59.9,134192,811875334
2023-02-19,603799.SH,59.82,60.34,58.2,60.18,218678,1291872729
2023-02-20,603799.SH,60.18,61.69,59.6,60.63,255578,1546697461
2023-02-21,603799.SH,60.1,60.11,59.02,59.3,197181,1172447635
2023-02-22,603799.SH,59.06,60.35,59.04,59.85,168429,1009378098
2023-02-23,603799.SH,59.86,60,58.6,58.82,128673,759542618
2023-02-26,603799.SH,58.52,59.15,58,58.23,130122,759324312
2023-02-27,603799.SH,58.42,59.1,58.11,59.1,99565,584120609
2023-02-28,603799.SH,59.08,59.48,58.4,59.28,127733,754969428
2023-03-01,603799.SH,59.39,59.39,58.2,58.28,154255,902820175
2023-03-02,603799.SH,58.38,58.61,58.01,58.1,125988,733310857
2023-03-05,603799.SH,58.09,58.41,56.86,58.36,197040,1137038292
2023-03-06,603799.SH,58.17,58.17,57.06,57.09,116918,673339816
2023-03-07,603799.SH,56.8,57.45,56.37,57.31,85606,487897294
2023-03-08,603799.SH,57.92,58.75,57.6,58.68,180859,1055031279
2023-03-09,603799.SH,58.18,58.25,57.05,57.3,139794,804714194
2023-03-12,603799.SH,56.88,57.72,56.52,56.55,121799,692972769
2023-03-13,603799.SH,56.56,57.28,55.36,56.59,139545,787354539
2023-03-14,603799.SH,56.99,57.56,56.5,56.57,106023,604720942
2023-03-15,603799.SH,56.03,56.41,54.68,54.74,172728,955554502
2023-03-16,603799.SH,55.15,55.7,53.56,54.83,247637,1350306029
2023-03-19,603799.SH,54.25,54.96,53.5,53.65,224740,1212193326
2023-03-20,603799.SH,54,55.46,53.63,55.39,209752,1143059205
2023-03-21,603799.SH,55.39,57.61,55.38,56.75,252566,1433835963
2023-03-22,603799.SH,56.22,56.75,55.68,56.2,157246,884127802
2023-03-23,603799.SH,56.37,56.66,55.69,56.07,114260,641098235
2023-03-26,603799.SH,56,56.17,55.01,55.82,160812,892636643
2023-03-27,603799.SH,55.94,56.25,54.38,54.49,143005,784950006
2023-03-28,603799.SH,54.21,55.28,53.84,54.15,153565,836867623
2023-03-29,603799.SH,54.18,54.77,53.71,54.5,155139,842432857
2023-03-30,603799.SH,54.51,55.99,54.32,55,211180,1165195545
2023-04-02,603799.SH,54.88,56.5,54.01,55.52,273496,1515587227
2023-04-03,603799.SH,55.5,55.5,53.71,54.16,233938,1268377072
2023-04-05,603799.SH,53.72,53.83,53.05,53.4,167534,894039397
2023-04-06,603799.SH,53.4,54.65,53.27,53.93,146228,790414807
2023-04-09,603799.SH,54,54.52,53.41,54.2,177728,961429346
2023-04-10,603799.SH,54.25,55.99,54.14,55.9,387997,2152908820
2023-04-11,603799.SH,56.01,56.06,54.2,54.98,266021,1460562144
2023-04-12,603799.SH,54.9,54.94,53.72,53.9,167224,905396850
2023-04-13,603799.SH,54.2,57.18,54.16,55.75,604258,3387773302
2023-04-16,603799.SH,55.85,56.33,55.43,56.1,287173,1607648633
2023-04-17,603799.SH,56,57.08,55.8,56.06,270482,1525048254
2023-04-18,603799.SH,56.18,56.57,55.68,55.81,216467,1211692799
2023-04-19,603799.SH,55.74,55.74,54.77,54.9,197098,1084073658
2023-04-20,603799.SH,54.68,54.97,53.46,53.51,211750,1145850084
2023-04-23,603799.SH,53.55,53.68,49.48,49.86,393191,1994202519
2023-04-24,603799.SH,49.88,50.08,46,46.87,422404,1988768422
2023-04-25,603799.SH,46.87,50.65,46.6,50.3,458445,2250647212
2023-04-26,603799.SH,50,50.74,49.31,49.72,178698,894805737
2023-04-27,603799.SH,50.55,53.56,50.55,52,281725,1472668026
2023-05-03,603799.SH,51.85,53.15,51.3,51.6,185855,968373989
2023-05-04,603799.SH,51.9,52.14,50.27,51.68,213506,1097670819
2023-05-07,603799.SH,51.68,53.02,51.68,52.67,144086,757846880
2023-05-08,603799.SH,52.62,52.8,51.59,51.59,123699,642987404
2023-05-09,603799.SH,51.72,53.2,51.42,52.24,172479,903372000
2023-05-10,603799.SH,52.35,54.19,51.89,53.25,229236,1224162030
2023-05-11,603799.SH,53.05,53.91,51.6,51.83,168875,882474033
2023-05-14,603799.SH,51.95,54.06,51.89,53.85,237294,1272167620
2023-05-15,603799.SH,54,54,52.88,53.37,122835,653883781
2023-05-16,603799.SH,53.19,53.41,52.32,52.47,109116,574686491
2023-05-17,603799.SH,52.49,52.98,51.33,51.95,128202,665762128
2023-05-18,603799.SH,51.96,51.97,50.8,51.18,121142,621030045
2023-05-21,603799.SH,51.14,51.5,50.67,51.33,73283,375107651
2023-05-22,603799.SH,51.41,51.5,49.89,49.89,143050,723206833
2023-05-23,603799.SH,49.67,50.17,49.1,49.2,106616,528577527
2023-05-24,603799.SH,49.12,49.12,48.3,48.67,113631,552499278
2023-05-25,603799.SH,48.63,48.75,47.06,48.27,149669,715477869
2023-05-28,603799.SH,48.32,48.56,47.49,47.76,112146,535933427
2023-05-29,603799.SH,47.5,47.97,46,47.5,136998,647180776
2023-05-30,603799.SH,47.46,47.47,46.02,46.25,213342,989842483
2023-05-31,603799.SH,46.17,46.82,45.71,46.1,115545,535395933
2023-06-01,603799.SH,46.27,49.29,46.27,48.95,282600,1368730810
2023-06-04,603799.SH,48.93,49.3,48.22,49.1,129015,630287902
2023-06-05,603799.SH,49.06,49.06,47.5,47.6,139141,669528387
2023-06-06,603799.SH,48.01,48.37,46.89,47.16,118366,560691309
2023-06-07,603799.SH,47.33,48.2,46.95,47.12,121738,578740317
2023-06-08,603799.SH,47.05,47.99,46.88,47.13,128256,605886705
2023-06-11,603799.SH,47.09,47.51,46.43,47.23,120204,565312966
2023-06-12,603799.SH,47.4,48.1,47.23,47.74,108786,518768566
2023-06-13,603799.SH,48.22,48.22,47.12,47.33,127720,606418252
2023-06-14,603799.SH,47.48,48.82,46.8,48.35,266180,1279921183
2023-06-15,603799.SH,48.35,48.5,47.18,47.3,333156,1582672151
2023-06-18,603799.SH,47.26,47.46,46.92,47,153755,724687328
2023-06-19,603799.SH,47.01,47.29,46.74,46.89,130780,614999569
2023-06-20,603799.SH,46.84,47.5,46.17,46.18,169320,790733453
2023-06-25,603799.SH,45.92,46.75,45.22,45.7,162635,745105420
2023-06-26,603799.SH,45.82,45.96,45.04,45.64,139004,632517206
2023-06-27,603799.SH,45.64,45.93,45.24,45.81,108380,494278998
2023-06-28,603799.SH,45.66,45.8,44.93,44.94,132080,597907076
2023-06-29,603799.SH,44.82,46.6,44.76,45.91,241884,1111600300
2023-07-02,603799.SH,46.17,47.23,46.1,46.56,168348,785615056
2023-07-03,603799.SH,45.49,45.49,44.5,45.25,388141,1745154822
2023-07-04,603799.SH,45.25,46.62,45.11,45.99,372775,1716352610
2023-07-05,603799.SH,45.82,45.82,44.66,44.88,183745,826208015
2023-07-06,603799.SH,44.9,44.96,43.84,43.98,191450,844194318
2023-07-09,603799.SH,44.21,46.16,44.21,44.8,233153,1054594213
2023-07-10,603799.SH,44.8,46.1,44.57,45.99,285142,1300036360
2023-07-11,603799.SH,46.1,46.53,45.77,45.87,189766,876040847
2023-07-12,603799.SH,46.8,47.09,46.19,46.3,193133,898918004
2023-07-13,603799.SH,46.43,46.6,45.73,45.74,155527,715909605
2023-07-16,603799.SH,45.99,46.76,45.17,46.17,162179,746688523
2023-07-17,603799.SH,46,48.38,45.84,47.48,302111,1427942126
2023-07-18,603799.SH,47.02,48.1,47.02,47.82,203950,973722659
2023-07-19,603799.SH,48,51.6,48,50.06,480020,2388821399
2023-07-20,603799.SH,49.7,50.3,49.06,49.82,266529,1326991529
2023-07-23,603799.SH,49.75,50.2,49.11,49.25,168321,834952630
2023-07-24,603799.SH,50.69,51.48,49.71,50.94,265819,1349192606
2023-07-25,603799.SH,51.2,51.5,49.77,49.9,142444,717274556
2023-07-26,603799.SH,50.01,50.4,48.9,48.98,155280,765849134
2023-07-27,603799.SH,48.65,49.68,48.2,49.24,115091,565811186
2023-07-30,603799.SH,49.25,51.47,49.25,50.33,202114,1022543192
2023-07-31,603799.SH,50.27,50.65,49.71,50.29,118740,596088089
2023-08-01,603799.SH,50.29,51.22,50,50.34,130055,657145219
2023-08-02,603799.SH,49.9,50.38,49.35,50,110701,551801374
2023-08-03,603799.SH,50.45,52.96,50.3,52.02,342491,1771944524
2023-08-06,603799.SH,51.88,51.9,50.82,51.4,133360,684494260
2023-08-07,603799.SH,51.6,51.6,50.55,51.36,109874,562403381
2023-08-08,603799.SH,51.06,51.85,51.01,51.4,80030,411700988
2023-08-09,603799.SH,51.41,52.12,50.91,51.46,94655,487097197
2023-08-10,603799.SH,51.4,51.66,49.82,49.82,136483,690426663
2023-08-13,603799.SH,49.5,50.2,48.78,49.96,119836,592591330
2023-08-14,603799.SH,49.88,50.2,48.8,49.17,88732,438250432
2023-08-15,603799.SH,48.87,51.21,48.87,50.08,219137,1106016546
2023-08-16,603799.SH,49.84,50.5,49.07,50.42,135427,675521744
2023-08-17,603799.SH,50.19,50.46,48.5,48.5,101780,502103169
2023-08-20,603799.SH,48.56,48.97,47.76,47.79,83217,401168986
2023-08-21,603799.SH,47.85,48.2,46.26,47.11,144370,677104784
2023-08-22,603799.SH,47.15,47.35,45.24,45.45,124335,570879558
2023-08-23,603799.SH,45.59,46.6,45.1,46.08,121072,556779706
2023-08-24,603799.SH,46,46.39,45.3,45.49,96894,442394247
2023-08-27,603799.SH,47,47.49,41.99,42.47,543992,2360324368
2023-08-28,603799.SH,42.19,42.88,41.67,42.44,346957,1465046397
2023-08-29,603799.SH,42.44,42.66,40.38,40.95,440463,1823545824
2023-08-30,603799.SH,40.96,41.2,39.18,39.9,397129,1584474811
2023-08-31,603799.SH,40.3,41.3,40.29,40.53,268746,1094405610
2023-09-03,603799.SH,40.67,41.38,39.86,41.08,295804,1206579943
2023-09-04,603799.SH,40.81,41.25,40.5,40.63,194428,792350560
2023-09-05,603799.SH,40.77,40.98,40.24,40.87,153323,623311796
2023-09-06,603799.SH,40.68,40.68,39.92,39.92,171063,687101211
2023-09-07,603799.SH,39.96,39.96,39.1,39.35,134420,530415386
2023-09-10,603799.SH,39.35,40.05,39.25,39.74,144775,574311790
2023-09-11,603799.SH,39.93,40.81,39.56,39.87,205270,824723093
2023-09-12,603799.SH,39.6,39.9,39.1,39.33,138201,544849651
2023-09-13,603799.SH,39.25,39.44,38.78,38.85,142146,554238972
2023-09-14,603799.SH,39.01,39.13,38.16,38.16,227516,876411403
2023-09-17,603799.SH,38.29,39.12,38,38.73,167334,647094505
2023-09-18,603799.SH,38.66,38.66,37.94,38.27,149722,571302927
2023-09-19,603799.SH,38.22,38.22,37.67,37.82,97438,369727664
2023-09-20,603799.SH,37.5,38.05,37.45,37.68,126694,478132185
2023-09-21,603799.SH,37.61,38.32,37.57,38.3,145008,550839665
2023-09-24,603799.SH,38.28,38.39,37.56,37.95,137508,521748486
2023-09-25,603799.SH,37.85,37.98,37.27,37.36,130195,488331882
2023-09-26,603799.SH,37.17,38.12,36.94,37.45,199606,749031627
2023-09-27,603799.SH,37.58,37.9,37.13,37.51,193506,724416464
2023-10-08,603799.SH,37.23,37.55,36.57,37.12,147229,545192498
2023-10-09,603799.SH,37.11,37.77,36.93,36.99,166288,619640766
2023-10-10,603799.SH,37.17,37.22,36.66,36.84,143705,530434026
2023-10-11,603799.SH,36.93,38.1,36.93,37.98,373065,1403569239
2023-10-12,603799.SH,37.62,37.65,36.92,36.99,194705,724507059
2023-10-15,603799.SH,37.02,37.15,35.67,35.95,218103,785454873
2023-10-16,603799.SH,36.06,36.27,35.6,35.87,137453,494053143
2023-10-17,603799.SH,35.82,35.82,35.1,35.11,138190,488080559
2023-10-18,603799.SH,34.95,35.3,34.52,34.54,158648,553095401
2023-10-19,603799.SH,34.25,35.57,34.17,34.93,205271,718019026
2023-10-22,603799.SH,34.93,34.93,33.56,33.85,162081,552192110
2023-10-23,603799.SH,34.1,34.44,33.7,34.09,182626,621881585
2023-10-24,603799.SH,34.79,34.95,34.35,34.41,215337,745613902
2023-10-25,603799.SH,34.2,35.39,33.93,35.31,250032,865842483
2023-10-26,603799.SH,35.06,36.9,34.94,36.74,328791,1191283587
2023-10-29,603799.SH,36.5,37.15,36.32,37.01,197543,729272289
2023-10-30,603799.SH,36.99,37.16,36.49,36.79,129285,474964998
2023-10-31,603799.SH,36.78,37.1,36.39,36.56,106574,390352593
2023-11-01,603799.SH,36.5,36.9,35.8,35.81,109595,396389614
2023-11-02,603799.SH,35.99,36.37,35.7,36.19,116857,421550569
2023-11-05,603799.SH,36.43,37.6,36.42,37.23,210255,781002524
2023-11-06,603799.SH,37.22,37.22,36.53,36.93,128826,474403088
2023-11-07,603799.SH,36.8,37.38,36.65,36.92,438590,1623587024
2023-11-08,603799.SH,37.08,37.79,36.83,37.21,291874,1089230762
2023-11-09,603799.SH,37.1,37.2,36.55,36.81,206818,761122509
2023-11-12,603799.SH,36.9,37.34,36.82,37.08,182753,676962509
2023-11-13,603799.SH,37.08,37.2,36.46,36.69,186901,685410477
2023-11-14,603799.SH,37.15,37.58,36.93,37.2,272988,1016869329
2023-11-15,603799.SH,37.1,37.1,36.21,36.21,206915,753603306
2023-11-16,603799.SH,36.06,36.35,35.94,36.28,112894,407952863
2023-11-19,603799.SH,36.2,36.32,35.74,36.13,117387,422710966
2023-11-20,603799.SH,36.25,36.59,35.82,35.82,168521,610320896
2023-11-21,603799.SH,35.57,35.75,34.8,34.81,163395,574169979
2023-11-22,603799.SH,34.75,34.9,34.4,34.69,123710,428258202
2023-11-23,603799.SH,34.65,34.68,34.12,34.19,117562,403197066
2023-11-26,603799.SH,34.08,34.09,33.21,33.29,169655,567558374
2023-11-27,603799.SH,33.27,33.39,32.81,33.18,148246,490652166
2023-11-28,603799.SH,33.19,33.29,32.4,32.5,198544,648651112
2023-11-29,603799.SH,32.4,32.49,31.95,32.1,161983,520968376
2023-11-30,603799.SH,32.09,32.15,31.48,31.95,218474,695653212
2023-12-03,603799.SH,31.81,31.99,31.33,31.67,173863,551000381
2023-12-04,603799.SH,31.74,32.28,31.43,31.44,296511,944989741
2023-12-05,603799.SH,31.15,33.5,31.14,32.73,542816,1782593699
2023-12-06,603799.SH,32.74,32.74,31.77,32.22,249316,801066812
2023-12-07,603799.SH,32.66,32.79,32.02,32.15,181562,585383133
2023-12-10,603799.SH,32,32,31.01,31.78,223882,703512415
2023-12-11,603799.SH,31.71,32.14,31.39,31.82,168284,533895436
2023-12-12,603799.SH,31.79,31.79,30.63,30.64,245676,760930280
2023-12-13,603799.SH,30.97,31.18,30.29,30.33,193004,590482740
2023-12-14,603799.SH,30.5,31.1,30.35,30.42,194007,595543750
2023-12-17,603799.SH,30.15,30.58,29.59,29.68,215351,643449911
2023-12-18,603799.SH,29.51,29.85,29.44,29.7,133558,395605651
2023-12-19,603799.SH,29.78,29.87,29.17,29.17,139558,410365546
2023-12-20,603799.SH,28.95,29.99,28.87,29.74,225249,666234517
2023-12-21,603799.SH,29.68,31.38,29.41,30.79,311848,950656775
2023-12-24,603799.SH,30.55,31.07,30.5,30.96,133330,411536019
2023-12-25,603799.SH,30.95,31.2,30.73,31.03,127794,395483210
2023-12-26,603799.SH,31.03,31.19,30.45,30.73,178237,548665749
2023-12-27,603799.SH,30.75,32.98,30.73,32.75,404683,1301420169
2023-12-28,603799.SH,32.7,33.14,32.53,32.93,238630,785938565
2024-01-01,603799.SH,32.75,32.85,32.07,32.08,186559,602355627
2024-01-02,603799.SH,31.93,32.35,31.79,32.2,161225,516689297
2024-01-03,603799.SH,32,32.16,31.04,31.26,167836,527044440
2024-01-04,603799.SH,31.08,32.07,30.5,30.73,216957,678832567
2024-01-07,603799.SH,30.52,31.34,29.81,29.88,225116,681957732
2024-01-08,603799.SH,29.91,30.75,29.41,30.09,200525,602749570
2024-01-09,603799.SH,29.96,30.87,29.6,30.25,194592,589782027
2024-01-10,603799.SH,30.11,31.63,29.79,31.03,313534,963135265
2024-01-11,603799.SH,31.02,31.36,30.41,30.66,323694,998117687
2024-01-14,603799.SH,30.2,30.31,29.24,29.72,276858,823168500
2024-01-15,603799.SH,29.72,30.3,29.4,29.85,209700,624403995
2024-01-16,603799.SH,29.75,29.78,28.6,28.6,241367,701140924
2024-01-17,603799.SH,28.44,29.2,28.03,29.1,282109,806445227
2024-01-18,603799.SH,28.92,30.05,28.87,29.17,235306,692625067
2024-01-21,603799.SH,29.03,29.03,27.56,27.85,308607,871147835
2024-01-22,603799.SH,27.8,28.25,27.33,27.92,208281,580618560
2024-01-23,603799.SH,28.02,28.12,26.78,27.88,278389,764645806
2024-01-24,603799.SH,27.76,28.71,27.69,28.65,253016,716499578
2024-01-25,603799.SH,28.46,28.83,28.08,28.18,206802,586801323
2024-01-28,603799.SH,28.18,28.2,26.87,26.88,228661,625068373
2024-01-29,603799.SH,26.88,27.03,25.87,25.88,228147,603125712
2024-01-30,603799.SH,25.63,26.33,24.85,24.92,261877,665509227
2024-01-31,603799.SH,24.9,25.56,24.57,24.91,203818,510346609
2024-02-01,603799.SH,25,25.17,22.91,23.9,275232,664739615
2024-02-04,603799.SH,23.8,23.8,21.8,22.5,411310,935363659
2024-02-05,603799.SH,22.47,24.08,22.38,24.04,387598,907692604
2024-02-06,603799.SH,24.14,24.99,23.92,24.57,382447,939213020
2024-02-07,603799.SH,24.98,25.68,24.53,25.67,379407,956012796
2024-02-18,603799.SH,25.78,25.86,25.16,25.45,301679,767964255
2024-02-19,603799.SH,25.31,25.52,24.88,25.45,207483,523250392
2024-02-20,603799.SH,25.2,26.56,25.1,26.08,300749,782947913
2024-02-21,603799.SH,25.96,26.41,25.8,26.41,220812,578316865
2024-02-22,603799.SH,26.5,27.1,26.38,26.88,258795,692557848
2024-02-25,603799.SH,26.88,27.23,26.61,26.85,236527,636894762
2024-02-26,603799.SH,26.73,27.35,26.65,27.35,211769,572164880
2024-02-27,603799.SH,27.59,28.75,26.79,26.83,458428,1281870981
2024-02-28,603799.SH,26.56,27.84,26.52,27.7,331897,908799237
2024-02-29,603799.SH,27.74,28.35,27.66,28.02,275817,771679215
2024-03-03,603799.SH,28.02,28.59,27.58,27.8,243102,679841421
2024-03-04,603799.SH,27.42,27.66,27.06,27.21,244765,667305714
2024-03-05,603799.SH,26.77,27.42,26.56,27.03,218687,588955920
2024-03-06,603799.SH,27.12,28,27.03,27.06,334246,918255923
2024-03-07,603799.SH,27.06,27.47,26.41,26.92,214217,575099792
2024-03-10,603799.SH,27,28.54,27,28.48,496857,1390531307
2024-03-11,603799.SH,28.78,29.21,28.5,28.77,403488,1161551801
2024-03-12,603799.SH,28.68,29.08,28.51,28.8,264440,761860305
2024-03-13,603799.SH,29.01,29.3,28.11,28.32,321629,923248374
2024-03-14,603799.SH,28.14,29.7,27.7,29.29,530106,1527489971
2024-03-17,603799.SH,29.45,29.76,28.93,29.44,423612,1241837161
2024-03-18,603799.SH,29.4,30.15,29.14,29.2,381746,1129322283
2024-03-19,603799.SH,29.03,29.2,28.73,28.94,246164,712365095
2024-03-20,603799.SH,29.19,29.25,28.44,28.63,241263,693770327
2024-03-21,603799.SH,28.4,28.49,27.2,27.26,431639,1189893177
2024-03-24,603799.SH,27.05,27.55,26.7,26.7,256501,694278951
2024-03-25,603799.SH,26.63,27.86,26.43,27.45,302784,818396318
2024-03-26,603799.SH,27.3,27.54,26.39,26.4,194642,523278896
2024-03-27,603799.SH,26.3,26.96,26.21,26.57,177635,473219118
2024-03-28,603799.SH,26.55,27.43,26.55,27.12,205847,557628527
2024-03-31,603799.SH,27.37,29.83,27.18,29.83,384377,1122909545
2024-04-01,603799.SH,30.71,32.6,30.38,32.08,1362556,4263342637
2024-04-02,603799.SH,31.82,33.15,31.55,31.8,1111039,3580292545
2024-04-07,603799.SH,31.8,32.47,30.9,30.95,816904,2599604382
2024-04-08,603799.SH,30.6,32.2,30.6,32.06,743781,2362609393
2024-04-09,603799.SH,31.96,31.96,30.9,31.14,484183,1513437514
2024-04-10,603799.SH,30.64,31.25,30.12,30.64,444097,1360866368
2024-04-11,603799.SH,31.58,31.87,30.39,30.5,420115,1302698014
2024-04-14,603799.SH,30.51,31.12,29.35,30.09,437047,1310770876
2024-04-15,603799.SH,29.75,29.89,28.04,28.1,472780,1361134599
2024-04-16,603799.SH,28.23,29.03,28.23,28.84,334591,962033580
2024-04-17,603799.SH,29.26,31.09,29.14,30.28,705132,2132468287
2024-04-18,603799.SH,29.85,30.66,29.38,29.65,433692,1296413356
2024-04-21,603799.SH,29.4,31.05,29.1,30.32,615159,1865356742
2024-04-22,603799.SH,29.66,29.66,28.2,28.27,535257,1536234012
2024-04-23,603799.SH,28,28.02,26.75,27.62,439565,1200752685
2024-04-24,603799.SH,27.22,28.17,27.22,27.65,272595,756138080
2024-04-25,603799.SH,27.51,28.38,27.32,28.25,329388,921160503
2024-04-28,603799.SH,28.28,29.29,28.28,29.05,386238,1118030315
2024-04-29,603799.SH,29.1,29.34,28.4,28.49,244762,701911603
2024-05-05,603799.SH,28.99,29.15,28.71,29.03,279263,808969782
2024-05-06,603799.SH,29.06,29.48,28.88,29.39,284897,833595705
2024-05-07,603799.SH,29.14,29.24,28.82,28.87,211683,613498048
2024-05-08,603799.SH,28.87,31.08,28.87,30.44,673533,2039584520
2024-05-09,603799.SH,30.55,30.65,29.76,30.08,339857,1022441420
2024-05-12,603799.SH,29.73,29.8,28.93,29.28,284679,833706432
2024-05-13,603799.SH,29.45,29.6,28.97,29.08,241401,705311428
2024-05-14,603799.SH,28.98,29.2,28.49,28.52,224675,644260171
2024-05-15,603799.SH,28.57,28.95,28.23,28.38,234004,669975512
2024-05-16,603799.SH,28.58,29.55,28.24,29.5,321489,929964376
2024-05-19,603799.SH,30.11,30.43,29.65,30.11,493189,1480970344
2024-05-20,603799.SH,30.23,30.41,29.48,29.57,270146,805223225
2024-05-21,603799.SH,29.65,30.45,29.61,29.98,308991,926682155
2024-05-22,603799.SH,29.35,29.35,28.73,28.84,331885,959104616
2024-05-23,603799.SH,28.6,29.2,28.6,28.91,216601,625588334
2024-05-26,603799.SH,28.89,28.95,28.2,28.85,189852,542026862
2024-05-27,603799.SH,28.87,29.24,28.7,28.78,187727,543643614
2024-05-28,603799.SH,28.65,29.96,28.55,29.43,363482,1073029841
2024-05-29,603799.SH,29.5,29.65,28.91,29.03,201734,588624844
2024-05-30,603799.SH,28.9,29.13,28.69,28.8,142447,411339799
2024-06-02,603799.SH,28.3,28.3,27.6,28.03,320177,893637062
2024-06-03,603799.SH,27.9,28.43,27.71,28.04,200733,563199631
2024-06-04,603799.SH,27.76,27.95,27.41,27.43,189837,524343633
2024-06-05,603799.SH,27.5,27.87,26.9,26.91,222644,606943846
2024-06-06,603799.SH,27.07,27.22,25.92,26.43,279037,738974961
2024-06-10,603799.SH,26.2,26.2,25.59,25.95,225264,582281948
2024-06-11,603799.SH,25.89,26.12,25.7,26.11,198155,514139606
2024-06-12,603799.SH,26.06,26.19,25.72,25.78,176027,454713143
2024-06-13,603799.SH,25.77,25.77,25.2,25.55,298358,759821700
2024-06-16,603799.SH,24.6,24.68,24.33,24.43,252355,618469853
2024-06-17,603799.SH,24.49,24.62,24.26,24.31,244062,596214606
2024-06-18,603799.SH,24.31,24.31,23.7,23.75,271938,649166471
2024-06-19,603799.SH,23.76,23.84,22.8,22.8,317243,734939010
2024-06-20,603799.SH,22.77,23,22.5,22.66,225552,513007309
2024-06-23,603799.SH,22.47,22.49,21.93,22.16,270239,599162139
2024-06-24,603799.SH,22.1,22.32,21.84,22.02,204112,451216577
2024-06-25,603799.SH,22.08,23.15,21.77,23.12,354427,800979117
2024-06-26,603799.SH,22.82,23,22.34,22.35,259835,588166636
2024-06-27,603799.SH,22.2,22.49,21.92,22.13,322219,717207029
2024-06-30,603799.SH,21.95,22.47,21.63,22.35,258598,569778911
2024-07-01,603799.SH,22.31,22.49,21.88,21.95,193189,428374462
2024-07-02,603799.SH,21.93,22.46,21.83,22.27,228186,505970815
2024-07-03,603799.SH,22.39,22.49,21.88,21.94,177008,391451429
2024-07-04,603799.SH,21.85,21.94,21.38,21.81,210869,456786494
2024-07-07,603799.SH,21.7,21.8,21.05,21.13,201436,429318936
2024-07-08,603799.SH,21.12,21.58,20.82,21.44,221798,470796206
2024-07-09,603799.SH,22.38,23.58,22.24,23.26,852175,1980169165
2024-07-10,603799.SH,23.27,24.6,23.15,24.33,653132,1573138856
2024-07-11,603799.SH,24.25,24.25,23.8,23.94,400125,960349008
2024-07-14,603799.SH,23.84,24.05,23.52,23.84,228853,544921387
2024-07-15,603799.SH,23.77,24.16,23.69,23.91,209573,501148097
2024-07-16,603799.SH,24.15,24.15,23.38,23.38,251927,594107672
2024-07-17,603799.SH,23.1,23.56,22.71,23.52,265580,614492193
2024-07-18,603799.SH,23.25,23.71,22.9,23.55,220771,516048324
2024-07-21,603799.SH,23.31,23.57,22.98,23.18,251972,584693986
2024-07-22,603799.SH,23.12,23.19,22.11,22.11,287818,649609988
2024-07-23,603799.SH,22.12,22.25,21.77,21.78,172135,378098034
2024-07-24,603799.SH,21.66,22.63,21.62,22.23,262270,583076288
2024-07-25,603799.SH,22.2,23.9,22.19,23.33,403470,939881972
2024-07-28,603799.SH,23.33,23.36,22.45,22.48,231009,526214855
2024-07-29,603799.SH,22.34,22.38,22.03,22.29,187810,417050248
2024-07-30,603799.SH,22.59,23.58,22.33,23.48,354831,819594054
2024-07-31,603799.SH,23.36,23.6,22.94,23.12,266848,619055016
2024-08-01,603799.SH,22.89,23.21,22.7,22.81,223060,511189615
2024-08-04,603799.SH,22.77,23.42,22.44,22.44,310405,710140379
2024-08-05,603799.SH,22.65,23.45,22.65,23.04,305508,702357988
2024-08-06,603799.SH,22.9,22.96,22.57,22.61,212722,483332781
2024-08-07,603799.SH,22.41,22.69,22.23,22.48,153734,344893922
2024-08-08,603799.SH,22.66,22.92,22.3,22.32,188041,425410621
2024-08-11,603799.SH,22.15,22.46,22.15,22.26,111533,248506606
2024-08-12,603799.SH,22.26,22.54,22.1,22.41,161232,359271860
2024-08-13,603799.SH,22.35,22.55,21.91,21.91,165790,366331556
2024-08-14,603799.SH,21.9,22.45,21.79,22.28,214121,475061188
2024-08-15,603799.SH,22.4,22.47,22.11,22.14,133970,298085018
2024-08-18,603799.SH,22.3,22.43,22.12,22.25,131493,292928647
2024-08-19,603799.SH,22.59,23.65,22.59,23.14,601985,1395470754
2024-08-20,603799.SH,22.85,23.22,22.7,22.79,306940,703334974
2024-08-21,603799.SH,22.75,22.75,21.66,21.67,370708,818506113
2024-08-22,603799.SH,21.6,21.96,21.35,21.51,183260,395711561
2024-08-25,603799.SH,21.5,22.63,21.5,22.3,388339,867835534
2024-08-26,603799.SH,22.28,22.28,21.7,21.81,223525,489088899
2024-08-27,603799.SH,21.7,21.96,21.68,21.91,142013,309895750
2024-08-28,603799.SH,21.81,22.78,21.68,22.68,356949,799836558
2024-08-29,603799.SH,22.6,23.49,22.51,23.13,357911,826892158
2024-09-01,603799.SH,23.01,23.23,22.42,22.43,234248,532837417
2024-09-02,603799.SH,22.48,23.15,22.28,22.79,263662,600731621
2024-09-03,603799.SH,22.5,23.04,22.45,22.6,225435,512679365
2024-09-04,603799.SH,22.6,23.43,22.6,22.9,236588,543093113
2024-09-05,603799.SH,23.18,23.18,22.55,22.57,154459,350601795
2024-09-08,603799.SH,22.59,22.75,22.16,22.26,163697,366223198
2024-09-09,603799.SH,22.26,22.37,21.72,22.04,197376,433674049
2024-09-10,603799.SH,22.1,22.77,21.94,22.7,385378,867908290
2024-09-11,603799.SH,22.53,22.84,22.3,22.31,248259,559351174
2024-09-12,603799.SH,22.39,22.48,21.63,21.64,257714,564386832
2024-09-17,603799.SH,21.59,21.85,21.27,21.85,179027,385520981
2024-09-18,603799.SH,22.03,22.35,21.61,22.05,239807,528409161
2024-09-19,603799.SH,21.98,22.01,21.68,21.96,172615,376768758
2024-09-22,603799.SH,21.88,22.05,21.71,21.72,157871,344775101
2024-09-23,603799.SH,21.91,22.96,21.81,22.95,516844,1162086168
2024-09-24,603799.SH,23.2,23.93,23.16,23.2,548837,1290950089
2024-09-25,603799.SH,23.14,24.39,23.06,24.39,498628,1185116457
2024-09-26,603799.SH,25.24,26.83,25.19,26.83,573911,1506501663
2024-09-29,603799.SH,29.14,29.51,28.42,29.51,1054068,3075676219
2024-10-07,603799.SH,32.46,32.46,30.86,32.46,1449285,4656829471
2024-10-08,603799.SH,31.65,33.14,30.02,30.02,1233510,3877517380
2024-10-09,603799.SH,30.2,31.23,29.2,29.94,873928,2654446842
2024-10-10,603799.SH,29.45,29.55,27.67,28.06,711272,2016661587
2024-10-13,603799.SH,28.06,29.39,27.89,29.19,546234,1564409375
2024-10-14,603799.SH,29.17,29.46,28.51,28.54,425496,1232855549
2024-10-15,603799.SH,27.9,28.68,27.81,28.17,324659,914389237
2024-10-16,603799.SH,28.25,28.61,27.7,27.72,312969,881280019
2024-10-17,603799.SH,27.72,29.5,27.52,28.95,545473,1554436801
2024-10-20,603799.SH,30.5,31.5,30.43,30.76,818850,2521161387
2024-10-21,603799.SH,30.52,30.84,30.15,30.76,465042,1419100841
2024-10-22,603799.SH,31.2,31.28,30.28,30.8,542865,1670004913
2024-10-23,603799.SH,30.69,30.69,29.98,30.24,347568,1052391785
2024-10-24,603799.SH,30.24,32.86,30.23,32.13,928938,2952054259
2024-10-27,603799.SH,32.13,32.3,31.4,31.86,469548,1491302747
2024-10-28,603799.SH,31.92,32.6,31.12,31.15,447086,1413368523
2024-10-29,603799.SH,30.85,31.29,30.45,30.75,325741,1004421698
2024-10-30,603799.SH,30.96,31.59,30.64,31.07,414234,1291084025
2024-10-31,603799.SH,30.7,33.05,30.67,31.94,989886,3189454035
2024-11-03,603799.SH,32.51,32.56,31.22,31.91,515256,1637035302
2024-11-04,603799.SH,31.92,34.38,31.88,33.96,895319,2959774040
2024-11-05,603799.SH,34.7,37.36,34.55,36.41,1591257,5879177991
2024-11-06,603799.SH,35.29,36.1,34.65,35.95,1010620,3579155889
2024-11-07,603799.SH,37,37.7,35.67,36,881702,3234090636
2024-11-10,603799.SH,35.5,37.2,35.47,36.96,700851,2564508067
2024-11-11,603799.SH,37.17,39.21,36.22,36.9,1001301,3778812667
2024-11-12,603799.SH,36.25,37.45,35.75,36.45,610808,2215840583
2024-11-13,603799.SH,36.48,36.72,34.75,34.82,480042,1707999898
2024-11-14,603799.SH,34.45,34.93,33.63,33.63,480563,1648919699
2024-11-17,603799.SH,33.43,33.75,32.19,32.4,544566,1789817580
2024-11-18,603799.SH,32.76,34.83,32.07,34.54,693382,2324581698
2024-11-19,603799.SH,34.38,34.72,33.8,34.19,485159,1656415054
2024-11-20,603799.SH,34.03,34.27,33.58,33.89,306190,1038592002
2024-11-21,603799.SH,33.5,33.9,32.37,32.43,397960,1317764750
2024-11-24,603799.SH,32.76,33.68,32.07,32.73,380638,1247841614
2024-11-25,603799.SH,32.75,32.75,31.68,31.69,326325,1044908878
2024-11-26,603799.SH,31.54,32.19,30.71,32.16,412053,1292354277
2024-11-27,603799.SH,32.09,32.19,31.67,31.71,237807,758797194
2024-11-28,603799.SH,31.75,32.84,31.52,32.34,342945,1105908810
2024-12-01,603799.SH,32.3,33,31.97,32.81,351023,1144158542
2024-12-02,603799.SH,32.81,32.82,32.01,32.35,274620,889101308
2024-12-03,603799.SH,32.52,32.67,31.78,31.9,243836,783743530
2024-12-04,603799.SH,31.7,32.13,31.65,31.86,180732,576309439
2024-12-05,603799.SH,31.87,32.99,31.56,32.62,374716,1215283668
2024-12-08,603799.SH,32.64,33.14,32.27,32.43,270387,883213913
2024-12-09,603799.SH,33.65,33.85,32.3,32.4,373732,1231813141
2024-12-10,603799.SH,32.16,32.61,32.16,32.36,191904,621044502
2024-12-11,603799.SH,32.3,32.53,32,32.5,228790,739046740
2024-12-12,603799.SH,32.19,32.19,31.45,31.47,331436,1050623475
2024-12-15,603799.SH,31.41,31.46,30.3,30.45,412778,1270922916
2024-12-16,603799.SH,30.31,30.84,30.31,30.51,260589,796979328
2024-12-17,603799.SH,30.53,30.69,30.11,30.22,235718,715675822
2024-12-18,603799.SH,29.78,30.33,29.52,30.14,197745,593375710
2024-12-19,603799.SH,30.18,30.59,29.92,30.35,228653,692442856
2024-12-22,603799.SH,30.58,30.99,29.81,29.88,343300,1043562628
2024-12-23,603799.SH,29.88,30.52,29.88,30.3,245736,743177124
2024-12-24,603799.SH,30.26,30.35,29.68,29.71,230620,689382129
2024-12-25,603799.SH,29.73,30.1,29.71,29.93,169245,506560119
2024-12-26,603799.SH,29.9,30.56,29.76,30.07,219377,661620071
2024-12-29,603799.SH,29.98,30.41,29.8,30.16,182098,548330513
2024-12-30,603799.SH,30.18,30.25,29.17,29.26,278387,823812954
2025-01-01,603799.SH,29.2,29.2,28.06,28.41,317824,911993919
2025-01-02,603799.SH,28.4,28.7,27.6,27.74,266620,750670488
2025-01-05,603799.SH,28.03,28.58,27.8,28.25,297705,839548164
2025-01-06,603799.SH,28.02,28.64,27.98,28.51,203289,576033209
2025-01-07,603799.SH,28.36,28.51,27.69,28.25,224813,632670121
2025-01-08,603799.SH,28.06,28.38,28.05,28.31,154410,436859197
2025-01-09,603799.SH,28.2,28.54,27.87,27.87,163685,460857373
2025-01-12,603799.SH,27.64,28.85,27.51,28.52,269031,765148399
2025-01-13,603799.SH,28.55,29.71,28.43,29.65,345391,1008661970
2025-01-14,603799.SH,29.42,29.81,29.36,29.45,242089,715598576
2025-01-15,603799.SH,29.85,30.3,29.23,29.7,261184,776644862
2025-01-16,603799.SH,29.7,29.94,29.44,29.61,184295,546784563
2025-01-19,603799.SH,29.8,30.12,29.6,29.75,219917,655913558
2025-01-20,603799.SH,30,30.05,29.25,29.38,180723,532098803
2025-01-21,603799.SH,29.3,29.36,29.02,29.27,134199,391955885
2025-01-22,603799.SH,29.6,29.86,28.87,28.88,210922,618900567
2025-01-23,603799.SH,28.7,29.07,28.6,28.95,227525,656615895
2025-01-26,603799.SH,28.95,29.41,28.95,29.22,223276,652960309
2025-02-04,603799.SH,29.51,29.78,29.12,29.66,267883,790929511
2025-02-05,603799.SH,29.65,30.27,29.43,30.27,318669,957123457
2025-02-06,603799.SH,30.3,30.85,30.04,30.63,367812,1123204584
2025-02-09,603799.SH,30.66,30.7,30.1,30.31,286391,867056364
2025-02-10,603799.SH,30.2,30.28,29.77,29.91,224897,672307801
2025-02-11,603799.SH,29.88,30.92,29.66,30.56,413735,1253118344
2025-02-12,603799.SH,30.39,31.4,30.36,30.46,370673,1145051838
2025-02-13,603799.SH,31.03,31.93,31.03,31.19,511323,1606056827
2025-02-16,603799.SH,31.11,31.21,30.3,30.4,423234,1295221783
2025-02-17,603799.SH,30.7,30.76,29.87,29.98,324754,985640873
2025-02-18,603799.SH,29.99,30.49,29.88,30.34,286284,866269611
2025-02-19,603799.SH,30.35,30.45,29.94,30.25,244460,737579734
2025-02-20,603799.SH,30.27,31.12,30.27,30.87,473248,1458344321
2025-02-23,603799.SH,31.17,31.2,30.41,30.7,317569,977900838
2025-02-24,603799.SH,31.52,33.08,31.41,32.08,1065523,3437322109
2025-02-25,603799.SH,31.52,32.29,31.48,31.95,532985,1695889435
2025-02-26,603799.SH,31.95,33.48,31.95,33.18,906068,2974908644
2025-02-27,603799.SH,33.19,33.96,32.4,33,849262,2826533710
2025-03-02,603799.SH,33.98,35.4,33.96,34.98,1103220,3853438254
2025-03-03,603799.SH,34.6,35.55,33.77,35.14,760916,2627629200
2025-03-04,603799.SH,35.39,35.39,33.91,34.38,522793,1796266140
2025-03-05,603799.SH,34.8,36.36,34.64,35.98,877780,3111199278
2025-03-06,603799.SH,36,37.67,35.9,36.3,1003957,3697618686
2025-03-09,603799.SH,37.97,38.97,36.82,38.44,1088329,4120352479
2025-03-10,603799.SH,37.58,39.18,37.56,38.6,920992,3537058059
2025-03-11,603799.SH,38.82,39.16,37.49,37.72,672911,2554602153
2025-03-12,603799.SH,38.05,40.09,37.78,38.93,919394,3561163819
2025-03-13,603799.SH,39.95,40.13,38.62,39.12,742640,2914710818
2025-03-16,603799.SH,38.77,38.77,37.2,37.25,823706,3100005968
2025-03-17,603799.SH,37.2,37.99,36.89,36.92,638196,2381751698
2025-03-18,603799.SH,37,37.25,36.39,36.87,527611,1942902267
2025-03-19,603799.SH,36.98,37.15,36.14,36.2,435681,1587557260
2025-03-20,603799.SH,36.2,36.74,34.92,35.11,572285,2044819548
2025-03-23,603799.SH,35.33,36.22,35.18,36.06,554433,1982993558
2025-03-24,603799.SH,36.31,36.48,35.26,35.45,329928,1178522018
2025-03-25,603799.SH,35.58,36.75,35.55,35.6,418237,1508127233
2025-03-26,603799.SH,35.31,35.44,34.7,35.12,269922,946663561
2025-03-27,603799.SH,35.2,35.29,34.68,34.78,208217,725277605
2025-03-30,603799.SH,34.35,34.84,33.78,34.07,309727,1058110831
2025-03-31,603799.SH,34.1,34.29,33.67,33.79,227977,773673892
2025-04-01,603799.SH,33.81,34.24,33.72,33.95,170153,578479902
2025-04-02,603799.SH,33.6,33.93,33.18,33.23,241255,807255828
2025-04-06,603799.SH,30,31.33,29.91,29.91,401688,1208075605
2025-04-07,603799.SH,29.36,29.87,28.28,28.93,681945,1960392738
2025-04-08,603799.SH,28.2,29.37,27.37,29.37,553326,1580283583
2025-04-09,603799.SH,30.6,30.63,29.87,30.36,491531,1489852553
2025-04-10,603799.SH,30.15,31,30.01,30.73,311999,954686665
2025-04-13,603799.SH,31.15,31.65,30.97,31.16,286798,896595284
2025-04-14,603799.SH,31.16,31.21,30.74,31.02,182043,563267326
2025-04-15,603799.SH,31.02,31.02,30.15,30.8,231362,705452100
2025-04-16,603799.SH,30.56,31.03,30.51,30.9,175341,540886285
2025-04-17,603799.SH,30.81,32.39,30.6,31.88,406639,1287133794
2025-04-20,603799.SH,32.95,33.97,32.33,33.82,605127,2017703131
2025-04-21,603799.SH,33.65,33.88,33.4,33.43,351016,1179259741
2025-04-22,603799.SH,33.8,33.85,33.23,33.59,358347,1199961033
2025-04-23,603799.SH,33.25,33.99,33.2,33.45,301270,1010704851
2025-04-24,603799.SH,33.6,34.56,33.37,34.1,377076,1284292330
2025-04-27,603799.SH,34.09,34.09,33.33,33.36,260807,876632498
2025-04-28,603799.SH,33.26,33.86,33.21,33.48,204306,685639947
2025-04-29,603799.SH,33.4,34.08,33.4,33.88,238258,804887063
2025-05-05,603799.SH,34.01,34.69,33.96,34.46,292991,1009558372
2025-05-06,603799.SH,35.05,35.1,33.99,34.31,270237,928692504
2025-05-07,603799.SH,34.02,34.53,34.02,34.31,169370,580586117
2025-05-08,603799.SH,34.24,35.35,34.09,34.88,317165,1099231384
2025-05-11,603799.SH,35.29,35.37,34.55,35.04,324887,1132736648
2025-05-12,603799.SH,35.04,35.06,34.52,34.76,252360,877812157
2025-05-13,603799.SH,34.8,35.5,34.71,35.36,364562,1286029114
2025-05-14,603799.SH,35.2,35.44,34.65,34.78,264096,923944167
2025-05-15,603799.SH,34.65,35.49,34.61,35.36,309966,1088723013
2025-05-18,603799.SH,35.09,35.09,34.55,34.96,190761,664333116
2025-05-19,603799.SH,34.96,35.08,34.76,34.93,148851,519623499
2025-05-20,603799.SH,34.94,35.9,34.88,35.56,356895,1269549421
2025-05-21,603799.SH,35.4,35.84,34.94,34.98,193713,683871964
2025-05-22,603799.SH,35,36.08,34.89,34.95,324291,1153267075
2025-05-25,603799.SH,34.8,34.86,33.79,34.03,299289,1022938132
2025-05-26,603799.SH,33.99,34.29,33.68,33.94,175731,595973534
2025-05-27,603799.SH,33.91,33.99,33.67,33.77,128955,435744955
2025-05-28,603799.SH,33.53,34.1,33.53,33.88,143832,487524220
2025-05-29,603799.SH,33.71,33.74,33.02,33.4,184660,615934024
2025-06-02,603799.SH,33.39,33.85,33.39,33.52,125258,420789471
2025-06-03,603799.SH,33.7,34.33,33.56,34.1,192894,657582343
2025-06-04,603799.SH,34.26,34.27,33.92,34.09,118476,403277526
2025-06-05,603799.SH,34.18,34.6,34,34.36,172699,594166926
2025-06-08,603799.SH,34.36,34.67,34.18,34.36,157213,541248712
2025-06-09,603799.SH,34.32,34.49,33.59,33.87,186054,632232704
2025-06-10,603799.SH,33.66,35.19,33.55,34.99,424486,1475579922
2025-06-11,603799.SH,34.7,35.99,34.7,35.37,369863,1308992064
2025-06-12,603799.SH,35.26,35.75,35.01,35.22,231668,818704857
2025-06-15,603799.SH,35,35.52,35,35.31,171330,604380125
2025-06-16,603799.SH,35.32,36.87,35.15,36.49,418122,1520165214
2025-06-17,603799.SH,36.49,36.5,35.79,36.33,230035,829434467
2025-06-18,603799.SH,36.33,37,35.76,35.95,295958,1076316767
2025-06-19,603799.SH,35.86,36.25,35.5,35.57,225913,809594666
2025-06-22,603799.SH,36.99,38.28,36.98,37.83,702717,2647965218
2025-06-23,603799.SH,37.77,38.15,37.45,37.72,371977,1403848074
2025-06-24,603799.SH,37.62,37.73,37.12,37.49,336584,1258116825
2025-06-25,603799.SH,37.62,38.09,37.13,37.27,321557,1207400653
2025-06-26,603799.SH,37.36,37.88,37.03,37.12,296933,1110184964
2025-06-29,603799.SH,37.17,37.34,36.8,37.02,283915,1048793204
2025-06-30,603799.SH,37.06,38.25,36.87,38.08,460091,1730718604
2025-07-01,603799.SH,37.81,38.57,37.52,37.97,298491,1133491452
2025-07-02,603799.SH,38.58,38.66,37.8,38.42,363002,1388286492
2025-07-03,603799.SH,38.3,38.31,37.13,37.65,380288,1430569991
2025-07-06,603799.SH,37.61,37.62,37.26,37.33,162257,606981914
2025-07-07,603799.SH,38,39.5,37.95,38.89,617711,2400134227
2025-07-08,603799.SH,38.91,39.3,38.22,38.38,334953,1295073007
2025-07-09,603799.SH,38.36,38.68,37.81,37.93,331261,1260893767
2025-07-10,603799.SH,38.13,38.9,37.8,38.15,418863,1607884040
2025-07-13,603799.SH,38.42,38.85,37.81,37.82,332527,1271861341
2025-07-14,603799.SH,37.61,37.78,36.78,37.07,439625,1635742117
2025-07-15,603799.SH,37.02,37.35,36.85,37.03,197818,733899691
2025-07-16,603799.SH,37.03,37.48,36.85,37.42,225107,837203301
2025-07-17,603799.SH,37.44,38.67,37.44,38.2,416366,1588021620
2025-07-20,603799.SH,38.45,38.98,38.16,38.9,400250,1548945539
2025-07-21,603799.SH,39.1,39.94,38.73,39.43,469271,1843194464
2025-07-22,603799.SH,39.68,41.13,39.31,39.83,650158,2609001805
2025-07-23,603799.SH,40.08,43.81,40.08,43.59,1358394,5804915023
2025-07-24,603799.SH,43.71,45.18,43.35,44.92,1017040,4488769058
2025-07-27,603799.SH,43.8,45.94,43.29,45.4,828617,3721891638
2025-07-28,603799.SH,44.95,47.58,44.93,46.48,850847,3968333491
2025-07-29,603799.SH,47.07,47.5,45.3,45.8,727899,3357958405
2025-07-30,603799.SH,45.3,45.66,43.8,44.18,788502,3496464055
2025-07-31,603799.SH,44.13,44.39,42.9,42.99,597383,2594191257
2025-08-03,603799.SH,42.51,42.93,42.12,42.77,405896,1728221814
2025-08-04,603799.SH,43.2,43.37,42.28,42.46,369220,1574621701
2025-08-05,603799.SH,42.35,42.96,42.25,42.82,372770,1588816803
2025-08-06,603799.SH,42.82,43.18,41.95,42.8,525462,2240369345
2025-08-07,603799.SH,42.62,44.39,42.52,43.81,797114,3488234855
2025-08-10,603799.SH,45.2,45.58,43.6,44.86,803347,3574330461
2025-08-11,603799.SH,44.39,44.6,43.38,44.24,585413,2573044414
2025-08-12,603799.SH,44.09,45.1,44.03,44.89,514080,2297489448
2025-08-13,603799.SH,44.9,45.13,43.5,43.56,576126,2546594845
2025-08-14,603799.SH,43.25,44.29,43.22,44.25,429459,1889525190
2025-08-17,603799.SH,45.64,46.4,44.92,45.06,894197,4082996900
2025-08-18,603799.SH,45.1,45.26,43.87,44.07,693255,3075507054
2025-08-19,603799.SH,43.91,46.25,43.61,45.5,890574,4039968526
2025-08-20,603799.SH,45.54,46.39,44.82,45.1,498421,2267702234
2025-08-21,603799.SH,45.7,49,45.7,47.94,1156004,5490006345
2025-08-24,603799.SH,49.01,49.02,47.27,48.14,1064461,5118538571
2025-08-25,603799.SH,47.67,48.31,47.11,47.17,614361,2922747993
2025-08-26,603799.SH,47.17,47.61,45.81,45.86,816286,3824240391
2025-08-27,603799.SH,45.84,46.59,45.2,46.57,674124,3098027586
2025-08-28,603799.SH,46.58,48.92,46.2,48.05,1179888,5631508677
2025-08-31,603799.SH,48.5,50.22,47.54,50.22,1404230,6875390984
2025-09-01,603799.SH,49.71,49.74,47.17,47.78,1186978,5738260712
2025-09-02,603799.SH,47.83,48.79,46.89,47.5,779322,3724136516
2025-09-03,603799.SH,47.33,49.39,46.07,47.27,990217,4740296271
2025-09-04,603799.SH,47.08,50.88,46.28,50.75,1446492,7119203424
2025-09-07,603799.SH,51.73,54.06,50.58,53.2,1547847,8165598564
2025-09-08,603799.SH,52.5,53.9,51.29,51.33,1113842,5839422780
2025-09-09,603799.SH,50.8,52.65,50.4,51,843393,4321302159
2025-09-10,603799.SH,51,51.76,50.25,51.65,729671,3724757770
2025-09-11,603799.SH,51.98,53.55,51.27,52.3,1151753,6027693821
2025-09-14,603799.SH,52.5,54.75,52.2,52.25,1155719,6179911245
2025-09-15,603799.SH,52.22,52.7,49.95,51.89,1069455,5473528941
2025-09-16,603799.SH,51.8,52.18,51.04,51.7,652367,3357768918
2025-09-17,603799.SH,51.74,51.97,49.91,50.57,843643,4296594573
2025-09-18,603799.SH,50.2,52.45,50.13,51.56,901361,4645450404
2025-09-21,603799.SH,53.98,54.55,52.2,52.72,1192418,6333662935
2025-09-22,603799.SH,52.1,54.17,51.28,52.48,971887,5116947394
2025-09-23,603799.SH,52.69,56.55,52.5,55.52,1323193,7296948328
2025-09-24,603799.SH,56.32,57,55.01,55.61,933485,5224057768
2025-09-25,603799.SH,55.75,58.5,55.75,57.13,963353,5558417509
2025-09-28,603799.SH,58.4,60.86,57.33,60.25,1108121,6568522889
2025-09-29,603799.SH,61.56,66.28,61.17,65.9,1568433,10202113922
2025-10-08,603799.SH,67.03,70.29,66.56,70.29,1673648,11428158792
2025-10-09,603799.SH,68,68.01,63.65,64.85,1478666,9729587239
2025-10-12,603799.SH,61.3,71.34,61.3,70.48,1495806,10061214864
2025-10-13,603799.SH,72.8,73,64.01,65.17,1570981,10656890474
2025-10-14,603799.SH,65.63,67.3,63.32,65.34,1024608,6665139003
2025-10-15,603799.SH,65,66.08,64.09,64.68,729852,4726502515
2025-10-16,603799.SH,64.85,65.37,60.98,61.46,1059144,6580808201
2025-10-19,603799.SH,61.25,61.95,58.96,60.53,901990,5471951964
2025-10-20,603799.SH,61.57,63.34,60.79,62.62,887272,5538740650
2025-10-21,603799.SH,60.9,62.45,60.59,61.7,495183,3056133854
2025-10-22,603799.SH,61.5,63.05,60.68,62.75,637840,3949994666
2025-10-23,603799.SH,63.18,64.09,62.21,62.98,784864,4941564593
2025-10-26,603799.SH,63.56,65.36,63.52,64.68,862693,5559487296
2025-10-27,603799.SH,63.8,64,60.12,60.5,1128269,6984298395
2025-10-28,603799.SH,60.22,62.86,60.2,62.8,761585,4707841903
2025-10-29,603799.SH,62.5,66.85,62.11,65.49,1485898,9739804567
2025-10-30,603799.SH,64.7,67.07,64.2,64.81,943741,6180907371
2025-11-02,603799.SH,64.85,65.75,60.98,62.83,901722,5641822655
2025-11-03,603799.SH,62.83,63.63,59.59,59.9,768566,4688111216
2025-11-04,603799.SH,58.02,60.95,57.33,59.84,720612,4268217384
2025-11-05,603799.SH,59.44,62.45,59.42,62.18,755887,4638826039
2025-11-06,603799.SH,61.6,65.16,60.78,64.34,1037574,6610434544
2025-11-09,603799.SH,63.6,64.96,62.49,63.23,838761,5331337378
2025-11-10,603799.SH,63.25,63.86,61.7,61.87,570539,3577915986
2025-11-11,603799.SH,60.9,62.28,59.2,60.55,595082,3605545898
2025-11-12,603799.SH,60.56,66.56,60.3,65.42,1442101,9310413750
2025-11-13,603799.SH,64.3,66.54,63.51,65.61,913254,5946716427
2025-11-16,603799.SH,65,68.98,65,67.6,1289113,8724145448
2025-11-17,603799.SH,67.08,68.18,63.79,64.3,1055709,6909055798
2025-11-18,603799.SH,64.28,66.97,64.28,65.99,858510,5640752848
2025-11-19,603799.SH,66.5,69.2,65.3,65.54,1104179,7417910547
2025-11-20,603799.SH,62.38,62.99,59.54,59.68,1098534,6706373862
2025-11-23,603799.SH,59.62,59.88,56.01,58.2,1016850,5885059907
2025-11-24,603799.SH,58.89,61.14,57.94,60.51,718804,4298820122
2025-11-25,603799.SH,61.5,62.25,60.44,60.54,556943,3416952237
2025-11-26,603799.SH,60.58,61.94,60.1,60.18,405715,2473932345
2025-11-27,603799.SH,59.95,62.35,59.95,61.83,599817,3696065625
2025-11-30,603799.SH,62.32,63.87,61.78,62.11,583787,3661964983
2025-12-01,603799.SH,61.75,62.08,60.73,60.93,334241,2045477296
2025-12-02,603799.SH,61.1,62.5,60.58,61.4,453392,2783569959
2025-12-03,603799.SH,61.8,64.42,61.61,63.68,762431,4832980897
2025-12-04,603799.SH,63.33,63.89,62.7,63.46,458320,2904766807
2025-12-07,603799.SH,63.8,64.5,62.8,64.14,575224,3676015968
2025-12-08,603799.SH,63.8,63.8,61.9,62.67,473256,2967294344
2025-12-09,603799.SH,62.5,63.18,61.78,62.31,378575,2357430491
2025-12-10,603799.SH,62.7,63.96,61.16,61.22,498248,3121477304
2025-12-11,603799.SH,61.77,62.1,59.78,61.23,471081,2869261128
2025-12-14,603799.SH,60.2,60.89,58.62,59.11,493520,2941531964
2025-12-15,603799.SH,58.98,58.98,57,57.47,490974,2828333866
2025-12-16,603799.SH,57.91,59.83,57.62,59.47,530667,3127944870
2025-12-17,603799.SH,59.4,62.5,59.02,61.72,819613,5056475597
2025-12-18,603799.SH,62.03,63.9,61.39,63.71,794729,5011182614
2025-12-21,603799.SH,64.5,66.08,64.28,65.61,800421,5228243100
2025-12-22,603799.SH,65.9,67.31,65,65.82,821305,5420023816
2025-12-23,603799.SH,66.77,68.66,66.6,67.11,720863,4847147117
2025-12-24,603799.SH,65.7,65.9,64.5,65.37,572779,3736784326
2025-12-25,603799.SH,66.55,66.94,65.5,66,587936,3885992274
2025-12-28,603799.SH,67.07,67.2,64.9,65.12,631728,4161058494
2025-12-29,603799.SH,63.88,68.64,63.86,68.03,820419,5502903642
2025-12-30,603799.SH,68.64,70.64,67.87,68.26,692208,4786251749
2026-01-04,603799.SH,68.86,69.36,67.21,68,685328,4666350071
2026-01-05,603799.SH,70.73,74.03,70.05,73.49,1083032,7874673635
2026-01-06,603799.SH,76.1,79.59,76.1,77.19,1100994,8557023386
2026-01-07,603799.SH,76.62,77.7,74.51,75.62,730263,5562546127
2026-01-08,603799.SH,74.5,76.95,74.08,75.95,659179,4983689843
2026-01-11,603799.SH,77,77.77,73.3,74.87,725661,5422664184
2026-01-12,603799.SH,74.01,77.5,73.75,75.14,669892,5056972913
2026-01-13,603799.SH,74.79,76.79,73.37,73.98,655928,4907667711
2026-01-14,603799.SH,75.83,80.5,75.83,79.2,1093278,8625469539
2026-01-15,603799.SH,79.28,80.8,77.01,77.63,700659,5537367290
2026-01-18,603799.SH,77,77.45,75.06,76.15,503203,3837374986
2026-01-19,603799.SH,76.91,77.1,73.48,75.04,541514,4057831538
2026-01-20,603799.SH,74.5,76.58,74.3,75.5,466196,3520937213
2026-01-21,603799.SH,75.7,76.13,73.86,74.52,397571,2968460617
2026-01-22,603799.SH,74.77,78.78,74.28,78.65,784441,6035447849
2026-01-25,603799.SH,80.11,82.17,79.02,79.59,828065,6672457594
2026-01-26,603799.SH,78.7,80.41,77.41,78.15,527258,4137555469
2026-01-27,603799.SH,78.03,81.5,76.81,80.76,812000,6461883452
2026-01-28,603799.SH,80,81.64,77.51,78.6,702687,5567662942
2026-01-29,603799.SH,76,76.2,70.74,72,920396,6688758828
2026-02-01,603799.SH,68.84,72.91,68.54,69.48,694345,4925549711
2026-02-02,603799.SH,71.1,71.28,68.15,70.72,542753,3784837517
2026-02-03,603799.SH,71.92,72.93,71.1,72.72,484927,3496773402
2026-02-04,603799.SH,71.7,72.87,69.8,70.9,362170,2567438574
2026-02-05,603799.SH,68.55,71.45,67.75,70.45,335825,2353985533
2026-02-08,603799.SH,71.5,71.68,70.21,70.93,286578,2033501228
2026-02-09,603799.SH,70.85,71.18,69.25,69.56,299733,2090428603
2026-02-10,603799.SH,70.1,74.35,70.1,73.35,578313,4211869081
2026-02-11,603799.SH,75,76.76,74.28,75.15,582699,4404910737
2026-02-12,603799.SH,72.58,73.84,72.5,72.5,316679,2309974124
2026-02-23,603799.SH,73.8,73.88,72.58,73.42,358379,2618939437
2026-02-24,603799.SH,74.2,78.78,73.72,77.47,688581,5280493104
2026-02-25,603799.SH,80.1,80.1,76.68,76.88,598203,4684843169
2026-02-26,603799.SH,76,79.2,75.9,78.62,448225,3494156425
2026-03-01,603799.SH,78.61,79.53,76.3,78.45,512932,3998272233
2026-03-02,603799.SH,77.63,77.63,71.72,71.72,779403,5714631521
2026-03-03,603799.SH,70.36,73.12,70.02,70.91,400048,2857963846
2026-03-04,603799.SH,72.39,72.59,70.2,71.46,344448,2468826782
2026-03-05,603799.SH,70.4,70.88,68.68,69.07,460361,3194087177
2026-03-08,603799.SH,66.77,67.71,64.45,67.19,559909,3688043206
2026-03-09,603799.SH,68.32,69.25,67.7,68.32,368372,2519427709
2026-03-10,603799.SH,68.4,68.94,67.53,68.01,311510,2126702395
2026-03-11,603799.SH,67.61,68.65,66.68,67.5,333982,2259263651
2026-03-12,603799.SH,67.05,69.16,66.75,66.83,437723,2970440652
2026-03-15,603799.SH,66.35,66.7,61.85,63.42,794673,5029585391
2026-03-16,603799.SH,63.77,64.2,61.85,61.86,457949,2881072410
2026-03-17,603799.SH,61.81,61.98,59.63,60.64,601437,3633950764
2026-03-18,603799.SH,58.67,58.93,56.26,56.51,808639,4634209932
2026-03-19,603799.SH,57.3,59.1,56.51,57.41,688981,3973952365
2026-03-22,603799.SH,56.19,58.58,55.22,55.63,644690,3645842838
2026-03-23,603799.SH,56.86,56.99,53.93,56.34,599186,3323229387
2026-03-24,603799.SH,57.46,59.31,57.31,59.04,774084,4523245070
2026-03-25,603799.SH,58.8,59.85,57.9,58.17,536081,3153888515
2026-03-26,603799.SH,57.24,60.73,57.22,59.9,787609,4680134387
2026-03-29,603799.SH,59,60.17,58.4,59.75,595285,3524971935
2026-03-30,603799.SH,59.57,60.04,58.22,58.73,445043,2627526014
2026-03-31,603799.SH,59.9,60.79,58.76,60.3,593393,3555470626
2026-04-01,603799.SH,59.8,60.6,58.5,58.98,450604,2671263816
2026-04-02,603799.SH,58.99,59.49,57.3,57.42,382439,2210132444
2026-04-06,603799.SH,57.4,58.58,57.4,57.88,307596,1783041867
2026-04-07,603799.SH,59.88,61.09,59.44,61.09,675527,4092498363
2026-04-08,603799.SH,60.51,60.74,59.34,59.5,533640,3197362045
2026-04-09,603799.SH,59.89,62.27,59.89,61.43,803989,4922772857
2026-04-12,603799.SH,60.82,62.99,60.82,62.43,768453,4775402486
2026-04-13,603799.SH,63.6,64.4,61,64.32,1265665,7986436360
2026-04-14,603799.SH,64.98,65.37,62.61,62.76,974094,6196987224
2026-04-15,603799.SH,63.32,65.94,63.15,65.91,948347,6123390167
2026-04-16,603799.SH,67.22,68.8,66.11,66.21,1293821,8714481920
2026-04-19,603799.SH,65.8,66.65,64.95,65.78,743150,4876396336
2026-04-20,603799.SH,66.45,66.57,64.96,65.5,617177,4053277706
2026-04-21,603799.SH,64.89,65.5,64.37,64.73,660431,4277629267
2026-04-22,603799.SH,64.83,64.89,61.9,62.22,832797,5218561736
2026-04-23,603799.SH,62.21,65.15,62.11,64.78,865843,5523199857
2026-04-26,603799.SH,65.78,66.59,65.1,66.3,880127,5797544964
2026-04-27,603799.SH,65.31,65.7,63.88,64.76,604164,3908363383
2026-04-28,603799.SH,63.6,67.9,63.24,67.66,1100840,7281206973
2026-04-29,603799.SH,67,68.62,66.04,66.59,914417,6139530431
2026-05-05,603799.SH,66.59,68.05,65.31,67.97,964136,6426213473
2026-05-06,603799.SH,68.86,70.85,67.23,68.2,1102407,7601259098
2026-05-07,603799.SH,67.44,68.85,65.55,66,885086,5900093042
2026-05-10,603799.SH,65.85,66.8,63.51,64.84,996997,6448044867
2026-05-11,603799.SH,65.05,65.63,62.5,62.87,835399,5328453847
2026-05-12,603799.SH,62.87,63.5,62.11,62.8,656883,4125825132
2026-05-13,603799.SH,62.79,62.79,59.96,60.31,866029,5272118020
2026-05-14,603799.SH,60,60.53,58.1,58.65,752364,4452661222
2026-05-17,603799.SH,58,58.75,57.45,58.31,477660,2777105005
2026-05-18,603799.SH,57.77,57.89,55.52,57.6,564140,3188992771
2026-05-19,603799.SH,56.84,58.65,56.26,58.09,626231,3602393133
2026-05-20,603799.SH,58.45,59.33,56,56.46,598491,3487778934
2026-05-21,603799.SH,56.42,59.06,55.98,58.88,628169,3634732343
2026-05-24,603799.SH,58.88,59.26,56.58,57.09,587767,3370901948
2026-05-25,603799.SH,56.6,58.58,55.62,58.1,669150,3829534061
2026-05-26,603799.SH,57.86,58.57,55.91,56.1,562628,3210196683
2026-05-27,603799.SH,55.6,56.53,54.48,55.9,483913,2689601796
2026-05-28,603799.SH,56.6,56.7,54.8,54.8,507317,2826706782
2026-05-31,603799.SH,54.08,55.15,53.46,53.48,501294,2716381786
2026-06-01,603799.SH,53.48,53.93,51.44,53.58,608575,3207146040
2026-06-02,603799.SH,53,54.38,52.77,53.22,442857,2373089200
2026-06-03,603799.SH,52.52,52.73,51.06,51.3,596717,3077809943
2026-06-04,603799.SH,51.25,51.67,49.62,49.96,596856,3019297687
2026-06-07,603799.SH,48.12,48.86,46.13,46.72,648628,3082987922
2026-06-08,603799.SH,47.65,48.05,45.56,47.85,606933,2831620278
2026-06-09,603799.SH,47.01,48.1,46.07,47.15,459698,2161405976
2026-06-10,603799.SH,46.61,48.9,46.11,47.53,632552,3004636546
2026-06-11,603799.SH,48.48,51.9,47.85,50.22,1109040,5545125587
2026-06-14,603799.SH,51.85,52.99,51.4,52.45,882575,4609882454
2026-06-15,603799.SH,52.55,54.12,51.9,53,757057,4032518730
2026-06-16,603799.SH,52.5,53.85,52.19,52.59,535957,2828345555
2026-06-17,603799.SH,52,54.15,51.4,52.1,667724,3510181846
2026-06-21,603799.SH,51.2,55.23,50.6,55.21,1040086,5546366371
2026-06-22,603799.SH,55.26,55.5,50.7,51.01,964214,5080124743
2026-06-23,603799.SH,50.84,52.94,50.03,52.33,680833,3519702488
2026-06-24,603799.SH,51.67,51.7,49.66,50.21,770977,3887795446
2026-06-25,603799.SH,50.18,50.3,46.77,46.79,695128,3333908565
2026-06-28,603799.SH,46.7,48.27,45.66,47.68,631247,2968118440
2026-06-29,603799.SH,47.11,48.58,46.3,48.26,549591,2613715821
2026-06-30,603799.SH,48.18,48.98,46.58,48,624975,2987921478
2026-07-01,603799.SH,47.65,48.6,46.9,47.05,578544,2758089492
2026-07-02,603799.SH,47.61,47.97,46.74,46.76,536579,2540384003
2026-07-05,603799.SH,47,49.13,46.51,46.91,633947,3027479147
2026-07-06,603799.SH,46.81,46.95,44.8,44.89,579409,2645468506
2026-07-07,603799.SH,44.5,44.6,42.68,42.68,625614,2728672397
2026-07-08,603799.SH,42.65,42.76,40.1,42.19,813025,3374087764
2026-07-09,603799.SH,41.9,43.09,41.5,41.51,560245,2364782392
2026-07-12,603799.SH,41,41.08,39.07,39.45,577203,2303545138
2026-07-13,603799.SH,39.2,41.49,38.8,41.4,643839,2579818217
2026-07-14,603799.SH,41.02,41.3,39.75,39.88,515467,2082489737
2026-07-15,603799.SH,39,39.75,38.63,38.82,491331,1924498603
2026-07-16,603799.SH,38.5,38.98,36.84,37,622363,2346619953
2026-07-19,603799.SH,37.37,37.69,35.58,36.21,594710,2177717753
2026-07-20,603799.SH,37.58,39.68,37.58,39.53,1095894,4262397879
2026-07-21,603799.SH,39.51,41.07,39.03,39.8,913487,3673662484
2026-07-22,603799.SH,39.8,41.92,39.6,41.55,930604,3821098773
2026-07-23,603799.SH,40.52,40.87,39.18,39.31,641963,2564629402
2026-07-26,603799.SH,39.5,40.29,39.18,40.07,460018,1830956806
2026-07-27,603799.SH,39.3,39.98,38.89,39.28,397122,1561196489
2026-07-28,603799.SH,39.31,40.78,38.41,40.3,615118,2445867821
2026-07-29,603799.SH,40,40.66,39.55,39.93,515135,2068769580
2026-07-30,603799.SH,40.3,40.94,39.83,39.91,617860,2487438750
2026-08-02,603799.SH,39.66,40.05,38.9,39.56,520449,2055516003
2026-08-03,603799.SH,39.65,40.86,39.65,40.78,606562,2448880218
2026-08-04,603799.SH,40.6,42.09,40.57,42.02,707632,2947285721
2026-08-05,603799.SH,42.18,42.5,40.87,41.4,835591,3481528743
2026-08-06,603799.SH,43.29,44.4,42.11,44.01,1620425,7037752910
2026-08-09,603799.SH,44.19,47.17,44.09,46.07,1574998,7203400745
2026-08-10,603799.SH,45.2,45.2,43.6,43.62,1123897,4979204067
2026-08-11,603799.SH,43.41,44.38,43.19,43.38,702657,3066131271
2026-08-12,603799.SH,43.36,43.42,42.13,42.17,721885,3089142799
2026-08-13,603799.SH,42.18,43.09,41.75,42.35,540403,2286904997
2026-08-16,603799.SH,42.33,43.08,41.81,43.06,551285,2343627990
2026-08-17,603799.SH,42.74,42.94,41.6,41.87,620151,2610035346
2026-08-18,603799.SH,40.66,40.72,39.41,39.55,752297,3020516491
2026-08-19,603799.SH,40.09,40.33,39.19,39.35,451532,1797088482
2026-08-20,603799.SH,39.05,41.08,39.05,40.59,635803,2566543538
2026-08-23,603799.SH,40.6,41.77,39.91,40.2,519290,2119431321
2026-08-24,603799.SH,39.9,40,38.67,39.13,527170,2067543598
2026-08-25,603799.SH,39.13,40.65,39.13,39.97,565703,2260635467
2026-08-26,603799.SH,39.6,40.27,39.39,40.18,440985,1756664891
2026-08-27,603799.SH,40.25,40.39,39.75,39.99,380496,1522353405
2026-08-30,603799.SH,39.36,39.63,38.73,39.57,443654,1737112707
2026-08-31,603799.SH,39.49,39.93,39.08,39.13,356074,1401001021
2026-09-01,603799.SH,38.75,38.75,37.73,37.94,488569,1857669074
2026-09-02,603799.SH,38.77,39.28,38.43,38.63,408614,1584758811
2026-09-03,603799.SH,38.7,39.18,37.89,38.07,395358,1524177802
2026-09-06,603799.SH,37.83,38.11,37.52,37.98,279085,1056229039
2026-09-07,603799.SH,38.11,38.52,37.89,37.98,329486,1257700062
2026-09-08,603799.SH,38.01,38.4,37.68,38.19,444215,1688286625
2026-09-09,603799.SH,37.96,37.98,37.37,37.4,362342,1361434320
2026-09-10,603799.SH,36.63,36.63,35.4,36.06,586903,2105918094
2026-09-13,603799.SH,35.7,36.18,35.58,35.63,270870,969124786
2026-09-14,603799.SH,35.46,35.74,35.15,35.29,282889,1001802712
2026-09-15,603799.SH,35.04,35.54,34.45,35.37,408937,1433325682
2026-09-16,603799.SH,35,35.64,34.89,35.18,297945,1049315562
2026-09-17,603799.SH,35.45,35.9,35.23,35.78,365025,1299087650
2026-09-20,603799.SH,35.85,36.23,35.76,36.07,321290,1155787975
2026-09-21,603799.SH,36.09,37.26,36.09,36.66,495298,1816230758
2026-09-22,603799.SH,37,37.09,36.02,36.17,297621,1079656412
2026-09-23,603799.SH,35.9,36.04,35.42,35.42,259836,926107265
2026-09-27,603799.SH,35.1,35.1,34.03,34.14,372379,1280262334
2026-09-28,603799.SH,34.45,34.49,34.02,34.03,266105,910805305
2026-09-29,603799.SH,34.09,35.23,33.89,35,392303,1364921906
2022-08-15,600900.SH,24.03,24.25,23.84,23.9,334412,803935985
2022-08-16,600900.SH,23.87,23.87,23.38,23.56,563318,1326891731
2022-08-17,600900.SH,23.48,23.64,23.38,23.4,280852,659127491
2022-08-18,600900.SH,23.24,23.62,23.13,23.59,383746,898727158
2022-08-21,600900.SH,23.46,23.79,23.43,23.48,308109,725668332
2022-08-22,600900.SH,23.45,23.48,23.21,23.23,376747,877908158
2022-08-23,600900.SH,23.23,23.42,23.15,23.16,276685,644171870
2022-08-24,600900.SH,23.21,23.65,23.21,23.59,281824,660126996
2022-08-25,600900.SH,23.58,23.58,23.27,23.39,279533,652863134
2022-08-28,600900.SH,23.25,23.45,23.15,23.3,266743,620661332
2022-08-29,600900.SH,23.3,23.37,23.12,23.28,230440,534621259
2022-08-30,600900.SH,23.33,23.98,23.28,23.98,810053,1924117532
2022-08-31,600900.SH,23.73,24.08,23.62,23.91,377806,901719922
2022-09-01,600900.SH,23.9,24.17,23.73,23.82,291597,697272184
2022-09-04,600900.SH,23.71,23.9,23.51,23.82,311539,738489720
2022-09-05,600900.SH,23.85,23.98,23.73,23.75,343371,818020674
2022-09-06,600900.SH,23.6,23.64,23.42,23.57,423952,996783593
2022-09-07,600900.SH,23.62,23.85,23.53,23.65,259446,614593750
2022-09-08,600900.SH,23.75,24.06,23.66,23.91,354353,847909591
2022-09-12,600900.SH,23.85,23.91,23.66,23.79,273346,650135092
2022-09-13,600900.SH,23.7,23.93,23.64,23.7,218759,519309099
2022-09-14,600900.SH,23.72,23.98,23.61,23.72,405831,966015202
2022-09-15,600900.SH,23.73,23.84,23.46,23.46,398815,942339845
2022-09-18,600900.SH,23.53,23.63,23.41,23.48,281287,660326163
2022-09-19,600900.SH,23.48,23.54,23.4,23.42,235486,552233619
2022-09-20,600900.SH,23.42,23.58,23.32,23.43,249728,585925065
2022-09-21,600900.SH,23.37,23.5,23.26,23.42,233920,546354236
2022-09-22,600900.SH,23.29,23.51,23.29,23.33,275063,644002163
2022-09-25,600900.SH,23.28,23.42,23.05,23.05,402686,933964148
2022-09-26,600900.SH,23.02,23.06,22.53,22.7,604007,1373464918
2022-09-27,600900.SH,22.68,22.69,22.38,22.46,624738,1403694512
2022-09-28,600900.SH,22.43,22.68,22.19,22.4,554384,1246883273
2022-09-29,600900.SH,22.4,22.85,22.28,22.74,423325,957926715
2022-10-09,600900.SH,22.99,23.44,22.9,23.36,644091,1499883163
2022-10-10,600900.SH,23.32,23.47,23.22,23.42,372522,871477554
2022-10-11,600900.SH,23.4,23.49,23,23.21,449075,1040346259
2022-10-12,600900.SH,22.92,23.24,22.56,23.04,565025,1291255561
2022-10-13,600900.SH,23.03,23.2,22.85,22.96,363852,838991892
2022-10-16,600900.SH,23.04,23.04,22.76,22.76,291535,665764534
2022-10-17,600900.SH,22.76,22.91,22.51,22.55,415319,939448014
2022-10-18,600900.SH,22.52,22.65,22.34,22.37,338770,760855853
2022-10-19,600900.SH,22.33,22.49,22.24,22.34,368155,822733367
2022-10-20,600900.SH,22.29,22.6,22.21,22.41,610416,1368536927
2022-10-23,600900.SH,22.39,22.59,21.71,21.83,718728,1586119858
2022-10-24,600900.SH,22,22.3,21.91,22.01,513415,1134410507
2022-10-26,600900.SH,22.02,22.19,20.88,20.99,1075023,2284666748
2022-10-27,600900.SH,20.99,21.25,20.59,20.68,996987,2083046934
2022-10-30,600900.SH,20.29,20.7,20.01,20.26,983390,2000824789
2022-10-31,600900.SH,20.25,20.41,19.96,20.32,961429,1943323944
2022-11-01,600900.SH,20.3,20.52,20.05,20.46,761920,1545827645
2022-11-02,600900.SH,20.35,20.37,19.89,19.98,746452,1497487444
2022-11-03,600900.SH,19.86,20.27,19.75,20.14,848833,1706198646
2022-11-06,600900.SH,20.05,20.23,19.97,20.14,694658,1396309691
2022-11-07,600900.SH,20.17,20.34,19.95,20.05,788151,1586942815
2022-11-08,600900.SH,20.07,20.2,20.05,20.12,483287,972886761
2022-11-09,600900.SH,20.13,20.15,19.89,20,423338,846173866
2022-11-10,600900.SH,20.25,20.55,20.03,20.45,977162,1982385192
2022-11-13,600900.SH,20.54,20.6,20.1,20.17,735755,1494753285
2022-11-14,600900.SH,20.17,21.21,20.06,21.01,1013531,2098340196
2022-11-15,600900.SH,20.9,21.17,20.81,21.05,551945,1157747680
2022-11-16,600900.SH,20.98,21.28,20.9,21.26,500393,1055850060
2022-11-17,600900.SH,21.28,21.38,20.96,21.05,316918,669815145
2022-11-20,600900.SH,20.98,21.15,20.71,21.09,244795,513349951
2022-11-21,600900.SH,21.09,21.4,20.93,21.35,397721,842836851
2022-11-22,600900.SH,21.3,21.69,21.28,21.36,425624,914509165
2022-11-23,600900.SH,21.5,21.68,21.36,21.38,240667,517180773
2022-11-24,600900.SH,21.34,21.84,21.31,21.81,328681,713311958
2022-11-27,600900.SH,21.55,21.7,21.22,21.5,427665,914572296
2022-11-28,600900.SH,21.6,21.6,21.25,21.37,633945,1355177080
2022-11-29,600900.SH,21.3,21.45,21.22,21.22,541587,1153443630
2022-11-30,600900.SH,21.32,21.43,21.19,21.21,499774,1063404625
2022-12-01,600900.SH,21.16,21.42,21.16,21.37,369816,787190585
2022-12-04,600900.SH,21.42,21.65,21.32,21.55,498753,1072855802
2022-12-05,600900.SH,21.45,21.5,21.25,21.27,362754,773743881
2022-12-06,600900.SH,21.32,21.35,20.82,20.92,622812,1311436759
2022-12-07,600900.SH,20.87,21.05,20.7,20.9,437712,913144256
2022-12-08,600900.SH,20.89,21,20.81,20.92,447920,937350501
2022-12-11,600900.SH,20.86,21,20.59,20.68,345922,716020108
2022-12-12,600900.SH,20.68,20.75,20.44,20.64,334095,687959142
2022-12-13,600900.SH,20.63,20.73,20.46,20.65,344511,710646709
2022-12-14,600900.SH,20.56,20.71,20.45,20.52,382256,783882557
2022-12-15,600900.SH,20.51,20.86,20.47,20.86,399036,826979528
2022-12-18,600900.SH,20.76,20.9,20.35,20.45,462474,950569221
2022-12-19,600900.SH,20.45,20.6,20.31,20.38,313328,640851445
2022-12-20,600900.SH,20.42,20.54,20.3,20.46,275175,562397207
2022-12-21,600900.SH,20.57,20.68,20.26,20.36,360909,738528913
2022-12-22,600900.SH,20.31,20.46,20.23,20.41,355906,724538450
2022-12-25,600900.SH,20.42,20.5,20.33,20.37,292021,595661411
2022-12-26,600900.SH,20.47,20.6,20.4,20.54,383369,786570161
2022-12-27,600900.SH,20.48,20.72,20.46,20.67,503172,1038576445
2022-12-28,600900.SH,20.9,21.07,20.53,20.8,539964,1120294873
2022-12-29,600900.SH,20.78,21.05,20.71,21,459205,961405512
2023-01-02,600900.SH,20.95,21.07,20.8,20.91,367992,770293237
2023-01-03,600900.SH,20.98,20.98,20.76,20.83,273466,570385801
2023-01-04,600900.SH,20.9,20.97,20.71,20.77,439916,915497782
2023-01-05,600900.SH,20.76,20.91,20.57,20.89,488491,1015151029
2023-01-08,600900.SH,20.94,20.95,20.7,20.78,351344,730318635
2023-01-09,600900.SH,20.72,20.85,20.6,20.63,408130,844469850
2023-01-10,600900.SH,20.78,21.12,20.77,20.82,645293,1351084314
2023-01-11,600900.SH,20.85,20.9,20.66,20.68,477778,990527687
2023-01-12,600900.SH,20.7,20.99,20.65,20.93,515295,1071596096
2023-01-15,600900.SH,20.92,21.1,20.85,20.97,605451,1269330968
2023-01-16,600900.SH,20.92,21.05,20.67,20.68,677008,1404220055
2023-01-17,600900.SH,20.73,20.82,20.66,20.7,422534,874530802
2023-01-18,600900.SH,20.7,20.7,20.39,20.42,806677,1653783585
2023-01-19,600900.SH,20.53,21.03,20.45,21.03,1232714,2566913737
2023-01-29,600900.SH,21.12,21.16,20.9,20.91,658505,1381522394
2023-01-30,600900.SH,20.56,20.9,20.56,20.79,671789,1396078214
2023-01-31,600900.SH,20.85,20.88,20.61,20.79,514270,1064625778
2023-02-01,600900.SH,20.8,21.02,20.65,20.95,588708,1228163501
2023-02-02,600900.SH,20.86,20.97,20.78,20.92,452387,943903106
2023-02-05,600900.SH,20.82,21.01,20.74,20.98,385571,806174839
2023-02-06,600900.SH,21.01,21.38,20.99,21.3,628512,1335553560
2023-02-07,600900.SH,21.3,21.47,21.27,21.37,388672,830831104
2023-02-08,600900.SH,21.37,21.49,21.26,21.29,369751,790488195
2023-02-09,600900.SH,21.3,21.33,21.09,21.21,285847,605544999
2023-02-12,600900.SH,21.14,21.22,21.04,21.11,335157,707471938
2023-02-13,600900.SH,21.12,21.2,21.05,21.16,255681,540340174
2023-02-14,600900.SH,21.15,21.21,20.96,21.05,346349,729291388
2023-02-15,600900.SH,21.02,21.15,20.82,20.95,497908,1047936871
2023-02-16,600900.SH,20.94,21.06,20.73,20.76,449435,938642116
2023-02-19,600900.SH,20.73,21.24,20.73,21.18,512606,1076507180
2023-02-20,600900.SH,21.18,21.32,21.12,21.27,369788,785891395
2023-02-21,600900.SH,21.27,21.33,21.14,21.14,243146,515667750
2023-02-22,600900.SH,21.16,21.22,21.05,21.09,356057,751510664
2023-02-23,600900.SH,21.04,21.13,21,21.02,416001,875457032
2023-02-26,600900.SH,20.97,21.13,20.9,20.95,306550,643213642
2023-02-27,600900.SH,21,21.2,20.94,21.16,370092,779944089
2023-02-28,600900.SH,21.15,21.45,21.12,21.25,700934,1492960545
2023-03-01,600900.SH,21.16,21.27,21.05,21.24,568608,1203374711
2023-03-02,600900.SH,21.25,21.41,21.2,21.33,624296,1330143931
2023-03-05,600900.SH,21.38,21.47,21.2,21.26,623274,1326448400
2023-03-06,600900.SH,21.27,21.38,21.1,21.13,645875,1373064412
2023-03-07,600900.SH,21.06,21.12,20.85,20.96,681850,1429048558
2023-03-08,600900.SH,20.98,20.98,20.79,20.8,533235,1111298762
2023-03-09,600900.SH,20.71,20.85,20.71,20.75,480711,998811119
2023-03-12,600900.SH,20.75,20.99,20.71,20.94,572819,1194351401
2023-03-13,600900.SH,20.92,21.15,20.88,21.07,720887,1519584363
2023-03-14,600900.SH,21.1,21.16,20.89,21.01,543041,1140999144
2023-03-15,600900.SH,20.96,21.3,20.91,21.21,811402,1721364627
2023-03-16,600900.SH,21.3,21.5,21.2,21.2,638241,1363129579
2023-03-19,600900.SH,21.18,21.36,20.92,20.95,497956,1050676177
2023-03-20,600900.SH,20.97,21.1,20.92,20.94,384452,806307995
2023-03-21,600900.SH,21.15,21.22,20.92,20.97,490534,1031522057
2023-03-22,600900.SH,20.95,20.98,20.81,20.92,532133,1111345958
2023-03-23,600900.SH,20.92,20.99,20.73,20.78,621818,1294541244
2023-03-26,600900.SH,20.79,20.82,20.28,20.32,1232322,2518121683
2023-03-27,600900.SH,20.38,20.38,20.02,20.18,1298541,2614061928
2023-03-28,600900.SH,20.28,20.79,20.22,20.72,1762969,3615626888
2023-03-29,600900.SH,20.65,21.26,20.65,21.22,1596219,3368059526
2023-03-30,600900.SH,21.22,21.34,21.14,21.25,722900,1535877530
2023-04-02,600900.SH,21.2,21.25,21.08,21.1,416840,880780419
2023-04-03,600900.SH,21.09,21.3,21.06,21.27,523570,1110287682
2023-04-05,600900.SH,21.24,21.28,21.11,21.2,245027,519189824
2023-04-06,600900.SH,21.21,21.26,21.01,21.08,290180,612089299
2023-04-09,600900.SH,21.18,21.29,21.09,21.24,322785,684943516
2023-04-10,600900.SH,21.29,21.32,21.1,21.28,407302,864131766
2023-04-11,600900.SH,21.3,21.49,21.22,21.4,418299,895041803
2023-04-12,600900.SH,21.37,21.45,21.1,21.15,469739,996035683
2023-04-13,600900.SH,21.21,21.37,21.18,21.21,381914,812423384
2023-04-16,600900.SH,21.2,21.3,21.13,21.3,420521,892428995
2023-04-17,600900.SH,21.3,21.36,21.17,21.26,413559,877948030
2023-04-18,600900.SH,21.28,21.34,21.05,21.08,723769,1532220043
2023-04-19,600900.SH,21.09,21.17,20.98,21.13,475779,1002741154
2023-04-20,600900.SH,21.14,21.43,21.04,21.06,700335,1488286839
2023-04-23,600900.SH,21.15,21.24,20.99,21.03,471080,993415267
2023-04-24,600900.SH,21.01,21.22,20.98,21.17,484189,1023228678
2023-04-25,600900.SH,21.18,21.38,21.14,21.18,453451,963342480
2023-04-26,600900.SH,21.29,21.92,21.22,21.89,945612,2047798383
2023-04-27,600900.SH,21.82,21.96,21.62,21.88,660156,1439296571
2023-05-03,600900.SH,21.88,22.56,21.72,22.56,856300,1906221121
2023-05-04,600900.SH,22.42,22.42,22.06,22.1,613817,1361763407
2023-05-07,600900.SH,22.1,22.41,22.01,22.34,689704,1532070560
2023-05-08,600900.SH,22.27,23.09,22.22,22.75,974938,2223384549
2023-05-09,600900.SH,22.75,23.21,22.39,22.39,685452,1558869165
2023-05-10,600900.SH,22.53,23.03,22.42,22.8,538423,1227855358
2023-05-11,600900.SH,22.84,23.15,22.7,22.91,682035,1563876902
2023-05-14,600900.SH,22.8,23.01,22.71,23,530323,1214174617
2023-05-15,600900.SH,23,23.13,22.71,22.96,564170,1294922459
2023-05-16,600900.SH,22.98,23.13,22.81,22.88,450117,1032793262
2023-05-17,600900.SH,22.92,23.27,22.91,23.08,468708,1083068418
2023-05-18,600900.SH,23.01,23.08,22.81,22.82,361886,828257693
2023-05-21,600900.SH,22.94,23.32,22.86,23.23,582943,1351315372
2023-05-22,600900.SH,23.24,23.33,23.04,23.04,330978,766352239
2023-05-23,600900.SH,23.04,23.08,22.63,22.63,476768,1085587504
2023-05-24,600900.SH,22.62,22.8,22.52,22.7,369270,836120624
2023-05-25,600900.SH,22.72,22.83,22.54,22.56,275607,624126106
2023-05-28,600900.SH,22.62,22.93,22.61,22.89,401644,916101394
2023-05-29,600900.SH,22.88,22.94,22.48,22.75,451087,1022565167
2023-05-30,600900.SH,22.61,22.64,22.14,22.51,725719,1621345193
2023-05-31,600900.SH,22.44,22.6,22.32,22.38,388154,871584836
2023-06-01,600900.SH,22.48,22.49,22.26,22.33,391962,876639362
2023-06-04,600900.SH,22.39,22.6,22.35,22.45,316185,711047272
2023-06-05,600900.SH,22.45,22.57,22.27,22.32,286430,642179556
2023-06-06,600900.SH,22.4,22.5,22.29,22.34,321938,721404038
2023-06-07,600900.SH,22.39,22.68,22.35,22.66,289757,653582570
2023-06-08,600900.SH,22.65,22.92,22.63,22.86,375421,856273671
2023-06-11,600900.SH,22.84,22.88,22.37,22.38,489731,1103359535
2023-06-12,600900.SH,22.39,22.48,22.21,22.3,417253,931606454
2023-06-13,600900.SH,22.38,22.52,22.25,22.25,364016,815059930
2023-06-14,600900.SH,22.32,22.38,22.04,22.28,443243,984149827
2023-06-15,600900.SH,22.3,22.49,22.07,22.2,584770,1298503262
2023-06-18,600900.SH,22.12,22.21,21.89,22.18,473139,1043945367
2023-06-19,600900.SH,22.12,22.27,22.08,22.09,316147,700793490
2023-06-20,600900.SH,22.2,22.4,22.09,22.1,405526,902651864
2023-06-25,600900.SH,22.1,22.26,21.9,22.24,562346,1244813411
2023-06-26,600900.SH,22.24,22.27,21.91,22.12,381324,842098820
2023-06-27,600900.SH,22.14,22.5,22.1,22.48,567813,1269911538
2023-06-28,600900.SH,22.48,22.49,22.09,22.13,499003,1108293283
2023-06-29,600900.SH,22.13,22.23,22.02,22.06,414027,914645575
2023-07-02,600900.SH,22.09,22.23,22.08,22.12,371267,821483880
2023-07-03,600900.SH,22.12,22.22,21.99,22.05,345040,760654322
2023-07-04,600900.SH,22.08,22.23,22.02,22.07,306868,678071651
2023-07-05,600900.SH,22.07,22.16,21.94,22,348556,767718380
2023-07-06,600900.SH,21.96,22.08,21.94,22,506868,1115163637
2023-07-09,600900.SH,22.05,22.12,21.95,22,336732,740929327
2023-07-10,600900.SH,22.05,22.05,21.86,22,485493,1066315664
2023-07-11,600900.SH,21.95,22.18,21.89,22.14,505246,1115293242
2023-07-12,600900.SH,22.14,22.55,22.08,22.42,647382,1449384126
2023-07-13,600900.SH,22.38,22.55,22.31,22.47,387170,869178833
2023-07-16,600900.SH,22.48,22.54,22.32,22.44,196929,441213586
2023-07-17,600900.SH,22.47,22.53,22.38,22.41,268521,602593953
2023-07-18,600900.SH,22.32,22.52,22.32,22.5,330672,743226348
2023-07-19,600900.SH,22.58,22.61,22.4,22.4,434410,978367222
2023-07-20,600900.SH,21.6,21.85,21.56,21.6,550371,1192718568
2023-07-23,600900.SH,21.5,21.68,21.47,21.56,276959,596740190
2023-07-24,600900.SH,21.64,21.64,21.25,21.33,764038,1631583708
2023-07-25,600900.SH,21.33,21.4,21.22,21.39,482596,1028987379
2023-07-26,600900.SH,21.37,21.49,21.2,21.23,413652,882205138
2023-07-27,600900.SH,21.22,21.39,21.14,21.34,589361,1253797045
2023-07-30,600900.SH,21.33,21.65,21.33,21.46,668330,1436470249
2023-07-31,600900.SH,21.5,21.72,21.45,21.72,489135,1055453761
2023-08-01,600900.SH,21.7,21.72,21.52,21.59,322539,696646435
2023-08-02,600900.SH,21.64,21.7,21.54,21.66,341634,739362661
2023-08-03,600900.SH,21.66,21.82,21.48,21.54,403813,871899356
2023-08-06,600900.SH,21.55,21.95,21.52,21.92,553821,1208238982
2023-08-07,600900.SH,21.84,22.11,21.84,22.1,388447,855559361
2023-08-08,600900.SH,22.09,22.16,21.81,22.11,415777,915613751
2023-08-09,600900.SH,22.11,22.16,21.97,22.09,230600,509011350
2023-08-10,600900.SH,22.08,22.11,21.75,21.75,320195,700996136
2023-08-13,600900.SH,21.7,21.95,21.55,21.81,550766,1197466595
2023-08-14,600900.SH,21.8,22.08,21.76,22.02,456951,1005038904
2023-08-15,600900.SH,22.03,22.07,21.81,21.87,251788,551426663
2023-08-16,600900.SH,21.82,22.14,21.77,22.12,372770,819974852
2023-08-17,600900.SH,22.06,22.27,22.05,22.06,286027,633082568
2023-08-20,600900.SH,22.06,22.15,21.85,21.85,311022,684516265
2023-08-21,600900.SH,21.94,22.1,21.79,22,416034,914974619
2023-08-22,600900.SH,22.03,22.19,21.91,21.95,337487,744363123
2023-08-23,600900.SH,21.92,21.99,21.75,21.77,388035,847106667
2023-08-24,600900.SH,21.75,22.2,21.72,22.16,460902,1016855128
2023-08-27,600900.SH,22.5,22.55,21.99,22.12,749760,1662876023
2023-08-28,600900.SH,22.12,22.28,21.89,21.92,533862,1179054889
2023-08-29,600900.SH,22,22.14,21.91,21.97,334007,734543740
2023-08-30,600900.SH,21.95,22.16,21.9,22.06,473136,1041852818
2023-08-31,600900.SH,22.01,22.06,21.75,21.81,530416,1159084272
2023-09-03,600900.SH,21.9,21.91,21.58,21.67,748233,1623177807
2023-09-04,600900.SH,21.67,21.92,21.62,21.89,584108,1273652536
2023-09-05,600900.SH,21.82,21.95,21.8,21.81,249716,545903540
2023-09-06,600900.SH,21.85,21.93,21.68,21.85,438933,958542911
2023-09-07,600900.SH,21.82,21.89,21.71,21.84,286679,625457629
2023-09-10,600900.SH,21.83,22.06,21.83,21.99,383446,842758161
2023-09-11,600900.SH,21.96,22.08,21.89,22.07,318434,700757182
2023-09-12,600900.SH,22.1,22.33,22.01,22.25,633341,1407844212
2023-09-13,600900.SH,22.37,22.8,22.26,22.69,790228,1786148692
2023-09-14,600900.SH,22.69,22.79,22.4,22.52,495418,1117513230
2023-09-17,600900.SH,22.46,22.56,22.32,22.41,396915,889442041
2023-09-18,600900.SH,22.38,22.57,22.3,22.53,297395,668334198
2023-09-19,600900.SH,22.52,22.62,22.41,22.56,280077,631401655
2023-09-20,600900.SH,22.57,22.64,22.37,22.38,363655,817129755
2023-09-21,600900.SH,22.44,22.55,22.32,22.48,449178,1007774660
2023-09-24,600900.SH,22.59,22.66,22.38,22.49,340861,768741207
2023-09-25,600900.SH,22.54,22.54,22.33,22.41,257166,576492679
2023-09-26,600900.SH,22.46,22.47,22.18,22.21,397997,886397527
2023-09-27,600900.SH,22.26,22.38,22.23,22.24,344074,767155323
2023-10-08,600900.SH,22.25,22.72,22.25,22.56,543934,1226702850
2023-10-09,600900.SH,22.7,22.7,22.44,22.61,361180,816386874
2023-10-10,600900.SH,22.67,22.89,22.6,22.63,407657,927786042
2023-10-11,600900.SH,22.89,22.89,22.54,22.62,295306,668632578
2023-10-12,600900.SH,22.55,22.78,22.55,22.74,359194,814939457
2023-10-15,600900.SH,22.78,23,22.69,22.78,474980,1083315950
2023-10-16,600900.SH,22.81,22.99,22.73,22.96,416973,955017604
2023-10-17,600900.SH,23.05,23.18,22.86,22.95,498013,1145979163
2023-10-18,600900.SH,22.86,22.99,22.53,22.55,487666,1106303693
2023-10-19,600900.SH,22.55,22.68,22.35,22.35,628851,1414564177
2023-10-22,600900.SH,22.35,22.63,22.2,22.29,538436,1206621187
2023-10-23,600900.SH,22.36,22.67,22.18,22.6,533077,1196660148
2023-10-24,600900.SH,22.6,22.62,21.9,21.91,1005229,2220073377
2023-10-25,600900.SH,21.85,22.35,21.82,22.33,666489,1479450090
2023-10-26,600900.SH,22.32,22.47,22.21,22.24,548441,1225705131
2023-10-29,600900.SH,22.26,22.58,22.24,22.45,728356,1635519655
2023-10-30,600900.SH,22.38,22.65,22.27,22.57,637527,1434746126
2023-10-31,600900.SH,22.58,22.74,22.4,22.66,590464,1335207793
2023-11-01,600900.SH,22.77,22.85,22.63,22.76,434397,989336982
2023-11-02,600900.SH,22.76,22.97,22.67,22.71,547430,1249401663
2023-11-05,600900.SH,22.74,22.77,22.18,22.24,1002466,2237002524
2023-11-06,600900.SH,22.24,22.34,22.17,22.27,352991,786444778
2023-11-07,600900.SH,22.29,22.45,22.29,22.37,323137,722886394
2023-11-08,600900.SH,22.37,22.65,22.32,22.57,525440,1183677945
2023-11-09,600900.SH,22.57,22.66,22.36,22.57,437302,984512101
2023-11-12,600900.SH,22.51,22.55,22.34,22.53,324293,728031455
2023-11-13,600900.SH,22.53,22.62,22.36,22.37,477469,1071647633
2023-11-14,600900.SH,22.37,22.62,22.37,22.6,480396,1082387590
2023-11-15,600900.SH,22.56,22.73,22.52,22.71,712630,1615397746
2023-11-16,600900.SH,22.65,22.77,22.49,22.62,406686,918639537
2023-11-19,600900.SH,22.66,22.74,22.59,22.65,343586,778524093
2023-11-20,600900.SH,22.62,22.79,22.61,22.7,471898,1071485395
2023-11-21,600900.SH,22.7,22.78,22.6,22.7,338047,767433990
2023-11-22,600900.SH,22.67,22.73,22.47,22.62,403904,911195957
2023-11-23,600900.SH,22.58,22.85,22.56,22.68,553934,1259538809
2023-11-26,600900.SH,22.68,22.72,22.49,22.61,526889,1188192066
2023-11-27,600900.SH,22.61,22.62,22.45,22.5,380658,856426256
2023-11-28,600900.SH,22.54,22.54,22.4,22.46,530491,1191811825
2023-11-29,600900.SH,22.53,22.83,22.47,22.83,932514,2120302511
2023-11-30,600900.SH,22.88,22.89,22.62,22.73,576681,1310247989
2023-12-03,600900.SH,22.73,22.76,22.62,22.7,367360,833531569
2023-12-04,600900.SH,22.69,22.82,22.53,22.58,659551,1497277647
2023-12-05,600900.SH,22.55,22.58,22.39,22.5,607310,1365199239
2023-12-06,600900.SH,22.46,22.65,22.43,22.6,461342,1041893357
2023-12-07,600900.SH,22.55,22.65,22.45,22.62,652141,1471195060
2023-12-10,600900.SH,22.52,22.86,22.35,22.82,913256,2066586430
2023-12-11,600900.SH,22.73,23.01,22.72,22.98,547464,1253897530
2023-12-12,600900.SH,22.97,23.05,22.91,22.99,457810,1052460094
2023-12-13,600900.SH,22.99,23.08,22.81,23.01,463824,1066767039
2023-12-14,600900.SH,23,23.15,22.77,22.78,660779,1514697782
2023-12-17,600900.SH,22.78,23.07,22.78,23.07,463203,1064746657
2023-12-18,600900.SH,23.07,23.13,22.97,23.05,563288,1297691999
2023-12-19,600900.SH,23.06,23.48,23.04,23.3,700385,1632153549
2023-12-20,600900.SH,23.28,23.36,23.09,23.15,692877,1606989367
2023-12-21,600900.SH,23.16,23.3,23.11,23.18,553688,1285336172
2023-12-24,600900.SH,23.18,23.42,23.11,23.4,442480,1031041466
2023-12-25,600900.SH,23.4,23.7,23.38,23.53,615197,1449802231
2023-12-26,600900.SH,23.49,23.59,23.34,23.53,562785,1321553822
2023-12-27,600900.SH,23.55,23.79,23.18,23.28,907283,2121260477
2023-12-28,600900.SH,23.3,23.36,23.11,23.34,628469,1462118982
2024-01-01,600900.SH,23.34,23.77,23.32,23.68,688803,1627813605
2024-01-02,600900.SH,23.67,23.8,23.6,23.76,607525,1439625327
2024-01-03,600900.SH,23.8,23.98,23.61,23.8,613423,1458263732
2024-01-04,600900.SH,23.78,23.95,23.66,23.74,705631,1680566823
2024-01-07,600900.SH,23.74,23.82,23.53,23.6,654394,1546139934
2024-01-08,600900.SH,23.6,23.68,23.3,23.54,801505,1884034535
2024-01-09,600900.SH,23.51,23.64,23.21,23.34,672430,1569818929
2024-01-10,600900.SH,23.38,23.39,23.11,23.18,609199,1415166913
2024-01-11,600900.SH,23.09,23.59,23.09,23.53,620056,1452655348
2024-01-14,600900.SH,23.48,23.65,23.4,23.5,409877,964175881
2024-01-15,600900.SH,23.42,23.57,23.3,23.55,578343,1355366874
2024-01-16,600900.SH,23.55,23.6,23.32,23.32,665091,1559265044
2024-01-17,600900.SH,23.3,23.42,22.88,23.32,1227389,2841916740
2024-01-18,600900.SH,23.3,23.52,23.12,23.5,944947,2208441097
2024-01-21,600900.SH,23.16,23.48,23.07,23.23,1107906,2581327056
2024-01-22,600900.SH,23.16,23.35,22.93,23.25,853064,1971733022
2024-01-23,600900.SH,23.31,23.87,23.28,23.85,1086490,2566320795
2024-01-24,600900.SH,23.86,24.1,23.71,23.94,828913,1978742267
2024-01-25,600900.SH,23.85,24.19,23.81,24.13,713703,1712379231
2024-01-28,600900.SH,24.09,24.5,24.06,24.27,694170,1691010353
2024-01-29,600900.SH,24.26,24.36,24.01,24.1,797844,1927743954
2024-01-30,600900.SH,24.08,24.46,24.03,24.4,885502,2155156152
2024-01-31,600900.SH,24.3,24.44,24.15,24.15,660741,1601356833
2024-02-01,600900.SH,24.22,24.52,24.15,24.28,1018175,2482060135
2024-02-04,600900.SH,24.35,24.88,24.29,24.76,1149371,2832953858
2024-02-05,600900.SH,24.7,25.26,24.58,24.72,1266030,3150676353
2024-02-06,600900.SH,24.79,24.8,24.24,24.7,1356422,3325417287
2024-02-07,600900.SH,24.61,24.74,24.4,24.64,874972,2150797174
2024-02-18,600900.SH,24.58,25.29,24.5,25.2,872457,2183694504
2024-02-19,600900.SH,25.18,25.72,25.11,25.54,686084,1750801469
2024-02-20,600900.SH,25.52,25.7,25.39,25.39,798776,2040015337
2024-02-21,600900.SH,25.5,25.68,25.36,25.55,666892,1701564035
2024-02-22,600900.SH,25.5,25.74,25.32,25.69,610306,1558028569
2024-02-25,600900.SH,25.49,25.54,24.93,24.95,805885,2031771860
2024-02-26,600900.SH,24.91,25.04,24.82,24.93,546551,1361112175
2024-02-27,600900.SH,24.82,25.44,24.59,25.3,1202233,3011572334
2024-02-28,600900.SH,25.2,25.32,25,25.05,762287,1914111616
2024-02-29,600900.SH,25.05,25.15,24.9,25,571129,1427971157
2024-03-03,600900.SH,24.97,25.47,24.87,25.45,863299,2180343415
2024-03-04,600900.SH,25.35,26,25.33,25.94,988443,2550840673
2024-03-05,600900.SH,25.9,26.3,25.81,25.86,877754,2284641773
2024-03-06,600900.SH,25.85,26.12,25.8,25.9,766939,1987481632
2024-03-07,600900.SH,25.92,26.09,25.76,25.83,614489,1589578909
2024-03-10,600900.SH,25.77,25.99,25.57,25.76,768872,1980534434
2024-03-11,600900.SH,25.7,25.75,24.76,24.83,1590727,3993859961
2024-03-12,600900.SH,24.83,24.93,24.51,24.89,1294034,3201049100
2024-03-13,600900.SH,24.76,24.88,24.59,24.69,999132,2471465580
2024-03-14,600900.SH,24.69,24.93,24.66,24.71,739470,1831479869
2024-03-17,600900.SH,24.69,24.87,24.61,24.67,800083,1976509115
2024-03-18,600900.SH,24.67,24.98,24.6,24.72,791305,1963356129
2024-03-19,600900.SH,24.72,25.22,24.66,25,1046359,2615165511
2024-03-20,600900.SH,25.05,25.1,24.92,24.94,668112,1670493182
2024-03-21,600900.SH,24.93,25.09,24.77,25.01,774087,1932584782
2024-03-24,600900.SH,25.09,25.1,24.94,24.98,674645,1687444454
2024-03-25,600900.SH,25,25.02,24.7,24.84,768377,1909598643
2024-03-26,600900.SH,24.79,25.02,24.77,24.83,726315,1809850537
2024-03-27,600900.SH,24.86,25.02,24.65,24.85,815938,2025213172
2024-03-28,600900.SH,24.83,24.98,24.82,24.93,593291,1477764574
2024-03-31,600900.SH,24.95,24.99,24.67,24.73,878316,2177047530
2024-04-01,600900.SH,24.72,24.84,24.55,24.64,928545,2291658203
2024-04-02,600900.SH,24.6,24.62,24.26,24.44,1153081,2811178604
2024-04-07,600900.SH,24.41,25.41,24.39,25.36,1796398,4495191837
2024-04-08,600900.SH,25.2,25.37,24.99,25.15,1043433,2623607287
2024-04-09,600900.SH,25.15,25.73,25.14,25.63,1123999,2870415143
2024-04-10,600900.SH,25.58,25.66,25.27,25.61,689166,1760367866
2024-04-11,600900.SH,25.55,25.64,25.35,25.42,627886,1599125049
2024-04-14,600900.SH,25.43,25.93,25.42,25.89,785348,2026912644
2024-04-15,600900.SH,25.81,26.16,25.68,25.93,834406,2163792039
2024-04-16,600900.SH,25.85,26.1,25.53,25.98,817739,2111578177
2024-04-17,600900.SH,25.92,26.19,25.8,25.95,848981,2205476997
2024-04-18,600900.SH,25.9,26.09,25.73,26,774854,2007554174
2024-04-21,600900.SH,25.93,26.19,25.81,25.86,641252,1664599639
2024-04-22,600900.SH,25.84,26.05,25.6,25.77,575504,1485631129
2024-04-23,600900.SH,25.9,25.94,25.67,25.77,563092,1450080312
2024-04-24,600900.SH,25.75,25.85,25.56,25.68,428470,1098347571
2024-04-25,600900.SH,25.61,25.86,25.55,25.57,690288,1770684733
2024-04-28,600900.SH,25.57,25.66,25.3,25.48,776530,1978050453
2024-04-29,600900.SH,25.4,26.02,25.36,25.79,882743,2280869807
2024-05-05,600900.SH,25.79,25.79,25.43,25.47,1105890,2821688353
2024-05-06,600900.SH,25.47,25.51,25.32,25.35,634828,1609969168
2024-05-07,600900.SH,25.35,25.55,25.31,25.31,606272,1538925484
2024-05-08,600900.SH,25.35,25.4,25.16,25.36,686815,1736820747
2024-05-09,600900.SH,25.36,25.52,25.26,25.48,798088,2029155628
2024-05-12,600900.SH,25.5,25.7,25.36,25.62,926474,2368887118
2024-05-13,600900.SH,25.62,25.62,25.38,25.58,605062,1543748111
2024-05-14,600900.SH,25.55,25.69,25.45,25.48,443842,1133848524
2024-05-15,600900.SH,25.49,25.54,25.4,25.42,578414,1471765904
2024-05-16,600900.SH,25.45,25.85,25.44,25.78,949507,2438122010
2024-05-19,600900.SH,25.74,26.16,25.66,25.99,910148,2362152895
2024-05-20,600900.SH,26.05,26.25,25.98,26.1,649325,1693481735
2024-05-21,600900.SH,26.16,26.21,25.93,25.98,569502,1482943442
2024-05-22,600900.SH,26.05,26.34,25.96,26.15,773126,2023279728
2024-05-23,600900.SH,26.21,26.55,26.13,26.3,777151,2051397915
2024-05-26,600900.SH,26.31,26.7,26.31,26.51,780009,2069505133
2024-05-27,600900.SH,26.52,26.83,26.48,26.71,672593,1793773705
2024-05-28,600900.SH,26.7,26.77,26.41,26.69,620520,1651090911
2024-05-29,600900.SH,26.66,26.95,26.6,26.7,539805,1444639486
2024-05-30,600900.SH,26.76,27.02,26.58,26.61,708189,1894832555
2024-06-02,600900.SH,26.89,27.5,26.75,27.43,1148763,3129895699
2024-06-03,600900.SH,27.43,27.7,27.3,27.48,792762,2178484628
2024-06-04,600900.SH,27.54,28.08,27.49,27.96,887222,2474874593
2024-06-05,600900.SH,27.9,28.38,27.76,28.03,1061203,2979916128
2024-06-06,600900.SH,28,28.37,27.9,28.31,868116,2447258985
2024-06-10,600900.SH,28.32,28.49,27.92,28.18,873338,2460615260
2024-06-11,600900.SH,28.08,28.5,28,28.38,756242,2141399388
2024-06-12,600900.SH,28.39,28.8,28.32,28.7,892827,2555029901
2024-06-13,600900.SH,28.65,28.77,27.73,27.9,2426430,6814644667
2024-06-16,600900.SH,27.75,28.06,27.59,27.89,1067303,2976152808
2024-06-17,600900.SH,27.89,27.94,27.59,27.8,658936,1828330861
2024-06-18,600900.SH,27.78,28.07,27.72,28.04,536591,1497817306
2024-06-19,600900.SH,28.07,28.4,28.01,28.34,655689,1851949138
2024-06-20,600900.SH,28.34,28.52,28.03,28.33,742965,2104127430
2024-06-23,600900.SH,28.4,29,28.35,28.89,1069296,3075272500
2024-06-24,600900.SH,28.87,28.92,28.3,28.65,880211,2521524043
2024-06-25,600900.SH,28.69,28.87,28.38,28.65,514241,1469826193
2024-06-26,600900.SH,28.6,28.95,28.58,28.82,665509,1917338401
2024-06-27,600900.SH,28.82,29.03,28.58,28.92,723670,2089609595
2024-06-30,600900.SH,28.92,29.65,28.92,29.48,723519,2123942477
2024-07-01,600900.SH,29.47,29.56,29.24,29.48,582890,1714526664
2024-07-02,600900.SH,29.41,29.52,29,29.3,732520,2136621632
2024-07-03,600900.SH,29.22,29.55,29.2,29.39,661930,1945477857
2024-07-04,600900.SH,29.57,29.57,28.85,29.32,1007631,2934921575
2024-07-07,600900.SH,29.22,30.05,29.2,29.92,1008971,3002371354
2024-07-08,600900.SH,29.91,30.33,29.81,30.31,857246,2582804863
2024-07-09,600900.SH,30.28,30.42,29.87,30.1,765968,2303742130
2024-07-10,600900.SH,30.13,30.2,29.7,30.19,747140,2236982847
2024-07-11,600900.SH,30.16,30.3,29.8,29.88,681127,2040744551
2024-07-14,600900.SH,29.79,30.5,29.66,30.43,787955,2382355824
2024-07-15,600900.SH,30.5,30.87,30.25,30.8,689249,2109134626
2024-07-16,600900.SH,30.75,30.95,30.56,30.8,740569,2281313173
2024-07-17,600900.SH,30.75,31.44,30.72,31.36,999956,3111871551
2024-07-18,600900.SH,30.5,30.72,30.28,30.58,1124175,3424215894
2024-07-21,600900.SH,30.58,30.6,29.7,30.38,974276,2935254009
2024-07-22,600900.SH,30.4,30.8,30.28,30.67,901448,2759644839
2024-07-23,600900.SH,30.67,31.19,30.54,31.04,882811,2734065269
2024-07-24,600900.SH,31.07,31.28,30.37,30.83,977369,3005729069
2024-07-25,600900.SH,30.71,30.71,29.73,30.15,1149553,3451737426
2024-07-28,600900.SH,29.96,30.4,29.51,30.2,751623,2258829166
2024-07-29,600900.SH,30.17,30.46,29.88,30.11,606823,1828272498
2024-07-30,600900.SH,30.05,30.07,29.48,29.86,944332,2812743116
2024-07-31,600900.SH,29.65,30.34,29.6,30.12,684859,2057753552
2024-08-01,600900.SH,30,30.32,29.8,30.24,577750,1740593156
2024-08-04,600900.SH,30.09,30.2,29.85,29.9,631031,1894210458
2024-08-05,600900.SH,29.9,30.09,29.3,29.46,936574,2766826003
2024-08-06,600900.SH,29.37,30.05,29.37,29.75,676411,2018243318
2024-08-07,600900.SH,29.75,30.01,29.62,29.78,467605,1394043160
2024-08-08,600900.SH,29.71,29.79,29.37,29.54,596901,1763288971
2024-08-11,600900.SH,29.56,29.71,29.12,29.18,510891,1500108927
2024-08-12,600900.SH,29.28,29.38,29.06,29.26,461630,1349026967
2024-08-13,600900.SH,29.29,29.85,29.03,29.55,678626,2004395676
2024-08-14,600900.SH,29.54,29.97,29.4,29.8,598896,1783081179
2024-08-15,600900.SH,29.82,29.88,29.53,29.62,509499,1509091295
2024-08-18,600900.SH,29.59,29.86,29.57,29.73,427982,1272877014
2024-08-19,600900.SH,29.76,29.84,29.43,29.65,461304,1364741834
2024-08-20,600900.SH,29.66,29.79,29.23,29.75,471910,1395813811
2024-08-21,600900.SH,29.7,30.3,29.69,30.24,779380,2341186875
2024-08-22,600900.SH,30.27,30.32,29.8,29.91,546112,1639163833
2024-08-25,600900.SH,29.91,30.05,29.48,29.82,496396,1474548432
2024-08-26,600900.SH,29.76,29.9,29.58,29.8,350605,1043728923
2024-08-27,600900.SH,29.79,30.1,29.7,29.82,496902,1485759125
2024-08-28,600900.SH,29.84,29.87,29.26,29.36,676036,1991001428
2024-08-29,600900.SH,29.25,29.58,28.71,29.38,898493,2626216879
2024-09-01,600900.SH,29.03,29.81,29.02,29.71,733296,2171845328
2024-09-02,600900.SH,29.65,29.79,29.05,29.11,667108,1952057304
2024-09-03,600900.SH,29.11,29.34,28.91,29.15,401535,1170959318
2024-09-04,600900.SH,29.16,29.28,28.92,29.12,374874,1088725236
2024-09-05,600900.SH,29.1,29.48,29.07,29.1,400538,1173648850
2024-09-08,600900.SH,29.23,29.43,29.06,29.35,633732,1856318800
2024-09-09,600900.SH,29.31,29.49,28.95,29.15,580050,1692616092
2024-09-10,600900.SH,29.15,29.15,27.65,27.8,1439497,4047995050
2024-09-11,600900.SH,27.7,28.06,27.63,27.86,662191,1843149366
2024-09-12,600900.SH,27.86,28.5,27.82,28.3,809732,2289211168
2024-09-17,600900.SH,28.25,28.74,28.22,28.32,526236,1500353768
2024-09-18,600900.SH,28.37,28.43,27.84,28.33,697997,1964300124
2024-09-19,600900.SH,28.18,28.32,27.84,28.15,822952,2309733075
2024-09-22,600900.SH,28.15,28.43,27.98,28.2,479050,1353258731
2024-09-23,600900.SH,28.43,28.88,28.07,28.76,1064787,3033603594
2024-09-24,600900.SH,28.92,29.64,28.83,28.93,1181762,3447719854
2024-09-25,600900.SH,29.04,29.13,28.71,29.13,1143163,3305503263
2024-09-26,600900.SH,29.23,29.23,28.06,28.99,1887037,5391564516
2024-09-29,600900.SH,28.83,30.5,28.61,30.05,3960785,11687901897
2024-10-07,600900.SH,32.01,32.28,28.88,29.22,4623565,13932515165
2024-10-08,600900.SH,28.98,29.39,28.22,28.55,2669254,7713072332
2024-10-09,600900.SH,28.6,29.83,28.59,29.18,2624284,7695861718
2024-10-10,600900.SH,29.2,29.75,29,29.21,1425896,4191339711
2024-10-13,600900.SH,29.22,29.55,29.1,29.35,1447014,4245091617
2024-10-14,600900.SH,29.3,29.39,28.88,28.88,1171128,3411757960
2024-10-15,600900.SH,28.8,29.32,28.61,28.71,1272300,3677022600
2024-10-16,600900.SH,28.73,28.79,28.3,28.3,1120938,3190851474
2024-10-17,600900.SH,28.32,28.67,28.03,28.43,1491816,4224020290
2024-10-20,600900.SH,28.36,28.36,27.85,27.96,1396284,3905210023
2024-10-21,600900.SH,27.96,28.36,27.83,28.08,1040632,2922214929
2024-10-22,600900.SH,28.08,28.33,28,28.06,902801,2538199816
2024-10-23,600900.SH,28.06,28.13,27.75,28,783862,2189138483
2024-10-24,600900.SH,28,28.08,27.41,27.54,1507185,4162517848
2024-10-27,600900.SH,27.54,27.54,27.16,27.54,1177849,3221776479
2024-10-28,600900.SH,27.54,28.03,27.35,27.71,1311884,3635175151
2024-10-29,600900.SH,27.72,27.89,27.45,27.71,1012599,2800095149
2024-10-30,600900.SH,27.98,28.01,27.42,27.58,1219031,3369699700
2024-10-31,600900.SH,27.51,28,27.39,27.98,1213608,3377377151
2024-11-03,600900.SH,27.98,27.99,27.61,27.9,906010,2514532409
2024-11-04,600900.SH,27.81,27.94,27.72,27.86,1309388,3643039779
2024-11-05,600900.SH,27.83,27.9,27.46,27.5,1380887,3816254671
2024-11-06,600900.SH,27.4,27.85,27.39,27.83,1330334,3687552721
2024-11-07,600900.SH,27.84,27.96,27.53,27.62,1190235,3295504902
2024-11-10,600900.SH,27.46,27.63,27.36,27.48,939962,2579507983
2024-11-11,600900.SH,27.48,27.63,26.95,26.97,2017467,5479470999
2024-11-12,600900.SH,26.88,27.49,26.78,27.39,1551882,4230284151
2024-11-13,600900.SH,27.35,27.69,27.23,27.42,986466,2714473179
2024-11-14,600900.SH,27.37,27.49,27.1,27.1,935809,2550153940
2024-11-17,600900.SH,27.16,27.54,27.09,27.42,1190518,3261120178
2024-11-18,600900.SH,27.4,27.5,27.17,27.37,956803,2615794240
2024-11-19,600900.SH,27.37,27.75,27.21,27.62,998049,2747324911
2024-11-20,600900.SH,27.56,27.7,27.54,27.67,678485,1875901033
2024-11-21,600900.SH,27.67,27.78,27.26,27.26,971291,2668597372
2024-11-24,600900.SH,27.39,27.59,27.03,27.13,1014088,2767754675
2024-11-25,600900.SH,27.1,27.19,26.91,27,883064,2387017997
2024-11-26,600900.SH,26.98,27.45,26.98,27.39,1024693,2795306804
2024-11-27,600900.SH,27.37,27.48,27.17,27.43,691606,1892727089
2024-11-28,600900.SH,27.44,27.7,27.3,27.32,1090264,2998565910
2024-12-01,600900.SH,27.39,27.71,27.3,27.61,886299,2442141195
2024-12-02,600900.SH,27.62,28.1,27.54,27.95,1343476,3742682857
2024-12-03,600900.SH,27.95,28.53,27.81,28.45,1372257,3874772096
2024-12-04,600900.SH,28.4,28.68,28.2,28.3,980354,2785865462
2024-12-05,600900.SH,28.32,28.54,28.15,28.18,909354,2571289497
2024-12-08,600900.SH,28.13,28.51,27.93,28.41,802873,2273588991
2024-12-09,600900.SH,28.4,28.58,27.96,28.02,1678877,4740338733
2024-12-10,600900.SH,28.1,28.22,27.97,28.17,636184,1788397138
2024-12-11,600900.SH,28.15,28.48,28.13,28.4,778750,2210068869
2024-12-12,600900.SH,28.44,28.88,28.34,28.72,1542858,4421516826
2024-12-15,600900.SH,28.78,29.39,28.78,29.28,1434633,4191213538
2024-12-16,600900.SH,29.33,29.55,29.19,29.27,1078044,3166685527
2024-12-17,600900.SH,29.38,29.82,29.13,29.42,983966,2902181336
2024-12-18,600900.SH,29.26,29.66,29.21,29.26,910616,2682851059
2024-12-19,600900.SH,29.21,29.43,29.08,29.2,787252,2300287601
2024-12-22,600900.SH,29.19,29.81,29.11,29.57,1086336,3214208944
2024-12-23,600900.SH,29.47,29.85,29.36,29.81,927356,2753108462
2024-12-24,600900.SH,29.82,29.93,29.67,29.79,685161,2043557883
2024-12-25,600900.SH,29.79,29.83,29.29,29.32,898846,2645228041
2024-12-26,600900.SH,29.3,29.63,29.17,29.61,854237,2508819673
2024-12-29,600900.SH,29.61,29.83,29.34,29.41,778257,2298925152
2024-12-30,600900.SH,29.4,29.77,29.36,29.55,965370,2859607977
2025-01-01,600900.SH,29.51,29.73,29.08,29.2,1041220,3057996060
2025-01-02,600900.SH,29.21,29.43,28.85,29,946323,2753136714
2025-01-05,600900.SH,29.1,29.1,28.51,28.89,794674,2286573074
2025-01-06,600900.SH,28.88,28.89,28.54,28.7,654960,1879633128
2025-01-07,600900.SH,28.67,29.16,28.63,29,906309,2624410315
2025-01-08,600900.SH,28.94,29.06,28.64,28.79,581771,1676501567
2025-01-09,600900.SH,28.79,29.05,28.51,28.87,694910,2005099923
2025-01-12,600900.SH,28.8,28.91,28.43,28.81,906278,2602917132
2025-01-13,600900.SH,28.8,28.98,28.72,28.84,819857,2362763164
2025-01-14,600900.SH,28.73,29.12,28.61,28.8,722793,2086198307
2025-01-15,600900.SH,28.73,28.98,28.72,28.84,720602,2076090814
2025-01-16,600900.SH,28.87,29.03,28.76,29.01,596372,1726533811
2025-01-19,600900.SH,29.05,29.06,28.83,28.97,665424,1927427722
2025-01-20,600900.SH,28.96,29.31,28.82,29.16,789413,2299694593
2025-01-21,600900.SH,29.16,29.3,28.6,28.69,1073703,3102296596
2025-01-22,600900.SH,28.72,28.81,28.28,28.5,1034684,2953937702
2025-01-23,600900.SH,28.38,28.65,28.2,28.2,840006,2388148361
2025-01-26,600900.SH,28.27,29.1,28.22,28.9,995244,2863650427
2025-02-04,600900.SH,28.86,28.89,28.27,28.35,902861,2568658666
2025-02-05,600900.SH,28.36,28.43,28.13,28.27,676097,1908311707
2025-02-06,600900.SH,28.2,28.24,27.9,28.13,1091476,3059789716
2025-02-09,600900.SH,28.05,28.16,27.9,27.91,969001,2709703559
2025-02-10,600900.SH,27.98,27.98,27.7,27.9,901386,2507433419
2025-02-11,600900.SH,27.85,28.03,27.77,27.99,714701,1996133152
2025-02-12,600900.SH,27.92,28.23,27.83,28.17,940018,2643911849
2025-02-13,600900.SH,28.17,28.5,28.05,28.21,928764,2628490803
2025-02-16,600900.SH,28.06,28.17,27.62,28.17,1095807,3060604828
2025-02-17,600900.SH,28.05,28.56,28.05,28.36,1083707,3074479598
2025-02-18,600900.SH,28.26,28.41,28.03,28.07,832431,2344764606
2025-02-19,600900.SH,28,28.12,27.86,28.04,696212,1949177936
2025-02-20,600900.SH,28.04,28.04,27.71,27.8,1246882,3470960409
2025-02-23,600900.SH,27.8,27.92,27.51,27.55,1294032,3578403310
2025-02-24,600900.SH,27.58,27.65,27.2,27.33,973229,2669049554
2025-02-25,600900.SH,27.3,27.7,27.27,27.63,889170,2451236807
2025-02-26,600900.SH,27.64,27.72,27.31,27.52,991769,2727061265
2025-02-27,600900.SH,27.48,27.74,27.35,27.38,1175018,3236479356
2025-03-02,600900.SH,27.38,27.43,27.06,27.09,1127634,3060769037
2025-03-03,600900.SH,27.09,27.2,26.98,27.15,647252,1755054866
2025-03-04,600900.SH,27.14,27.6,27.01,27.48,946605,2594982596
2025-03-05,600900.SH,27.41,27.48,27.15,27.22,980759,2671549581
2025-03-06,600900.SH,27.21,27.37,27.13,27.26,683832,1864258519
2025-03-09,600900.SH,27.27,27.28,27.03,27.1,883224,2392990833
2025-03-10,600900.SH,27.04,27.29,27.03,27.19,910403,2468093094
2025-03-11,600900.SH,27.16,27.19,27.01,27.12,785238,2126412560
2025-03-12,600900.SH,27.1,27.35,27.09,27.25,874097,2380546787
2025-03-13,600900.SH,27.29,27.55,27.23,27.45,1114140,3056432801
2025-03-16,600900.SH,27.51,27.69,27.35,27.37,763522,2099106675
2025-03-17,600900.SH,27.37,27.42,27.17,27.2,777193,2116224352
2025-03-18,600900.SH,27.24,27.7,27.16,27.63,1318599,3633878031
2025-03-19,600900.SH,27.7,27.76,27.54,27.64,601942,1663702537
2025-03-20,600900.SH,27.67,27.76,27.37,27.4,741877,2042970840
2025-03-23,600900.SH,27.42,27.8,27.37,27.7,991625,2745637503
2025-03-24,600900.SH,27.71,28,27.56,27.93,772560,2152626393
2025-03-25,600900.SH,27.93,27.99,27.61,27.83,690883,1917234896
2025-03-26,600900.SH,27.75,27.86,27.62,27.77,572991,1588239086
2025-03-27,600900.SH,27.76,27.9,27.64,27.85,572223,1590738628
2025-03-30,600900.SH,27.92,28.11,27.75,27.81,904841,2528379570
2025-03-31,600900.SH,27.85,27.94,27.66,27.9,579886,1614469478
2025-04-01,600900.SH,27.9,27.96,27.71,27.83,553530,1539467924
2025-04-02,600900.SH,27.71,28.44,27.71,28.4,1437982,4054692590
2025-04-06,600900.SH,28.04,28.86,27.77,28.33,3258722,9247372446
2025-04-07,600900.SH,28.26,29.18,28,29.05,2341190,6700167019
2025-04-08,600900.SH,29.05,29.6,28.76,29.57,2198018,6447093992
2025-04-09,600900.SH,29.46,29.49,28.85,29.17,1385625,4027976355
2025-04-10,600900.SH,29.28,29.28,29,29.2,873321,2542617678
2025-04-13,600900.SH,29.01,29.25,28.82,29.15,826375,2399272788
2025-04-14,600900.SH,29.08,29.35,28.99,29.27,783080,2283991241
2025-04-15,600900.SH,29.25,29.41,29.05,29.4,1007602,2945909908
2025-04-16,600900.SH,29.3,29.32,29,29.21,840853,2448925444
2025-04-17,600900.SH,29.1,29.6,29.06,29.58,881174,2592643254
2025-04-20,600900.SH,29.5,29.7,29.3,29.31,565837,1666610558
2025-04-21,600900.SH,29.32,29.82,29.23,29.33,768949,2269549948
2025-04-22,600900.SH,29.28,29.38,29.08,29.2,616107,1800663508
2025-04-23,600900.SH,29.2,29.55,29.16,29.46,569273,1675349936
2025-04-24,600900.SH,29.48,29.73,29.3,29.52,544572,1604922452
2025-04-27,600900.SH,29.52,29.92,29.41,29.72,723471,2153224045
2025-04-28,600900.SH,29.72,29.77,29.35,29.46,723059,2130508757
2025-04-29,600900.SH,29.55,29.57,29.32,29.5,553509,1630308197
2025-05-05,600900.SH,29.65,29.65,29.13,29.18,830990,2427460661
2025-05-06,600900.SH,29.28,29.38,29.06,29.35,808890,2365688066
2025-05-07,600900.SH,29.28,29.48,29.22,29.31,469961,1380550567
2025-05-08,600900.SH,29.3,29.77,29.28,29.55,732928,2165675400
2025-05-11,600900.SH,29.46,29.69,29.31,29.54,572355,1690208659
2025-05-12,600900.SH,29.42,29.74,29.36,29.74,616986,1827173098
2025-05-13,600900.SH,29.73,30.1,29.67,30.08,747906,2238358173
2025-05-14,600900.SH,30.06,30.36,30,30.35,715433,2161488738
2025-05-15,600900.SH,30.3,30.5,29.96,30.1,637560,1920478840
2025-05-18,600900.SH,30.1,30.58,30.1,30.47,561942,1709383591
2025-05-19,600900.SH,30.48,30.94,30.48,30.68,605876,1863321473
2025-05-20,600900.SH,30.74,30.95,30.7,30.8,535498,1650446696
2025-05-21,600900.SH,30.8,31.05,30.56,31.03,537264,1657926805
2025-05-22,600900.SH,30.99,31.06,30.39,30.49,854248,2613433482
2025-05-25,600900.SH,30.4,30.56,30.12,30.34,626512,1899418062
2025-05-26,600900.SH,30.3,30.59,30.22,30.26,567981,1726016759
2025-05-27,600900.SH,30.27,30.55,30.2,30.53,537809,1636711126
2025-05-28,600900.SH,30.48,30.55,30.11,30.29,669369,2025718727
2025-05-29,600900.SH,30.32,30.49,30.2,30.2,644790,1954519954
2025-06-02,600900.SH,30.28,30.35,29.85,30.15,783223,2350698980
2025-06-03,600900.SH,30.14,30.16,29.85,29.89,595582,1785117391
2025-06-04,600900.SH,29.89,29.94,29.65,29.8,551350,1641525833
2025-06-05,600900.SH,29.8,30.02,29.75,29.99,546937,1638392602
2025-06-08,600900.SH,29.93,30.09,29.85,29.98,680594,2040230084
2025-06-09,600900.SH,29.98,30.29,29.96,30.03,663488,1998903728
2025-06-10,600900.SH,30,30.28,29.98,30.18,576656,1739533416
2025-06-11,600900.SH,30.16,30.33,30.02,30.19,631839,1906275622
2025-06-12,600900.SH,30.19,30.66,30.18,30.62,1044234,3184688177
2025-06-15,600900.SH,30.55,30.62,30.3,30.46,516554,1573740481
2025-06-16,600900.SH,30.45,30.7,30.06,30.67,788986,2399315252
2025-06-17,600900.SH,30.6,30.86,30.57,30.71,621721,1912522039
2025-06-18,600900.SH,30.8,30.84,30.58,30.72,559306,1716728361
2025-06-19,600900.SH,30.72,30.83,30.38,30.4,561603,1716057582
2025-06-22,600900.SH,30.38,30.76,30.28,30.65,588009,1794276498
2025-06-23,600900.SH,30.61,30.81,30.53,30.58,788400,2415321534
2025-06-24,600900.SH,30.48,30.95,30.4,30.88,783707,2407314283
2025-06-25,600900.SH,30.88,31.19,30.86,31.11,705649,2189373110
2025-06-26,600900.SH,31.16,31.16,30.2,30.22,1474530,4499854721
2025-06-29,600900.SH,30.23,30.42,30.1,30.14,755185,2282994819
2025-06-30,600900.SH,30.2,30.52,30.15,30.37,594763,1806986262
2025-07-01,600900.SH,30.4,30.48,30.22,30.25,571835,1734049631
2025-07-02,600900.SH,30.26,30.28,29.85,30.09,936811,2811204131
2025-07-03,600900.SH,30.06,30.29,30.01,30.16,679228,2048728031
2025-07-06,600900.SH,30.24,30.28,30.07,30.26,508278,1534745747
2025-07-07,600900.SH,30.27,30.27,29.91,29.92,1073286,3219638664
2025-07-08,600900.SH,29.95,30.1,29.85,29.98,670383,2011578386
2025-07-09,600900.SH,30,30.08,29.8,29.9,947643,2835522287
2025-07-10,600900.SH,29.92,30.59,29.87,30.4,1642155,4984368453
2025-07-13,600900.SH,30.42,30.79,30.4,30.61,771547,2363137312
2025-07-14,600900.SH,30.61,30.68,30.35,30.48,562462,1714077283
2025-07-15,600900.SH,30.6,30.66,30.33,30.34,386213,1174692478
2025-07-16,600900.SH,30.32,30.4,30.12,30.16,614655,1855170425
2025-07-17,600900.SH,29.54,29.6,29.35,29.5,601702,1774601208
2025-07-20,600900.SH,29.7,29.86,29.42,29.51,778277,2301161415
2025-07-21,600900.SH,29.46,29.51,29.28,29.36,943940,2772595624
2025-07-22,600900.SH,29.41,29.45,29.17,29.18,1073549,3142732507
2025-07-23,600900.SH,29.19,29.19,28.8,28.94,1668828,4823718576
2025-07-24,600900.SH,28.86,28.98,28.75,28.75,1008791,2910198554
2025-07-27,600900.SH,28.75,28.84,28.6,28.64,844451,2421911286
2025-07-28,600900.SH,28.61,28.74,28.6,28.63,717720,2057394625
2025-07-29,600900.SH,28.64,28.94,28.64,28.7,978280,2814742121
2025-07-30,600900.SH,28.42,28.42,27.7,27.84,2579698,7209401327
2025-07-31,600900.SH,27.79,28.05,27.68,27.99,981486,2738151406
2025-08-03,600900.SH,27.9,28.17,27.8,28.14,823204,2311780582
2025-08-04,600900.SH,28.14,28.18,27.96,28.1,787153,2209870180
2025-08-05,600900.SH,28.09,28.12,27.87,27.97,1144935,3198859437
2025-08-06,600900.SH,27.94,28.18,27.84,28.06,1051957,2948188366
2025-08-07,600900.SH,28.06,28.08,27.86,27.86,824972,2304820604
2025-08-10,600900.SH,27.86,27.88,27.51,27.69,1243551,3436843944
2025-08-11,600900.SH,27.69,27.88,27.64,27.76,743184,2065281068
2025-08-12,600900.SH,27.77,27.85,27.61,27.63,934257,2589154700
2025-08-13,600900.SH,27.62,27.89,27.6,27.66,1017588,2824224358
2025-08-14,600900.SH,27.71,27.78,27.6,27.63,1072302,2967736757
2025-08-17,600900.SH,27.64,27.72,27.55,27.64,1147362,3169229161
2025-08-18,600900.SH,27.65,27.78,27.61,27.63,1146024,3172704270
2025-08-19,600900.SH,27.6,27.74,27.46,27.69,1022259,2820524963
2025-08-20,600900.SH,27.69,27.95,27.66,27.85,1179348,3284359052
2025-08-21,600900.SH,27.88,27.92,27.7,27.87,1032104,2866065221
2025-08-24,600900.SH,28.04,28.55,28.03,28.35,2185666,6194362996
2025-08-25,600900.SH,28.35,28.4,28.21,28.31,1130612,3198022514
2025-08-26,600900.SH,28.25,28.3,27.93,27.96,1275324,3586735277
2025-08-27,600900.SH,27.95,27.99,27.69,27.87,1092962,3043101973
2025-08-28,600900.SH,27.9,28.16,27.85,28.09,1067298,2996376746
2025-08-31,600900.SH,28.1,28.1,27.71,27.79,1246087,3468108875
2025-09-01,600900.SH,27.7,28.29,27.7,28.21,1751446,4918052711
2025-09-02,600900.SH,28.25,28.4,27.83,27.96,1271331,3563092890
2025-09-03,600900.SH,27.94,28.3,27.71,28.23,1758481,4929530683
2025-09-04,600900.SH,28.16,28.31,28,28.07,1069513,3006365138
2025-09-07,600900.SH,28.02,28.22,28,28.15,900740,2532976861
2025-09-08,600900.SH,28.16,28.2,27.96,28.01,761316,2134208194
2025-09-09,600900.SH,28.01,28.09,27.9,28.01,598615,1675916918
2025-09-10,600900.SH,28,28.11,27.92,28,1053967,2946879049
2025-09-11,600900.SH,28,28.15,27.9,27.93,929728,2603224928
2025-09-14,600900.SH,27.9,27.91,27.76,27.8,725657,2016875299
2025-09-15,600900.SH,27.79,27.8,27.65,27.73,575129,1594342991
2025-09-16,600900.SH,27.72,27.83,27.67,27.7,614927,1704493488
2025-09-17,600900.SH,27.69,27.7,27.21,27.31,1448433,3975030224
2025-09-18,600900.SH,27.32,27.35,27.12,27.2,734670,1999478366
2025-09-21,600900.SH,27.1,27.25,27.02,27.12,696831,1890783496
2025-09-22,600900.SH,27.12,27.39,27.03,27.32,872473,2375221478
2025-09-23,600900.SH,27.28,27.53,27.24,27.25,874413,2391918904
2025-09-24,600900.SH,27.21,27.33,27.08,27.29,634293,1726865388
2025-09-25,600900.SH,27.3,27.55,27.24,27.47,794087,2177282260
2025-09-28,600900.SH,27.43,27.5,27.19,27.3,927031,2532328827
2025-09-29,600900.SH,27.35,27.36,27.21,27.25,618828,1686097117
2025-10-08,600900.SH,27.21,27.7,27.15,27.68,1132499,3112861218
2025-10-09,600900.SH,27.65,27.79,27.51,27.73,712605,1973210960
2025-10-12,600900.SH,27.7,27.9,27.4,27.79,1174982,3255599090
2025-10-13,600900.SH,27.74,28.01,27.55,27.99,1366699,3807496908
2025-10-14,600900.SH,27.98,28.15,27.77,27.93,926323,2588206846
2025-10-15,600900.SH,27.85,28.17,27.84,28.16,939735,2639404753
2025-10-16,600900.SH,28.13,28.38,28.06,28.11,1147022,3235603482
2025-10-19,600900.SH,28.12,28.15,27.75,28.05,914231,2555513223
2025-10-20,600900.SH,28,28.1,27.85,27.91,801636,2239195693
2025-10-21,600900.SH,27.89,28.08,27.85,28.04,619190,1734320789
2025-10-22,600900.SH,28.04,28.27,28.04,28.23,785588,2215031621
2025-10-23,600900.SH,28.21,28.29,28.08,28.19,770600,2172735273
2025-10-26,600900.SH,28.14,28.56,28.02,28.3,1248426,3534388258
2025-10-27,600900.SH,28.26,28.54,28.26,28.46,732636,2082899503
2025-10-28,600900.SH,28.46,28.46,28.26,28.29,740543,2097455018
2025-10-29,600900.SH,28.29,28.56,28.19,28.47,867174,2465019759
2025-10-30,600900.SH,28.46,28.46,27.93,28.1,1184702,3332582343
2025-11-02,600900.SH,28.11,28.35,28.11,28.31,613783,1735602286
2025-11-03,600900.SH,28.31,28.69,28.28,28.6,1049429,2995456129
2025-11-04,600900.SH,28.63,28.69,28.4,28.42,685791,1954741549
2025-11-05,600900.SH,28.39,28.6,28.36,28.5,673928,1920939279
2025-11-06,600900.SH,28.51,28.64,28.43,28.52,551418,1572837493
2025-11-09,600900.SH,28.52,28.59,28.39,28.53,493345,1406140642
2025-11-10,600900.SH,28.53,28.72,28.47,28.62,625176,1788389426
2025-11-11,600900.SH,28.7,28.88,28.61,28.61,629705,1810844126
2025-11-12,600900.SH,28.62,28.73,28.26,28.44,1012328,2874569006
2025-11-13,600900.SH,28.44,28.71,28.34,28.34,747625,2134920337
2025-11-16,600900.SH,28.37,28.43,28.03,28.16,725596,2041952507
2025-11-17,600900.SH,28.16,28.34,28.08,28.15,590137,1664566130
2025-11-18,600900.SH,28.15,28.33,28.11,28.23,481598,1359794725
2025-11-19,600900.SH,28.18,28.32,28.05,28.14,576112,1624414752
2025-11-20,600900.SH,28.17,28.27,28.07,28.16,919942,2591450861
2025-11-23,600900.SH,28.18,28.2,27.92,28.19,971796,2725992366
2025-11-24,600900.SH,28.19,28.2,27.83,28.03,929854,2602515319
2025-11-25,600900.SH,28.03,28.12,27.9,27.94,662733,1854668140
2025-11-26,600900.SH,27.93,28.14,27.78,28.09,768693,2152113661
2025-11-27,600900.SH,28.01,28.07,27.95,27.98,590181,1651765723
2025-11-30,600900.SH,28.05,28.15,27.99,28.07,582524,1634524009
2025-12-01,600900.SH,28.03,28.27,28.02,28.26,748780,2111131853
2025-12-02,600900.SH,28.25,28.36,28.21,28.27,445600,1260442579
2025-12-03,600900.SH,28.3,28.32,28.17,28.24,379967,1072988579
2025-12-04,600900.SH,28.24,28.24,28.02,28.07,544976,1531066285
2025-12-07,600900.SH,28.07,28.1,27.86,27.87,754265,2109155093
2025-12-08,600900.SH,27.93,28.04,27.9,27.97,512302,1432281938
2025-12-09,600900.SH,27.93,28.07,27.85,27.89,585390,1634914947
2025-12-10,600900.SH,27.92,27.94,27.75,27.86,695636,1936057504
2025-12-11,600900.SH,27.85,28.05,27.81,28.04,898708,2509907080
2025-12-14,600900.SH,27.99,28.15,27.96,28.04,539466,1514955530
2025-12-15,600900.SH,28.06,28.08,27.82,27.97,679077,1896170505
2025-12-16,600900.SH,27.93,28,27.84,27.92,592436,1653641726
2025-12-17,600900.SH,27.92,28.09,27.89,28.08,464198,1300956749
2025-12-18,600900.SH,28.03,28.08,27.82,27.85,799993,2233930352
2025-12-21,600900.SH,27.84,27.86,27.5,27.54,1564034,4316199315
2025-12-22,600900.SH,27.5,27.74,27.48,27.72,709451,1962122211
2025-12-23,600900.SH,27.71,27.71,27.55,27.64,499943,1381469831
2025-12-24,600900.SH,27.63,27.68,27.57,27.64,300806,831149451
2025-12-25,600900.SH,27.61,27.67,27.52,27.64,482593,1332687115
2025-12-28,600900.SH,27.64,27.64,27.5,27.52,689033,1897569339
2025-12-29,600900.SH,27.5,27.5,27.32,27.32,724247,1982353612
2025-12-30,600900.SH,27.35,27.37,27.17,27.19,742930,2021839640
2026-01-04,600900.SH,27.2,27.31,27.1,27.28,765691,2084118017
2026-01-05,600900.SH,27.3,27.44,27.24,27.44,738437,2020307561
2026-01-06,600900.SH,27.44,27.45,27.22,27.23,721702,1970227485
2026-01-07,600900.SH,27.23,27.3,27.19,27.26,470573,1282365975
2026-01-08,600900.SH,27.27,27.29,27.18,27.29,629035,1713592955
2026-01-11,600900.SH,27.29,27.45,27.22,27.4,784356,2145881938
2026-01-12,600900.SH,27.45,27.57,27.32,27.36,785385,2154672433
2026-01-13,600900.SH,27.45,27.54,26.8,26.81,2927501,7941387446
2026-01-14,600900.SH,26.98,27.01,26.77,26.82,1259274,3382187545
2026-01-15,600900.SH,26.88,27.03,26.44,26.52,2388546,6368509096
2026-01-18,600900.SH,26.61,26.92,26.6,26.8,1047218,2803299152
2026-01-19,600900.SH,26.8,26.94,26.73,26.88,1050034,2822226858
2026-01-20,600900.SH,26.89,26.9,26.55,26.58,1163282,3105540544
2026-01-21,600900.SH,26.58,26.72,26.3,26.31,1807850,4779737327
2026-01-22,600900.SH,26.36,26.42,25.96,26,2106915,5502988264
2026-01-25,600900.SH,26.05,26.28,25.86,25.98,2028698,5283656766
2026-01-26,600900.SH,25.98,26.14,25.86,25.93,1313815,3416663130
2026-01-27,600900.SH,25.93,25.94,25.61,25.65,2326498,5985858969
2026-01-28,600900.SH,25.65,26.2,25.38,26.03,2616230,6732321039
2026-01-29,600900.SH,26.04,26.57,26.04,26.36,2238492,5906700028
2026-02-01,600900.SH,26.49,26.55,26.09,26.14,1242257,3267262732
2026-02-02,600900.SH,26.2,26.23,25.91,26,885438,2302972625
2026-02-03,600900.SH,25.97,26.39,25.95,26.38,957052,2512165683
2026-02-04,600900.SH,26.42,26.69,26.35,26.6,1032448,2739767940
2026-02-05,600900.SH,26.6,26.77,26.38,26.52,725627,1922388504
2026-02-08,600900.SH,26.53,26.57,26.28,26.46,678291,1792121462
2026-02-09,600900.SH,26.46,26.6,26.37,26.57,559201,1483185481
2026-02-10,600900.SH,26.58,26.59,26.41,26.48,533882,1412807447
2026-02-11,600900.SH,26.27,26.3,26.05,26.12,737342,1925902011
2026-02-12,600900.SH,26.13,26.18,25.95,26,715541,1863613082
2026-02-23,600900.SH,26.13,26.16,25.98,26.05,730789,1903435481
2026-02-24,600900.SH,26.08,26.2,25.95,25.97,956210,2492461852
2026-02-25,600900.SH,25.98,26.09,25.93,26.04,619772,1611605301
2026-02-26,600900.SH,26.05,26.18,26.02,26.04,919038,2396913236
2026-03-01,600900.SH,26.12,26.65,26.12,26.57,1817729,4815661932
2026-03-02,600900.SH,26.57,27.1,26.53,26.97,2145547,5763725302
2026-03-03,600900.SH,26.8,27.19,26.52,27.09,1757354,4731660303
2026-03-04,600900.SH,26.98,27.24,26.84,27.08,1329149,3600687805
2026-03-05,600900.SH,27.06,27.15,26.98,27.14,878369,2377351285
2026-03-08,600900.SH,27.16,27.63,27.09,27.2,2075028,5674816795
2026-03-09,600900.SH,27.01,27.24,26.73,27.15,1192857,3217091405
2026-03-10,600900.SH,27.15,27.31,26.95,27.3,897445,2439249557
2026-03-11,600900.SH,27.32,27.5,27.16,27.5,1078962,2951508824
2026-03-12,600900.SH,27.5,27.63,27.35,27.42,942776,2590387280
2026-03-15,600900.SH,27.42,27.5,27.24,27.36,872038,2388063540
2026-03-16,600900.SH,27.32,27.57,27.28,27.49,850289,2338113044
2026-03-17,600900.SH,27.48,27.65,27.24,27.29,800290,2191462951
2026-03-18,600900.SH,27.27,27.48,27.2,27.26,1015258,2777309817
2026-03-19,600900.SH,27.26,27.39,27.02,27.18,845555,2299198422
2026-03-22,600900.SH,27.07,27.26,26.66,26.74,1757271,4727621378
2026-03-23,600900.SH,26.9,27.13,26.72,27.1,910767,2455035706
2026-03-24,600900.SH,27.15,27.27,26.92,27.21,860545,2335396506
2026-03-25,600900.SH,27.19,27.45,27.1,27.31,845014,2305295042
2026-03-26,600900.SH,27.28,27.4,27.18,27.25,685517,1869448582
2026-03-29,600900.SH,27.25,27.25,27.01,27.14,692781,1880990759
2026-03-30,600900.SH,27.14,27.33,27.04,27.04,802589,2181329248
2026-03-31,600900.SH,27.12,27.12,26.84,26.88,906082,2440214452
2026-04-01,600900.SH,26.9,27.02,26.76,27.01,739849,1988851813
2026-04-02,600900.SH,27,27,26.66,26.7,656277,1757122436
2026-04-06,600900.SH,26.71,26.75,26.4,26.48,726272,1926064162
2026-04-07,600900.SH,26.52,26.58,26.39,26.58,806200,2138241990
2026-04-08,600900.SH,26.58,26.58,26.31,26.39,691285,1824031017
2026-04-09,600900.SH,26.47,26.5,26.32,26.4,665589,1756489575
2026-04-12,600900.SH,26.39,26.43,26.24,26.42,626264,1648289578
2026-04-13,600900.SH,26.42,26.5,26.32,26.42,701166,1848972432
2026-04-14,600900.SH,26.41,26.67,26.36,26.55,970566,2576891492
2026-04-15,600900.SH,26.56,26.7,26.52,26.55,719586,1912488030
2026-04-16,600900.SH,26.55,26.58,26.38,26.38,836067,2214978373
2026-04-19,600900.SH,26.41,26.84,26.41,26.84,950418,2538195456
2026-04-20,600900.SH,26.86,27.15,26.85,27.13,904432,2446267987
2026-04-21,600900.SH,27.13,27.13,26.82,26.86,741609,1997674385
2026-04-22,600900.SH,26.86,27.01,26.66,26.95,845908,2270225989
2026-04-23,600900.SH,26.91,26.95,26.75,26.81,564464,1514495496
2026-04-26,600900.SH,26.8,26.85,26.62,26.66,562599,1504214891
2026-04-27,600900.SH,26.68,26.78,26.61,26.73,700608,1869479612
2026-04-28,600900.SH,26.71,26.8,26.6,26.77,855961,2284682165
2026-04-29,600900.SH,27.09,27.42,26.94,27.32,1914637,5218424711
2026-05-05,600900.SH,27.34,27.34,27.04,27.2,1237750,3359761259
2026-05-06,600900.SH,27.18,27.2,26.9,27.05,973283,2633218235
2026-05-07,600900.SH,27.06,27.16,26.98,27,804423,2173718079
2026-05-10,600900.SH,27.05,27.2,26.95,27.01,1030953,2787957982
2026-05-11,600900.SH,27.01,27.17,26.91,27.04,1011762,2738732723
2026-05-12,600900.SH,27.08,27.29,26.97,27,1396919,3785965443
2026-05-13,600900.SH,26.98,27.08,26.85,26.94,1102942,2971318672
2026-05-14,600900.SH,26.9,27.15,26.72,27.03,1187555,3202012497
2026-05-17,600900.SH,27.04,27.18,26.81,26.89,915898,2465321894
2026-05-18,600900.SH,26.89,27.35,26.77,27.25,1725646,4692289634
2026-05-19,600900.SH,27.25,27.28,26.87,26.9,1284344,3473080686
2026-05-20,600900.SH,26.86,26.97,26.63,26.66,1166100,3127663670
2026-05-21,600900.SH,26.73,26.76,26.5,26.56,915888,2436330692
2026-05-24,600900.SH,26.6,26.83,26.55,26.67,841544,2245695731
2026-05-25,600900.SH,26.66,27.15,26.59,27.14,1626530,4397744505
2026-05-26,600900.SH,27.06,27.33,27.01,27.24,1112715,3026248640
2026-05-27,600900.SH,27.25,27.37,27.11,27.22,1146573,3124821006
2026-05-28,600900.SH,27.2,27.76,27.08,27.75,2134371,5888377325
2026-05-31,600900.SH,27.74,27.87,27.55,27.77,1392781,3861503134
2026-06-01,600900.SH,27.82,28.15,27.62,27.96,1257574,3513868172
2026-06-02,600900.SH,27.85,27.98,27.51,27.89,1143006,3168757471
2026-06-03,600900.SH,27.83,27.96,27.61,27.72,874972,2430916403
2026-06-04,600900.SH,27.72,28.1,27.51,27.61,1094136,3042122314
2026-06-07,600900.SH,27.5,27.61,27.26,27.51,1180655,3238081015
2026-06-08,600900.SH,27.51,27.7,27.39,27.63,882536,2433424842
2026-06-09,600900.SH,27.6,27.82,27.43,27.69,887500,2457850309
2026-06-10,600900.SH,27.69,27.95,27.6,27.89,991250,2759358768
2026-06-11,600900.SH,27.77,28.29,27.67,28.28,1494245,4191923900
2026-06-14,600900.SH,28.24,28.24,27.39,27.57,2076612,5743667948
2026-06-15,600900.SH,27.41,27.45,27.14,27.19,1205993,3287063796
2026-06-16,600900.SH,27.22,27.27,26.91,27,1034442,2794894312
2026-06-17,600900.SH,26.93,26.98,26.65,26.66,1295945,3466900701
2026-06-21,600900.SH,26.66,27.09,26.51,26.94,1497329,4009564149
2026-06-22,600900.SH,26.93,27.25,26.86,26.87,1185655,3206812850
2026-06-23,600900.SH,26.87,27,26.56,26.6,1134561,3026880697
2026-06-24,600900.SH,26.5,26.58,26.2,26.22,1321876,3482768792
2026-06-25,600900.SH,26.25,26.72,26.15,26.65,1282652,3395741671
2026-06-28,600900.SH,26.55,26.9,26.26,26.84,1232579,3286300313
2026-06-29,600900.SH,26.71,26.84,26.38,26.47,1022777,2712032641
2026-06-30,600900.SH,26.44,26.72,26.36,26.64,909398,2417436712
2026-07-01,600900.SH,26.79,27.09,26.55,26.95,1400553,3761292696
2026-07-02,600900.SH,26.96,27.23,26.81,27.05,1028243,2779267352
2026-07-05,600900.SH,26.91,27.2,26.78,27.19,924577,2502075780
2026-07-06,600900.SH,27.19,27.46,27.05,27.41,1268220,3460604485
2026-07-07,600900.SH,27.38,28.15,27.25,27.83,1648440,4582942182
2026-07-08,600900.SH,27.7,27.85,27.53,27.77,1160399,3214016729
2026-07-09,600900.SH,27.75,28.12,27.6,28.03,1470743,4103252830
2026-07-12,600900.SH,27.93,28.48,27.8,28.42,2008092,5671275769
2026-07-13,600900.SH,28.4,28.73,28.21,28.55,1592410,4530406161
2026-07-14,600900.SH,28.4,28.77,28.25,28.68,1193609,3415566785
2026-07-15,600900.SH,28.65,28.76,28.13,28.24,1461135,4139610581
2026-07-16,600900.SH,27.61,28.19,27.35,27.99,2428601,6802221692
2026-07-19,600900.SH,27.75,28.98,27.75,28.98,2292669,6567613792
2026-07-20,600900.SH,29,29.54,28.51,28.73,2550056,7372431513
2026-07-21,600900.SH,28.53,29.09,28.34,29.09,1682826,4833398608
2026-07-22,600900.SH,29.09,29.17,28.66,28.94,1081553,3122728895
2026-07-23,600900.SH,29.2,29.3,28.75,28.9,1021758,2952607877
2026-07-26,600900.SH,29.15,29.15,28.3,28.35,1387193,3951796879
2026-07-27,600900.SH,28.45,29.07,28.31,29.07,1613028,4643667790
2026-07-28,600900.SH,29.5,29.57,28.7,28.93,1314441,3804789457
2026-07-29,600900.SH,28.85,29.53,28.81,29.49,1930634,5667026325
2026-07-30,600900.SH,28.99,29.09,28.47,29.09,1723395,4958587427
2026-08-02,600900.SH,28.99,29.2,28.75,29.05,1018010,2949045835
2026-08-03,600900.SH,28.89,29.02,28.18,28.3,1508985,4287876494
2026-08-04,600900.SH,28.28,28.3,27.65,27.76,1620118,4502975337
2026-08-05,600900.SH,27.77,27.83,27.57,27.75,1070927,2963193717
2026-08-06,600900.SH,27.76,27.84,27.51,27.75,1034383,2860787286
2026-08-09,600900.SH,27.68,28.21,27.57,28.05,1187473,3321846355
2026-08-10,600900.SH,28.09,28.4,27.96,28.31,1091507,3087915915
2026-08-11,600900.SH,28.21,28.3,27.96,28.02,688604,1932456903
2026-08-12,600900.SH,27.9,28.24,27.8,28.24,766080,2149278508
2026-08-13,600900.SH,28.11,28.21,27.93,28.1,735433,2067064986
2026-08-16,600900.SH,28.08,28.15,27.91,27.96,753980,2108947681
2026-08-17,600900.SH,27.92,28.15,27.91,28.12,715086,2006062074
2026-08-18,600900.SH,28.24,28.43,28.07,28.42,1280362,3623005629
2026-08-19,600900.SH,28.21,28.35,28.02,28.16,821624,2312546485
2026-08-20,600900.SH,28.15,28.23,27.93,27.96,635147,1779819532
2026-08-23,600900.SH,27.93,28.25,27.86,28.15,935573,2629092938
2026-08-24,600900.SH,28.16,28.39,28.12,28.21,901486,2546238002
2026-08-25,600900.SH,28.2,28.49,28.12,28.24,761063,2155589479
2026-08-26,600900.SH,28.19,28.28,27.9,28.1,947754,2658024415
2026-08-27,600900.SH,28.01,28.07,27.87,28.05,674544,1886753422
2026-08-30,600900.SH,28.01,28.14,27.8,28.09,982067,2746323620
2026-08-31,600900.SH,28.02,28.46,27.9,28.4,1240473,3507221780
2026-09-01,600900.SH,28.49,28.85,28.35,28.72,1249553,3581667647
2026-09-02,600900.SH,28.62,28.82,28.41,28.44,738115,2111883535
2026-09-03,600900.SH,28.38,28.59,28.34,28.42,682603,1941587643
2026-09-06,600900.SH,28.4,28.47,27.78,27.85,1597660,4468951082
2026-09-07,600900.SH,27.84,27.89,27.63,27.87,918491,2551462999
2026-09-08,600900.SH,27.81,28.07,27.7,28.05,700314,1956050913
2026-09-09,600900.SH,28.05,28.18,27.93,28.09,615518,1727430920
2026-09-10,600900.SH,28.1,28.57,27.95,28.45,1598357,4537191295
2026-09-13,600900.SH,28.42,28.84,28.38,28.63,919719,2630741609
2026-09-14,600900.SH,28.63,28.68,28.42,28.5,606981,1730569180
2026-09-15,600900.SH,28.46,28.58,28.25,28.46,576656,1637465743
2026-09-16,600900.SH,28.44,28.56,28.11,28.46,623374,1768595625
2026-09-17,600900.SH,28.33,28.46,28.19,28.27,718975,2034531513
2026-09-20,600900.SH,28.16,28.19,28.02,28.1,666700,1873572929
2026-09-21,600900.SH,28.03,28.15,27.93,28.02,748876,2099484600
2026-09-22,600900.SH,28.01,28.12,27.94,28.08,717135,2011921165
2026-09-23,600900.SH,28.1,28.39,28.06,28.36,950243,2684347938
2026-09-27,600900.SH,28.35,28.6,28.31,28.55,1080138,3079818529
2026-09-28,600900.SH,28.5,28.65,28.35,28.38,676751,1924649157
2026-09-29,600900.SH,28.39,28.68,28.33,28.54,679336,1939187737
2022-08-16,601985.SH,6.42,6.51,6.4,6.49,1031481,667119746
2022-08-17,601985.SH,6.47,6.53,6.4,6.42,784402,505428291
2022-08-18,601985.SH,6.41,6.7,6.36,6.63,1849340,1211362603
2022-08-21,601985.SH,6.64,6.75,6.62,6.69,1341512,896898058
2022-08-22,601985.SH,6.63,6.76,6.61,6.69,945724,633134556
2022-08-23,601985.SH,6.69,6.77,6.59,6.61,1124582,747693083
2022-08-24,601985.SH,6.65,6.72,6.63,6.68,828665,552836167
2022-08-25,601985.SH,6.68,6.68,6.47,6.56,1485463,973915132
2022-08-28,601985.SH,6.52,6.65,6.48,6.63,1035359,681768327
2022-08-29,601985.SH,6.63,6.68,6.42,6.48,841394,548014093
2022-08-30,601985.SH,6.47,6.5,6.33,6.37,882765,564782330
2022-08-31,601985.SH,6.37,6.4,6.27,6.29,676294,428306607
2022-09-01,601985.SH,6.29,6.43,6.29,6.31,705585,446586271
2022-09-04,601985.SH,6.29,6.5,6.27,6.5,986150,634149527
2022-09-05,601985.SH,6.53,6.63,6.45,6.6,1053697,689709497
2022-09-06,601985.SH,6.58,6.68,6.53,6.66,882554,582710834
2022-09-07,601985.SH,6.63,6.79,6.61,6.66,1152771,771857387
2022-09-08,601985.SH,6.66,6.75,6.62,6.66,830734,554850360
2022-09-12,601985.SH,6.67,6.68,6.51,6.55,857312,562807438
2022-09-13,601985.SH,6.48,6.51,6.38,6.44,854202,550060664
2022-09-14,601985.SH,6.65,6.7,6.43,6.48,2454492,1615263692
2022-09-15,601985.SH,6.43,6.48,6.16,6.16,1702866,1071233276
2022-09-18,601985.SH,6.15,6.15,6,6.08,1045896,634803490
2022-09-19,601985.SH,6.11,6.15,6.04,6.06,816209,495628408
2022-09-20,601985.SH,6.04,6.23,5.98,6.16,920109,563461239
2022-09-21,601985.SH,6.13,6.17,6.1,6.13,530025,324770526
2022-09-22,601985.SH,6.13,6.16,5.96,6.05,848397,513426468
2022-09-25,601985.SH,6,6.12,5.97,5.97,647239,391485457
2022-09-26,601985.SH,6,6.05,5.93,6.04,502333,301693511
2022-09-27,601985.SH,6.04,6.06,5.86,5.86,690863,409898607
2022-09-28,601985.SH,5.92,5.94,5.81,5.88,576764,338404950
2022-09-29,601985.SH,5.84,5.9,5.83,5.85,448912,262927044
2022-10-09,601985.SH,5.85,5.96,5.83,5.86,766787,451392221
2022-10-10,601985.SH,5.87,6.35,5.84,6.29,1818560,1122089327
2022-10-11,601985.SH,6.28,6.28,6.12,6.28,993074,615793710
2022-10-12,601985.SH,6.25,6.32,6.21,6.28,617553,387948886
2022-10-13,601985.SH,6.29,6.36,6.25,6.32,796148,502649064
2022-10-16,601985.SH,6.3,6.36,6.17,6.31,638161,399809556
2022-10-17,601985.SH,6.33,6.42,6.28,6.3,657885,416952262
2022-10-18,601985.SH,6.29,6.31,6.17,6.18,611492,380492846
2022-10-19,601985.SH,6.17,6.28,6.13,6.19,670000,415450866
2022-10-20,601985.SH,6.18,6.36,6.17,6.26,736827,463957253
2022-10-23,601985.SH,6.29,6.3,6.14,6.22,908068,563958066
2022-10-24,601985.SH,6.21,6.22,6.06,6.07,813181,497647528
2022-10-25,601985.SH,6.08,6.19,6.07,6.12,590121,361776513
2022-10-26,601985.SH,6.11,6.15,6.04,6.05,561500,341422309
2022-10-27,601985.SH,6.08,6.14,5.91,5.94,801710,483305292
2022-10-30,601985.SH,5.91,6.09,5.87,6.03,702705,421127686
2022-10-31,601985.SH,6,6.05,5.94,6.05,810373,485681942
2022-11-01,601985.SH,6.02,6.03,5.95,5.99,915618,547780718
2022-11-02,601985.SH,5.96,5.97,5.87,5.94,858084,507193395
2022-11-03,601985.SH,5.92,6.05,5.9,6.03,897582,539175811
2022-11-06,601985.SH,6.03,6.06,5.99,6.06,713406,430015677
2022-11-07,601985.SH,6.05,6.06,5.97,6.03,611583,367537227
2022-11-08,601985.SH,6.02,6.05,5.98,5.98,468528,281370182
2022-11-09,601985.SH,5.95,5.98,5.93,5.95,511126,304133899
2022-11-10,601985.SH,6.04,6.16,5.98,6.15,1393983,847819691
2022-11-13,601985.SH,6.16,6.19,6.07,6.08,730938,447739112
2022-11-14,601985.SH,6.09,6.19,6.07,6.18,663321,407795259
2022-11-15,601985.SH,6.17,6.32,6.16,6.21,900702,561780537
2022-11-16,601985.SH,6.18,6.22,6.13,6.21,543187,335592613
2022-11-17,601985.SH,6.21,6.21,6.13,6.13,774878,477621761
2022-11-20,601985.SH,6.11,6.17,6.09,6.14,551822,337774267
2022-11-21,601985.SH,6.13,6.41,6.11,6.27,1454802,912505313
2022-11-22,601985.SH,6.23,6.39,6.2,6.32,1252116,790340918
2022-11-23,601985.SH,6.3,6.33,6.25,6.26,658949,413226699
2022-11-24,601985.SH,6.25,6.36,6.21,6.34,916308,577914658
2022-11-27,601985.SH,6.28,6.33,6.15,6.28,989297,618051293
2022-11-28,601985.SH,6.26,6.31,6.21,6.28,888275,556078085
2022-11-29,601985.SH,6.27,6.34,6.23,6.24,823165,517151758
2022-11-30,601985.SH,6.3,6.31,6.24,6.24,660217,413626167
2022-12-01,601985.SH,6.23,6.26,6.21,6.24,492512,307021458
2022-12-04,601985.SH,6.27,6.51,6.27,6.47,1770311,1134964844
2022-12-05,601985.SH,6.46,6.46,6.34,6.42,1050476,672379297
2022-12-06,601985.SH,6.4,6.41,6.28,6.31,1078917,682264037
2022-12-07,601985.SH,6.3,6.32,6.26,6.31,522090,328359851
2022-12-08,601985.SH,6.28,6.31,6.22,6.26,736622,460347312
2022-12-11,601985.SH,6.25,6.25,6.16,6.18,605541,374818285
2022-12-12,601985.SH,6.18,6.23,6.18,6.21,454625,282094276
2022-12-13,601985.SH,6.24,6.26,6.17,6.19,409551,253963806
2022-12-14,601985.SH,6.17,6.2,6.14,6.15,364001,224007120
2022-12-15,601985.SH,6.15,6.21,6.13,6.19,410100,253497371
2022-12-18,601985.SH,6.17,6.22,6.04,6.06,607994,371159184
2022-12-19,601985.SH,6.04,6.08,6.01,6.05,310871,188038538
2022-12-20,601985.SH,6.06,6.07,6.01,6.03,236778,143080295
2022-12-21,601985.SH,6.05,6.06,5.94,5.96,390593,234367478
2022-12-22,601985.SH,5.93,5.99,5.92,5.96,226616,134951318
2022-12-25,601985.SH,5.96,5.99,5.94,5.97,415930,247899227
2022-12-26,601985.SH,5.99,6.01,5.98,6,353863,212204853
2022-12-27,601985.SH,5.99,6.09,5.97,6.05,519730,314572267
2022-12-28,601985.SH,6.03,6.04,5.97,5.99,336238,201719421
2022-12-29,601985.SH,6,6.03,5.98,6,307395,184547762
2023-01-02,601985.SH,6.01,6.1,5.99,6.09,496043,300517694
2023-01-03,601985.SH,6.08,6.1,6.06,6.07,418247,254270093
2023-01-04,601985.SH,6.07,6.11,6.03,6.04,687868,416759994
2023-01-05,601985.SH,6.05,6.07,6.04,6.06,588122,356148957
2023-01-08,601985.SH,6.07,6.1,6.05,6.06,639994,388488512
2023-01-09,601985.SH,6.05,6.08,5.96,5.98,886944,532275164
2023-01-10,601985.SH,6,6.02,5.95,5.97,619442,370526464
2023-01-11,601985.SH,5.96,6,5.96,5.98,311554,186180552
2023-01-12,601985.SH,5.98,5.99,5.93,5.99,642455,382828194
2023-01-15,601985.SH,5.98,6.03,5.97,6,813994,488089997
2023-01-16,601985.SH,6,6.02,5.95,5.97,688956,411216613
2023-01-17,601985.SH,5.96,5.99,5.96,5.98,370203,221309895
2023-01-18,601985.SH,5.97,6,5.95,6,374360,223527817
2023-01-19,601985.SH,5.98,6.02,5.96,6.02,1353769,811463050
2023-01-29,601985.SH,6.05,6.07,6,6.03,1077097,649251446
2023-01-30,601985.SH,6.02,6.06,6.01,6.04,753262,454763500
2023-01-31,601985.SH,6.05,6.09,6.03,6.09,863349,522947533
2023-02-01,601985.SH,6.09,6.1,6.04,6.05,1022266,619053012
2023-02-02,601985.SH,6.05,6.05,5.99,6.01,918219,551824805
2023-02-05,601985.SH,5.99,6.04,5.98,6,747243,448263333
2023-02-06,601985.SH,6,6.02,5.98,6.01,458069,274903408
2023-02-07,601985.SH,6.01,6.02,5.98,5.98,373532,224001255
2023-02-08,601985.SH,5.98,6.01,5.98,6.01,464479,278546750
2023-02-09,601985.SH,6,6.03,5.98,6.02,673198,404301493
2023-02-12,601985.SH,6.02,6.04,6,6.01,628732,378092272
2023-02-13,601985.SH,6.02,6.03,6.01,6.03,468649,282077218
2023-02-14,601985.SH,6.02,6.03,5.99,5.99,588618,353207005
2023-02-15,601985.SH,5.99,6.02,5.93,5.95,974437,583330712
2023-02-16,601985.SH,5.95,5.97,5.93,5.94,558220,332224190
2023-02-19,601985.SH,5.94,6,5.93,6,717441,428150779
2023-02-20,601985.SH,6,6.05,5.99,6.05,888310,535013200
2023-02-21,601985.SH,6.03,6.08,6.01,6.03,798269,482379278
2023-02-22,601985.SH,6.04,6.06,5.99,6.01,681114,409652198
2023-02-23,601985.SH,6.02,6.03,5.98,5.99,335465,201115672
2023-02-26,601985.SH,5.99,6.06,5.98,6.02,985979,594898028
2023-02-27,601985.SH,6.05,6.08,6.02,6.06,768935,464750137
2023-02-28,601985.SH,6.06,6.23,6.05,6.22,2242630,1383534586
2023-03-01,601985.SH,6.24,6.55,6.21,6.42,3499031,2254237035
2023-03-02,601985.SH,6.42,6.56,6.37,6.52,2212120,1431900635
2023-03-05,601985.SH,6.55,6.64,6.5,6.52,2331798,1529930395
2023-03-06,601985.SH,6.49,6.68,6.48,6.49,2217547,1462491906
2023-03-07,601985.SH,6.45,6.57,6.43,6.56,1251093,814494382
2023-03-08,601985.SH,6.57,6.58,6.47,6.52,776877,506368041
2023-03-09,601985.SH,6.48,6.54,6.44,6.49,869897,564852870
2023-03-12,601985.SH,6.48,6.67,6.45,6.62,1394114,918971678
2023-03-13,601985.SH,6.6,6.73,6.56,6.62,1432588,952768420
2023-03-14,601985.SH,6.64,6.8,6.52,6.76,1800062,1206713012
2023-03-15,601985.SH,6.72,6.8,6.66,6.68,1202124,808223879
2023-03-16,601985.SH,6.7,6.85,6.69,6.77,1265820,859089484
2023-03-19,601985.SH,6.8,7.02,6.68,6.72,2092352,1436543752
2023-03-20,601985.SH,6.76,6.83,6.63,6.65,1240016,829839866
2023-03-21,601985.SH,6.69,6.81,6.62,6.75,1187883,800231506
2023-03-22,601985.SH,6.73,6.78,6.66,6.76,841491,565816970
2023-03-23,601985.SH,6.77,6.77,6.53,6.56,1642513,1085246645
2023-03-26,601985.SH,6.6,6.62,6.43,6.46,1123275,727214959
2023-03-27,601985.SH,6.46,6.51,6.39,6.43,865243,557853078
2023-03-28,601985.SH,6.45,6.45,6.32,6.35,813837,518221135
2023-03-29,601985.SH,6.36,6.49,6.35,6.45,788921,507733686
2023-03-30,601985.SH,6.48,6.49,6.37,6.39,559431,358963720
2023-04-02,601985.SH,6.37,6.42,6.33,6.4,641609,409406893
2023-04-03,601985.SH,6.4,6.7,6.38,6.64,1597656,1051740638
2023-04-05,601985.SH,6.63,6.65,6.56,6.61,674063,444716520
2023-04-06,601985.SH,6.62,6.62,6.53,6.56,508951,334016838
2023-04-09,601985.SH,6.56,6.64,6.55,6.59,652067,430382379
2023-04-10,601985.SH,6.6,6.61,6.52,6.61,579030,380648827
2023-04-11,601985.SH,6.61,6.8,6.57,6.72,956037,641795921
2023-04-12,601985.SH,6.72,6.85,6.69,6.74,763045,516005225
2023-04-13,601985.SH,6.75,6.82,6.71,6.78,717726,485978960
2023-04-16,601985.SH,6.78,6.9,6.7,6.88,1085711,741135965
2023-04-17,601985.SH,6.87,6.87,6.78,6.79,663501,451621583
2023-04-18,601985.SH,6.77,6.93,6.76,6.81,945376,649674808
2023-04-19,601985.SH,6.8,6.86,6.72,6.81,870931,590808715
2023-04-20,601985.SH,6.81,6.89,6.71,6.72,822564,558409461
2023-04-23,601985.SH,6.7,6.84,6.69,6.76,869781,589444480
2023-04-24,601985.SH,6.79,6.87,6.69,6.79,820758,555919630
2023-04-25,601985.SH,6.77,6.84,6.66,6.74,861903,580675374
2023-04-26,601985.SH,6.65,6.81,6.5,6.77,1229644,820700703
2023-04-27,601985.SH,6.79,6.9,6.73,6.9,1023623,700897544
2023-05-03,601985.SH,6.87,7.17,6.86,7.16,1906106,1348512783
2023-05-04,601985.SH,7.15,7.18,7.03,7.09,1039074,736787624
2023-05-07,601985.SH,7.08,7.33,7.06,7.23,1689253,1222389490
2023-05-08,601985.SH,7.26,7.32,7.09,7.09,1308780,942031968
2023-05-09,601985.SH,7.06,7.22,7.05,7.12,1130453,807286175
2023-05-10,601985.SH,7.12,7.3,7.07,7.16,903295,648404174
2023-05-11,601985.SH,7.19,7.3,7.11,7.16,1012878,730747977
2023-05-14,601985.SH,7.2,7.24,6.94,7.02,1795290,1259808003
2023-05-15,601985.SH,7.04,7.1,6.98,7.01,750362,527938906
2023-05-16,601985.SH,7,7.16,6.96,7.1,704713,498357341
2023-05-17,601985.SH,7.1,7.18,7.02,7.07,787515,557819384
2023-05-18,601985.SH,7.06,7.06,6.92,6.93,798853,556974729
2023-05-21,601985.SH,6.92,7.06,6.92,7.01,683685,479546263
2023-05-22,601985.SH,7.01,7.03,6.86,6.87,663107,459131646
2023-05-23,601985.SH,6.85,6.89,6.77,6.78,601982,410188892
2023-05-24,601985.SH,6.78,6.92,6.75,6.86,632937,433944459
2023-05-25,601985.SH,6.87,6.99,6.84,6.98,643686,446425528
2023-05-28,601985.SH,6.95,7.13,6.95,7.09,720826,510101301
2023-05-29,601985.SH,7.09,7.17,7.02,7.13,748122,530641233
2023-05-30,601985.SH,7.11,7.12,7.03,7.04,520696,368057779
2023-05-31,601985.SH,7.05,7.13,6.97,7,694381,488763079
2023-06-01,601985.SH,7.02,7.03,6.9,6.93,632189,438786808
2023-06-04,601985.SH,6.94,6.95,6.82,6.84,745949,512442775
2023-06-05,601985.SH,6.85,6.86,6.69,6.7,829668,561156097
2023-06-06,601985.SH,6.69,6.75,6.66,6.71,490127,328439516
2023-06-07,601985.SH,6.69,6.84,6.68,6.84,665048,450144498
2023-06-08,601985.SH,6.82,6.91,6.79,6.88,618259,423622906
2023-06-11,601985.SH,6.86,6.93,6.82,6.88,578996,398601429
2023-06-12,601985.SH,6.86,6.93,6.76,6.87,630564,431847188
2023-06-13,601985.SH,6.85,6.9,6.73,6.74,456038,310320882
2023-06-14,601985.SH,6.75,6.78,6.66,6.78,842214,565565774
2023-06-15,601985.SH,6.77,6.82,6.75,6.78,500733,339636833
2023-06-18,601985.SH,6.79,6.79,6.7,6.76,488448,329473299
2023-06-19,601985.SH,6.76,6.89,6.71,6.84,587961,401050494
2023-06-20,601985.SH,6.84,6.9,6.76,6.78,455521,311652945
2023-06-25,601985.SH,6.75,6.89,6.72,6.86,681396,465291920
2023-06-26,601985.SH,6.87,6.9,6.75,6.88,707493,484633763
2023-06-27,601985.SH,6.86,7.13,6.86,7.1,1328295,935381988
2023-06-28,601985.SH,7.1,7.15,7.06,7.11,790576,561799969
2023-06-29,601985.SH,7.12,7.17,7.03,7.05,536685,379384291
2023-07-02,601985.SH,7.09,7.12,7.03,7.11,446841,316689512
2023-07-03,601985.SH,7.12,7.12,7.02,7.06,376896,266129333
2023-07-04,601985.SH,7.03,7.12,7,7.03,373341,262553478
2023-07-05,601985.SH,7.03,7.2,7.02,7.19,1133277,810301508
2023-07-06,601985.SH,7.19,7.39,7.15,7.38,1448775,1059773098
2023-07-09,601985.SH,7.39,7.42,7.28,7.37,724588,532325108
2023-07-10,601985.SH,7.36,7.37,7.23,7.33,481617,351783333
2023-07-11,601985.SH,7.33,7.44,7.29,7.39,637518,470847995
2023-07-12,601985.SH,7.39,7.4,7.3,7.31,596331,437403898
2023-07-13,601985.SH,7.2,7.24,7.14,7.2,478486,343931350
2023-07-16,601985.SH,7.17,7.26,7.16,7.21,380280,274604084
2023-07-17,601985.SH,7.23,7.24,7.14,7.15,354974,254475520
2023-07-18,601985.SH,7.16,7.18,7.1,7.18,332605,237778164
2023-07-19,601985.SH,7.18,7.19,7.05,7.06,415002,295021966
2023-07-20,601985.SH,7.06,7.12,7.05,7.07,297637,210872307
2023-07-23,601985.SH,7.07,7.17,7.04,7.14,297323,211828084
2023-07-24,601985.SH,7.18,7.19,7.03,7.06,816133,576858488
2023-07-25,601985.SH,7.06,7.2,7.03,7.17,698765,497395132
2023-07-26,601985.SH,7.17,7.38,7.15,7.24,836516,609609727
2023-07-27,601985.SH,7.24,7.32,7.21,7.28,596150,433683115
2023-07-30,601985.SH,7.27,7.33,7.23,7.31,574392,418459959
2023-07-31,601985.SH,7.4,7.43,7.23,7.29,1036175,757682483
2023-08-01,601985.SH,7.25,7.26,7.12,7.18,622945,448057071
2023-08-02,601985.SH,7.18,7.35,7.14,7.34,728005,530838181
2023-08-03,601985.SH,7.35,7.39,7.3,7.31,721810,530842017
2023-08-06,601985.SH,7.31,7.51,7.29,7.46,904599,671436437
2023-08-07,601985.SH,7.45,7.52,7.41,7.47,561528,418844861
2023-08-08,601985.SH,7.48,7.48,7.28,7.32,746890,548343648
2023-08-09,601985.SH,7.32,7.39,7.27,7.35,388469,285057655
2023-08-10,601985.SH,7.37,7.38,7.18,7.19,513360,371654733
2023-08-13,601985.SH,7.15,7.34,7.13,7.3,641370,465672937
2023-08-14,601985.SH,7.32,7.41,7.28,7.36,470826,346626841
2023-08-15,601985.SH,7.34,7.36,7.2,7.22,455919,330631887
2023-08-16,601985.SH,7.18,7.26,7.12,7.25,401899,288819341
2023-08-17,601985.SH,7.24,7.32,7.22,7.23,367367,267158816
2023-08-20,601985.SH,7.23,7.33,7.22,7.25,492811,358922052
2023-08-21,601985.SH,7.24,7.31,7.21,7.26,446852,324477019
2023-08-22,601985.SH,7.25,7.41,7.23,7.29,739577,542408396
2023-08-23,601985.SH,7.28,7.33,6.99,7.03,1245206,882541340
2023-08-24,601985.SH,7.01,7.28,7.01,7.22,1150944,829799759
2023-08-27,601985.SH,7.46,7.48,7.18,7.2,853404,622210311
2023-08-28,601985.SH,7.18,7.25,7.13,7.15,642550,461613440
2023-08-29,601985.SH,7.16,7.2,7.08,7.09,447040,318103939
2023-08-30,601985.SH,7.09,7.21,7.09,7.2,515070,369452598
2023-08-31,601985.SH,7.2,7.25,7.16,7.22,417574,300870487
2023-09-03,601985.SH,7.22,7.32,7.21,7.31,515673,375626002
2023-09-04,601985.SH,7.31,7.31,7.23,7.28,297796,216577767
2023-09-05,601985.SH,7.26,7.31,7.2,7.21,299089,216473824
2023-09-06,601985.SH,7.2,7.25,7.18,7.2,423029,305246680
2023-09-07,601985.SH,7.2,7.28,7.17,7.26,314972,228070102
2023-09-10,601985.SH,7.26,7.35,7.26,7.31,502253,366477111
2023-09-11,601985.SH,7.3,7.4,7.29,7.37,468861,345202279
2023-09-12,601985.SH,7.38,7.4,7.29,7.37,407880,299472362
2023-09-13,601985.SH,7.37,7.46,7.35,7.46,664712,494083538
2023-09-14,601985.SH,7.45,7.49,7.33,7.35,624754,462355241
2023-09-17,601985.SH,7.37,7.42,7.32,7.4,339584,250381450
2023-09-18,601985.SH,7.4,7.45,7.36,7.44,421631,313061306
2023-09-19,601985.SH,7.46,7.46,7.33,7.36,286007,210803493
2023-09-20,601985.SH,7.38,7.41,7.3,7.36,400552,294704951
2023-09-21,601985.SH,7.36,7.39,7.27,7.28,480978,350954302
2023-09-24,601985.SH,7.29,7.39,7.28,7.32,468621,344008300
2023-09-25,601985.SH,7.33,7.38,7.3,7.32,259282,190269953
2023-09-26,601985.SH,7.33,7.39,7.28,7.31,458525,335923535
2023-09-27,601985.SH,7.33,7.35,7.26,7.3,297616,216965231
2023-10-08,601985.SH,7.29,7.36,7.25,7.36,321536,235178128
2023-10-09,601985.SH,7.34,7.4,7.31,7.38,371796,273571473
2023-10-10,601985.SH,7.39,7.4,7.26,7.26,412730,302023377
2023-10-11,601985.SH,7.28,7.4,7.28,7.39,486960,358759673
2023-10-12,601985.SH,7.37,7.42,7.33,7.4,367577,270747539
2023-10-15,601985.SH,7.38,7.49,7.37,7.48,578621,430689323
2023-10-16,601985.SH,7.49,7.58,7.43,7.51,533728,399953598
2023-10-17,601985.SH,7.51,7.58,7.49,7.5,436667,329177973
2023-10-18,601985.SH,7.51,7.52,7.37,7.37,465437,344886747
2023-10-19,601985.SH,7.4,7.42,7.31,7.34,462831,340350068
2023-10-22,601985.SH,7.33,7.35,7.09,7.14,623683,449019315
2023-10-23,601985.SH,7.14,7.34,7.05,7.27,567597,408020395
2023-10-24,601985.SH,7.3,7.31,7.18,7.19,348032,251444512
2023-10-25,601985.SH,7.18,7.32,7.14,7.29,367624,266980902
2023-10-26,601985.SH,7.3,7.34,7.23,7.24,576364,419734461
2023-10-29,601985.SH,7.24,7.4,7.22,7.36,575526,421309675
2023-10-30,601985.SH,7.38,7.45,7.34,7.42,545541,404141287
2023-10-31,601985.SH,7.42,7.49,7.38,7.47,460518,342579538
2023-11-01,601985.SH,7.48,7.49,7.4,7.41,300545,223388042
2023-11-02,601985.SH,7.42,7.52,7.36,7.37,483431,359205655
2023-11-05,601985.SH,7.38,7.41,7.16,7.2,1261554,913992665
2023-11-06,601985.SH,7.2,7.23,7.13,7.18,648488,465109623
2023-11-07,601985.SH,7.18,7.25,7.16,7.22,416503,299890034
2023-11-08,601985.SH,7.21,7.28,7.18,7.23,394689,285822737
2023-11-09,601985.SH,7.21,7.28,7.15,7.26,412158,297640272
2023-11-12,601985.SH,7.27,7.28,7.12,7.14,699566,500595840
2023-11-13,601985.SH,7.14,7.21,7.12,7.15,512994,367427379
2023-11-14,601985.SH,7.17,7.19,7.09,7.13,515892,367507352
2023-11-15,601985.SH,7.12,7.16,7.08,7.11,414479,294661603
2023-11-16,601985.SH,7.12,7.14,7.06,7.06,405301,286945143
2023-11-19,601985.SH,7.06,7.14,7.03,7.07,455503,322799144
2023-11-20,601985.SH,7.07,7.12,7.06,7.08,313973,222597437
2023-11-21,601985.SH,7.08,7.09,7.03,7.03,384362,271310036
2023-11-22,601985.SH,7.03,7.05,6.98,7.01,397109,278262974
2023-11-23,601985.SH,7.02,7.08,6.98,6.99,452670,318103953
2023-11-26,601985.SH,6.99,7.06,6.93,7.02,596176,416665449
2023-11-27,601985.SH,7.01,7.02,6.93,6.97,409846,285721738
2023-11-28,601985.SH,6.95,7.02,6.88,6.89,731578,507986465
2023-11-29,601985.SH,6.91,7.03,6.89,7.03,866336,605470142
2023-11-30,601985.SH,7.01,7.1,7.01,7.1,604121,426988796
2023-12-03,601985.SH,7.1,7.13,7.06,7.11,386710,274467649
2023-12-04,601985.SH,7.1,7.14,7.02,7.03,488028,346110188
2023-12-05,601985.SH,7.01,7.02,6.87,6.96,533233,369886574
2023-12-06,601985.SH,6.95,7.02,6.94,6.98,369932,258209846
2023-12-07,601985.SH,6.99,7.05,6.93,7.04,449921,315744425
2023-12-10,601985.SH,7.03,7.18,6.99,7.18,804055,571583806
2023-12-11,601985.SH,7.17,7.36,7.16,7.34,877059,637842822
2023-12-12,601985.SH,7.34,7.37,7.28,7.3,485393,355639230
2023-12-13,601985.SH,7.32,7.34,7.24,7.29,482639,351582695
2023-12-14,601985.SH,7.29,7.32,7.18,7.2,424908,307341020
2023-12-17,601985.SH,7.19,7.38,7.15,7.35,849257,621416940
2023-12-18,601985.SH,7.35,7.37,7.28,7.32,519812,380684383
2023-12-19,601985.SH,7.35,7.42,7.34,7.37,663708,490452956
2023-12-20,601985.SH,7.37,7.42,7.3,7.35,580517,426675004
2023-12-21,601985.SH,7.35,7.42,7.34,7.37,486586,359100249
2023-12-24,601985.SH,7.35,7.45,7.32,7.43,525171,387989868
2023-12-25,601985.SH,7.42,7.47,7.39,7.43,433292,321703616
2023-12-26,601985.SH,7.42,7.53,7.4,7.48,739269,553170345
2023-12-27,601985.SH,7.5,7.53,7.33,7.39,956833,707296141
2023-12-28,601985.SH,7.38,7.52,7.37,7.5,657432,491190163
2024-01-01,601985.SH,7.51,7.77,7.51,7.68,921641,706366980
2024-01-02,601985.SH,7.69,7.97,7.66,7.95,1683905,1326188318
2024-01-03,601985.SH,7.92,7.99,7.83,7.97,1009724,798121925
2024-01-04,601985.SH,7.96,8.03,7.85,7.93,1075551,854900773
2024-01-07,601985.SH,7.91,7.99,7.9,7.93,844275,670987540
2024-01-08,601985.SH,7.95,8.04,7.85,8,892480,711037592
2024-01-09,601985.SH,7.99,8.04,7.87,7.98,1014455,806740917
2024-01-10,601985.SH,7.96,7.97,7.84,7.88,954775,753689797
2024-01-11,601985.SH,7.87,8.01,7.85,7.97,829641,658798213
2024-01-14,601985.SH,7.97,8.1,7.94,7.96,642440,514039082
2024-01-15,601985.SH,7.95,7.97,7.86,7.97,691788,547561699
2024-01-16,601985.SH,7.96,8.07,7.94,7.95,827789,663728412
2024-01-17,601985.SH,7.93,7.97,7.69,7.94,1149574,900640893
2024-01-18,601985.SH,7.91,7.98,7.86,7.89,647254,512313261
2024-01-21,601985.SH,7.89,7.95,7.65,7.71,929666,725722426
2024-01-22,601985.SH,7.69,7.79,7.55,7.76,713562,548376204
2024-01-23,601985.SH,7.78,8.02,7.74,7.98,1072499,847764076
2024-01-24,601985.SH,7.98,8.24,7.98,8.24,1231680,1004626421
2024-01-25,601985.SH,8.19,8.28,8.1,8.26,1010622,827635144
2024-01-28,601985.SH,8.25,8.45,8.18,8.28,1193560,997763005
2024-01-29,601985.SH,8.23,8.45,8.2,8.3,1080160,903209922
2024-01-30,601985.SH,8.25,8.42,8.24,8.29,1012281,843698863
2024-01-31,601985.SH,8.24,8.33,8.17,8.2,928241,765713236
2024-02-01,601985.SH,8.2,8.4,8.09,8.26,1180143,974399921
2024-02-04,601985.SH,8.23,8.42,8.17,8.36,1517878,1263690970
2024-02-05,601985.SH,8.33,8.47,8.24,8.35,1357717,1134161404
2024-02-06,601985.SH,8.33,8.34,8.09,8.19,1600646,1309268705
2024-02-07,601985.SH,8.2,8.24,8.02,8.22,1336097,1087639162
2024-02-18,601985.SH,8.22,8.62,8.18,8.62,1477406,1249765746
2024-02-19,601985.SH,8.62,8.96,8.6,8.8,1345203,1183803062
2024-02-20,601985.SH,8.8,8.88,8.63,8.68,1170239,1021231640
2024-02-21,601985.SH,8.67,8.81,8.63,8.79,829050,724616000
2024-02-22,601985.SH,8.79,8.91,8.71,8.76,964674,848693234
2024-02-25,601985.SH,8.76,8.78,8.45,8.47,1437317,1229941802
2024-02-26,601985.SH,8.43,8.58,8.37,8.49,1076950,911459180
2024-02-27,601985.SH,8.47,8.61,8.36,8.5,1181181,1003031160
2024-02-28,601985.SH,8.45,8.72,8.45,8.68,1062870,913593316
2024-02-29,601985.SH,8.65,8.73,8.53,8.55,885032,760319891
2024-03-03,601985.SH,8.52,8.98,8.51,8.96,1355970,1190965392
2024-03-04,601985.SH,8.95,9.11,8.88,9.01,1198504,1075131776
2024-03-05,601985.SH,9.03,9.12,8.93,8.97,957487,863108504
2024-03-06,601985.SH,8.94,9.11,8.92,9.02,768941,693220068
2024-03-07,601985.SH,9.02,9.28,9.01,9.27,1288216,1180171991
2024-03-10,601985.SH,9.3,9.36,8.9,8.98,1806613,1633144953
2024-03-11,601985.SH,8.95,8.99,8.52,8.66,2137417,1865444506
2024-03-12,601985.SH,8.6,8.71,8.57,8.69,969464,839574873
2024-03-13,601985.SH,8.68,8.74,8.6,8.67,955836,828101952
2024-03-14,601985.SH,8.64,8.71,8.52,8.55,1287085,1104831027
2024-03-17,601985.SH,8.54,8.74,8.51,8.68,1139445,985296413
2024-03-18,601985.SH,8.68,8.68,8.5,8.51,1021701,875366712
2024-03-19,601985.SH,8.51,8.7,8.43,8.62,1327867,1140356001
2024-03-20,601985.SH,8.62,8.7,8.55,8.67,1016577,876645264
2024-03-21,601985.SH,8.68,8.88,8.66,8.84,1337795,1173152814
2024-03-24,601985.SH,8.84,8.9,8.76,8.79,910039,803942530
2024-03-25,601985.SH,8.81,8.85,8.69,8.82,908654,796571283
2024-03-26,601985.SH,8.82,8.95,8.77,8.87,851702,755255363
2024-03-27,601985.SH,8.82,8.97,8.75,8.95,861445,764346044
2024-03-28,601985.SH,8.93,9.2,8.92,9.19,1111041,1013667424
2024-03-31,601985.SH,9.2,9.22,8.85,8.88,1506416,1354452634
2024-04-01,601985.SH,8.86,8.98,8.83,8.89,780487,695210736
2024-04-02,601985.SH,8.86,8.92,8.72,8.91,1027632,906974595
2024-04-07,601985.SH,8.88,9.61,8.86,9.55,2534577,2364784595
2024-04-08,601985.SH,9.5,9.5,9.18,9.27,1571848,1467066391
2024-04-09,601985.SH,9.23,9.57,9.19,9.44,1461011,1376612311
2024-04-10,601985.SH,9.39,9.49,9.31,9.39,818327,769181435
2024-04-11,601985.SH,9.39,9.45,9.19,9.28,1013468,943392411
2024-04-14,601985.SH,9.27,9.64,9.26,9.56,1554818,1473070137
2024-04-15,601985.SH,9.52,9.62,9.29,9.47,1427643,1352049129
2024-04-16,601985.SH,9.42,9.62,9.31,9.6,1237151,1172964289
2024-04-17,601985.SH,9.55,9.74,9.38,9.47,1360404,1295006322
2024-04-18,601985.SH,9.42,9.52,9.37,9.43,986685,932047034
2024-04-21,601985.SH,9.53,9.61,9.25,9.41,1378765,1298124142
2024-04-22,601985.SH,9.34,9.35,9.15,9.17,1070749,988362840
2024-04-23,601985.SH,9.17,9.45,9.15,9.43,1102094,1033119561
2024-04-24,601985.SH,9.43,9.49,9.31,9.34,581083,544557829
2024-04-25,601985.SH,9.32,9.4,9.22,9.28,941555,874202400
2024-04-28,601985.SH,9.17,9.17,8.89,9.1,2130816,1924536434
2024-04-29,601985.SH,9.05,9.28,9.05,9.24,1260836,1159562095
2024-05-05,601985.SH,9.24,9.29,9.1,9.22,1210940,1115337765
2024-05-06,601985.SH,9.23,9.27,9.06,9.11,1069242,976840812
2024-05-07,601985.SH,9.07,9.15,9.05,9.09,735668,668436564
2024-05-08,601985.SH,9.08,9.14,8.98,9.13,982879,891248590
2024-05-09,601985.SH,9.13,9.18,9.06,9.16,990858,904526092
2024-05-12,601985.SH,9.13,9.35,9.12,9.28,1285228,1188057025
2024-05-13,601985.SH,9.28,9.29,9.15,9.26,814081,750896491
2024-05-14,601985.SH,9.25,9.32,9.05,9.07,919572,840146200
2024-05-15,601985.SH,9.06,9.11,9.01,9.05,797777,723336947
2024-05-16,601985.SH,9.04,9.24,9.03,9.19,1005267,920840222
2024-05-19,601985.SH,9.19,9.38,9.15,9.37,1186735,1101502050
2024-05-20,601985.SH,9.37,9.44,9.3,9.39,828269,776235679
2024-05-21,601985.SH,9.37,9.58,9.36,9.47,1047313,993543142
2024-05-22,601985.SH,9.49,9.67,9.39,9.48,1180252,1124254221
2024-05-23,601985.SH,9.45,9.59,9.37,9.39,992364,940001189
2024-05-26,601985.SH,9.39,9.66,9.36,9.55,1268655,1211048742
2024-05-27,601985.SH,9.54,9.91,9.52,9.8,1498741,1465010177
2024-05-28,601985.SH,9.77,9.8,9.68,9.78,844415,822552153
2024-05-29,601985.SH,9.77,9.9,9.63,9.67,934475,911283806
2024-05-30,601985.SH,9.67,9.7,9.53,9.58,1190117,1144007052
2024-06-02,601985.SH,9.71,10.15,9.68,10.03,2589170,2587805696
2024-06-03,601985.SH,10.08,10.18,9.94,10.13,1412383,1423721287
2024-06-04,601985.SH,10.1,10.28,10.06,10.17,1155253,1176429604
2024-06-05,601985.SH,10.15,10.43,10.1,10.15,1818100,1866582907
2024-06-06,601985.SH,10.14,10.43,10.08,10.4,1573270,1615589439
2024-06-10,601985.SH,10.42,10.52,10.18,10.28,1673154,1724429228
2024-06-11,601985.SH,10.25,10.37,10.16,10.34,1123160,1155687138
2024-06-12,601985.SH,10.36,10.61,10.33,10.43,1417346,1482210240
2024-06-13,601985.SH,10.42,10.42,9.95,10.04,3167038,3202919164
2024-06-16,601985.SH,9.98,10.09,9.91,10.03,1485971,1489045690
2024-06-17,601985.SH,10.03,10.16,9.88,10.15,1106788,1111141768
2024-06-18,601985.SH,10.14,10.29,10.11,10.25,948303,967318036
2024-06-19,601985.SH,10.24,10.41,10.2,10.38,1004084,1038934568
2024-06-20,601985.SH,10.35,10.44,10.26,10.38,752462,780063637
2024-06-23,601985.SH,10.36,10.6,10.33,10.54,1268066,1331755799
2024-06-24,601985.SH,10.5,10.63,10.32,10.52,1243350,1304399556
2024-06-25,601985.SH,10.47,10.57,10.41,10.55,784198,823102384
2024-06-26,601985.SH,10.49,10.73,10.38,10.41,1278457,1343331485
2024-06-27,601985.SH,10.38,10.68,10.34,10.66,1207115,1273375023
2024-06-30,601985.SH,10.65,11.08,10.61,10.93,1515077,1645042757
2024-07-01,601985.SH,10.85,11.04,10.78,11,1231583,1344298477
2024-07-02,601985.SH,11,11.06,10.79,10.91,945416,1031406176
2024-07-03,601985.SH,10.91,10.99,10.86,10.93,734615,802386726
2024-07-04,601985.SH,10.92,10.93,10.7,10.89,999493,1080118707
2024-07-07,601985.SH,10.85,11.42,10.82,11.35,1648333,1849792396
2024-07-08,601985.SH,11.36,11.52,11.25,11.46,1347991,1535085280
2024-07-09,601985.SH,11.46,11.49,11.15,11.24,1380067,1553110058
2024-07-10,601985.SH,11.2,11.47,11.1,11.46,1279665,1442224746
2024-07-11,601985.SH,11.25,11.44,11.11,11.22,1771827,1990775001
2024-07-14,601985.SH,11.17,11.4,11.07,11.38,1130117,1277283743
2024-07-15,601985.SH,11.25,11.54,11.18,11.49,1329029,1512949177
2024-07-16,601985.SH,11.48,11.64,11.28,11.37,1290504,1476436117
2024-07-17,601985.SH,11.31,11.6,11.3,11.58,1144376,1313010702
2024-07-18,601985.SH,11.55,11.73,11.51,11.7,1212683,1410357209
2024-07-21,601985.SH,11.65,11.76,11.33,11.54,1596971,1837187436
2024-07-22,601985.SH,11.48,11.82,11.45,11.72,1463544,1709075322
2024-07-23,601985.SH,11.72,12.2,11.71,12.2,1832154,2207746701
2024-07-24,601985.SH,12.16,12.29,12,12.22,1545465,1877511021
2024-07-25,601985.SH,12.15,12.17,11.84,12.01,2069709,2476398141
2024-07-28,601985.SH,11.91,12.03,11.78,11.9,1302424,1549206009
2024-07-29,601985.SH,11.87,12.04,11.59,11.61,2028196,2377575211
2024-07-30,601985.SH,11.54,11.56,11.01,11.03,3798298,4229559088
2024-07-31,601985.SH,11,11.29,10.93,11.1,2162892,2412477237
2024-08-01,601985.SH,11.06,11.22,10.88,10.96,1556448,1712390320
2024-08-04,601985.SH,10.85,11.02,10.71,10.85,1570191,1706117100
2024-08-05,601985.SH,10.88,10.96,10.6,10.75,1514065,1626265419
2024-08-06,601985.SH,10.75,11.14,10.72,10.98,1901606,2091539957
2024-08-07,601985.SH,10.98,11.07,10.77,10.82,1092545,1189104328
2024-08-08,601985.SH,10.77,10.84,10.66,10.79,812083,873736245
2024-08-11,601985.SH,10.85,10.94,10.66,10.7,805610,869463421
2024-08-12,601985.SH,10.69,10.89,10.66,10.82,719626,777875114
2024-08-13,601985.SH,10.8,11.14,10.74,11.02,1201381,1321946906
2024-08-14,601985.SH,11.02,11.15,10.92,11.09,985249,1089895705
2024-08-15,601985.SH,11.08,11.13,10.91,11.05,916448,1010000638
2024-08-18,601985.SH,11.06,11.33,11.01,11.3,1183542,1327415865
2024-08-19,601985.SH,11.46,11.5,11.15,11.35,1585407,1789568925
2024-08-20,601985.SH,11.28,11.29,11.05,11.18,949659,1059042838
2024-08-21,601985.SH,11.12,11.48,11.08,11.42,1280834,1449644937
2024-08-22,601985.SH,11.38,11.5,11.26,11.31,884846,1003598094
2024-08-25,601985.SH,11.28,11.36,11.11,11.23,811628,909467226
2024-08-26,601985.SH,11.22,11.27,11.15,11.23,701214,786875541
2024-08-27,601985.SH,11.23,11.51,11.21,11.37,1150871,1310951815
2024-08-28,601985.SH,11.33,11.35,10.96,11.01,1773006,1964628386
2024-08-29,601985.SH,10.95,11.12,10.83,10.94,1701655,1866440950
2024-09-01,601985.SH,10.84,11.04,10.7,11,1109076,1213640481
2024-09-02,601985.SH,10.96,11.04,10.4,10.42,2334348,2477817695
2024-09-03,601985.SH,10.38,10.43,10.23,10.27,1202528,1240365574
2024-09-04,601985.SH,10.27,10.38,10.24,10.29,641897,660975697
2024-09-05,601985.SH,10.3,10.41,10.07,10.09,939754,964000948
2024-09-08,601985.SH,10.06,10.3,10.04,10.17,1102344,1120222778
2024-09-09,601985.SH,10.17,10.28,10.06,10.21,760166,773384049
2024-09-10,601985.SH,10.21,10.21,9.65,9.68,1705459,1669130613
2024-09-11,601985.SH,9.65,9.85,9.64,9.8,937608,916065997
2024-09-12,601985.SH,9.8,9.85,9.71,9.72,589767,576190682
2024-09-17,601985.SH,9.73,9.94,9.7,9.84,659241,648601992
2024-09-18,601985.SH,9.87,9.9,9.71,9.83,906106,887393223
2024-09-19,601985.SH,9.84,10.02,9.8,9.99,1391137,1381442784
2024-09-22,601985.SH,9.97,10.19,9.91,10.12,885893,892058102
2024-09-23,601985.SH,10.19,10.67,10.09,10.62,1481454,1544421585
2024-09-24,601985.SH,10.8,10.88,10.45,10.51,1670963,1783946132
2024-09-25,601985.SH,10.5,10.63,10.4,10.6,1463885,1537700951
2024-09-26,601985.SH,10.59,10.65,10.35,10.63,1181106,1243084286
2024-09-29,601985.SH,10.63,11.41,10.55,11.15,4685971,5105009808
2024-10-07,601985.SH,12,12.18,10.78,11.02,5378328,6127848724
2024-10-08,601985.SH,10.95,10.95,10.33,10.34,2631492,2803969272
2024-10-09,601985.SH,10.4,11.15,10.4,10.9,3126159,3404907414
2024-10-10,601985.SH,10.9,11.04,10.58,10.66,1663507,1797899928
2024-10-13,601985.SH,10.66,10.86,10.58,10.73,1540150,1655902126
2024-10-14,601985.SH,10.7,10.78,10.43,10.44,1325162,1398220202
2024-10-15,601985.SH,10.35,10.5,10.32,10.41,855286,890087483
2024-10-16,601985.SH,10.52,10.69,10.33,10.33,1075651,1128001115
2024-10-17,601985.SH,10.28,10.59,10.23,10.47,1488805,1545863197
2024-10-20,601985.SH,10.48,10.48,10.28,10.33,1341987,1386653697
2024-10-21,601985.SH,10.32,10.72,10.31,10.63,1759464,1855750017
2024-10-22,601985.SH,10.63,10.68,10.47,10.54,1315502,1385476116
2024-10-23,601985.SH,10.53,10.53,10.36,10.39,789923,822353387
2024-10-24,601985.SH,10.39,10.42,10.12,10.22,1761348,1797003916
2024-10-27,601985.SH,10.14,10.28,10.05,10.27,1285523,1305788951
2024-10-28,601985.SH,10.28,10.39,10.22,10.35,1282667,1322341282
2024-10-29,601985.SH,10.24,10.28,9.98,10.05,1647157,1655937353
2024-10-30,601985.SH,10.05,10.08,9.96,10.06,1025429,1028839209
2024-10-31,601985.SH,10.03,10.16,10,10.09,1300767,1312728342
2024-11-03,601985.SH,10.1,10.11,9.92,9.99,1319717,1315484600
2024-11-04,601985.SH,9.96,10.06,9.92,10.06,1644472,1644644337
2024-11-05,601985.SH,10.05,10.12,9.97,9.99,1339902,1342462059
2024-11-06,601985.SH,9.96,10.09,9.92,10.07,1196401,1198679851
2024-11-07,601985.SH,10.1,10.3,10.06,10.08,1632909,1655529495
2024-11-10,601985.SH,10.04,10.05,9.83,9.91,1581108,1566411642
2024-11-11,601985.SH,9.88,9.94,9.71,9.75,1628890,1598687763
2024-11-12,601985.SH,9.81,10.09,9.74,10.01,2067813,2061809249
2024-11-13,601985.SH,10,10.1,9.85,9.86,1278873,1274737849
2024-11-14,601985.SH,9.86,10.03,9.79,9.92,1299014,1289714930
2024-11-17,601985.SH,10,10.19,9.91,9.99,1704572,1711589630
2024-11-18,601985.SH,10,10.04,9.85,9.93,1196397,1186114026
2024-11-19,601985.SH,9.9,10.02,9.84,10,1164374,1158575971
2024-11-20,601985.SH,9.98,10.22,9.97,10.13,1441564,1459207104
2024-11-21,601985.SH,10.2,10.28,9.87,9.87,1303303,1308866549
2024-11-24,601985.SH,9.86,9.89,9.41,9.53,1982318,1911953285
2024-11-25,601985.SH,9.46,9.55,9.35,9.41,1076284,1014642569
2024-11-26,601985.SH,9.42,9.49,9.36,9.48,777296,733217887
2024-11-27,601985.SH,9.45,9.48,9.28,9.42,1369737,1285864168
2024-11-28,601985.SH,9.4,9.51,9.36,9.43,1067691,1008142833
2024-12-01,601985.SH,9.41,9.54,9.33,9.5,1170077,1104649178
2024-12-02,601985.SH,9.51,9.85,9.47,9.79,1840036,1779324078
2024-12-03,601985.SH,9.76,9.87,9.68,9.83,1277081,1247926933
2024-12-04,601985.SH,9.79,9.91,9.7,9.79,847895,828659360
2024-12-05,601985.SH,9.79,9.98,9.78,9.92,1131887,1122921826
2024-12-08,601985.SH,9.9,10.02,9.86,9.99,951413,947353945
2024-12-09,601985.SH,10.1,10.11,9.88,9.91,1206129,1202136235
2024-12-10,601985.SH,9.89,9.94,9.81,9.87,840750,828128525
2024-12-11,601985.SH,9.84,9.86,9.71,9.8,1159377,1134372455
2024-12-12,601985.SH,9.78,9.81,9.67,9.68,1015780,988695745
2024-12-15,601985.SH,9.69,9.99,9.69,9.98,1798078,1781481908
2024-12-16,601985.SH,9.98,10.16,9.98,10.05,1534145,1546617732
2024-12-17,601985.SH,10.1,10.2,10.01,10.02,1123557,1133942361
2024-12-18,601985.SH,9.98,10.05,9.91,9.93,827762,825433058
2024-12-19,601985.SH,9.91,9.96,9.75,9.75,1019250,999899111
2024-12-22,601985.SH,9.76,10.36,9.7,10.33,3152237,3206293302
2024-12-23,601985.SH,10.3,10.38,10.19,10.36,1640776,1687645431
2024-12-24,601985.SH,10.34,10.49,10.27,10.3,1203812,1246743262
2024-12-25,601985.SH,10.29,10.32,10.14,10.19,1100437,1122085705
2024-12-26,601985.SH,10.19,10.41,10.12,10.38,1505827,1548319293
2024-12-29,601985.SH,10.42,10.51,10.25,10.27,1234125,1276274031
2024-12-30,601985.SH,10.28,10.58,10.26,10.43,2042768,2136919240
2025-01-01,601985.SH,10.4,10.49,10.12,10.15,1710086,1765127247
2025-01-02,601985.SH,10.21,10.29,9.99,10.02,1184430,1195569607
2025-01-05,601985.SH,10.02,10.07,9.85,9.95,1141091,1134286240
2025-01-06,601985.SH,9.96,10.02,9.88,9.98,946053,941065125
2025-01-07,601985.SH,9.96,10.29,9.89,10.19,1560110,1584761763
2025-01-08,601985.SH,10.17,10.18,9.85,9.87,1333467,1326234616
2025-01-09,601985.SH,9.83,9.84,9.42,9.43,1887215,1808346238
2025-01-12,601985.SH,9.27,9.32,9.01,9.31,2173320,1990783077
2025-01-13,601985.SH,9.27,9.53,9.27,9.5,1394897,1314665903
2025-01-14,601985.SH,9.5,9.71,9.37,9.6,1298554,1248154685
2025-01-15,601985.SH,9.6,9.66,9.52,9.59,1045935,1001162270
2025-01-16,601985.SH,9.59,9.59,9.32,9.43,1289654,1216374118
2025-01-19,601985.SH,9.44,9.49,9.34,9.37,1013005,952298108
2025-01-20,601985.SH,9.4,9.42,9.31,9.38,733776,687717582
2025-01-21,601985.SH,9.37,9.5,9.34,9.4,873702,822669765
2025-01-22,601985.SH,9.46,9.68,9.45,9.56,1439743,1379176501
2025-01-23,601985.SH,9.55,9.6,9.46,9.56,849741,809858374
2025-01-26,601985.SH,9.56,9.85,9.55,9.76,1310547,1279297907
2025-02-04,601985.SH,9.76,9.79,9.65,9.68,740250,717249502
2025-02-05,601985.SH,9.69,9.77,9.58,9.76,734205,711395395
2025-02-06,601985.SH,9.75,9.84,9.65,9.79,1048524,1019936816
2025-02-09,601985.SH,9.74,9.86,9.67,9.78,818855,799697774
2025-02-10,601985.SH,9.78,9.86,9.75,9.84,877092,860961815
2025-02-11,601985.SH,9.8,9.92,9.76,9.83,781788,768704761
2025-02-12,601985.SH,9.81,9.99,9.78,9.96,1282564,1272953536
2025-02-13,601985.SH,9.98,10.03,9.91,9.96,687388,684695936
2025-02-16,601985.SH,9.91,10.2,9.82,10.17,1190288,1197695878
2025-02-17,601985.SH,10.17,10.32,10.14,10.24,1175091,1205810358
2025-02-18,601985.SH,10.23,10.32,10.13,10.17,730838,745411487
2025-02-19,601985.SH,10.17,10.22,10.07,10.09,713031,721849127
2025-02-20,601985.SH,10.1,10.2,10.03,10.1,802982,810968782
2025-02-23,601985.SH,10.11,10.23,10.06,10.07,785817,795485213
2025-02-24,601985.SH,10.05,10.13,9.91,9.95,793040,793614583
2025-02-25,601985.SH,9.94,9.99,9.85,9.9,715326,707776734
2025-02-26,601985.SH,9.87,9.92,9.75,9.78,896158,878450623
2025-02-27,601985.SH,9.76,9.82,9.58,9.58,871297,844465242
2025-03-02,601985.SH,9.69,9.83,9.56,9.71,898615,871428612
2025-03-03,601985.SH,9.7,9.7,9.46,9.54,1172813,1117963276
2025-03-04,601985.SH,9.55,9.71,9.54,9.64,848365,817724224
2025-03-05,601985.SH,9.66,9.69,9.55,9.63,744238,715439104
2025-03-06,601985.SH,9.64,9.7,9.56,9.59,753121,725171876
2025-03-09,601985.SH,9.55,9.58,9.43,9.49,950627,900857331
2025-03-10,601985.SH,9.44,9.53,9.42,9.5,635109,601384688
2025-03-11,601985.SH,9.5,9.5,9.41,9.43,738585,696613391
2025-03-12,601985.SH,9.45,9.56,9.42,9.5,1016731,966679378
2025-03-13,601985.SH,9.52,9.6,9.46,9.57,1053987,1006543385
2025-03-16,601985.SH,9.59,9.63,9.46,9.47,1356882,1291685937
2025-03-17,601985.SH,9.48,9.49,9.39,9.44,951010,896180613
2025-03-18,601985.SH,9.44,9.57,9.4,9.51,1053840,1000866903
2025-03-19,601985.SH,9.5,9.51,9.41,9.42,865021,817061845
2025-03-20,601985.SH,9.41,9.48,9.33,9.4,1201882,1128961435
2025-03-23,601985.SH,9.36,9.38,9.25,9.29,978052,910005087
2025-03-24,601985.SH,9.3,9.5,9.23,9.47,1409777,1328323687
2025-03-25,601985.SH,9.48,9.48,9.35,9.4,879376,825833706
2025-03-26,601985.SH,9.4,9.41,9.28,9.3,1040278,968898066
2025-03-27,601985.SH,9.3,9.32,9.25,9.29,555001,514991895
2025-03-30,601985.SH,9.28,9.36,9.18,9.21,954901,884763800
2025-03-31,601985.SH,9.22,9.4,9.18,9.37,1207979,1124034934
2025-04-01,601985.SH,9.35,9.35,9.25,9.28,689340,640202569
2025-04-02,601985.SH,9.21,9.4,9.21,9.38,1075755,1004508365
2025-04-06,601985.SH,9.18,9.29,8.66,8.99,2266984,2036111183
2025-04-07,601985.SH,8.98,9.2,8.95,9.2,1498843,1359943660
2025-04-08,601985.SH,9.14,9.28,9.05,9.28,1240246,1139101369
2025-04-09,601985.SH,9.29,9.33,9.15,9.27,967416,896144093
2025-04-10,601985.SH,9.24,9.25,9.17,9.23,621066,572170776
2025-04-13,601985.SH,9.21,9.3,9.2,9.26,629387,582864450
2025-04-14,601985.SH,9.27,9.4,9.23,9.4,1070885,1000731523
2025-04-15,601985.SH,9.4,9.47,9.31,9.47,1023968,962103322
2025-04-16,601985.SH,9.43,9.47,9.37,9.45,644465,606677392
2025-04-17,601985.SH,9.41,9.45,9.36,9.44,424194,399120152
2025-04-20,601985.SH,9.4,9.44,9.38,9.38,418350,393268969
2025-04-21,601985.SH,9.39,9.57,9.37,9.43,904893,857139683
2025-04-22,601985.SH,9.45,9.45,9.35,9.37,556421,521902194
2025-04-23,601985.SH,9.34,9.41,9.28,9.29,681491,636290363
2025-04-24,601985.SH,9.3,9.33,9.21,9.33,716234,663859858
2025-04-27,601985.SH,9.52,9.56,9.38,9.39,1389442,1315598748
2025-04-28,601985.SH,9.32,9.38,9.21,9.33,988342,918422864
2025-04-29,601985.SH,9.31,9.31,9.22,9.23,607530,561792518
2025-05-05,601985.SH,9.28,9.31,9.23,9.29,668534,620135239
2025-05-06,601985.SH,9.36,9.38,9.27,9.33,712271,663235121
2025-05-07,601985.SH,9.31,9.4,9.28,9.38,613349,574568760
2025-05-08,601985.SH,9.37,9.4,9.35,9.37,516701,484391068
2025-05-11,601985.SH,9.39,9.45,9.35,9.4,709977,667403276
2025-05-12,601985.SH,9.43,9.44,9.37,9.4,499603,469258464
2025-05-13,601985.SH,9.41,9.49,9.37,9.48,994228,938318370
2025-05-14,601985.SH,9.47,9.58,9.45,9.54,1016459,969032870
2025-05-15,601985.SH,9.52,9.59,9.42,9.43,849675,805855293
2025-05-18,601985.SH,9.45,9.53,9.42,9.51,768972,728863031
2025-05-19,601985.SH,9.52,9.69,9.51,9.62,1022944,983520373
2025-05-20,601985.SH,9.61,9.66,9.57,9.58,668190,642198065
2025-05-21,601985.SH,9.57,9.6,9.5,9.57,618045,589811559
2025-05-22,601985.SH,9.55,9.66,9.54,9.55,754019,724773216
2025-05-25,601985.SH,9.57,9.79,9.57,9.77,1534966,1492669300
2025-05-26,601985.SH,9.77,9.85,9.65,9.65,921859,897020179
2025-05-27,601985.SH,9.66,9.72,9.62,9.64,574796,555056860
2025-05-28,601985.SH,9.65,9.67,9.56,9.59,882999,848156632
2025-05-29,601985.SH,9.6,9.64,9.49,9.58,875117,835156615
2025-06-02,601985.SH,9.53,9.55,9.46,9.5,707582,671507010
2025-06-03,601985.SH,9.51,9.54,9.49,9.5,587456,558606997
2025-06-04,601985.SH,9.51,9.53,9.43,9.46,772014,731640181
2025-06-05,601985.SH,9.46,9.53,9.44,9.49,551032,522546716
2025-06-08,601985.SH,9.49,9.51,9.44,9.46,596859,564980570
2025-06-09,601985.SH,9.45,9.47,9.35,9.36,823135,774306486
2025-06-10,601985.SH,9.36,9.4,9.32,9.35,597023,559272470
2025-06-11,601985.SH,9.37,9.38,9.28,9.29,800106,744564431
2025-06-12,601985.SH,9.31,9.46,9.28,9.44,1303278,1225145117
2025-06-15,601985.SH,9.47,9.48,9.36,9.41,554636,521446251
2025-06-16,601985.SH,9.4,9.5,9.36,9.49,798046,753453340
2025-06-17,601985.SH,9.49,9.65,9.47,9.59,1393725,1336438085
2025-06-18,601985.SH,9.6,9.62,9.41,9.5,882190,837399789
2025-06-19,601985.SH,9.5,9.53,9.38,9.39,581149,548692697
2025-06-22,601985.SH,9.37,9.4,9.28,9.33,788993,735477800
2025-06-23,601985.SH,9.34,9.38,9.3,9.37,636384,595030427
2025-06-24,601985.SH,9.37,9.43,9.32,9.42,687026,644000569
2025-06-25,601985.SH,9.41,9.47,9.38,9.38,597074,562043271
2025-06-26,601985.SH,9.38,9.4,9.32,9.34,728723,681359749
2025-06-29,601985.SH,9.35,9.36,9.3,9.32,702620,654619937
2025-06-30,601985.SH,9.32,9.37,9.3,9.33,636258,593884185
2025-07-01,601985.SH,9.34,9.38,9.32,9.37,713741,667888553
2025-07-02,601985.SH,9.38,9.4,9.34,9.37,484781,454109567
2025-07-03,601985.SH,9.38,9.45,9.37,9.41,880164,829177519
2025-07-06,601985.SH,9.44,9.49,9.39,9.48,863619,816589677
2025-07-07,601985.SH,9.48,9.49,9.38,9.43,854700,804550689
2025-07-08,601985.SH,9.42,9.52,9.41,9.47,1058822,1003840823
2025-07-09,601985.SH,9.46,9.49,9.41,9.41,810019,764311423
2025-07-10,601985.SH,9.41,9.45,9.38,9.38,1049432,987646529
2025-07-13,601985.SH,9.46,9.6,9.45,9.48,1443417,1373670103
2025-07-14,601985.SH,9.48,9.49,9.35,9.36,1172960,1101797327
2025-07-15,601985.SH,9.36,9.38,9.32,9.33,667228,623285544
2025-07-16,601985.SH,9.33,9.36,9.32,9.35,619126,577821719
2025-07-17,601985.SH,9.24,9.25,9.16,9.23,773152,712501678
2025-07-20,601985.SH,9.24,9.29,9.23,9.28,1066676,988272140
2025-07-21,601985.SH,9.28,9.35,9.25,9.34,1257119,1169787525
2025-07-22,601985.SH,9.76,9.85,9.4,9.42,3247195,3110962591
2025-07-23,601985.SH,9.39,9.46,9.32,9.42,1524293,1432525312
2025-07-24,601985.SH,9.41,9.42,9.31,9.32,1156828,1081772425
2025-07-27,601985.SH,9.31,9.32,9.25,9.26,1025637,951081079
2025-07-28,601985.SH,9.25,9.27,9.21,9.24,701582,648169995
2025-07-29,601985.SH,9.25,9.29,9.23,9.26,826858,766216837
2025-07-30,601985.SH,9.25,9.26,9.16,9.19,1074655,986968624
2025-07-31,601985.SH,9.17,9.2,9.15,9.16,562592,516048964
2025-08-03,601985.SH,9.16,9.18,9.13,9.16,497878,456044998
2025-08-04,601985.SH,9.17,9.19,9.15,9.17,579955,531794962
2025-08-05,601985.SH,9.18,9.19,9.16,9.18,643195,589727098
2025-08-06,601985.SH,9.17,9.18,9.15,9.17,602757,552442529
2025-08-07,601985.SH,9.17,9.19,9.15,9.16,707910,648801817
2025-08-10,601985.SH,9.17,9.17,9.13,9.16,638732,584774721
2025-08-11,601985.SH,9.16,9.18,9.15,9.16,611363,560247942
2025-08-12,601985.SH,9.17,9.17,9.14,9.14,785098,718349004
2025-08-13,601985.SH,9.15,9.16,9.1,9.11,853701,779318675
2025-08-14,601985.SH,9.1,9.11,9.05,9.06,1172386,1063907125
2025-08-17,601985.SH,9.05,9.12,9.04,9.06,1246690,1131027805
2025-08-18,601985.SH,9.05,9.09,9.04,9.06,872817,790358399
2025-08-19,601985.SH,9.04,9.06,9.02,9.06,743628,671884711
2025-08-20,601985.SH,9.06,9.17,9.04,9.16,1341112,1223881183
2025-08-21,601985.SH,9.15,9.16,9.09,9.15,993644,906308203
2025-08-24,601985.SH,9.16,9.28,9.15,9.27,1682579,1550935459
2025-08-25,601985.SH,9.27,9.27,9.2,9.25,884136,816083533
2025-08-26,601985.SH,9.22,9.28,9.06,9.07,1818217,1664731356
2025-08-27,601985.SH,9.05,9.07,8.91,9.03,1840764,1658319265
2025-08-28,601985.SH,9.03,9.13,8.87,8.91,3170587,2846102408
2025-08-31,601985.SH,8.92,8.93,8.77,8.81,1794719,1582429617
2025-09-01,601985.SH,8.81,8.89,8.78,8.88,1364113,1205292554
2025-09-02,601985.SH,8.87,8.88,8.73,8.76,1059322,929866682
2025-09-03,601985.SH,8.73,8.79,8.66,8.78,1203172,1047743010
2025-09-04,601985.SH,8.75,8.75,8.69,8.74,675668,589169220
2025-09-07,601985.SH,8.74,8.82,8.72,8.8,1081578,949125000
2025-09-08,601985.SH,8.8,8.82,8.76,8.78,666962,585856841
2025-09-09,601985.SH,8.79,8.79,8.75,8.77,580376,508709729
2025-09-10,601985.SH,8.77,8.81,8.72,8.81,920581,807055110
2025-09-11,601985.SH,8.8,8.88,8.76,8.8,1090534,962438261
2025-09-14,601985.SH,8.8,8.84,8.76,8.83,700175,616600331
2025-09-15,601985.SH,8.86,8.86,8.78,8.83,647580,570943649
2025-09-16,601985.SH,8.83,8.87,8.78,8.86,801042,707811872
2025-09-17,601985.SH,8.86,8.87,8.68,8.71,1305275,1143133272
2025-09-18,601985.SH,8.7,8.73,8.5,8.5,1340858,1154616022
2025-09-21,601985.SH,8.56,8.59,8.4,8.46,1226707,1041030953
2025-09-22,601985.SH,8.45,8.57,8.37,8.53,1058180,898795675
2025-09-23,601985.SH,8.5,8.54,8.45,8.49,790243,670103719
2025-09-24,601985.SH,8.5,8.54,8.47,8.52,755044,642261230
2025-09-25,601985.SH,8.52,8.66,8.5,8.63,1092529,940222826
2025-09-28,601985.SH,8.64,8.75,8.57,8.72,982568,850660830
2025-09-29,601985.SH,8.71,8.72,8.63,8.71,765056,663906596
2025-10-08,601985.SH,8.88,9.11,8.88,9.11,3084250,2780319268
2025-10-09,601985.SH,9.1,9.1,8.95,8.99,1772462,1597065924
2025-10-12,601985.SH,8.88,9.08,8.85,9.07,1740190,1567082847
2025-10-13,601985.SH,9.09,9.38,9.04,9.19,2833399,2606537091
2025-10-14,601985.SH,9.18,9.23,9.04,9.12,1554174,1415315907
2025-10-15,601985.SH,9.13,9.2,9.05,9.17,1471231,1341082746
2025-10-16,601985.SH,9.21,9.21,9.01,9.04,1191458,1084498091
2025-10-19,601985.SH,9.05,9.11,8.9,9.06,1515275,1364621526
2025-10-20,601985.SH,9.05,9.13,9.04,9.05,899473,816009552
2025-10-21,601985.SH,9.04,9.08,9.01,9.05,815589,737913239
2025-10-22,601985.SH,9.04,9.13,9.02,9.13,1113335,1011922946
2025-10-23,601985.SH,9.12,9.13,9.04,9.09,849040,770634781
2025-10-26,601985.SH,9.11,9.6,9.09,9.47,4253776,3999763977
2025-10-27,601985.SH,9.48,9.5,9.36,9.39,1809857,1704579091
2025-10-28,601985.SH,9.39,9.6,9.32,9.51,2283588,2169803667
2025-10-29,601985.SH,9.37,9.45,9.23,9.38,2293750,2141287293
2025-10-30,601985.SH,9.38,9.38,8.98,8.98,3121605,2840236978
2025-11-02,601985.SH,9.08,9.18,9.01,9.1,1573758,1430259841
2025-11-03,601985.SH,9.1,9.18,9.03,9.06,1164379,1058818457
2025-11-04,601985.SH,9.01,9.13,8.92,9.1,1221844,1105747097
2025-11-05,601985.SH,9.1,9.26,9.08,9.17,1491173,1369109814
2025-11-06,601985.SH,9.15,9.21,9.08,9.09,1030123,939734507
2025-11-09,601985.SH,9.09,9.12,9.05,9.1,948532,862504557
2025-11-10,601985.SH,9.11,9.12,9.03,9.06,929002,842063074
2025-11-11,601985.SH,9.05,9.07,8.96,8.98,1107237,996686275
2025-11-12,601985.SH,8.97,9,8.93,9,897776,804366795
2025-11-13,601985.SH,8.99,9,8.91,8.91,756986,677593702
2025-11-16,601985.SH,8.9,8.92,8.8,8.82,955183,842748146
2025-11-17,601985.SH,8.8,8.85,8.77,8.8,568262,500038185
2025-11-18,601985.SH,8.78,8.81,8.7,8.73,938803,820694179
2025-11-19,601985.SH,8.75,8.83,8.74,8.75,642014,563739467
2025-11-20,601985.SH,8.73,8.73,8.63,8.66,937492,812998492
2025-11-23,601985.SH,8.7,8.73,8.66,8.71,609720,529674675
2025-11-24,601985.SH,8.72,8.74,8.68,8.7,652938,568552106
2025-11-25,601985.SH,8.7,8.71,8.63,8.64,646534,559488212
2025-11-26,601985.SH,8.63,8.65,8.6,8.6,620125,534770516
2025-11-27,601985.SH,8.6,8.63,8.56,8.63,454006,390602157
2025-11-30,601985.SH,8.61,8.71,8.58,8.71,884181,764126931
2025-12-01,601985.SH,8.7,8.73,8.67,8.7,488790,425238987
2025-12-02,601985.SH,8.7,8.76,8.68,8.7,585379,510053615
2025-12-03,601985.SH,8.69,8.72,8.66,8.67,424175,368419289
2025-12-04,601985.SH,8.68,8.77,8.67,8.77,705891,616697039
2025-12-07,601985.SH,8.8,8.84,8.72,8.74,785354,687985615
2025-12-08,601985.SH,8.76,8.8,8.65,8.65,695469,605170522
2025-12-09,601985.SH,8.66,8.7,8.65,8.67,449448,389790864
2025-12-10,601985.SH,8.67,8.73,8.66,8.7,528528,459316535
2025-12-11,601985.SH,8.69,8.82,8.65,8.78,1134201,991420400
2025-12-14,601985.SH,8.75,8.8,8.7,8.72,777834,679361606
2025-12-15,601985.SH,8.71,8.72,8.61,8.63,733115,633038242
2025-12-16,601985.SH,8.63,8.69,8.6,8.68,580602,501612766
2025-12-17,601985.SH,8.67,8.7,8.64,8.68,360154,312482030
2025-12-18,601985.SH,8.7,8.76,8.69,8.75,596970,522016511
2025-12-21,601985.SH,8.78,8.78,8.7,8.71,583766,509695149
2025-12-22,601985.SH,8.71,8.75,8.67,8.68,509461,442804775
2025-12-23,601985.SH,8.69,8.74,8.66,8.74,590440,513947611
2025-12-24,601985.SH,8.73,8.81,8.71,8.78,762021,669291881
2025-12-25,601985.SH,8.78,8.79,8.74,8.77,536492,470208614
2025-12-28,601985.SH,8.77,8.78,8.7,8.71,539360,470636929
2025-12-29,601985.SH,8.68,8.69,8.65,8.67,536484,465046640
2025-12-30,601985.SH,8.67,8.68,8.63,8.65,414604,358375543
2026-01-04,601985.SH,8.67,8.72,8.65,8.71,687294,596951890
2026-01-05,601985.SH,8.71,8.77,8.71,8.77,820896,717674972
2026-01-06,601985.SH,8.77,9,8.75,8.91,1687055,1502816919
2026-01-07,601985.SH,8.92,9.17,8.85,9.09,2142078,1939618268
2026-01-08,601985.SH,9.09,9.11,8.97,9.04,1571840,1418520720
2026-01-11,601985.SH,9.07,9.36,9,9.24,2522744,2311151335
2026-01-12,601985.SH,9.25,9.26,8.98,9.02,1853326,1677483560
2026-01-13,601985.SH,8.99,9.06,8.91,8.95,1354883,1218910323
2026-01-14,601985.SH,8.94,8.96,8.84,8.87,1084381,962415794
2026-01-15,601985.SH,8.88,9.03,8.88,8.9,1304528,1168569672
2026-01-18,601985.SH,8.91,9.06,8.91,9.01,1341114,1209128713
2026-01-19,601985.SH,9.05,9.06,8.96,9.02,1151968,1037023493
2026-01-20,601985.SH,9.01,9.01,8.86,8.87,1311685,1169659144
2026-01-21,601985.SH,8.94,9.03,8.92,8.94,1326438,1189670009
2026-01-22,601985.SH,8.95,8.95,8.85,8.89,1312688,1165883183
2026-01-25,601985.SH,8.88,8.9,8.8,8.81,1250355,1104806365
2026-01-26,601985.SH,8.81,8.82,8.69,8.71,1103703,963694273
2026-01-27,601985.SH,8.7,8.75,8.61,8.62,1769569,1534913514
2026-01-28,601985.SH,8.62,8.64,8.52,8.61,1704900,1457817456
2026-01-29,601985.SH,8.61,8.67,8.55,8.61,930665,801881501
2026-02-01,601985.SH,8.62,8.68,8.54,8.55,1039943,896727137
2026-02-02,601985.SH,8.55,8.58,8.5,8.56,803860,685906143
2026-02-03,601985.SH,8.56,8.67,8.54,8.66,880609,758877343
2026-02-04,601985.SH,8.66,8.7,8.61,8.65,729009,630200274
2026-02-05,601985.SH,8.64,8.65,8.6,8.6,606371,522579514
2026-02-08,601985.SH,8.62,8.65,8.62,8.63,499389,430930054
2026-02-09,601985.SH,8.63,8.64,8.6,8.61,473546,407542528
2026-02-10,601985.SH,8.61,8.62,8.57,8.58,455067,390790652
2026-02-11,601985.SH,8.63,8.63,8.57,8.57,492997,423160597
2026-02-12,601985.SH,8.57,8.58,8.51,8.52,644476,549793922
2026-02-23,601985.SH,8.56,8.58,8.54,8.56,576521,493714612
2026-02-24,601985.SH,8.57,8.65,8.46,8.49,2216762,1893810420
2026-02-25,601985.SH,8.5,8.53,8.47,8.53,815929,693540098
2026-02-26,601985.SH,8.52,8.59,8.51,8.52,1325472,1131650497
2026-03-01,601985.SH,8.52,8.69,8.48,8.66,2522533,2176062092
2026-03-02,601985.SH,8.67,8.79,8.58,8.7,2384889,2071281033
2026-03-03,601985.SH,8.68,8.7,8.52,8.68,1547214,1337139820
2026-03-04,601985.SH,8.69,8.84,8.68,8.78,2280292,2001952041
2026-03-05,601985.SH,8.78,8.86,8.74,8.83,1488161,1311179779
2026-03-08,601985.SH,8.84,9.07,8.83,8.91,2945561,2635697943
2026-03-09,601985.SH,8.85,8.94,8.75,8.89,1770702,1568259017
2026-03-10,601985.SH,8.88,9.07,8.78,9.06,2504338,2245542733
2026-03-11,601985.SH,9.06,9.2,9,9.16,2718465,2474453627
2026-03-12,601985.SH,9.17,9.3,9.08,9.24,3668430,3380695922
2026-03-15,601985.SH,9.24,9.31,9.01,9.06,2750641,2511936515
2026-03-16,601985.SH,9.03,9.11,8.93,8.94,1755286,1580213061
2026-03-17,601985.SH,8.93,9,8.82,8.87,1559820,1384969443
2026-03-18,601985.SH,8.83,9.02,8.82,8.85,1557028,1387055496
2026-03-19,601985.SH,8.82,8.95,8.73,8.86,1904789,1685407251
2026-03-22,601985.SH,8.86,9.26,8.81,9.04,4469983,4066238152
2026-03-23,601985.SH,9.02,9.19,8.94,9.14,2464610,2237855359
2026-03-24,601985.SH,9.08,9.44,9.03,9.33,3579351,3316290916
2026-03-25,601985.SH,9.28,9.32,9.17,9.25,2133496,1971393470
2026-03-26,601985.SH,9.19,9.25,9.08,9.16,1685080,1543099894
2026-03-29,601985.SH,9.14,9.21,9.03,9.15,1481749,1354551219
2026-03-30,601985.SH,9.14,9.22,9.05,9.05,1337492,1219838277
2026-03-31,601985.SH,9.07,9.1,8.93,8.95,1562377,1406673035
2026-04-01,601985.SH,8.96,9.01,8.9,9.01,1172018,1050054440
2026-04-02,601985.SH,9,9,8.77,8.81,1216979,1077389149
2026-04-06,601985.SH,8.81,8.83,8.67,8.7,971506,846607877
2026-04-07,601985.SH,8.73,8.79,8.7,8.78,1192887,1042099323
2026-04-08,601985.SH,8.75,8.76,8.68,8.7,845727,735880454
2026-04-09,601985.SH,8.7,8.73,8.64,8.71,900470,783813642
2026-04-12,601985.SH,8.71,8.72,8.66,8.69,734875,637787389
2026-04-13,601985.SH,8.69,8.73,8.66,8.7,765235,664296281
2026-04-14,601985.SH,8.7,8.79,8.67,8.77,1150233,1006197620
2026-04-15,601985.SH,8.78,8.8,8.72,8.76,842332,737169202
2026-04-16,601985.SH,8.74,8.75,8.66,8.69,1119303,972153198
2026-04-19,601985.SH,8.69,8.78,8.66,8.77,1271989,1113207932
2026-04-20,601985.SH,8.78,8.96,8.76,8.91,1629868,1452248110
2026-04-21,601985.SH,8.92,9.01,8.87,8.96,1496290,1339575456
2026-04-22,601985.SH,8.99,9.11,8.96,9.09,1850228,1674621012
2026-04-23,601985.SH,9.09,9.11,9,9.07,1374259,1246316315
2026-04-26,601985.SH,9.03,9.1,9,9.02,1066220,964389972
2026-04-27,601985.SH,9.02,9.09,8.96,9.09,1455690,1317570328
2026-04-28,601985.SH,9.06,9.07,8.98,8.99,1226533,1105132609
2026-04-29,601985.SH,8.89,9.02,8.72,8.99,1762755,1571732143
2026-05-05,601985.SH,8.99,8.99,8.85,8.92,1418503,1263052294
2026-05-06,601985.SH,8.92,9.1,8.88,9.06,1535023,1385636490
2026-05-07,601985.SH,9.06,9.18,9.04,9.07,1152553,1048134506
2026-05-10,601985.SH,9.07,9.27,9.03,9.19,1440182,1322391010
2026-05-11,601985.SH,9.19,9.28,9.15,9.23,1389391,1283889719
2026-05-12,601985.SH,9.24,9.32,9.19,9.24,1557009,1441225040
2026-05-13,601985.SH,9.24,9.3,9.04,9.04,1385667,1270678023
2026-05-14,601985.SH,9.03,9.22,8.98,9.14,1361360,1240029451
2026-05-17,601985.SH,9.14,9.18,8.99,9.05,1042143,942624849
2026-05-18,601985.SH,9.04,9.25,9.03,9.22,1366432,1255036770
2026-05-19,601985.SH,9.22,9.23,9,9.01,1512707,1377146541
2026-05-20,601985.SH,8.96,9.05,8.73,8.74,1822460,1616860719
2026-05-21,601985.SH,8.75,8.77,8.66,8.71,1168581,1017949977
2026-05-24,601985.SH,8.71,8.82,8.68,8.75,1153547,1007554025
2026-05-25,601985.SH,8.72,8.78,8.69,8.75,785124,686120769
2026-05-26,601985.SH,8.76,8.82,8.68,8.72,1063359,928661848
2026-05-27,601985.SH,8.71,8.91,8.69,8.84,1297911,1144817280
2026-05-28,601985.SH,8.82,9.11,8.79,9.04,2011355,1808495290
2026-05-31,601985.SH,9.01,9.2,8.98,9.18,2069094,1887640339
2026-06-01,601985.SH,9.15,9.32,9.12,9.28,2521425,2337917875
2026-06-02,601985.SH,9.24,9.29,9.1,9.26,1958910,1802594803
2026-06-03,601985.SH,9.22,9.37,9.2,9.25,1598974,1487790823
2026-06-04,601985.SH,9.28,9.32,8.97,8.99,1481453,1349630597
2026-06-07,601985.SH,8.92,9.09,8.86,8.98,1422561,1275605113
2026-06-08,601985.SH,8.95,9.12,8.9,9.07,1149893,1039456625
2026-06-09,601985.SH,9.07,9.13,9.01,9.07,835685,757330044
2026-06-10,601985.SH,9.05,9.13,8.9,9.12,1092956,988588998
2026-06-11,601985.SH,9.1,9.26,9.05,9.24,1890789,1737699868
2026-06-14,601985.SH,9.22,9.26,9.11,9.25,1518411,1394111178
2026-06-15,601985.SH,9.24,9.39,9.21,9.23,1792375,1667515899
2026-06-16,601985.SH,9.2,9.34,9.18,9.3,1316629,1222310994
2026-06-17,601985.SH,9.26,9.4,9.1,9.12,1674729,1549139719
2026-06-21,601985.SH,9.1,9.15,8.97,9.08,1335810,1209003296
2026-06-22,601985.SH,9.08,9.26,9.02,9.03,1156770,1053539175
2026-06-23,601985.SH,9.03,9.05,8.78,8.81,1706140,1514438049
2026-06-24,601985.SH,8.77,9.05,8.71,8.98,1567050,1400829924
2026-06-25,601985.SH,9.05,9.12,8.93,8.93,1017295,916100384
2026-06-28,601985.SH,8.96,9.11,8.85,9.06,1290266,1162201483
2026-06-29,601985.SH,9.04,9.05,8.86,9.03,1229264,1098103651
2026-06-30,601985.SH,8.97,8.97,8.8,8.84,1349918,1193045617
2026-07-01,601985.SH,8.8,8.84,8.76,8.81,1141424,1003630926
2026-07-02,601985.SH,8.8,8.87,8.77,8.86,921075,812169022
2026-07-05,601985.SH,8.86,8.91,8.77,8.86,947687,838339682
2026-07-06,601985.SH,8.85,8.85,8.7,8.8,1250152,1094531661
2026-07-07,601985.SH,8.77,8.91,8.73,8.9,1010401,894212400
2026-07-08,601985.SH,8.86,8.92,8.8,8.91,961107,853286365
2026-07-09,601985.SH,8.89,8.95,8.82,8.91,939473,834816388
2026-07-12,601985.SH,8.88,8.91,8.8,8.82,811508,717900543
2026-07-13,601985.SH,8.79,8.9,8.76,8.86,984632,870075794
2026-07-14,601985.SH,8.81,8.96,8.8,8.96,1072195,955621834
2026-07-15,601985.SH,8.94,8.98,8.85,8.87,897565,798701105
2026-07-16,601985.SH,8.75,8.9,8.72,8.79,1309791,1156602729
2026-07-19,601985.SH,8.79,9.08,8.77,9.07,1904769,1710543133
2026-07-20,601985.SH,9.04,9.15,8.93,8.97,1903383,1721055879
2026-07-21,601985.SH,8.95,9.09,8.89,9.07,1315270,1186117275
2026-07-22,601985.SH,9.06,9.11,9.03,9.09,881787,800168707
2026-07-23,601985.SH,9.09,9.1,8.88,8.9,846667,760375976
2026-07-26,601985.SH,8.88,8.95,8.83,8.86,865513,767096613
2026-07-27,601985.SH,8.86,8.88,8.78,8.85,834978,737131317
2026-07-28,601985.SH,8.84,9,8.82,8.96,995452,889923888
2026-07-29,601985.SH,8.96,9.08,8.94,9.07,1178433,1064942186
2026-07-30,601985.SH,9.01,9.06,8.91,9.06,1116845,1002362983
2026-08-02,601985.SH,9.14,9.21,8.99,9.03,2011314,1830929518
2026-08-03,601985.SH,9.03,9.06,8.9,8.93,1222030,1092469263
2026-08-04,601985.SH,8.92,8.92,8.8,8.82,1815214,1601836408
2026-08-05,601985.SH,8.82,8.85,8.76,8.83,1332709,1172294031
2026-08-06,601985.SH,8.82,8.83,8.78,8.8,821799,722640752
2026-08-09,601985.SH,8.79,8.86,8.79,8.85,879411,776862774
2026-08-10,601985.SH,8.85,8.89,8.82,8.88,821673,728583097
2026-08-11,601985.SH,8.88,8.89,8.79,8.81,717546,632421849
2026-08-12,601985.SH,8.8,8.83,8.77,8.82,648983,570933135
2026-08-13,601985.SH,8.8,8.81,8.77,8.78,447565,393129577
2026-08-16,601985.SH,8.78,8.79,8.75,8.77,621576,544982167
2026-08-17,601985.SH,8.77,8.83,8.76,8.82,577311,507331288
2026-08-18,601985.SH,8.82,8.82,8.75,8.76,563367,494206307
2026-08-19,601985.SH,8.76,8.78,8.71,8.73,607408,530650428
2026-08-20,601985.SH,8.72,8.73,8.7,8.71,349830,304644111
2026-08-23,601985.SH,8.7,8.77,8.7,8.77,468754,410160467
2026-08-24,601985.SH,8.76,8.85,8.76,8.84,794242,700856076
2026-08-25,601985.SH,8.85,8.94,8.83,8.92,988886,880897933
2026-08-26,601985.SH,8.93,8.93,8.83,8.9,829938,737057911
2026-08-27,601985.SH,8.87,8.93,8.84,8.92,705913,628310471
2026-08-30,601985.SH,8.78,8.9,8.74,8.89,910885,803924346
2026-08-31,601985.SH,8.85,8.91,8.84,8.85,630744,559482819
2026-09-01,601985.SH,8.85,9,8.82,9,1592206,1424795789
2026-09-02,601985.SH,8.98,9.14,8.97,9.12,1898429,1726503791
2026-09-03,601985.SH,9.1,9.14,9.05,9.08,1064004,969003705
2026-09-06,601985.SH,9.09,9.13,8.88,8.91,1095697,980656258
2026-09-07,601985.SH,8.9,8.96,8.88,8.93,535893,478071631
2026-09-08,601985.SH,8.94,9.05,8.9,9.03,685901,616594672
2026-09-09,601985.SH,9.02,9.1,9.01,9.08,737441,668791263
2026-09-10,601985.SH,9.08,9.1,9.02,9.05,573615,519676531
2026-09-13,601985.SH,9.05,9.17,9.04,9.06,714439,650113760
2026-09-14,601985.SH,9.06,9.09,8.97,9.02,615515,555015282
2026-09-15,601985.SH,9.02,9.16,8.99,9.1,1055321,959274593
2026-09-16,601985.SH,9.08,9.08,9,9.01,540892,488591401
2026-09-17,601985.SH,9,9.02,8.93,8.94,648443,581640368
2026-09-20,601985.SH,8.93,8.95,8.88,8.91,571676,508907034
2026-09-21,601985.SH,8.9,8.9,8.85,8.86,782299,693601374
2026-09-22,601985.SH,8.85,8.88,8.83,8.85,604836,535582665
2026-09-23,601985.SH,8.85,8.94,8.82,8.9,613224,545816764
2026-09-27,601985.SH,8.89,9.02,8.88,9,962968,863842460
2026-09-28,601985.SH,9,9.05,8.97,9.02,778387,701604431
2026-09-29,601985.SH,9.04,9.13,9.03,9.07,898946,817177627
2022-08-16,600941.SH,62.18,62.47,61.65,62.25,37719,234247410
2022-08-17,600941.SH,62,63.12,61.79,62.7,43416,271894502
2022-08-18,600941.SH,62.3,64.15,62.3,63.62,64659,411344244
2022-08-21,600941.SH,63.62,65.7,63.3,65.2,93978,609430802
2022-08-22,600941.SH,65.01,65.18,64.3,64.92,52826,342694449
2022-08-23,600941.SH,64.88,65.3,63.6,64.21,55829,358974539
2022-08-24,600941.SH,64.06,65.9,64.06,65.26,70024,456656766
2022-08-25,600941.SH,65,65.55,64.63,65.17,49474,321703814
2022-08-28,600941.SH,64.7,65.18,63.81,63.82,54855,353359381
2022-08-29,600941.SH,64.15,64.34,62.93,64.1,50284,320374132
2022-08-30,600941.SH,64.08,65.77,63.91,64.02,98416,636923181
2022-08-31,600941.SH,64.12,65.08,64.03,64.46,44437,286728299
2022-09-01,600941.SH,64.46,64.83,63.71,64.18,36135,232112475
2022-09-04,600941.SH,64.18,66.2,63.99,65.1,82436,537600381
2022-09-05,600941.SH,63.77,63.77,62.29,62.96,74777,469803610
2022-09-06,600941.SH,62.79,63.76,62.5,63.67,46763,296023300
2022-09-07,600941.SH,63.62,65.18,63.4,64.81,65655,425061098
2022-09-08,600941.SH,64.75,66.09,64.75,65.37,56447,369481536
2022-09-12,600941.SH,65.32,65.7,64.25,64.79,48004,310654392
2022-09-13,600941.SH,64.22,64.63,63.56,64.04,42743,273466100
2022-09-14,600941.SH,64.04,64.6,63.78,64.38,46439,298128606
2022-09-15,600941.SH,64.24,64.38,63.45,63.5,59828,381934614
2022-09-18,600941.SH,63.5,64.6,63.03,64.36,58782,375513896
2022-09-19,600941.SH,64.41,64.89,63.85,64.38,38945,249834092
2022-09-20,600941.SH,64.1,64.59,63.91,64,32345,207839515
2022-09-21,600941.SH,63.77,64.95,62.54,64.52,62221,396654401
2022-09-22,600941.SH,64.28,68.89,64.21,68.4,142086,956232787
2022-09-25,600941.SH,67.96,68.16,65.66,66.19,114647,764688721
2022-09-26,600941.SH,66.28,68.61,66.12,68.17,98989,668224035
2022-09-27,600941.SH,67.5,69.27,67.03,67.09,95322,651730633
2022-09-28,600941.SH,67,67.98,66.72,67.5,42430,285582369
2022-09-29,600941.SH,67.02,68.96,66.5,68.33,49695,337690115
2022-10-09,600941.SH,68.23,72.27,68.08,71.14,135090,961238155
2022-10-10,600941.SH,70.98,71.85,69.68,70.95,65829,464754470
2022-10-11,600941.SH,70.39,72.5,70.39,71.13,65283,465905382
2022-10-12,600941.SH,70.51,71.54,69.96,70.58,70891,501322737
2022-10-13,600941.SH,70.58,71.07,68.38,68.86,109930,764860210
2022-10-16,600941.SH,68.68,70.47,68.5,69.27,72474,502709785
2022-10-17,600941.SH,68.88,70.23,68.3,68.94,70731,487564963
2022-10-18,600941.SH,68.3,70.35,68.11,70.2,77353,536544053
2022-10-19,600941.SH,69.6,71.5,68.46,69.14,85231,595575245
2022-10-20,600941.SH,67,69.38,66,67.85,98842,672358693
2022-10-23,600941.SH,68,68.76,66.74,67.19,79274,536876102
2022-10-24,600941.SH,67.23,67.84,65.33,66.49,74076,491967388
2022-10-25,600941.SH,66.49,67.5,65.81,66.28,69138,461652363
2022-10-26,600941.SH,66.42,68.84,66.06,68.05,81952,555168271
2022-10-27,600941.SH,67.8,68.39,66.87,66.98,58741,396869947
2022-10-30,600941.SH,66.63,67.9,65.98,67.2,61347,410436166
2022-10-31,600941.SH,66.77,70.25,66.77,69.4,85567,591452657
2022-11-01,600941.SH,69.2,70.17,67.88,68.92,91723,631217058
2022-11-02,600941.SH,68.92,68.92,66.9,67.15,84978,573642679
2022-11-03,600941.SH,67.01,68.75,66.8,67.85,86978,589825569
2022-11-06,600941.SH,67.61,67.84,65.91,66.14,90279,601364993
2022-11-07,600941.SH,66.16,66.8,65.88,66.61,63479,421179152
2022-11-08,600941.SH,66.59,66.67,66.02,66.27,43908,290902829
2022-11-09,600941.SH,66.1,66.44,65.93,65.97,47174,311725645
2022-11-10,600941.SH,66.64,67.08,65.85,66.67,73188,487054909
2022-11-13,600941.SH,66.67,66.7,64.59,64.9,97686,638988446
2022-11-14,600941.SH,64.51,65.69,64.51,65.22,72489,472295505
2022-11-15,600941.SH,65.23,65.8,65,65.25,45831,299540359
2022-11-16,600941.SH,65.3,65.88,64.51,64.83,67203,437752865
2022-11-17,600941.SH,64.98,66.87,64.78,66.26,94480,624473889
2022-11-20,600941.SH,66.05,67.53,66.02,66.16,70622,472102033
2022-11-21,600941.SH,66.01,71.12,65.9,70.1,246257,1707641013
2022-11-22,600941.SH,69.69,69.94,68,68.57,85077,586749134
2022-11-23,600941.SH,68.24,69.19,67.98,68.11,49964,341846256
2022-11-24,600941.SH,68.03,72.12,67.66,72,145564,1032768139
2022-11-27,600941.SH,71.5,72.4,71.03,72.3,89136,640910687
2022-11-28,600941.SH,72.15,72.4,70.6,71.15,95306,680586066
2022-11-29,600941.SH,71.19,76,70.7,73.81,158193,1165370752
2022-11-30,600941.SH,73.53,77.33,72.51,73.91,178579,1331379263
2022-12-01,600941.SH,72.77,73.79,72.01,72.44,82396,600051457
2022-12-04,600941.SH,72.69,77.8,72.69,77.59,168438,1283889084
2022-12-05,600941.SH,76.8,79.24,76.66,76.81,127182,987777599
2022-12-06,600941.SH,76.4,76.8,73.36,73.6,127288,946659259
2022-12-07,600941.SH,73.56,73.56,71.6,71.95,86856,627684754
2022-12-08,600941.SH,71.98,73.4,71.6,72.89,75228,546115782
2022-12-11,600941.SH,71.99,75.16,71.7,73.75,87892,651741220
2022-12-12,600941.SH,73.3,75,72.78,73.4,49923,368506860
2022-12-13,600941.SH,73.66,73.66,71.88,72.17,53375,386303825
2022-12-14,600941.SH,71.78,72.79,71.78,71.85,36819,265897701
2022-12-15,600941.SH,71.48,71.76,70.61,70.98,67444,478778282
2022-12-18,600941.SH,71.1,71.23,68.74,68.78,76084,528630425
2022-12-19,600941.SH,68.99,69.74,68.19,69,62414,430528031
2022-12-20,600941.SH,68.94,69.74,68.8,69,43840,303078278
2022-12-21,600941.SH,69.28,70.87,68.73,69.54,82332,573949119
2022-12-22,600941.SH,69.3,69.52,68.25,69.45,50613,348756250
2022-12-25,600941.SH,69.1,71.23,69.02,71.15,68130,479774590
2022-12-26,600941.SH,71.33,72.55,70.7,72.01,47820,344930211
2022-12-27,600941.SH,71.79,72.37,70.5,71,41414,295214695
2022-12-28,600941.SH,70.8,70.96,68.61,68.8,76495,530679323
2022-12-29,600941.SH,68.6,68.84,67.48,67.67,95318,647201753
2023-01-02,600941.SH,67.67,72.18,67.5,71.95,126785,894439443
2023-01-03,600941.SH,71.8,73.88,71.5,73.37,92356,673027591
2023-01-04,600941.SH,73.07,75.9,73.07,73.99,109532,818494901
2023-01-05,600941.SH,73.85,74.03,72,73.46,79009,576384308
2023-01-08,600941.SH,73.39,74.65,73.13,73.34,63217,467310894
2023-01-09,600941.SH,73.34,73.92,72.61,73.06,33190,242831743
2023-01-10,600941.SH,72.99,74.49,72.88,74.29,60125,444337089
2023-01-11,600941.SH,74.3,76.92,73.8,75.95,89707,677952334
2023-01-12,600941.SH,76.05,77.1,74.82,75.45,102256,773008461
2023-01-15,600941.SH,75.45,75.45,73.19,73.81,102754,762049187
2023-01-16,600941.SH,73.82,74.2,72.9,73.43,57301,420600826
2023-01-17,600941.SH,73.43,75.1,73.39,74.52,60517,450284681
2023-01-18,600941.SH,74.41,75.1,74.18,74.58,34258,255667182
2023-01-19,600941.SH,74.65,78.85,74.52,77.87,131391,1018035730
2023-01-29,600941.SH,78.97,79.2,75.51,75.6,118753,906198922
2023-01-30,600941.SH,75.21,76.3,75.13,76.16,52247,396472087
2023-01-31,600941.SH,75.99,78.2,75.7,77.05,101866,786904863
2023-02-01,600941.SH,77.02,78.08,76.51,76.61,58163,448048941
2023-02-02,600941.SH,76.2,78.05,75.65,77.81,68134,524530273
2023-02-05,600941.SH,77.25,79.2,77.25,78.35,79065,621494840
2023-02-06,600941.SH,78.26,78.43,76.3,76.8,69800,536601816
2023-02-07,600941.SH,76.81,77.38,75.93,76.28,37339,285735192
2023-02-08,600941.SH,76,76.93,75.8,76.7,51622,394712998
2023-02-09,600941.SH,76.5,76.9,75.74,76.1,62563,476586777
2023-02-12,600941.SH,76.11,76.58,75.89,76.2,54450,414529089
2023-02-13,600941.SH,76.25,76.8,74.72,75.26,68814,519777879
2023-02-14,600941.SH,74.5,76.29,74,76,110165,830250123
2023-02-15,600941.SH,75.62,82,75.58,77.8,213097,1677357852
2023-02-16,600941.SH,77.51,78.5,75.45,75.8,103561,788954174
2023-02-19,600941.SH,76.19,81.5,76.19,80.72,185303,1482734685
2023-02-20,600941.SH,80.8,80.96,78.7,80,130602,1039316482
2023-02-21,600941.SH,79,79.44,77.91,78.14,77919,609395466
2023-02-22,600941.SH,78.01,78.79,77.55,78.18,54857,429484395
2023-02-23,600941.SH,78.21,78.29,77.41,77.89,55219,429433976
2023-02-26,600941.SH,77.8,79.45,77.28,78.5,78444,617939104
2023-02-27,600941.SH,80,81.7,79.15,80.6,177397,1425391756
2023-02-28,600941.SH,80.52,85.95,80.08,84.61,255678,2142188362
2023-03-01,600941.SH,83.9,86.28,83.5,84.73,148793,1264153062
2023-03-02,600941.SH,84.54,88.98,84.06,86.9,171934,1494223972
2023-03-05,600941.SH,88.02,93.59,87.5,89.6,260270,2342773356
2023-03-06,600941.SH,89.4,91,85.18,86.36,280196,2456666589
2023-03-07,600941.SH,85.3,88.6,84.8,88.55,200812,1739141625
2023-03-08,600941.SH,87.53,93.47,85.66,90.61,267347,2380884749
2023-03-09,600941.SH,89.73,93.88,88.73,89.4,209633,1906115818
2023-03-12,600941.SH,90.25,98.34,90.25,98.34,345486,3293703371
2023-03-13,600941.SH,98.34,100.58,96.7,98.17,319877,3144492521
2023-03-14,600941.SH,98.17,99.47,95,99.23,269509,2613770484
2023-03-15,600941.SH,98,102.72,97.61,100.06,300733,3009577451
2023-03-16,600941.SH,99.18,101.25,98.1,101.1,276716,2767071704
2023-03-19,600941.SH,100.4,100.88,91.2,91.96,518132,4961325236
2023-03-20,600941.SH,91.21,92.7,90.11,91.6,297253,2709400180
2023-03-21,600941.SH,91.17,93.48,89.77,92.06,272387,2508713391
2023-03-22,600941.SH,91.43,93.93,90.22,93.08,322405,2970655438
2023-03-23,600941.SH,92.9,92.99,88.08,90.86,445039,4004497046
2023-03-26,600941.SH,89.91,90.15,86.74,87.95,353085,3111932594
2023-03-27,600941.SH,87.96,89.3,87.4,88.46,255093,2259002105
2023-03-28,600941.SH,87.8,89.39,86.05,88.8,222890,1956984433
2023-03-29,600941.SH,88,88.46,84.79,86.34,259436,2244646052
2023-03-30,600941.SH,86.39,90.77,86.39,89.97,255055,2264737593
2023-04-02,600941.SH,89.3,93.5,88.18,92.72,314706,2854050813
2023-04-03,600941.SH,92,99.29,91.66,97.19,361106,3473444196
2023-04-05,600941.SH,95.51,98.46,94.2,97.19,194966,1884871178
2023-04-06,600941.SH,96.69,98.89,95.79,96.52,143078,1386517432
2023-04-09,600941.SH,96.54,99.42,95.66,97.25,190967,1869087794
2023-04-10,600941.SH,97.28,97.28,93,94.59,179569,1694135941
2023-04-11,600941.SH,94.2,98.6,93.79,97.25,165869,1608305487
2023-04-12,600941.SH,96.8,98.32,94.75,95.1,156026,1505747896
2023-04-13,600941.SH,95.1,99.6,94.54,98.3,184352,1806995747
2023-04-16,600941.SH,98.29,103,97.2,102.81,260663,2639747790
2023-04-17,600941.SH,102.7,106,101,105.68,250308,2592250878
2023-04-18,600941.SH,104.5,104.96,100.78,101.68,194774,1999540105
2023-04-19,600941.SH,100.88,104.25,99.64,102.7,215824,2200896176
2023-04-20,600941.SH,101.64,105.5,99.89,101.29,227761,2339167973
2023-04-23,600941.SH,100.3,102.89,99.3,100.8,149583,1509739948
2023-04-24,600941.SH,100.32,103.4,99.5,101.9,169219,1719832902
2023-04-25,600941.SH,100.99,101.39,96,97.48,184623,1816085546
2023-04-26,600941.SH,96.48,100,96.05,99.4,115896,1149052791
2023-04-27,600941.SH,99,101.6,98.77,101.12,122433,1227804347
2023-05-03,600941.SH,100.97,104,99.9,103.84,155699,1601754339
2023-05-04,600941.SH,103.05,104.51,100.94,101.97,109684,1121580475
2023-05-07,600941.SH,103.1,109.59,102.01,107.65,259409,2754880941
2023-05-08,600941.SH,107.18,107.5,103,103.72,147612,1554824427
2023-05-09,600941.SH,103.1,104.28,101.6,103,110721,1140076087
2023-05-10,600941.SH,102.35,102.5,97.95,99.95,175272,1748520447
2023-05-11,600941.SH,99.87,100.96,96,96.14,187046,1826505315
2023-05-14,600941.SH,95.5,97.69,92.48,96.91,220996,2091176050
2023-05-15,600941.SH,96.5,97.21,94.18,94.23,133217,1273652932
2023-05-16,600941.SH,93,93.2,90.2,91.09,247628,2259420022
2023-05-17,600941.SH,91.52,93.68,91.1,92.4,184083,1706395691
2023-05-18,600941.SH,92.09,93.9,90.88,93.11,132528,1228885696
2023-05-21,600941.SH,92.9,95.68,92.2,94.47,137277,1297127742
2023-05-22,600941.SH,94,95.3,91.57,91.6,127773,1187218062
2023-05-23,600941.SH,91.35,92.22,90.11,90.29,131841,1201633840
2023-05-24,600941.SH,90.39,91.6,88.94,91.5,135174,1220887948
2023-05-25,600941.SH,91,94.6,90.91,93.77,180015,1682614155
2023-05-28,600941.SH,93.8,95.99,93.8,94.45,112756,1069800332
2023-05-29,600941.SH,93.92,96.9,93.22,96.46,146456,1404164434
2023-05-30,600941.SH,96.02,98.01,95.7,96.4,125267,1214495573
2023-05-31,600941.SH,96.3,99.01,95.98,98.84,144268,1413067938
2023-06-01,600941.SH,99,99.95,97.5,99.29,98851,978922907
2023-06-04,600941.SH,99.36,99.66,97.25,97.5,90066,884440816
2023-06-05,600941.SH,97.6,99.36,97.36,98.33,85669,844663951
2023-06-06,600941.SH,96.68,97.6,94.9,95.85,78343,751023076
2023-06-07,600941.SH,95.8,97.68,94.85,96.9,79543,767979600
2023-06-08,600941.SH,96.7,102.66,96.17,102.66,146586,1456332140
2023-06-11,600941.SH,100.68,102,99.2,99.8,101169,1013877915
2023-06-12,600941.SH,99.69,100.55,96.5,97.52,145090,1412827308
2023-06-13,600941.SH,97.3,97.4,95.83,96.5,122010,1175947631
2023-06-14,600941.SH,96.81,97.89,95.95,97.17,109568,1060625559
2023-06-15,600941.SH,97.16,97.3,95.2,95.74,144971,1391845216
2023-06-18,600941.SH,95.78,96.48,93.06,96,172823,1644209672
2023-06-19,600941.SH,95.6,96.06,93.98,94.5,116509,1104924290
2023-06-20,600941.SH,93.59,93.97,92,92.33,150718,1397067984
2023-06-25,600941.SH,91.32,95,91.14,93.04,134072,1255324026
2023-06-26,600941.SH,93.55,96.2,92.8,94.45,136789,1296477927
2023-06-27,600941.SH,94.03,94.38,92.78,93.44,91230,852557589
2023-06-28,600941.SH,92.85,94.65,92.85,94.02,83172,780648168
2023-06-29,600941.SH,93.55,94.19,92.9,93.3,82523,770161907
2023-07-02,600941.SH,93.3,95.82,92.42,94.8,143198,1345023405
2023-07-03,600941.SH,94.44,95.5,94.31,95.19,93822,892116054
2023-07-04,600941.SH,95.01,95.54,93.83,94.32,87123,822255292
2023-07-05,600941.SH,94.31,95.2,93.72,94.21,62116,586715005
2023-07-06,600941.SH,93.8,94.5,92.89,93.19,61291,573008976
2023-07-09,600941.SH,93.37,94.34,92.58,93,53787,501373667
2023-07-10,600941.SH,93.03,93.98,92.89,93.35,53773,501949844
2023-07-11,600941.SH,93.35,93.35,90.75,90.9,141995,1301546601
2023-07-12,600941.SH,91.4,92.45,90.8,91.91,96023,878721996
2023-07-13,600941.SH,91.9,97.85,91.89,95.35,292335,2783120155
2023-07-16,600941.SH,95.3,97.42,94.4,95.28,137324,1316996499
2023-07-17,600941.SH,94.9,95.82,94.5,95.11,55586,529341373
2023-07-18,600941.SH,95.11,96.23,94.73,95.25,45714,435290545
2023-07-19,600941.SH,95.34,95.62,94.52,94.69,57570,547340588
2023-07-20,600941.SH,94.5,95.35,93.85,94.8,44894,425408123
2023-07-23,600941.SH,94.69,96.86,94.2,96.55,91763,882961843
2023-07-24,600941.SH,97.49,97.75,95,95.5,106621,1019524833
2023-07-25,600941.SH,95.5,95.73,94.3,94.6,48366,458582675
2023-07-26,600941.SH,94.6,95.15,93.96,94.2,54180,512454877
2023-07-27,600941.SH,93.85,95.7,92.9,95.06,116298,1097536161
2023-07-30,600941.SH,95.2,95.4,93.49,93.75,138274,1300511914
2023-07-31,600941.SH,93.6,94.46,93.26,94.29,62135,584131735
2023-08-01,600941.SH,94.08,94.22,93.33,93.39,51225,479127325
2023-08-02,600941.SH,93.3,94.23,93.18,93.63,55428,519591283
2023-08-03,600941.SH,93.98,97.5,93.9,96.91,195465,1884483798
2023-08-06,600941.SH,96.01,96.62,95.4,96.32,69255,665289680
2023-08-07,600941.SH,96.3,97.33,96,96.74,51129,494967481
2023-08-08,600941.SH,96.69,96.99,96.12,96.22,39533,381429201
2023-08-09,600941.SH,96.65,97.73,96.26,97.48,67630,657522871
2023-08-10,600941.SH,97.8,100.46,97.2,98,155432,1538884896
2023-08-13,600941.SH,97,100.2,96.9,99.59,135270,1339163768
2023-08-14,600941.SH,99.61,100.18,98.66,99.59,85385,849882300
2023-08-15,600941.SH,99.35,100.2,95.01,96.49,120834,1170295426
2023-08-16,600941.SH,95.86,96.58,95,96.33,67314,644590701
2023-08-17,600941.SH,96.3,96.79,94.2,94.41,59059,562433026
2023-08-20,600941.SH,94.7,98.87,94.6,97.36,121868,1185639851
2023-08-21,600941.SH,98.01,100.98,97.13,100.45,159235,1587695857
2023-08-22,600941.SH,99.9,100.5,98.91,99.21,84302,841635797
2023-08-23,600941.SH,99.36,99.75,97.02,97.99,93482,916061146
2023-08-24,600941.SH,97,98.25,96.07,97.59,78982,766249296
2023-08-27,600941.SH,100.95,101.43,98,98.55,113085,1122391657
2023-08-28,600941.SH,98.3,99.82,97.77,98.35,94990,935966029
2023-08-29,600941.SH,98.43,98.79,97.85,98.66,77062,757753157
2023-08-30,600941.SH,98.8,100.88,98.5,100.48,124466,1244773290
2023-08-31,600941.SH,98.29,98.29,96.33,96.9,88157,856636200
2023-09-03,600941.SH,96.99,99.31,96.99,97.98,89873,882556792
2023-09-04,600941.SH,97.97,98,96.59,96.99,61806,599268966
2023-09-05,600941.SH,96.87,96.89,95.24,96.05,60528,580772295
2023-09-06,600941.SH,95.99,97,95.6,96.31,49107,473551182
2023-09-07,600941.SH,96.01,98.87,95.71,97.67,77266,752563907
2023-09-10,600941.SH,98.4,99.2,97.65,98.46,63091,620707735
2023-09-11,600941.SH,98.55,99.82,97.96,99.4,53798,532733088
2023-09-12,600941.SH,99.48,99.85,98.81,99.63,57787,573661130
2023-09-13,600941.SH,99.66,102.22,99.63,101.37,94703,959473547
2023-09-14,600941.SH,101,102.32,100.28,101.97,71322,723640227
2023-09-17,600941.SH,101.54,101.54,98.95,99.23,83950,835387801
2023-09-18,600941.SH,99.3,101.2,99.17,100.88,65112,653669831
2023-09-19,600941.SH,101.13,102.16,100.2,100.4,44009,444181727
2023-09-20,600941.SH,100.4,101,99.8,100.38,46285,464448329
2023-09-21,600941.SH,100.23,100.38,98.58,99.86,67777,672828927
2023-09-24,600941.SH,99.96,99.97,98.68,99.21,52405,519408936
2023-09-25,600941.SH,99.19,99.77,96.59,97.18,100312,979925210
2023-09-26,600941.SH,97.21,97.5,96.83,97.25,48069,467356000
2023-09-27,600941.SH,97.57,97.63,96.2,96.82,71667,693035182
2023-10-08,600941.SH,96.82,99.93,96.3,99.03,107183,1055714181
2023-10-09,600941.SH,98.91,99.33,98,98.72,43405,427591728
2023-10-10,600941.SH,98.73,98.9,97.4,98.25,49287,483108995
2023-10-11,600941.SH,98.9,99.58,97.85,98.68,52820,522426531
2023-10-12,600941.SH,98.68,100.38,98.32,99.73,64088,638618431
2023-10-15,600941.SH,99.74,100.7,99.03,99.86,52232,521943838
2023-10-16,600941.SH,100.3,104.09,99.5,103.42,120770,1240895359
2023-10-17,600941.SH,102.9,103.42,101.75,102.6,60304,619822775
2023-10-18,600941.SH,102.05,102.38,100.19,100.49,66600,672521918
2023-10-19,600941.SH,100.5,100.7,97.7,98.49,80858,795638660
2023-10-22,600941.SH,98,99.2,97.5,98.75,70263,692283927
2023-10-23,600941.SH,98.7,99.28,95.38,96,150116,1449453303
2023-10-24,600941.SH,96.39,96.4,91.21,91.9,234047,2173696047
2023-10-25,600941.SH,90.53,92.88,90.03,92.81,112670,1034357500
2023-10-26,600941.SH,92.38,93.26,92,92.89,78958,732240175
2023-10-29,600941.SH,92.09,92.8,89.5,91.17,158185,1432571363
2023-10-30,600941.SH,91,92.93,90.61,92.34,100996,930170359
2023-10-31,600941.SH,92,93.97,91,93.5,88829,825987563
2023-11-01,600941.SH,93.49,94.18,92.88,93.68,66142,619755804
2023-11-02,600941.SH,93.6,94.31,93.05,93.67,49320,461886262
2023-11-05,600941.SH,93.67,93.67,90.6,91.15,198735,1810226672
2023-11-06,600941.SH,90.88,91.45,90.01,91.14,132050,1198578128
2023-11-07,600941.SH,90.85,91.67,90.04,91.48,139067,1260533461
2023-11-08,600941.SH,90.91,91.27,90.55,90.8,77710,705418228
2023-11-09,600941.SH,90.9,91.08,90.09,90.8,78783,714790250
2023-11-12,600941.SH,90.8,91.3,90.6,91,54066,491740624
2023-11-13,600941.SH,91.1,91.23,90.47,90.78,46654,423399324
2023-11-14,600941.SH,90.98,91.02,90.02,90.24,95022,856963052
2023-11-15,600941.SH,90.22,90.66,88.88,90.6,122016,1095450531
2023-11-16,600941.SH,90,90.2,89,89.43,111627,996763256
2023-11-19,600941.SH,89.35,89.58,88.79,88.85,77604,691021749
2023-11-20,600941.SH,88.84,88.84,88,88.28,105317,930009548
2023-11-21,600941.SH,88.02,90.24,88.01,89.68,129855,1160199168
2023-11-22,600941.SH,89.31,90.05,88.7,89.88,68046,609412253
2023-11-23,600941.SH,90.1,90.55,89.5,90.37,76953,693604575
2023-11-26,600941.SH,90.02,90.18,88,88.8,73834,658284812
2023-11-27,600941.SH,88.6,89.07,88.02,88.23,55786,492519984
2023-11-28,600941.SH,88.2,88.67,87.35,88.51,54044,476342540
2023-11-29,600941.SH,88.7,91.08,88.51,90.98,141219,1278390965
2023-11-30,600941.SH,91.08,92.82,90.49,92.68,137948,1270457756
2023-12-03,600941.SH,92.65,93.28,91.81,92.2,47903,442552126
2023-12-04,600941.SH,92.3,92.79,91.46,91.5,67075,618786750
2023-12-05,600941.SH,91.07,91.78,90.02,90.67,44363,402650887
2023-12-06,600941.SH,90.6,91.59,90.44,90.95,40385,367638231
2023-12-07,600941.SH,90.8,92.3,90.12,91.73,60348,551973267
2023-12-10,600941.SH,91.46,92.98,90.9,92.6,78664,726143282
2023-12-11,600941.SH,92.63,93,92,92.5,62398,577035569
2023-12-12,600941.SH,92.1,92.89,92.1,92.48,56916,526909626
2023-12-13,600941.SH,92.39,94,92.23,93,80123,746992116
2023-12-14,600941.SH,92.79,93.5,92.46,92.65,57110,529731418
2023-12-17,600941.SH,92.26,93.44,92.13,93.39,69089,643460542
2023-12-18,600941.SH,93.06,95.55,93.06,95.1,98229,930634205
2023-12-19,600941.SH,95.07,95.29,94,94.07,52380,495374817
2023-12-20,600941.SH,93.92,94.44,91.8,92.48,86927,805889431
2023-12-21,600941.SH,92.32,94.98,92.2,94.35,89428,841618248
2023-12-24,600941.SH,94.35,95.5,92.88,95.3,82871,781296020
2023-12-25,600941.SH,94.99,97.16,94.9,96.8,102801,994236142
2023-12-26,600941.SH,96.69,99.49,96.01,99.09,129726,1277455507
2023-12-27,600941.SH,99.05,101.1,96.7,97.59,180752,1771938573
2023-12-28,600941.SH,97.26,99.7,96.11,99.48,121577,1193975201
2024-01-01,600941.SH,98.7,99.79,97.66,98.73,80189,791371093
2024-01-02,600941.SH,98.58,99.5,97.1,97.9,83459,815692759
2024-01-03,600941.SH,97.66,99.45,97.2,99.19,94591,930760695
2024-01-04,600941.SH,99.2,99.7,97.37,98.25,88022,863024849
2024-01-07,600941.SH,97.73,98.56,97.01,98.39,82982,813769644
2024-01-08,600941.SH,98.2,98.46,96.59,97.86,67519,658047000
2024-01-09,600941.SH,97.69,98.48,96.23,96.53,62937,611534311
2024-01-10,600941.SH,96.21,96.31,93.69,95.36,88266,838876652
2024-01-11,600941.SH,94.7,96.1,94.12,95.3,55732,530555638
2024-01-14,600941.SH,95.19,97.1,95,96.65,60937,586788488
2024-01-15,600941.SH,96.65,97.15,95.84,96.74,66337,639838398
2024-01-16,600941.SH,96.74,97.11,95.77,95.89,64153,619544234
2024-01-17,600941.SH,95.58,98.5,94.4,98.18,100510,966838462
2024-01-18,600941.SH,97.6,98.46,97,98.16,64655,632279638
2024-01-21,600941.SH,98.16,98.4,96.27,96.96,89655,875714143
2024-01-22,600941.SH,96.69,96.69,94.66,95.28,78295,747866192
2024-01-23,600941.SH,95,97.66,94.85,97.1,79697,768948622
2024-01-24,600941.SH,97.1,101,96.41,100.51,166512,1658856165
2024-01-25,600941.SH,99.6,102.28,98.63,101.4,115371,1160652357
2024-01-28,600941.SH,100.82,105.01,100.77,102.85,131160,1360600260
2024-01-29,600941.SH,102.5,103.36,101.1,101.2,80294,819803725
2024-01-30,600941.SH,100.87,102.98,99.79,102.43,87111,885051847
2024-01-31,600941.SH,101,102.37,100,100.86,84419,853802051
2024-02-01,600941.SH,100.86,102.8,100,101.88,100467,1021600535
2024-02-04,600941.SH,102.19,104.04,101.85,103.49,109139,1125826714
2024-02-05,600941.SH,103.44,104.39,100.65,101.45,143284,1459113361
2024-02-06,600941.SH,101,101.68,99.42,101.4,128661,1293707081
2024-02-07,600941.SH,101.03,101.2,99,101.2,113432,1134135610
2024-02-18,600941.SH,100.53,104.04,99.47,103.95,116439,1191286253
2024-02-19,600941.SH,103.98,106.96,103.43,106,144067,1519738243
2024-02-20,600941.SH,105.85,106.54,104.95,105.15,94993,1003332233
2024-02-21,600941.SH,105.9,107.08,105.19,106.73,94153,998222400
2024-02-22,600941.SH,106.57,106.59,104.35,104.68,91009,958556378
2024-02-25,600941.SH,104.01,104.92,102.68,103.16,82306,852450992
2024-02-26,600941.SH,103.15,103.59,102.58,103.46,73299,755584738
2024-02-27,600941.SH,103,103.26,100.5,101.6,171429,1738227277
2024-02-28,600941.SH,101.1,102.12,101,102,100632,1022285943
2024-02-29,600941.SH,101.54,102.61,101.41,101.93,90903,926875385
2024-03-03,600941.SH,101.63,104.52,101.41,104.01,130645,1351892013
2024-03-04,600941.SH,104.2,105.21,103.52,105,111583,1166120655
2024-03-05,600941.SH,105,106.5,104.67,105.59,110907,1171334941
2024-03-06,600941.SH,104.99,105.96,104.3,105.46,79980,841703895
2024-03-07,600941.SH,104.98,109.18,104.56,108.5,123382,1323178375
2024-03-10,600941.SH,108,108.69,106,106.89,97265,1042313840
2024-03-11,600941.SH,106.68,107.11,102.5,102.77,167967,1742980085
2024-03-12,600941.SH,102.52,102.9,101.01,102,128536,1308704993
2024-03-13,600941.SH,102.01,103.29,101.76,102.76,79784,818527949
2024-03-14,600941.SH,102.76,102.76,101.23,102.1,79617,811290387
2024-03-17,600941.SH,102.1,103.77,101.66,103.13,98342,1012882379
2024-03-18,600941.SH,103,103.89,101.9,103.18,94067,967537645
2024-03-19,600941.SH,103,104.5,102.71,103.74,83162,862579104
2024-03-20,600941.SH,103.4,103.78,102.5,102.68,73820,760438614
2024-03-21,600941.SH,103.12,106.27,101.73,105.39,134099,1391042620
2024-03-24,600941.SH,105,105.95,103.86,104,105210,1102925781
2024-03-25,600941.SH,103.38,104.76,103.38,104.01,70588,733556952
2024-03-26,600941.SH,103.99,106.48,103.5,105.31,117374,1235515282
2024-03-27,600941.SH,105.1,106.15,104.42,106.09,67900,715977865
2024-03-28,600941.SH,105.88,106.88,104.88,105.76,79914,845521046
2024-03-31,600941.SH,105.77,105.96,104.46,104.59,90643,950773157
2024-04-01,600941.SH,104.4,105.34,104.2,104.44,60048,628452587
2024-04-02,600941.SH,104.1,104.95,103.69,104.55,68931,719982700
2024-04-07,600941.SH,104.15,106.25,104.02,105.61,79831,842503958
2024-04-08,600941.SH,105.4,105.79,103.8,104.76,66804,698316997
2024-04-09,600941.SH,104.44,105.89,104.09,104.68,63997,671997020
2024-04-10,600941.SH,104.39,104.94,102.92,103.02,85527,886480710
2024-04-11,600941.SH,103.02,103.4,100.8,101.05,126632,1290241066
2024-04-14,600941.SH,101.05,104.98,101,104.84,131262,1361666704
2024-04-15,600941.SH,104.9,105.86,104.32,105.2,93419,983447824
2024-04-16,600941.SH,104.9,106.3,103.38,106.1,79286,835595755
2024-04-17,600941.SH,105.76,107.69,104.95,105.15,80433,855068551
2024-04-18,600941.SH,104.85,107.08,104.81,106.76,87377,929897967
2024-04-21,600941.SH,106.73,108,105.89,106.13,69443,741255549
2024-04-22,600941.SH,106.05,106.5,104.1,104.66,85508,896033822
2024-04-23,600941.SH,104.66,105.35,104.3,104.85,62698,657579185
2024-04-24,600941.SH,104.8,104.97,103.7,104.3,53622,559051293
2024-04-25,600941.SH,104.3,105,103.2,103.66,121499,1260841780
2024-04-28,600941.SH,103.67,103.67,102.11,102.79,151835,1557059972
2024-04-29,600941.SH,102.8,104.1,102.53,102.67,104438,1077194386
2024-05-05,600941.SH,103,103.04,100.2,100.8,278152,2804473285
2024-05-06,600941.SH,100.94,101.72,100.4,101.12,111399,1125903108
2024-05-07,600941.SH,101.12,101.58,100.28,101.03,100847,1018752905
2024-05-08,600941.SH,100.9,101.25,99.88,100.3,163120,1638239351
2024-05-09,600941.SH,100.2,101.85,99.5,101.4,189387,1917409802
2024-05-12,600941.SH,100.84,101.42,100.49,100.99,93863,947042519
2024-05-13,600941.SH,101,101.1,100.05,100.25,76405,766360172
2024-05-14,600941.SH,100.03,100.55,99.21,100.03,97792,975568507
2024-05-15,600941.SH,100.03,100.03,98.6,98.9,141660,1402753846
2024-05-16,600941.SH,98.89,98.89,97.6,98.17,143568,1406525824
2024-05-19,600941.SH,98.1,98.16,96.8,98.02,222089,2163089869
2024-05-20,600941.SH,97.89,99.29,97.8,98.86,129997,1283316118
2024-05-21,600941.SH,98.98,99.29,98.24,98.52,97330,960988640
2024-05-22,600941.SH,98.4,98.59,97.55,98.29,74716,733470843
2024-05-23,600941.SH,98.17,98.98,97.96,98.06,87789,864950945
2024-05-26,600941.SH,98.18,100.58,98.1,100.33,160079,1597105741
2024-05-27,600941.SH,100,100.55,99.51,99.75,70583,705517443
2024-05-28,600941.SH,99.8,100,99.04,99.8,66605,663020565
2024-05-29,600941.SH,99.6,100.85,99.4,100.36,105832,1062821864
2024-05-30,600941.SH,100.55,100.85,99.56,100.2,84412,844431233
2024-06-02,600941.SH,100.21,102.14,100.21,101.89,137168,1392431004
2024-06-03,600941.SH,101.8,102.35,101.49,102.1,115881,1181956677
2024-06-04,600941.SH,102.07,103,101.1,101.68,129972,1325792506
2024-06-05,600941.SH,99.99,102.01,99.31,100.52,136657,1378167440
2024-06-06,600941.SH,100.45,101.36,100.1,101,84780,856400156
2024-06-10,600941.SH,101.2,101.78,99.51,100.58,83780,842455306
2024-06-11,600941.SH,100.31,100.61,99.61,100.4,75160,751824929
2024-06-12,600941.SH,100.25,101.41,99.64,101.31,95836,964891008
2024-06-13,600941.SH,101.05,101.79,99.63,100.98,124899,1259974563
2024-06-16,600941.SH,100.4,100.69,98.83,98.9,123498,1229370777
2024-06-17,600941.SH,98.86,100.11,98.18,99.96,129080,1279964823
2024-06-18,600941.SH,100,101.5,99.94,101.44,116217,1175154885
2024-06-19,600941.SH,101.44,101.78,100.9,101.5,79784,808687721
2024-06-20,600941.SH,101.35,102.98,101.13,102.55,96950,992169002
2024-06-23,600941.SH,102.55,103.33,102,102.5,95226,979174096
2024-06-24,600941.SH,102.32,102.82,101.54,102.4,84779,866759448
2024-06-25,600941.SH,102.1,103.3,101.6,102.66,64887,665259019
2024-06-26,600941.SH,102.66,105,102.32,104.79,151554,1580098337
2024-06-27,600941.SH,104.35,107.75,104.3,107.5,150663,1598694155
2024-06-30,600941.SH,107.12,109.42,106.52,107.46,152023,1636482874
2024-07-01,600941.SH,106.88,109.46,106.88,108.92,94100,1021292866
2024-07-02,600941.SH,108.77,110.59,108.76,110.21,98904,1086494484
2024-07-03,600941.SH,109.6,110.39,108.05,109.15,92418,1007712151
2024-07-04,600941.SH,109.22,109.84,106.2,108,112870,1211284863
2024-07-07,600941.SH,107.4,109.92,106.7,109.41,111693,1216908006
2024-07-08,600941.SH,109.3,109.99,108.3,108.78,82147,895296177
2024-07-09,600941.SH,108.38,109.4,106.69,107.56,79845,858213632
2024-07-10,600941.SH,107.3,107.9,105.88,107.2,70226,749780362
2024-07-11,600941.SH,106.7,108.2,106.31,107.91,81729,878809250
2024-07-14,600941.SH,107.68,109.95,107.61,109.2,81904,893120696
2024-07-15,600941.SH,108.99,110.5,108.95,110.5,73069,803186737
2024-07-16,600941.SH,110.5,110.69,107.8,108.64,91886,999991233
2024-07-17,600941.SH,108.17,112.88,108.1,112.04,143040,1586824847
2024-07-18,600941.SH,111.8,113.4,111.15,113.2,101480,1138704665
2024-07-21,600941.SH,112.54,113.99,109,110.19,141542,1561203413
2024-07-22,600941.SH,109.79,112.15,109.31,110.96,93869,1041704787
2024-07-23,600941.SH,110.6,112.45,110,111.98,82780,923745782
2024-07-24,600941.SH,111.89,112.69,109.9,110.98,88253,981975344
2024-07-25,600941.SH,110.94,110.94,104.99,106,171590,1823620951
2024-07-28,600941.SH,105.5,107.2,104.03,106.6,129255,1362354667
2024-07-29,600941.SH,106.01,108.13,105.83,107.67,82419,882261264
2024-07-30,600941.SH,107.5,108.06,104.25,105.12,146082,1535174622
2024-07-31,600941.SH,104.68,105.95,104.61,105.02,80117,843270098
2024-08-01,600941.SH,104.77,107.1,104.75,106.59,90367,960109088
2024-08-04,600941.SH,106.5,107.5,105.18,105.43,71554,759120840
2024-08-05,600941.SH,105.7,105.8,102.66,104.49,107763,1118274503
2024-08-06,600941.SH,104.18,105.4,103.7,103.94,66137,689376630
2024-08-07,600941.SH,103.94,104.6,103.41,103.94,56444,587524290
2024-08-08,600941.SH,103.95,104.16,100.73,102,164145,1672993573
2024-08-11,600941.SH,101.83,101.95,99.88,100.14,117136,1177516896
2024-08-12,600941.SH,100,100.98,100,100.7,71467,718151183
2024-08-13,600941.SH,100.7,103.7,100.44,102.96,121669,1243095374
2024-08-14,600941.SH,102.8,104.94,102.7,104.94,92758,969375888
2024-08-15,600941.SH,104.94,105.44,104.42,104.86,54724,573663313
2024-08-18,600941.SH,104.87,105.29,104.3,104.9,53280,558028614
2024-08-19,600941.SH,104.91,105.79,104.38,105.15,63647,667989731
2024-08-20,600941.SH,104.74,105.16,103.4,104.5,51236,534591670
2024-08-21,600941.SH,104.33,105.58,104.2,105.55,63125,663439376
2024-08-22,600941.SH,105.32,106.46,104.75,105.56,68414,722996012
2024-08-25,600941.SH,105.46,106.49,104.81,106.05,60088,635723858
2024-08-26,600941.SH,106.05,108.2,105.74,107.67,92010,986351252
2024-08-27,600941.SH,107.5,108.02,106.5,107.7,59406,637198060
2024-08-28,600941.SH,107.55,107.85,105.64,106.4,73666,786429645
2024-08-29,600941.SH,106.01,106.49,103.89,104.99,131344,1375599511
2024-09-01,600941.SH,102.5,103.37,101.5,102.9,69088,709947230
2024-09-02,600941.SH,102.95,103.48,101.85,103.19,73481,754539379
2024-09-03,600941.SH,102.6,103.39,102.18,102.78,54869,565396999
2024-09-04,600941.SH,103.36,103.5,101,101.66,74266,755781912
2024-09-05,600941.SH,101.67,102.5,101.45,101.9,60265,615477718
2024-09-08,600941.SH,101.6,102.49,100.01,100.26,74976,754454387
2024-09-09,600941.SH,100.27,102.35,100.2,101.92,69955,710266326
2024-09-10,600941.SH,101.92,102.18,99.22,99.42,96159,961557975
2024-09-11,600941.SH,99.6,99.78,98.1,98.86,65188,644169350
2024-09-12,600941.SH,98.8,100.7,98.78,100.25,77825,779239679
2024-09-17,600941.SH,100.26,101.41,100.26,100.71,50392,508214080
2024-09-18,600941.SH,100.75,100.84,99.66,99.92,68786,687626199
2024-09-19,600941.SH,99.9,101.45,98.96,101.4,64137,644020334
2024-09-22,600941.SH,100.96,101.7,100.86,101.05,53946,545445880
2024-09-23,600941.SH,101.4,104.9,100.88,104.19,117698,1212748049
2024-09-24,600941.SH,104.99,108,103.56,103.9,122722,1292290681
2024-09-25,600941.SH,103.9,105,103.31,104.93,112747,1175274175
2024-09-26,600941.SH,104.99,105.3,101.37,104.29,278377,2866218060
2024-09-29,600941.SH,105.01,111.8,103.61,109.7,497962,5296250818
2024-10-07,600941.SH,118.01,119,106.71,110.14,450180,5037416871
2024-10-08,600941.SH,108.5,110,105.7,106.62,251778,2715542973
2024-10-09,600941.SH,106.62,111.5,106.58,108.8,257625,2810846632
2024-10-10,600941.SH,108,110,106.9,108.57,180201,1958873349
2024-10-13,600941.SH,107.94,111.7,107.94,110.8,184979,2042080465
2024-10-14,600941.SH,110.5,110.68,107.58,107.64,133334,1451936871
2024-10-15,600941.SH,107.13,108.31,106.47,107.09,83983,901331269
2024-10-16,600941.SH,107.77,107.9,105.46,105.64,100150,1065941004
2024-10-17,600941.SH,105.62,108.17,105.07,107.1,129893,1384923777
2024-10-20,600941.SH,107.11,107.13,105.38,106.3,156253,1655583970
2024-10-21,600941.SH,105.43,105.56,103.8,104.38,213408,2229633979
2024-10-22,600941.SH,104.38,105,103.88,104.35,122122,1274208529
2024-10-23,600941.SH,103.79,103.79,101.65,102.22,209446,2140205041
2024-10-24,600941.SH,102.01,102.58,101.33,101.93,161234,1642593326
2024-10-27,600941.SH,101.88,102.33,101.4,102.29,116233,1185126417
2024-10-28,600941.SH,102.37,102.68,101,102.2,164929,1678960773
2024-10-29,600941.SH,101.91,102.45,101.62,102.18,92433,942693241
2024-10-30,600941.SH,102.12,103.14,102.12,102.65,128749,1321523357
2024-10-31,600941.SH,102.5,103.68,102.19,103.4,130617,1346652945
2024-11-03,600941.SH,103.45,103.74,102,102.82,105794,1085743417
2024-11-04,600941.SH,102.39,102.85,102.06,102.85,170551,1747544207
2024-11-05,600941.SH,102.54,102.94,102.03,102.23,145550,1490730042
2024-11-06,600941.SH,101.99,102.86,101.51,102.86,153587,1571176931
2024-11-07,600941.SH,102.86,103.44,102,102.81,166208,1708496396
2024-11-10,600941.SH,102.6,102.6,101.7,102.04,130111,1326562171
2024-11-11,600941.SH,101.97,102.11,100.52,100.85,152354,1543913133
2024-11-12,600941.SH,100.57,106.6,100.5,105.03,365953,3811702175
2024-11-13,600941.SH,103.77,104.6,102.81,103.66,165449,1714885072
2024-11-14,600941.SH,103.4,108,103.22,105.03,267658,2821185464
2024-11-17,600941.SH,104.6,106.8,104.01,104.67,190348,2004973566
2024-11-18,600941.SH,104.4,104.5,102.88,103.68,124379,1288606551
2024-11-19,600941.SH,103.17,104.18,102.32,103.88,109089,1127280642
2024-11-20,600941.SH,103.58,104.38,103.23,103.57,64389,667501127
2024-11-21,600941.SH,103.38,104.2,103.16,103.4,99551,1031212200
2024-11-24,600941.SH,103.3,104.98,102.88,103.7,98931,1028585941
2024-11-25,600941.SH,103.5,105.6,103.22,105.42,132971,1396206496
2024-11-26,600941.SH,105.42,106.69,105.15,106.36,128616,1366099169
2024-11-27,600941.SH,105.92,106.6,105.4,106.05,82433,874551554
2024-11-28,600941.SH,106.11,108.13,105.7,106.38,134583,1438428713
2024-12-01,600941.SH,105.9,106.28,104.81,105.47,107177,1130093722
2024-12-02,600941.SH,105.3,107.09,104.98,106.96,113429,1207277304
2024-12-03,600941.SH,106.85,108.66,106.6,108.1,117195,1264896160
2024-12-04,600941.SH,108,108.57,107.11,107.45,91749,987745973
2024-12-05,600941.SH,107,108.2,107,107.22,97825,1051365949
2024-12-08,600941.SH,107.23,108.52,106.3,107.29,111802,1197365890
2024-12-09,600941.SH,107.3,108,106.33,106.9,171271,1829955067
2024-12-10,600941.SH,106.6,107.12,106.06,106.58,87762,933592209
2024-12-11,600941.SH,106.39,107.78,106.2,107.7,92155,988512036
2024-12-12,600941.SH,107.7,109.65,107.08,108.79,180291,1959248860
2024-12-15,600941.SH,108.63,113,108.6,112.15,250346,2794432359
2024-12-16,600941.SH,112.84,114.98,111.11,111.28,140578,1584372947
2024-12-17,600941.SH,111.18,114.78,111.18,113.98,112773,1282618958
2024-12-18,600941.SH,113.6,114.99,112.68,113.85,98609,1123346797
2024-12-19,600941.SH,113,113.7,111.1,111.4,123214,1381900356
2024-12-22,600941.SH,111.43,114.5,111.43,113.85,106505,1210429765
2024-12-23,600941.SH,113.41,115.5,113.04,114.89,102446,1173541804
2024-12-24,600941.SH,114.78,116.88,114.5,115.59,107415,1243639837
2024-12-25,600941.SH,115.5,115.57,113.03,114.38,120507,1374689161
2024-12-26,600941.SH,114.36,114.88,113.65,114.6,53781,614681411
2024-12-29,600941.SH,114.25,116.78,114.14,116.36,117181,1359928331
2024-12-30,600941.SH,116.23,119.51,116.01,118.16,152821,1803996098
2025-01-01,600941.SH,117.92,118.65,113.55,115,151277,1743228073
2025-01-02,600941.SH,114.11,114.9,112.62,114.08,112559,1281364586
2025-01-05,600941.SH,114.47,115.35,110.27,111.15,169949,1893385819
2025-01-06,600941.SH,110.9,111.49,108.21,111.23,154753,1697281595
2025-01-07,600941.SH,110.6,112.48,109.83,111.88,136953,1526304523
2025-01-08,600941.SH,111.7,111.7,109.18,110.05,87209,962320660
2025-01-09,600941.SH,110,110.59,108.91,109.3,88612,971953583
2025-01-12,600941.SH,109,110.46,107.29,108.4,106478,1154014068
2025-01-13,600941.SH,108.26,108.55,106.96,108.34,174966,1885297823
2025-01-14,600941.SH,107.93,109.48,107.4,108.39,114361,1240466619
2025-01-15,600941.SH,108.4,109.85,107.99,109.29,114225,1245403247
2025-01-16,600941.SH,109,110.5,108.48,109.1,91778,1005191720
2025-01-19,600941.SH,108.81,110,108.05,108.5,90593,984026840
2025-01-20,600941.SH,108.49,108.5,106.88,107.2,131944,1415351787
2025-01-21,600941.SH,106.6,108.47,106.6,108.32,118888,1281209066
2025-01-22,600941.SH,108.8,111.36,108.69,109.55,139355,1531137180
2025-01-23,600941.SH,109.31,110.2,108.75,109.02,98781,1079500903
2025-01-26,600941.SH,109.05,111.2,108.7,110.97,140111,1543347167
2025-02-04,600941.SH,110.39,110.6,107.91,108.3,135661,1470774112
2025-02-05,600941.SH,108.19,108.6,107.76,108.34,101464,1096344256
2025-02-06,600941.SH,108.01,108.68,107.01,108.14,189449,2038503336
2025-02-09,600941.SH,108.91,113.7,108.69,110,345047,3817918417
2025-02-10,600941.SH,109.77,111.67,109,109.79,178388,1968890625
2025-02-11,600941.SH,109.54,111.2,109.25,110.72,153941,1703081999
2025-02-12,600941.SH,110.72,112.05,110.13,110.61,161947,1800781463
2025-02-13,600941.SH,110.49,112.94,109.71,112.65,227478,2539385379
2025-02-16,600941.SH,113.27,115.13,112.11,113.21,259809,2949108341
2025-02-17,600941.SH,113.11,114.24,111.5,111.99,159498,1799289206
2025-02-18,600941.SH,111.9,113.25,111.58,112,143009,1604508000
2025-02-19,600941.SH,111.58,111.58,109.82,110.37,149502,1648355594
2025-02-20,600941.SH,110.5,116.1,110.45,114.5,351663,3992910600
2025-02-23,600941.SH,114.5,114.55,111.06,111.47,230523,2589269400
2025-02-24,600941.SH,110,110.49,108.36,108.8,205418,2244863990
2025-02-25,600941.SH,109.49,109.81,107.16,107.7,210463,2270236007
2025-02-26,600941.SH,107.5,107.61,106.56,107,168361,1801825154
2025-02-27,600941.SH,106.68,107.72,106.68,106.92,141950,1520761127
2025-03-02,600941.SH,106.93,107.32,105.8,106.23,153297,1635395453
2025-03-03,600941.SH,105.77,107,105.72,106.8,99563,1060391104
2025-03-04,600941.SH,106.66,108.81,106.38,108.38,165410,1786977154
2025-03-05,600941.SH,108.3,108.49,107.22,107.97,175939,1896917823
2025-03-06,600941.SH,107.9,108.59,107.13,108.59,141090,1519993057
2025-03-09,600941.SH,108.48,108.48,106.4,106.64,135921,1453249684
2025-03-10,600941.SH,106.04,107.71,106.03,107.22,102454,1092656736
2025-03-11,600941.SH,107,107,105.29,105.66,200843,2124946027
2025-03-12,600941.SH,105.67,106.24,105.4,105.79,110754,1172695313
2025-03-13,600941.SH,105.82,107,105.82,106.51,155648,1660001483
2025-03-16,600941.SH,106.55,106.66,105.81,105.99,128748,1364757123
2025-03-17,600941.SH,106.09,106.45,105.71,105.92,107023,1134479785
2025-03-18,600941.SH,106,106.07,105.33,105.81,95000,1004236290
2025-03-19,600941.SH,105.8,105.88,104.6,105,177384,1864601786
2025-03-20,600941.SH,105.1,108.18,105.1,106.65,354595,3798320242
2025-03-23,600941.SH,106.65,107.1,105.39,105.7,188131,1999239001
2025-03-24,600941.SH,105.88,106.27,105.39,105.9,103276,1094786810
2025-03-25,600941.SH,106,107.58,106,106.61,107859,1151155018
2025-03-26,600941.SH,106.8,107.48,106.3,106.51,99287,1061122762
2025-03-27,600941.SH,106.63,106.7,106.01,106.4,58051,616898694
2025-03-30,600941.SH,106.44,107.7,106.3,107.36,154433,1655613366
2025-03-31,600941.SH,107.38,107.39,106.38,107,105650,1128292883
2025-04-01,600941.SH,106.89,107.88,106.6,107.66,103746,1113899799
2025-04-02,600941.SH,107.3,109.36,107.18,108.99,170705,1855977605
2025-04-06,600941.SH,106.5,109.2,104.6,108.45,368285,3965124095
2025-04-07,600941.SH,107.99,111.7,107.5,111.6,322766,3549051527
2025-04-08,600941.SH,111.59,112.6,109.12,112.6,190321,2103957813
2025-04-09,600941.SH,111.7,111.7,109.1,110.9,171177,1882542875
2025-04-10,600941.SH,110.29,110.39,109.12,109.79,114881,1258626227
2025-04-13,600941.SH,109.3,110.96,108.62,110.4,132412,1458472808
2025-04-14,600941.SH,110.43,111.99,110.11,111.75,123241,1373850760
2025-04-15,600941.SH,111.7,114.16,111.24,114.02,186960,2119415726
2025-04-16,600941.SH,113.94,114.37,112.88,114.26,89977,1023749291
2025-04-17,600941.SH,113.99,114.81,113.4,114.79,82040,937490702
2025-04-20,600941.SH,114.29,114.74,112.46,112.9,121186,1372847110
2025-04-21,600941.SH,112.8,113.67,112.66,112.91,75555,854084536
2025-04-22,600941.SH,112.51,112.8,110.65,110.84,126176,1403110751
2025-04-23,600941.SH,110.5,111.04,110.01,110.46,73109,807584735
2025-04-24,600941.SH,110.47,110.99,110.07,110.95,61343,678460408
2025-04-27,600941.SH,110.87,113.35,110.52,112.26,114623,1288430609
2025-04-28,600941.SH,112.26,113.45,112.02,113.15,74123,837818604
2025-04-29,600941.SH,113.15,113.18,111.28,112.25,77125,867843321
2025-05-05,600941.SH,112.21,113.66,110.77,113.06,95678,1076006524
2025-05-06,600941.SH,113.18,114.3,112,114.3,126810,1436702344
2025-05-07,600941.SH,113.75,114.5,113.35,113.41,69158,786373770
2025-05-08,600941.SH,113.39,114.6,113.12,113.99,90306,1027927756
2025-05-11,600941.SH,113.9,114.17,113.21,113.7,70348,798846607
2025-05-12,600941.SH,113.69,113.79,112.6,113.43,80091,906573836
2025-05-13,600941.SH,113.29,114.5,113.29,113.96,103555,1179900635
2025-05-14,600941.SH,113.89,114.3,113.22,113.63,73852,838927456
2025-05-15,600941.SH,113.55,113.8,112.19,113.77,83578,945863562
2025-05-18,600941.SH,113.5,114.68,113.41,114.25,68935,787899984
2025-05-19,600941.SH,114.54,116,114.49,115.5,97546,1127459678
2025-05-20,600941.SH,115.8,115.98,114.83,115,58977,679237099
2025-05-21,600941.SH,115.1,115.74,114.27,114.83,61739,707924919
2025-05-22,600941.SH,114.7,115.5,114.2,114.2,59467,682755022
2025-05-25,600941.SH,114.4,114.75,113.68,114.6,53622,612384429
2025-05-26,600941.SH,114.55,116.19,114.37,115.9,82640,956232797
2025-05-27,600941.SH,115.77,116.37,114.63,114.85,56613,652462370
2025-05-28,600941.SH,114.85,115.2,114.47,114.94,50868,584516364
2025-05-29,600941.SH,114.93,116.99,114.71,116.83,88558,1028207835
2025-06-02,600941.SH,116.33,117.76,116.13,117.68,87988,1030279736
2025-06-03,600941.SH,117.6,117.98,117.26,117.63,79564,936020256
2025-06-04,600941.SH,117.54,118.68,116.88,118.25,78829,929628289
2025-06-05,600941.SH,116.4,116.75,115.15,116.61,70146,814325517
2025-06-08,600941.SH,116.5,117.08,114.15,114.32,103032,1185094656
2025-06-09,600941.SH,114.32,114.75,113.25,113.31,93499,1063804854
2025-06-10,600941.SH,113.31,113.68,113,113.36,61016,691780975
2025-06-11,600941.SH,113.36,113.57,111.56,111.64,105837,1186310425
2025-06-12,600941.SH,111.65,112.76,111.65,112.22,80863,907830474
2025-06-15,600941.SH,112.22,113.25,112.22,113.06,65984,744888969
2025-06-16,600941.SH,113.08,113.3,111.98,112.9,47135,530403829
2025-06-17,600941.SH,112.87,112.98,112.2,112.76,48101,541436031
2025-06-18,600941.SH,112.66,112.92,111.36,112.7,69973,785717864
2025-06-19,600941.SH,112.52,114.35,112.4,114.09,85879,974878603
2025-06-22,600941.SH,113.5,114.69,112,112.5,96479,1090510435
2025-06-23,600941.SH,112.5,113.16,112.37,112.68,81891,922903959
2025-06-24,600941.SH,112.38,113.08,112.07,112.8,92252,1039703059
2025-06-25,600941.SH,112.7,113.91,112.6,113.29,87135,985594093
2025-06-26,600941.SH,113.19,114.28,111.9,112.17,105219,1187447539
2025-06-29,600941.SH,111.6,113.1,111.58,112.55,81430,915553055
2025-06-30,600941.SH,112.5,112.94,112.1,112.56,49920,561844589
2025-07-01,600941.SH,112.5,112.87,111.87,111.89,59489,667042186
2025-07-02,600941.SH,111.9,112.11,111,111.2,96663,1077620401
2025-07-03,600941.SH,111.1,111.95,111.01,111.89,59039,658755302
2025-07-06,600941.SH,111.8,112.41,111.18,112.24,66347,743186699
2025-07-07,600941.SH,112.24,112.51,111.54,111.95,85209,954673780
2025-07-08,600941.SH,111.95,114.56,111.81,113.52,160177,1817877075
2025-07-09,600941.SH,113.52,113.98,112.16,112.4,102191,1154221436
2025-07-10,600941.SH,112.36,113.99,112.03,112.76,117293,1327267317
2025-07-13,600941.SH,112.81,113.66,112.63,113.18,55206,624914234
2025-07-14,600941.SH,113.02,113.44,112.22,112.42,65244,734594443
2025-07-15,600941.SH,112.43,113.33,112.43,112.95,62741,708655910
2025-07-16,600941.SH,112.9,113.28,111.59,111.76,117205,1312640162
2025-07-17,600941.SH,111.77,111.95,111.36,111.69,105441,1176094764
2025-07-20,600941.SH,111.5,111.69,111.16,111.27,105570,1174713180
2025-07-21,600941.SH,111.31,111.68,110.72,111.62,128901,1433579680
2025-07-22,600941.SH,111.66,112.08,111.16,111.38,104866,1169984902
2025-07-23,600941.SH,111.41,111.42,110.84,111,109736,1218863531
2025-07-24,600941.SH,111.01,111.14,110.17,110.28,117948,1303810109
2025-07-27,600941.SH,110.49,110.63,109.12,109.38,143702,1574621396
2025-07-28,600941.SH,109.4,109.58,108.81,109.2,100987,1101093576
2025-07-29,600941.SH,109.1,109.94,108.8,109.51,122189,1336920262
2025-07-30,600941.SH,109.41,109.48,108.4,108.56,104062,1131411008
2025-07-31,600941.SH,108.68,109.18,107.66,108.08,113364,1228040984
2025-08-03,600941.SH,107.93,108.37,107.77,108.12,92123,996126293
2025-08-04,600941.SH,108.15,109.07,107.89,109.07,103915,1128369213
2025-08-05,600941.SH,108.78,109.11,108.05,108.27,112998,1226873052
2025-08-06,600941.SH,108.24,108.24,107.69,107.84,130880,1411875977
2025-08-07,600941.SH,108.98,110.1,108.8,109.99,230119,2524519510
2025-08-10,600941.SH,109.77,110.18,108.85,108.98,195616,2136631683
2025-08-11,600941.SH,109.09,109.85,109.04,109.36,98261,1075337554
2025-08-12,600941.SH,109.67,109.68,108.9,109.22,114062,1244912129
2025-08-13,600941.SH,109.23,109.56,108.8,108.81,110104,1202558871
2025-08-14,600941.SH,108.85,109.15,108.25,108.33,133506,1446975599
2025-08-17,600941.SH,108.32,108.85,107.81,108.19,177030,1918270938
2025-08-18,600941.SH,108.36,108.54,107,107,274903,2956938209
2025-08-19,600941.SH,107.16,107.7,106.32,107.69,215433,2303122835
2025-08-20,600941.SH,107.58,109.06,107.29,109.02,213742,2319087339
2025-08-21,600941.SH,109.01,109.59,108.59,109.54,168537,1841919207
2025-08-24,600941.SH,109.6,110.18,108.89,110.09,176626,1934044362
2025-08-25,600941.SH,110.07,110.09,109.48,109.62,113130,1240850446
2025-08-26,600941.SH,109.82,110.2,108.75,108.8,149112,1633889578
2025-08-27,600941.SH,109,109.29,108.3,108.97,130841,1423028523
2025-08-28,600941.SH,109,109.99,108.66,109.5,162915,1782968817
2025-08-31,600941.SH,107.46,107.5,106.6,106.99,122628,1312560940
2025-09-01,600941.SH,106.99,108.09,106.51,107.9,193000,2075678543
2025-09-02,600941.SH,108,108,107,107.39,115633,1240919187
2025-09-03,600941.SH,107.19,107.19,105.5,106.75,155384,1650199426
2025-09-04,600941.SH,106.49,106.7,105.8,106.54,103974,1104408946
2025-09-07,600941.SH,106.54,108.39,106.03,108.11,186300,2004429291
2025-09-08,600941.SH,108,108.25,106.84,107,103396,1110327717
2025-09-09,600941.SH,107.06,109,106.75,108.47,146459,1585541449
2025-09-10,600941.SH,108.26,108.47,107.54,108.3,129237,1394222673
2025-09-11,600941.SH,108.19,108.51,107.53,107.75,101871,1099724663
2025-09-14,600941.SH,108.9,108.9,107.03,107.39,96968,1043309012
2025-09-15,600941.SH,107.22,107.61,106.97,107,87770,940163348
2025-09-16,600941.SH,107,107.28,106.51,106.74,94402,1008155952
2025-09-17,600941.SH,106.69,106.69,104.84,104.94,202775,2141134194
2025-09-18,600941.SH,104.98,105.5,104.9,105.44,88094,926981149
2025-09-21,600941.SH,105.42,105.68,104.85,104.98,107779,1132266269
2025-09-22,600941.SH,104.8,106.21,104.5,106.17,123936,1307763020
2025-09-23,600941.SH,105.98,106.66,105.7,106.52,103926,1105267920
2025-09-24,600941.SH,106.41,106.66,105.68,106,69122,732391523
2025-09-25,600941.SH,106.08,106.15,105.05,105.8,71751,757367362
2025-09-28,600941.SH,105.6,105.79,104.31,105.28,121873,1278762393
2025-09-29,600941.SH,105.12,105.15,104.51,104.68,83519,874429639
2025-10-08,600941.SH,104.16,105.68,103.8,105.44,136285,1425919332
2025-10-09,600941.SH,105.02,106.99,104.8,106.59,172567,1831903261
2025-10-12,600941.SH,106.2,107.44,105.68,106.95,137979,1472093655
2025-10-13,600941.SH,106.85,107.9,106.2,107.6,161720,1736920011
2025-10-14,600941.SH,107.21,107.91,106.68,107.12,84232,902263939
2025-10-15,600941.SH,107.13,107.9,106.81,107.81,80572,866721428
2025-10-16,600941.SH,107.61,108.36,107.47,107.93,122737,1325774639
2025-10-19,600941.SH,107.62,107.92,106.81,107.78,80991,870007157
2025-10-20,600941.SH,107.11,107.47,105.71,106.12,201826,2143105933
2025-10-21,600941.SH,105.8,106.48,105.76,106.2,86678,919928489
2025-10-22,600941.SH,106,106.86,106,106.69,80979,862813852
2025-10-23,600941.SH,106.7,107.3,106.59,106.87,78563,840256584
2025-10-26,600941.SH,106.71,107.7,106.39,106.7,109288,1169579047
2025-10-27,600941.SH,106.85,107.04,106.46,106.66,61171,652713495
2025-10-28,600941.SH,106.61,106.69,105.9,105.97,90486,960170766
2025-10-29,600941.SH,106.09,107.16,105.92,106.44,107347,1144134578
2025-10-30,600941.SH,106.45,106.68,105.12,105.79,143025,1510888734
2025-11-02,600941.SH,105.7,106.75,105.5,106.62,109077,1159953921
2025-11-03,600941.SH,106.63,107.99,106.3,107.66,150437,1615723975
2025-11-04,600941.SH,107.55,108.05,107.05,107.2,65307,701138001
2025-11-05,600941.SH,107.21,107.57,106.71,107.18,60535,648842605
2025-11-06,600941.SH,107,107.77,107,107.55,54587,586578620
2025-11-09,600941.SH,107.3,107.84,106.88,107.74,68098,732056797
2025-11-10,600941.SH,107.86,108,107.44,107.8,68418,737474341
2025-11-11,600941.SH,107.9,108.98,107.9,108.59,131085,1422658374
2025-11-12,600941.SH,108.58,108.93,106.75,107.33,143543,1541230165
2025-11-13,600941.SH,107.34,108,107.16,107.21,85392,919245571
2025-11-16,600941.SH,107.05,107.21,106.15,106.64,92383,983555149
2025-11-17,600941.SH,106.53,107.88,106.31,107.81,114460,1228217880
2025-11-18,600941.SH,107.79,108.13,107.47,107.89,77111,831885678
2025-11-19,600941.SH,107.61,109.28,107.61,108.69,143389,1558306426
2025-11-20,600941.SH,108.48,109.37,108.06,108.48,150221,1634006383
2025-11-23,600941.SH,108.48,109.2,107.5,108.72,135527,1468071310
2025-11-24,600941.SH,108.65,108.83,107.7,108.66,94645,1024266060
2025-11-25,600941.SH,108.6,109.61,108.32,108.97,98032,1068003340
2025-11-26,600941.SH,108.58,108.79,107.82,108.25,85382,923580309
2025-11-27,600941.SH,108.04,108.4,107.61,107.7,79618,859178697
2025-11-30,600941.SH,106.7,107.33,106.51,107.05,176233,1882464441
2025-12-01,600941.SH,106.87,107.6,106.78,107.35,104787,1124172308
2025-12-02,600941.SH,107.35,107.65,106.52,106.64,103647,1107982394
2025-12-03,600941.SH,106.68,106.94,105.92,106.11,117539,1248611438
2025-12-04,600941.SH,106.2,106.33,105.05,105.47,146012,1539924441
2025-12-07,600941.SH,105.47,105.6,104.42,104.51,194374,2037723420
2025-12-08,600941.SH,104.49,105,104.42,104.92,101809,1067026553
2025-12-09,600941.SH,104.77,105,104.46,104.7,67077,702205941
2025-12-10,600941.SH,104.7,104.86,104.29,104.31,83739,874640054
2025-12-11,600941.SH,104.31,104.48,103.92,104.36,159452,1660186120
2025-12-14,600941.SH,104.4,104.44,102.8,102.81,195471,2020734691
2025-12-15,600941.SH,102.8,103.25,102.11,102.99,109069,1119272226
2025-12-16,600941.SH,102.9,102.9,101.8,102.31,119595,1222268013
2025-12-17,600941.SH,102.2,102.54,101.8,101.9,97917,999468910
2025-12-18,600941.SH,102.01,102.43,101.86,102.16,88207,900904764
2025-12-21,600941.SH,102.01,102.26,100.86,101.16,205924,2085607728
2025-12-22,600941.SH,101,101.29,100.82,100.99,127708,1289364532
2025-12-23,600941.SH,100.94,101.94,100.1,101.52,164374,1658984681
2025-12-24,600941.SH,101.4,101.47,100.35,100.51,176342,1775386565
2025-12-25,600941.SH,100.3,101.11,100.12,100.84,147363,1482522711
2025-12-28,600941.SH,100.76,101.59,100.25,100.58,177896,1793909117
2025-12-29,600941.SH,100.5,100.9,100.22,100.35,87888,882278237
2025-12-30,600941.SH,100.35,101.13,100.35,101.05,107082,1079065469
2026-01-04,600941.SH,101.38,101.44,100,100.58,214780,2158943186
2026-01-05,600941.SH,100.58,100.73,100.13,100.66,152288,1529741403
2026-01-06,600941.SH,100.59,101.02,100.22,100.3,156919,1576801948
2026-01-07,600941.SH,100.3,100.45,100.04,100.12,131817,1319990563
2026-01-08,600941.SH,100.12,100.36,99.54,100.12,181778,1817591657
2026-01-11,600941.SH,100.44,100.59,100,100.4,161182,1616280467
2026-01-12,600941.SH,100.41,100.89,100.02,100.18,172108,1728861433
2026-01-13,600941.SH,100.18,100.21,99,99.03,262124,2610123256
2026-01-14,600941.SH,98.95,98.95,97,97.1,284762,2784067892
2026-01-15,600941.SH,97.13,97.81,96,96.28,217860,2106243962
2026-01-18,600941.SH,96.28,96.75,95.75,96.5,123916,1194204426
2026-01-19,600941.SH,96.5,97.44,96.27,97.32,130213,1263076480
2026-01-20,600941.SH,97.1,97.1,96,96.14,133323,1286511001
2026-01-21,600941.SH,96.23,96.93,96.1,96.25,97707,941655473
2026-01-22,600941.SH,96.41,96.41,95.24,95.38,157813,1507811099
2026-01-25,600941.SH,95.36,95.89,94.73,94.8,194694,1851348779
2026-01-26,600941.SH,94.82,95.09,94.25,94.26,148865,1408983463
2026-01-27,600941.SH,94.26,96.13,93.8,95.7,235716,2241310226
2026-01-28,600941.SH,95.34,97,94.71,96.98,209055,2005611519
2026-01-29,600941.SH,96.88,97.6,96.22,96.38,137526,1330261286
2026-02-01,600941.SH,93.1,93.42,91.51,92.66,321362,2973282961
2026-02-02,600941.SH,92.66,92.8,91.88,92.07,151625,1396598026
2026-02-03,600941.SH,92.01,95,91.98,94.93,194851,1826645132
2026-02-04,600941.SH,94.93,95.95,94.7,95.36,109096,1040225441
2026-02-05,600941.SH,95.52,95.75,94.83,95.11,81323,774214317
2026-02-08,600941.SH,95.17,95.24,94.07,94.24,111199,1050123734
2026-02-09,600941.SH,94.2,94.57,93.51,93.85,121503,1142319513
2026-02-10,600941.SH,93.87,94.33,93.87,94.15,52034,489718449
2026-02-11,600941.SH,94.19,94.28,93.1,93.29,85707,801821915
2026-02-12,600941.SH,93.35,93.47,92.56,92.61,88730,824206286
2026-02-23,600941.SH,93,94.8,92.77,94.67,124113,1167047791
2026-02-24,600941.SH,94.52,94.84,93.97,94.23,90823,857162757
2026-02-25,600941.SH,94.28,94.53,93.41,93.97,76672,719953653
2026-02-26,600941.SH,93.96,94.32,93.61,94.31,61686,580202594
2026-03-01,600941.SH,93.9,95.96,93.7,95.58,157657,1500274588
2026-03-02,600941.SH,95.67,96.44,95.28,95.63,136229,1306057339
2026-03-03,600941.SH,95.6,95.61,93.72,94.41,134148,1264656512
2026-03-04,600941.SH,94.4,95.96,94.08,95.61,116805,1111302833
2026-03-05,600941.SH,95.17,95.91,94.95,95.61,77541,739959783
2026-03-08,600941.SH,95.31,96.44,94.98,95.21,134613,1286713760
2026-03-09,600941.SH,95.16,95.42,94.53,95.4,83736,795381894
2026-03-10,600941.SH,95.41,96.88,95.34,96.59,137636,1325207315
2026-03-11,600941.SH,96.66,96.99,96.25,96.44,75589,729790686
2026-03-12,600941.SH,96.39,98.17,96.24,97.89,173241,1689803292
2026-03-15,600941.SH,97.89,98.78,97.6,97.7,127243,1248406253
2026-03-16,600941.SH,97.7,98.35,97.39,97.74,78892,772799122
2026-03-17,600941.SH,97.73,97.91,96.91,97.78,71978,700923988
2026-03-18,600941.SH,97.3,98.88,97.3,98.59,139994,1378249815
2026-03-19,600941.SH,98.34,98.39,96.13,96.25,146224,1420897618
2026-03-22,600941.SH,95.66,95.66,93.18,93.27,166305,1561221660
2026-03-23,600941.SH,93.71,94.5,93.37,93.88,101420,952231663
2026-03-24,600941.SH,93.2,94.15,93.18,93.85,82961,776883580
2026-03-25,600941.SH,93.8,94.29,93.3,93.87,73765,691207374
2026-03-26,600941.SH,93.19,93.58,93.02,93.42,74483,694822846
2026-03-29,600941.SH,93,93.53,92.29,93.4,94813,880244998
2026-03-30,600941.SH,93.4,94.49,93.21,93.79,87586,823309603
2026-03-31,600941.SH,94.15,94.32,93.58,93.85,74843,702615044
2026-04-01,600941.SH,93.83,93.83,93,93.28,60998,569686046
2026-04-02,600941.SH,93.29,93.49,92.69,93.02,70717,657608060
2026-04-06,600941.SH,93.03,93.53,92.94,93.38,54723,510229255
2026-04-07,600941.SH,93.51,93.99,93.41,93.99,76517,717417543
2026-04-08,600941.SH,93.75,93.78,93.36,93.64,52835,494263201
2026-04-09,600941.SH,93.65,94.2,93.49,94,71980,676029138
2026-04-12,600941.SH,93.77,93.83,93.46,93.66,56373,527634657
2026-04-13,600941.SH,93.6,93.97,93.31,93.55,63604,595089764
2026-04-14,600941.SH,93.5,93.88,93.41,93.71,77424,725061383
2026-04-15,600941.SH,93.69,93.97,93.58,93.66,58208,545653093
2026-04-16,600941.SH,93.66,93.66,93.31,93.47,60394,564473102
2026-04-19,600941.SH,93.31,93.38,93.2,93.3,53267,496905152
2026-04-20,600941.SH,93.96,96.74,93.96,96.66,231609,2214549782
2026-04-21,600941.SH,96.1,96.9,95.52,95.82,96667,928870864
2026-04-22,600941.SH,95.83,96.62,95.68,95.85,85904,825852118
2026-04-23,600941.SH,95.8,95.99,95.2,95.44,64328,614527246
2026-04-26,600941.SH,95.88,95.88,95.12,95.5,66440,634298357
2026-04-27,600941.SH,95.31,96.14,95.1,96.03,74313,710812120
2026-04-28,600941.SH,96,96.56,95.9,96.55,71248,686599573
2026-04-29,600941.SH,96.3,97.11,96.3,96.63,74410,720223155
2026-05-05,600941.SH,96.61,96.8,95.2,96.79,103839,996024002
2026-05-06,600941.SH,96.39,96.55,95.73,96.02,91290,876722160
2026-05-07,600941.SH,96.02,97.25,95.72,96.68,93394,901039870
2026-05-10,600941.SH,96.69,97.88,95.82,97.68,124150,1205624929
2026-05-11,600941.SH,97.5,98.2,97.12,97.37,90010,879103481
2026-05-12,600941.SH,97.18,98.03,97.01,97.89,95307,931183261
2026-05-13,600941.SH,97.89,98.95,97.51,98.53,138947,1367223079
2026-05-14,600941.SH,98.47,99.55,97.7,97.97,155387,1534324824
2026-05-17,600941.SH,98.98,101.95,98.4,100.35,243398,2433633144
2026-05-18,600941.SH,99.8,103.36,99.52,101,219794,2228841439
2026-05-19,600941.SH,100,100.18,98.57,99.16,118850,1179228891
2026-05-20,600941.SH,99.03,99.05,96.51,96.75,140863,1375658849
2026-05-21,600941.SH,96.7,96.89,95.79,95.98,88312,848861008
2026-05-24,600941.SH,96.11,96.8,95.65,96.62,81889,787307457
2026-05-25,600941.SH,96.51,97.48,96.33,97.19,77708,753626266
2026-05-26,600941.SH,97.06,97.8,96.36,97.58,77411,751504720
2026-05-27,600941.SH,97.55,98.35,96.8,98.18,88387,863048041
2026-05-28,600941.SH,98.18,99.48,97.99,99.1,77689,768636737
2026-05-31,600941.SH,98.8,99.1,98.2,98.9,75802,748444936
2026-06-01,600941.SH,98.9,100.49,98.38,100.42,95447,955025962
2026-06-02,600941.SH,100.42,100.9,99.5,100.16,82366,824452841
2026-06-03,600941.SH,100,100.47,98.73,100.16,95989,957848178
2026-06-04,600941.SH,98.11,98.48,97,97.33,76090,743118455
2026-06-07,600941.SH,97,97.52,95.08,96.6,86896,838285484
2026-06-08,600941.SH,96.17,96.77,95.5,95.86,66242,635075761
2026-06-09,600941.SH,96.01,98.3,96.01,97.27,116544,1137136148
2026-06-10,600941.SH,96.8,97.18,95.8,95.97,71158,684211414
2026-06-11,600941.SH,95.9,96.16,95.06,95.12,96746,922416878
2026-06-14,600941.SH,95.12,95.23,93.9,94.23,115381,1087968423
2026-06-15,600941.SH,94.06,94.06,92.88,92.99,113344,1056954502
2026-06-16,600941.SH,93.03,93.64,92.18,92.98,86489,802141623
2026-06-17,600941.SH,92.98,92.98,91.52,91.65,90288,829927140
2026-06-21,600941.SH,91.6,92.01,90.1,91.93,129374,1175626053
2026-06-22,600941.SH,91.78,92.39,90.33,90.52,96287,877680885
2026-06-23,600941.SH,90.52,90.7,88.67,88.7,125782,1124538946
2026-06-24,600941.SH,88.52,88.78,87.26,87.7,112671,988929304
2026-06-25,600941.SH,87.7,88.36,86.02,86.82,109666,952412578
2026-06-28,600941.SH,86.95,88.25,85.38,87.6,105339,916209743
2026-06-29,600941.SH,87.49,87.49,86.01,86.13,82047,708181717
2026-06-30,600941.SH,86,87.26,85.61,86.49,98981,855241957
2026-07-01,600941.SH,86.62,88.35,86.48,88.25,108065,945724251
2026-07-02,600941.SH,88.25,88.84,87.01,87.48,85504,750731034
2026-07-05,600941.SH,87.4,88.4,86.74,88,75611,663216337
2026-07-06,600941.SH,87.88,88.49,87.59,88.42,57806,509377636
2026-07-07,600941.SH,88.4,90.04,87.9,89.95,94404,843508619
2026-07-08,600941.SH,89.19,90.03,88.59,88.71,76534,684407121
2026-07-09,600941.SH,88.71,90,88,89.98,105401,940676263
2026-07-12,600941.SH,89.6,91.53,89.41,91.43,106085,962005538
2026-07-13,600941.SH,91.03,92.13,90.68,91.8,98292,899982274
2026-07-14,600941.SH,91.1,92.98,91.1,92.8,101408,936907496
2026-07-15,600941.SH,92.79,93.6,92.46,93.05,95336,887470274
2026-07-16,600941.SH,93,94.6,92.81,93.4,166829,1567074507
2026-07-19,600941.SH,93.4,96.08,93.4,95.8,201612,1925214028
2026-07-20,600941.SH,95.81,96.47,94.01,94.94,194196,1849703274
2026-07-21,600941.SH,94.7,94.8,92.01,94.09,212483,1978783481
2026-07-22,600941.SH,93.79,95.1,93.79,94.43,93136,880427693
2026-07-23,600941.SH,94.58,95.2,94.4,94.69,91885,871615894
2026-07-26,600941.SH,94.71,95.4,94.12,94.39,79039,748902355
2026-07-27,600941.SH,94.23,96.79,94.23,96.35,156748,1503364808
2026-07-28,600941.SH,96.35,97.79,96.01,97.3,150519,1463041408
2026-07-29,600941.SH,97.1,99.19,96.83,98.7,208101,2050420411
2026-07-30,600941.SH,97.5,97.5,95.45,97.41,201384,1946186066
2026-08-02,600941.SH,97.4,99.41,96.71,98.97,159915,1579022241
2026-08-03,600941.SH,98.82,99.18,96.09,96.42,158140,1533999791
2026-08-04,600941.SH,96.2,96.33,95.16,95.99,114390,1095973353
2026-08-05,600941.SH,95.99,97,95.15,96.45,96495,926945913
2026-08-06,600941.SH,96.48,96.69,94.85,95.5,104819,1000651782
2026-08-09,600941.SH,95.12,97.61,94.77,96.7,108936,1053343260
2026-08-10,600941.SH,96.52,97.26,96.02,96.42,68916,664525129
2026-08-11,600941.SH,96.5,96.51,95.7,96.22,81434,783226389
2026-08-12,600941.SH,96.19,96.44,95.82,96.11,56615,544440104
2026-08-13,600941.SH,95.69,98.13,95.48,97.71,137922,1341736132
2026-08-16,600941.SH,97.58,97.7,95.75,96.02,100807,972328921
2026-08-17,600941.SH,96,96.02,95.08,95.74,60741,580633667
2026-08-18,600941.SH,95.84,97.3,95.34,97.17,122783,1186183367
2026-08-19,600941.SH,96.86,97.44,96.33,96.7,81209,784974507
2026-08-20,600941.SH,96.57,96.97,96.09,96.25,62707,604745754
2026-08-23,600941.SH,96.05,98.04,96.05,97.53,127575,1245868116
2026-08-24,600941.SH,97.6,99.06,97.54,98.86,126961,1253319403
2026-08-25,600941.SH,98.82,98.92,98.04,98.45,62869,618962793
2026-08-26,600941.SH,98.27,98.45,97.18,98.04,57739,564227414
2026-08-27,600941.SH,97.89,98.07,96.88,97.86,66655,649275084
2026-08-30,600941.SH,97.85,99.23,97.51,99.05,108393,1070982003
2026-08-31,600941.SH,99,100.2,98.4,99.89,110829,1105762503
2026-09-01,600941.SH,99.88,100.94,99.76,100.8,132659,1334623802
2026-09-02,600941.SH,100.6,101,100.3,100.53,69842,703744875
2026-09-03,600941.SH,100.13,100.88,99.6,100.3,63970,641914287
2026-09-06,600941.SH,100.18,100.39,98,98.7,97086,957869661
2026-09-07,600941.SH,98.5,98.98,97.41,97.7,87620,857384837
2026-09-08,600941.SH,97.45,97.45,96.81,97.11,69257,671900904
2026-09-09,600941.SH,97.13,97.82,96.84,97.17,53253,517952649
2026-09-10,600941.SH,97.01,98.38,96.85,97.72,88688,865618668
2026-09-13,600941.SH,97.5,99.6,97.4,98.16,88438,872655950
2026-09-14,600941.SH,98.16,98.65,97.6,97.79,48419,474157279
2026-09-15,600941.SH,97.79,97.86,96.81,96.94,59518,577688695
2026-09-16,600941.SH,96.97,97.18,96.36,96.9,57279,554451049
2026-09-17,600941.SH,96.61,97.55,96.4,96.63,74436,720625707
2026-09-20,600941.SH,96.85,96.9,95.69,96.01,91435,878366795
2026-09-21,600941.SH,96.01,96.76,95.8,96.45,68981,664494766
2026-09-22,600941.SH,96.4,96.75,96.05,96.4,43672,421524682
2026-09-23,600941.SH,96.5,97.6,96.07,97.45,82761,803547827
2026-09-27,600941.SH,97.4,98.18,97.1,97.71,78977,771865750
2026-09-28,600941.SH,97.5,98.12,96.92,97.36,59733,582170507
2026-09-29,600941.SH,94.9,95.94,94.13,95.8,83651,797169971
2022-08-16,601100.SH,51.48,51.48,50,51.15,55806,281908918
2022-08-17,601100.SH,51,51,50.05,50.46,37375,188032124
2022-08-18,601100.SH,50.13,50.69,49.98,50.07,46465,232776861
2022-08-21,601100.SH,49.8,52,49.51,51.6,84489,432264391
2022-08-22,601100.SH,51.6,52.65,50,50.21,66304,336964065
2022-08-23,601100.SH,50.2,51.1,50,50.11,46118,231951710
2022-08-24,601100.SH,50.12,51.1,50,50.83,39405,199121903
2022-08-25,601100.SH,50.84,52.37,50.52,50.95,58408,301114141
2022-08-28,601100.SH,50.3,54.5,50.2,53.16,100057,531466333
2022-08-29,601100.SH,52.96,53.05,49.53,50.46,108585,551268109
2022-08-30,601100.SH,50.18,50.3,48.55,48.94,75667,374530357
2022-08-31,601100.SH,49.24,50.49,48.85,49.05,56721,280732913
2022-09-01,601100.SH,49.06,49.3,46.83,47.28,64937,310214284
2022-09-04,601100.SH,47.27,47.48,46.27,46.87,44138,205897808
2022-09-05,601100.SH,46.8,49.7,46.4,49.41,64604,314107181
2022-09-06,601100.SH,49.21,50.6,48.98,49.8,37232,185971588
2022-09-07,601100.SH,49.51,50.08,49,49.53,22669,112360373
2022-09-08,601100.SH,49.56,51.19,49.05,51.09,52211,263882360
2022-09-12,601100.SH,51.08,52.69,50.85,51.74,56749,295042046
2022-09-13,601100.SH,51.06,52.2,50.5,52.11,54238,279541612
2022-09-14,601100.SH,51.99,52.58,51.42,52.1,45631,237689904
2022-09-15,601100.SH,51.93,52.2,51.01,51.05,32451,167327655
2022-09-18,601100.SH,51.03,51.49,49.42,49.7,43889,220015111
2022-09-19,601100.SH,50.01,50.47,48.88,49.38,28475,140323226
2022-09-20,601100.SH,49.28,49.85,48.76,49.2,23252,114442930
2022-09-21,601100.SH,49.14,49.14,48.02,48.12,30338,146945595
2022-09-22,601100.SH,48.35,48.35,46.7,47.35,48989,231721636
2022-09-25,601100.SH,47.13,49.49,46.8,48.02,50468,244299589
2022-09-26,601100.SH,48.2,48.8,46.8,47.75,45658,216527740
2022-09-27,601100.SH,47.5,47.5,45.37,45.38,45521,209867372
2022-09-28,601100.SH,45.9,46.19,44.7,44.92,49782,224255085
2022-09-29,601100.SH,45.04,45.96,44.93,45.28,43691,198822751
2022-10-09,601100.SH,44.5,45.34,42.65,42.9,35847,156479366
2022-10-10,601100.SH,43.04,44.65,42.28,44.5,66476,289327016
2022-10-11,601100.SH,45.33,48.95,45.33,48.94,113495,541322645
2022-10-12,601100.SH,47.9,49.45,47.5,48.2,91392,442956137
2022-10-13,601100.SH,48.98,49.11,47.62,48.25,57071,276138798
2022-10-16,601100.SH,48,50.45,47.79,50.15,73906,367521104
2022-10-17,601100.SH,50.79,50.79,49.55,50.11,40246,202066737
2022-10-18,601100.SH,49.95,50.44,49.2,49.35,33991,168833930
2022-10-19,601100.SH,49.21,51.29,48.91,50.5,65664,332202271
2022-10-20,601100.SH,50.45,51.98,50.45,51.66,71171,365568771
2022-10-23,601100.SH,51.31,52.35,50.68,51.78,71989,370235215
2022-10-24,601100.SH,51.7,56.8,51.22,56,174026,959754393
2022-10-25,601100.SH,56,56.6,54.54,56.44,98263,546230924
2022-10-26,601100.SH,55.99,57.56,55.63,56.04,56396,317811482
2022-10-27,601100.SH,56,57.67,55.6,56.46,65883,373943357
2022-10-30,601100.SH,55.65,57.02,54.15,55.17,75096,418309722
2022-10-31,601100.SH,55.99,60.69,55.3,59.89,110560,644297339
2022-11-01,601100.SH,59.85,64.18,59.21,61.82,102969,641128348
2022-11-02,601100.SH,61.78,63.5,61,61.58,77591,482054881
2022-11-03,601100.SH,61.3,61.36,59.5,60.14,116111,698849981
2022-11-06,601100.SH,59.75,60,57.2,58.42,105890,615044766
2022-11-07,601100.SH,58.38,58.47,56.84,57.8,64718,371752220
2022-11-08,601100.SH,57.93,60.8,57.4,60.56,65885,391638901
2022-11-09,601100.SH,60,60.28,57.8,58.75,48055,282964089
2022-11-10,601100.SH,59.42,64.63,59.42,64.63,130720,824456599
2022-11-13,601100.SH,66.43,69.1,62.65,64.66,169083,1104608522
2022-11-14,601100.SH,64.34,65.84,63.3,64.6,78014,506164060
2022-11-15,601100.SH,64.98,67.3,64.2,64.38,103440,675889489
2022-11-16,601100.SH,64.14,65.05,61.9,63.4,66643,420472053
2022-11-17,601100.SH,63.41,65.48,63.38,64.75,65579,425287553
2022-11-20,601100.SH,63.93,68.53,63.5,67.21,76616,508366866
2022-11-21,601100.SH,67,67.25,64.23,64.85,66748,437890520
2022-11-22,601100.SH,64.87,65.3,63,63.96,64720,413215040
2022-11-23,601100.SH,64.12,65.2,63,63.9,59896,382323606
2022-11-24,601100.SH,63.26,64.3,62.5,63.83,46486,295601854
2022-11-27,601100.SH,62.34,63.63,61.47,62.68,53284,331623273
2022-11-28,601100.SH,64.2,65.7,62.61,65.4,59635,385604807
2022-11-29,601100.SH,64.9,67,64.9,65.77,46877,309051678
2022-11-30,601100.SH,65.95,66.94,61.9,62.12,79891,505446065
2022-12-01,601100.SH,62.14,62.66,61.32,62.02,50383,312187320
2022-12-04,601100.SH,62.2,65.26,62.2,64.33,65971,424029300
2022-12-05,601100.SH,63.75,65.5,63.5,64.34,54773,352466674
2022-12-06,601100.SH,64,64.01,61.94,62.5,81029,507395057
2022-12-07,601100.SH,62.8,63.3,61.8,62.8,45147,283101739
2022-12-08,601100.SH,62.89,66.1,62.45,65.49,87906,573350887
2022-12-11,601100.SH,64.01,66.25,64.01,65.01,35664,232190781
2022-12-12,601100.SH,65.01,65.25,62.26,62.26,88785,562816816
2022-12-13,601100.SH,62.39,62.85,60.71,61.3,94840,584305675
2022-12-14,601100.SH,61.22,63.34,58.87,60.87,148830,903160458
2022-12-15,601100.SH,60.06,63.25,60.01,63.11,86017,533453059
2022-12-18,601100.SH,63.09,66.08,62.72,65,96610,630979350
2022-12-19,601100.SH,64.59,65.22,62.9,63.7,59632,380467052
2022-12-20,601100.SH,63.71,65.3,62.58,63.1,30066,191005526
2022-12-21,601100.SH,63.3,64.38,62.38,63.17,39428,249136611
2022-12-22,601100.SH,62.69,63,60.91,61.44,34193,210363931
2022-12-25,601100.SH,61.66,62.55,61.39,62.2,33091,204947145
2022-12-26,601100.SH,62.47,63.99,62,63.5,34291,216132199
2022-12-27,601100.SH,63.22,64.95,61.96,62.1,50784,318609070
2022-12-28,601100.SH,62.1,64.02,62.04,62.85,43380,273539798
2022-12-29,601100.SH,63.24,64.79,62.35,63.15,38031,241556929
2023-01-02,601100.SH,62.5,63.11,61.1,61.71,47814,296079512
2023-01-03,601100.SH,61.3,63.58,61.3,62.4,47019,293653334
2023-01-04,601100.SH,62.4,63.49,61.45,63.4,36410,229532143
2023-01-05,601100.SH,63.42,64.5,62.28,63.99,34128,217870996
2023-01-08,601100.SH,64.37,67.88,63.7,66.2,70510,466930948
2023-01-09,601100.SH,66.01,66.7,64.88,66.2,44449,292720669
2023-01-10,601100.SH,66.21,67.95,65.59,67.15,54156,363532686
2023-01-11,601100.SH,66.61,67.67,66,66.75,48389,323301920
2023-01-12,601100.SH,66.82,67.7,66.35,67.23,34531,231429154
2023-01-15,601100.SH,67.59,67.84,65.35,66.49,68370,454864928
2023-01-16,601100.SH,66.56,69.48,66.1,69.04,56463,386676738
2023-01-17,601100.SH,68.92,70.25,67.58,67.99,62143,426631632
2023-01-18,601100.SH,67.67,68.38,66.96,67.93,43911,296767330
2023-01-19,601100.SH,68.18,68.28,66.8,68.16,41085,278599145
2023-01-29,601100.SH,68.51,68.66,66.49,66.82,52036,351918683
2023-01-30,601100.SH,67.08,67.49,65.35,65.43,50641,334733233
2023-01-31,601100.SH,65.1,66.83,65.06,66.28,38277,252983586
2023-02-01,601100.SH,65.81,66.31,64.86,64.93,48878,318624970
2023-02-02,601100.SH,65.28,65.39,64.55,65.05,41704,270763602
2023-02-05,601100.SH,64.8,65.06,64,65.05,39305,253850392
2023-02-06,601100.SH,65.05,65.38,64.19,64.5,29179,188213441
2023-02-07,601100.SH,64.5,65,63.48,63.98,34900,223387373
2023-02-08,601100.SH,63.7,65.4,63.3,65,65639,423635968
2023-02-09,601100.SH,64.72,66.77,64.69,65.42,52054,341555713
2023-02-12,601100.SH,65.6,69.91,65.05,69.78,105522,726303756
2023-02-13,601100.SH,69.03,70.35,68.7,70.14,55040,383488506
2023-02-14,601100.SH,69.98,71.36,68.79,69.84,86920,610897844
2023-02-15,601100.SH,69.75,69.75,67.05,67.33,51646,352660436
2023-02-16,601100.SH,67.28,69.68,67.11,67.5,40572,277873186
2023-02-19,601100.SH,68.17,72.85,67.8,72.4,75859,541987685
2023-02-20,601100.SH,72.4,73.36,71.68,73.1,47900,347836513
2023-02-21,601100.SH,72.81,72.96,70.3,71.43,46022,328722692
2023-02-22,601100.SH,71.44,72.4,70.8,71.14,47626,340256322
2023-02-23,601100.SH,71.14,71.5,69,69.93,44588,311349427
2023-02-26,601100.SH,69.59,70.22,68.51,69.17,39322,271579395
2023-02-27,601100.SH,69.11,69.59,67.91,68.94,33696,230794730
2023-02-28,601100.SH,69.01,70.5,68.07,70.1,35924,250248298
2023-03-01,601100.SH,69.97,71.5,69.6,71.1,37674,266838028
2023-03-02,601100.SH,71.99,72.73,70.73,71.4,42560,303411144
2023-03-05,601100.SH,70.32,71.38,68.18,69.11,94102,650765003
2023-03-06,601100.SH,68.96,69.09,67.81,67.87,35913,245330433
2023-03-07,601100.SH,68.45,70.23,67.88,68.92,35627,246537281
2023-03-08,601100.SH,68.68,69.02,67.25,68.02,26700,181392009
2023-03-09,601100.SH,67.69,67.69,66.02,66.27,36653,244255190
2023-03-12,601100.SH,66,68.3,65.8,68.05,47414,321562301
2023-03-13,601100.SH,68.32,68.32,66,66.82,68055,453191990
2023-03-14,601100.SH,67.12,67.12,64.7,64.88,81528,531663860
2023-03-15,601100.SH,64.17,64.9,63.35,63.66,52703,337092620
2023-03-16,601100.SH,63.77,64.7,62.77,63.2,48821,310623381
2023-03-19,601100.SH,63.26,63.7,62.26,62.48,29945,188065408
2023-03-20,601100.SH,62.48,62.97,61.81,62.64,49502,308790758
2023-03-21,601100.SH,62.88,64.6,62.69,64.1,43180,276834037
2023-03-22,601100.SH,63.61,66.64,63.51,65.86,46151,303195335
2023-03-23,601100.SH,65.85,65.85,62.5,62.74,79320,503411670
2023-03-26,601100.SH,62.73,63.87,61.5,63.51,37276,235579143
2023-03-27,601100.SH,63.48,65.2,63,63.82,32118,207063585
2023-03-28,601100.SH,64,65.15,63.69,64,29249,188550561
2023-03-29,601100.SH,64.2,66.2,64.2,66,36876,241121698
2023-03-30,601100.SH,66,66.45,65.5,66.22,26446,174800418
2023-04-02,601100.SH,66.29,67.3,65.61,66.18,27740,183546921
2023-04-03,601100.SH,66.55,67.99,66.28,67,65345,439620895
2023-04-05,601100.SH,67,67,65,65.75,26876,176491658
2023-04-06,601100.SH,65.99,67.58,65.98,66.68,34099,228522326
2023-04-09,601100.SH,66.48,67.09,65.21,65.71,45393,299578096
2023-04-10,601100.SH,66.05,67.1,65.07,65.51,33763,222559503
2023-04-11,601100.SH,65.5,66,64.02,65.54,41770,271500553
2023-04-12,601100.SH,65.49,65.52,64.48,65.29,28788,187184383
2023-04-13,601100.SH,65.3,65.79,63.98,64.32,28943,186962400
2023-04-16,601100.SH,64.4,66.28,63.92,65.49,29635,193360008
2023-04-17,601100.SH,65.34,67.39,65.18,67.02,48181,321337658
2023-04-18,601100.SH,67.1,71.61,66.17,70.16,114900,789469757
2023-04-19,601100.SH,71.35,71.35,68,68.65,44290,305249346
2023-04-20,601100.SH,68.76,69.68,67.2,67.31,33278,226504902
2023-04-23,601100.SH,67.12,67.66,65.33,66.16,44895,297370724
2023-04-24,601100.SH,66.16,66.75,59.54,59.55,106738,647638077
2023-04-25,601100.SH,59.55,62.46,58.5,61.35,62619,382482680
2023-04-26,601100.SH,61.18,62.49,60.49,61.62,33381,205366030
2023-04-27,601100.SH,61.74,62.88,61.14,61.55,42826,264806187
2023-05-03,601100.SH,62,62,56.66,58.42,103974,608685150
2023-05-04,601100.SH,58.31,59.28,57.9,58.94,87833,513902299
2023-05-07,601100.SH,58.94,59.8,58.41,58.96,40256,237504683
2023-05-08,601100.SH,59,60.16,57.75,58.67,38366,226490317
2023-05-09,601100.SH,58.67,59.12,57.34,58.45,38288,222630035
2023-05-10,601100.SH,58.53,59.15,57.6,58,31440,182822777
2023-05-11,601100.SH,58.2,58.52,57.01,57.22,42113,242714421
2023-05-14,601100.SH,57.7,57.7,56.33,57.42,49348,280691953
2023-05-15,601100.SH,58.04,58.04,56.5,57.57,37696,215528408
2023-05-16,601100.SH,57.42,58.11,56.8,57.2,22730,130059548
2023-05-17,601100.SH,57.2,58.19,55.71,56.5,47722,271625328
2023-05-18,601100.SH,56.33,56.56,55.33,55.86,46714,260474023
2023-05-21,601100.SH,55.88,57.49,55.2,57.19,34662,196784407
2023-05-22,601100.SH,57.33,57.33,55.98,56.03,38282,215515038
2023-05-23,601100.SH,55.94,57.49,55.7,57.21,44644,254472522
2023-05-24,601100.SH,57.01,58.65,56.75,57.8,53463,309938150
2023-05-25,601100.SH,57.93,58.2,54.62,55.26,43802,243318061
2023-05-28,601100.SH,55.3,55.55,53.71,54.81,65103,355115824
2023-05-29,601100.SH,55.08,55.75,53.56,54.69,64326,349767200
2023-05-30,601100.SH,54.63,55,53.75,54.56,46891,254573255
2023-05-31,601100.SH,54.52,55.73,54.01,54.88,35970,197803413
2023-06-01,601100.SH,54.6,56.55,54.6,56.3,62174,348316094
2023-06-04,601100.SH,56.14,56.41,55.26,55.69,45113,251309966
2023-06-05,601100.SH,55.7,57.18,55.33,56.18,44974,253876957
2023-06-06,601100.SH,56.01,56.5,54.76,54.76,43046,237658292
2023-06-07,601100.SH,54.84,55.9,54.5,55.7,31766,175564877
2023-06-08,601100.SH,55.4,56.7,55,55.5,32875,183333270
2023-06-11,601100.SH,55.57,57.99,55.36,56.9,51172,291443754
2023-06-12,601100.SH,56.91,58.2,56.6,57.11,36104,207424993
2023-06-13,601100.SH,57.44,60.36,57.4,59.49,87330,518374460
2023-06-14,601100.SH,60.6,64,59.49,63.55,92628,576943842
2023-06-15,601100.SH,63.37,64.3,62.31,64.17,64938,412856796
2023-06-18,601100.SH,64.3,65.99,63.7,64.18,74255,479431720
2023-06-19,601100.SH,63.41,69.03,63.02,66.35,94366,623611899
2023-06-20,601100.SH,66.34,67,65.2,65.8,78730,519428623
2023-06-25,601100.SH,65.5,65.5,63.69,63.99,86277,554426830
2023-06-26,601100.SH,64.35,64.49,63.1,64.16,40579,258795578
2023-06-27,601100.SH,64.17,64.3,62.5,62.95,42176,265947003
2023-06-28,601100.SH,63.22,64.21,62.25,63.86,53796,342738952
2023-06-29,601100.SH,63,64.8,62.9,64.33,33132,212385135
2023-07-02,601100.SH,65.3,67.16,64.07,64.7,112980,743433766
2023-07-03,601100.SH,64.24,64.97,62.3,62.68,83565,530518725
2023-07-04,601100.SH,63.44,66,62.5,65.35,108053,701188488
2023-07-05,601100.SH,65.35,67.49,64.1,64.87,82030,535299074
2023-07-06,601100.SH,64.88,65.99,63.8,64.66,73042,475511524
2023-07-09,601100.SH,64.65,65.03,63.45,63.96,48495,309794533
2023-07-10,601100.SH,64.4,64.57,63.07,64.33,37969,242599393
2023-07-11,601100.SH,64.26,65.9,63.75,65.11,38179,248874988
2023-07-12,601100.SH,65.31,65.96,64.5,65.55,50775,330841656
2023-07-13,601100.SH,64.8,67.14,64.8,66.42,44723,297093761
2023-07-16,601100.SH,67.17,67.17,65.3,66.01,23484,154767110
2023-07-17,601100.SH,65.94,66.19,64.9,65.97,28802,188570706
2023-07-18,601100.SH,66,68.92,65.58,68.68,66303,447913216
2023-07-19,601100.SH,68.37,69.88,67.57,67.87,45960,315639730
2023-07-20,601100.SH,67.85,68.42,66.8,66.9,23894,160933541
2023-07-23,601100.SH,66.91,67.51,65.5,66.18,33709,223028912
2023-07-24,601100.SH,66.36,68.54,66.01,66.38,47126,315466686
2023-07-25,601100.SH,66.39,67.78,66.04,66.35,24966,166872155
2023-07-26,601100.SH,66.32,67.09,65.01,66.7,38219,253143296
2023-07-27,601100.SH,66.1,69.06,65.91,69,43312,296024329
2023-07-30,601100.SH,69.33,72.33,69,71.72,73320,523368782
2023-07-31,601100.SH,71.77,73.04,69.99,70.63,55646,397096376
2023-08-01,601100.SH,70.63,73.33,70.27,71.47,49608,356675699
2023-08-02,601100.SH,71.3,71.97,70.43,71.52,31750,225736066
2023-08-03,601100.SH,71.4,71.87,69,69.42,52171,363794990
2023-08-06,601100.SH,69.05,69.84,68.25,69.66,33505,232046716
2023-08-07,601100.SH,69.33,69.9,68.2,68.66,25387,174975508
2023-08-08,601100.SH,68.12,68.9,67.4,68.34,31706,215561213
2023-08-09,601100.SH,68.17,68.87,67.5,68.61,28892,197020045
2023-08-10,601100.SH,68.59,68.59,66.17,66.27,39877,265893842
2023-08-13,601100.SH,66.1,66.1,63.93,65.05,50126,324856130
2023-08-14,601100.SH,65.39,65.7,64.4,65.34,36960,240248835
2023-08-15,601100.SH,65.36,65.89,65.01,65.32,17386,113721154
2023-08-16,601100.SH,65.14,67.4,64.13,67.08,40823,271366212
2023-08-17,601100.SH,67.31,67.31,65.63,65.63,16480,109139736
2023-08-20,601100.SH,65.5,65.6,64.5,64.51,22957,149140236
2023-08-21,601100.SH,65.03,65.25,63.75,64.96,20658,133340548
2023-08-22,601100.SH,64.96,65.12,63.3,63.73,31092,199448574
2023-08-23,601100.SH,63.51,63.99,62.45,62.88,36228,228178666
2023-08-24,601100.SH,62.25,63.02,61.6,62.45,42904,266966975
2023-08-27,601100.SH,65.01,66.39,62.52,63.1,46453,295540518
2023-08-28,601100.SH,62.8,63,58.27,61.13,155012,940168573
2023-08-29,601100.SH,60.69,63.75,60.5,63.09,100079,626323463
2023-08-30,601100.SH,63.28,64.08,62.04,62.15,39019,244455003
2023-08-31,601100.SH,62.4,64.88,62.17,64.08,41984,269147016
2023-09-03,601100.SH,64.27,67.77,64.27,67.27,65830,440117385
2023-09-04,601100.SH,66.7,67.48,65.75,67.1,34367,229378317
2023-09-05,601100.SH,67.28,68.11,65.8,65.94,35448,236454181
2023-09-06,601100.SH,65.93,66.3,65.25,65.52,26275,172656830
2023-09-07,601100.SH,65.1,66.88,65.1,66.64,19629,129981313
2023-09-10,601100.SH,66.3,67.08,65,65.48,30252,198901150
2023-09-11,601100.SH,65.08,65.55,64.15,64.75,22440,144910475
2023-09-12,601100.SH,64.62,65.06,63.77,64.35,18810,120784024
2023-09-13,601100.SH,64.5,64.59,63.31,63.53,24496,155833677
2023-09-14,601100.SH,64.05,64.37,62.99,63.45,35399,225482127
2023-09-17,601100.SH,63.73,65.53,63.15,64.5,42198,272328951
2023-09-18,601100.SH,64.28,65.55,63.81,65.24,24235,157168427
2023-09-19,601100.SH,64.99,65.53,64.55,65.29,15725,102517114
2023-09-20,601100.SH,64.7,66.02,64.67,65.3,23455,153410896
2023-09-21,601100.SH,65.3,65.3,64.01,64.69,30624,197646669
2023-09-24,601100.SH,65.47,66.01,64.8,65.51,25896,169468258
2023-09-25,601100.SH,65.2,66,64.68,65.63,24749,161430322
2023-09-26,601100.SH,65.36,66.23,65.08,65.3,24445,160112637
2023-09-27,601100.SH,65.42,65.78,63.4,63.9,26786,172102662
2023-10-08,601100.SH,63.89,64.47,61.5,61.52,44467,276724220
2023-10-09,601100.SH,61.5,62.07,58.7,59.3,105955,628337819
2023-10-10,601100.SH,59.01,59.35,58.51,59.17,75552,445572642
2023-10-11,601100.SH,59.16,59.53,58.62,59.35,37414,221025543
2023-10-12,601100.SH,59.1,59.3,58.54,58.83,28202,165888151
2023-10-15,601100.SH,58.93,59.75,58.27,59.56,55544,328863366
2023-10-16,601100.SH,59.3,59.85,58.76,58.9,37264,220421590
2023-10-17,601100.SH,58.86,59.3,58,58.6,41651,243242009
2023-10-18,601100.SH,58.01,58.12,56.36,56.46,63535,361032801
2023-10-19,601100.SH,56.46,56.99,55,55.92,42355,237963315
2023-10-22,601100.SH,55.92,56.03,54.02,54.51,23585,129231351
2023-10-23,601100.SH,54.72,54.96,53.6,54.41,38375,207817761
2023-10-24,601100.SH,55.21,57,55.21,56.07,51271,288278977
2023-10-25,601100.SH,55.86,56.54,54.97,56.1,26819,149065677
2023-10-26,601100.SH,55.42,58.36,55.27,58.05,67733,389105498
2023-10-29,601100.SH,57.84,59.22,56.8,59.04,39681,233136676
2023-10-30,601100.SH,58.1,58.4,55.16,56.3,75462,423605469
2023-10-31,601100.SH,56.3,56.3,54.81,55.38,45648,252318864
2023-11-01,601100.SH,55,55.75,54.6,55.16,41482,228412784
2023-11-02,601100.SH,55.02,57.22,55.02,57.06,48339,273631353
2023-11-05,601100.SH,57.49,57.49,56.61,57.36,43827,250342563
2023-11-06,601100.SH,57.23,57.69,56.64,57.3,46413,264929428
2023-11-07,601100.SH,57.1,58.64,56.98,58.22,48294,280150526
2023-11-08,601100.SH,58.08,58.85,57.52,58.28,35484,206550604
2023-11-09,601100.SH,57.91,58.17,57.49,57.59,23466,135521172
2023-11-12,601100.SH,57.6,58.2,57.29,58.12,22056,127584552
2023-11-13,601100.SH,57.9,59.65,57.8,59.03,44392,262382632
2023-11-14,601100.SH,59.6,60.26,58.7,59.2,38469,228199711
2023-11-15,601100.SH,58.99,59.18,58.3,58.91,20217,118930025
2023-11-16,601100.SH,58.8,59.1,58.28,58.63,19396,113781770
2023-11-19,601100.SH,58.8,58.98,57.56,58.38,23085,134702852
2023-11-20,601100.SH,58.43,60.2,57.9,58,43015,253410201
2023-11-21,601100.SH,57.61,58.98,56.5,56.57,63805,364191240
2023-11-22,601100.SH,56.53,57.46,56.23,57.3,29719,169295347
2023-11-23,601100.SH,57.43,58,56.82,56.95,30157,172402900
2023-11-26,601100.SH,56.76,57.33,56.1,56.58,27715,156494602
2023-11-27,601100.SH,56.58,56.7,56,56.2,17294,97376789
2023-11-28,601100.SH,56,56.58,55.8,56.02,17979,100852825
2023-11-29,601100.SH,55.9,56.65,55.75,56.3,23224,130662829
2023-11-30,601100.SH,56.41,56.41,55.25,55.63,29141,162045391
2023-12-03,601100.SH,55.57,55.73,54.78,55.29,34447,190036745
2023-12-04,601100.SH,55.29,56.06,54.8,55.7,38854,215809053
2023-12-05,601100.SH,55.5,56.65,55.3,55.4,27884,156110258
2023-12-06,601100.SH,55.15,55.89,54.16,54.25,35049,190975703
2023-12-07,601100.SH,54.31,54.66,52.76,52.77,37150,197895717
2023-12-10,601100.SH,52.42,53.5,51.1,53.46,53603,281013123
2023-12-11,601100.SH,53.75,53.87,52.65,52.81,27440,145670772
2023-12-12,601100.SH,52.53,52.82,49.91,51.16,78874,401974378
2023-12-13,601100.SH,51.1,51.72,50.76,50.77,28972,148244735
2023-12-14,601100.SH,50.96,52.16,50.56,51.11,59402,304763041
2023-12-17,601100.SH,50.8,51.16,50.22,50.51,27972,141565203
2023-12-18,601100.SH,50.55,50.88,50.09,50.77,26527,133827973
2023-12-19,601100.SH,50.78,51.66,50.51,50.65,32295,165113302
2023-12-20,601100.SH,50.49,51.76,50.4,51.26,46000,235314199
2023-12-21,601100.SH,51.29,51.9,50.89,51.31,37190,191210266
2023-12-24,601100.SH,50.97,51.61,50.61,51.53,37099,189470985
2023-12-25,601100.SH,51.53,51.8,50.27,50.9,29984,152580539
2023-12-26,601100.SH,50.9,51.02,49.49,49.77,53077,265598640
2023-12-27,601100.SH,49.4,52.29,49.4,52.07,76836,393878326
2023-12-28,601100.SH,52.08,55.01,52.08,54.68,128031,691717377
2024-01-01,601100.SH,54.7,56.17,54.2,55.23,76956,426219692
2024-01-02,601100.SH,55.2,56.2,54.79,55.93,57328,318640653
2024-01-03,601100.SH,55.82,56.02,53.71,54.16,52963,287587355
2024-01-04,601100.SH,54,54.71,53.6,53.91,39316,213056662
2024-01-07,601100.SH,53.6,54.16,52.82,53.07,33640,179696666
2024-01-08,601100.SH,52.91,55.88,52.78,54.97,74462,408360213
2024-01-09,601100.SH,54.97,56.6,54.36,56.2,53338,299317367
2024-01-10,601100.SH,56.2,56.42,54.9,56.19,44475,248116077
2024-01-11,601100.SH,55.35,57.75,55.35,56.25,46182,261460866
2024-01-14,601100.SH,56.58,57.04,55.07,56.2,36425,204716369
2024-01-15,601100.SH,55.94,56.36,55.05,56.2,41414,230998652
2024-01-16,601100.SH,56.19,56.56,55.29,55.29,33320,186210933
2024-01-17,601100.SH,55.27,55.45,53.51,55.01,60686,330392326
2024-01-18,601100.SH,54.6,55.2,54.02,54.72,38382,210110866
2024-01-21,601100.SH,54.8,54.88,53.51,53.81,52529,285215979
2024-01-22,601100.SH,53.5,53.8,52,52.15,47584,249738797
2024-01-23,601100.SH,52.65,53.2,51.5,52.95,51498,269593962
2024-01-24,601100.SH,52.62,53.85,52.2,52.45,53718,284386624
2024-01-25,601100.SH,51,52.56,50.32,51.3,65927,337907203
2024-01-28,601100.SH,51.19,51.78,49.51,49.61,45690,230248239
2024-01-29,601100.SH,49.41,49.73,48,48.73,49724,244009649
2024-01-30,601100.SH,48.72,49.59,48.1,48.76,39888,195179027
2024-01-31,601100.SH,48.67,49.22,47.6,48.51,51445,249384234
2024-02-01,601100.SH,48.72,49.2,47.41,48.9,43327,210133117
2024-02-04,601100.SH,49.05,51.17,48.01,49.99,62620,311227127
2024-02-05,601100.SH,49.99,53.7,49.52,53.13,49081,256824699
2024-02-06,601100.SH,53.29,53.75,52.32,53.5,60647,322434070
2024-02-07,601100.SH,53.52,54.66,51.53,54.5,76091,403620150
2024-02-18,601100.SH,54.61,56.56,54,55.62,50346,279518774
2024-02-19,601100.SH,55.62,56,52.72,53.38,53229,284608682
2024-02-20,601100.SH,52.9,55.22,52.44,53.71,61301,330164013
2024-02-21,601100.SH,53.35,54,52.75,53.37,35939,191496976
2024-02-22,601100.SH,53.05,53.85,49.67,52.96,136957,704612367
2024-02-25,601100.SH,52.68,57.15,52.59,56.96,134187,743991915
2024-02-26,601100.SH,56.59,57.25,55.7,57.21,83312,470872688
2024-02-27,601100.SH,57.18,57.47,55.34,55.34,75500,426049432
2024-02-28,601100.SH,55,56.97,54.83,56.81,70428,397287075
2024-02-29,601100.SH,56.88,57.14,56,56.58,58671,331939398
2024-03-03,601100.SH,56.9,57.28,55.91,57.21,66884,379489056
2024-03-04,601100.SH,56.81,58.76,56,58.3,75250,434429009
2024-03-05,601100.SH,58.3,58.39,57.49,57.66,41898,242274797
2024-03-06,601100.SH,57.99,59.18,56.68,56.82,67311,390070862
2024-03-07,601100.SH,56.75,57,56.02,56.62,34509,194808017
2024-03-10,601100.SH,56.62,56.9,55.21,55.62,76935,428640895
2024-03-11,601100.SH,55.7,57.25,55.55,57.25,70007,395730333
2024-03-12,601100.SH,56.92,57.99,56,56.5,67057,380509538
2024-03-13,601100.SH,57.02,59.3,57.02,58.2,91167,530594611
2024-03-14,601100.SH,58,58.61,57.11,57.95,45007,259723899
2024-03-17,601100.SH,57.94,58.16,56.02,56.18,85970,487199012
2024-03-18,601100.SH,56.18,56.25,55.36,55.51,67165,373761873
2024-03-19,601100.SH,55.35,55.58,54.33,54.67,48486,265417890
2024-03-20,601100.SH,54.59,54.76,52.3,53.75,94387,503821438
2024-03-21,601100.SH,53.26,53.78,52.84,53.63,42493,226732854
2024-03-24,601100.SH,54.7,57.5,54.17,56.04,119867,676230410
2024-03-25,601100.SH,55.79,56.03,54.23,55.25,61034,336488983
2024-03-26,601100.SH,55.22,55.31,51.65,51.8,97914,521713403
2024-03-27,601100.SH,51.58,51.64,50.01,50.37,132857,671946670
2024-03-28,601100.SH,50.29,50.92,49.25,50.13,94895,475623921
2024-03-31,601100.SH,50.19,53.24,50.14,52.83,105102,548192797
2024-04-01,601100.SH,52.8,52.96,51.98,52.71,55993,294023971
2024-04-02,601100.SH,52.57,52.57,50.09,50.15,110038,557556515
2024-04-07,601100.SH,50.16,50.39,48.63,48.88,105534,519651323
2024-04-08,601100.SH,50.34,50.53,48.9,49.69,67291,333919942
2024-04-09,601100.SH,49.8,51.08,49.8,50.28,97919,494051928
2024-04-10,601100.SH,50.05,53.36,49.89,52.7,156513,815507565
2024-04-11,601100.SH,52.6,53.35,51.9,52.05,83863,440685195
2024-04-14,601100.SH,51.95,53.88,51.79,53,92354,490021440
2024-04-15,601100.SH,52.89,53.3,52,52.23,63191,331823825
2024-04-16,601100.SH,52.33,54.88,51.18,54.88,142078,757319646
2024-04-17,601100.SH,54.56,54.99,53.66,53.92,84142,455740085
2024-04-18,601100.SH,53.6,54.3,52.91,53.5,72850,389735433
2024-04-21,601100.SH,53.78,54.03,52.7,52.93,54404,289326746
2024-04-22,601100.SH,52.02,52.3,50.08,51.24,91761,466816468
2024-04-23,601100.SH,50.8,52.49,50.75,51.75,62566,323875531
2024-04-24,601100.SH,52.08,52.08,50.33,50.54,46493,236125124
2024-04-25,601100.SH,50.25,51.29,49.77,51.08,69049,349605907
2024-04-28,601100.SH,50.95,51.96,50.26,51.36,79331,406492214
2024-04-29,601100.SH,51.24,51.5,50.5,51,46587,237731837
2024-05-05,601100.SH,51.8,53.65,51.31,53.02,107686,567894031
2024-05-06,601100.SH,52.95,53.83,52.6,52.83,65154,345508956
2024-05-07,601100.SH,52.7,53.14,50.8,51.23,75324,388934751
2024-05-08,601100.SH,51.89,55,51.31,54.02,123206,659756212
2024-05-09,601100.SH,54.32,54.66,53.09,54.12,64699,349487766
2024-05-12,601100.SH,53.5,55.15,53.21,54.58,61414,333701871
2024-05-13,601100.SH,54.5,55.34,53.88,54.36,44938,244835198
2024-05-14,601100.SH,54.36,54.5,53.2,53.3,35951,193749493
2024-05-15,601100.SH,53.29,53.79,52.23,52.78,60790,320590382
2024-05-16,601100.SH,52.47,53.25,52.05,53.23,47745,251232955
2024-05-19,601100.SH,54.76,55.11,53.21,53.68,61829,334587797
2024-05-20,601100.SH,53.68,54.3,53.13,53.29,27139,145536048
2024-05-21,601100.SH,53.15,54.34,52.68,52.86,51027,272363814
2024-05-22,601100.SH,52.51,53.07,51.46,51.9,48094,249690844
2024-05-23,601100.SH,51.85,52.25,50.95,51.07,46536,239871449
2024-05-26,601100.SH,51.1,51.88,48.63,51.28,129984,647419451
2024-05-27,601100.SH,50.88,50.98,49.88,50.43,59705,301120897
2024-05-28,601100.SH,50.1,51.5,50.1,51.05,57303,292386544
2024-05-29,601100.SH,51.05,51.05,49.81,50.01,51139,256733552
2024-05-30,601100.SH,50.06,50.72,49.55,49.62,54841,274566065
2024-06-02,601100.SH,49.31,49.65,48.19,48.44,94621,461873890
2024-06-03,601100.SH,48.8,50.7,48.3,50.5,101638,505996147
2024-06-04,601100.SH,50.25,50.6,49.71,50.2,57111,286578556
2024-06-05,601100.SH,50.3,51.96,50.04,51.58,91005,468174970
2024-06-06,601100.SH,51.58,52.64,51.43,51.53,52593,273062361
2024-06-10,601100.SH,51.47,51.5,50.65,51.03,42961,219558440
2024-06-11,601100.SH,51.17,51.99,50.6,51.78,46980,241849130
2024-06-12,601100.SH,51.64,51.78,50.92,51.65,31894,164011404
2024-06-13,601100.SH,51.62,52.11,51.03,51.23,42831,220489490
2024-06-16,601100.SH,51.08,51.79,50.09,50.22,45113,228520311
2024-06-17,601100.SH,50.22,51.02,49.28,50.83,49579,248527162
2024-06-18,601100.SH,50.83,50.83,49.31,49.48,46221,229847618
2024-06-19,601100.SH,49.32,49.95,49.02,49.19,32967,162902543
2024-06-20,601100.SH,49,49.34,48.06,48.71,57357,279285118
2024-06-23,601100.SH,48.92,49.3,48.2,48.9,54414,265276885
2024-06-24,601100.SH,48.89,50.03,48.72,49.49,56244,278509371
2024-06-25,601100.SH,49.35,49.49,48.15,48.84,59344,288977036
2024-06-26,601100.SH,48.58,48.7,46.66,47.62,61791,294958654
2024-06-27,601100.SH,47.2,47.7,46.37,46.58,45697,214784611
2024-06-30,601100.SH,46.43,47.48,45.7,47.29,41588,193872168
2024-07-01,601100.SH,47.06,47.19,45.07,45.47,84486,385994542
2024-07-02,601100.SH,45.27,45.49,44.38,44.79,59255,266188708
2024-07-03,601100.SH,44.79,45.64,44.5,45.1,51003,230745680
2024-07-04,601100.SH,45.1,45.1,42.8,43.56,80877,352518089
2024-07-07,601100.SH,43.29,43.29,41.77,42.82,83388,355771614
2024-07-08,601100.SH,43.2,43.2,41.7,42.14,65222,274609081
2024-07-09,601100.SH,42.16,43.24,41.96,43,71551,304630056
2024-07-10,601100.SH,43.23,44.56,43,44.08,65582,288947347
2024-07-11,601100.SH,44.07,44.28,43.5,43.81,38897,170980272
2024-07-14,601100.SH,43.8,44.1,43.04,43.24,45747,198651398
2024-07-15,601100.SH,43.23,43.35,41.96,42.26,68994,292333199
2024-07-16,601100.SH,42.26,42.98,41.55,42.73,73322,308877009
2024-07-17,601100.SH,42.58,44.88,42.24,44.68,78239,344418802
2024-07-18,601100.SH,44.5,46.88,44.3,46.36,78824,362506215
2024-07-21,601100.SH,46.66,47.18,46.09,46.85,53971,252978122
2024-07-22,601100.SH,46.9,46.9,45.16,45.18,36645,167874709
2024-07-23,601100.SH,45.18,46.18,44.8,45.47,37506,170946465
2024-07-24,601100.SH,45.28,46.1,44.82,45.28,41050,186308866
2024-07-25,601100.SH,45.29,45.63,43.9,44.95,46619,208682658
2024-07-28,601100.SH,45.39,45.39,43.6,43.67,37377,165424109
2024-07-29,601100.SH,43.62,43.75,42.55,43.6,43332,187581446
2024-07-30,601100.SH,43.6,45.99,42.92,45.8,58072,262007658
2024-07-31,601100.SH,45.87,46.49,44.74,44.9,28161,127889774
2024-08-01,601100.SH,45,45.29,44.2,44.56,29892,133436724
2024-08-04,601100.SH,44.29,45.1,43.33,43.35,37050,162833922
2024-08-05,601100.SH,43.72,44.35,42.61,43.95,51965,225455242
2024-08-06,601100.SH,43.5,45.66,43.22,45.4,63074,284071309
2024-08-07,601100.SH,45.17,45.88,44.71,45.6,50448,229306399
2024-08-08,601100.SH,45.6,46.75,44.65,44.65,33805,154205008
2024-08-11,601100.SH,44.62,45.66,44.01,45.36,20487,92381370
2024-08-12,601100.SH,45.29,46.1,45.02,45.85,24415,111342664
2024-08-13,601100.SH,45.7,45.89,44.02,44.04,26500,117921518
2024-08-14,601100.SH,43.91,45.2,43.61,44.76,38309,170908285
2024-08-15,601100.SH,44.8,45.24,44.21,44.39,26952,120153835
2024-08-18,601100.SH,44.23,45.3,44.22,44.73,18888,84444568
2024-08-19,601100.SH,44.66,44.96,43.42,43.84,21940,96109411
2024-08-20,601100.SH,43.96,44.38,43.22,44.02,22518,99079908
2024-08-21,601100.SH,43.99,44.91,43.51,44.4,25909,115193250
2024-08-22,601100.SH,44.48,46.2,44.03,45.83,38125,173503455
2024-08-25,601100.SH,45.84,46.5,44.94,46.48,36319,167211799
2024-08-26,601100.SH,47.5,48.89,47.04,48.12,74936,360545404
2024-08-27,601100.SH,48.12,49.44,48.02,48.9,59967,293533725
2024-08-28,601100.SH,49.1,50.66,48.21,50.46,72332,361647860
2024-08-29,601100.SH,50.22,51.46,49.77,51,81158,413315107
2024-09-01,601100.SH,51.06,51.44,50.52,50.81,53952,274625218
2024-09-02,601100.SH,50.8,53.3,50.49,52.13,101736,532254115
2024-09-03,601100.SH,52.13,52.28,51,51.82,60426,312027258
2024-09-04,601100.SH,51.5,51.98,51.01,51.31,52696,270570580
2024-09-05,601100.SH,51.31,52.15,50.52,51.08,32079,164622499
2024-09-08,601100.SH,51.1,51.4,50.01,50.46,69177,349068999
2024-09-09,601100.SH,50.23,51.49,50.13,51.31,68483,349654296
2024-09-10,601100.SH,51.14,52.84,50.51,52.33,60134,314528450
2024-09-11,601100.SH,52.35,53.41,51.68,52.03,39811,208190547
2024-09-12,601100.SH,52.17,52.46,51.57,52.1,25958,135455899
2024-09-17,601100.SH,52,53.09,51.81,52.57,33859,177892577
2024-09-18,601100.SH,52.93,53.35,52.21,52.56,57262,303008582
2024-09-19,601100.SH,52.6,52.88,51.9,52.26,44647,233740555
2024-09-22,601100.SH,52.98,53.18,51.89,52.75,32847,172865002
2024-09-23,601100.SH,53.05,53.95,52,53.58,53434,284016231
2024-09-24,601100.SH,54,54.56,52.85,52.91,59350,318559369
2024-09-25,601100.SH,52.85,54,52.01,53.87,59492,314466389
2024-09-26,601100.SH,54,58.25,54,57.27,54381,306957441
2024-09-29,601100.SH,59.55,63,59.55,63,153938,952899392
2024-10-07,601100.SH,69.3,69.3,65.21,68.89,255254,1729164896
2024-10-08,601100.SH,66.66,66.67,62,62.18,187439,1197946283
2024-10-09,601100.SH,62.15,65.17,60.8,61.21,125657,785635288
2024-10-10,601100.SH,61.22,61.25,58.03,58.9,73518,435318613
2024-10-13,601100.SH,58.9,59.31,56.87,57.99,185758,1071318241
2024-10-14,601100.SH,57.98,57.98,55.57,55.6,130046,734449981
2024-10-15,601100.SH,55.5,56.22,54.7,55.4,80983,450250467
2024-10-16,601100.SH,55.41,56.48,54.39,54.43,91302,505360374
2024-10-17,601100.SH,54.36,56.5,53.76,55.4,124776,691894093
2024-10-20,601100.SH,55.42,56.58,54.2,56.1,105444,586309840
2024-10-21,601100.SH,56.08,58.1,55.43,57.82,124360,712690404
2024-10-22,601100.SH,57.82,58.23,57.11,57.35,68050,391574236
2024-10-23,601100.SH,57,57.2,55.73,55.85,73760,414493609
2024-10-24,601100.SH,55.45,56.7,55.27,56.06,58550,327818849
2024-10-27,601100.SH,56.3,56.56,55.57,55.82,68398,381849458
2024-10-28,601100.SH,55.71,55.71,52.7,53,177445,950113906
2024-10-29,601100.SH,52.71,53.49,52.16,52.19,100399,528732182
2024-10-30,601100.SH,52.19,52.39,51.13,51.65,87491,451754932
2024-10-31,601100.SH,51.3,54.7,51.3,54.11,154214,826007732
2024-11-03,601100.SH,54.1,55.1,53.41,54.43,108038,586674757
2024-11-04,601100.SH,54.28,54.99,53.25,54.81,109529,594041685
2024-11-05,601100.SH,54.9,56.05,54.62,55.36,124757,690395685
2024-11-06,601100.SH,54.82,58,54.6,58,152887,871722726
2024-11-07,601100.SH,58.49,58.79,56.78,57.11,109510,629901025
2024-11-10,601100.SH,57,60.51,55.38,60.11,183651,1063634851
2024-11-11,601100.SH,60.05,61.98,59,59.52,126769,766949465
2024-11-12,601100.SH,58.95,59.8,58.35,59.02,74297,438204286
2024-11-13,601100.SH,58.74,59.22,56.47,56.65,78692,453399925
2024-11-14,601100.SH,56.3,56.97,54.02,54.02,109281,599219363
2024-11-17,601100.SH,54.02,55.28,53.11,53.37,73456,397178932
2024-11-18,601100.SH,53.64,55.46,53.4,55.32,79426,433750747
2024-11-19,601100.SH,55.23,57.49,54.86,57.27,103040,582166211
2024-11-20,601100.SH,57.13,57.37,56.25,56.65,48292,273937682
2024-11-21,601100.SH,57.35,57.35,54.78,54.78,71992,399806667
2024-11-24,601100.SH,54.6,57.01,54.02,54.53,74990,415410045
2024-11-25,601100.SH,54.4,54.4,52.86,53.28,70639,378620902
2024-11-26,601100.SH,53.1,54.18,53.03,53.6,51000,273436885
2024-11-27,601100.SH,53.49,53.74,52.33,52.9,61570,326384376
2024-11-28,601100.SH,52.99,53.61,52.08,53.06,65090,343907279
2024-12-01,601100.SH,52.8,54.69,52.31,54.09,84881,456564674
2024-12-02,601100.SH,54.09,54.09,52.45,52.78,85358,451296310
2024-12-03,601100.SH,52.8,53.68,52.44,53.64,69390,368375360
2024-12-04,601100.SH,53.05,54.14,52.58,53.59,101974,545261751
2024-12-05,601100.SH,53.5,55.38,52.88,54.81,105080,566859227
2024-12-08,601100.SH,54.82,58.65,54.81,57.19,262115,1502580333
2024-12-09,601100.SH,58.88,59.63,57.6,58.9,184869,1087600085
2024-12-10,601100.SH,58.89,61.35,57,57.2,181409,1067659896
2024-12-11,601100.SH,57,57.33,56.01,56.38,92495,521553165
2024-12-12,601100.SH,56.18,56.7,54.68,54.98,81453,453818658
2024-12-15,601100.SH,55.15,55.41,53.31,53.44,81500,438777848
2024-12-16,601100.SH,53.32,54.17,53.02,53.55,75717,406470750
2024-12-17,601100.SH,53.75,54.08,52.89,52.99,92217,490887264
2024-12-18,601100.SH,52.45,53.31,52.11,53,69958,369911442
2024-12-19,601100.SH,52.94,53.49,52.54,53.12,62914,334404178
2024-12-22,601100.SH,53.12,53.96,52.24,52.31,96218,510317606
2024-12-23,601100.SH,52.35,52.7,51.86,52.51,72832,380933395
2024-12-24,601100.SH,52.3,52.8,52,52.41,61756,323707968
2024-12-25,601100.SH,52.52,54.21,52.05,54.2,108827,581858044
2024-12-26,601100.SH,54,54.18,52.72,52.99,106831,568505181
2024-12-29,601100.SH,52.72,54.1,52.71,53.4,70369,376678850
2024-12-30,601100.SH,53.4,53.74,52.52,52.77,62424,331987211
2025-01-01,601100.SH,52.55,53.25,51.05,51.57,87021,454946693
2025-01-02,601100.SH,51.59,51.72,50.03,50.06,72520,369366932
2025-01-05,601100.SH,50.04,50.55,49.82,50.33,48952,245536441
2025-01-06,601100.SH,50.33,50.68,49.89,50.68,41026,206309945
2025-01-07,601100.SH,50.49,51.11,49.7,50.55,60499,304863747
2025-01-08,601100.SH,50.18,52.39,50.16,51.84,80015,411437700
2025-01-09,601100.SH,51.75,54.09,51.49,52.69,133093,708788092
2025-01-12,601100.SH,52.02,53.07,51.71,52,59474,311355231
2025-01-13,601100.SH,51.95,54.98,51.16,54.56,128374,689308675
2025-01-14,601100.SH,54.46,55.25,53.63,54.23,93905,512096592
2025-01-15,601100.SH,59.65,59.65,59.11,59.65,236582,1410929560
2025-01-16,601100.SH,59.65,63.28,59,62.55,417650,2555455864
2025-01-19,601100.SH,63.03,65.88,61.4,61.91,280791,1770312807
2025-01-20,601100.SH,62.68,65.66,61.25,65,273870,1742990484
2025-01-21,601100.SH,65.88,66,63,63.53,162829,1037876313
2025-01-22,601100.SH,63.99,64.29,61.7,62.19,168081,1055594918
2025-01-23,601100.SH,62.48,63.89,61.2,63.42,146577,920609506
2025-01-26,601100.SH,62.52,63.48,62.09,62.09,89276,561259758
2025-02-04,601100.SH,63.58,64.95,62.14,63.38,148481,947199067
2025-02-05,601100.SH,63.03,68.82,62.82,67.14,243460,1614460783
2025-02-06,601100.SH,66.48,68.5,65.57,66.13,171938,1155012684
2025-02-09,601100.SH,65.8,66.13,63.98,65.15,115030,746995491
2025-02-10,601100.SH,64.19,66.3,64.15,66.07,98526,646257736
2025-02-11,601100.SH,64.96,66.71,64.51,65.7,92946,610012863
2025-02-12,601100.SH,65.68,65.89,62.84,62.95,141666,907419133
2025-02-13,601100.SH,63,69.25,63,69.25,228586,1542347078
2025-02-16,601100.SH,71.98,72.1,68.95,70.55,317680,2244224062
2025-02-17,601100.SH,69.8,75.49,69.3,71.74,282046,2051258166
2025-02-18,601100.SH,71.74,78.91,70.99,78.91,324785,2478091035
2025-02-19,601100.SH,79.27,86.8,78.18,82.32,323467,2683915069
2025-02-20,601100.SH,81.43,85.72,80.45,84.6,237112,1969280418
2025-02-23,601100.SH,82.5,85.06,80.66,82.01,222425,1838224351
2025-02-24,601100.SH,78.5,82.7,78.1,80.71,156511,1264752266
2025-02-25,601100.SH,82.5,87.22,82.5,83.44,306538,2607400289
2025-02-26,601100.SH,82.3,83.98,80,82.7,198540,1625145674
2025-02-27,601100.SH,81.05,81.5,77.15,79.4,213530,1688834671
2025-03-02,601100.SH,79.5,82.89,77.01,80,163766,1327241736
2025-03-03,601100.SH,79.72,82,79.35,80.25,166956,1345930491
2025-03-04,601100.SH,83.3,87.17,83.3,84.85,206969,1763282092
2025-03-05,601100.SH,85.73,88.8,83.89,86.68,173221,1491732233
2025-03-06,601100.SH,86.75,95.35,86.06,95,203522,1857655940
2025-03-09,601100.SH,96.04,99.47,90.6,94.65,170015,1604078967
2025-03-10,601100.SH,91.1,94.25,88.22,93.77,218763,1981851866
2025-03-11,601100.SH,92,92,88.5,88.78,179556,1604663506
2025-03-12,601100.SH,87.5,88.88,84.72,84.78,201016,1733501949
2025-03-13,601100.SH,83.11,88.5,83.11,87.71,258156,2224954626
2025-03-16,601100.SH,85.9,87.75,84.66,87.08,137180,1186731705
2025-03-17,601100.SH,87.63,88.4,85.2,87.08,109065,946060255
2025-03-18,601100.SH,86.68,88.75,85.82,87.21,117813,1030063900
2025-03-19,601100.SH,86.97,87.5,83.5,86.25,139720,1194127279
2025-03-20,601100.SH,85,85.5,82.9,83.3,179568,1505262044
2025-03-23,601100.SH,84.04,87,83.3,86.28,153634,1319428757
2025-03-24,601100.SH,84.19,86.6,82.22,82.6,128092,1067943541
2025-03-25,601100.SH,82.46,83.98,82.15,82.9,79919,662118795
2025-03-26,601100.SH,82.15,83.81,81.8,82.4,53078,439380972
2025-03-27,601100.SH,82.52,82.98,81.13,81.33,79426,649332341
2025-03-30,601100.SH,80.25,81.63,78.55,79.54,152043,1208367738
2025-03-31,601100.SH,80.66,80.9,78.87,79.9,90889,726187774
2025-04-01,601100.SH,79.69,81,79.57,79.88,57814,463487734
2025-04-02,601100.SH,78.01,79.9,77.25,78.7,63683,502176492
2025-04-06,601100.SH,70.83,72.83,70.83,70.83,112601,798108742
2025-04-07,601100.SH,72.97,72.97,67.47,70.88,214706,1480310956
2025-04-08,601100.SH,69.5,72,68,71.36,196038,1377715876
2025-04-09,601100.SH,75,76.4,73.38,74.2,165132,1235613474
2025-04-10,601100.SH,74.08,77.48,73.35,75.6,105605,800013974
2025-04-13,601100.SH,76.26,76.96,72.98,73.03,127091,952293611
2025-04-14,601100.SH,74,74,68.91,70.14,215958,1515903348
2025-04-15,601100.SH,69.62,69.98,67.09,68.35,157268,1068029933
2025-04-16,601100.SH,67.83,69.11,67,68.5,84122,574635208
2025-04-17,601100.SH,68.12,69.46,67.86,68.72,52419,359987217
2025-04-20,601100.SH,68.5,73.1,67.86,72.2,115851,824153587
2025-04-21,601100.SH,72.2,72.2,69.68,70.33,103165,729706612
2025-04-22,601100.SH,71.95,75.18,71.68,74.36,193035,1419980182
2025-04-23,601100.SH,74,74.63,71.68,72.52,123835,902893327
2025-04-24,601100.SH,72.52,72.8,70.81,71.8,73749,530915744
2025-04-27,601100.SH,72,72.99,70.93,71.17,57714,413668995
2025-04-28,601100.SH,69.89,74.22,69.69,73.71,111964,813632749
2025-04-29,601100.SH,73.6,75.6,73.05,74.42,118204,880240500
2025-05-05,601100.SH,75,78.5,73.2,77.95,176682,1360936767
2025-05-06,601100.SH,80.1,81.59,76.76,79.2,132867,1046065202
2025-05-07,601100.SH,78.25,79.29,77.02,78.12,82435,643406585
2025-05-08,601100.SH,77.79,77.79,75.7,76.1,80362,613325273
2025-05-11,601100.SH,77.27,77.99,75.54,76.76,109192,837339792
2025-05-12,601100.SH,77.5,77.5,74.5,75.17,104123,789410846
2025-05-13,601100.SH,74.99,75.71,74.12,74.72,66123,494995573
2025-05-14,601100.SH,74.39,74.39,72.44,73.36,76304,558454065
2025-05-15,601100.SH,73.1,75.88,73.02,74.2,82834,618024016
2025-05-18,601100.SH,74.18,74.18,69.3,70.5,200922,1427338631
2025-05-19,601100.SH,70.5,71.5,69.8,70.65,111397,786704841
2025-05-20,601100.SH,70.67,71.33,69.85,70.93,70376,497639173
2025-05-21,601100.SH,70.85,71.22,70.3,70.48,49799,351500636
2025-05-22,601100.SH,70.34,71.3,69.77,69.79,55546,391445898
2025-05-25,601100.SH,69.37,70.01,68.7,69.25,50056,346038505
2025-05-26,601100.SH,69.1,69.29,67.25,67.39,71978,488602389
2025-05-27,601100.SH,67.48,68.29,67.17,67.55,42786,289376409
2025-05-28,601100.SH,67.52,69.42,67.49,68.13,68101,467066830
2025-05-29,601100.SH,68.14,68.65,67.3,68.12,49468,336393794
2025-06-02,601100.SH,67.78,68.1,66.4,66.7,78787,527411954
2025-06-03,601100.SH,66.65,67.4,66.6,66.83,57513,384905405
2025-06-04,601100.SH,66.65,69.17,66.2,69.13,125117,845720370
2025-06-05,601100.SH,69.19,72.2,69.19,71.15,202426,1444240593
2025-06-08,601100.SH,70.02,71.2,70.02,70.45,87880,619600111
2025-06-09,601100.SH,70.45,71.39,68.98,70.45,89210,625859016
2025-06-10,601100.SH,70.4,70.61,68.8,68.8,73979,514436236
2025-06-11,601100.SH,68.5,70.75,68.32,69.31,80882,564525345
2025-06-12,601100.SH,69.05,69.7,67.9,68.52,59888,410889575
2025-06-15,601100.SH,68.5,68.71,66.9,66.9,83378,561170139
2025-06-16,601100.SH,66.9,68.79,66.9,67.61,67739,459048341
2025-06-17,601100.SH,67.5,70.7,67.45,69.04,128700,897827379
2025-06-18,601100.SH,68.97,72.1,68.97,69.76,141516,1003997698
2025-06-19,601100.SH,69,69.76,67.04,67.28,91400,619805692
2025-06-22,601100.SH,66.66,66.9,65.82,66.77,70673,468600168
2025-06-23,601100.SH,67.04,69.49,67.02,69.39,98727,678422036
2025-06-24,601100.SH,69.7,71.46,69.39,70.96,94143,665311037
2025-06-25,601100.SH,70.97,71.88,70.3,70.5,55768,395752966
2025-06-26,601100.SH,69.75,71.3,68.76,70.21,64450,453930403
2025-06-29,601100.SH,70.21,72.45,70,72,84515,607231707
2025-06-30,601100.SH,72.27,72.27,70.5,70.8,56819,402688235
2025-07-01,601100.SH,70.5,70.99,69.6,69.75,57444,402485152
2025-07-02,601100.SH,69.58,69.58,66.46,67.93,194353,1310026439
2025-07-03,601100.SH,67.58,69.88,67.5,69.13,99751,686303610
2025-07-06,601100.SH,68.7,69,68.02,68.6,52648,359748151
2025-07-07,601100.SH,68,72.28,67.9,72.06,131470,932482815
2025-07-08,601100.SH,72.41,72.84,71.03,71.03,86457,619293213
2025-07-09,601100.SH,71.08,71.16,68.88,70.2,95882,671871838
2025-07-10,601100.SH,70.18,72.6,70.15,71.26,95790,684991523
2025-07-13,601100.SH,71.92,72.58,70.93,71.82,80673,579500710
2025-07-14,601100.SH,71.85,73.52,71.5,73.52,103000,751427186
2025-07-15,601100.SH,73.52,76.9,72.66,76.3,167752,1267721734
2025-07-16,601100.SH,76.3,76.68,75.51,76.3,74661,568357091
2025-07-17,601100.SH,76.64,76.8,75.06,76.4,78604,596790023
2025-07-20,601100.SH,79.57,79.93,75.56,77.59,103462,797101756
2025-07-21,601100.SH,78.55,85.35,78.45,80.38,311821,2542847776
2025-07-22,601100.SH,80.44,80.58,77,79.25,147830,1164588843
2025-07-23,601100.SH,78.53,79.45,77.41,77.56,104276,814441772
2025-07-24,601100.SH,77.24,77.7,75.2,75.63,130369,992634622
2025-07-27,601100.SH,75.63,76.47,74.61,75.09,82226,618064452
2025-07-28,601100.SH,75.2,76.24,74.88,75.8,81216,613811714
2025-07-29,601100.SH,75.78,76.48,74.75,75.2,62654,473132554
2025-07-30,601100.SH,74.84,75.13,73.32,73.6,98688,731366710
2025-07-31,601100.SH,73.57,73.85,72.33,73.16,64960,474452706
2025-08-03,601100.SH,72.8,74.23,72.56,73.94,62995,462886213
2025-08-04,601100.SH,74.14,78.28,73.81,77.43,172231,1314099883
2025-08-05,601100.SH,79.38,80.89,78.57,80.11,155597,1239891402
2025-08-06,601100.SH,80.11,80.11,78.4,79.86,89017,706639896
2025-08-07,601100.SH,75.2,79.2,75.2,78.13,185596,1440428017
2025-08-10,601100.SH,78.14,79.5,77.25,77.28,85553,668511521
2025-08-11,601100.SH,77.27,78.2,76.29,77.03,70930,546367162
2025-08-12,601100.SH,77.22,77.22,75.74,76.2,89793,683255961
2025-08-13,601100.SH,76.2,76.51,75.22,75.66,65175,494774049
2025-08-14,601100.SH,75.25,76.92,74.34,75.55,95207,723803437
2025-08-17,601100.SH,76.16,79.83,75.31,79.5,172969,1348694878
2025-08-18,601100.SH,78.5,83.98,78.5,82.08,192472,1570045928
2025-08-19,601100.SH,81.75,84.85,81.15,83.99,130063,1084206029
2025-08-20,601100.SH,83.79,83.95,81.31,81.91,73936,610901232
2025-08-21,601100.SH,81.96,84.67,81.96,82.69,85537,711797131
2025-08-24,601100.SH,83.5,84.68,82.18,83.8,85145,711059289
2025-08-25,601100.SH,84.67,87.5,83.66,86.9,146833,1259982178
2025-08-26,601100.SH,86.79,87.2,84,84.09,177321,1515274977
2025-08-27,601100.SH,84.1,85.3,83.5,85.15,78438,663647140
2025-08-28,601100.SH,85.15,90.68,85.01,89.42,138197,1222797170
2025-08-31,601100.SH,90.31,91.5,88.3,91.3,91762,824630785
2025-09-01,601100.SH,91.28,95.29,87.59,93.43,175808,1615036230
2025-09-02,601100.SH,93.49,95.6,91.57,93.43,117570,1094893810
2025-09-03,601100.SH,93.43,93.5,85.01,86.75,137122,1202563934
2025-09-04,601100.SH,86.32,89,86.11,88,84878,746455373
2025-09-07,601100.SH,87.92,94.69,87.8,90.32,196595,1780911236
2025-09-08,601100.SH,88.99,90.3,87.5,88.22,101219,896961101
2025-09-09,601100.SH,87.1,88.44,85.46,87.7,81373,708833985
2025-09-10,601100.SH,87.47,90.11,87.17,89.75,70452,624474962
2025-09-11,601100.SH,90,90.65,85.7,86.36,122887,1072223693
2025-09-14,601100.SH,86.36,91.96,86.02,91,150953,1360717103
2025-09-15,601100.SH,92.68,96.97,90.46,93.46,185335,1735982211
2025-09-16,601100.SH,95.34,98.19,94.4,97.29,158787,1532943897
2025-09-17,601100.SH,99.24,101,92.94,94.4,226724,2201207241
2025-09-18,601100.SH,93,96.28,93,93.55,97924,920387742
2025-09-21,601100.SH,92.98,93.94,90.5,92.54,101761,943634271
2025-09-22,601100.SH,92.77,93.5,90.35,91.79,99470,912704718
2025-09-23,601100.SH,91.28,93.78,90.5,93.34,86202,796697454
2025-09-24,601100.SH,92.9,95.44,91.88,93.34,84601,792712712
2025-09-25,601100.SH,92.03,92.79,89.35,89.7,75722,688589432
2025-09-28,601100.SH,89.7,95,89.69,94.98,108823,1016616084
2025-09-29,601100.SH,96,96.88,93.79,95.77,115303,1099628055
2025-10-08,601100.SH,96.97,104.9,95,104,225396,2298292725
2025-10-09,601100.SH,103,104.85,96.17,98.27,152298,1509250609
2025-10-12,601100.SH,92.1,95.26,91.5,95,137276,1286999759
2025-10-13,601100.SH,96.06,100.96,91.5,92.05,138474,1333302099
2025-10-14,601100.SH,92.05,98.86,91.3,98.41,128021,1226712815
2025-10-15,601100.SH,96,98,93.27,94,100264,957196999
2025-10-16,601100.SH,93.26,93.7,89.03,89.28,89719,811686003
2025-10-19,601100.SH,90.3,93.18,90.3,91.19,77589,712712627
2025-10-20,601100.SH,92.07,93.69,91.42,92.75,48025,445422979
2025-10-21,601100.SH,92.32,95.28,91.62,92.53,57308,534138104
2025-10-22,601100.SH,91.6,91.72,88.19,89.85,84315,753626964
2025-10-23,601100.SH,90.33,93.33,90.21,92.93,62764,577491173
2025-10-26,601100.SH,93.5,95.2,91.79,93.96,76725,715637824
2025-10-27,601100.SH,93.96,95.4,91.53,93.45,85597,800150473
2025-10-28,601100.SH,92.5,99.97,92.5,98.81,148881,1447301268
2025-10-29,601100.SH,97.92,99.08,95.8,96.5,90939,881430610
2025-10-30,601100.SH,96.79,99.9,95.58,96.08,90615,884366022
2025-11-02,601100.SH,95.82,96,91.8,92.21,101524,941177870
2025-11-03,601100.SH,92,93.12,89.2,89.8,72690,658178006
2025-11-04,601100.SH,88.25,89.42,87.3,87.33,71861,631399845
2025-11-05,601100.SH,87.84,93.65,87.71,93.15,110047,1003657929
2025-11-06,601100.SH,92.48,96.65,90.87,94.22,112867,1061022047
2025-11-09,601100.SH,93.6,94.58,89.66,90.48,106522,968463244
2025-11-10,601100.SH,90.61,91.75,87.7,90.03,75142,670981233
2025-11-11,601100.SH,89.78,89.8,86.6,86.61,63552,555836218
2025-11-12,601100.SH,86.73,87.78,85.51,87.15,62982,545738099
2025-11-13,601100.SH,85.8,88.14,85.56,86.07,43241,376859855
2025-11-16,601100.SH,86.07,90.18,85.58,88.06,98586,874651459
2025-11-17,601100.SH,88.32,89.39,87.1,88.64,45319,401898484
2025-11-18,601100.SH,88.88,89.39,86.15,87.5,54185,472501714
2025-11-19,601100.SH,88.32,90.34,88,89.74,72222,647051612
2025-11-20,601100.SH,88.8,94.33,87.92,92.15,145884,1336414343
2025-11-23,601100.SH,92.71,92.99,90.91,92.06,65974,607308961
2025-11-24,601100.SH,92.7,93.2,90.09,90.6,84834,779192920
2025-11-25,601100.SH,90,94.28,89.04,92.16,85571,791796384
2025-11-26,601100.SH,92.48,101.38,92.25,101.38,322694,3171910535
2025-11-27,601100.SH,101,102.33,96.6,101.3,235131,2354291074
2025-11-30,601100.SH,103.97,106.91,101.5,103.8,200456,2093325005
2025-12-01,601100.SH,103.45,105.79,101,103.8,104376,1083348947
2025-12-02,601100.SH,104.8,107.01,102.66,104.25,117185,1227428707
2025-12-03,601100.SH,108.62,111.6,104.4,106.45,190769,2039597699
2025-12-04,601100.SH,106.69,113.47,105.02,112.98,170941,1889106985
2025-12-07,601100.SH,111.78,112.5,108.01,111.7,155354,1718748566
2025-12-08,601100.SH,109.91,112.2,109,110.17,108486,1196529200
2025-12-09,601100.SH,109.3,113.74,107.8,112.5,114291,1271993583
2025-12-10,601100.SH,111.38,113.5,110.5,110.6,80343,896042001
2025-12-11,601100.SH,109.54,111.35,107.75,110.35,119829,1313811741
2025-12-14,601100.SH,109.61,112.4,108.8,109.32,107173,1182818119
2025-12-15,601100.SH,110.27,110.49,107.01,108.2,85026,921367813
2025-12-16,601100.SH,107.2,108.75,106.21,107.63,119556,1283640205
2025-12-17,601100.SH,107.1,107.3,104.81,105,95304,1009442817
2025-12-18,601100.SH,105.83,107.19,104,105.34,87154,921983636
2025-12-21,601100.SH,105.88,108.05,104.67,107.41,98369,1046920675
2025-12-22,601100.SH,107,107.97,104.44,104.88,79304,835700513
2025-12-23,601100.SH,105.5,106.47,104.3,104.7,66495,697778729
2025-12-24,601100.SH,104.01,108.87,103.81,107.22,97526,1040480894
2025-12-25,601100.SH,106.97,109.65,105.67,108.61,88959,959430381
2025-12-28,601100.SH,108.5,109.5,105.04,108.2,105364,1136381578
2025-12-29,601100.SH,108.56,114.15,108.56,112.96,170884,1917772021
2025-12-30,601100.SH,113.14,113.6,108.66,109.91,113377,1249814122
2026-01-04,601100.SH,108.8,115.5,108.07,113.5,114719,1297166615
2026-01-05,601100.SH,113.5,115.75,109.92,110.7,155108,1734605118
2026-01-06,601100.SH,110,117.6,110,117.06,180737,2092480156
2026-01-07,601100.SH,117.23,118.54,111.58,112.91,142996,1628994041
2026-01-08,601100.SH,113.35,118.5,113.2,115.2,123054,1427568277
2026-01-11,601100.SH,113.8,119.76,111.7,117.6,130078,1506708032
2026-01-12,601100.SH,119.99,125.4,118.42,120.29,159488,1932077592
2026-01-13,601100.SH,119.76,120.85,114,114.2,175231,2037430943
2026-01-14,601100.SH,113,114.16,110.88,112.64,95453,1071975439
2026-01-15,601100.SH,113,120.4,113,118.8,151899,1790577047
2026-01-18,601100.SH,120,121,116.19,117.17,124062,1463593825
2026-01-19,601100.SH,117.88,119,114,114.88,88416,1022141234
2026-01-20,601100.SH,114,124.41,113.23,121.12,208533,2475573197
2026-01-21,601100.SH,121,123.48,117.4,118.09,134289,1604475103
2026-01-22,601100.SH,123,125.98,116.82,117.68,193888,2325834645
2026-01-25,601100.SH,118.04,118.5,111.01,111.5,194505,2200091149
2026-01-26,601100.SH,111.29,115.3,109.32,112.93,136865,1547252959
2026-01-27,601100.SH,112,113.5,111.05,112.3,93320,1046618989
2026-01-28,601100.SH,111.9,113.3,108.5,108.9,106593,1169774801
2026-01-29,601100.SH,108.33,110.34,105.88,108.4,93974,1019183119
2026-02-01,601100.SH,108.72,109.8,107.17,107.46,92414,1002203535
2026-02-02,601100.SH,109.18,114.87,107.31,114.68,163653,1837905103
2026-02-03,601100.SH,114.95,119.93,114.45,119.87,166490,1961617274
2026-02-04,601100.SH,120,122.58,117.56,121,132251,1590230113
2026-02-05,601100.SH,121,122.26,117.6,119.64,89110,1068801679
2026-02-08,601100.SH,121.2,123.39,119.45,121.87,70231,854482379
2026-02-09,601100.SH,122.13,125.87,121.01,123.74,93229,1150911795
2026-02-10,601100.SH,124.55,124.55,121.22,122.15,57836,707785946
2026-02-11,601100.SH,121.5,123.37,120.93,121.49,51647,630107560
2026-02-12,601100.SH,121.5,121.5,118.3,118.54,48071,572753547
2026-02-23,601100.SH,119.91,119.99,113.58,114,118657,1359643882
2026-02-24,601100.SH,113,116.28,112.58,115.16,67887,778320571
2026-02-25,601100.SH,113.9,117,113.23,114.59,83718,962583882
2026-02-26,601100.SH,114,115.27,112.11,112.83,62278,706784273
2026-03-01,601100.SH,111,114.47,110.8,112.1,79437,895919413
2026-03-02,601100.SH,112.55,113.2,106.68,106.85,111745,1214146776
2026-03-03,601100.SH,105.9,106.79,103.22,104.58,98042,1026192067
2026-03-04,601100.SH,105.76,107.2,105.01,106.4,78346,830825216
2026-03-05,601100.SH,105.8,108.12,104.55,106.97,91332,976990484
2026-03-08,601100.SH,105,111.28,103.01,109.4,118792,1279373606
2026-03-09,601100.SH,112,116.88,110.69,114.86,137128,1566956414
2026-03-10,601100.SH,115.91,116.01,112.08,114.86,80536,916893389
2026-03-11,601100.SH,113.51,114.37,110.32,111.4,70155,784741320
2026-03-12,601100.SH,110.21,111.4,107.16,107.7,50865,554139885
2026-03-15,601100.SH,107.11,107.73,103.6,105.48,63220,663269521
2026-03-16,601100.SH,106.76,107.38,103.93,103.98,71572,754112138
2026-03-17,601100.SH,104.55,106,100.71,103.69,95766,978242420
2026-03-18,601100.SH,101.63,102.48,99.02,100.22,100804,1016374556
2026-03-19,601100.SH,100.2,101.37,98.3,99.67,115161,1147895522
2026-03-22,601100.SH,89.7,94.88,89.7,91.92,352124,3225966822
2026-03-23,601100.SH,92,93.35,89.1,93,250503,2277683998
2026-03-24,601100.SH,94.65,96.69,93.2,95.45,130778,1244082969
2026-03-25,601100.SH,96.71,98.34,95.17,95.95,91578,886573330
2026-03-26,601100.SH,95.25,97.85,94.5,95.77,67256,645096060
2026-03-29,601100.SH,94.64,97.8,93.7,96.85,63501,612443858
2026-03-30,601100.SH,97.32,99.67,96,96,79535,776117518
2026-03-31,601100.SH,97.3,105.6,97.3,102,166495,1698046925
2026-04-01,601100.SH,101.49,103.98,100.95,102.5,139939,1438729512
2026-04-02,601100.SH,102.46,104.98,101.6,102.99,102177,1050905144
2026-04-06,601100.SH,102,102.49,97.68,98.23,96916,958718755
2026-04-07,601100.SH,101,102.77,100.59,102.12,118639,1207636106
2026-04-08,601100.SH,101,103.12,100.5,101.2,54483,556030252
2026-04-09,601100.SH,102.5,103.4,101,101.38,97530,997871669
2026-04-12,601100.SH,102,102,99.68,100.04,68531,688425556
2026-04-13,601100.SH,102.3,105.71,101.86,104.85,109859,1134236584
2026-04-14,601100.SH,108,108,103.75,103.9,83474,881421055
2026-04-15,601100.SH,104.5,110.2,104.5,107,116093,1254385812
2026-04-16,601100.SH,106.75,106.75,104.26,105.39,76972,810165314
2026-04-19,601100.SH,105.55,105.7,102.73,103.32,92523,958714956
2026-04-20,601100.SH,97.44,101.5,96.31,100.4,203513,2017251326
2026-04-21,601100.SH,99.85,101.39,99.04,101.08,102424,1027232337
2026-04-22,601100.SH,101.4,101.44,99.08,100.22,110173,1099812125
2026-04-23,601100.SH,100.99,100.99,94.15,96.85,222028,2139940639
2026-04-26,601100.SH,97.49,99.38,96.53,96.94,124255,1216886290
2026-04-27,601100.SH,96,104.81,95.5,104.52,226135,2326668649
2026-04-28,601100.SH,103.32,105.01,101.88,105,95844,992280608
2026-04-29,601100.SH,103.7,106.1,103.52,104.98,91937,964455355
2026-05-05,601100.SH,104.65,105.64,102.45,105.05,121243,1263290094
2026-05-06,601100.SH,106.2,113.55,103.8,113.4,206263,2287761581
2026-05-07,601100.SH,111.57,116.63,111.48,113.41,155796,1783667388
2026-05-10,601100.SH,114.56,117.86,113.42,113.77,117553,1353919846
2026-05-11,601100.SH,114.47,115.66,111.7,112.5,84870,959406384
2026-05-12,601100.SH,111.8,111.8,109.58,111.53,86486,959120540
2026-05-13,601100.SH,111.55,112.5,109.02,109.06,62433,689007665
2026-05-14,601100.SH,110,118.74,109.18,116.02,184614,2119263567
2026-05-17,601100.SH,115,116.36,112.12,113.55,125581,1429475799
2026-05-18,601100.SH,114.5,115.5,111.25,112.36,73211,824164204
2026-05-19,601100.SH,111.66,115.45,110.38,112.63,79876,898669554
2026-05-20,601100.SH,112.94,118.85,112.7,114.04,126381,1467520353
2026-05-21,601100.SH,114.06,118.78,112.3,117.05,103257,1194019366
2026-05-24,601100.SH,117.09,118,110.75,111,151155,1707220578
2026-05-25,601100.SH,113.01,115.16,110.7,112.23,126207,1428399561
2026-05-26,601100.SH,111.07,112.8,109.49,110.52,84316,933385315
2026-05-27,601100.SH,110.52,112.66,108.5,112.09,89498,990831663
2026-05-28,601100.SH,113,113,108.51,109.11,93705,1031952159
2026-05-31,601100.SH,111.3,114.88,108.8,111.3,119381,1342775584
2026-06-01,601100.SH,112.09,113.01,110,111.36,68195,758157160
2026-06-02,601100.SH,111.33,115.78,109.7,112.64,105070,1198413620
2026-06-03,601100.SH,111.52,116.88,110.52,114.2,82050,940391187
2026-06-04,601100.SH,114.3,120.5,111.45,117.2,124374,1445299622
2026-06-07,601100.SH,114,123.5,113.89,119.77,147113,1771881480
2026-06-08,601100.SH,121.86,122.98,117.5,122.5,105665,1272686147
2026-06-09,601100.SH,121,121.43,116.75,119.3,110283,1310763033
2026-06-10,601100.SH,117.3,123.8,117.12,122.51,132070,1606766682
2026-06-11,601100.SH,122.12,123.48,114.54,114.54,202243,2397810261
2026-06-14,601100.SH,116.99,118.85,112.44,116.14,120545,1397319098
2026-06-15,601100.SH,116.1,117.77,114.23,116.5,77166,895315864
2026-06-16,601100.SH,115.2,118.18,113.5,118,70498,817403252
2026-06-17,601100.SH,117.4,120.58,116.4,117.9,74356,881127511
2026-06-21,601100.SH,117.8,118.2,109.9,115.11,143015,1622561583
2026-06-22,601100.SH,115.11,117.16,112.01,112.18,75476,860905252
2026-06-23,601100.SH,111.5,112.18,109.38,109.97,77986,860144647
2026-06-24,601100.SH,110.9,113.5,108.58,111.6,88604,984563954
2026-06-25,601100.SH,110.11,112,108.2,108.2,81426,892572994
2026-06-28,601100.SH,107.55,108.21,104.44,107.17,110269,1173364701
2026-06-29,601100.SH,108.6,109.98,104.2,107.56,98935,1061641892
2026-06-30,601100.SH,108,111.31,104.57,105.74,93806,1003217504
2026-07-01,601100.SH,110,115.58,107.59,110.6,189490,2126128314
2026-07-02,601100.SH,110.99,121.66,110.58,121.66,202203,2374139765
2026-07-05,601100.SH,123.2,124,116.51,117.5,145925,1736355002
2026-07-06,601100.SH,117.91,120.5,115,115.93,100140,1170157933
2026-07-07,601100.SH,115.07,115.8,108.2,108.57,100379,1112610867
2026-07-08,601100.SH,108,109.17,105.15,107.7,74362,795115166
2026-07-09,601100.SH,107.82,113.49,106.84,111.01,99510,1099966172
2026-07-12,601100.SH,110.41,112.75,105.52,106,78261,845838042
2026-07-13,601100.SH,105.63,107.7,103.25,107.7,74307,783965047
2026-07-14,601100.SH,106.5,112.5,106.5,110.58,71081,785190631
2026-07-15,601100.SH,108.08,111.98,107.73,108.21,62283,679197499
2026-07-16,601100.SH,108.23,109.5,103.18,103.51,83917,880827565
2026-07-19,601100.SH,104.99,105.3,100.52,103.51,78890,811375719
2026-07-20,601100.SH,102.96,107.15,102.96,106.55,77311,813416313
2026-07-21,601100.SH,106,106,102.84,104.08,58733,610384999
2026-07-22,601100.SH,104,107.6,102.4,107.42,55728,592702565
2026-07-23,601100.SH,105.99,107.49,105,106.79,53152,565164555
2026-07-26,601100.SH,107.47,108.08,104.5,105.48,38475,407345864
2026-07-27,601100.SH,104.48,106.42,103.65,103.8,48324,505347666
2026-07-28,601100.SH,103.6,104.36,98.88,102.93,80102,809268101
2026-07-29,601100.SH,101,104.26,99.4,103,76860,784473197
2026-07-30,601100.SH,104.69,109.41,101.75,108.45,100402,1071550090
2026-08-02,601100.SH,109.98,112.2,107.77,109.84,64731,716026784
2026-08-03,601100.SH,109.8,109.99,105.14,106.3,63825,679519455
2026-08-04,601100.SH,105.66,106.86,104.3,105.68,60336,637149938
2026-08-05,601100.SH,105.18,106.98,104.2,105.1,52288,551173347
2026-08-06,601100.SH,105.07,105.8,103.29,104,64865,676203019
2026-08-09,601100.SH,104.1,104.99,103.19,103.88,56110,581772476
2026-08-10,601100.SH,103.01,108.47,102.32,107.22,97276,1034568441
2026-08-11,601100.SH,107,107,103.83,105.35,64365,680620280
2026-08-12,601100.SH,105.33,108.3,104.81,106.01,56308,602899792
2026-08-13,601100.SH,105.99,107.8,104.44,106.28,44692,471949018
2026-08-16,601100.SH,106.29,110.03,104.55,108.82,71208,768662197
2026-08-17,601100.SH,108,109.4,106.69,107.99,52898,568677363
2026-08-18,601100.SH,107.83,107.9,100.7,101,103644,1060043928
2026-08-19,601100.SH,101.16,102.59,100.4,101.4,44047,447024169
2026-08-20,601100.SH,101.03,105.94,100.7,105.79,77450,810276965
2026-08-23,601100.SH,105.99,108.75,104.03,105.11,41333,434656519
2026-08-24,601100.SH,103.22,105.4,97.25,100.74,143536,1448192976
2026-08-25,601100.SH,100.74,101.42,97.1,97.15,96600,953266140
2026-08-26,601100.SH,97.15,103.36,96.17,103,109044,1104607410
2026-08-27,601100.SH,103,104.7,101.32,101.36,51192,523342413
2026-08-30,601100.SH,100.5,102.57,100.36,102.5,39356,401156733
2026-08-31,601100.SH,102.01,102.88,101.1,101.88,32482,330478014
2026-09-01,601100.SH,101.98,101.98,99.6,100.28,32502,325948343
2026-09-02,601100.SH,100.77,101.58,98.83,100.16,35421,354114701
2026-09-03,601100.SH,100.7,101.6,97.9,99.03,40788,404970848
2026-09-06,601100.SH,98.9,101.77,98.73,101.03,59320,597635715
2026-09-07,601100.SH,100.5,104.15,100.25,102.13,50653,519991587
2026-09-08,601100.SH,102.37,102.4,101.02,101.63,28413,289205826
2026-09-09,601100.SH,101.5,101.63,100,100.1,21945,220461114
2026-09-10,601100.SH,100.6,100.67,98.06,100,31380,311690206
2026-09-13,601100.SH,100.05,102.97,98.65,101.17,37583,380771222
2026-09-14,601100.SH,101.17,101.4,97.9,98.81,49345,488651882
2026-09-15,601100.SH,97.87,98.01,90.2,92.6,285735,2642681584
2026-09-16,601100.SH,94.47,95.5,91.9,93.49,142079,1331266672
2026-09-17,601100.SH,94.93,95.55,92.2,92.2,68542,637638483
2026-09-20,601100.SH,93,96,92.5,93.48,100534,948179507
2026-09-21,601100.SH,93.6,95.08,91.96,92.39,73112,679804052
2026-09-22,601100.SH,92.39,93.25,91.05,91.6,63479,583296290
2026-09-23,601100.SH,91.6,93.9,90.7,92.3,95732,889283519
2026-09-27,601100.SH,91.5,92.25,89.58,90,100881,911723674
2026-09-28,601100.SH,89.1,90.86,88.2,90.82,64714,581660844
2026-09-29,601100.SH,90.12,90.96,89.33,90.31,51032,461097642
2022-08-16,600031.SH,16.62,16.75,16.35,16.65,474369,784191249
2022-08-17,600031.SH,16.62,16.62,16.36,16.38,416012,682988107
2022-08-18,600031.SH,16.35,16.55,16.25,16.26,401416,656620050
2022-08-21,600031.SH,16.18,16.37,16.15,16.29,378158,615334586
2022-08-22,600031.SH,16.29,16.29,16,16.07,620105,995648589
2022-08-23,600031.SH,16.07,16.13,15.4,15.46,1187476,1858011166
2022-08-24,600031.SH,15.55,15.63,15.25,15.6,754719,1165884675
2022-08-25,600031.SH,15.61,15.73,15.47,15.52,441728,687907585
2022-08-28,600031.SH,15.27,15.63,15.21,15.56,435088,672709535
2022-08-29,600031.SH,15.56,15.84,15.53,15.58,417095,652547957
2022-08-30,600031.SH,15.45,15.86,15.35,15.75,631434,988606655
2022-08-31,600031.SH,15.75,16.07,15.68,15.85,673591,1074310096
2022-09-01,600031.SH,15.83,15.88,15.49,15.61,454176,708412518
2022-09-04,600031.SH,15.55,15.58,15.26,15.45,450280,692020775
2022-09-05,600031.SH,15.49,15.77,15.49,15.73,485887,762251262
2022-09-06,600031.SH,15.67,15.75,15.53,15.6,336876,526636382
2022-09-07,600031.SH,15.65,15.83,15.63,15.75,409789,645565582
2022-09-08,600031.SH,15.75,16.31,15.66,16.26,1056494,1702155639
2022-09-12,600031.SH,16.18,16.46,16.15,16.3,597398,975832556
2022-09-13,600031.SH,16.07,16.25,16.01,16.15,442310,713359553
2022-09-14,600031.SH,16.18,16.44,16,16.2,582445,944601046
2022-09-15,600031.SH,16.17,16.19,15.6,15.6,644052,1014702641
2022-09-18,600031.SH,15.56,15.56,14.85,14.97,872137,1320036138
2022-09-19,600031.SH,15.02,15.08,14.9,14.96,475431,711855540
2022-09-20,600031.SH,14.95,15.21,14.7,15.06,620203,931940791
2022-09-21,600031.SH,14.94,15.01,14.64,14.69,574250,850265296
2022-09-22,600031.SH,14.7,14.78,14.25,14.42,632601,916189619
2022-09-25,600031.SH,14.39,14.42,13.98,14.05,757125,1073368867
2022-09-26,600031.SH,14.05,14.38,14.01,14.37,518193,735408327
2022-09-27,600031.SH,14.37,14.47,14.09,14.09,399408,569404094
2022-09-28,600031.SH,14.21,14.26,13.71,13.85,616356,860089081
2022-09-29,600031.SH,13.86,14.07,13.85,13.88,452527,632009953
2022-10-09,600031.SH,13.88,14.1,13.66,13.69,407553,565111691
2022-10-10,600031.SH,13.69,13.73,13.42,13.61,341081,462266451
2022-10-11,600031.SH,13.71,14.55,13.55,14.5,836901,1176373476
2022-10-12,600031.SH,14.43,14.53,14.24,14.45,483019,695765447
2022-10-13,600031.SH,14.5,14.89,14.46,14.66,605013,890714695
2022-10-16,600031.SH,14.58,15.03,14.49,15,627288,933982205
2022-10-17,600031.SH,15.02,15.08,14.72,14.78,479996,712159910
2022-10-18,600031.SH,14.78,14.89,14.56,14.63,398842,586297530
2022-10-19,600031.SH,14.52,14.8,14.45,14.56,349701,510845363
2022-10-20,600031.SH,14.65,14.9,14.47,14.49,458860,674800224
2022-10-23,600031.SH,14.51,14.95,14.06,14.15,779585,1126763107
2022-10-24,600031.SH,14.2,14.71,14.2,14.41,780904,1127852872
2022-10-25,600031.SH,14.5,14.84,14.5,14.71,555923,815744942
2022-10-26,600031.SH,14.8,14.95,14.65,14.82,557332,826988034
2022-10-27,600031.SH,14.7,14.82,14.3,14.36,564593,820685792
2022-10-30,600031.SH,13.99,13.99,13.3,13.5,1195599,1616939689
2022-10-31,600031.SH,13.54,14.85,13.43,14.85,1542831,2201988573
2022-11-01,600031.SH,14.88,15.48,14.76,15.16,1535249,2333811383
2022-11-02,600031.SH,15,15.38,14.97,15.21,774584,1179578479
2022-11-03,600031.SH,15.19,15.55,15.11,15.36,845752,1294906292
2022-11-06,600031.SH,15.3,15.39,15.15,15.27,530235,808452060
2022-11-07,600031.SH,15.26,15.39,14.9,15.04,607529,912557242
2022-11-08,600031.SH,15.05,15.22,15,15.05,374293,564745471
2022-11-09,600031.SH,15.02,15.03,14.81,14.96,399156,594941779
2022-11-10,600031.SH,15.31,16.21,15.13,15.9,1724799,2708842312
2022-11-13,600031.SH,16.3,16.45,15.78,15.86,1352011,2178634805
2022-11-14,600031.SH,15.86,16.13,15.71,16.07,727732,1161210185
2022-11-15,600031.SH,16,16,15.66,15.76,615170,972339696
2022-11-16,600031.SH,15.61,15.76,15.53,15.71,430612,673218168
2022-11-17,600031.SH,15.71,15.84,15.4,15.48,574943,894952823
2022-11-20,600031.SH,15.38,15.39,15.18,15.38,415199,634967218
2022-11-21,600031.SH,15.41,15.72,15.33,15.46,549685,852127927
2022-11-22,600031.SH,15.32,15.79,15.32,15.47,608285,948081575
2022-11-23,600031.SH,15.54,15.97,15.53,15.58,747439,1177651209
2022-11-24,600031.SH,15.56,15.97,15.47,15.9,837104,1327720666
2022-11-27,600031.SH,15.6,15.62,15.08,15.33,728037,1113429678
2022-11-28,600031.SH,15.6,16.2,15.6,16.19,1553313,2491202962
2022-11-29,600031.SH,16.21,16.21,15.78,15.91,742105,1183651182
2022-11-30,600031.SH,16.3,16.36,15.88,15.92,738429,1185506923
2022-12-01,600031.SH,15.81,15.86,15.66,15.7,607371,955681067
2022-12-04,600031.SH,15.81,16.33,15.8,16.32,1185226,1911695569
2022-12-05,600031.SH,16.16,16.42,16.1,16.24,669075,1086711641
2022-12-06,600031.SH,16.2,16.2,15.92,16.04,583623,935533030
2022-12-07,600031.SH,16.14,16.14,15.97,16.05,461200,740702755
2022-12-08,600031.SH,16.13,17.04,16.08,16.91,1942469,3223603093
2022-12-11,600031.SH,16.84,17.02,16.54,16.62,948258,1589994645
2022-12-12,600031.SH,16.53,16.75,16.44,16.57,583521,966723599
2022-12-13,600031.SH,16.49,17.07,16.46,16.78,1007021,1693943264
2022-12-14,600031.SH,16.71,16.95,16.45,16.55,558028,925347548
2022-12-15,600031.SH,16.37,16.98,16.37,16.71,690852,1157924958
2022-12-18,600031.SH,16.65,16.84,16.3,16.39,619131,1022409153
2022-12-19,600031.SH,16.37,16.42,15.67,15.8,845660,1345919786
2022-12-20,600031.SH,15.79,16.33,15.76,15.99,569438,916808332
2022-12-21,600031.SH,16.21,16.47,16.11,16.21,488863,796294316
2022-12-22,600031.SH,16.11,16.38,15.99,16.14,371593,600741109
2022-12-25,600031.SH,16.14,16.23,15.87,16.21,401719,647119315
2022-12-26,600031.SH,16.36,16.4,16.1,16.18,328299,532071803
2022-12-27,600031.SH,16.19,16.19,15.78,15.84,430871,683648687
2022-12-28,600031.SH,15.7,15.75,15.5,15.66,556120,866798387
2022-12-29,600031.SH,15.7,16.13,15.7,15.8,432576,688032663
2023-01-02,600031.SH,15.8,15.84,15.51,15.8,445067,698978168
2023-01-03,600031.SH,15.8,16.25,15.72,16.05,759048,1217937118
2023-01-04,600031.SH,16.12,16.38,16.06,16.34,604805,984167811
2023-01-05,600031.SH,16.28,16.53,16.21,16.5,586023,960879789
2023-01-08,600031.SH,16.56,17.04,16.51,16.95,1249265,2115497525
2023-01-09,600031.SH,16.93,17,16.8,16.88,499625,844202170
2023-01-10,600031.SH,16.76,16.94,16.68,16.72,522237,877760209
2023-01-11,600031.SH,16.76,16.81,16.52,16.75,456836,762576127
2023-01-12,600031.SH,16.77,17.02,16.67,17.02,629384,1065540059
2023-01-15,600031.SH,17.06,17.32,16.81,17.02,962549,1642009832
2023-01-16,600031.SH,17.05,17.3,16.97,17.18,545002,936372299
2023-01-17,600031.SH,17.2,17.43,17.02,17.1,527486,906886069
2023-01-18,600031.SH,17.01,17.17,16.88,17.12,548601,933188327
2023-01-19,600031.SH,17.12,17.39,17.1,17.27,468945,809873044
2023-01-29,600031.SH,17.5,17.59,17.2,17.26,631917,1095200781
2023-01-30,600031.SH,17.23,17.59,17.13,17.52,812980,1420220999
2023-01-31,600031.SH,17.54,17.57,16.91,17.23,1089034,1867927154
2023-02-01,600031.SH,17.19,17.23,16.97,16.99,649914,1108046892
2023-02-02,600031.SH,16.9,16.91,16.49,16.66,940483,1562341648
2023-02-05,600031.SH,16.51,16.76,16.42,16.48,548198,906462342
2023-02-06,600031.SH,16.55,16.62,16.41,16.52,501503,826838641
2023-02-07,600031.SH,16.51,16.56,16.43,16.45,313096,515722286
2023-02-08,600031.SH,16.49,16.64,16.4,16.64,540917,895777618
2023-02-09,600031.SH,16.64,16.72,16.46,16.53,485651,804998384
2023-02-12,600031.SH,16.66,18.18,16.62,18.18,3588879,6382823980
2023-02-13,600031.SH,18.1,18.47,17.91,18.34,2025144,3690551303
2023-02-14,600031.SH,18.35,18.4,18.09,18.23,887425,1616414980
2023-02-15,600031.SH,18.21,18.29,17.62,17.82,1013492,1827586642
2023-02-16,600031.SH,17.81,18.33,17.81,18.03,1210902,2197090571
2023-02-19,600031.SH,18.39,19.65,18.33,19.56,2433212,4690920234
2023-02-20,600031.SH,19.54,19.61,19.07,19.26,1391611,2686596275
2023-02-21,600031.SH,19.4,19.73,19.2,19.34,883144,1710579230
2023-02-22,600031.SH,19.34,19.4,19,19.15,675700,1292935884
2023-02-23,600031.SH,19.26,19.3,18.39,18.66,1302536,2434156246
2023-02-26,600031.SH,18.5,18.97,18.49,18.76,857609,1610968580
2023-02-27,600031.SH,18.81,18.96,18.4,18.73,740317,1376901110
2023-02-28,600031.SH,18.76,19.3,18.57,19.27,1187692,2274368618
2023-03-01,600031.SH,19.21,19.45,19.15,19.3,781248,1509226586
2023-03-02,600031.SH,19.3,19.43,19.13,19.29,512808,989069442
2023-03-05,600031.SH,19,19.1,18.51,18.54,1356592,2529601539
2023-03-06,600031.SH,18.53,18.72,18.18,18.21,766773,1413903514
2023-03-07,600031.SH,18.1,18.45,18,18.28,499761,911860317
2023-03-08,600031.SH,18.28,18.37,17.81,17.95,637604,1146793185
2023-03-09,600031.SH,17.84,18.11,17.7,17.78,452220,808611199
2023-03-12,600031.SH,17.83,18.37,17.83,17.93,743431,1344297693
2023-03-13,600031.SH,17.92,17.92,17.27,17.43,769726,1344949876
2023-03-14,600031.SH,17.54,17.67,17.42,17.55,594676,1042859160
2023-03-15,600031.SH,17.48,17.68,17.32,17.37,513321,897206768
2023-03-16,600031.SH,17.57,17.77,17.39,17.47,702792,1234467412
2023-03-19,600031.SH,17.47,17.96,17.11,17.22,837222,1463981984
2023-03-20,600031.SH,17.22,17.35,17.08,17.3,509764,877462745
2023-03-21,600031.SH,17.45,17.55,17.29,17.44,465564,811473281
2023-03-22,600031.SH,17.4,17.46,17.13,17.38,536712,927842029
2023-03-23,600031.SH,17.38,17.38,16.65,16.94,1068993,1800657043
2023-03-26,600031.SH,16.94,16.94,16.54,16.81,756367,1267344163
2023-03-27,600031.SH,16.83,17.02,16.72,16.77,504371,851053457
2023-03-28,600031.SH,16.85,17.2,16.74,17.11,652224,1108854444
2023-03-29,600031.SH,17.14,17.38,16.91,17.21,625322,1071199732
2023-03-30,600031.SH,17.26,17.35,17.04,17.09,547220,939796465
2023-04-02,600031.SH,17.13,17.85,17.13,17.69,1035884,1819771847
2023-04-03,600031.SH,17.63,17.8,17.51,17.7,550101,971364477
2023-04-05,600031.SH,17.7,17.84,17.51,17.61,487995,860516135
2023-04-06,600031.SH,17.61,17.7,17.38,17.4,501278,875077945
2023-04-09,600031.SH,17.42,17.47,16.98,17.03,850318,1456729171
2023-04-10,600031.SH,17.06,17.55,16.91,17.52,904570,1569056901
2023-04-11,600031.SH,17.53,17.62,17.35,17.39,459162,801027005
2023-04-12,600031.SH,17.37,17.53,17.01,17.07,748430,1282264214
2023-04-13,600031.SH,17.1,17.17,16.96,16.99,429286,731377737
2023-04-16,600031.SH,17,17.44,16.97,17.32,639093,1103286150
2023-04-17,600031.SH,17.36,17.41,17.13,17.29,474728,819521069
2023-04-18,600031.SH,17.3,17.34,16.92,17.01,593403,1009373204
2023-04-19,600031.SH,16.99,17.17,16.8,16.9,555026,939765966
2023-04-20,600031.SH,16.81,17.15,16.56,16.6,595313,1001087803
2023-04-23,600031.SH,16.61,16.66,15.91,16,973014,1571569549
2023-04-24,600031.SH,16.1,16.2,15.82,16.17,684727,1096510863
2023-04-25,600031.SH,16.19,16.25,15.93,16.03,473179,760710654
2023-04-26,600031.SH,16.04,16.26,15.94,16.22,518734,835736989
2023-04-27,600031.SH,16.25,16.51,16.16,16.49,492214,807028419
2023-05-03,600031.SH,16.44,16.5,16.28,16.33,484544,792288384
2023-05-04,600031.SH,16.33,16.41,16.06,16.24,428689,694799598
2023-05-07,600031.SH,16.24,16.46,16.18,16.34,405906,661459926
2023-05-08,600031.SH,16.35,16.58,16.18,16.2,578283,946935315
2023-05-09,600031.SH,16.21,16.28,16.11,16.23,319491,517721149
2023-05-10,600031.SH,16.22,16.25,16.08,16.09,368918,595439834
2023-05-11,600031.SH,16.09,16.11,15.67,15.71,655742,1036533946
2023-05-14,600031.SH,15.72,16.14,15.52,16.12,489089,776193915
2023-05-15,600031.SH,16.16,16.27,15.95,16.02,352630,566262694
2023-05-16,600031.SH,15.99,16.38,15.96,16.2,448723,727050625
2023-05-17,600031.SH,16.2,16.28,15.98,16.06,302478,487593687
2023-05-18,600031.SH,16.01,16.05,15.76,15.84,423881,670599966
2023-05-21,600031.SH,15.84,16.28,15.78,16.09,403205,646516163
2023-05-22,600031.SH,16.09,16.13,15.88,15.88,273186,436468264
2023-05-23,600031.SH,15.79,15.8,15.52,15.54,417644,652716696
2023-05-24,600031.SH,15.52,15.59,15.11,15.29,622634,952940925
2023-05-25,600031.SH,15.29,15.32,15.08,15.19,323811,491338764
2023-05-28,600031.SH,15.19,15.27,15.11,15.13,303841,460543518
2023-05-29,600031.SH,15.09,15.2,14.71,15.05,626741,938492278
2023-05-30,600031.SH,14.89,15.03,14.62,14.68,598729,886063105
2023-05-31,600031.SH,14.68,15.09,14.68,14.93,493509,737433169
2023-06-01,600031.SH,14.97,15.35,14.93,15.27,495219,751717175
2023-06-04,600031.SH,15.27,15.35,15.1,15.14,300530,456692262
2023-06-05,600031.SH,15.2,15.5,15.08,15.08,456009,696907288
2023-06-06,600031.SH,15.01,15.22,14.87,14.98,402853,604750514
2023-06-07,600031.SH,15,15.71,14.98,15.69,933331,1441068094
2023-06-08,600031.SH,15.68,15.79,15.49,15.49,431581,671959354
2023-06-11,600031.SH,15.47,15.83,15.4,15.71,418050,655335370
2023-06-12,600031.SH,15.71,15.85,15.58,15.68,309589,485234261
2023-06-13,600031.SH,15.75,16.33,15.75,16.24,1212219,1955494317
2023-06-14,600031.SH,16.21,16.99,16.18,16.92,1405705,2350713370
2023-06-15,600031.SH,17.08,17.33,16.94,17.05,1397689,2393452872
2023-06-18,600031.SH,17.24,17.25,16.83,16.85,858364,1453716179
2023-06-19,600031.SH,16.88,17,16.72,16.83,588028,991496359
2023-06-20,600031.SH,16.76,16.91,16.58,16.58,396230,662845575
2023-06-25,600031.SH,16.5,16.67,16.3,16.35,589040,967256434
2023-06-26,600031.SH,16.35,16.61,16.33,16.56,452398,745569525
2023-06-27,600031.SH,16.5,16.63,16.35,16.53,297026,489125571
2023-06-28,600031.SH,16.55,16.6,16.35,16.41,252817,415849540
2023-06-29,600031.SH,16.35,16.71,16.35,16.63,439391,729460572
2023-07-02,600031.SH,16.79,16.93,16.54,16.6,506861,846425969
2023-07-03,600031.SH,16.6,16.91,16.53,16.65,393741,659107938
2023-07-04,600031.SH,16.61,16.81,16.5,16.68,297613,497013517
2023-07-05,600031.SH,16.61,16.85,16.47,16.52,378056,626579216
2023-07-06,600031.SH,16.41,16.62,16.37,16.54,250456,413738114
2023-07-09,600031.SH,16.5,16.74,16.5,16.63,275620,458444365
2023-07-10,600031.SH,16.63,16.86,16.51,16.71,279592,465846901
2023-07-11,600031.SH,16.71,17.05,16.58,16.61,505714,850615750
2023-07-12,600031.SH,16.71,16.81,16.52,16.69,333825,556236952
2023-07-13,600031.SH,16.7,17.22,16.6,17.17,976068,1665511302
2023-07-16,600031.SH,17.08,17.18,16.89,17.16,413906,705738177
2023-07-17,600031.SH,17.16,17.46,17.09,17.28,566780,980053965
2023-07-18,600031.SH,17.27,17.39,17.13,17.37,365341,631620658
2023-07-19,600031.SH,17.37,17.75,17.25,17.26,685002,1200656311
2023-07-20,600031.SH,17.2,17.7,17.05,17.42,723920,1263971819
2023-07-23,600031.SH,17.48,17.58,17.08,17.13,423873,729786140
2023-07-24,600031.SH,17.28,17.8,17.28,17.68,694790,1226102478
2023-07-25,600031.SH,17.68,17.71,17.28,17.31,462490,805264813
2023-07-26,600031.SH,17.31,17.44,17.02,17.07,490392,842969044
2023-07-27,600031.SH,17,17.7,16.98,17.56,854251,1490340497
2023-07-30,600031.SH,17.63,18.03,17.62,17.75,694177,1237731659
2023-07-31,600031.SH,17.65,17.71,17.18,17.27,613938,1067084835
2023-08-01,600031.SH,17.36,17.64,17.36,17.41,383509,670306816
2023-08-02,600031.SH,17.31,17.57,17.17,17.56,443011,770305216
2023-08-03,600031.SH,17.75,17.88,17.46,17.5,451869,795801192
2023-08-06,600031.SH,17.45,17.5,17.28,17.39,365441,634271624
2023-08-07,600031.SH,17.39,17.39,16.86,17.04,646311,1101171577
2023-08-08,600031.SH,16.98,16.98,16.4,16.48,1072097,1776360464
2023-08-09,600031.SH,16.5,16.58,16.43,16.5,445548,735140602
2023-08-10,600031.SH,16.5,16.55,15.89,15.9,817055,1313709346
2023-08-13,600031.SH,15.76,15.93,15.65,15.86,456627,720938065
2023-08-14,600031.SH,15.88,16,15.61,15.78,379659,599364669
2023-08-15,600031.SH,15.7,16.03,15.68,15.8,430119,681395753
2023-08-16,600031.SH,15.74,16.14,15.73,16.08,455952,729281901
2023-08-17,600031.SH,16.07,16.1,15.74,15.75,354476,562480334
2023-08-20,600031.SH,15.71,15.87,15.59,15.59,274679,431994767
2023-08-21,600031.SH,15.65,15.85,15.42,15.68,362958,565414958
2023-08-22,600031.SH,15.68,15.69,15.23,15.25,342170,526425985
2023-08-23,600031.SH,15.26,15.36,15.1,15.12,520845,791109905
2023-08-24,600031.SH,15.1,15.35,15.03,15.17,341430,517748036
2023-08-27,600031.SH,15.96,16.05,15.46,15.57,650783,1020784095
2023-08-28,600031.SH,15.51,15.67,15.32,15.53,495739,768499054
2023-08-29,600031.SH,15.53,15.7,15.41,15.47,369386,573847976
2023-08-30,600031.SH,15.75,16.07,15.45,15.49,833704,1309628108
2023-08-31,600031.SH,15.55,16.05,15.55,15.95,865654,1377779704
2023-09-03,600031.SH,16.12,17.15,16.11,17.07,1790365,3004171043
2023-09-04,600031.SH,17.05,17.09,16.84,16.99,765230,1297499300
2023-09-05,600031.SH,16.95,16.97,16.65,16.78,442136,741078289
2023-09-06,600031.SH,16.77,16.92,16.61,16.75,492613,827167732
2023-09-07,600031.SH,16.7,16.7,16.49,16.56,306265,507132025
2023-09-10,600031.SH,16.68,16.82,16.5,16.7,374072,623076914
2023-09-11,600031.SH,16.65,16.75,16.55,16.62,285234,474373069
2023-09-12,600031.SH,16.7,16.75,16.4,16.5,323277,533300774
2023-09-13,600031.SH,16.5,16.55,16.41,16.54,258450,426252423
2023-09-14,600031.SH,16.55,16.64,16.34,16.38,338384,557015595
2023-09-17,600031.SH,16.34,16.49,16.26,16.32,219607,359384287
2023-09-18,600031.SH,16.32,16.38,16.14,16.3,310789,505101441
2023-09-19,600031.SH,16.28,16.28,15.9,16.05,490735,788289110
2023-09-20,600031.SH,16.01,16.13,15.89,16.01,353132,565342085
2023-09-21,600031.SH,16.08,16.43,15.91,16.38,553686,898593756
2023-09-24,600031.SH,16.38,16.45,16.09,16.1,454436,738698157
2023-09-25,600031.SH,16.07,16.29,16.06,16.16,220316,356600658
2023-09-26,600031.SH,16.1,16.24,15.96,16.02,361714,580752615
2023-09-27,600031.SH,16.09,16.1,15.79,15.89,334635,531617854
2023-10-08,600031.SH,15.87,16.09,15.82,15.88,364058,580492087
2023-10-09,600031.SH,15.9,15.96,15.27,15.3,902846,1392257027
2023-10-10,600031.SH,15.32,15.41,15.2,15.21,506029,772564901
2023-10-11,600031.SH,15.32,15.43,15.22,15.42,453037,694977423
2023-10-12,600031.SH,15.31,15.33,15.21,15.32,351504,536552162
2023-10-15,600031.SH,15.33,15.35,15.02,15.06,427759,647060852
2023-10-16,600031.SH,15.1,15.14,15,15.08,253684,382391799
2023-10-17,600031.SH,15.06,15.08,14.88,14.91,317829,474524274
2023-10-18,600031.SH,14.88,14.88,14.6,14.62,503966,740414214
2023-10-19,600031.SH,14.56,14.59,14.41,14.45,405191,587088228
2023-10-22,600031.SH,14.46,14.51,14.09,14.24,405489,579361641
2023-10-23,600031.SH,14.23,14.36,14.17,14.28,404796,577418428
2023-10-24,600031.SH,14.76,14.97,14.56,14.6,650655,956370931
2023-10-25,600031.SH,14.45,14.64,14.37,14.62,301491,437772437
2023-10-26,600031.SH,14.6,14.96,14.55,14.91,449362,665556491
2023-10-29,600031.SH,14.89,15.08,14.66,15.03,349678,522965868
2023-10-30,600031.SH,14.75,14.77,14.36,14.47,831085,1205082314
2023-10-31,600031.SH,14.48,14.52,14.2,14.21,634966,905639898
2023-11-01,600031.SH,14.21,14.32,14,14.04,626526,884846394
2023-11-02,600031.SH,14.08,14.28,14.08,14.24,438647,623242089
2023-11-05,600031.SH,14.3,14.48,14.25,14.48,487347,701133666
2023-11-06,600031.SH,14.47,14.47,14.26,14.38,401070,575492437
2023-11-07,600031.SH,14.35,14.43,14.27,14.36,372396,534210503
2023-11-08,600031.SH,14.33,14.38,14.28,14.3,321549,460358302
2023-11-09,600031.SH,14.26,14.26,14.12,14.17,341405,483368557
2023-11-12,600031.SH,14.21,14.26,14.12,14.24,391524,555695164
2023-11-13,600031.SH,14.23,14.3,14.18,14.24,417318,594419245
2023-11-14,600031.SH,14.35,14.45,14.29,14.34,527973,757833760
2023-11-15,600031.SH,14.3,14.31,14.16,14.17,376690,535054918
2023-11-16,600031.SH,14.15,14.22,14.07,14.21,356305,503429987
2023-11-19,600031.SH,14.17,14.24,14.09,14.19,403495,571461025
2023-11-20,600031.SH,14.2,14.48,14.2,14.29,703077,1008680898
2023-11-21,600031.SH,14.24,14.25,14.1,14.11,472139,667580568
2023-11-22,600031.SH,14.12,14.17,14.06,14.17,322062,454851222
2023-11-23,600031.SH,14.19,14.2,14.06,14.09,288140,406258178
2023-11-26,600031.SH,14.05,14.07,13.8,13.83,524328,727093817
2023-11-27,600031.SH,13.82,13.89,13.68,13.87,349614,482132465
2023-11-28,600031.SH,13.85,13.85,13.63,13.68,400932,549593095
2023-11-29,600031.SH,13.66,13.73,13.57,13.65,243467,332240607
2023-11-30,600031.SH,13.68,13.73,13.47,13.72,429593,583663578
2023-12-03,600031.SH,13.68,13.7,13.52,13.52,335570,455302313
2023-12-04,600031.SH,13.49,13.49,13.28,13.29,368049,491725376
2023-12-05,600031.SH,13.28,13.37,13.16,13.3,276176,367125345
2023-12-06,600031.SH,13.32,13.33,13.12,13.13,371763,489843741
2023-12-07,600031.SH,13.15,13.22,12.99,12.99,431857,565700479
2023-12-10,600031.SH,12.85,13.18,12.6,13.07,778066,996688221
2023-12-11,600031.SH,13,13.17,12.91,13.12,353407,462453426
2023-12-12,600031.SH,13.1,13.11,12.85,12.85,358414,463870059
2023-12-13,600031.SH,12.88,13.03,12.76,12.77,258662,332693334
2023-12-14,600031.SH,12.81,13.03,12.77,12.79,359303,462749896
2023-12-17,600031.SH,12.73,12.84,12.61,12.7,280436,356809929
2023-12-18,600031.SH,12.67,12.79,12.65,12.76,284282,361507210
2023-12-19,600031.SH,12.78,12.89,12.74,12.81,376712,483603230
2023-12-20,600031.SH,12.78,13.2,12.75,13.18,643414,839469360
2023-12-21,600031.SH,13.17,13.27,13.05,13.11,442749,582475439
2023-12-24,600031.SH,13.11,13.24,13.09,13.21,276473,363983076
2023-12-25,600031.SH,13.22,13.24,13.06,13.24,304588,400451458
2023-12-26,600031.SH,13.25,13.27,13.06,13.24,291991,384951791
2023-12-27,600031.SH,13.22,13.78,13.14,13.7,757665,1027730546
2023-12-28,600031.SH,13.66,13.84,13.62,13.77,481487,662923404
2024-01-01,600031.SH,13.79,13.85,13.71,13.76,360391,497198214
2024-01-02,600031.SH,13.73,13.77,13.53,13.63,388458,529369041
2024-01-03,600031.SH,13.63,13.7,13.38,13.49,338798,456740267
2024-01-04,600031.SH,13.49,13.63,13.32,13.41,298889,403333628
2024-01-07,600031.SH,13.42,13.5,13.18,13.25,397614,528383229
2024-01-08,600031.SH,13.25,13.32,13.11,13.21,318440,420787893
2024-01-09,600031.SH,13.18,13.33,13.08,13.23,265291,350752089
2024-01-10,600031.SH,13.25,13.49,13.14,13.49,420692,562484718
2024-01-11,600031.SH,13.49,13.5,13.31,13.32,276625,370919423
2024-01-14,600031.SH,13.28,13.41,13.09,13.28,348193,461843409
2024-01-15,600031.SH,13.2,13.29,13.06,13.26,411352,542185618
2024-01-16,600031.SH,13.2,13.23,13,13,310112,406936108
2024-01-17,600031.SH,12.97,13.22,12.66,13.2,654582,844833845
2024-01-18,600031.SH,13.01,13.19,12.97,13.04,419872,547964315
2024-01-21,600031.SH,13.03,13.13,12.76,12.87,586332,761606136
2024-01-22,600031.SH,12.86,13.05,12.78,12.95,332049,428986148
2024-01-23,600031.SH,13.07,13.25,12.81,13.16,537480,702007060
2024-01-24,600031.SH,13.19,13.5,13.11,13.5,626488,838396681
2024-01-25,600031.SH,13.41,13.78,13.4,13.66,598852,814973023
2024-01-28,600031.SH,13.65,13.78,13.49,13.5,377985,513864004
2024-01-29,600031.SH,13.44,13.49,13.23,13.23,363028,484082006
2024-01-30,600031.SH,13.17,13.29,13.01,13.07,408691,536660133
2024-01-31,600031.SH,13.16,13.3,13,13.25,365225,481708940
2024-02-01,600031.SH,13.25,13.47,12.72,13.09,595990,784124009
2024-02-04,600031.SH,12.96,13.22,12.7,13.12,603932,783521788
2024-02-05,600031.SH,13.12,13.7,13.02,13.7,751323,1012570936
2024-02-06,600031.SH,13.72,13.8,13.46,13.76,892503,1220117317
2024-02-07,600031.SH,13.82,14.21,13.79,14.17,914131,1288284460
2024-02-18,600031.SH,14.36,14.37,14.01,14.14,654663,923989420
2024-02-19,600031.SH,14.1,14.13,13.88,14.02,456754,638820881
2024-02-20,600031.SH,13.98,14.28,13.92,14.02,708061,999533742
2024-02-21,600031.SH,14.02,14.15,13.97,14.07,401986,565202183
2024-02-22,600031.SH,14.07,14.09,13.84,13.95,573962,801061182
2024-02-25,600031.SH,14.21,14.3,14.02,14.06,650704,919564917
2024-02-26,600031.SH,13.98,14.05,13.87,14.05,545889,761563383
2024-02-27,600031.SH,14.05,14.15,13.73,13.75,794453,1109154524
2024-02-28,600031.SH,13.7,13.94,13.68,13.94,570261,790030786
2024-02-29,600031.SH,13.93,14.04,13.84,13.95,534058,744794917
2024-03-03,600031.SH,13.9,14.11,13.9,14.02,591345,828927783
2024-03-04,600031.SH,14.01,14.01,13.85,13.97,493747,687483424
2024-03-05,600031.SH,13.97,14.24,13.91,14.17,690243,973133718
2024-03-06,600031.SH,14.24,14.44,14,14.09,831863,1184827389
2024-03-07,600031.SH,14.02,14.14,13.87,13.97,530693,741306050
2024-03-10,600031.SH,13.95,13.96,13.86,13.95,580827,807580805
2024-03-11,600031.SH,13.94,14.15,13.82,14.11,848287,1185622865
2024-03-12,600031.SH,14.1,14.1,13.91,13.92,606094,845997647
2024-03-13,600031.SH,13.91,14.08,13.81,13.88,549460,764777092
2024-03-14,600031.SH,13.84,13.87,13.66,13.8,541860,744388357
2024-03-17,600031.SH,13.8,13.98,13.68,13.97,663613,920909279
2024-03-18,600031.SH,13.95,14.25,13.91,14.15,990591,1399294746
2024-03-19,600031.SH,14.15,14.17,13.97,14.08,466769,655681701
2024-03-20,600031.SH,14.07,14.13,14,14.07,413762,582018605
2024-03-21,600031.SH,14.03,14.07,13.84,13.95,471582,657132223
2024-03-24,600031.SH,14.29,14.92,14.25,14.61,2066463,3019685214
2024-03-25,600031.SH,14.62,14.83,14.45,14.75,1071495,1569541030
2024-03-26,600031.SH,14.7,14.88,14.56,14.58,871724,1283466323
2024-03-27,600031.SH,14.5,14.64,14.36,14.45,723349,1049502650
2024-03-28,600031.SH,14.46,14.66,14.37,14.58,475888,690730212
2024-03-31,600031.SH,14.65,15,14.61,14.98,1061937,1581574718
2024-04-01,600031.SH,14.96,15.28,14.87,14.93,776585,1170682699
2024-04-02,600031.SH,14.9,14.92,14.76,14.83,422219,626181590
2024-04-07,600031.SH,14.76,15.19,14.65,15.08,843316,1263920651
2024-04-08,600031.SH,15.02,15.35,15,15.06,721057,1093234299
2024-04-09,600031.SH,15.1,15.55,15.1,15.37,1168690,1802502771
2024-04-10,600031.SH,15.36,16.19,15.27,15.95,1687882,2679674233
2024-04-11,600031.SH,16,16.05,15.55,15.62,942944,1481597409
2024-04-14,600031.SH,15.56,16.06,15.52,15.83,1045317,1654682872
2024-04-15,600031.SH,15.72,15.78,15.28,15.31,910466,1407177836
2024-04-16,600031.SH,15.3,16.15,15.18,16.11,1391234,2186269152
2024-04-17,600031.SH,15.93,16.13,15.69,15.73,951782,1510803387
2024-04-18,600031.SH,15.67,15.96,15.61,15.75,545930,861082304
2024-04-21,600031.SH,15.75,15.76,15.24,15.33,675395,1038056870
2024-04-22,600031.SH,15.23,15.38,14.84,14.95,690320,1037282501
2024-04-23,600031.SH,15.15,15.47,15.15,15.44,718780,1103372566
2024-04-24,600031.SH,15.4,15.62,15.34,15.36,386123,596480990
2024-04-25,600031.SH,15.36,16.1,15.31,16.04,1136853,1800746712
2024-04-28,600031.SH,16.05,16.17,15.87,16.12,768692,1234211080
2024-04-29,600031.SH,16.07,16.49,15.91,16.31,767606,1249420500
2024-05-05,600031.SH,16.54,17,16.48,16.93,1306690,2200612051
2024-05-06,600031.SH,16.85,17.04,16.81,16.87,531055,897685758
2024-05-07,600031.SH,16.85,16.91,16.61,16.66,449594,750039303
2024-05-08,600031.SH,16.73,17.47,16.67,17.46,1251879,2163216455
2024-05-09,600031.SH,17.5,17.52,17.22,17.39,567536,985336930
2024-05-12,600031.SH,17.25,17.57,17.11,17.37,571332,992346397
2024-05-13,600031.SH,17.36,17.49,16.84,16.93,962238,1635479936
2024-05-14,600031.SH,16.93,17.07,16.77,16.8,478908,807579160
2024-05-15,600031.SH,16.85,17.2,16.63,17.02,821383,1390817457
2024-05-16,600031.SH,16.97,17.07,16.57,17.05,749973,1261416023
2024-05-19,600031.SH,17.03,17.05,16.7,16.91,579553,977173897
2024-05-20,600031.SH,16.91,17.03,16.85,16.92,339040,574421004
2024-05-21,600031.SH,16.92,17.03,16.76,16.93,429681,727796619
2024-05-22,600031.SH,16.93,16.97,16.63,16.71,428707,718239749
2024-05-23,600031.SH,16.71,17.03,16.64,16.83,576708,975116150
2024-05-26,600031.SH,16.83,17.13,16.8,17.03,490352,832037270
2024-05-27,600031.SH,17.03,17.05,16.41,16.46,797064,1322663952
2024-05-28,600031.SH,16.46,16.5,16.2,16.28,484732,791037758
2024-05-29,600031.SH,16.26,16.38,16.09,16.23,385781,625756191
2024-05-30,600031.SH,16.3,16.47,16.17,16.18,375487,611706984
2024-06-02,600031.SH,16.18,16.25,15.81,15.91,655212,1046103896
2024-06-03,600031.SH,15.91,16.05,15.86,15.91,447745,713768479
2024-06-04,600031.SH,15.91,15.97,15.72,15.77,370076,585176044
2024-06-05,600031.SH,15.9,16.3,15.86,16.16,710628,1145320305
2024-06-06,600031.SH,16.19,16.53,16.08,16.17,766496,1249116566
2024-06-10,600031.SH,16.18,16.18,15.75,15.93,440590,700148468
2024-06-11,600031.SH,15.88,16.15,15.77,16.07,563963,900090814
2024-06-12,600031.SH,15.99,16.01,15.51,15.57,678733,1060702711
2024-06-13,600031.SH,15.51,15.75,15.46,15.68,374378,586026374
2024-06-16,600031.SH,15.63,15.72,15.55,15.64,298514,466708092
2024-06-17,600031.SH,15.64,16.19,15.42,16.02,591174,935527398
2024-06-18,600031.SH,15.95,16,15.7,15.82,412765,652932086
2024-06-19,600031.SH,15.8,16.1,15.62,15.71,431245,681099484
2024-06-20,600031.SH,15.55,16.08,15.49,15.94,619218,983043367
2024-06-23,600031.SH,15.94,16.2,15.87,15.98,544571,873027207
2024-06-24,600031.SH,16,16.55,16,16.36,1045628,1710123401
2024-06-25,600031.SH,16.38,16.47,16.17,16.41,669452,1093034296
2024-06-26,600031.SH,16.39,16.48,16.26,16.26,510800,835253448
2024-06-27,600031.SH,16.2,16.62,16.12,16.5,502143,827608489
2024-06-30,600031.SH,16.46,16.6,16.27,16.43,380058,623781671
2024-07-01,600031.SH,16.38,16.38,15.5,15.65,1021853,1613311047
2024-07-02,600031.SH,15.56,15.7,15.45,15.6,400547,623889667
2024-07-03,600031.SH,15.61,15.85,15.52,15.62,317439,497286760
2024-07-04,600031.SH,15.62,15.89,15.5,15.82,441273,694059920
2024-07-07,600031.SH,15.91,15.96,15.51,15.56,290464,454614029
2024-07-08,600031.SH,15.41,15.47,14.88,15.3,773771,1171632387
2024-07-09,600031.SH,15.16,15.56,15.16,15.52,456569,704411752
2024-07-10,600031.SH,15.6,16.33,15.6,16.32,683970,1100747455
2024-07-11,600031.SH,16.31,16.39,16.17,16.3,332412,541110685
2024-07-14,600031.SH,16.16,16.48,16.1,16.29,309859,505964835
2024-07-15,600031.SH,16.29,16.36,16.05,16.26,294069,477232020
2024-07-16,600031.SH,16.22,16.25,15.84,16.06,392902,628118344
2024-07-17,600031.SH,16.03,16.38,15.95,16.34,401077,651414621
2024-07-18,600031.SH,16.3,16.45,16.21,16.4,465650,761381948
2024-07-21,600031.SH,16.34,16.42,16.13,16.27,373148,605621931
2024-07-22,600031.SH,16.18,16.25,16,16,235324,379116334
2024-07-23,600031.SH,15.97,16.21,15.74,15.98,315576,503569725
2024-07-24,600031.SH,15.98,16.1,15.65,15.7,328502,519380710
2024-07-25,600031.SH,15.77,16.25,15.72,15.99,340715,545606097
2024-07-28,600031.SH,15.98,16.07,15.58,15.61,308398,485024928
2024-07-29,600031.SH,15.58,15.64,15.46,15.61,238062,370173936
2024-07-30,600031.SH,15.61,16.19,15.53,16.15,397383,635078980
2024-07-31,600031.SH,16.09,16.1,15.77,15.78,352759,560558838
2024-08-01,600031.SH,15.7,15.87,15.61,15.65,215986,338815437
2024-08-04,600031.SH,15.62,15.8,15.31,15.42,320190,496699216
2024-08-05,600031.SH,15.5,15.65,15.2,15.46,299268,461136147
2024-08-06,600031.SH,15.45,15.69,15.27,15.3,264439,408022916
2024-08-07,600031.SH,15.25,15.39,15.13,15.29,202818,309321821
2024-08-08,600031.SH,15.36,15.82,15.33,15.41,423858,662944648
2024-08-11,600031.SH,15.4,15.48,15.22,15.34,161736,248303085
2024-08-12,600031.SH,15.36,15.41,15.11,15.26,271817,413100923
2024-08-13,600031.SH,15.25,15.28,14.97,14.99,291458,438856890
2024-08-14,600031.SH,14.93,15.39,14.85,15.31,334084,509579940
2024-08-15,600031.SH,15.32,15.39,15.22,15.29,160750,245701710
2024-08-18,600031.SH,15.26,15.69,15.22,15.62,303939,473995133
2024-08-19,600031.SH,15.6,15.7,15.48,15.63,234375,365151495
2024-08-20,600031.SH,15.58,15.7,15.53,15.63,203146,317751195
2024-08-21,600031.SH,15.59,15.67,15.41,15.55,262694,408772452
2024-08-22,600031.SH,15.58,16,15.52,15.95,405346,643146338
2024-08-25,600031.SH,15.97,16.13,15.67,16.01,352186,562534420
2024-08-26,600031.SH,16.07,16.09,15.88,16.05,309613,495922721
2024-08-27,600031.SH,16.04,16.2,15.94,16.12,260944,419994324
2024-08-28,600031.SH,16.06,16.12,15.88,15.88,427788,683654971
2024-08-29,600031.SH,15.76,16.25,15.35,16.12,733719,1166813956
2024-09-01,600031.SH,16.16,16.58,16.12,16.31,629370,1031253907
2024-09-02,600031.SH,16.31,16.48,16.21,16.38,291358,476987725
2024-09-03,600031.SH,16.45,16.45,16.18,16.35,275799,450203383
2024-09-04,600031.SH,16.36,16.48,16.23,16.43,263498,432318470
2024-09-05,600031.SH,16.48,16.59,16.12,16.13,315383,514867520
2024-09-08,600031.SH,15.77,15.77,15.16,15.24,887768,1365534901
2024-09-09,600031.SH,15.43,15.43,15.07,15.29,435705,662384478
2024-09-10,600031.SH,15.2,15.6,15.15,15.57,345979,534973780
2024-09-11,600031.SH,15.5,15.79,15.43,15.5,264821,411646057
2024-09-12,600031.SH,15.53,15.59,15.23,15.28,361966,556133942
2024-09-17,600031.SH,15.23,15.9,15.2,15.84,534426,840236390
2024-09-18,600031.SH,15.83,16.17,15.64,15.68,614496,975398811
2024-09-19,600031.SH,15.73,15.95,15.56,15.85,398992,629534928
2024-09-22,600031.SH,15.84,16.31,15.83,16.24,508098,820830016
2024-09-23,600031.SH,16.37,16.71,16.09,16.67,685346,1129298690
2024-09-24,600031.SH,16.86,17.18,16.63,16.7,719915,1219050674
2024-09-25,600031.SH,16.7,17.19,16.62,17.19,714270,1214062157
2024-09-26,600031.SH,17.49,17.93,17.33,17.82,852418,1504913671
2024-09-29,600031.SH,18.42,19.2,18.02,18.88,2488477,4630840886
2024-10-07,600031.SH,20.76,20.76,19,19.42,2542514,5014016067
2024-10-08,600031.SH,19.08,19.08,17.93,17.93,1974257,3649686706
2024-10-09,600031.SH,17.93,19.1,17.93,18.58,1366300,2540477856
2024-10-10,600031.SH,18.4,18.52,17.75,17.91,844159,1529643579
2024-10-13,600031.SH,18,18.66,18,18.66,1229661,2275820911
2024-10-14,600031.SH,18.67,18.75,18.26,18.28,711404,1316217618
2024-10-15,600031.SH,18.08,18.43,18.02,18.17,628693,1144817627
2024-10-16,600031.SH,18.15,18.32,17.68,17.73,747985,1345462786
2024-10-17,600031.SH,17.66,18.25,17.55,18,1044733,1865576689
2024-10-20,600031.SH,18,18.15,17.61,17.76,849677,1507642419
2024-10-21,600031.SH,17.75,17.97,17.62,17.8,705700,1252572337
2024-10-22,600031.SH,17.81,17.87,17.65,17.7,682611,1211299930
2024-10-23,600031.SH,17.61,17.61,17.26,17.44,636870,1108464725
2024-10-24,600031.SH,17.46,17.71,17.38,17.45,681192,1192645003
2024-10-27,600031.SH,17.45,17.84,17.28,17.82,813140,1437102582
2024-10-28,600031.SH,17.9,17.95,17.53,17.66,582911,1033940588
2024-10-29,600031.SH,17.56,17.95,17.51,17.51,508975,899006920
2024-10-30,600031.SH,17.66,18.56,17.66,18.25,1523031,2781019760
2024-10-31,600031.SH,18.21,18.94,18.1,18.74,1458691,2723460708
2024-11-03,600031.SH,18.8,18.87,18.46,18.81,800374,1493313793
2024-11-04,600031.SH,18.84,18.9,18.51,18.84,1011372,1895058524
2024-11-05,600031.SH,18.87,19.12,18.46,18.54,1070595,2001754332
2024-11-06,600031.SH,18.42,18.84,18.36,18.84,821436,1538376882
2024-11-07,600031.SH,18.91,19.04,18.4,18.5,1009751,1879444768
2024-11-10,600031.SH,18.5,18.59,18.1,18.58,811580,1490081616
2024-11-11,600031.SH,18.6,18.83,18.17,18.25,772939,1429521497
2024-11-12,600031.SH,18.19,18.58,18.19,18.53,718481,1324388865
2024-11-13,600031.SH,18.57,18.86,18.36,18.5,937737,1751569130
2024-11-14,600031.SH,18.44,18.7,18.21,18.23,626980,1153942595
2024-11-17,600031.SH,18.24,18.38,17.73,17.83,904453,1636629813
2024-11-18,600031.SH,17.76,17.96,17.62,17.89,501315,891083657
2024-11-19,600031.SH,17.89,17.92,17.74,17.85,359085,639987712
2024-11-20,600031.SH,17.8,17.91,17.65,17.74,340333,603500964
2024-11-21,600031.SH,17.74,17.85,17.27,17.28,533958,938006150
2024-11-24,600031.SH,17.28,17.7,17.02,17.12,507617,877356457
2024-11-25,600031.SH,17.16,17.23,16.99,17.05,324948,555307560
2024-11-26,600031.SH,17.07,17.37,16.97,17.36,405572,698028000
2024-11-27,600031.SH,17.4,17.45,17.13,17.29,429680,742535709
2024-11-28,600031.SH,17.33,17.65,17.25,17.48,590494,1032891239
2024-12-01,600031.SH,17.57,17.58,17.24,17.34,805648,1399269390
2024-12-02,600031.SH,17.35,17.39,16.85,17.09,949284,1616817450
2024-12-03,600031.SH,17.03,17.13,16.85,16.91,503938,855325567
2024-12-04,600031.SH,16.88,16.92,16.68,16.82,526990,883675346
2024-12-05,600031.SH,16.82,17,16.76,16.89,534513,903307951
2024-12-08,600031.SH,16.9,17.02,16.76,16.86,482585,813845051
2024-12-09,600031.SH,17.25,17.38,16.89,16.91,791973,1354694129
2024-12-10,600031.SH,16.92,17,16.85,16.96,416884,705875919
2024-12-11,600031.SH,16.91,17.04,16.83,17.02,513952,870720299
2024-12-12,600031.SH,16.99,16.99,16.53,16.56,796091,1327924422
2024-12-15,600031.SH,16.57,16.67,16.33,16.38,498876,822150383
2024-12-16,600031.SH,16.4,16.65,16.35,16.5,437311,722322915
2024-12-17,600031.SH,16.52,16.72,16.4,16.48,492484,814280884
2024-12-18,600031.SH,16.36,16.52,16.2,16.49,353762,580728232
2024-12-19,600031.SH,16.49,16.52,16.1,16.12,754343,1221819668
2024-12-22,600031.SH,16.09,16.5,16.08,16.32,726565,1189851578
2024-12-23,600031.SH,16.31,16.48,16.27,16.41,357518,585466317
2024-12-24,600031.SH,16.42,16.48,16.31,16.4,283884,465011365
2024-12-25,600031.SH,16.36,16.72,16.35,16.7,594927,988384030
2024-12-26,600031.SH,16.71,16.77,16.58,16.63,423689,705756816
2024-12-29,600031.SH,16.6,16.74,16.55,16.68,418518,697067423
2024-12-30,600031.SH,16.66,16.75,16.48,16.48,515156,857354760
2025-01-01,600031.SH,16.48,16.48,15.69,15.77,853894,1368558133
2025-01-02,600031.SH,15.85,16,15.55,15.6,534034,842151570
2025-01-05,600031.SH,15.6,15.71,15.42,15.58,454874,707452833
2025-01-06,600031.SH,15.59,15.64,15.43,15.52,393682,611079078
2025-01-07,600031.SH,15.57,15.71,15.26,15.57,573355,888892453
2025-01-08,600031.SH,15.51,15.56,15.32,15.37,357777,551312715
2025-01-09,600031.SH,15.42,15.71,15.38,15.44,467713,727772401
2025-01-12,600031.SH,15.39,15.7,15.23,15.31,384318,592609973
2025-01-13,600031.SH,15.31,15.85,15.3,15.8,590313,925532190
2025-01-14,600031.SH,15.8,15.8,15.38,15.4,543389,843185800
2025-01-15,600031.SH,15.49,15.8,15.44,15.54,542228,847230101
2025-01-16,600031.SH,15.49,15.54,15.31,15.42,426413,657250287
2025-01-19,600031.SH,15.5,16.06,15.5,15.92,963356,1530045633
2025-01-20,600031.SH,16.05,16.23,15.88,16.21,629239,1016548149
2025-01-21,600031.SH,16.21,16.33,16,16.1,479083,772633831
2025-01-22,600031.SH,16.21,16.26,16.02,16.07,421624,679202056
2025-01-23,600031.SH,16.06,16.29,16.01,16.2,361406,585630964
2025-01-26,600031.SH,16.29,16.34,16.1,16.1,302235,488912395
2025-02-04,600031.SH,16.1,16.17,15.78,15.81,450017,713063047
2025-02-05,600031.SH,15.79,15.87,15.58,15.76,553645,869586767
2025-02-06,600031.SH,15.78,16.8,15.64,16.75,1304535,2129487598
2025-02-09,600031.SH,16.71,17.05,16.62,16.99,983276,1664804717
2025-02-10,600031.SH,16.98,17.06,16.84,16.88,492631,833681769
2025-02-11,600031.SH,16.84,17.12,16.76,16.99,507705,860584288
2025-02-12,600031.SH,17,17.2,16.9,16.96,580843,990681003
2025-02-13,600031.SH,16.99,17.48,16.98,17.46,1061951,1842907122
2025-02-16,600031.SH,17.45,17.52,17.13,17.36,705109,1219254121
2025-02-17,600031.SH,17.32,17.46,16.93,17.04,703328,1209116572
2025-02-18,600031.SH,17.07,17.57,17.04,17.45,857545,1495324780
2025-02-19,600031.SH,17.48,17.7,17.29,17.65,793702,1391269821
2025-02-20,600031.SH,17.6,17.76,17.24,17.68,979195,1715682115
2025-02-23,600031.SH,17.7,17.95,17.65,17.84,695859,1239761456
2025-02-24,600031.SH,17.72,18.18,17.61,17.9,805857,1447158243
2025-02-25,600031.SH,17.88,18.18,17.73,17.79,661486,1186667988
2025-02-26,600031.SH,17.76,18.13,17.71,18.02,814638,1463890156
2025-02-27,600031.SH,17.93,18.5,17.91,18.2,1371674,2514994108
2025-03-02,600031.SH,18.25,19.38,18.25,18.8,1514307,2880689116
2025-03-03,600031.SH,18.7,18.95,18.52,18.84,695433,1306371554
2025-03-04,600031.SH,19.45,20,19.38,19.68,2198570,4353081527
2025-03-05,600031.SH,19.45,19.76,19.2,19.66,1336009,2606592050
2025-03-06,600031.SH,19.64,19.96,19.41,19.86,939235,1860063480
2025-03-09,600031.SH,20.2,20.55,20,20.47,2106417,4285481925
2025-03-10,600031.SH,20.27,20.75,20.23,20.54,1278629,2622766483
2025-03-11,600031.SH,20.5,20.73,20.15,20.16,1069073,2169686857
2025-03-12,600031.SH,20.05,20.18,19.85,20.04,925549,1850235713
2025-03-13,600031.SH,20.04,20.58,20.04,20.49,1210653,2473326496
2025-03-16,600031.SH,20.48,20.59,20.19,20.43,1092036,2231435756
2025-03-17,600031.SH,20.48,20.48,19.74,19.92,1121807,2237241576
2025-03-18,600031.SH,19.75,20.09,19.73,20,656804,1312403023
2025-03-19,600031.SH,20.3,20.55,19.8,19.85,796322,1594441044
2025-03-20,600031.SH,19.85,19.95,19.54,19.59,541887,1066483294
2025-03-23,600031.SH,19.7,20.14,19.63,19.96,617321,1228750574
2025-03-24,600031.SH,20,20.06,19.53,19.56,545098,1075685161
2025-03-25,600031.SH,19.6,19.65,19.05,19.29,751219,1449622215
2025-03-26,600031.SH,19.2,19.33,19.1,19.25,317039,609473214
2025-03-27,600031.SH,19.28,19.48,19.11,19.25,432752,831958066
2025-03-30,600031.SH,19.23,19.28,18.93,19.07,404810,772189438
2025-03-31,600031.SH,19.15,19.2,18.83,18.93,372331,706317072
2025-04-01,600031.SH,18.89,19.44,18.88,19.36,535948,1034269275
2025-04-02,600031.SH,19.2,19.32,18.89,19.1,411314,786068079
2025-04-06,600031.SH,18.15,18.45,17.49,18,1211638,2174458522
2025-04-07,600031.SH,18.2,18.55,17.8,18.55,1231863,2249528296
2025-04-08,600031.SH,18.39,19.12,18.15,19.12,1088675,2037459402
2025-04-09,600031.SH,19.4,19.41,18.8,19.1,801015,1526645635
2025-04-10,600031.SH,18.91,19.39,18.91,19.31,482424,926743118
2025-04-13,600031.SH,19.31,19.39,18.81,18.89,659576,1254313921
2025-04-14,600031.SH,18.89,18.98,18.5,18.96,498660,934753520
2025-04-15,600031.SH,18.95,19.1,18.43,19.1,596409,1118508240
2025-04-16,600031.SH,18.95,19.16,18.83,19.06,433571,823346740
2025-04-17,600031.SH,19.05,19.23,18.8,19.19,364504,694159637
2025-04-20,600031.SH,19.08,19.4,18.91,19.23,381040,731202525
2025-04-21,600031.SH,19.23,19.23,18.94,18.95,330581,628462385
2025-04-22,600031.SH,19.01,19.64,18.98,19.4,719920,1395551262
2025-04-23,600031.SH,19.42,19.65,19.03,19.05,428222,825620533
2025-04-24,600031.SH,19.2,19.24,18.96,19.09,294041,560318175
2025-04-27,600031.SH,19.09,19.38,19,19.05,290181,556163009
2025-04-28,600031.SH,18.96,19.25,18.96,19.19,344705,659630045
2025-04-29,600031.SH,19.48,19.56,18.88,18.89,704212,1347148465
2025-05-05,600031.SH,19.18,19.75,19.07,19.68,797109,1558058474
2025-05-06,600031.SH,20.1,20.1,19.51,19.69,524204,1032592016
2025-05-07,600031.SH,19.57,19.57,19.35,19.41,416313,808769321
2025-05-08,600031.SH,19.41,19.8,19.37,19.72,520687,1022788072
2025-05-11,600031.SH,19.78,20.16,19.7,20,612425,1224229827
2025-05-12,600031.SH,20.09,20.19,19.81,19.92,442906,882733307
2025-05-13,600031.SH,19.87,19.87,19.33,19.58,703919,1375618539
2025-05-14,600031.SH,19.53,19.6,19.15,19.2,579660,1118377691
2025-05-15,600031.SH,19.2,19.4,19.12,19.3,307283,590788139
2025-05-18,600031.SH,19.3,19.42,19.1,19.18,380043,732445467
2025-05-19,600031.SH,19.19,19.25,18.85,18.98,580140,1101282723
2025-05-20,600031.SH,18.98,19.1,18.93,19.01,352177,670117663
2025-05-21,600031.SH,19.01,19.23,18.94,19.07,357666,683478339
2025-05-22,600031.SH,19.13,19.3,18.86,18.91,453619,863572501
2025-05-25,600031.SH,18.84,18.88,18.5,18.66,491583,915567328
2025-05-26,600031.SH,18.66,18.7,18.41,18.41,290436,537941941
2025-05-27,600031.SH,18.47,18.63,18.44,18.5,241774,447820486
2025-05-28,600031.SH,18.54,18.92,18.51,18.75,394994,741276872
2025-05-29,600031.SH,18.76,18.88,18.57,18.83,321982,604138325
2025-06-02,600031.SH,19.13,19.13,18.34,18.42,678244,1252178384
2025-06-03,600031.SH,18.45,18.45,18.21,18.3,455616,833198052
2025-06-04,600031.SH,18.3,18.34,18.13,18.25,397261,724008178
2025-06-05,600031.SH,18.3,18.6,18.25,18.47,411019,760254551
2025-06-08,600031.SH,18.39,18.55,18.3,18.32,493318,907261016
2025-06-09,600031.SH,18.35,18.52,18.1,18.18,347947,635331653
2025-06-10,600031.SH,17.98,18.05,17.82,17.91,329088,591374720
2025-06-11,600031.SH,17.9,17.94,17.72,17.8,261777,466753354
2025-06-12,600031.SH,17.77,17.87,17.66,17.79,332721,590775706
2025-06-15,600031.SH,17.77,17.9,17.7,17.81,339137,603938878
2025-06-16,600031.SH,17.89,18.17,17.88,18.03,462329,834199896
2025-06-17,600031.SH,18.01,18.1,17.76,17.78,358980,641468707
2025-06-18,600031.SH,17.79,17.81,17.38,17.44,469444,822521739
2025-06-19,600031.SH,17.44,17.58,17.32,17.49,222383,388409768
2025-06-22,600031.SH,17.4,17.7,17.32,17.66,302223,530607726
2025-06-23,600031.SH,17.69,18.06,17.68,18,474206,851657694
2025-06-24,600031.SH,18.05,18.07,17.86,18.01,432866,777803023
2025-06-25,600031.SH,18,18.13,17.87,17.91,397516,713448262
2025-06-26,600031.SH,17.83,18.09,17.78,17.93,341347,612543948
2025-06-29,600031.SH,17.93,18.02,17.88,17.95,263716,473244076
2025-06-30,600031.SH,17.95,17.96,17.64,17.73,433346,768740996
2025-07-01,600031.SH,17.8,18.39,17.73,18.2,722439,1310444888
2025-07-02,600031.SH,18.2,18.21,18.07,18.16,300096,544368270
2025-07-03,600031.SH,18.16,18.3,18.05,18.23,334471,609161924
2025-07-06,600031.SH,18.25,18.38,18.1,18.35,339773,621278651
2025-07-07,600031.SH,18.4,19.08,18.36,19.07,1054008,1993706646
2025-07-08,600031.SH,18.99,19.21,18.89,19.11,661952,1264486865
2025-07-09,600031.SH,19.12,19.27,18.92,18.92,636372,1212124453
2025-07-10,600031.SH,18.99,19.1,18.83,18.83,484332,917451280
2025-07-13,600031.SH,18.83,18.95,18.7,18.74,360943,679524719
2025-07-14,600031.SH,18.74,18.95,18.73,18.9,432029,814099922
2025-07-15,600031.SH,18.83,18.89,18.63,18.71,327156,611643642
2025-07-16,600031.SH,18.69,18.94,18.66,18.84,321020,605034590
2025-07-17,600031.SH,18.88,19.07,18.71,19.01,416451,787752266
2025-07-20,600031.SH,19.7,19.8,19.24,19.52,1237333,2410080135
2025-07-21,600031.SH,20,21.47,20,21.22,3974294,8198561147
2025-07-22,600031.SH,21.4,21.4,20.02,20.09,2676347,5461895063
2025-07-23,600031.SH,19.81,20.48,19.68,20.35,1678671,3378314264
2025-07-24,600031.SH,20.28,20.28,19.8,19.93,1104482,2200995010
2025-07-27,600031.SH,19.86,19.99,19.69,19.97,889361,1764555699
2025-07-28,600031.SH,19.95,20.32,19.8,20.2,945331,1904961848
2025-07-29,600031.SH,20.16,20.44,20.06,20.21,774550,1567977056
2025-07-30,600031.SH,20.2,20.33,19.85,19.94,763117,1531128773
2025-07-31,600031.SH,19.85,19.98,19.7,19.78,458852,909541394
2025-08-03,600031.SH,19.77,19.9,19.61,19.69,445473,878332808
2025-08-04,600031.SH,19.68,19.74,19.56,19.64,522180,1026031688
2025-08-05,600031.SH,19.71,20.05,19.64,20.02,644223,1283837340
2025-08-06,600031.SH,20.02,20.5,19.81,20.37,1048649,2119222956
2025-08-07,600031.SH,20.4,21.26,20.4,21.04,1659938,3488219022
2025-08-10,600031.SH,21.03,21.11,20.9,21,686486,1441087350
2025-08-11,600031.SH,20.99,21.03,20.81,20.84,482116,1007268265
2025-08-12,600031.SH,20.84,21.01,20.76,20.83,652742,1360311788
2025-08-13,600031.SH,20.83,21.25,20.71,20.9,697077,1466793275
2025-08-14,600031.SH,20.82,21.26,20.66,21,725017,1528585830
2025-08-17,600031.SH,21.08,21.1,20.7,20.7,943391,1966787478
2025-08-18,600031.SH,20.72,20.99,20.15,20.22,948609,1939605361
2025-08-19,600031.SH,20.28,20.85,20.2,20.85,780095,1601652893
2025-08-20,600031.SH,20.99,21.14,20.8,21,653995,1370773485
2025-08-21,600031.SH,21.4,21.63,21.21,21.3,965285,2063955613
2025-08-24,600031.SH,21.32,21.63,21.22,21.63,962677,2062958925
2025-08-25,600031.SH,21.63,21.71,21.4,21.54,583416,1259057145
2025-08-26,600031.SH,21.5,22,21.3,21.3,908664,1967087626
2025-08-27,600031.SH,21.23,21.48,20.88,21.23,805163,1708949807
2025-08-28,600031.SH,21.45,21.62,21.01,21.03,993787,2107944349
2025-08-31,600031.SH,21.2,21.48,20.9,21.16,993754,2100912951
2025-09-01,600031.SH,21.18,21.32,20.71,20.95,654639,1372047821
2025-09-02,600031.SH,20.97,21.38,20.53,20.8,578501,1206290331
2025-09-03,600031.SH,20.66,20.7,20,20.27,874029,1773667965
2025-09-04,600031.SH,20.31,20.85,20.21,20.67,644125,1330103072
2025-09-07,600031.SH,20.68,21,20.41,20.92,763068,1582980112
2025-09-08,600031.SH,20.88,21.45,20.77,21.28,852322,1813252458
2025-09-09,600031.SH,21.36,21.39,21.06,21.15,397835,842063304
2025-09-10,600031.SH,21.06,21.21,20.87,21.21,508088,1069267937
2025-09-11,600031.SH,21.33,21.44,21.06,21.12,599221,1275259456
2025-09-14,600031.SH,21.13,21.21,20.55,20.66,703656,1466813138
2025-09-15,600031.SH,20.7,20.84,20.51,20.65,369600,763653770
2025-09-16,600031.SH,20.56,21.07,20.53,20.97,515530,1076089736
2025-09-17,600031.SH,21.03,21.17,20.66,20.79,575689,1206698608
2025-09-18,600031.SH,20.75,21.94,20.72,21.89,1450108,3141875455
2025-09-21,600031.SH,21.9,21.92,21.36,21.58,646689,1393441444
2025-09-22,600031.SH,21.7,21.78,21.2,21.63,515735,1105522086
2025-09-23,600031.SH,21.55,22.35,21.4,22.25,967411,2133280111
2025-09-24,600031.SH,22.25,22.44,21.94,22.15,575381,1273607034
2025-09-25,600031.SH,22,22.62,21.96,22.28,693028,1552203722
2025-09-28,600031.SH,22.35,23.03,22,22.97,1109941,2521350414
2025-09-29,600031.SH,22.98,23.48,22.8,23.24,827763,1914588064
2025-10-08,600031.SH,23.01,23.29,22.5,23.24,909112,2083585421
2025-10-09,600031.SH,23.18,23.66,22.88,22.96,822671,1911017390
2025-10-12,600031.SH,22,22.98,21.88,22.87,723516,1631506048
2025-10-13,600031.SH,23,24.05,22.85,23.04,1040052,2426088839
2025-10-14,600031.SH,22.8,23.76,22.73,23.46,885932,2067033474
2025-10-15,600031.SH,23.47,23.97,23.28,23.57,787069,1863752404
2025-10-16,600031.SH,23.45,23.45,22.43,22.5,759273,1731924431
2025-10-19,600031.SH,22.82,23.07,22.38,22.49,589946,1335934334
2025-10-20,600031.SH,22.59,22.95,22.43,22.83,584955,1330738523
2025-10-21,600031.SH,22.98,23.37,22.79,23.02,715264,1649581863
2025-10-22,600031.SH,22.8,22.83,22.25,22.68,663292,1491133841
2025-10-23,600031.SH,22.73,23.28,22.66,22.91,483274,1110582848
2025-10-26,600031.SH,22.94,23.47,22.37,22.53,1027526,2345231316
2025-10-27,600031.SH,22.5,22.6,21.87,21.95,1315460,2904891556
2025-10-28,600031.SH,21.95,22.18,21.9,22.12,519559,1144951991
2025-10-29,600031.SH,22.28,22.8,22.24,22.51,932833,2106141612
2025-10-30,600031.SH,22.56,22.64,22.14,22.14,712947,1592066010
2025-11-02,600031.SH,22.18,22.36,21.72,21.88,518531,1136319147
2025-11-03,600031.SH,21.8,22.18,21.58,21.71,515388,1126599709
2025-11-04,600031.SH,21.61,21.93,21.31,21.82,486045,1049851764
2025-11-05,600031.SH,21.94,22.18,21.72,21.99,478563,1053084951
2025-11-06,600031.SH,22.02,22.33,21.81,22.13,539448,1192491322
2025-11-09,600031.SH,22,22,20.85,21.13,1316993,2790086702
2025-11-10,600031.SH,21.15,21.42,20.88,20.91,562580,1181753269
2025-11-11,600031.SH,20.91,20.95,20.61,20.65,441022,914681019
2025-11-12,600031.SH,20.66,20.93,20.53,20.89,469009,974820593
2025-11-13,600031.SH,20.88,21.05,20.65,20.66,410212,854378967
2025-11-16,600031.SH,20.64,20.64,20.36,20.57,435497,892787966
2025-11-17,600031.SH,20.57,21.28,20.54,20.86,760735,1593791719
2025-11-18,600031.SH,21,21.03,20.66,20.77,361003,752251035
2025-11-19,600031.SH,20.8,21.12,20.8,20.86,376581,789125133
2025-11-20,600031.SH,20.61,20.7,20.2,20.26,548195,1120543519
2025-11-23,600031.SH,20.53,20.66,20.21,20.51,383776,785169816
2025-11-24,600031.SH,20.57,20.62,20.38,20.44,420173,860487539
2025-11-25,600031.SH,20.4,21.04,20.4,20.88,615896,1287294287
2025-11-26,600031.SH,20.8,20.83,20.1,20.13,767004,1559622909
2025-11-27,600031.SH,20.06,20.36,19.95,20.32,422426,854876753
2025-11-30,600031.SH,20.38,20.38,19.96,20.12,663262,1329941051
2025-12-01,600031.SH,20.11,20.26,19.99,20.16,507928,1022891993
2025-12-02,600031.SH,20.23,20.64,20.1,20.4,633431,1292190733
2025-12-03,600031.SH,20.41,20.99,20.34,20.97,837912,1740963773
2025-12-04,600031.SH,20.94,21.35,20.9,21.3,819260,1735578568
2025-12-07,600031.SH,21.43,21.63,21.03,21.23,652898,1387091453
2025-12-08,600031.SH,21.15,21.43,21.04,21.18,414681,880482630
2025-12-09,600031.SH,21.17,21.55,21.03,21.47,516531,1101970963
2025-12-10,600031.SH,21.45,21.61,21.03,21.09,501440,1065449732
2025-12-11,600031.SH,21.19,21.39,21.09,21.32,533302,1133708872
2025-12-14,600031.SH,21.31,21.57,21.06,21.07,446771,953351180
2025-12-15,600031.SH,21.04,21.04,20.62,20.76,420097,871662049
2025-12-16,600031.SH,20.79,21.19,20.63,21.07,482588,1009487661
2025-12-17,600031.SH,20.9,21.18,20.7,21,388530,814278686
2025-12-18,600031.SH,20.99,21.5,20.95,21.24,522373,1112538570
2025-12-21,600031.SH,21.3,21.38,20.86,20.89,580600,1217614338
2025-12-22,600031.SH,20.85,20.93,20.44,20.68,520129,1073099529
2025-12-23,600031.SH,20.69,20.9,20.56,20.8,316322,656559450
2025-12-24,600031.SH,20.8,20.86,20.62,20.67,325381,673161074
2025-12-25,600031.SH,20.63,21.28,20.6,21.17,715799,1510717076
2025-12-28,600031.SH,21.18,21.2,20.65,20.72,650953,1359665248
2025-12-29,600031.SH,20.67,21.35,20.67,21.04,750355,1579009501
2025-12-30,600031.SH,21.11,21.25,20.93,21.13,403597,852648571
2026-01-04,600031.SH,21.11,21.35,21.01,21.26,775391,1644294320
2026-01-05,600031.SH,21.25,22,21.21,21.88,877272,1908331973
2026-01-06,600031.SH,21.88,21.95,21.62,21.73,585280,1271827413
2026-01-07,600031.SH,21.72,21.83,21.31,21.43,517762,1112300811
2026-01-08,600031.SH,21.57,22.38,21.57,22.28,1104155,2443638447
2026-01-11,600031.SH,22.32,22.7,22.06,22.56,934560,2101257522
2026-01-12,600031.SH,22.7,22.95,22.28,22.62,934790,2109570510
2026-01-13,600031.SH,22.62,22.79,22.02,22.24,932308,2085127430
2026-01-14,600031.SH,22.15,22.44,22.05,22.25,570392,1270363794
2026-01-15,600031.SH,22.19,22.54,22.01,22.11,684874,1522528863
2026-01-18,600031.SH,21.98,22.27,21.89,22.1,716854,1580368404
2026-01-19,600031.SH,22.2,22.63,22.13,22.55,1004541,2252050655
2026-01-20,600031.SH,22.53,22.82,22.41,22.58,798546,1803543539
2026-01-21,600031.SH,22.61,22.69,22.35,22.61,642589,1449180248
2026-01-22,600031.SH,22.71,23.23,22.62,22.98,993901,2289537684
2026-01-25,600031.SH,23.03,23.42,22.8,23.05,992022,2292568807
2026-01-26,600031.SH,23.04,23.32,22.68,22.83,766377,1762462323
2026-01-27,600031.SH,22.78,22.78,22.18,22.25,1092572,2446751982
2026-01-28,600031.SH,22.45,22.45,21.75,22.12,957326,2106219723
2026-01-29,600031.SH,22.08,22.26,21.71,21.92,622327,1366315676
2026-02-01,600031.SH,22.03,22.04,21.3,21.38,615282,1331593053
2026-02-02,600031.SH,21.45,23.11,21.44,23.08,1312057,2942325164
2026-02-03,600031.SH,22.91,23.3,22.8,23.26,859733,1988180784
2026-02-04,600031.SH,23.25,23.4,23.02,23.27,682883,1586163932
2026-02-05,600031.SH,23.05,23.29,22.89,22.98,477210,1102389059
2026-02-08,600031.SH,23.38,23.91,23.26,23.58,725567,1714567148
2026-02-09,600031.SH,23.68,23.86,23.34,23.78,603072,1428750527
2026-02-10,600031.SH,23.84,24.26,23.7,23.92,680065,1629492376
2026-02-11,600031.SH,23.99,24.08,23.69,23.96,476175,1137666209
2026-02-12,600031.SH,23.76,23.86,23.07,23.12,591021,1376226093
2026-02-23,600031.SH,23.32,24.21,23.02,23.95,805323,1919667431
2026-02-24,600031.SH,23.95,24.29,23.88,23.98,626306,1508227285
2026-02-25,600031.SH,23.96,23.99,23.25,23.35,557226,1308619535
2026-02-26,600031.SH,23.44,23.59,23.03,23.15,532365,1236986757
2026-03-01,600031.SH,23,23.37,22.77,22.97,547966,1263504968
2026-03-02,600031.SH,23.13,23.26,22,22.19,871915,1951778518
2026-03-03,600031.SH,22,22.32,21.77,22.01,510118,1120708562
2026-03-04,600031.SH,22.26,22.73,21.96,22.08,649321,1446539791
2026-03-05,600031.SH,22.12,22.2,21.81,22.03,659719,1450350073
2026-03-08,600031.SH,21.67,21.68,20.83,21.27,888106,1881735763
2026-03-09,600031.SH,21.65,22.26,21.58,22.06,769124,1687923113
2026-03-10,600031.SH,22.3,22.34,21.74,22.25,637708,1408130702
2026-03-11,600031.SH,22.1,22.14,21.11,21.51,1037123,2227862691
2026-03-12,600031.SH,21.39,21.69,21.27,21.29,568707,1222612283
2026-03-15,600031.SH,21.27,21.29,20.73,20.85,718457,1499489788
2026-03-16,600031.SH,20.99,21.22,20.76,20.76,551206,1154245342
2026-03-17,600031.SH,20.82,20.86,20.27,20.7,638750,1309547984
2026-03-18,600031.SH,20.44,20.46,19.64,19.76,1036471,2066894389
2026-03-19,600031.SH,19.86,19.91,19.43,19.43,622433,1224062511
2026-03-22,600031.SH,19.02,19.21,18.45,18.65,1009949,1898184140
2026-03-23,600031.SH,18.8,19.2,18.72,19.13,699909,1327036640
2026-03-24,600031.SH,19.5,19.86,19.43,19.73,711149,1402196370
2026-03-25,600031.SH,19.7,19.74,19.17,19.26,418748,811711754
2026-03-26,600031.SH,19.03,19.29,18.97,19.16,553015,1058531771
2026-03-29,600031.SH,18.81,19,18.61,18.87,650713,1223161848
2026-03-30,600031.SH,19,19.8,18.96,19.22,1229970,2389497732
2026-03-31,600031.SH,19.81,20.33,19.69,20.3,1304141,2619102533
2026-04-01,600031.SH,20.12,20.38,19.85,20.07,686695,1378866735
2026-04-02,600031.SH,20.07,20.34,19.83,19.88,497320,996047457
2026-04-06,600031.SH,19.92,20.02,19.45,19.52,579245,1133270644
2026-04-07,600031.SH,20.2,20.94,20.2,20.86,1190927,2470450001
2026-04-08,600031.SH,20.7,20.85,20.57,20.66,540802,1119629754
2026-04-09,600031.SH,20.91,20.99,20.64,20.66,539004,1119562734
2026-04-12,600031.SH,20.55,20.73,20.32,20.36,616293,1260231972
2026-04-13,600031.SH,20.58,20.95,20.58,20.86,716221,1489038915
2026-04-14,600031.SH,20.96,21.14,20.64,20.66,618820,1290242349
2026-04-15,600031.SH,20.72,20.96,20.21,20.39,821411,1681022008
2026-04-16,600031.SH,20.47,20.47,19.92,20.16,684374,1375755108
2026-04-19,600031.SH,20.08,20.12,19.71,19.92,712122,1412403374
2026-04-20,600031.SH,19.99,20.12,19.81,19.93,586770,1171701386
2026-04-21,600031.SH,19.94,20.03,19.61,19.78,707756,1400654427
2026-04-22,600031.SH,19.72,19.86,19.52,19.6,549816,1080003210
2026-04-23,600031.SH,19.5,19.66,19.31,19.52,458868,894893478
2026-04-26,600031.SH,19.59,19.64,19.4,19.5,471768,920835108
2026-04-27,600031.SH,19.55,20.39,19.49,20.14,1320249,2650422134
2026-04-28,600031.SH,20.07,20.5,20.07,20.5,992099,2014592662
2026-04-29,600031.SH,20.07,20.78,19.98,20.35,1222164,2499534461
2026-05-05,600031.SH,20.6,21.05,20.31,20.91,1494789,3092040004
2026-05-06,600031.SH,21.02,21.1,20.73,20.98,1015329,2126641850
2026-05-07,600031.SH,20.9,20.9,20.31,20.53,1072760,2196428057
2026-05-10,600031.SH,21.4,22.48,21.4,21.84,2357329,5168611445
2026-05-11,600031.SH,21.69,21.79,21.25,21.36,1081556,2318942926
2026-05-12,600031.SH,21.2,21.46,21.03,21.39,861020,1836546448
2026-05-13,600031.SH,21.38,21.55,20.6,20.61,839833,1758397339
2026-05-14,600031.SH,20.6,20.98,20.35,20.46,861001,1772233321
2026-05-17,600031.SH,20.4,20.4,19.21,19.39,1158029,2269724155
2026-05-18,600031.SH,19.52,19.56,19,19.31,755237,1450043100
2026-05-19,600031.SH,19.32,19.71,18.99,19.4,719779,1389019536
2026-05-20,600031.SH,19.5,20.01,18.94,18.96,1251117,2442967253
2026-05-21,600031.SH,19.3,19.3,18.8,18.96,672577,1272983000
2026-05-24,600031.SH,19.11,19.44,18.69,18.83,727838,1377019641
2026-05-25,600031.SH,18.78,19.13,18.58,18.88,1111605,2097719550
2026-05-26,600031.SH,18.88,18.88,18.15,18.47,1150939,2120995217
2026-05-27,600031.SH,18.42,18.43,17.65,17.9,1042509,1867619313
2026-05-28,600031.SH,17.89,18.55,17.89,17.94,1341990,2435333117
2026-05-31,600031.SH,17.91,18.23,17.38,18.07,1312840,2341229119
2026-06-01,600031.SH,18,18.36,17.66,18.14,885398,1594117604
2026-06-02,600031.SH,18.11,18.33,17.8,17.96,780235,1410122175
2026-06-03,600031.SH,17.9,18.39,17.82,18.14,939873,1705617571
2026-06-04,600031.SH,18.3,18.92,18.2,18.65,1364928,2538960689
2026-06-07,600031.SH,19,19.99,19,19.51,2301728,4495822886
2026-06-08,600031.SH,19.59,19.93,19.15,19.92,1428996,2813424221
2026-06-09,600031.SH,19.92,19.99,18.68,18.85,1254176,2396779068
2026-06-10,600031.SH,18.61,18.69,18,18.22,934074,1701857048
2026-06-11,600031.SH,18.4,19.22,18.4,18.91,1130550,2135482986
2026-06-14,600031.SH,19.32,19.89,19,19.19,920637,1782373332
2026-06-15,600031.SH,19.22,19.31,18.59,18.65,902311,1702413830
2026-06-16,600031.SH,18.55,18.93,18.45,18.91,705381,1322835921
2026-06-17,600031.SH,18.81,18.89,18.29,18.37,772658,1429464030
2026-06-21,600031.SH,18.3,18.99,17.91,18.95,1016096,1878903982
2026-06-22,600031.SH,18.88,18.98,17.98,18.05,1007843,1851337050
2026-06-23,600031.SH,18.15,18.18,17.53,17.62,938433,1665451223
2026-06-24,600031.SH,17.6,18.4,17.6,17.75,1012836,1826150196
2026-06-25,600031.SH,17.64,18.19,17.62,17.68,840776,1499820793
2026-06-28,600031.SH,17.61,18.35,17.14,18.02,1130992,2023130910
2026-06-29,600031.SH,17.88,18.13,17.21,17.28,1207975,2103535729
2026-06-30,600031.SH,17.29,17.49,16.68,17.43,1129079,1933746390
2026-07-01,600031.SH,17.21,18.06,17.21,17.77,1355495,2399573568
2026-07-02,600031.SH,17.85,18.67,17.85,18.56,1432175,2633339364
2026-07-05,600031.SH,18.52,19.08,18.4,18.89,1057040,1991437337
2026-07-06,600031.SH,19.3,19.98,19.3,19.44,1682220,3310171330
2026-07-07,600031.SH,19.21,19.4,18.83,18.85,927692,1771143661
2026-07-08,600031.SH,18.72,18.8,18.14,18.57,883328,1623769094
2026-07-09,600031.SH,18.5,19.35,18.35,18.86,804123,1518889781
2026-07-12,600031.SH,18.8,18.98,18.27,18.71,704509,1309471928
2026-07-13,600031.SH,18.59,18.69,18.1,18.63,815430,1504981048
2026-07-14,600031.SH,18.63,19.47,18.54,19.16,813352,1554051538
2026-07-15,600031.SH,19.2,19.39,18.84,18.95,706612,1342771235
2026-07-16,600031.SH,18.74,18.98,18.31,18.65,807984,1502848076
2026-07-19,600031.SH,18.65,19.6,18.53,19.56,1177987,2277199385
2026-07-20,600031.SH,20.2,20.2,19.35,19.69,1181717,2324242274
2026-07-21,600031.SH,19.57,20.07,19.46,19.85,774145,1529342401
2026-07-22,600031.SH,20,20.09,19.21,19.97,804512,1583285312
2026-07-23,600031.SH,19.96,19.96,19.46,19.58,527016,1032501558
2026-07-26,600031.SH,19.98,19.98,19.3,19.4,618395,1203008489
2026-07-27,600031.SH,19.35,19.95,19.21,19.7,827422,1629987904
2026-07-28,600031.SH,20.16,20.5,19.62,20.4,1241397,2505117473
2026-07-29,600031.SH,20.3,20.84,20.2,20.83,1025733,2114095355
2026-07-30,600031.SH,20.38,20.67,20.21,20.55,755499,1546477334
2026-08-02,600031.SH,20.45,20.52,19.97,20.2,779397,1569519723
2026-08-03,600031.SH,20.11,20.16,19.33,19.53,925026,1808576203
2026-08-04,600031.SH,19.59,19.66,19.33,19.62,849030,1656534688
2026-08-05,600031.SH,19.65,19.87,19.4,19.76,646566,1273929350
2026-08-06,600031.SH,19.69,19.89,19.4,19.58,862151,1687441891
2026-08-09,600031.SH,19.51,20.06,19.42,19.74,682099,1348674028
2026-08-10,600031.SH,19.7,19.88,19.01,19.04,857710,1661329412
2026-08-11,600031.SH,18.95,19.05,18.77,18.91,722100,1364394932
2026-08-12,600031.SH,18.9,19,18.62,18.72,636319,1193977436
2026-08-13,600031.SH,18.7,18.84,18.6,18.75,474216,887877048
2026-08-16,600031.SH,18.76,18.84,18.44,18.7,515366,962295228
2026-08-17,600031.SH,18.72,19.03,18.61,18.97,629826,1187988653
2026-08-18,600031.SH,18.98,19.05,18.55,18.93,616085,1159420369
2026-08-19,600031.SH,18.8,19.36,18.78,19.05,536709,1025777512
2026-08-20,600031.SH,19.05,19.09,18.78,18.8,339099,639653668
2026-08-23,600031.SH,18.8,19.19,18.6,18.61,538989,1015058416
2026-08-24,600031.SH,18.71,18.95,18.6,18.95,387263,727848033
2026-08-25,600031.SH,19,19.17,18.79,18.86,454120,861777148
2026-08-26,600031.SH,18.88,19.06,18.66,19.06,500879,945747819
2026-08-27,600031.SH,18.96,19.17,18.78,19.1,466315,884804107
2026-08-30,600031.SH,19.66,20.12,19.51,20.01,1456633,2902491231
2026-08-31,600031.SH,20.02,20.56,19.87,20.22,992810,2015685777
2026-09-01,600031.SH,20.27,20.27,19.56,19.63,644081,1278432744
2026-09-02,600031.SH,19.75,20.12,19.75,19.94,477349,953664285
2026-09-03,600031.SH,19.94,20.22,19.9,20,465485,934738332
2026-09-06,600031.SH,19.99,20.1,19.76,19.89,436136,866928170
2026-09-07,600031.SH,19.99,20.46,19.84,19.97,485334,974695896
2026-09-08,600031.SH,19.95,20.28,19.72,20.22,682209,1371106708
2026-09-09,600031.SH,20.21,20.35,19.88,20.01,447401,895773490
2026-09-10,600031.SH,19.98,19.98,19.57,19.78,320592,632100016
2026-09-13,600031.SH,19.77,20.08,19.66,19.92,392639,781150849
2026-09-14,600031.SH,19.98,20,19.37,19.49,359792,704392907
2026-09-15,600031.SH,19.48,19.48,17.55,18.18,2479395,4450924743
2026-09-16,600031.SH,18.18,18.48,17.93,18.07,1052526,1908755810
2026-09-17,600031.SH,18.07,18.12,17.85,17.89,821730,1474424216
2026-09-20,600031.SH,17.9,17.94,17.61,17.76,726514,1287266366
2026-09-21,600031.SH,17.83,17.9,17.7,17.72,553657,984363517
2026-09-22,600031.SH,17.72,17.89,17.5,17.51,701506,1238767606
2026-09-23,600031.SH,17.53,17.57,17.17,17.2,668310,1155570212
2026-09-27,600031.SH,17.1,17.33,17,17.19,556506,956687649
2026-09-28,600031.SH,17.17,17.36,16.95,17.06,526978,899299051
2026-09-29,600031.SH,17.06,17.58,16.98,17.49,614300,1066148931
2022-08-16,000425.SZ,5.56,5.59,5.4,5.47,720012,393927900.68
2022-08-17,000425.SZ,5.47,5.47,5.35,5.39,632770,340304733.73
2022-08-18,000425.SZ,5.38,5.46,5.36,5.37,388147,209422403.78
2022-08-21,000425.SZ,5.36,5.37,5.24,5.28,693519,366023120.42
2022-08-22,000425.SZ,5.27,5.27,5.22,5.25,326154,170783744.15
2022-08-23,000425.SZ,5.26,5.29,5.15,5.16,434672,226700895.57
2022-08-24,000425.SZ,5.16,5.2,5.06,5.12,443651,226493626.81
2022-08-25,000425.SZ,5.17,5.25,5.16,5.18,375270,195537312.47
2022-08-28,000425.SZ,5.14,5.25,5.07,5.22,265988,138258199.56
2022-08-29,000425.SZ,5.23,5.28,5.18,5.19,243113,126864189.3
2022-08-30,000425.SZ,5.2,5.26,5.19,5.21,315911,165129451.72
2022-08-31,000425.SZ,5.21,5.25,5.2,5.21,181820,94980638.51
2022-09-01,000425.SZ,5.18,5.21,5.12,5.14,246120,126672403.38
2022-09-04,000425.SZ,5.11,5.14,5.07,5.14,214757,109522069.4
2022-09-05,000425.SZ,5.12,5.21,5.1,5.2,223689,115918387.86
2022-09-06,000425.SZ,5.19,5.2,5.16,5.19,197328,102152746.91
2022-09-07,000425.SZ,5.2,5.21,5.17,5.18,148019,76875732.62
2022-09-08,000425.SZ,5.17,5.24,5.16,5.23,218960,114200609.72
2022-09-12,000425.SZ,5.23,5.25,5.2,5.23,186371,97423130.52
2022-09-13,000425.SZ,5.18,5.2,5.14,5.15,211442,109183308.2
2022-09-14,000425.SZ,5.15,5.18,5.08,5.12,276022,141425162.27
2022-09-15,000425.SZ,5.11,5.12,4.97,4.97,406281,203945889.04
2022-09-18,000425.SZ,4.98,5,4.9,4.92,182041,89984169
2022-09-19,000425.SZ,4.96,5,4.95,4.98,160133,79764508.6
2022-09-20,000425.SZ,4.99,5.04,4.92,5,165671,82588675
2022-09-21,000425.SZ,4.99,5.02,4.95,4.99,112848,56354030.88
2022-09-22,000425.SZ,4.99,5.02,4.94,4.98,159193,79196457.49
2022-09-25,000425.SZ,4.95,4.99,4.9,4.91,212392,104802689.42
2022-09-26,000425.SZ,4.92,4.98,4.89,4.98,181538,89447781.48
2022-09-27,000425.SZ,4.76,4.77,4.59,4.6,413835,192841973.93
2022-09-28,000425.SZ,4.62,4.65,4.42,4.47,329257,148896332.13
2022-09-29,000425.SZ,4.47,4.52,4.45,4.48,235980,105796356.52
2022-10-09,000425.SZ,4.48,4.5,4.36,4.37,272395,120635671.73
2022-10-10,000425.SZ,4.35,4.39,4.33,4.38,168211,73463763
2022-10-11,000425.SZ,4.39,4.51,4.35,4.5,337644,149964716.76
2022-10-12,000425.SZ,4.49,4.51,4.45,4.47,191233,85550243.9
2022-10-13,000425.SZ,4.48,4.55,4.48,4.53,245818,111220188.35
2022-10-16,000425.SZ,4.51,4.65,4.5,4.6,295301,135224598.67
2022-10-17,000425.SZ,4.61,4.63,4.57,4.57,174726,80239930.11
2022-10-18,000425.SZ,4.57,4.59,4.5,4.5,173978,78876853.64
2022-10-19,000425.SZ,4.48,4.55,4.47,4.49,168617,75983123.03
2022-10-20,000425.SZ,4.48,4.55,4.48,4.5,163885,73982332.84
2022-10-23,000425.SZ,4.5,4.55,4.39,4.41,226230,100989290.68
2022-10-24,000425.SZ,4.4,4.51,4.39,4.51,275209,122602764.59
2022-10-25,000425.SZ,4.53,4.67,4.52,4.62,498448,230284652.54
2022-10-26,000425.SZ,4.62,4.72,4.61,4.7,430393,201769347.7
2022-10-27,000425.SZ,4.69,4.69,4.59,4.61,332487,154188553.71
2022-10-30,000425.SZ,4.58,4.69,4.57,4.63,390872,180796437.36
2022-10-31,000425.SZ,4.62,4.73,4.57,4.73,541466,253056712.57
2022-11-01,000425.SZ,4.7,4.8,4.69,4.75,402712,191486703.82
2022-11-02,000425.SZ,4.72,4.81,4.7,4.79,289404,138194209.81
2022-11-03,000425.SZ,4.78,4.86,4.77,4.83,407435,196433443.82
2022-11-06,000425.SZ,4.81,4.86,4.79,4.82,302864,146038414.14
2022-11-07,000425.SZ,4.82,4.83,4.74,4.8,261050,124677733.11
2022-11-08,000425.SZ,4.8,4.82,4.75,4.76,173669,82863480.52
2022-11-09,000425.SZ,4.74,4.74,4.68,4.7,249436,117332171.79
2022-11-10,000425.SZ,4.76,4.92,4.74,4.88,752932,364966084.57
2022-11-13,000425.SZ,4.92,5.05,4.91,4.92,651586,324908599.1
2022-11-14,000425.SZ,4.97,5,4.9,4.99,434021,215585519.14
2022-11-15,000425.SZ,4.97,5,4.93,4.99,276647,137611531.06
2022-11-16,000425.SZ,4.96,5.03,4.95,5.01,401485,200862334.47
2022-11-17,000425.SZ,4.99,5.06,4.99,5.02,445702,224573196.78
2022-11-20,000425.SZ,5,5.05,4.96,5.04,228086,114112962.12
2022-11-21,000425.SZ,5.05,5.08,5,5.05,325626,164265397.24
2022-11-22,000425.SZ,5.05,5.11,5.02,5.08,296334,150561179.74
2022-11-23,000425.SZ,5.08,5.19,5.08,5.17,493964,255025908.03
2022-11-24,000425.SZ,5.15,5.19,5.14,5.16,265315,136919185.06
2022-11-27,000425.SZ,5.11,5.12,5,5.09,617415,312959949.08
2022-11-28,000425.SZ,5.08,5.25,5.08,5.22,786445,408434351.73
2022-11-29,000425.SZ,5.2,5.31,5.19,5.27,675174,354930363.03
2022-11-30,000425.SZ,5.28,5.32,5.23,5.26,862774,455511411.05
2022-12-01,000425.SZ,5.26,5.26,5.18,5.21,327380,170802274.62
2022-12-04,000425.SZ,5.23,5.36,5.23,5.35,554852,294699537.12
2022-12-05,000425.SZ,5.34,5.4,5.31,5.38,436182,233769572.08
2022-12-06,000425.SZ,5.37,5.43,5.27,5.3,460847,245267862.59
2022-12-07,000425.SZ,5.3,5.37,5.29,5.34,344382,183749734.49
2022-12-08,000425.SZ,5.35,5.4,5.31,5.38,391451,209485319.22
2022-12-11,000425.SZ,5.37,5.38,5.27,5.3,364925,193697534.83
2022-12-12,000425.SZ,5.3,5.35,5.28,5.33,267692,142538263.73
2022-12-13,000425.SZ,5.32,5.36,5.3,5.34,270343,144202486.24
2022-12-14,000425.SZ,5.33,5.38,5.29,5.3,269394,143264197.22
2022-12-15,000425.SZ,5.28,5.36,5.28,5.34,431450,230054548.2
2022-12-18,000425.SZ,5.33,5.35,5.21,5.23,289754,152418631.06
2022-12-19,000425.SZ,5.22,5.25,5.14,5.17,311022,161123321.4
2022-12-20,000425.SZ,5.18,5.23,5.15,5.17,239281,123988095.8
2022-12-21,000425.SZ,5.21,5.22,5.07,5.09,270695,139140632.3
2022-12-22,000425.SZ,5.07,5.11,5.01,5.04,202096,102281477.32
2022-12-25,000425.SZ,5.06,5.1,5.05,5.07,159485,80875691.11
2022-12-26,000425.SZ,5.1,5.13,5.07,5.12,182591,93083070
2022-12-27,000425.SZ,5.11,5.12,5.01,5.07,254014,128598150.71
2022-12-28,000425.SZ,5.05,5.06,5,5.01,209922,105449508
2022-12-29,000425.SZ,5.05,5.09,5.01,5.07,177203,89718227.54
2023-01-02,000425.SZ,5.06,5.22,5.03,5.14,426161,218862458.98
2023-01-03,000425.SZ,5.11,5.29,5.11,5.25,479652,250612830.96
2023-01-04,000425.SZ,5.26,5.33,5.26,5.28,300887,159303727.39
2023-01-05,000425.SZ,5.26,5.31,5.25,5.27,294793,155631283.54
2023-01-08,000425.SZ,5.3,5.41,5.27,5.39,627691,336682017.64
2023-01-09,000425.SZ,5.39,5.52,5.37,5.51,967345,529692141.1
2023-01-10,000425.SZ,5.51,5.55,5.46,5.5,509111,280271955.11
2023-01-11,000425.SZ,5.51,5.52,5.43,5.47,366963,200715747.92
2023-01-12,000425.SZ,5.49,5.64,5.45,5.63,786498,436917810.58
2023-01-15,000425.SZ,5.64,5.71,5.58,5.69,697521,394756594.07
2023-01-16,000425.SZ,5.7,5.75,5.6,5.63,446081,252154903.89
2023-01-17,000425.SZ,5.63,5.69,5.57,5.59,329791,185244299.89
2023-01-18,000425.SZ,5.58,5.62,5.53,5.58,269179,149798169.84
2023-01-19,000425.SZ,5.58,5.67,5.57,5.66,326369,183644749.48
2023-01-29,000425.SZ,5.73,5.86,5.7,5.73,694745,401829183.43
2023-01-30,000425.SZ,5.71,5.84,5.68,5.82,593761,344381690.08
2023-01-31,000425.SZ,5.82,5.92,5.81,5.9,920033,540060163.86
2023-02-01,000425.SZ,5.88,5.9,5.74,5.77,655898,379517678.16
2023-02-02,000425.SZ,5.74,5.83,5.65,5.8,575565,330370073.14
2023-02-05,000425.SZ,5.78,5.82,5.69,5.77,515114,297641738.93
2023-02-06,000425.SZ,5.77,5.83,5.72,5.78,368014,212085850.65
2023-02-07,000425.SZ,5.77,5.8,5.68,5.68,312071,178525645
2023-02-08,000425.SZ,5.67,5.76,5.65,5.75,234724,134565183.25
2023-02-09,000425.SZ,5.74,5.86,5.72,5.84,404642,235043617.46
2023-02-12,000425.SZ,5.84,6.42,5.84,6.35,3393517,2136812174.43
2023-02-13,000425.SZ,6.24,6.36,6.08,6.31,2672275,1657547988.5
2023-02-14,000425.SZ,6.32,6.38,6.18,6.21,1343528,841731969.18
2023-02-15,000425.SZ,6.26,6.26,6.02,6.07,928134,571798260.36
2023-02-16,000425.SZ,6.1,6.23,6.08,6.13,1033839,637382285.92
2023-02-19,000425.SZ,6.18,6.74,6.17,6.74,3532753,2350416331.57
2023-02-20,000425.SZ,6.9,7.2,6.87,7.12,4754743,3343442134.35
2023-02-21,000425.SZ,7.18,7.19,6.96,7.09,1976128,1394185524.14
2023-02-22,000425.SZ,7.12,7.14,6.97,6.99,1058158,742104867.81
2023-02-23,000425.SZ,7,7.13,6.93,7.05,1249850,880021527.35
2023-02-26,000425.SZ,6.98,7.08,6.9,6.95,1636439,1139668625.8
2023-02-27,000425.SZ,6.93,7.1,6.89,7.1,1337196,940050876.89
2023-02-28,000425.SZ,7.1,7.25,7.02,7.19,1411493,1013653328.56
2023-03-01,000425.SZ,7.18,7.48,7.16,7.42,1632924,1203879955.29
2023-03-02,000425.SZ,7.36,7.46,7.31,7.36,1089790,804269658.18
2023-03-05,000425.SZ,7.38,7.5,7.22,7.28,1479843,1087369785.73
2023-03-06,000425.SZ,7.29,7.32,7.15,7.15,855346,618575679.9
2023-03-07,000425.SZ,7.15,7.32,7.12,7.21,865971,626301471.47
2023-03-08,000425.SZ,7.21,7.26,7.1,7.13,703352,503411647.35
2023-03-09,000425.SZ,7.14,7.16,7.03,7.04,660826,467306182.05
2023-03-12,000425.SZ,7.03,7.29,6.99,7.2,966368,694545695.75
2023-03-13,000425.SZ,7.2,7.24,6.93,7.02,1054903,739782593.43
2023-03-14,000425.SZ,7.06,7.12,6.87,6.87,1076703,747838940.64
2023-03-15,000425.SZ,6.88,7,6.86,6.96,874451,608267921.53
2023-03-16,000425.SZ,6.99,7,6.81,6.84,886879,610777019.54
2023-03-19,000425.SZ,6.89,7.04,6.71,6.74,1030620,705574850.84
2023-03-20,000425.SZ,6.76,6.86,6.7,6.71,638311,430916823.13
2023-03-21,000425.SZ,6.7,6.8,6.62,6.68,892878,596954717.16
2023-03-22,000425.SZ,6.66,6.72,6.58,6.67,713548,474592147.36
2023-03-23,000425.SZ,6.67,6.7,6.45,6.49,1222885,798129270.21
2023-03-26,000425.SZ,6.53,6.58,6.43,6.53,781638,509355991.24
2023-03-27,000425.SZ,6.55,6.73,6.51,6.56,904207,599017485.16
2023-03-28,000425.SZ,6.53,6.74,6.53,6.7,927421,618988022.98
2023-03-29,000425.SZ,6.81,7.15,6.81,7.08,1530497,1075016705.94
2023-03-30,000425.SZ,7,7.01,6.9,6.93,824662,572616327.73
2023-04-02,000425.SZ,6.9,7.04,6.85,6.97,842612,587420241.72
2023-04-03,000425.SZ,7.02,7.13,6.94,7.06,661583,465554345.44
2023-04-05,000425.SZ,7.06,7.1,6.94,7.07,484519,339891332.04
2023-04-06,000425.SZ,7.08,7.08,6.94,6.96,469644,328064430.32
2023-04-09,000425.SZ,6.91,7.04,6.83,6.85,693417,479467068.02
2023-04-10,000425.SZ,6.84,6.89,6.78,6.86,421226,288187588.41
2023-04-11,000425.SZ,6.86,6.87,6.7,6.76,605099,409867306.34
2023-04-12,000425.SZ,6.74,6.77,6.61,6.69,581374,387726459.15
2023-04-13,000425.SZ,6.69,6.75,6.62,6.72,496317,331885724.91
2023-04-16,000425.SZ,6.74,6.97,6.73,6.95,697813,481274741.27
2023-04-17,000425.SZ,6.95,7.05,6.91,7.03,618675,432361552.14
2023-04-18,000425.SZ,7.01,7.02,6.85,6.93,507877,351404284.65
2023-04-19,000425.SZ,6.91,7.02,6.88,6.97,510885,355950400.3
2023-04-20,000425.SZ,6.97,7.09,6.82,6.86,740372,516648622.21
2023-04-23,000425.SZ,6.83,6.86,6.67,6.7,696035,469985589.66
2023-04-24,000425.SZ,6.74,6.8,6.53,6.64,575434,382350096.2
2023-04-25,000425.SZ,6.58,6.66,6.54,6.56,396023,260705229.81
2023-04-26,000425.SZ,6.52,6.68,6.44,6.67,440650,290017925.53
2023-04-27,000425.SZ,6.66,6.88,6.62,6.86,501474,338643324.62
2023-05-03,000425.SZ,6.67,6.73,6.21,6.34,1749134,1117100969.45
2023-05-04,000425.SZ,6.34,6.47,6.33,6.43,670642,429375925.1
2023-05-07,000425.SZ,6.45,6.75,6.45,6.5,875135,579005707.84
2023-05-08,000425.SZ,6.52,6.53,6.35,6.36,686772,440805012.96
2023-05-09,000425.SZ,6.36,6.37,6.17,6.22,681912,424905058.66
2023-05-10,000425.SZ,6.24,6.45,6.2,6.4,752131,476678183.55
2023-05-11,000425.SZ,6.4,6.42,6.14,6.17,637442,394990146.39
2023-05-14,000425.SZ,6.17,6.25,6.04,6.25,572276,350749392.18
2023-05-15,000425.SZ,6.21,6.24,6.09,6.11,430393,265476274.33
2023-05-16,000425.SZ,6.12,6.29,6.06,6.25,576306,357799429.59
2023-05-17,000425.SZ,6.26,6.47,6.25,6.3,692834,440778836.74
2023-05-18,000425.SZ,6.29,6.3,6.17,6.2,325511,202234302
2023-05-21,000425.SZ,6.2,6.35,6.16,6.34,527614,331834237.87
2023-05-22,000425.SZ,6.3,6.34,6.19,6.19,368606,230160679.41
2023-05-23,000425.SZ,6.18,6.19,6.02,6.03,407547,247436381.74
2023-05-24,000425.SZ,6.01,6.04,5.89,5.97,507177,302065406.81
2023-05-25,000425.SZ,5.97,6.05,5.88,5.96,343257,203696605.48
2023-05-28,000425.SZ,5.96,5.97,5.87,5.9,321503,189996125.31
2023-05-29,000425.SZ,5.9,6.04,5.84,5.93,473453,280867688.24
2023-05-30,000425.SZ,5.9,5.98,5.89,5.98,344753,204709590
2023-05-31,000425.SZ,5.97,5.97,5.79,5.9,463797,273385804.74
2023-06-01,000425.SZ,5.89,6.18,5.87,6.15,895730,543521837.82
2023-06-04,000425.SZ,6.14,6.23,6.04,6.06,414574,253077841.33
2023-06-05,000425.SZ,6.03,6.16,6.02,6.02,351129,213424404.18
2023-06-06,000425.SZ,6.03,6.09,5.95,5.99,305802,183700186.25
2023-06-07,000425.SZ,5.99,6.19,5.93,6.17,566182,344372245.99
2023-06-08,000425.SZ,6.19,6.21,6.08,6.15,598581,367820889.81
2023-06-11,000425.SZ,6.16,6.47,6.15,6.42,1069346,678974421.15
2023-06-12,000425.SZ,6.44,6.5,6.36,6.43,624220,402143234.11
2023-06-13,000425.SZ,6.33,6.69,6.33,6.66,1226406,805411818.74
2023-06-14,000425.SZ,6.65,6.71,6.55,6.66,716518,476290099.12
2023-06-15,000425.SZ,6.71,6.85,6.65,6.69,717443,482352180.15
2023-06-18,000425.SZ,6.75,6.75,6.61,6.64,451236,300798566.45
2023-06-19,000425.SZ,6.65,6.69,6.53,6.55,621901,410633965.86
2023-06-20,000425.SZ,6.55,6.61,6.48,6.49,444628,290816978.72
2023-06-25,000425.SZ,6.48,6.55,6.35,6.36,509467,327166907.36
2023-06-26,000425.SZ,6.37,6.53,6.29,6.47,614580,396722863.04
2023-06-27,000425.SZ,6.46,6.6,6.45,6.57,478650,313220735.33
2023-06-28,000425.SZ,6.57,6.77,6.52,6.68,584705,391318859.62
2023-06-29,000425.SZ,6.67,6.81,6.65,6.77,532779,360695158.86
2023-07-02,000425.SZ,6.77,6.82,6.66,6.71,431675,289423118.49
2023-07-03,000425.SZ,6.69,6.73,6.57,6.6,363957,241187787.8
2023-07-04,000425.SZ,6.62,6.74,6.57,6.59,344097,228340732.69
2023-07-05,000425.SZ,6.55,6.69,6.55,6.61,293962,194495328.38
2023-07-06,000425.SZ,6.58,6.65,6.53,6.57,264630,173967377.74
2023-07-09,000425.SZ,6.62,6.66,6.5,6.55,325753,213346076.27
2023-07-10,000425.SZ,6.55,6.57,6.47,6.56,241906,157594953.21
2023-07-11,000425.SZ,6.56,6.63,6.51,6.53,305205,199984365
2023-07-12,000425.SZ,6.53,6.77,6.52,6.72,622796,414724042.46
2023-07-13,000425.SZ,6.7,7.23,6.69,7.06,1487831,1051382295.12
2023-07-16,000425.SZ,7,7.2,6.97,7.15,637828,450954795.15
2023-07-17,000425.SZ,7.11,7.2,7.08,7.1,419837,298739668.88
2023-07-18,000425.SZ,7.08,7.09,6.95,6.99,386607,270384027.47
2023-07-19,000425.SZ,7.06,7.2,7.01,7.1,884691,630209292.11
2023-07-20,000425.SZ,7.11,7.2,7.05,7.16,628435,449715467.25
2023-07-23,000425.SZ,7.18,7.21,6.99,7.02,425326,300254639.99
2023-07-24,000425.SZ,7.09,7.3,7.08,7.19,764880,551593426.06
2023-07-25,000425.SZ,7.16,7.18,7.02,7.06,395519,280187796.25
2023-07-26,000425.SZ,7.07,7.13,6.88,6.91,455146,317438031.99
2023-07-27,000425.SZ,6.91,7,6.81,6.95,612881,423351535.12
2023-07-30,000425.SZ,6.96,7.18,6.96,7.07,642107,454975793.46
2023-07-31,000425.SZ,7.04,7.08,6.82,6.85,542996,376173524.44
2023-08-01,000425.SZ,6.92,7.06,6.85,6.96,564327,394101867.56
2023-08-02,000425.SZ,6.9,6.92,6.77,6.88,440486,301464333.94
2023-08-03,000425.SZ,6.9,6.97,6.81,6.81,359297,247345135.72
2023-08-06,000425.SZ,6.81,6.87,6.74,6.76,400838,271980383.68
2023-08-07,000425.SZ,6.77,6.85,6.72,6.75,436608,296165212.54
2023-08-08,000425.SZ,6.75,6.83,6.66,6.72,451702,304998066.7
2023-08-09,000425.SZ,6.68,6.74,6.59,6.65,416532,276429200
2023-08-10,000425.SZ,6.66,6.66,6.35,6.44,751655,485820685.43
2023-08-13,000425.SZ,6.43,6.44,6.25,6.4,668828,424349370
2023-08-14,000425.SZ,6.4,6.47,6.31,6.35,559049,357012281.27
2023-08-15,000425.SZ,6.35,6.38,6.25,6.31,424673,267538595.81
2023-08-16,000425.SZ,6.28,6.45,6.24,6.44,370173,235351029.61
2023-08-17,000425.SZ,6.39,6.61,6.26,6.26,474041,303121669.04
2023-08-20,000425.SZ,6.25,6.33,6.2,6.22,266182,166696390.77
2023-08-21,000425.SZ,6.23,6.3,6.18,6.26,275609,171868414.1
2023-08-22,000425.SZ,6.25,6.28,6.14,6.16,279621,173387193.18
2023-08-23,000425.SZ,6.15,6.21,6.02,6.08,593353,361112522.61
2023-08-24,000425.SZ,6.05,6.18,6.05,6.12,393647,240697646.34
2023-08-27,000425.SZ,6.36,6.43,6.16,6.2,541805,338602480.83
2023-08-28,000425.SZ,6.22,6.23,5.98,6.02,1206724,731480622.64
2023-08-29,000425.SZ,6.01,6.04,5.96,5.98,860013,514937539.29
2023-08-30,000425.SZ,6.05,6.33,6.03,6.05,1588397,977593944.49
2023-08-31,000425.SZ,6.07,6.5,6.07,6.41,1858131,1186214955.88
2023-09-03,000425.SZ,6.56,6.86,6.49,6.79,2028377,1362393943.92
2023-09-04,000425.SZ,6.72,6.76,6.65,6.75,725212,487059921.94
2023-09-05,000425.SZ,6.73,6.76,6.59,6.67,647681,430142907.52
2023-09-06,000425.SZ,6.69,6.86,6.66,6.72,939090,635046097.83
2023-09-07,000425.SZ,6.68,6.77,6.62,6.75,588907,393431368.53
2023-09-10,000425.SZ,6.75,6.78,6.66,6.69,475106,318253418.27
2023-09-11,000425.SZ,6.67,6.67,6.56,6.62,502850,332557453.99
2023-09-12,000425.SZ,6.62,6.62,6.48,6.54,385863,251838208.86
2023-09-13,000425.SZ,6.51,6.59,6.46,6.57,441623,288506732
2023-09-14,000425.SZ,6.61,6.65,6.41,6.47,521703,339917169.39
2023-09-17,000425.SZ,6.47,6.62,6.41,6.55,554091,361335281.22
2023-09-18,000425.SZ,6.56,6.71,6.48,6.66,814275,540796967.02
2023-09-19,000425.SZ,6.65,6.68,6.51,6.61,587728,387887623
2023-09-20,000425.SZ,6.6,6.68,6.5,6.55,502420,330206919.73
2023-09-21,000425.SZ,6.52,6.59,6.46,6.51,634562,412997711.42
2023-09-24,000425.SZ,6.53,6.59,6.47,6.48,522808,340540311.7
2023-09-25,000425.SZ,6.47,6.51,6.39,6.48,611929,394164645.12
2023-09-26,000425.SZ,6.46,6.49,6.35,6.39,672044,430010276.14
2023-09-27,000425.SZ,6.39,6.45,6.33,6.37,372428,237205932.85
2023-10-08,000425.SZ,6.36,6.48,6.31,6.4,405150,259147177.5
2023-10-09,000425.SZ,6.42,6.43,6.2,6.23,556378,348641839
2023-10-10,000425.SZ,6.23,6.27,6.15,6.18,534487,331172534.3
2023-10-11,000425.SZ,6.22,6.24,6.13,6.18,373786,230774470.68
2023-10-12,000425.SZ,6.13,6.15,6.03,6.08,383492,232872953.64
2023-10-15,000425.SZ,6.08,6.09,6.02,6.04,277859,167954797
2023-10-16,000425.SZ,6.08,6.16,6.02,6.14,392687,239626754.27
2023-10-17,000425.SZ,6.13,6.13,6,6.01,373904,225634169
2023-10-18,000425.SZ,5.99,6,5.88,5.92,506726,300444031.24
2023-10-19,000425.SZ,5.9,5.93,5.85,5.86,412426,242622153.7
2023-10-22,000425.SZ,5.85,5.85,5.64,5.7,549341,314872312.77
2023-10-23,000425.SZ,5.73,5.78,5.6,5.67,622018,351141211.58
2023-10-24,000425.SZ,6,6.11,5.83,5.89,1186872,706626125.6
2023-10-25,000425.SZ,5.87,6,5.76,5.95,746177,437698885.1
2023-10-26,000425.SZ,5.93,6.09,5.89,6.06,579506,349904277.79
2023-10-29,000425.SZ,6.06,6.07,5.92,6.04,467310,279548332.25
2023-10-30,000425.SZ,6.04,6.04,5.71,5.73,1025582,593383162.53
2023-10-31,000425.SZ,5.76,5.77,5.58,5.61,714989,401475923.2
2023-11-01,000425.SZ,5.63,5.75,5.55,5.58,822412,462690481.88
2023-11-02,000425.SZ,5.6,5.76,5.59,5.68,591833,337098811.14
2023-11-05,000425.SZ,5.72,5.74,5.64,5.71,449536,255646404.19
2023-11-06,000425.SZ,5.7,5.71,5.63,5.67,297648,168606942.5
2023-11-07,000425.SZ,5.67,5.84,5.63,5.74,603175,346768811.22
2023-11-08,000425.SZ,5.72,5.75,5.65,5.67,414968,236546803.95
2023-11-09,000425.SZ,5.65,5.67,5.5,5.6,543258,302253223.37
2023-11-12,000425.SZ,5.61,5.69,5.6,5.68,442048,249816301
2023-11-13,000425.SZ,5.69,5.73,5.64,5.67,298755,169497103.84
2023-11-14,000425.SZ,5.71,5.84,5.67,5.72,332905,190519871
2023-11-15,000425.SZ,5.7,5.72,5.66,5.68,237934,135442365.2
2023-11-16,000425.SZ,5.68,5.7,5.64,5.69,224829,127423552.79
2023-11-19,000425.SZ,5.69,5.79,5.66,5.75,386890,221715855.21
2023-11-20,000425.SZ,5.77,5.88,5.76,5.77,533830,310821406.38
2023-11-21,000425.SZ,5.76,5.77,5.66,5.66,488306,277511989.68
2023-11-22,000425.SZ,5.65,5.75,5.65,5.73,281547,160840273.22
2023-11-23,000425.SZ,5.75,5.75,5.69,5.73,295656,168939408.4
2023-11-26,000425.SZ,5.72,5.8,5.7,5.78,417495,240560214.7
2023-11-27,000425.SZ,5.79,5.79,5.64,5.72,492156,280027801.65
2023-11-28,000425.SZ,5.7,5.73,5.52,5.53,687997,384009857.46
2023-11-29,000425.SZ,5.52,5.58,5.45,5.53,508802,280699851.26
2023-11-30,000425.SZ,5.53,5.58,5.44,5.55,386195,213252042.52
2023-12-03,000425.SZ,5.54,5.56,5.45,5.46,447707,245720212
2023-12-04,000425.SZ,5.5,5.5,5.32,5.32,566424,304091804.01
2023-12-05,000425.SZ,5.28,5.31,5.23,5.29,439184,231776739.03
2023-12-06,000425.SZ,5.26,5.33,5.22,5.29,478597,253120360.67
2023-12-07,000425.SZ,5.29,5.41,5.29,5.34,781612,419047683.78
2023-12-10,000425.SZ,5.31,5.31,5.19,5.3,717107,375385567.12
2023-12-11,000425.SZ,5.27,5.28,5.22,5.27,507397,266556691.73
2023-12-12,000425.SZ,5.26,5.26,5.14,5.14,535890,277499660.34
2023-12-13,000425.SZ,5.15,5.17,5.05,5.08,502950,256347597.8
2023-12-14,000425.SZ,5.08,5.19,5.08,5.08,574660,295056951.13
2023-12-17,000425.SZ,5.09,5.09,4.99,5.02,373167,187442607.67
2023-12-18,000425.SZ,5,5.05,4.97,5.03,405229,203250746.47
2023-12-19,000425.SZ,5.05,5.07,4.96,4.96,322290,161350746
2023-12-20,000425.SZ,4.95,5.03,4.91,5.02,397475,198023684.54
2023-12-21,000425.SZ,5.02,5.13,5,5.06,529857,268712180
2023-12-24,000425.SZ,5.04,5.16,5.03,5.14,359684,183259448.92
2023-12-25,000425.SZ,5.13,5.18,5.12,5.16,356125,183428855.1
2023-12-26,000425.SZ,5.16,5.2,5.1,5.19,264467,136651695.06
2023-12-27,000425.SZ,5.2,5.44,5.15,5.39,880511,471999903.54
2023-12-28,000425.SZ,5.38,5.51,5.37,5.46,624401,340517323.79
2024-01-01,000425.SZ,5.46,5.64,5.44,5.61,751131,419218708.49
2024-01-02,000425.SZ,5.6,5.65,5.54,5.64,592563,331425953.7
2024-01-03,000425.SZ,5.62,5.67,5.51,5.56,604099,335683636.86
2024-01-04,000425.SZ,5.54,5.59,5.46,5.52,462543,256217372.28
2024-01-07,000425.SZ,5.5,5.54,5.41,5.47,508825,278131363.6
2024-01-08,000425.SZ,5.46,5.5,5.4,5.47,427823,233100254.4
2024-01-09,000425.SZ,5.47,5.55,5.43,5.48,363444,199541744.84
2024-01-10,000425.SZ,5.47,5.49,5.37,5.47,366613,199528471.5
2024-01-11,000425.SZ,5.5,5.66,5.45,5.52,518341,288297399
2024-01-14,000425.SZ,5.49,5.58,5.45,5.55,397893,220090139.54
2024-01-15,000425.SZ,5.53,5.63,5.46,5.54,454516,251892063.16
2024-01-16,000425.SZ,5.53,5.61,5.48,5.48,480175,267009409.17
2024-01-17,000425.SZ,5.46,5.54,5.37,5.53,799106,435801304.26
2024-01-18,000425.SZ,5.51,5.57,5.46,5.49,399334,219642151.76
2024-01-21,000425.SZ,5.49,5.53,5.28,5.34,548693,297905787.79
2024-01-22,000425.SZ,5.31,5.41,5.24,5.33,543003,289055629.25
2024-01-23,000425.SZ,5.34,5.45,5.23,5.44,551822,295890607.52
2024-01-24,000425.SZ,5.42,5.69,5.4,5.67,723868,404931888.1
2024-01-25,000425.SZ,5.66,5.71,5.6,5.64,494046,279324356.35
2024-01-28,000425.SZ,5.67,5.79,5.62,5.68,738101,420323890.08
2024-01-29,000425.SZ,5.66,5.74,5.62,5.64,541108,307783403.6
2024-01-30,000425.SZ,5.6,5.73,5.57,5.63,675700,382199020.04
2024-01-31,000425.SZ,5.61,5.67,5.52,5.57,650096,363979311.26
2024-02-01,000425.SZ,5.57,5.74,5.32,5.54,1013260,566127209.91
2024-02-04,000425.SZ,5.47,5.78,5.47,5.69,1277393,721558711.75
2024-02-05,000425.SZ,5.64,6.06,5.63,6.03,1366262,810550507.65
2024-02-06,000425.SZ,6.01,6.13,5.93,6.05,1122705,677073043.13
2024-02-07,000425.SZ,6.08,6.1,5.94,6.08,889884,537834430.3
2024-02-18,000425.SZ,6.14,6.18,6.03,6.17,790748,484385445.31
2024-02-19,000425.SZ,6.15,6.18,6.02,6.11,631484,385704676.36
2024-02-20,000425.SZ,6.09,6.2,6.03,6.1,698251,427061046.7
2024-02-21,000425.SZ,6.09,6.14,6.05,6.13,485989,296500966.18
2024-02-22,000425.SZ,6.13,6.16,5.9,5.97,1038726,621138879.49
2024-02-25,000425.SZ,6.03,6.1,6,6.01,683156,412636728.46
2024-02-26,000425.SZ,5.98,6.06,5.95,6.01,624658,374950933.77
2024-02-27,000425.SZ,5.99,6.01,5.85,5.9,952568,563777010.02
2024-02-28,000425.SZ,5.85,5.93,5.85,5.93,729761,430046508.9
2024-02-29,000425.SZ,5.94,6.15,5.92,6.13,1243072,755378958.04
2024-03-03,000425.SZ,6.12,6.29,6.11,6.21,876923,543209589.86
2024-03-04,000425.SZ,6.18,6.24,6.07,6.1,773071,475168142.63
2024-03-05,000425.SZ,6.1,6.33,6.08,6.3,1139088,708828136.31
2024-03-06,000425.SZ,6.36,6.48,6.25,6.28,1131025,721185788.72
2024-03-07,000425.SZ,6.3,6.44,6.25,6.43,857665,546318508.55
2024-03-10,000425.SZ,6.45,6.49,6.23,6.29,924536,583355466.02
2024-03-11,000425.SZ,6.27,6.29,6.03,6.1,1123666,687746846.34
2024-03-12,000425.SZ,6.08,6.11,5.98,6.02,695823,419281682.65
2024-03-13,000425.SZ,6.03,6.19,6.03,6.14,803204,493079990.25
2024-03-14,000425.SZ,6.12,6.15,6.06,6.11,375000,228952097.4
2024-03-17,000425.SZ,6.12,6.25,6.09,6.12,605694,371787360
2024-03-18,000425.SZ,6.1,6.16,6.05,6.1,596567,364218892.47
2024-03-19,000425.SZ,6.09,6.11,5.92,5.97,965541,577329556.27
2024-03-20,000425.SZ,5.97,5.98,5.87,5.94,556651,329527289.94
2024-03-21,000425.SZ,5.92,5.93,5.82,5.86,491432,288037629.1
2024-03-24,000425.SZ,6.1,6.37,6.05,6.24,2314078,1444096529.32
2024-03-25,000425.SZ,6.22,6.36,6.14,6.31,1185627,742527236.96
2024-03-26,000425.SZ,6.27,6.33,6.17,6.19,712379,444907067.36
2024-03-27,000425.SZ,6.18,6.3,6.12,6.21,683168,424975407.83
2024-03-28,000425.SZ,6.21,6.38,6.18,6.36,990605,626845725.87
2024-03-31,000425.SZ,6.4,6.65,6.4,6.58,1561440,1025768254.14
2024-04-01,000425.SZ,6.55,6.65,6.47,6.56,1064673,697502297
2024-04-02,000425.SZ,6.52,6.59,6.45,6.49,593175,385185319.87
2024-04-07,000425.SZ,6.44,6.72,6.41,6.67,1582325,1047953598.27
2024-04-08,000425.SZ,6.71,6.91,6.54,6.59,1076429,720540964.31
2024-04-09,000425.SZ,6.63,6.9,6.62,6.85,1586824,1084890736.72
2024-04-10,000425.SZ,6.78,7.27,6.76,7.12,2715815,1926899078.1
2024-04-11,000425.SZ,7.14,7.19,6.95,6.99,1206664,847782016.81
2024-04-14,000425.SZ,7,7.37,6.98,7.32,2247447,1626823860.01
2024-04-15,000425.SZ,7.27,7.27,6.95,6.97,1317172,932673373.82
2024-04-16,000425.SZ,6.97,7.66,6.89,7.55,2250408,1632754369.27
2024-04-17,000425.SZ,7.43,7.61,7.29,7.39,1698610,1262530715.19
2024-04-18,000425.SZ,7.35,7.52,7.31,7.35,949185,701984400.41
2024-04-21,000425.SZ,7.35,7.37,7.01,7.06,1502646,1070753454.24
2024-04-22,000425.SZ,7,7.02,6.78,6.86,1100160,757419264.15
2024-04-23,000425.SZ,6.87,7,6.86,6.99,928917,644753631.22
2024-04-24,000425.SZ,6.94,7.06,6.9,6.97,698113,486305894.58
2024-04-25,000425.SZ,6.94,7,6.71,6.89,1379163,943640929.34
2024-04-28,000425.SZ,6.85,6.95,6.8,6.91,904656,622068401.21
2024-04-29,000425.SZ,6.91,7.12,6.75,7.03,1322351,922368362.77
2024-05-05,000425.SZ,7.1,7.58,6.88,7.48,2178854,1588969928.35
2024-05-06,000425.SZ,7.54,7.73,7.42,7.49,1297684,979521293.51
2024-05-07,000425.SZ,7.44,7.45,7.28,7.38,705263,518959568.43
2024-05-08,000425.SZ,7.36,8.05,7.36,8.02,2147860,1679458622.47
2024-05-09,000425.SZ,7.97,8.06,7.78,8.02,1208525,956819838.06
2024-05-12,000425.SZ,7.86,8.14,7.79,7.98,1245407,996469778.55
2024-05-13,000425.SZ,7.93,8.02,7.78,7.88,701068,551318792.83
2024-05-14,000425.SZ,7.78,7.88,7.75,7.78,638449,498620333.59
2024-05-15,000425.SZ,7.84,7.96,7.71,7.9,892915,699878887.3
2024-05-16,000425.SZ,7.81,7.89,7.61,7.82,981617,762044957.31
2024-05-19,000425.SZ,7.8,7.81,7.55,7.66,1018187,779169985.1
2024-05-20,000425.SZ,7.65,7.73,7.62,7.67,432205,331630673.33
2024-05-21,000425.SZ,7.68,7.8,7.63,7.66,698736,538150301.49
2024-05-22,000425.SZ,7.63,7.81,7.58,7.64,798948,614566817.68
2024-05-23,000425.SZ,7.64,7.99,7.62,7.85,1330200,1046919549.74
2024-05-26,000425.SZ,7.86,7.99,7.8,7.98,847221,671767104.26
2024-05-27,000425.SZ,7.97,7.97,7.64,7.65,1025767,792517182.52
2024-05-28,000425.SZ,7.67,7.67,7.37,7.43,1045391,779587530.25
2024-05-29,000425.SZ,7.38,7.47,7.32,7.35,598661,442350621.4
2024-05-30,000425.SZ,7.36,7.45,7.21,7.25,742179,541588632.8
2024-06-02,000425.SZ,7.17,7.27,7.1,7.2,783241,562375286.46
2024-06-03,000425.SZ,7.17,7.41,7.14,7.38,826863,605757267.12
2024-06-04,000425.SZ,7.36,7.43,7.16,7.22,627073,456414623.88
2024-06-05,000425.SZ,7.3,7.47,7.22,7.38,1122757,826974493.94
2024-06-06,000425.SZ,7.37,7.62,7.33,7.46,1361094,1017931199.7
2024-06-10,000425.SZ,7.46,7.48,7.16,7.37,955102,696396337.83
2024-06-11,000425.SZ,7.29,7.63,7.27,7.57,996449,748578687.64
2024-06-12,000425.SZ,7.55,7.56,7.29,7.34,763345,563274873.59
2024-06-13,000425.SZ,7.33,7.4,7.16,7.21,712150,517116045.71
2024-06-16,000425.SZ,7.23,7.33,7.15,7.23,582857,422419910.22
2024-06-17,000425.SZ,7.23,7.45,6.98,7.37,972273,703361533.79
2024-06-18,000425.SZ,7.35,7.39,7.26,7.32,385634,282799232.58
2024-06-19,000425.SZ,7.3,7.45,7.19,7.24,406593,296015054.67
2024-06-20,000425.SZ,7.2,7.47,7.2,7.37,826769,611011599.35
2024-06-23,000425.SZ,7.37,7.45,7.29,7.32,573397,421753203
2024-06-24,000425.SZ,7.29,7.63,7.29,7.45,1211760,910208805.39
2024-06-25,000425.SZ,7.45,7.49,7.27,7.46,677663,501489498.18
2024-06-26,000425.SZ,7.45,7.45,7,7.04,1358073,970709201.46
2024-06-27,000425.SZ,7,7.2,6.97,7.15,831052,592485229.31
2024-06-30,000425.SZ,7.07,7.2,7.05,7.17,593491,423572754.02
2024-07-01,000425.SZ,7.16,7.16,6.5,6.8,2097414,1417188047.94
2024-07-02,000425.SZ,6.62,6.68,6.49,6.52,913069,597645840.43
2024-07-03,000425.SZ,6.53,6.72,6.5,6.62,850375,565455661.73
2024-07-04,000425.SZ,6.62,6.65,6.49,6.63,621660,408502302
2024-07-07,000425.SZ,6.65,6.75,6.55,6.57,629555,417701648.79
2024-07-08,000425.SZ,6.57,6.61,6.45,6.56,801274,522916405.83
2024-07-09,000425.SZ,6.56,6.76,6.48,6.67,845438,561141288.82
2024-07-10,000425.SZ,6.71,6.93,6.62,6.85,946141,643171451.92
2024-07-11,000425.SZ,6.81,6.88,6.67,6.72,676173,456457740.22
2024-07-14,000425.SZ,6.69,6.79,6.53,6.65,617201,410799362.01
2024-07-15,000425.SZ,6.6,6.66,6.34,6.4,1099275,704002208.04
2024-07-16,000425.SZ,6.39,6.4,6.26,6.32,710622,449364874.19
2024-07-17,000425.SZ,6.27,6.49,6.25,6.42,628569,401102208.45
2024-07-18,000425.SZ,6.4,6.61,6.38,6.55,782175,511686683.91
2024-07-21,000425.SZ,6.5,6.64,6.48,6.6,561136,369189009.16
2024-07-22,000425.SZ,6.6,6.69,6.49,6.5,515911,340626006.35
2024-07-23,000425.SZ,6.51,6.65,6.45,6.52,654701,428996758.99
2024-07-24,000425.SZ,6.52,6.6,6.43,6.55,563233,367394656.29
2024-07-25,000425.SZ,6.56,6.67,6.39,6.53,778499,508177583.57
2024-07-28,000425.SZ,6.52,6.53,6.18,6.23,1171263,736236014.06
2024-07-29,000425.SZ,6.23,6.35,6.15,6.33,728501,458019270.04
2024-07-30,000425.SZ,6.29,6.57,6.23,6.55,934091,602960784.62
2024-07-31,000425.SZ,6.65,6.66,6.38,6.41,693555,450041148.3
2024-08-01,000425.SZ,6.32,6.41,6.3,6.37,582771,370399139.66
2024-08-04,000425.SZ,6.32,6.47,6.21,6.35,614754,391709775.97
2024-08-05,000425.SZ,6.35,6.49,6.35,6.48,579176,373288753.57
2024-08-06,000425.SZ,6.45,6.68,6.45,6.57,773389,511630982.24
2024-08-07,000425.SZ,6.55,6.64,6.48,6.58,450487,295718141
2024-08-08,000425.SZ,6.58,6.72,6.51,6.52,423876,280336420.61
2024-08-11,000425.SZ,6.5,6.61,6.46,6.51,303248,198090566.38
2024-08-12,000425.SZ,6.51,6.57,6.41,6.48,299158,193381186
2024-08-13,000425.SZ,6.48,6.48,6.36,6.37,284218,182064087.5
2024-08-14,000425.SZ,6.43,6.58,6.36,6.52,461389,299983503
2024-08-15,000425.SZ,6.56,6.62,6.49,6.55,396440,260088721
2024-08-18,000425.SZ,6.54,6.77,6.53,6.7,713514,478270413.2
2024-08-19,000425.SZ,6.71,6.72,6.58,6.65,504982,335313821.11
2024-08-20,000425.SZ,6.62,6.72,6.5,6.53,440010,289043407.81
2024-08-21,000425.SZ,6.54,6.55,6.41,6.52,483234,313317089.5
2024-08-22,000425.SZ,6.51,6.68,6.48,6.66,554700,367296364.98
2024-08-25,000425.SZ,6.67,6.8,6.55,6.75,626238,420458706.03
2024-08-26,000425.SZ,6.73,6.77,6.6,6.69,469766,312804463.52
2024-08-27,000425.SZ,6.66,6.76,6.56,6.68,480123,319577680.84
2024-08-28,000425.SZ,6.61,6.61,6.16,6.29,2017449,1275799562.83
2024-08-29,000425.SZ,6.21,6.51,6.06,6.36,1819875,1159308891.14
2024-09-01,000425.SZ,6.36,6.49,6.24,6.37,819148,523568943.44
2024-09-02,000425.SZ,6.35,6.37,6.26,6.32,645663,407490386.69
2024-09-03,000425.SZ,6.31,6.32,6.16,6.3,568486,355429200.76
2024-09-04,000425.SZ,6.29,6.36,6.2,6.29,472675,296036576.68
2024-09-05,000425.SZ,6.26,6.3,6.18,6.2,426072,265217717.5
2024-09-08,000425.SZ,6.16,6.19,5.95,6,866376,521681701.06
2024-09-09,000425.SZ,6.02,6.15,6,6.07,591361,359009159.68
2024-09-10,000425.SZ,6.05,6.2,5.98,6.15,628998,384399288.72
2024-09-11,000425.SZ,6.15,6.27,6.1,6.11,459449,283476678.1
2024-09-12,000425.SZ,6.12,6.16,6.05,6.07,419154,255522241.29
2024-09-17,000425.SZ,6.09,6.27,6.02,6.25,674217,417777525.8
2024-09-18,000425.SZ,6.27,6.58,6.2,6.55,1327418,858938589.46
2024-09-19,000425.SZ,6.55,6.57,6.42,6.55,795756,518489895.92
2024-09-22,000425.SZ,6.5,6.67,6.5,6.6,600380,396733164.75
2024-09-23,000425.SZ,6.64,6.95,6.58,6.9,1280443,868012067.74
2024-09-24,000425.SZ,6.95,7.18,6.84,6.91,1069087,745903684.11
2024-09-25,000425.SZ,6.9,7.26,6.85,7.25,1431541,1011940357.41
2024-09-26,000425.SZ,7.38,7.52,7.26,7.41,1212736,895054939.7
2024-09-29,000425.SZ,7.56,7.9,7.34,7.77,2253332,1722576320.22
2024-10-07,000425.SZ,8.49,8.54,7.61,7.85,3048652,2425018426.24
2024-10-08,000425.SZ,7.69,7.95,7.41,7.57,2075746,1606527810.03
2024-10-09,000425.SZ,7.57,8.05,7.55,7.77,1585955,1240725793.32
2024-10-10,000425.SZ,7.6,7.71,7.4,7.47,888727,667558306.32
2024-10-13,000425.SZ,7.47,7.95,7.47,7.92,1816584,1422065666.56
2024-10-14,000425.SZ,7.92,7.93,7.64,7.64,988478,766152484.56
2024-10-15,000425.SZ,7.59,7.87,7.56,7.67,1260919,972729563.83
2024-10-16,000425.SZ,7.77,7.95,7.63,7.65,1247346,975778281.5
2024-10-17,000425.SZ,7.52,7.95,7.51,7.84,1161376,901105458.46
2024-10-20,000425.SZ,7.84,7.89,7.54,7.64,1509977,1153405622.78
2024-10-21,000425.SZ,7.65,7.84,7.55,7.77,1006102,779312311.02
2024-10-22,000425.SZ,7.77,7.82,7.54,7.63,1364696,1044216358.72
2024-10-23,000425.SZ,7.59,7.69,7.53,7.64,574578,438579546.87
2024-10-24,000425.SZ,7.66,7.68,7.55,7.63,608588,463712962.85
2024-10-27,000425.SZ,7.6,7.76,7.51,7.65,655842,502589110.37
2024-10-28,000425.SZ,7.68,7.69,7.51,7.54,669750,508641814.2
2024-10-29,000425.SZ,7.54,7.73,7.45,7.52,703437,531350963.86
2024-10-30,000425.SZ,7.58,7.89,7.53,7.77,1578054,1228530539.7
2024-10-31,000425.SZ,7.78,8.29,7.76,8.16,2061856,1675942577.88
2024-11-03,000425.SZ,8.18,8.28,8.08,8.2,1062917,867708314.6
2024-11-04,000425.SZ,8.2,8.36,8.03,8.31,1370830,1126379208.13
2024-11-05,000425.SZ,8.3,8.4,8,8.13,1256385,1022015275.06
2024-11-06,000425.SZ,8.04,8.46,8.01,8.43,1315338,1093832115.32
2024-11-07,000425.SZ,8.45,8.5,8.15,8.19,981505,813979977.49
2024-11-10,000425.SZ,8.23,8.37,8.07,8.22,841446,690820866.52
2024-11-11,000425.SZ,8.2,8.31,8.03,8.07,770834,629181828.4
2024-11-12,000425.SZ,8.05,8.16,8.02,8.06,560843,452384142.48
2024-11-13,000425.SZ,8.05,8.1,7.93,7.95,671655,537777514.43
2024-11-14,000425.SZ,7.92,7.97,7.71,7.72,838888,654888223.33
2024-11-17,000425.SZ,7.72,7.87,7.64,7.67,712626,552712243.78
2024-11-18,000425.SZ,7.67,7.8,7.67,7.79,489210,378455606.28
2024-11-19,000425.SZ,7.79,7.98,7.7,7.75,721297,563431807.37
2024-11-20,000425.SZ,7.75,7.78,7.65,7.69,458793,353723201.72
2024-11-21,000425.SZ,7.7,7.81,7.56,7.57,694127,531872948.3
2024-11-24,000425.SZ,7.6,7.98,7.58,7.75,1321871,1032226058.16
2024-11-25,000425.SZ,7.78,7.91,7.66,7.75,901510,700763723.83
2024-11-26,000425.SZ,7.75,8.1,7.71,8.03,1249837,993745569.7
2024-11-27,000425.SZ,8.02,8.35,7.95,8.15,1278316,1049844162.42
2024-11-28,000425.SZ,8.07,8.2,8.04,8.09,683399,554171634.39
2024-12-01,000425.SZ,8.12,8.4,8.1,8.24,1079959,894294069.44
2024-12-02,000425.SZ,8.28,8.29,8.02,8.15,840842,683460630.92
2024-12-03,000425.SZ,8.1,8.16,7.99,8.04,695203,560890138.96
2024-12-04,000425.SZ,8,8.05,7.85,8.02,676484,537118978.83
2024-12-05,000425.SZ,8.04,8.07,7.94,7.98,591545,473138485.97
2024-12-08,000425.SZ,7.96,8.14,7.92,8.07,976717,784160791.76
2024-12-09,000425.SZ,8.3,8.4,8.05,8.07,987348,802716217.45
2024-12-10,000425.SZ,8.07,8.3,8.03,8.16,1109708,909928888.72
2024-12-11,000425.SZ,8.18,8.21,8.03,8.2,666717,542981016.67
2024-12-12,000425.SZ,8.15,8.3,8.12,8.18,1356963,1114195320
2024-12-15,000425.SZ,8.16,8.3,7.88,7.94,1151916,923184105.31
2024-12-16,000425.SZ,7.91,8.15,7.88,8.05,891292,718741755.63
2024-12-17,000425.SZ,8.05,8.09,7.84,7.88,743567,589566951.81
2024-12-18,000425.SZ,7.82,7.96,7.71,7.91,714961,565142061.76
2024-12-19,000425.SZ,7.87,7.93,7.38,7.44,2248223,1687373310.66
2024-12-22,000425.SZ,7.43,7.81,7.42,7.57,1398298,1070624043.48
2024-12-23,000425.SZ,7.55,7.73,7.54,7.71,786966,600588822.66
2024-12-24,000425.SZ,7.69,7.74,7.63,7.7,465789,358357925.49
2024-12-25,000425.SZ,7.69,7.73,7.56,7.69,593430,454906518.21
2024-12-26,000425.SZ,7.69,7.74,7.59,7.67,498710,382416875.57
2024-12-29,000425.SZ,7.65,7.87,7.63,7.79,749415,583265756.21
2024-12-30,000425.SZ,7.76,8.04,7.76,7.93,1023764,812027565.64
2025-01-01,000425.SZ,7.91,7.98,7.64,7.7,1069615,837959888.19
2025-01-02,000425.SZ,7.7,7.9,7.67,7.69,729755,566649208.82
2025-01-05,000425.SZ,7.7,7.72,7.45,7.58,858081,648309334.14
2025-01-06,000425.SZ,7.56,7.61,7.38,7.45,761626,566795501.96
2025-01-07,000425.SZ,7.42,7.48,7.13,7.43,1063672,775496004.36
2025-01-08,000425.SZ,7.4,7.45,7.17,7.3,810866,589178959.53
2025-01-09,000425.SZ,7.3,7.45,7.27,7.3,618694,455535032.87
2025-01-12,000425.SZ,7.25,7.42,7.18,7.24,557759,405012360.39
2025-01-13,000425.SZ,7.26,7.6,7.21,7.57,761083,570082464.62
2025-01-14,000425.SZ,7.59,7.59,7.42,7.45,419340,314244352.88
2025-01-15,000425.SZ,7.52,7.69,7.46,7.58,452118,342528674.38
2025-01-16,000425.SZ,7.55,7.73,7.5,7.67,464328,354659331.98
2025-01-19,000425.SZ,7.69,7.87,7.68,7.71,466794,363103961.07
2025-01-20,000425.SZ,7.73,7.77,7.59,7.74,351927,271009041.26
2025-01-21,000425.SZ,7.69,7.73,7.63,7.68,338207,259678837.23
2025-01-22,000425.SZ,7.73,7.79,7.58,7.67,599862,459609113.11
2025-01-23,000425.SZ,7.65,7.74,7.56,7.6,554909,424549508.2
2025-01-26,000425.SZ,7.63,7.7,7.56,7.64,572666,437462443.06
2025-02-04,000425.SZ,7.65,7.69,7.4,7.43,584868,435405079.56
2025-02-05,000425.SZ,7.42,7.44,7.29,7.37,653606,480275572.86
2025-02-06,000425.SZ,7.35,7.68,7.28,7.68,1188825,890651661.7
2025-02-09,000425.SZ,7.65,7.95,7.63,7.86,866771,679515369.25
2025-02-10,000425.SZ,7.85,7.91,7.78,7.87,470503,368990829.47
2025-02-11,000425.SZ,7.86,8.1,7.85,7.91,714058,569311959.22
2025-02-12,000425.SZ,7.95,8.07,7.87,7.87,506715,403563260.35
2025-02-13,000425.SZ,7.89,8.03,7.77,8,826736,652800797.05
2025-02-16,000425.SZ,8.05,8.22,7.95,8.15,1390150,1123678532.53
2025-02-17,000425.SZ,8.16,8.27,7.97,8.2,1216090,990651035.35
2025-02-18,000425.SZ,8.13,8.56,8.13,8.53,1683022,1420547362.82
2025-02-19,000425.SZ,8.5,8.52,8.34,8.39,595877,500886917.46
2025-02-20,000425.SZ,8.31,8.42,8.21,8.42,856981,712916712.08
2025-02-23,000425.SZ,8.46,8.69,8.4,8.63,1147150,982333382.48
2025-02-24,000425.SZ,8.61,8.88,8.52,8.79,1297913,1137797318.89
2025-02-25,000425.SZ,8.79,9.03,8.7,8.72,1033250,913833551.95
2025-02-26,000425.SZ,8.71,8.94,8.71,8.89,999557,882978397.21
2025-02-27,000425.SZ,8.81,9.02,8.76,8.81,1595625,1417627022.55
2025-03-02,000425.SZ,8.8,9.18,8.8,8.83,1491078,1343076360.9
2025-03-03,000425.SZ,8.78,8.87,8.7,8.85,812117,715500036.56
2025-03-04,000425.SZ,9.1,9.57,9.1,9.21,1920403,1782250606.1
2025-03-05,000425.SZ,9.21,9.33,9.07,9.26,1135771,1044678752.78
2025-03-06,000425.SZ,9.25,9.58,9.22,9.5,1393964,1320982134.83
2025-03-09,000425.SZ,9.51,9.65,9.44,9.54,1358153,1295706928.38
2025-03-10,000425.SZ,9.47,9.65,9.37,9.54,1044816,989979510.24
2025-03-11,000425.SZ,9.5,9.51,9.3,9.39,730249,685534688.92
2025-03-12,000425.SZ,9.39,9.4,9.13,9.2,909712,839446505.61
2025-03-13,000425.SZ,9.2,9.29,9.13,9.24,690292,635953531.83
2025-03-16,000425.SZ,9.25,9.27,8.94,8.98,1083390,980435988.13
2025-03-17,000425.SZ,9.01,9.05,8.89,8.93,800137,717136495.59
2025-03-18,000425.SZ,8.94,9.12,8.91,8.94,746824,672013886.89
2025-03-19,000425.SZ,8.98,9.13,8.86,9,824636,743362699.28
2025-03-20,000425.SZ,8.95,9.07,8.87,8.92,410568,366939524.5
2025-03-23,000425.SZ,8.88,8.99,8.82,8.9,508254,451422942.99
2025-03-24,000425.SZ,8.87,9.01,8.7,8.78,706467,621161944.76
2025-03-25,000425.SZ,8.74,8.81,8.52,8.67,707268,611666395.4
2025-03-26,000425.SZ,8.64,8.72,8.59,8.64,320728,278083113.45
2025-03-27,000425.SZ,8.64,8.69,8.55,8.6,354898,305305734.61
2025-03-30,000425.SZ,8.6,8.75,8.52,8.62,689835,594873178.92
2025-03-31,000425.SZ,8.65,8.78,8.56,8.74,571004,497117541
2025-04-01,000425.SZ,8.72,8.93,8.72,8.79,505101,445953593.58
2025-04-02,000425.SZ,8.69,8.72,8.51,8.63,406898,351804106.25
2025-04-06,000425.SZ,8.09,8.22,7.77,7.8,1518291,1198680544.96
2025-04-07,000425.SZ,7.81,8.25,7.81,8.1,1555648,1244584501.94
2025-04-08,000425.SZ,8.06,8.53,7.98,8.47,1414659,1176350385.48
2025-04-09,000425.SZ,8.52,8.67,8.34,8.59,985399,842665547.78
2025-04-10,000425.SZ,8.5,8.8,8.41,8.76,688121,595440470.35
2025-04-13,000425.SZ,8.88,8.88,8.62,8.69,789338,687353945.56
2025-04-14,000425.SZ,8.68,8.86,8.56,8.8,582879,510127148.27
2025-04-15,000425.SZ,8.73,8.82,8.53,8.76,761500,657761732.03
2025-04-16,000425.SZ,8.69,8.8,8.65,8.67,489921,427160433.32
2025-04-17,000425.SZ,8.67,8.92,8.67,8.9,663703,585150147.9
2025-04-20,000425.SZ,8.91,9.03,8.77,8.94,590972,526471326.96
2025-04-21,000425.SZ,8.92,8.98,8.77,8.89,433798,385300737.57
2025-04-22,000425.SZ,8.94,9.17,8.89,9.1,647822,586286621.08
2025-04-23,000425.SZ,9.07,9.07,8.89,9.01,598436,536608036.9
2025-04-24,000425.SZ,8.99,9.04,8.78,9.02,684959,610036165.53
2025-04-27,000425.SZ,8.99,9.06,8.87,8.96,509655,456345250.01
2025-04-28,000425.SZ,8.95,9.06,8.91,8.99,533885,478975045.94
2025-04-29,000425.SZ,8.98,9.05,8.79,8.81,718027,636082271
2025-05-05,000425.SZ,8.85,9.08,8.75,9.07,757487,680296922.25
2025-05-06,000425.SZ,9.11,9.18,8.98,9.06,594136,538034232.66
2025-05-07,000425.SZ,9.06,9.08,8.71,8.89,990990,880484685.47
2025-05-08,000425.SZ,8.83,8.99,8.82,8.91,634640,566257941.16
2025-05-11,000425.SZ,8.95,9.08,8.83,9.02,698206,627234724.57
2025-05-12,000425.SZ,9.09,9.14,9,9.08,540936,490498715.93
2025-05-13,000425.SZ,9.07,9.09,8.67,8.73,1259252,1105097642.18
2025-05-14,000425.SZ,8.72,8.72,8.25,8.46,1632788,1377710913.6
2025-05-15,000425.SZ,8.41,8.55,8.37,8.47,613240,519905047.78
2025-05-18,000425.SZ,8.47,8.59,8.44,8.54,541264,462475220
2025-05-19,000425.SZ,8.54,8.56,8.41,8.45,525902,444622161.99
2025-05-20,000425.SZ,8.44,8.54,8.42,8.45,374583,317251171.26
2025-05-21,000425.SZ,8.44,8.48,8.39,8.47,327878,277003877
2025-05-22,000425.SZ,8.44,8.47,8.31,8.31,483289,405469398.09
2025-05-25,000425.SZ,8.25,8.41,8.25,8.33,648943,540788775.54
2025-05-26,000425.SZ,8.32,8.34,8.04,8.08,928817,756644295.16
2025-05-27,000425.SZ,8.1,8.17,8.08,8.14,452427,368019020.22
2025-05-28,000425.SZ,8.16,8.46,8.14,8.27,988557,823509915.8
2025-05-29,000425.SZ,8.35,8.4,8.22,8.24,393009,325617498.78
2025-06-02,000425.SZ,8.21,8.24,7.97,8.05,1055959,850493475.44
2025-06-03,000425.SZ,8.05,8.07,7.94,7.97,706418,563789076.51
2025-06-04,000425.SZ,7.98,8.02,7.89,7.94,473752,376397271.48
2025-06-05,000425.SZ,7.95,8.08,7.9,8.02,585051,468388823.21
2025-06-08,000425.SZ,8.02,8.02,7.92,8,687292,547590897.03
2025-06-09,000425.SZ,7.99,8.1,7.86,7.91,800314,638289114.81
2025-06-10,000425.SZ,7.91,7.94,7.78,7.9,519143,410261459.07
2025-06-11,000425.SZ,7.9,8.03,7.85,7.93,611105,485618238.92
2025-06-12,000425.SZ,7.92,8.07,7.87,7.98,773982,616661173.08
2025-06-15,000425.SZ,7.89,7.92,7.76,7.78,1077885,840496770.56
2025-06-16,000425.SZ,7.8,7.94,7.77,7.85,756851,596083828.53
2025-06-17,000425.SZ,7.87,7.99,7.84,7.91,731050,579990665.14
2025-06-18,000425.SZ,7.93,7.94,7.66,7.74,894709,694066810.8
2025-06-19,000425.SZ,7.68,7.77,7.65,7.68,447754,345031523.39
2025-06-22,000425.SZ,7.63,7.71,7.57,7.66,602143,459660961.29
2025-06-23,000425.SZ,7.67,7.81,7.67,7.75,590193,458041580.52
2025-06-24,000425.SZ,7.76,7.84,7.74,7.84,509462,396983178.75
2025-06-25,000425.SZ,7.85,7.88,7.79,7.79,432522,338451475.76
2025-06-26,000425.SZ,7.79,7.86,7.76,7.82,446188,349189095.83
2025-06-29,000425.SZ,7.83,7.86,7.73,7.77,698653,543145556.2
2025-06-30,000425.SZ,7.77,7.85,7.75,7.82,638448,498726077.29
2025-07-01,000425.SZ,7.85,8.2,7.82,8.1,1297457,1046735558.58
2025-07-02,000425.SZ,8.1,8.11,7.98,8.03,606214,486423211.27
2025-07-03,000425.SZ,8.03,8.16,7.98,8.07,488215,394556805.05
2025-07-06,000425.SZ,8.08,8.28,8.01,8.22,913616,746094109.45
2025-07-07,000425.SZ,8.22,8.49,8.21,8.43,1287886,1078260555.8
2025-07-08,000425.SZ,8.3,8.31,8.19,8.24,602924,496791636.79
2025-07-09,000425.SZ,8.21,8.32,8.2,8.28,539766,445673816.8
2025-07-10,000425.SZ,8.28,8.31,8.24,8.28,495592,410232336.8
2025-07-13,000425.SZ,8.27,8.3,8.15,8.21,440994,362957387.99
2025-07-14,000425.SZ,8.21,8.26,8.05,8.12,677087,549777937.56
2025-07-15,000425.SZ,8.14,8.19,7.96,8.16,662389,534724022.2
2025-07-16,000425.SZ,8.13,8.35,8.12,8.3,958110,794463776.58
2025-07-17,000425.SZ,8.3,8.34,8.21,8.3,413092,341936767.6
2025-07-20,000425.SZ,8.61,8.85,8.38,8.74,1860204,1606718528.93
2025-07-21,000425.SZ,8.74,9.33,8.65,9.15,2626878,2331451452.47
2025-07-22,000425.SZ,9.6,9.6,8.69,8.71,3320353,3023562526.15
2025-07-23,000425.SZ,8.71,8.93,8.58,8.77,1672035,1462362602.65
2025-07-24,000425.SZ,8.72,8.74,8.48,8.53,1262269,1079835882.13
2025-07-27,000425.SZ,8.54,8.6,8.43,8.6,956514,814333604.2
2025-07-28,000425.SZ,8.55,8.7,8.46,8.58,846310,726828045.91
2025-07-29,000425.SZ,8.52,8.73,8.51,8.6,924627,799709424.21
2025-07-30,000425.SZ,8.56,8.6,8.34,8.38,874725,738255513.49
2025-07-31,000425.SZ,8.37,8.42,8.26,8.32,681626,566959344.79
2025-08-03,000425.SZ,8.28,8.4,8.23,8.33,542089,451715210.47
2025-08-04,000425.SZ,8.34,8.36,8.28,8.31,674131,560087684.76
2025-08-05,000425.SZ,8.32,8.53,8.29,8.44,992010,835332262.39
2025-08-06,000425.SZ,8.44,8.79,8.32,8.64,1446521,1238045392.21
2025-08-07,000425.SZ,8.7,9.09,8.64,9,2306966,2067804817.31
2025-08-10,000425.SZ,8.96,9.02,8.82,8.84,987857,876666243.4
2025-08-11,000425.SZ,8.83,8.87,8.73,8.79,648509,569621794.33
2025-08-12,000425.SZ,8.8,8.95,8.78,8.89,880520,781355059.65
2025-08-13,000425.SZ,8.85,8.97,8.7,8.71,784097,692620024.26
2025-08-14,000425.SZ,8.68,8.84,8.64,8.78,740114,648238841.57
2025-08-17,000425.SZ,8.77,8.78,8.47,8.67,1668718,1432057685.9
2025-08-18,000425.SZ,8.65,8.66,8.5,8.54,782404,668701887.86
2025-08-19,000425.SZ,8.51,8.67,8.45,8.67,835758,717826781.56
2025-08-20,000425.SZ,8.73,8.96,8.68,8.92,1350661,1195406400.74
2025-08-21,000425.SZ,8.92,9.02,8.88,8.94,802229,716148213.44
2025-08-24,000425.SZ,8.94,9.13,8.9,9.08,982174,884937703.52
2025-08-25,000425.SZ,9.05,9.25,8.93,9.24,946433,864916623
2025-08-26,000425.SZ,9.21,9.4,9.12,9.19,934286,863731277.05
2025-08-27,000425.SZ,9.16,9.61,9.13,9.6,1580454,1495113308
2025-08-28,000425.SZ,9.6,9.72,9.43,9.56,1259185,1203535374.64
2025-08-31,000425.SZ,9.55,9.95,9.49,9.89,1255993,1228627358.09
2025-09-01,000425.SZ,9.89,9.92,9.57,9.66,865927,837046910.62
2025-09-02,000425.SZ,10.11,10.36,9.86,9.98,1711834,1717857399.63
2025-09-03,000425.SZ,10.02,10.08,9.74,9.88,1157741,1148607773.69
2025-09-04,000425.SZ,9.85,10.12,9.75,9.86,933362,927608814.7
2025-09-07,000425.SZ,9.86,9.98,9.83,9.94,837181,829166835.81
2025-09-08,000425.SZ,9.89,10.25,9.87,10.08,1100811,1113647048.67
2025-09-09,000425.SZ,10.05,10.07,9.82,9.87,689197,682667793.5
2025-09-10,000425.SZ,9.86,9.93,9.7,9.86,875440,857674685.84
2025-09-11,000425.SZ,9.86,9.92,9.67,9.7,715146,698346469.49
2025-09-14,000425.SZ,9.68,9.85,9.61,9.76,769250,748039216.94
2025-09-15,000425.SZ,9.76,9.95,9.65,9.77,532902,519451614.82
2025-09-16,000425.SZ,9.74,10.12,9.74,10.03,982852,977556374.33
2025-09-17,000425.SZ,9.97,10.05,9.81,9.93,737903,733924142.94
2025-09-18,000425.SZ,9.86,10.58,9.83,10.52,1631889,1690306730.19
2025-09-21,000425.SZ,10.57,10.62,10.26,10.32,812335,841801976.64
2025-09-22,000425.SZ,10.27,10.38,10.05,10.34,918473,936870530.82
2025-09-23,000425.SZ,10.28,10.54,10.21,10.54,781479,811967230.27
2025-09-24,000425.SZ,10.53,10.64,10,10.36,1083581,1111648601.69
2025-09-25,000425.SZ,10.18,10.74,10.18,10.5,1473638,1552165071.77
2025-09-28,000425.SZ,10.47,11.15,10.35,11,1457080,1584012444.25
2025-09-29,000425.SZ,11.01,11.63,10.91,11.5,1398334,1583301546.89
2025-10-08,000425.SZ,11.45,11.49,10.92,11.37,1410041,1581165644.63
2025-10-09,000425.SZ,11.3,11.46,11.1,11.19,839935,947888815.09
2025-10-12,000425.SZ,10.7,11.4,10.61,11.37,1134112,1259901215.44
2025-10-13,000425.SZ,11.58,12.1,11.29,11.39,1425405,1655886489.48
2025-10-14,000425.SZ,11.38,11.9,11.32,11.69,1345153,1567765903.78
2025-10-15,000425.SZ,11.65,11.95,11.6,11.75,1016983,1201275981.21
2025-10-16,000425.SZ,11.61,11.73,11.03,11.15,1097201,1238121726.67
2025-10-19,000425.SZ,11.25,11.41,10.9,11,975659,1080178914.64
2025-10-20,000425.SZ,11.01,11.19,11.01,11.18,777851,864540472.72
2025-10-21,000425.SZ,11.25,11.54,11.17,11.29,742141,839545788.13
2025-10-22,000425.SZ,11.18,11.24,10.97,11.2,691940,770206832.14
2025-10-23,000425.SZ,11.17,11.46,11.15,11.37,610009,692426054.27
2025-10-26,000425.SZ,11.42,11.79,10.58,10.66,3515807,3852020350.61
2025-10-27,000425.SZ,10.51,10.55,10.2,10.23,2746240,2835276024.55
2025-10-28,000425.SZ,10.23,10.4,10.18,10.35,955233,984862289.22
2025-10-29,000425.SZ,10.4,10.72,10.38,10.5,1210845,1277735729.91
2025-10-30,000425.SZ,10.5,10.82,10.32,10.64,1654471,1766919155.56
2025-11-02,000425.SZ,10.62,10.75,10.48,10.63,806005,855670761.58
2025-11-03,000425.SZ,10.6,11.03,10.55,10.75,1164955,1259495255.2
2025-11-04,000425.SZ,10.67,10.88,10.5,10.79,659794,710062003.19
2025-11-05,000425.SZ,10.81,10.91,10.73,10.84,618935,670332368.58
2025-11-06,000425.SZ,10.82,10.89,10.65,10.73,567687,610399644.41
2025-11-09,000425.SZ,10.69,10.73,10.36,10.45,783628,820875512.24
2025-11-10,000425.SZ,10.43,10.47,10.3,10.39,523502,544330631.78
2025-11-11,000425.SZ,10.37,10.58,10.29,10.38,465794,486413463.19
2025-11-12,000425.SZ,10.38,10.46,10.27,10.32,493612,509785814.63
2025-11-13,000425.SZ,10.27,10.33,10.12,10.14,572681,584408960.78
2025-11-16,000425.SZ,10.13,10.2,9.95,9.98,660444,663309513.47
2025-11-17,000425.SZ,10.06,10.2,9.97,10.11,569105,575551032.1
2025-11-18,000425.SZ,10.1,10.23,10.06,10.15,664392,674383556.04
2025-11-19,000425.SZ,10.17,10.38,10.14,10.28,597632,615790528.06
2025-11-20,000425.SZ,10.21,10.38,10.09,10.12,557773,568971043.88
2025-11-23,000425.SZ,10.15,10.35,10.06,10.13,612301,621080918.78
2025-11-24,000425.SZ,10.13,10.4,10.08,10.3,610329,624616694.07
2025-11-25,000425.SZ,10.3,10.7,10.28,10.53,1018970,1078532737.37
2025-11-26,000425.SZ,10.55,10.66,10.24,10.26,842852,876424897.18
2025-11-27,000425.SZ,10.27,10.38,10.17,10.32,484553,496695372.96
2025-11-30,000425.SZ,10.3,10.35,9.92,10.17,1205910,1211495184.22
2025-12-01,000425.SZ,10.15,10.55,10.1,10.52,1096934,1140652468.57
2025-12-02,000425.SZ,10.57,10.7,10.46,10.5,661558,699597032.78
2025-12-03,000425.SZ,10.54,10.78,10.47,10.73,619458,661800574.62
2025-12-04,000425.SZ,10.69,11.14,10.68,11.08,963118,1062113682.18
2025-12-07,000425.SZ,11.08,11.12,10.9,10.99,661648,725790856.11
2025-12-08,000425.SZ,10.94,11.12,10.85,10.89,443896,486999990.72
2025-12-09,000425.SZ,10.88,11.29,10.86,11.24,782028,873374478.04
2025-12-10,000425.SZ,11.24,11.44,11.15,11.15,593547,670164808.11
2025-12-11,000425.SZ,11.14,11.4,11.12,11.31,1056741,1195445559.39
2025-12-14,000425.SZ,11.25,11.38,11.2,11.25,483921,545815747.8
2025-12-15,000425.SZ,11.2,11.25,10.9,10.99,688988,757588433.85
2025-12-16,000425.SZ,11,11.17,10.93,11.09,478946,529286841.99
2025-12-17,000425.SZ,11.05,11.15,10.87,11,410934,451850424.11
2025-12-18,000425.SZ,11.03,11.31,11.01,11.22,610171,685311757.56
2025-12-21,000425.SZ,11.24,11.26,10.89,10.92,781864,857341730.21
2025-12-22,000425.SZ,10.92,10.92,10.67,10.85,838633,902923949.16
2025-12-23,000425.SZ,10.76,10.87,10.55,10.84,687765,738246442.5
2025-12-24,000425.SZ,10.8,10.86,10.65,10.69,458534,491070094
2025-12-25,000425.SZ,10.7,11.29,10.7,11.24,895788,999119289.79
2025-12-28,000425.SZ,11.23,11.44,11.18,11.26,579505,654544572.84
2025-12-29,000425.SZ,11.17,11.59,11.15,11.33,796405,907575326.5
2025-12-30,000425.SZ,11.33,11.64,11.22,11.58,732049,839625488.67
2026-01-04,000425.SZ,11.57,11.65,11.28,11.54,827905,951667544.43
2026-01-05,000425.SZ,11.52,11.93,11.35,11.76,774855,904600261.75
2026-01-06,000425.SZ,11.75,11.75,11.55,11.73,622522,725535705.05
2026-01-07,000425.SZ,11.68,11.71,11.32,11.38,784223,897361097.62
2026-01-08,000425.SZ,11.79,11.98,11.56,11.8,947350,1115501673.39
2026-01-11,000425.SZ,11.82,11.87,11.64,11.68,832093,977402714.92
2026-01-12,000425.SZ,11.67,11.79,11.31,11.33,1163485,1336599539.85
2026-01-13,000425.SZ,11.4,11.4,10.93,11.06,1320091,1471548654.91
2026-01-14,000425.SZ,11.01,11.26,11.01,11.12,721728,806090826.62
2026-01-15,000425.SZ,11.2,11.36,10.97,11.06,975115,1089834931.04
2026-01-18,000425.SZ,10.97,11.19,10.96,11.04,739681,817450718.61
2026-01-19,000425.SZ,11.03,11.35,10.97,11.22,845469,944165055.89
2026-01-20,000425.SZ,11.2,11.21,10.7,11.03,1466609,1605398965.05
2026-01-21,000425.SZ,11.03,11.07,10.84,10.86,896459,978834723.3
2026-01-22,000425.SZ,10.93,11.48,10.86,10.91,2258068,2512072141.76
2026-01-25,000425.SZ,10.96,11.28,10.9,10.95,1694342,1873178669.82
2026-01-26,000425.SZ,10.96,11.25,10.83,10.85,1408249,1552821878.99
2026-01-27,000425.SZ,10.85,10.9,10.56,10.7,1859479,1998391548.97
2026-01-28,000425.SZ,10.73,10.9,10.53,10.76,1345914,1439052752.51
2026-01-29,000425.SZ,10.85,10.92,10.57,10.74,946705,1018656272.01
2026-02-01,000425.SZ,10.73,10.84,10.44,10.54,1169110,1243379207.45
2026-02-02,000425.SZ,10.69,11.35,10.6,11.3,1809209,1986679482.03
2026-02-03,000425.SZ,11.42,11.73,11.31,11.66,1300196,1505157938.61
2026-02-04,000425.SZ,11.65,11.74,11.57,11.65,979614,1141841638.68
2026-02-05,000425.SZ,11.64,11.65,11.4,11.45,740091,853459718.47
2026-02-08,000425.SZ,11.66,12.15,11.65,11.86,1144133,1358170361.57
2026-02-09,000425.SZ,11.86,11.99,11.66,11.95,869592,1031322819.54
2026-02-10,000425.SZ,11.98,12.24,11.95,12.1,827754,1003288047.24
2026-02-11,000425.SZ,12.2,12.32,11.92,12.17,959996,1162570286.54
2026-02-12,000425.SZ,12.09,12.09,11.77,11.79,836412,991108389.51
2026-02-23,000425.SZ,11.9,12.83,11.85,12.66,1508485,1884363138.81
2026-02-24,000425.SZ,12.78,12.9,12.55,12.6,1085212,1377673485.75
2026-02-25,000425.SZ,12.59,12.7,12.27,12.36,1024149,1267595603.79
2026-02-26,000425.SZ,12.34,12.42,12.05,12.26,843445,1030537514.48
2026-03-01,000425.SZ,12.09,12.45,11.98,12.14,925209,1128975340.81
2026-03-02,000425.SZ,12.13,12.24,11.86,11.98,1044996,1258003493.33
2026-03-03,000425.SZ,11.86,12.1,11.75,11.99,1015885,1210595474
2026-03-04,000425.SZ,12.22,12.33,12.02,12.12,997706,1216910721.76
2026-03-05,000425.SZ,12.12,12.38,11.88,12.29,793593,968923746.64
2026-03-08,000425.SZ,12.07,12.07,11.55,11.78,1165960,1370723733.06
2026-03-09,000425.SZ,11.96,12.49,11.95,12.38,956463,1172389206.53
2026-03-10,000425.SZ,12.38,12.43,12.03,12.3,862767,1055272817.58
2026-03-11,000425.SZ,12.18,12.27,11.25,11.47,2650126,3064150813.39
2026-03-12,000425.SZ,11.41,11.64,11.29,11.31,982871,1128449324.46
2026-03-15,000425.SZ,11.31,11.35,10.93,10.98,1058037,1165945658.01
2026-03-16,000425.SZ,11.05,11.17,10.79,10.8,768114,842633106.78
2026-03-17,000425.SZ,10.84,10.86,10.4,10.75,1180084,1251351049.59
2026-03-18,000425.SZ,10.58,10.59,10.2,10.25,1070866,1107375794.73
2026-03-19,000425.SZ,10.38,10.64,10.33,10.41,1101265,1156376207.59
2026-03-22,000425.SZ,10.2,10.34,9.99,10.06,1142066,1154153102.36
2026-03-23,000425.SZ,10.21,10.4,10.19,10.33,838048,861313747.11
2026-03-24,000425.SZ,10.61,10.71,10.47,10.56,840909,891355282.95
2026-03-25,000425.SZ,10.59,10.59,10.22,10.28,563113,584715042.31
2026-03-26,000425.SZ,10.18,10.43,10.08,10.32,662194,681874962.54
2026-03-29,000425.SZ,10.15,10.15,9.78,9.93,1409634,1401277045.1
2026-03-30,000425.SZ,9.96,10.28,9.94,10.08,972991,988064346.72
2026-03-31,000425.SZ,10.31,10.55,10.25,10.52,1044157,1089181979.38
2026-04-01,000425.SZ,10.48,10.48,10.15,10.3,827345,848521371.65
2026-04-02,000425.SZ,10.3,10.38,10.16,10.2,322545,329725785.63
2026-04-06,000425.SZ,10.22,10.25,9.88,9.99,722763,723845572.5
2026-04-07,000425.SZ,10.33,10.93,10.33,10.86,1585981,1694626858.94
2026-04-08,000425.SZ,10.81,10.81,10.56,10.6,699023,744061961.66
2026-04-09,000425.SZ,10.71,10.79,10.58,10.61,791118,845029899.51
2026-04-12,000425.SZ,10.47,10.59,10.32,10.38,1022775,1065454846.2
2026-04-13,000425.SZ,10.52,10.57,10.3,10.41,795002,826365036.25
2026-04-14,000425.SZ,10.57,10.72,10.48,10.53,878679,931258048.61
2026-04-15,000425.SZ,10.5,10.65,10.06,10.2,1704270,1737285320.24
2026-04-16,000425.SZ,10.17,10.17,9.89,9.95,1434982,1430717775.15
2026-04-19,000425.SZ,9.89,9.96,9.45,9.93,2485846,2411547833.44
2026-04-20,000425.SZ,9.97,10.14,9.88,10.1,1045092,1047439401.23
2026-04-21,000425.SZ,10.05,10.06,9.87,9.97,1051588,1046742682.78
2026-04-22,000425.SZ,10,10.06,9.75,9.8,1016792,1000556178.63
2026-04-23,000425.SZ,9.73,9.84,9.68,9.76,605450,589923903.43
2026-04-26,000425.SZ,9.74,9.82,9.65,9.71,848517,825406862.88
2026-04-27,000425.SZ,9.71,10.07,9.65,10.04,1150226,1145340378.09
2026-04-28,000425.SZ,10.81,10.88,10.2,10.3,1817271,1893475065.04
2026-04-29,000425.SZ,10.3,10.5,9.86,9.95,1572727,1584417957.27
2026-05-05,000425.SZ,9.95,10.17,9.88,10.12,1256207,1260226130.88
2026-05-06,000425.SZ,10.18,10.38,10.15,10.37,1138227,1169685735.65
2026-05-07,000425.SZ,10.32,10.35,9.9,9.97,1484288,1486902510.03
2026-05-10,000425.SZ,10.47,10.97,10.41,10.97,2281661,2470390939.3
2026-05-11,000425.SZ,10.95,11.06,10.44,10.47,2536402,2698659656.38
2026-05-12,000425.SZ,10.38,10.68,10.28,10.52,1253966,1318851526.78
2026-05-13,000425.SZ,10.5,10.57,10.24,10.25,986149,1022278295.37
2026-05-14,000425.SZ,10.25,10.45,10.13,10.21,897296,924503538.85
2026-05-17,000425.SZ,10.11,10.13,9.35,9.46,2124422,2037011235.04
2026-05-18,000425.SZ,9.46,9.57,9.32,9.4,1087412,1025622989.6
2026-05-19,000425.SZ,9.33,9.54,9.1,9.48,1477118,1376777990.71
2026-05-20,000425.SZ,9.68,10.07,9.57,9.57,2009969,1976996398.96
2026-05-21,000425.SZ,9.64,9.87,9.56,9.65,932064,900077854.66
2026-05-24,000425.SZ,9.8,9.98,9.67,9.76,1054978,1037923518.34
2026-05-25,000425.SZ,9.76,9.85,9.48,9.61,1089275,1047776509.02
2026-05-26,000425.SZ,9.56,9.56,9.15,9.36,1549951,1436122327.05
2026-05-27,000425.SZ,9.28,9.34,9.1,9.22,1163827,1069109044.75
2026-05-28,000425.SZ,9.43,9.98,9.43,9.75,2696123,2650265489.62
2026-05-31,000425.SZ,9.7,9.99,9.68,9.81,1245274,1225905176.06
2026-06-01,000425.SZ,9.73,9.76,9.5,9.67,798653,767884769.84
2026-06-02,000425.SZ,9.6,9.65,9.31,9.37,1130249,1067476651.49
2026-06-03,000425.SZ,9.34,9.64,9.28,9.45,976645,925407425.18
2026-06-04,000425.SZ,9.5,9.77,9.43,9.52,1231068,1181263825.76
2026-06-07,000425.SZ,9.67,10.21,9.6,9.93,2490369,2478837321.39
2026-06-08,000425.SZ,9.92,9.99,9.61,9.96,1340902,1312625267.84
2026-06-09,000425.SZ,9.94,10.01,9.13,9.27,2183838,2045199363.91
2026-06-10,000425.SZ,9.18,9.18,8.42,8.85,3342318,2913704984.92
2026-06-11,000425.SZ,8.96,9.29,8.83,9.12,2197101,2002845185.91
2026-06-14,000425.SZ,9.32,9.52,9.15,9.27,1218035,1136428833.48
2026-06-15,000425.SZ,9.29,9.35,9.11,9.19,1004750,924582814.11
2026-06-16,000425.SZ,9.13,9.27,9.05,9.25,1145047,1046968749.71
2026-06-17,000425.SZ,9.19,9.26,8.86,8.99,1213517,1095002363.93
2026-06-21,000425.SZ,8.88,9.29,8.7,9.24,1334274,1199285436.89
2026-06-22,000425.SZ,9.2,9.25,8.66,8.7,1782668,1578704347.28
2026-06-23,000425.SZ,8.68,8.72,8.23,8.33,1857336,1558758863.99
2026-06-24,000425.SZ,8.35,8.64,8.18,8.24,1803690,1512483889.02
2026-06-25,000425.SZ,8.24,8.47,8.19,8.22,1245167,1036717369.72
2026-06-28,000425.SZ,8.14,8.56,7.91,8.46,1370355,1142171272.4
2026-06-29,000425.SZ,8.42,8.45,8.05,8.09,1439332,1172980653.74
2026-06-30,000425.SZ,8.09,8.24,7.8,8.13,1522106,1221497601.46
2026-07-01,000425.SZ,8.04,8.49,8.02,8.4,1838510,1537239731.9
2026-07-02,000425.SZ,8.33,8.53,8.31,8.42,1454011,1224059379.1
2026-07-05,000425.SZ,8.42,8.66,8.4,8.46,1030675,877363936.78
2026-07-06,000425.SZ,8.79,9.29,8.7,8.78,1976889,1760956562.33
2026-07-07,000425.SZ,8.56,8.64,8.41,8.46,1083293,920762177.85
2026-07-08,000425.SZ,8.4,8.42,8.13,8.35,958265,792881514.71
2026-07-09,000425.SZ,8.36,8.56,8.18,8.43,940216,791749929.76
2026-07-12,000425.SZ,8.35,8.35,8.03,8.12,917242,744876232.74
2026-07-13,000425.SZ,8.08,8.22,7.96,8.22,693945,563150939.1
2026-07-14,000425.SZ,8.22,8.75,8.17,8.39,1651544,1398225711.44
2026-07-15,000425.SZ,8.3,8.66,8.25,8.47,1257096,1067130619.25
2026-07-16,000425.SZ,8.45,8.54,8.26,8.31,1016671,850040258.59
2026-07-19,000425.SZ,8.36,8.75,8.21,8.69,1643708,1413079189.19
2026-07-20,000425.SZ,8.7,8.94,8.7,8.85,1264514,1114824408.24
2026-07-21,000425.SZ,8.85,8.97,8.69,8.78,958853,843035625.45
2026-07-22,000425.SZ,8.73,9.2,8.61,9.14,1253167,1120772649.79
2026-07-23,000425.SZ,9.04,9.09,8.83,8.89,804482,716745331.91
2026-07-26,000425.SZ,8.89,8.97,8.72,8.8,901608,794600549.32
2026-07-27,000425.SZ,8.72,8.93,8.66,8.76,923095,811492556.54
2026-07-28,000425.SZ,8.76,9.09,8.72,9,1479287,1320673242.51
2026-07-29,000425.SZ,8.96,9.35,8.87,9.19,1489569,1350774441.58
2026-07-30,000425.SZ,9.08,9.14,8.8,8.96,1756670,1567924158.41
2026-08-02,000425.SZ,8.94,8.97,8.67,8.74,1186613,1043211168.91
2026-08-03,000425.SZ,8.74,8.75,8.38,8.44,1783101,1507433465.14
2026-08-04,000425.SZ,8.4,8.46,8.36,8.41,1168739,982096174.61
2026-08-05,000425.SZ,8.37,8.52,8.34,8.42,896395,755572314.72
2026-08-06,000425.SZ,8.37,8.43,8.26,8.3,995681,827113524.64
2026-08-09,000425.SZ,8.28,8.5,8.25,8.35,1298589,1084883222.97
2026-08-10,000425.SZ,8.34,8.37,8.11,8.13,1246093,1025565839.6
2026-08-11,000425.SZ,8.11,8.26,8.02,8.25,1096352,895034211.33
2026-08-12,000425.SZ,8.2,8.25,8.05,8.06,1125512,915307150.55
2026-08-13,000425.SZ,8.03,8.05,7.9,7.99,1056842,842012708.11
2026-08-16,000425.SZ,8,8.02,7.82,7.96,1142412,904348350.89
2026-08-17,000425.SZ,7.94,8.06,7.86,8.04,1095888,875260788.92
2026-08-18,000425.SZ,7.99,8.11,7.92,8.06,1055255,848740013.51
2026-08-19,000425.SZ,8.06,8.2,8.04,8.11,793249,643881983.53
2026-08-20,000425.SZ,8.08,8.1,7.97,8.01,688292,552212509.25
2026-08-23,000425.SZ,8,8.04,7.92,7.94,896130,714962660.19
2026-08-24,000425.SZ,7.93,8.03,7.92,8.02,526675,421303199.11
2026-08-25,000425.SZ,8.03,8.12,7.98,8,783920,630040324.55
2026-08-26,000425.SZ,7.96,8.03,7.89,8.01,811248,645779815.39
2026-08-27,000425.SZ,7.96,7.97,7.82,7.95,1515327,1193904579.51
2026-08-30,000425.SZ,7.95,8.05,7.77,7.89,1711473,1344510435.39
2026-08-31,000425.SZ,8,8.33,8,8.24,2876797,2358572292.59
2026-09-01,000425.SZ,8.1,8.16,7.89,7.97,1535573,1227937995.78
2026-09-02,000425.SZ,8,8.05,7.93,7.93,950089,758742747.87
2026-09-03,000425.SZ,7.98,8.23,7.94,8.14,1767034,1440518584.7
2026-09-06,000425.SZ,8.19,8.41,8.09,8.31,1684260,1394171505.63
2026-09-07,000425.SZ,8.45,8.57,8.3,8.33,1384635,1165898791.23
2026-09-08,000425.SZ,8.37,8.39,8.23,8.38,771675,642588698.12
2026-09-09,000425.SZ,8.32,8.36,8.18,8.24,610768,502880658.4
2026-09-10,000425.SZ,8.15,8.18,8.02,8.06,691978,558664019.08
2026-09-13,000425.SZ,8,8.14,7.97,8.1,515697,417071056.4
2026-09-14,000425.SZ,8.07,8.11,7.78,7.81,1156172,913933450.53
2026-09-15,000425.SZ,7.78,7.82,7.21,7.58,2515574,1870764233.14
2026-09-16,000425.SZ,7.53,7.68,7.45,7.54,1080449,818798300.2
2026-09-17,000425.SZ,7.56,7.59,7.41,7.45,1185056,884547927.77
2026-09-20,000425.SZ,7.42,7.45,7.33,7.39,1216875,897612186.93
2026-09-21,000425.SZ,7.41,7.42,7.29,7.3,1267860,932370130.84
2026-09-22,000425.SZ,7.27,7.34,7.21,7.23,1050223,762117972.45
2026-09-23,000425.SZ,7.21,7.29,7.15,7.17,917193,659114330.64
2026-09-27,000425.SZ,7.16,7.16,7.03,7.06,729148,515118208.63
2026-09-28,000425.SZ,7.04,7.08,6.97,7.05,1008551,707345137.47
2026-09-29,000425.SZ,7.05,7.24,7,7.2,1082679,772828138.22
2022-08-16,600104.SH,16.42,16.62,16.26,16.56,252231,415450069
2022-08-17,600104.SH,16.5,16.62,16.33,16.36,171699,282110577
2022-08-18,600104.SH,16.33,16.45,16.26,16.27,157239,256823954
2022-08-21,600104.SH,16.26,16.59,16.2,16.47,274785,452211494
2022-08-22,600104.SH,16.4,16.47,16.2,16.29,209991,342111928
2022-08-23,600104.SH,16.3,16.37,15.97,15.97,227111,366699875
2022-08-24,600104.SH,16.05,16.2,15.83,16.18,164270,263628434
2022-08-25,600104.SH,15.89,15.98,15.47,15.88,498151,780587727
2022-08-28,600104.SH,15.6,15.7,15.43,15.5,336756,522686609
2022-08-29,600104.SH,15.5,15.6,15.36,15.48,208944,322864091
2022-08-30,600104.SH,15.38,15.5,15.21,15.47,279162,428812968
2022-08-31,600104.SH,15.45,15.46,15.23,15.3,186759,286250408
2022-09-01,600104.SH,15.3,15.37,15.21,15.26,136822,209145397
2022-09-04,600104.SH,15.18,15.25,15.08,15.21,157363,238231180
2022-09-05,600104.SH,15.31,15.46,15.29,15.42,209306,322447209
2022-09-06,600104.SH,15.38,15.45,15.31,15.4,153460,235745748
2022-09-07,600104.SH,15.41,15.47,15.34,15.35,117028,180244247
2022-09-08,600104.SH,15.41,15.56,15.33,15.48,178353,276151966
2022-09-12,600104.SH,15.5,15.72,15.5,15.65,181179,283145648
2022-09-13,600104.SH,15.48,15.54,15.33,15.44,187020,288597066
2022-09-14,600104.SH,15.42,15.5,15.3,15.34,162726,250433126
2022-09-15,600104.SH,15.3,15.37,15.02,15.02,230140,349412315
2022-09-18,600104.SH,15.01,15.2,15,15.01,138464,208787903
2022-09-19,600104.SH,15.08,15.17,14.85,14.89,185180,277591175
2022-09-20,600104.SH,14.83,15.02,14.67,14.92,150726,223765289
2022-09-21,600104.SH,14.82,14.88,14.74,14.81,88617,131218408
2022-09-22,600104.SH,14.83,14.9,14.69,14.77,118992,175860601
2022-09-25,600104.SH,14.76,14.83,14.53,14.55,137130,201464052
2022-09-26,600104.SH,14.6,14.72,14.52,14.65,118256,172766942
2022-09-27,600104.SH,14.59,14.62,14.44,14.49,119506,173477076
2022-09-28,600104.SH,14.6,14.62,14.25,14.27,136683,197270962
2022-09-29,600104.SH,14.3,14.48,14.29,14.3,129803,186434174
2022-10-09,600104.SH,14.37,14.41,14.14,14.2,121352,173273160
2022-10-10,600104.SH,14.2,14.29,14.13,14.16,104303,148040267
2022-10-11,600104.SH,14.17,14.38,13.95,14.35,184434,260419259
2022-10-12,600104.SH,14.25,14.35,14.09,14.19,194798,276637949
2022-10-13,600104.SH,14.23,14.65,14.23,14.56,261461,378905099
2022-10-16,600104.SH,14.51,14.74,14.44,14.71,165530,242126178
2022-10-17,600104.SH,14.78,14.93,14.62,14.67,158135,233325920
2022-10-18,600104.SH,14.65,14.75,14.39,14.39,155502,226060420
2022-10-19,600104.SH,14.34,14.45,14.27,14.35,148103,212618287
2022-10-20,600104.SH,14.36,14.46,14.21,14.21,119251,170924579
2022-10-23,600104.SH,14.26,14.44,13.9,13.91,220468,310867692
2022-10-24,600104.SH,14.12,14.34,13.92,14.19,197393,278760492
2022-10-25,600104.SH,14.18,14.35,14.1,14.16,152535,216989967
2022-10-26,600104.SH,14.26,14.41,14.21,14.33,157750,226063389
2022-10-27,600104.SH,14.36,14.37,13.97,14.04,188523,266890409
2022-10-30,600104.SH,13.79,13.99,13.72,13.75,200487,277050874
2022-10-31,600104.SH,13.81,14.13,13.77,14.11,185274,258732704
2022-11-01,600104.SH,14.02,14.35,13.96,14.33,279685,397051359
2022-11-02,600104.SH,14.24,14.33,14.09,14.17,148203,210469894
2022-11-03,600104.SH,14.11,14.54,14.11,14.5,262517,378568686
2022-11-06,600104.SH,14.39,14.55,14.35,14.51,182663,264018245
2022-11-07,600104.SH,14.4,14.46,14.26,14.39,172761,247721184
2022-11-08,600104.SH,14.4,14.44,14.28,14.28,128172,183862548
2022-11-09,600104.SH,14.24,14.3,14.13,14.25,145941,207311070
2022-11-10,600104.SH,14.49,14.6,14.38,14.51,276420,400537032
2022-11-13,600104.SH,14.64,14.65,14.37,14.39,276495,400783174
2022-11-14,600104.SH,14.36,14.6,14.35,14.58,244771,355368355
2022-11-15,600104.SH,14.55,14.62,14.5,14.55,163054,237309360
2022-11-16,600104.SH,14.49,14.54,14.41,14.51,154020,222777998
2022-11-17,600104.SH,14.56,14.66,14.41,14.41,164481,238371721
2022-11-20,600104.SH,14.31,14.37,14.18,14.36,173931,248054659
2022-11-21,600104.SH,14.37,14.55,14.32,14.43,188645,272205876
2022-11-22,600104.SH,14.42,14.66,14.39,14.55,236136,343829783
2022-11-23,600104.SH,14.57,14.65,14.49,14.52,121177,176253626
2022-11-24,600104.SH,14.5,14.65,14.47,14.65,181735,265264566
2022-11-27,600104.SH,14.49,14.49,14.21,14.36,232896,333660797
2022-11-28,600104.SH,14.4,14.79,14.38,14.77,353258,517274344
2022-11-29,600104.SH,14.72,15.4,14.71,15.18,626282,950125455
2022-11-30,600104.SH,15.45,15.45,15.06,15.07,374153,568370537
2022-12-01,600104.SH,15.07,15.12,14.93,15.06,181053,271905219
2022-12-04,600104.SH,15.18,15.29,15.09,15.26,250354,381055679
2022-12-05,600104.SH,15.22,15.53,15.15,15.29,247826,379430533
2022-12-06,600104.SH,15.28,15.39,15.19,15.23,206895,315936735
2022-12-07,600104.SH,15.22,15.3,15.18,15.24,148621,226617847
2022-12-08,600104.SH,15.22,15.28,15.07,15.24,204829,311059390
2022-12-11,600104.SH,15.22,15.24,15.01,15.04,155424,234936784
2022-12-12,600104.SH,15.09,15.18,14.95,15.11,136382,206122104
2022-12-13,600104.SH,15.1,15.17,14.97,15.14,117577,177289653
2022-12-14,600104.SH,15.1,15.23,14.99,15.13,161360,243541603
2022-12-15,600104.SH,15.04,15.26,15.01,15.25,186327,282881846
2022-12-18,600104.SH,15.35,15.45,14.97,15.03,242810,368240098
2022-12-19,600104.SH,14.95,15.03,14.54,14.72,211134,311789944
2022-12-20,600104.SH,14.7,14.79,14.63,14.69,105604,155216128
2022-12-21,600104.SH,14.8,14.96,14.71,14.77,124014,183875579
2022-12-22,600104.SH,14.72,14.82,14.62,14.67,115755,170273434
2022-12-25,600104.SH,14.67,14.76,14.63,14.71,78898,116092604
2022-12-26,600104.SH,14.81,14.83,14.65,14.76,88823,130923419
2022-12-27,600104.SH,14.71,14.74,14.56,14.63,122705,179472449
2022-12-28,600104.SH,14.56,14.6,14.33,14.33,163599,235719731
2022-12-29,600104.SH,14.42,14.52,14.38,14.41,120520,173895810
2023-01-02,600104.SH,14.32,14.45,14.19,14.41,172674,247694052
2023-01-03,600104.SH,14.39,14.44,14.34,14.41,125756,181073408
2023-01-04,600104.SH,14.5,14.54,14.43,14.47,194553,281745474
2023-01-05,600104.SH,14.45,14.56,14.41,14.47,169464,245603860
2023-01-08,600104.SH,14.51,14.59,14.47,14.48,158127,229558672
2023-01-09,600104.SH,14.48,14.58,14.31,14.49,253109,365580688
2023-01-10,600104.SH,14.48,14.52,14.41,14.43,151958,219844930
2023-01-11,600104.SH,14.49,14.52,14.34,14.38,160926,232154715
2023-01-12,600104.SH,14.4,14.52,14.38,14.52,161461,233287631
2023-01-15,600104.SH,14.5,14.79,14.46,14.7,251789,368527018
2023-01-16,600104.SH,14.69,14.74,14.62,14.73,135145,198431740
2023-01-17,600104.SH,14.75,14.84,14.69,14.72,122660,180942033
2023-01-18,600104.SH,14.72,14.76,14.61,14.75,136514,200510888
2023-01-19,600104.SH,14.77,14.85,14.75,14.84,148460,219782441
2023-01-29,600104.SH,15.12,15.2,14.96,15.02,313350,472665795
2023-01-30,600104.SH,14.99,15.18,14.98,15.02,189612,286175906
2023-01-31,600104.SH,15.06,15.2,15.05,15.19,211037,319491663
2023-02-01,600104.SH,15.21,15.23,14.89,14.96,405414,609198614
2023-02-02,600104.SH,14.92,14.92,14.76,14.84,197332,292681494
2023-02-05,600104.SH,14.8,14.88,14.74,14.85,157672,233238055
2023-02-06,600104.SH,14.9,14.93,14.82,14.9,132109,196430109
2023-02-07,600104.SH,14.9,14.92,14.82,14.85,104796,155656547
2023-02-08,600104.SH,14.8,14.92,14.79,14.9,121856,181435437
2023-02-09,600104.SH,14.86,14.9,14.78,14.83,116598,173005893
2023-02-12,600104.SH,14.82,14.92,14.74,14.88,173195,257289704
2023-02-13,600104.SH,14.89,14.92,14.85,14.92,106283,158203280
2023-02-14,600104.SH,14.93,15.02,14.9,14.95,155445,232339866
2023-02-15,600104.SH,14.96,15.15,14.72,14.81,289457,434081478
2023-02-16,600104.SH,14.81,14.92,14.7,14.7,163334,241960603
2023-02-19,600104.SH,14.71,15,14.69,15,232226,344693718
2023-02-20,600104.SH,14.99,15.22,14.94,15.21,298340,451246100
2023-02-21,600104.SH,15.1,15.21,15.05,15.13,158188,239192608
2023-02-22,600104.SH,15.13,15.18,15.06,15.14,138595,209500408
2023-02-23,600104.SH,15.13,15.13,14.93,14.96,131540,197357452
2023-02-26,600104.SH,14.91,15.01,14.87,14.89,113888,170095282
2023-02-27,600104.SH,14.94,15.03,14.87,15.03,170164,254452151
2023-02-28,600104.SH,15.01,15.2,14.99,15.19,238134,360801155
2023-03-01,600104.SH,15.19,15.28,15.16,15.21,158383,241017401
2023-03-02,600104.SH,15.23,15.29,15.18,15.28,147934,225519234
2023-03-05,600104.SH,15.3,15.31,15.13,15.2,166177,252927905
2023-03-06,600104.SH,15.2,15.42,15.08,15.14,321147,491232337
2023-03-07,600104.SH,15.05,15.12,15.01,15.09,129127,194526721
2023-03-08,600104.SH,15.09,15.09,14.87,14.93,190147,284938015
2023-03-09,600104.SH,14.76,14.79,14.25,14.26,582866,840419759
2023-03-12,600104.SH,14.16,14.26,13.96,14.11,313492,441731308
2023-03-13,600104.SH,14.08,14.14,13.85,14.05,258403,361695747
2023-03-14,600104.SH,14.1,14.18,14.05,14.11,153413,216740396
2023-03-15,600104.SH,14.06,14.21,14.01,14.17,192096,271714765
2023-03-16,600104.SH,14.22,14.4,14.17,14.21,213730,305255782
2023-03-19,600104.SH,14.21,14.35,14.14,14.18,135735,193219757
2023-03-20,600104.SH,14.19,14.24,14.1,14.2,164281,232937900
2023-03-21,600104.SH,14.21,14.29,14.17,14.29,149275,212630756
2023-03-22,600104.SH,14.24,14.34,14.19,14.31,111247,158821839
2023-03-23,600104.SH,14.3,14.39,14.25,14.26,135567,194039027
2023-03-26,600104.SH,14.28,14.29,14.16,14.23,154335,219750028
2023-03-27,600104.SH,14.27,14.32,14.22,14.27,139499,199059942
2023-03-28,600104.SH,14.37,14.37,14.23,14.25,105430,150676260
2023-03-29,600104.SH,14.25,14.37,14.17,14.35,143954,205580015
2023-03-30,600104.SH,14.34,14.41,14.31,14.36,130751,187749630
2023-04-02,600104.SH,14.33,14.44,14.24,14.37,169279,242842873
2023-04-03,600104.SH,14.37,14.49,14.33,14.48,188192,271446357
2023-04-05,600104.SH,14.48,14.48,14.29,14.31,114794,164762291
2023-04-06,600104.SH,14.31,14.38,14.26,14.32,116149,166310295
2023-04-09,600104.SH,14.32,14.32,14.21,14.23,134820,192206913
2023-04-10,600104.SH,14.21,14.26,14.16,14.19,150879,214300299
2023-04-11,600104.SH,14.2,14.23,14.14,14.17,149751,212319499
2023-04-12,600104.SH,14.15,14.23,14,14.2,165360,233683021
2023-04-13,600104.SH,14.2,14.35,14.2,14.26,163627,233584939
2023-04-16,600104.SH,14.32,14.47,14.27,14.47,208125,299377022
2023-04-17,600104.SH,14.45,14.56,14.42,14.55,201340,291854857
2023-04-18,600104.SH,14.54,14.56,14.36,14.36,137880,198795624
2023-04-19,600104.SH,14.39,14.4,14.2,14.24,138122,197032913
2023-04-20,600104.SH,14.23,14.26,13.9,13.93,276907,389176582
2023-04-23,600104.SH,13.97,14.04,13.85,13.86,176026,245040571
2023-04-24,600104.SH,13.9,13.91,13.72,13.79,190489,262497860
2023-04-25,600104.SH,13.75,13.95,13.73,13.81,153341,212464805
2023-04-26,600104.SH,13.81,13.98,13.76,13.97,165204,229365807
2023-04-27,600104.SH,13.98,14.18,13.97,14.12,189384,267063265
2023-05-03,600104.SH,13.97,14.02,13.86,13.95,225944,315124627
2023-05-04,600104.SH,13.96,14.05,13.82,13.85,247393,343767505
2023-05-07,600104.SH,13.94,14.13,13.92,14.02,282232,395811852
2023-05-08,600104.SH,14.06,14.23,13.97,14.04,326802,460918869
2023-05-09,600104.SH,14.04,14.29,14.01,14.26,353470,500024995
2023-05-10,600104.SH,14.23,14.34,14.11,14.13,260828,369950942
2023-05-11,600104.SH,14.11,14.15,14,14.01,156641,220242971
2023-05-14,600104.SH,14,14.09,13.92,14.07,184740,258590109
2023-05-15,600104.SH,14.09,14.09,13.93,13.97,129477,181267807
2023-05-16,600104.SH,13.95,14.06,13.91,13.94,158921,222052003
2023-05-17,600104.SH,13.94,13.99,13.76,13.81,192728,267316702
2023-05-18,600104.SH,13.78,13.82,13.67,13.68,232035,318103398
2023-05-21,600104.SH,13.67,13.82,13.65,13.74,164400,225824335
2023-05-22,600104.SH,13.75,13.81,13.66,13.66,136634,187723203
2023-05-23,600104.SH,13.64,13.64,13.39,13.4,220712,298502617
2023-05-24,600104.SH,13.38,13.42,13.15,13.22,223499,296412330
2023-05-25,600104.SH,13.18,13.32,13.09,13.2,163914,216243158
2023-05-28,600104.SH,13.24,13.5,13.19,13.48,244403,326870148
2023-05-29,600104.SH,13.48,13.6,13.37,13.52,169293,228636955
2023-05-30,600104.SH,13.5,13.54,13.39,13.42,120983,162787985
2023-05-31,600104.SH,13.4,13.58,13.39,13.49,149564,202182580
2023-06-01,600104.SH,13.55,13.66,13.51,13.64,192203,261653381
2023-06-04,600104.SH,13.64,13.75,13.57,13.61,141420,193111027
2023-06-05,600104.SH,13.57,13.68,13.46,13.47,145799,198068083
2023-06-06,600104.SH,13.56,13.58,13.41,13.44,129144,174222351
2023-06-07,600104.SH,13.45,13.63,13.43,13.61,132328,178944313
2023-06-08,600104.SH,13.69,13.86,13.68,13.8,247763,342030675
2023-06-11,600104.SH,13.8,13.93,13.77,13.87,192287,266785099
2023-06-12,600104.SH,13.82,13.97,13.82,13.93,149011,207369795
2023-06-13,600104.SH,14.18,14.37,14.01,14.04,379574,537733063
2023-06-14,600104.SH,14.05,14.24,13.98,14.14,264533,373272252
2023-06-15,600104.SH,14.18,14.24,14.06,14.07,517887,730384139
2023-06-18,600104.SH,14.04,14.17,14.02,14.15,195062,275537602
2023-06-19,600104.SH,14.19,14.22,14.1,14.12,122318,173157555
2023-06-20,600104.SH,14.18,14.22,14.08,14.09,167735,237408387
2023-06-25,600104.SH,14.03,14.22,13.97,14.04,207018,291412610
2023-06-26,600104.SH,13.99,14.12,13.83,14.08,176014,246582802
2023-06-27,600104.SH,14.08,14.17,14.01,14.13,142501,200772009
2023-06-28,600104.SH,14.13,14.2,14.1,14.15,136795,193695365
2023-06-29,600104.SH,14.12,14.24,14.12,14.17,132140,187474469
2023-07-02,600104.SH,14.18,14.33,14.17,14.28,178647,255136872
2023-07-03,600104.SH,14.29,14.49,14.22,14.45,252408,363646936
2023-07-04,600104.SH,14.45,14.48,14.36,14.37,150761,217304412
2023-07-05,600104.SH,14.38,14.55,14.32,14.44,159599,230632819
2023-07-06,600104.SH,14.39,14.52,14.32,14.41,122622,177117632
2023-07-09,600104.SH,14.39,14.48,14.23,14.32,170051,243409387
2023-07-10,600104.SH,14.33,14.6,14.32,14.54,211914,307071154
2023-07-11,600104.SH,14.56,14.7,14.42,14.44,171711,250050426
2023-07-12,600104.SH,14.49,14.55,14.38,14.45,151862,219478260
2023-07-13,600104.SH,14.45,14.5,14.36,14.41,127403,183919005
2023-07-16,600104.SH,14.42,14.45,14.29,14.36,102940,147658411
2023-07-17,600104.SH,14.36,14.61,14.28,14.48,172757,249756301
2023-07-18,600104.SH,14.22,14.3,14.16,14.28,177834,253457773
2023-07-19,600104.SH,14.29,14.4,14.06,14.07,140988,200258130
2023-07-20,600104.SH,14.12,14.2,14.04,14.17,133215,188283543
2023-07-23,600104.SH,14.15,14.26,14.08,14.23,128208,181919125
2023-07-24,600104.SH,14.3,14.52,14.24,14.45,290331,418039143
2023-07-25,600104.SH,14.39,14.52,14.34,14.4,151689,218595627
2023-07-26,600104.SH,14.65,14.98,14.59,14.62,393473,579231506
2023-07-27,600104.SH,14.64,15.2,14.48,15.17,629721,944183260
2023-07-30,600104.SH,15.2,15.65,15.19,15.49,572986,887799773
2023-07-31,600104.SH,15.42,15.6,15.29,15.35,296471,456985281
2023-08-01,600104.SH,15.34,15.48,15.23,15.33,223551,342410958
2023-08-02,600104.SH,15.28,15.33,15.1,15.27,238133,362413001
2023-08-03,600104.SH,15.33,15.55,15.27,15.3,190472,292685249
2023-08-06,600104.SH,15.28,15.33,15.11,15.31,197766,301767709
2023-08-07,600104.SH,15.33,15.4,15.23,15.33,164147,251323012
2023-08-08,600104.SH,15.28,15.39,15.18,15.3,155674,238351828
2023-08-09,600104.SH,15.28,15.4,15.2,15.23,120844,184471390
2023-08-10,600104.SH,15.26,15.27,14.8,14.8,272310,406682827
2023-08-13,600104.SH,14.7,14.72,14.36,14.47,222912,323095651
2023-08-14,600104.SH,14.48,14.58,14.31,14.42,178628,257254455
2023-08-15,600104.SH,14.35,14.47,14.34,14.35,117094,168488260
2023-08-16,600104.SH,14.31,14.41,14.22,14.39,147961,211748130
2023-08-17,600104.SH,14.37,14.44,14.21,14.21,127213,181981081
2023-08-20,600104.SH,14.2,14.29,13.97,13.97,143683,202839011
2023-08-21,600104.SH,14.02,14.15,13.91,14.04,191233,268161627
2023-08-22,600104.SH,14.04,14.18,13.93,13.97,148173,208185746
2023-08-23,600104.SH,13.97,14.11,13.89,13.95,154367,215901880
2023-08-24,600104.SH,13.92,14.22,13.84,14.04,183679,257940451
2023-08-27,600104.SH,14.56,14.65,14.18,14.23,307774,444666121
2023-08-28,600104.SH,14.28,14.46,14.21,14.3,262375,375944420
2023-08-29,600104.SH,14.31,14.39,14.14,14.14,187573,267409870
2023-08-30,600104.SH,14.39,14.61,14.26,14.36,364411,525804994
2023-08-31,600104.SH,14.35,14.58,14.34,14.54,200083,289955349
2023-09-03,600104.SH,14.6,14.79,14.53,14.74,214155,314797426
2023-09-04,600104.SH,14.74,14.8,14.64,14.71,199763,293875691
2023-09-05,600104.SH,14.65,14.81,14.64,14.8,156526,230900700
2023-09-06,600104.SH,14.75,14.82,14.69,14.73,150125,221392759
2023-09-07,600104.SH,14.67,14.68,14.5,14.59,142500,207930653
2023-09-10,600104.SH,14.62,14.93,14.59,14.89,210800,312739116
2023-09-11,600104.SH,14.93,14.98,14.85,14.95,169083,252466829
2023-09-12,600104.SH,14.9,14.99,14.79,14.88,159365,236990933
2023-09-13,600104.SH,14.7,14.88,14.37,14.83,324372,476920236
2023-09-14,600104.SH,14.88,14.9,14.67,14.74,194058,286794125
2023-09-17,600104.SH,14.7,14.9,14.62,14.84,161514,239454436
2023-09-18,600104.SH,14.81,14.96,14.8,14.94,162908,242597680
2023-09-19,600104.SH,14.96,15.07,14.88,14.98,172929,259546294
2023-09-20,600104.SH,15,15.06,14.87,14.91,160218,239441092
2023-09-21,600104.SH,14.92,15.08,14.85,15.06,172362,258343627
2023-09-24,600104.SH,15.06,15.08,14.94,14.97,148691,223064505
2023-09-25,600104.SH,14.98,15.06,14.83,14.86,144843,216106476
2023-09-26,600104.SH,14.93,14.96,14.8,14.84,116886,173747543
2023-09-27,600104.SH,14.89,15,14.79,14.8,119387,177433433
2023-10-08,600104.SH,14.8,15.02,14.73,14.97,171814,256460765
2023-10-09,600104.SH,14.95,15.01,14.85,14.92,163402,243840791
2023-10-10,600104.SH,14.99,15,14.81,14.82,132619,197671197
2023-10-11,600104.SH,14.81,15.21,14.81,15.17,230427,347929009
2023-10-12,600104.SH,15.25,15.27,15.07,15.12,169763,257485409
2023-10-15,600104.SH,15.3,15.3,15.08,15.12,135782,205815514
2023-10-16,600104.SH,15.18,15.18,15.03,15.07,116141,175246341
2023-10-17,600104.SH,15.05,15.28,15.04,15.18,187019,284105185
2023-10-18,600104.SH,15.03,15.1,14.74,14.74,241573,359457644
2023-10-19,600104.SH,14.7,14.8,14.58,14.6,180254,264494595
2023-10-22,600104.SH,14.67,15,14.44,14.55,213139,313728144
2023-10-23,600104.SH,14.51,14.62,14.35,14.5,186639,270795952
2023-10-24,600104.SH,14.58,14.9,14.53,14.82,170427,251474676
2023-10-25,600104.SH,14.7,15.04,14.7,15,196457,293512756
2023-10-26,600104.SH,14.91,15.32,14.91,15.17,239614,363914690
2023-10-29,600104.SH,15.11,15.15,14.79,14.8,239706,356758823
2023-10-30,600104.SH,14.74,14.83,14.4,14.52,338620,491546221
2023-10-31,600104.SH,14.52,14.61,14.32,14.52,243493,352708772
2023-11-01,600104.SH,14.5,14.89,14.5,14.78,254876,376212097
2023-11-02,600104.SH,14.76,14.87,14.7,14.83,158320,234409489
2023-11-05,600104.SH,14.88,15.08,14.82,15.01,236318,353302927
2023-11-06,600104.SH,14.96,15.23,14.9,14.92,225875,339992866
2023-11-07,600104.SH,14.9,14.99,14.69,14.91,238229,352859757
2023-11-08,600104.SH,14.87,14.98,14.74,14.87,149213,221974963
2023-11-09,600104.SH,14.84,14.93,14.58,14.6,159202,233566206
2023-11-12,600104.SH,14.6,14.65,14.39,14.44,199384,288379958
2023-11-13,600104.SH,14.49,14.52,14.38,14.4,194646,280945010
2023-11-14,600104.SH,14.46,14.49,14.39,14.48,158094,228194362
2023-11-15,600104.SH,14.44,14.46,14.32,14.32,174409,250495087
2023-11-16,600104.SH,14.31,14.5,14.26,14.48,204058,293395495
2023-11-19,600104.SH,14.44,14.54,14.41,14.44,166398,240629952
2023-11-20,600104.SH,14.45,14.59,14.42,14.43,197069,285879512
2023-11-21,600104.SH,14.41,14.48,14.32,14.37,139979,201686320
2023-11-22,600104.SH,14.38,14.72,14.36,14.69,286754,417797516
2023-11-23,600104.SH,14.69,14.78,14.56,14.58,201157,294902940
2023-11-26,600104.SH,14.95,15.62,14.75,15.49,947954,1442679870
2023-11-27,600104.SH,15.31,15.45,14.91,15.37,624970,950860690
2023-11-28,600104.SH,15.36,15.37,14.96,15.05,373379,562588844
2023-11-29,600104.SH,15,15.08,14.8,14.88,243128,362470514
2023-11-30,600104.SH,14.85,14.89,14.65,14.86,267175,395574640
2023-12-03,600104.SH,14.86,14.96,14.69,14.71,188039,278008310
2023-12-04,600104.SH,14.7,14.73,14.42,14.44,193342,281636387
2023-12-05,600104.SH,14.43,14.47,14.08,14.09,390398,553757365
2023-12-06,600104.SH,14.09,14.09,13.74,14.04,307712,428211200
2023-12-07,600104.SH,13.98,14.19,13.95,14.12,321660,453921257
2023-12-10,600104.SH,14.06,14.07,13.8,13.99,322354,448171719
2023-12-11,600104.SH,13.92,14.05,13.83,14,170720,238271602
2023-12-12,600104.SH,13.94,14.03,13.76,13.77,179677,249176448
2023-12-13,600104.SH,13.82,13.89,13.59,13.61,168989,231609666
2023-12-14,600104.SH,13.63,13.66,13.46,13.49,181367,245555268
2023-12-17,600104.SH,13.43,13.52,13.3,13.47,146331,196671631
2023-12-18,600104.SH,13.46,13.52,13.35,13.45,147327,197757488
2023-12-19,600104.SH,13.43,13.5,13.28,13.28,158019,211537929
2023-12-20,600104.SH,13.25,13.37,13.2,13.35,171501,228101168
2023-12-21,600104.SH,13.35,13.49,13.25,13.4,155424,207758173
2023-12-24,600104.SH,13.36,13.48,13.31,13.38,124120,165955942
2023-12-25,600104.SH,13.38,13.38,13.26,13.29,108873,144900646
2023-12-26,600104.SH,13.31,13.39,13.15,13.3,149957,198526964
2023-12-27,600104.SH,13.21,13.52,13.2,13.52,198387,266158472
2023-12-28,600104.SH,13.49,13.63,13.43,13.53,281871,381200995
2024-01-01,600104.SH,13.56,13.75,13.41,13.42,188210,255226320
2024-01-02,600104.SH,13.4,13.53,13.37,13.5,121747,163927160
2024-01-03,600104.SH,13.51,13.56,13.31,13.42,168821,226007226
2024-01-04,600104.SH,13.42,13.53,13.27,13.34,175748,236069405
2024-01-07,600104.SH,13.3,13.38,13.08,13.12,218777,288580859
2024-01-08,600104.SH,13.13,13.23,13.09,13.22,182595,240191333
2024-01-09,600104.SH,13.19,13.27,13.15,13.22,123754,163670114
2024-01-10,600104.SH,13.22,13.4,13.16,13.38,138316,183974325
2024-01-11,600104.SH,13.34,13.42,13.3,13.32,94960,126871692
2024-01-14,600104.SH,13.3,13.45,13.25,13.32,104852,139954306
2024-01-15,600104.SH,13.31,13.48,13.3,13.46,177491,237895454
2024-01-16,600104.SH,13.48,13.5,13.25,13.25,166347,222901679
2024-01-17,600104.SH,13.25,13.46,12.92,13.37,353409,465786112
2024-01-18,600104.SH,13.36,13.51,13.25,13.41,223909,300083634
2024-01-21,600104.SH,13.43,13.48,13.11,13.24,317466,423714417
2024-01-22,600104.SH,13.22,13.3,13.11,13.2,174803,230805260
2024-01-23,600104.SH,13.26,13.56,13.22,13.51,229541,307296655
2024-01-24,600104.SH,13.56,13.79,13.51,13.76,293159,401056648
2024-01-25,600104.SH,13.63,13.96,13.62,13.89,267813,370363212
2024-01-28,600104.SH,13.93,14.09,13.84,13.91,222087,309365937
2024-01-29,600104.SH,13.85,13.96,13.71,13.71,182672,252730848
2024-01-30,600104.SH,13.72,13.8,13.54,13.67,257934,352768849
2024-01-31,600104.SH,13.64,13.89,13.62,13.71,237482,326828597
2024-02-01,600104.SH,13.74,13.88,13.18,13.75,367114,499348628
2024-02-04,600104.SH,13.79,13.88,13.37,13.78,351556,481046374
2024-02-05,600104.SH,13.78,14.2,13.7,14.15,348831,488130571
2024-02-06,600104.SH,14.19,14.41,13.96,14.41,385729,549438422
2024-02-07,600104.SH,14.41,14.59,14.31,14.58,347745,501860441
2024-02-18,600104.SH,14.6,14.69,14.47,14.55,252384,368444539
2024-02-19,600104.SH,14.55,14.67,14.43,14.63,208691,304330364
2024-02-20,600104.SH,14.58,14.91,14.55,14.73,214581,317140039
2024-02-21,600104.SH,14.73,14.88,14.7,14.85,149003,220870518
2024-02-22,600104.SH,14.86,14.94,14.79,14.9,142186,211405487
2024-02-25,600104.SH,14.93,14.99,14.76,14.78,223126,332210868
2024-02-26,600104.SH,14.78,14.95,14.74,14.89,146282,217758266
2024-02-27,600104.SH,14.9,14.93,14.72,14.76,229651,340607419
2024-02-28,600104.SH,14.7,14.96,14.69,14.96,227128,338652312
2024-02-29,600104.SH,14.99,15.05,14.9,14.98,160631,240672110
2024-03-03,600104.SH,15.01,15.12,14.87,14.97,181935,272566253
2024-03-04,600104.SH,14.91,15.23,14.87,15.18,292879,441656209
2024-03-05,600104.SH,15.18,15.2,15.01,15.01,161240,243725081
2024-03-06,600104.SH,15.05,15.15,14.97,15,161966,243836104
2024-03-07,600104.SH,15.02,15.1,14.93,15,129805,195083752
2024-03-10,600104.SH,14.94,15.04,14.91,14.98,151745,227283796
2024-03-11,600104.SH,14.98,15.01,14.85,14.91,182501,272427617
2024-03-12,600104.SH,14.91,15.03,14.81,14.83,166281,247328990
2024-03-13,600104.SH,14.85,14.89,14.62,14.67,153727,226456441
2024-03-14,600104.SH,14.61,14.69,14.54,14.63,221809,324464338
2024-03-17,600104.SH,14.66,14.94,14.66,14.84,203354,301893466
2024-03-18,600104.SH,14.85,14.9,14.71,14.74,125941,186223357
2024-03-19,600104.SH,14.78,14.92,14.78,14.9,135361,201360891
2024-03-20,600104.SH,14.88,15.01,14.83,14.9,149665,223576370
2024-03-21,600104.SH,14.98,14.98,14.72,14.85,148724,220786531
2024-03-24,600104.SH,14.84,14.92,14.73,14.73,141301,209540923
2024-03-25,600104.SH,14.72,15.04,14.71,15.01,216261,322453439
2024-03-26,600104.SH,15.02,15.1,14.93,14.97,209790,315470368
2024-03-27,600104.SH,14.97,15.16,14.92,14.95,287937,432766408
2024-03-28,600104.SH,14.95,15.11,14.93,15.07,155790,234165480
2024-03-31,600104.SH,15.08,15.36,15.01,15.27,253635,386254706
2024-04-01,600104.SH,15.35,15.41,15.24,15.29,204880,313307085
2024-04-02,600104.SH,15.38,15.39,15.23,15.35,206775,317098321
2024-04-07,600104.SH,15.42,15.77,15.27,15.31,286010,442251050
2024-04-08,600104.SH,15.35,15.38,15.18,15.3,258068,394196354
2024-04-09,600104.SH,15.32,15.47,15.16,15.28,205637,315216921
2024-04-10,600104.SH,15.24,15.37,15.03,15.27,210653,320551663
2024-04-11,600104.SH,15.27,15.3,15.01,15.02,179586,271445688
2024-04-14,600104.SH,15,15.28,14.94,15.21,243803,369433831
2024-04-15,600104.SH,15.2,15.32,15.07,15.23,268108,408204571
2024-04-16,600104.SH,15.17,15.23,15.02,15.19,251819,380440878
2024-04-17,600104.SH,15.13,15.41,15.1,15.36,244923,375584536
2024-04-18,600104.SH,15.3,15.4,15.18,15.23,161909,247011685
2024-04-21,600104.SH,15.2,15.34,15.06,15.09,174637,264277995
2024-04-22,600104.SH,15.05,15.15,14.98,15.01,165715,249109769
2024-04-23,600104.SH,15.01,15.07,14.83,14.94,144704,215550989
2024-04-24,600104.SH,14.94,15.19,14.85,15.14,200360,301635965
2024-04-25,600104.SH,15.15,15.29,15.08,15.2,198906,301968341
2024-04-28,600104.SH,15.28,15.34,15.06,15.28,257501,392490434
2024-04-29,600104.SH,15.23,15.28,14.85,14.86,350890,525009121
2024-05-05,600104.SH,14.94,15.19,14.78,14.8,378640,565744967
2024-05-06,600104.SH,14.8,14.8,14.53,14.56,277208,404604862
2024-05-07,600104.SH,14.51,14.6,14.45,14.55,188767,274481139
2024-05-08,600104.SH,14.57,14.61,14.52,14.57,174795,254509057
2024-05-09,600104.SH,14.58,14.62,14.45,14.61,184157,267712942
2024-05-12,600104.SH,14.57,14.62,14.4,14.6,181906,264302266
2024-05-13,600104.SH,14.62,14.72,14.55,14.6,186538,272869198
2024-05-14,600104.SH,14.59,14.59,14.42,14.46,136917,198153995
2024-05-15,600104.SH,14.48,14.52,14.36,14.4,201423,290284507
2024-05-16,600104.SH,14.4,14.52,14.37,14.52,195060,281472444
2024-05-19,600104.SH,14.5,14.54,14.41,14.42,186151,269055316
2024-05-20,600104.SH,14.43,14.49,14.34,14.47,146621,211394850
2024-05-21,600104.SH,14.45,14.47,14.41,14.43,132759,191656081
2024-05-22,600104.SH,14.45,14.45,14.08,14.18,276010,391949752
2024-05-23,600104.SH,14.16,14.25,14.13,14.19,153362,217809990
2024-05-26,600104.SH,14.29,14.47,14.25,14.38,204360,293809289
2024-05-27,600104.SH,14.34,14.37,14.08,14.09,188635,267088775
2024-05-28,600104.SH,14.07,14.17,14.07,14.13,119909,169346792
2024-05-29,600104.SH,14.17,14.35,14.16,14.23,163396,232830694
2024-05-30,600104.SH,14.23,14.33,14.07,14.07,201544,285595230
2024-06-02,600104.SH,14.16,14.44,14.15,14.4,359923,516409261
2024-06-03,600104.SH,14.32,14.39,14.19,14.26,207389,295965938
2024-06-04,600104.SH,14.28,14.36,14.15,14.17,160673,229005576
2024-06-05,600104.SH,14.17,14.21,14.06,14.14,145578,205871659
2024-06-06,600104.SH,14.17,14.2,14.07,14.11,131377,185567370
2024-06-10,600104.SH,14.1,14.16,13.87,14.1,241933,338968399
2024-06-11,600104.SH,14.1,14.22,14.06,14.19,170721,241568904
2024-06-12,600104.SH,14.05,14.07,13.75,13.97,257743,358394869
2024-06-13,600104.SH,13.9,14.36,13.86,14.3,281775,400091413
2024-06-16,600104.SH,14.25,14.6,14.21,14.32,264237,380771249
2024-06-17,600104.SH,14.35,14.44,14.25,14.36,188865,270987648
2024-06-18,600104.SH,14.34,14.37,14.16,14.16,126803,180329042
2024-06-19,600104.SH,14.16,14.19,13.97,14.02,116322,163668172
2024-06-20,600104.SH,13.99,14.14,13.98,14.05,136257,191535898
2024-06-23,600104.SH,14.1,14.11,13.91,14,152769,214096087
2024-06-24,600104.SH,14.05,14.16,13.9,13.96,151719,213045886
2024-06-25,600104.SH,13.96,13.99,13.82,13.94,123860,172101472
2024-06-26,600104.SH,13.9,13.9,13.74,13.79,127899,176594220
2024-06-27,600104.SH,13.81,13.98,13.79,13.86,125042,173837368
2024-06-30,600104.SH,13.83,13.92,13.73,13.86,106231,146872007
2024-07-01,600104.SH,13.85,13.92,13.73,13.75,119380,164893362
2024-07-02,600104.SH,13.75,13.83,13.74,13.77,91116,125541833
2024-07-03,600104.SH,13.78,13.89,13.64,13.7,116898,160691760
2024-07-04,600104.SH,13.67,13.71,13.58,13.62,130084,177205689
2024-07-07,600104.SH,13.57,13.6,13.36,13.38,155432,208893600
2024-07-08,600104.SH,13.37,13.5,13.2,13.5,136997,182889362
2024-07-09,600104.SH,13.4,13.84,13.4,13.82,174562,239495176
2024-07-10,600104.SH,13.87,14.07,13.87,14.02,157842,220808065
2024-07-11,600104.SH,14.02,14.24,13.99,14.2,160487,226980433
2024-07-14,600104.SH,14.18,14.36,14.16,14.23,161685,230821088
2024-07-15,600104.SH,14.3,14.56,14.18,14.52,240471,347045551
2024-07-16,600104.SH,14.89,14.95,14.37,14.81,519530,762529103
2024-07-17,600104.SH,14.75,14.84,14.63,14.77,322152,474631894
2024-07-18,600104.SH,14.8,14.95,14.7,14.87,308779,458819734
2024-07-21,600104.SH,14.83,14.94,14.73,14.91,265024,393079117
2024-07-22,600104.SH,14.85,14.98,14.69,14.69,245715,364992605
2024-07-23,600104.SH,14.63,14.7,14.45,14.49,190355,277169253
2024-07-24,600104.SH,14.5,14.58,14.44,14.5,141746,205650330
2024-07-25,600104.SH,14.57,14.63,14.37,14.43,168434,243545777
2024-07-28,600104.SH,14.49,14.75,14.44,14.6,151600,221969664
2024-07-29,600104.SH,14.7,14.7,14.35,14.45,176820,255342305
2024-07-30,600104.SH,14.45,14.75,14.38,14.68,197299,288955579
2024-07-31,600104.SH,14.68,14.8,14.61,14.73,147069,216503250
2024-08-01,600104.SH,14.65,14.72,14.5,14.55,129453,188860409
2024-08-04,600104.SH,14.6,14.74,14.51,14.52,176500,257841399
2024-08-05,600104.SH,14.55,14.66,14.16,14.25,200074,286206252
2024-08-06,600104.SH,14.34,14.34,14.18,14.18,104728,149259012
2024-08-07,600104.SH,14.15,14.24,14.08,14.08,106135,150146860
2024-08-08,600104.SH,14.12,14.21,13.86,13.86,136411,190777018
2024-08-11,600104.SH,13.85,13.89,13.62,13.74,107814,148010412
2024-08-12,600104.SH,13.73,13.78,13.55,13.65,125779,171435831
2024-08-13,600104.SH,13.62,13.63,13.33,13.33,191710,257551720
2024-08-14,600104.SH,13.33,13.52,13.28,13.46,192793,258742447
2024-08-15,600104.SH,13.18,13.3,13.05,13.08,206308,271214014
2024-08-18,600104.SH,13.14,13.37,13.08,13.09,225862,297759459
2024-08-19,600104.SH,13.11,13.14,12.85,12.88,195729,252731949
2024-08-20,600104.SH,12.83,12.89,12.75,12.84,142860,183169053
2024-08-21,600104.SH,12.8,12.83,12.66,12.67,173978,221081118
2024-08-22,600104.SH,12.68,13.04,12.67,13,166391,214669262
2024-08-25,600104.SH,13.02,13.09,12.81,12.88,148435,191870843
2024-08-26,600104.SH,12.85,12.93,12.71,12.76,102929,131500571
2024-08-27,600104.SH,12.79,12.82,12.5,12.55,151128,190254240
2024-08-28,600104.SH,12.59,12.64,12.54,12.55,133476,167829627
2024-08-29,600104.SH,12.49,12.78,12.2,12.56,290421,364107841
2024-09-01,600104.SH,12.48,12.54,12.17,12.17,242642,298041087
2024-09-02,600104.SH,12.13,12.23,12.07,12.23,174345,211956580
2024-09-03,600104.SH,12.12,12.23,12.08,12.09,139925,169551009
2024-09-04,600104.SH,12.09,12.21,12.08,12.15,156537,189891121
2024-09-05,600104.SH,12.16,12.5,12.16,12.28,202863,250686373
2024-09-08,600104.SH,12.27,12.34,12.09,12.14,148389,180609862
2024-09-09,600104.SH,12.15,12.16,11.75,11.79,229615,272515245
2024-09-10,600104.SH,11.8,11.95,11.7,11.82,170068,201000478
2024-09-11,600104.SH,11.82,11.84,11.66,11.67,162801,190897010
2024-09-12,600104.SH,11.67,11.71,11.49,11.55,177800,205999814
2024-09-17,600104.SH,11.55,11.85,11.52,11.78,161656,188861369
2024-09-18,600104.SH,11.8,11.9,11.67,11.83,158275,186886813
2024-09-19,600104.SH,11.84,11.94,11.68,11.86,224154,265240061
2024-09-22,600104.SH,11.8,11.95,11.77,11.89,101206,120232914
2024-09-23,600104.SH,11.97,12.25,11.83,12.23,271006,326557108
2024-09-24,600104.SH,12.45,12.86,12.41,12.56,352918,446779551
2024-09-25,600104.SH,12.55,13.23,12.52,13.22,362191,467513969
2024-09-26,600104.SH,13.37,13.59,13.26,13.57,243067,326658888
2024-09-29,600104.SH,13.9,14.69,13.9,14.63,781919,1121581313
2024-10-07,600104.SH,16,16.07,14.56,14.91,1016120,1543913528
2024-10-08,600104.SH,14.7,14.7,13.59,13.59,693004,977140945
2024-10-09,600104.SH,13.62,14.17,13.52,13.92,546639,760665616
2024-10-10,600104.SH,13.91,14.09,13.49,13.67,299335,412297732
2024-10-13,600104.SH,13.67,13.78,13.5,13.63,348682,475061699
2024-10-14,600104.SH,13.58,13.58,13.19,13.2,308588,413021786
2024-10-15,600104.SH,13.08,13.22,12.97,13.07,276073,360968714
2024-10-16,600104.SH,13.08,13.2,12.79,12.8,267554,346834159
2024-10-17,600104.SH,12.8,13.3,12.66,13.11,419730,543832018
2024-10-20,600104.SH,13.18,13.2,12.85,12.94,426886,552786805
2024-10-21,600104.SH,12.9,13.25,12.9,13.12,376432,493866932
2024-10-22,600104.SH,13.2,13.48,13.1,13.45,395362,527874951
2024-10-23,600104.SH,13.45,13.45,13.14,13.18,287706,380662604
2024-10-24,600104.SH,13.19,13.38,13.17,13.35,258568,343838526
2024-10-27,600104.SH,13.35,13.47,13.28,13.45,293409,393112920
2024-10-28,600104.SH,13.49,13.51,13.26,13.3,280929,375623529
2024-10-29,600104.SH,13.18,13.33,13.1,13.18,222188,293320924
2024-10-30,600104.SH,13.01,13.08,12.73,12.87,449806,578958970
2024-10-31,600104.SH,12.85,12.99,12.77,12.89,301988,388700619
2024-11-03,600104.SH,12.86,13.17,12.86,13.17,358865,466632877
2024-11-04,600104.SH,13.1,13.29,12.96,13.27,426441,562856066
2024-11-05,600104.SH,13.27,13.43,13.22,13.28,406594,541364117
2024-11-06,600104.SH,13.15,13.57,13.15,13.56,415898,557546034
2024-11-07,600104.SH,13.68,13.75,13.36,13.43,490758,664013945
2024-11-10,600104.SH,13.32,13.84,13.3,13.83,586589,796287124
2024-11-11,600104.SH,14.19,15.21,14.15,15.21,2027628,3024438339
2024-11-12,600104.SH,15.84,16.73,15.81,16.73,1421805,2347295916
2024-11-13,600104.SH,16.99,17.6,15.3,16.72,3457336,5592655756
2024-11-14,600104.SH,16.2,17.99,15.85,17.27,2850974,4773901138
2024-11-17,600104.SH,19,19,18,18.35,2878847,5429579525
2024-11-18,600104.SH,17.12,17.41,16.52,16.52,2676268,4502089382
2024-11-19,600104.SH,16.3,17.32,16.3,17.15,2332130,3912620288
2024-11-20,600104.SH,16.88,18.86,16.87,18.28,2127509,3859044606
2024-11-21,600104.SH,18.05,19.14,17.68,17.98,2403543,4455456490
2024-11-24,600104.SH,18.9,19.78,18.3,19.5,3075109,5893120781
2024-11-25,600104.SH,18.76,19.14,18.31,18.37,1736973,3244546741
2024-11-26,600104.SH,18.17,18.63,17.1,17.93,2192360,3903123029
2024-11-27,600104.SH,17.78,17.9,16.94,17.43,1426293,2484762760
2024-11-28,600104.SH,17.22,18.04,17.2,17.58,1128925,1997437435
2024-12-01,600104.SH,16.95,19.34,16.93,19,2235837,4091618353
2024-12-02,600104.SH,18.91,19.4,18.53,18.93,1585613,3007290682
2024-12-03,600104.SH,18.7,19.36,17.75,17.85,1422252,2618701317
2024-12-04,600104.SH,17.71,18.45,17.58,18.28,1011820,1822057135
2024-12-05,600104.SH,18.2,18.4,17.71,17.76,797467,1429053863
2024-12-08,600104.SH,17.83,18.76,17.83,18.07,935709,1717997490
2024-12-09,600104.SH,18.45,18.9,17.92,17.97,1035712,1906041822
2024-12-10,600104.SH,17.96,18.8,17.53,17.72,1260496,2280166824
2024-12-11,600104.SH,17.82,17.85,17.18,17.42,1127933,1952617683
2024-12-12,600104.SH,17.3,19.16,17.18,18.74,3107952,5716047137
2024-12-15,600104.SH,18.37,18.84,18.15,18.23,1542668,2839803056
2024-12-16,600104.SH,18.29,18.85,18.18,18.27,1248229,2313105400
2024-12-17,600104.SH,18.64,19.43,18.36,18.98,1543211,2905702147
2024-12-18,600104.SH,18.67,18.98,17.82,18.33,1257081,2306397255
2024-12-19,600104.SH,18.2,18.55,18,18.19,753674,1375913420
2024-12-22,600104.SH,18.16,18.62,17.88,18.13,806519,1471971784
2024-12-23,600104.SH,18.13,18.8,17.93,18.62,848343,1564780078
2024-12-24,600104.SH,18.61,19.4,18.54,18.85,1198248,2283769232
2024-12-25,600104.SH,18.88,19.28,18.7,18.84,953761,1809529481
2024-12-26,600104.SH,18.76,20.22,18.38,19.81,1723469,3342922928
2024-12-29,600104.SH,19.81,21.3,19.41,21.04,1829090,3725861723
2024-12-30,600104.SH,20.76,21.3,20.5,20.76,1218398,2542318942
2025-01-01,600104.SH,20.5,20.57,18.81,19.03,1424807,2794923975
2025-01-02,600104.SH,18.86,19.06,18,18.01,1080534,1991768794
2025-01-05,600104.SH,17.9,18.61,17.74,17.87,782387,1419052070
2025-01-06,600104.SH,17.95,18.61,17.81,18.59,624829,1142427803
2025-01-07,600104.SH,18.3,18.38,16.99,17.89,1391894,2439827665
2025-01-08,600104.SH,17.8,17.99,16.91,17.41,1341174,2326278296
2025-01-09,600104.SH,17.38,18.18,17.38,17.63,1170287,2086103490
2025-01-12,600104.SH,17.1,17.36,16.18,16.27,1351525,2246990679
2025-01-13,600104.SH,16.28,17.38,16.2,17.05,1186059,1986203256
2025-01-14,600104.SH,16.8,16.85,16.19,16.3,901678,1476843053
2025-01-15,600104.SH,16.3,17.12,16.3,16.88,1096777,1833632947
2025-01-16,600104.SH,16.77,16.91,16.52,16.8,612484,1023887191
2025-01-19,600104.SH,16.88,17.46,16.88,17.09,732571,1263511704
2025-01-20,600104.SH,17.2,17.32,16.82,16.91,496289,840807274
2025-01-21,600104.SH,16.67,16.72,16.13,16.27,733634,1196990015
2025-01-22,600104.SH,16.45,16.73,16.26,16.27,612377,1007430588
2025-01-23,600104.SH,16.26,17.07,16.2,16.94,911872,1529590448
2025-01-26,600104.SH,17.31,17.89,17.11,17.16,748092,1300160793
2025-02-04,600104.SH,17.3,17.3,16.93,17.05,619280,1058622017
2025-02-05,600104.SH,17,17.02,16.53,16.98,732232,1228558689
2025-02-06,600104.SH,17.1,18.44,17.05,18.05,1570985,2810974587
2025-02-09,600104.SH,18.5,19.25,18.08,18.18,1103578,2033510695
2025-02-10,600104.SH,18.2,19.79,17.63,19.01,1718536,3191712841
2025-02-11,600104.SH,18.6,18.76,18,18.4,1347180,2468807611
2025-02-12,600104.SH,18.4,18.95,18.21,18.53,1030029,1912087058
2025-02-13,600104.SH,18.4,18.7,18.08,18.33,762017,1398105274
2025-02-16,600104.SH,18.42,18.94,18,18.45,863175,1585605925
2025-02-17,600104.SH,18.39,18.39,17.5,17.58,864106,1551117876
2025-02-18,600104.SH,17.58,17.73,17.44,17.66,547142,962589556
2025-02-19,600104.SH,17.66,18.14,17.59,17.69,525472,933543315
2025-02-20,600104.SH,17.69,17.7,16.9,17.3,1081262,1855381180
2025-02-23,600104.SH,17.59,18,17.34,17.38,1276853,2243359477
2025-02-24,600104.SH,17.2,17.23,16.95,17.02,783527,1336941528
2025-02-25,600104.SH,17.09,17.09,16.7,16.88,725604,1219721788
2025-02-26,600104.SH,16.89,17.07,16.74,16.98,572306,968304806
2025-02-27,600104.SH,16.82,16.98,16.41,16.45,597078,992947072
2025-03-02,600104.SH,16.63,16.72,16.43,16.59,435724,721954973
2025-03-03,600104.SH,16.5,16.58,16.29,16.56,349710,574857457
2025-03-04,600104.SH,16.56,16.56,16.27,16.42,365623,598844785
2025-03-05,600104.SH,16.43,16.7,16.35,16.65,589270,976751812
2025-03-06,600104.SH,16.58,16.58,16.31,16.4,478316,784919728
2025-03-09,600104.SH,16.39,16.39,16.18,16.24,399528,648386528
2025-03-10,600104.SH,16.04,16.04,15.48,15.73,1018638,1594527639
2025-03-11,600104.SH,15.75,15.86,15.65,15.65,530636,834815486
2025-03-12,600104.SH,15.6,15.65,15.29,15.32,577448,890440632
2025-03-13,600104.SH,15.32,15.68,15.3,15.6,517058,802712680
2025-03-16,600104.SH,15.61,15.7,15.48,15.57,353262,550131360
2025-03-17,600104.SH,15.6,15.8,15.5,15.7,426141,667148743
2025-03-18,600104.SH,15.7,15.84,15.58,15.61,408958,642394660
2025-03-19,600104.SH,15.61,15.69,15.55,15.59,287621,449054381
2025-03-20,600104.SH,15.55,15.61,15.31,15.32,376165,580088801
2025-03-23,600104.SH,15.27,15.55,15.09,15.29,569387,867014180
2025-03-24,600104.SH,15.31,15.38,15.21,15.25,318380,486913952
2025-03-25,600104.SH,15.22,15.42,15.17,15.4,313317,480153792
2025-03-26,600104.SH,15.3,15.54,15.26,15.49,334443,516797371
2025-03-27,600104.SH,15.49,15.56,15.33,15.44,292876,452080968
2025-03-30,600104.SH,15.5,16.07,15.5,15.79,919038,1453040883
2025-03-31,600104.SH,15.77,15.9,15.54,15.72,403418,635170518
2025-04-01,600104.SH,15.75,15.79,15.51,15.66,305026,477401433
2025-04-02,600104.SH,15.5,15.68,15.37,15.47,322349,500002398
2025-04-06,600104.SH,14.6,14.75,13.92,13.92,900244,1273515628
2025-04-07,600104.SH,14,14.68,14,14.62,948158,1364778328
2025-04-08,600104.SH,14.49,15.2,14.2,15.2,721640,1057589805
2025-04-09,600104.SH,15.5,15.5,14.93,15.05,637357,962477108
2025-04-10,600104.SH,15.07,15.3,14.96,15.16,475906,722417980
2025-04-13,600104.SH,15.49,15.68,15.32,15.5,497161,772051744
2025-04-14,600104.SH,15.51,15.56,15.33,15.42,292013,450503140
2025-04-15,600104.SH,15.79,15.8,15.3,15.75,636201,992821343
2025-04-16,600104.SH,15.74,15.85,15.39,15.51,452840,704424840
2025-04-17,600104.SH,15.4,15.44,15.21,15.35,253082,387394421
2025-04-20,600104.SH,15.35,15.38,15.23,15.36,175815,269348933
2025-04-21,600104.SH,15.35,15.4,15.26,15.28,208720,319785903
2025-04-22,600104.SH,15.35,15.64,15.33,15.41,359907,556814883
2025-04-23,600104.SH,15.43,15.58,15.3,15.53,300948,464930915
2025-04-24,600104.SH,15.52,15.9,15.46,15.72,431211,677825910
2025-04-27,600104.SH,15.64,15.67,15.46,15.49,254862,395736436
2025-04-28,600104.SH,15.43,15.65,15.4,15.59,208498,324391489
2025-04-29,600104.SH,15.61,16.29,15.6,16.24,746947,1202133365
2025-05-05,600104.SH,16.28,16.39,16.17,16.38,549501,894394571
2025-05-06,600104.SH,16.68,16.68,16.34,16.47,485769,800875168
2025-05-07,600104.SH,16.33,16.68,16.3,16.54,287975,476779249
2025-05-08,600104.SH,16.55,16.61,16.27,16.55,314431,517810562
2025-05-11,600104.SH,16.6,16.69,16.37,16.45,338594,559025450
2025-05-12,600104.SH,16.61,16.86,16.46,16.63,395671,659220064
2025-05-13,600104.SH,16.59,16.7,16.49,16.68,293469,487784140
2025-05-14,600104.SH,16.68,16.82,16.57,16.72,321449,536983936
2025-05-15,600104.SH,16.7,16.9,16.5,16.89,348814,584568674
2025-05-18,600104.SH,16.82,16.86,16.65,16.68,216674,362127728
2025-05-19,600104.SH,16.66,16.85,16.6,16.81,256089,428532621
2025-05-20,600104.SH,16.81,17.01,16.76,16.86,316639,535747918
2025-05-21,600104.SH,16.88,17.26,16.8,17.14,463986,792423406
2025-05-22,600104.SH,17.1,17.32,16.87,16.87,525042,898340825
2025-05-25,600104.SH,16.75,16.83,16.35,16.45,408897,676467366
2025-05-26,600104.SH,16.45,16.55,16.2,16.3,288246,470650640
2025-05-27,600104.SH,16.39,16.46,16.1,16.18,217680,353584138
2025-05-28,600104.SH,16.16,16.38,16.16,16.23,287252,467274742
2025-05-29,600104.SH,16.17,16.31,16.1,16.21,225707,365307693
2025-06-02,600104.SH,15.81,15.82,14.96,15.26,1002261,1530994517
2025-06-03,600104.SH,15.4,15.49,15.31,15.39,386120,594613626
2025-06-04,600104.SH,15.44,15.54,15.35,15.42,294673,454171769
2025-06-05,600104.SH,15.4,15.42,15.12,15.33,389345,593674922
2025-06-08,600104.SH,15.29,15.73,15.29,15.69,478579,745904221
2025-06-09,600104.SH,15.72,15.92,15.51,15.59,349851,549985715
2025-06-10,600104.SH,15.61,16.19,15.61,16.04,533616,852596452
2025-06-11,600104.SH,16.01,16.18,15.91,16.15,290740,467482110
2025-06-12,600104.SH,16.07,16.16,15.91,16.12,402387,645226130
2025-06-15,600104.SH,15.99,16.13,15.84,15.97,271990,434237858
2025-06-16,600104.SH,15.97,16.14,15.88,15.97,169273,270971983
2025-06-17,600104.SH,15.95,15.98,15.74,15.77,205813,325850682
2025-06-18,600104.SH,15.7,15.76,15.55,15.59,177900,278183859
2025-06-19,600104.SH,15.55,15.66,15.47,15.53,215666,336016214
2025-06-22,600104.SH,15.52,15.66,15.5,15.58,141326,220170492
2025-06-23,600104.SH,15.68,16.08,15.67,16.08,307561,489717749
2025-06-24,600104.SH,16.08,16.24,15.95,16.2,264705,426757925
2025-06-25,600104.SH,16.1,16.24,16.01,16.05,252055,405605781
2025-06-26,600104.SH,16.04,16.15,15.98,16.04,190757,306247193
2025-06-29,600104.SH,16,16.1,15.91,16.05,188101,301094661
2025-06-30,600104.SH,16.01,16.11,15.96,15.96,169427,271096212
2025-07-01,600104.SH,16,16.14,15.83,16.1,272449,435952284
2025-07-02,600104.SH,16,16.29,16,16.28,241430,391285806
2025-07-03,600104.SH,16.3,17.2,16.28,17.06,871817,1479961434
2025-07-06,600104.SH,17.06,17.5,16.97,17.34,589220,1023192168
2025-07-07,600104.SH,17.28,17.54,17.16,17.47,433851,756261832
2025-07-08,600104.SH,17.44,17.59,17.21,17.23,351213,609478600
2025-07-09,600104.SH,17.23,17.39,16.99,17.11,427930,733862897
2025-07-10,600104.SH,17.2,17.48,17.03,17.03,518604,894709148
2025-07-13,600104.SH,17.11,18.18,17.11,17.75,919675,1629541016
2025-07-14,600104.SH,17.85,18.5,17.8,18.21,843867,1539555866
2025-07-15,600104.SH,18.21,18.25,17.88,17.94,497719,896326919
2025-07-16,600104.SH,18.06,18.15,17.88,17.92,469959,844673115
2025-07-17,600104.SH,18.01,18.1,17.72,17.86,395311,707795590
2025-07-20,600104.SH,17.86,17.92,17.53,17.68,571883,1010403983
2025-07-21,600104.SH,17.65,17.78,17.56,17.56,535030,944617015
2025-07-22,600104.SH,17.51,18,17.46,17.8,817582,1454726963
2025-07-23,600104.SH,17.78,17.99,17.53,17.6,620588,1100161330
2025-07-24,600104.SH,17.65,17.7,17.43,17.47,507571,889330729
2025-07-27,600104.SH,17.65,17.87,17.57,17.59,564152,999197619
2025-07-28,600104.SH,17.6,17.83,17.42,17.68,658821,1158449351
2025-07-29,600104.SH,17.68,17.99,17.48,17.55,643809,1137616508
2025-07-30,600104.SH,17.5,17.57,17.11,17.18,421885,729533379
2025-07-31,600104.SH,17.19,17.36,17.11,17.23,395411,681154536
2025-08-03,600104.SH,17.22,17.45,17.12,17.37,530062,916106438
2025-08-04,600104.SH,17.38,18.37,17.32,17.93,1124907,2013254270
2025-08-05,600104.SH,17.96,17.97,17.52,17.53,708571,1251078368
2025-08-06,600104.SH,17.6,17.76,17.24,17.41,568870,990409295
2025-08-07,600104.SH,17.35,17.51,17.27,17.38,312336,543634671
2025-08-10,600104.SH,17.39,17.87,17.38,17.6,560678,988011856
2025-08-11,600104.SH,17.66,18.25,17.6,18.01,858766,1544095016
2025-08-12,600104.SH,18.06,18.25,17.87,17.99,733560,1325081989
2025-08-13,600104.SH,18.05,18.22,17.9,18.06,661150,1194902416
2025-08-14,600104.SH,18.17,18.78,18.17,18.4,977635,1817051822
2025-08-17,600104.SH,18.67,18.75,18.25,18.25,853637,1574577536
2025-08-18,600104.SH,18.33,18.34,17.9,18,681514,1229606244
2025-08-19,600104.SH,18.03,19.8,17.98,19.8,2068801,3965074121
2025-08-20,600104.SH,20.15,20.15,19.6,19.8,1414310,2805687559
2025-08-21,600104.SH,19.89,20.27,19.74,20.21,984610,1975755067
2025-08-24,600104.SH,20.49,20.63,19.95,20.53,1381642,2800016576
2025-08-25,600104.SH,20.5,20.5,19.26,19.65,1666566,3285106392
2025-08-26,600104.SH,19.6,19.88,18.9,18.91,1230454,2380909488
2025-08-27,600104.SH,18.71,19.05,18.44,18.93,897318,1684483663
2025-08-28,600104.SH,19.09,19.36,18.75,18.79,1159683,2212218042
2025-08-31,600104.SH,18.79,19.54,18.79,19.04,1247194,2395244250
2025-09-01,600104.SH,19.16,19.38,18.8,18.95,739377,1406806550
2025-09-02,600104.SH,19.06,19.25,18.76,19.05,796342,1515869409
2025-09-03,600104.SH,19.01,19.17,18.47,18.7,920727,1730352341
2025-09-04,600104.SH,18.72,19.05,18.51,19.02,593743,1117633211
2025-09-07,600104.SH,19.03,19.33,18.92,18.95,628173,1195205613
2025-09-08,600104.SH,18.96,19.12,18.82,18.99,591410,1121592489
2025-09-09,600104.SH,18.93,19.02,18.72,18.85,400832,755302957
2025-09-10,600104.SH,18.9,18.97,18.64,18.97,483558,908306726
2025-09-11,600104.SH,18.91,19.01,18.5,18.55,630281,1181234375
2025-09-14,600104.SH,18.47,18.9,18.45,18.76,600091,1123956106
2025-09-15,600104.SH,18.8,19.26,18.56,18.68,746045,1404687932
2025-09-16,600104.SH,18.68,19.22,18.56,18.9,753093,1419843806
2025-09-17,600104.SH,18.9,19.25,18.61,18.81,770421,1461034180
2025-09-18,600104.SH,18.8,19.29,18.55,19.25,961335,1823066227
2025-09-21,600104.SH,19.25,19.34,18.81,19.06,727528,1384460832
2025-09-22,600104.SH,19.02,19.04,18.48,18.7,675955,1264384765
2025-09-23,600104.SH,18.25,18.25,17.26,17.66,1632927,2865139565
2025-09-24,600104.SH,17.46,17.57,17.1,17.16,1126570,1949912586
2025-09-25,600104.SH,17.09,17.5,17,17.04,794789,1365816754
2025-09-28,600104.SH,17.04,17.07,16.68,16.9,827755,1393669492
2025-09-29,600104.SH,16.93,17.12,16.87,17.12,516634,877638949
2025-10-08,600104.SH,17.38,17.57,17.16,17.52,865038,1505300159
2025-10-09,600104.SH,17.45,17.49,17.11,17.13,544025,941108416
2025-10-12,600104.SH,16.68,16.84,16.49,16.79,567543,947796768
2025-10-13,600104.SH,16.85,16.96,16.5,16.52,569021,950335623
2025-10-14,600104.SH,16.55,16.83,16.52,16.82,467747,781486823
2025-10-15,600104.SH,16.79,17.05,16.71,16.79,391357,658919591
2025-10-16,600104.SH,16.72,16.84,16.35,16.35,482267,796841306
2025-10-19,600104.SH,16.5,16.58,16.35,16.44,278644,458286387
2025-10-20,600104.SH,16.45,16.54,16.42,16.51,305766,504247351
2025-10-21,600104.SH,16.48,16.53,16.43,16.46,216589,356821701
2025-10-22,600104.SH,16.47,16.54,16.32,16.53,259890,426802335
2025-10-23,600104.SH,16.57,16.77,16.5,16.68,324315,538947066
2025-10-26,600104.SH,16.78,16.78,16.62,16.68,346446,578412975
2025-10-27,600104.SH,16.69,16.7,16.47,16.56,310389,513446452
2025-10-28,600104.SH,16.57,16.71,16.48,16.69,299162,496503111
2025-10-29,600104.SH,16.65,16.9,16.61,16.75,416172,698093303
2025-10-30,600104.SH,16.98,17.05,16.63,16.63,707531,1191475070
2025-11-02,600104.SH,16.63,16.69,16.07,16.22,880080,1428926751
2025-11-03,600104.SH,16.2,16.26,15.95,15.97,556628,893520383
2025-11-04,600104.SH,15.9,15.96,15.73,15.9,541624,858304034
2025-11-05,600104.SH,15.87,15.97,15.87,15.88,412012,655385822
2025-11-06,600104.SH,15.85,16.06,15.79,15.97,377213,602002358
2025-11-09,600104.SH,15.97,16.17,15.91,16.08,423718,680394905
2025-11-10,600104.SH,16.08,16.09,15.88,15.9,387363,618089837
2025-11-11,600104.SH,15.91,15.91,15.6,15.66,571782,899326364
2025-11-12,600104.SH,15.67,15.97,15.66,15.92,432107,685333231
2025-11-13,600104.SH,15.87,15.97,15.81,15.81,271168,430827774
2025-11-16,600104.SH,15.77,15.83,15.65,15.66,299459,470276981
2025-11-17,600104.SH,15.63,15.68,15.35,15.38,615254,951088208
2025-11-18,600104.SH,15.38,15.45,15.2,15.3,447379,685013325
2025-11-19,600104.SH,15.31,15.38,15.01,15.02,582764,881447862
2025-11-20,600104.SH,14.9,14.98,14.7,14.7,557144,824826194
2025-11-23,600104.SH,14.9,14.91,14.73,14.79,412585,611761898
2025-11-24,600104.SH,14.87,15,14.78,14.92,410402,612130583
2025-11-25,600104.SH,14.93,15.01,14.82,14.86,314007,468398627
2025-11-26,600104.SH,14.87,15.02,14.8,14.86,297988,444528834
2025-11-27,600104.SH,14.86,15,14.81,14.97,456105,680259556
2025-11-30,600104.SH,15.42,15.75,15.28,15.47,1783469,2766260508
2025-12-01,600104.SH,15.46,15.87,15.4,15.52,1004348,1566278598
2025-12-02,600104.SH,15.44,15.58,15.31,15.38,508234,782375655
2025-12-03,600104.SH,15.4,15.54,15.1,15.35,646184,991724164
2025-12-04,600104.SH,15.38,15.48,15.33,15.45,495064,762247806
2025-12-07,600104.SH,15.51,15.52,15.22,15.24,766182,1174135412
2025-12-08,600104.SH,15.21,15.39,15.13,15.15,530090,809054121
2025-12-09,600104.SH,15.11,15.36,15.01,15.35,484471,737738126
2025-12-10,600104.SH,15.28,15.54,15.23,15.48,726564,1123179758
2025-12-11,600104.SH,15.44,15.82,15.22,15.72,1511907,2352512390
2025-12-14,600104.SH,15.6,15.87,15.46,15.8,1002380,1573286580
2025-12-15,600104.SH,15.81,15.92,15.61,15.66,708305,1116292738
2025-12-16,600104.SH,15.61,15.72,15.53,15.65,456570,712943256
2025-12-17,600104.SH,15.61,15.61,15.47,15.48,392581,609643619
2025-12-18,600104.SH,15.48,15.74,15.46,15.71,471797,738087056
2025-12-21,600104.SH,15.72,15.84,15.58,15.59,509962,799208135
2025-12-22,600104.SH,15.58,15.59,15.45,15.49,328213,508494035
2025-12-23,600104.SH,15.46,15.49,15.35,15.44,349093,537959181
2025-12-24,600104.SH,15.43,15.51,15.37,15.44,260914,403111720
2025-12-25,600104.SH,15.41,15.64,15.4,15.49,393196,611192669
2025-12-28,600104.SH,15.5,15.52,15.35,15.37,370789,571992100
2025-12-29,600104.SH,15.34,15.39,15.24,15.35,310579,475621661
2025-12-30,600104.SH,15.36,15.49,15.22,15.22,344618,527406618
2026-01-04,600104.SH,15.25,15.29,15.15,15.26,515797,784597717
2026-01-05,600104.SH,15.23,15.55,15.21,15.54,682916,1053591347
2026-01-06,600104.SH,15.51,15.51,15.28,15.3,576518,885263986
2026-01-07,600104.SH,15.4,15.47,15.34,15.37,453470,698074506
2026-01-08,600104.SH,15.41,15.66,15.34,15.4,712336,1101693825
2026-01-11,600104.SH,15.4,15.45,15.32,15.42,617204,949286097
2026-01-12,600104.SH,15.59,15.97,15.44,15.49,1057974,1657583963
2026-01-13,600104.SH,15.49,15.57,15.02,15.08,1285764,1970581106
2026-01-14,600104.SH,15.02,15.14,14.84,14.87,851844,1273333511
2026-01-15,600104.SH,15.3,15.46,14.75,14.99,2006792,3033415889
2026-01-18,600104.SH,15.04,15.34,15.01,15.25,1103045,1678467600
2026-01-19,600104.SH,15.28,15.4,15.22,15.28,784916,1200119603
2026-01-20,600104.SH,15.24,15.25,15.1,15.12,753914,1142664576
2026-01-21,600104.SH,15.11,15.17,14.93,14.96,1032935,1550387681
2026-01-22,600104.SH,14.96,15.12,14.78,14.82,1852961,2757793989
2026-01-25,600104.SH,14.86,14.88,14.56,14.61,1116430,1635348597
2026-01-26,600104.SH,14.58,14.62,14.34,14.38,827145,1193303207
2026-01-27,600104.SH,14.39,14.42,14.18,14.2,951825,1354819045
2026-01-28,600104.SH,14.15,14.37,14.02,14.37,1213774,1719388540
2026-01-29,600104.SH,14.35,14.35,14.06,14.14,718645,1020737062
2026-02-01,600104.SH,14.13,14.27,14.04,14.05,661000,936240784
2026-02-02,600104.SH,14.15,14.28,14.1,14.26,552510,784352985
2026-02-03,600104.SH,14.21,14.44,14.19,14.43,656509,941455665
2026-02-04,600104.SH,14.43,14.53,14.38,14.48,550671,797086407
2026-02-05,600104.SH,14.42,14.53,14.33,14.45,402586,581821044
2026-02-08,600104.SH,14.53,14.54,14.45,14.5,409316,593103440
2026-02-09,600104.SH,14.51,14.58,14.45,14.48,404334,585893823
2026-02-10,600104.SH,14.47,14.55,14.46,14.51,335775,487279677
2026-02-11,600104.SH,14.49,14.52,14.38,14.4,364309,525219890
2026-02-12,600104.SH,14.38,14.44,14.31,14.32,391312,562565728
2026-02-23,600104.SH,14.4,14.43,14.31,14.42,354609,510050439
2026-02-24,600104.SH,14.42,14.6,14.38,14.41,741773,1073973349
2026-02-25,600104.SH,14.42,14.43,14.26,14.3,468733,670902941
2026-02-26,600104.SH,14.26,14.36,14.26,14.33,397168,568668794
2026-03-01,600104.SH,14.19,14.35,14.11,14.28,605897,862551186
2026-03-02,600104.SH,14.26,14.39,14.08,14.08,623599,885768524
2026-03-03,600104.SH,13.99,13.99,13.74,13.74,748129,1035201159
2026-03-04,600104.SH,13.88,14.22,13.87,14.14,665686,935906319
2026-03-05,600104.SH,14.1,14.17,14.05,14.16,355862,501912106
2026-03-08,600104.SH,14,14.02,13.88,13.95,596994,832246908
2026-03-09,600104.SH,14,14.06,13.95,14.05,441442,618406540
2026-03-10,600104.SH,14.05,14.32,14.04,14.29,632343,899619429
2026-03-11,600104.SH,14.27,14.42,14.23,14.4,541553,776610011
2026-03-12,600104.SH,14.36,14.7,14.31,14.63,1093037,1595607499
2026-03-15,600104.SH,14.62,14.82,14.53,14.64,694842,1020672762
2026-03-16,600104.SH,14.62,14.8,14.61,14.63,528525,778139125
2026-03-17,600104.SH,14.68,14.7,14.33,14.4,627106,904855316
2026-03-18,600104.SH,14.3,14.49,14.24,14.28,451761,648316780
2026-03-19,600104.SH,14.28,14.45,14.2,14.28,558765,800936065
2026-03-22,600104.SH,14.17,14.33,13.88,13.93,630877,887062576
2026-03-23,600104.SH,14.05,14.11,13.73,14.08,564189,785863724
2026-03-24,600104.SH,14.09,14.54,14.02,14.5,647413,930535466
2026-03-25,600104.SH,14.47,14.62,14.33,14.35,473709,685887960
2026-03-26,600104.SH,14.28,14.46,14.26,14.4,403852,580836998
2026-03-29,600104.SH,14.26,14.43,14.1,14.38,434464,620537250
2026-03-30,600104.SH,14.38,14.79,14.37,14.59,658803,965828934
2026-03-31,600104.SH,14.76,14.84,14.62,14.82,714312,1054221740
2026-04-01,600104.SH,14.83,14.83,14.26,14.31,1073884,1544171800
2026-04-02,600104.SH,14.32,14.33,14.06,14.08,439571,622049105
2026-04-06,600104.SH,14.07,14.11,13.89,13.94,442192,617677215
2026-04-07,600104.SH,14.1,14.24,14.03,14.23,559536,791907675
2026-04-08,600104.SH,14.13,14.15,13.95,14.02,441956,620348154
2026-04-09,600104.SH,14.09,14.21,14.04,14.15,433451,613864734
2026-04-12,600104.SH,14.06,14.18,14.01,14.15,314864,444357111
2026-04-13,600104.SH,14.14,14.19,14.02,14.11,439748,619022955
2026-04-14,600104.SH,14.14,14.16,14.03,14.04,369455,520288523
2026-04-15,600104.SH,14.04,14.12,14.02,14.05,429625,603621699
2026-04-16,600104.SH,14.05,14.05,13.9,13.92,525170,731829169
2026-04-19,600104.SH,13.94,13.95,13.86,13.9,386581,537445854
2026-04-20,600104.SH,13.91,13.91,13.78,13.84,378505,523109549
2026-04-21,600104.SH,13.85,13.85,13.75,13.83,354031,488463635
2026-04-22,600104.SH,13.85,13.99,13.83,13.89,411757,572547535
2026-04-23,600104.SH,13.86,13.87,13.67,13.71,402940,552621378
2026-04-26,600104.SH,13.68,13.75,13.6,13.7,310092,424304384
2026-04-27,600104.SH,13.69,13.69,13.57,13.6,353226,480732042
2026-04-28,600104.SH,13.57,13.7,13.55,13.69,340196,464735450
2026-04-29,600104.SH,13.94,13.97,13.75,13.78,405559,560171844
2026-05-05,600104.SH,13.77,13.78,13.61,13.67,504993,690695850
2026-05-06,600104.SH,13.68,13.7,13.57,13.59,362370,493082950
2026-05-07,600104.SH,13.57,13.71,13.51,13.64,413321,562341867
2026-05-10,600104.SH,13.62,13.62,13.53,13.56,379901,514815967
2026-05-11,600104.SH,13.54,13.55,13.39,13.4,412519,555119303
2026-05-12,600104.SH,13.4,13.44,13.28,13.3,392722,523274278
2026-05-13,600104.SH,13.29,13.31,13.03,13.07,468052,614099811
2026-05-14,600104.SH,13.08,13.13,12.92,12.94,412531,536616882
2026-05-17,600104.SH,12.92,12.92,12.61,12.65,493566,626602663
2026-05-18,600104.SH,12.67,12.79,12.57,12.64,330057,417967358
2026-05-19,600104.SH,12.64,12.64,12.35,12.39,398387,494708327
2026-05-20,600104.SH,12.41,12.63,12.38,12.4,437281,546738796
2026-05-21,600104.SH,12.41,12.5,12.22,12.48,374083,463724850
2026-05-24,600104.SH,12.49,12.59,12.29,12.33,329739,408624248
2026-05-25,600104.SH,12.3,12.43,12.18,12.26,359331,440921144
2026-05-26,600104.SH,12.26,12.33,12.07,12.12,371008,450658168
2026-05-27,600104.SH,12.11,12.15,11.97,12.04,355354,428009740
2026-05-28,600104.SH,12.05,12.32,11.99,12.32,511411,623048950
2026-05-31,600104.SH,12.1,12.28,12.01,12.21,411230,499901518
2026-06-01,600104.SH,12.23,12.35,12.14,12.28,389524,477520671
2026-06-02,600104.SH,12.26,12.27,12.07,12.08,351957,426522066
2026-06-03,600104.SH,12.07,12.13,11.77,11.82,453121,539074212
2026-06-04,600104.SH,11.78,11.91,11.75,11.77,336948,398630729
2026-06-07,600104.SH,11.67,11.77,11.41,11.47,518510,598220065
2026-06-08,600104.SH,11.51,11.53,11.24,11.32,453679,514097720
2026-06-09,600104.SH,11.25,11.3,11,11.09,652323,724056456
2026-06-10,600104.SH,11.03,11.08,10.71,10.87,954455,1034658720
2026-06-11,600104.SH,10.86,11.03,10.81,10.92,1451319,1583827981
2026-06-14,600104.SH,10.97,11.12,10.72,10.79,1070819,1166585130
2026-06-15,600104.SH,10.79,10.82,10.63,10.65,684644,732199876
2026-06-16,600104.SH,10.6,10.63,10.45,10.56,774142,815333244
2026-06-17,600104.SH,10.57,10.62,10.33,10.46,882271,924831965
2026-06-21,600104.SH,10.46,10.55,10.18,10.5,761478,788344239
2026-06-22,600104.SH,10.45,10.73,10.28,10.31,742227,777794571
2026-06-23,600104.SH,10.38,10.4,10.07,10.08,605454,616129694
2026-06-24,600104.SH,10.05,10.2,9.97,10.06,687606,692509546
2026-06-25,600104.SH,10.05,10.07,9.73,9.73,658021,648126133
2026-06-28,600104.SH,9.66,9.88,9.44,9.82,771279,748338762
2026-06-29,600104.SH,9.76,9.85,9.62,9.76,548587,533012905
2026-06-30,600104.SH,9.75,9.89,9.65,9.78,575377,562317663
2026-07-01,600104.SH,9.84,10.08,9.8,9.88,798199,790073991
2026-07-02,600104.SH,9.9,10.17,9.88,10.11,764651,769503381
2026-07-05,600104.SH,10.13,10.27,10.03,10.26,630941,643999326
2026-07-06,600104.SH,10.26,10.32,10.05,10.13,528178,535699368
2026-07-07,600104.SH,10.08,10.16,9.95,10.02,363748,365375014
2026-07-08,600104.SH,10.01,10.01,9.86,9.91,430145,426458272
2026-07-09,600104.SH,9.92,10.25,9.82,10.12,713749,720398487
2026-07-12,600104.SH,10.01,10.06,9.89,9.94,520270,517355428
2026-07-13,600104.SH,9.9,10.07,9.86,10.05,483303,482845702
2026-07-14,600104.SH,10.02,10.38,10,10.34,651286,669597410
2026-07-15,600104.SH,10.3,10.6,10.24,10.52,642233,672702106
2026-07-16,600104.SH,10.51,10.66,10.31,10.39,602049,629954180
2026-07-19,600104.SH,10.3,10.61,10.3,10.6,732248,767837051
2026-07-20,600104.SH,10.6,10.81,10.43,10.46,876255,929561250
2026-07-21,600104.SH,10.44,10.54,10.29,10.53,567681,591795423
2026-07-22,600104.SH,10.49,10.62,10.42,10.61,378301,399246423
2026-07-23,600104.SH,10.47,10.64,10.38,10.38,404018,423163934
2026-07-26,600104.SH,10.38,10.53,10.37,10.44,371699,388843844
2026-07-27,600104.SH,10.4,10.58,10.38,10.58,448523,471445115
2026-07-28,600104.SH,10.59,10.85,10.56,10.77,589284,634577275
2026-07-29,600104.SH,10.78,11.16,10.73,11.15,848674,936096754
2026-07-30,600104.SH,11,11.33,10.95,11.32,887260,988189978
2026-08-02,600104.SH,11.18,11.37,11.17,11.25,623805,702189396
2026-08-03,600104.SH,11.22,11.27,10.96,10.98,678742,749421267
2026-08-04,600104.SH,11,11.03,10.83,10.86,559869,610101003
2026-08-05,600104.SH,10.9,10.93,10.66,10.77,582478,627418879
2026-08-06,600104.SH,10.54,10.56,10.4,10.45,460430,481251540
2026-08-09,600104.SH,10.48,10.61,10.43,10.48,505537,531846192
2026-08-10,600104.SH,10.5,10.52,10.29,10.3,518207,537516168
2026-08-11,600104.SH,10.29,10.39,10.23,10.37,342154,352859267
2026-08-12,600104.SH,10.37,10.37,10.16,10.17,396415,405863495
2026-08-13,600104.SH,10.15,10.19,10.1,10.1,282863,286399681
2026-08-16,600104.SH,10.07,10.1,9.98,10.07,316628,318043743
2026-08-17,600104.SH,10.04,10.07,9.93,10.01,373145,373098222
2026-08-18,600104.SH,10,10.06,9.96,9.99,353806,353879030
2026-08-19,600104.SH,9.99,10.19,9.98,10.18,429155,433985207
2026-08-20,600104.SH,10.15,10.15,10.03,10.14,282092,284756473
2026-08-23,600104.SH,10.16,10.27,10.11,10.19,313583,320205445
2026-08-24,600104.SH,10.23,10.32,10.19,10.31,350414,359628424
2026-08-25,600104.SH,10.3,10.45,10.27,10.39,327989,341026321
2026-08-26,600104.SH,10.4,10.4,10.21,10.24,353043,362315428
2026-08-27,600104.SH,10.22,10.36,10.18,10.34,313261,322015102
2026-08-30,600104.SH,10.37,10.42,10.31,10.4,452704,468918907
2026-08-31,600104.SH,10.35,10.54,10.34,10.49,451255,473338077
2026-09-01,600104.SH,10.46,10.5,10.3,10.36,318841,330281411
2026-09-02,600104.SH,10.32,10.41,10.32,10.34,250048,259306103
2026-09-03,600104.SH,10.37,10.54,10.36,10.47,416870,437275595
2026-09-06,600104.SH,10.47,10.6,10.44,10.58,411659,432857721
2026-09-07,600104.SH,10.6,10.72,10.56,10.71,436380,464933872
2026-09-08,600104.SH,10.71,10.99,10.67,10.93,666686,724944527
2026-09-09,600104.SH,10.91,11.19,10.81,11.15,949985,1054330756
2026-09-10,600104.SH,11.09,11.84,11.09,11.72,2229075,2579279944
2026-09-13,600104.SH,11.73,11.89,11.63,11.63,1158470,1362939847
2026-09-14,600104.SH,11.6,11.73,11.3,11.33,922111,1058767327
2026-09-15,600104.SH,11.3,11.37,11.06,11.3,693055,776351250
2026-09-16,600104.SH,11.25,11.35,11.15,11.19,469267,527210446
2026-09-17,600104.SH,11.16,11.22,11.04,11.1,469683,522588496
2026-09-20,600104.SH,11.1,11.1,11.01,11.06,335208,370394527
2026-09-21,600104.SH,11.08,11.1,11.01,11.07,304714,336789328
2026-09-22,600104.SH,11.05,11.06,10.87,10.87,391767,429037010
2026-09-23,600104.SH,10.83,10.93,10.71,10.72,324068,349291881
2026-09-27,600104.SH,10.7,10.9,10.69,10.77,373730,403218127
2026-09-28,600104.SH,10.76,10.84,10.67,10.71,323449,347169939
2026-09-29,600104.SH,10.71,10.95,10.67,10.88,406684,441290499
2022-08-16,601633.SH,31.54,32.1,30.8,31.9,321559,1012671334
2022-08-17,601633.SH,31.85,32.23,31.18,31.28,263546,832054829
2022-08-18,601633.SH,31.3,31.37,30.53,30.59,207522,640687659
2022-08-21,601633.SH,30.69,33.65,30.64,33.65,804537,2637354755
2022-08-22,601633.SH,33.9,34.65,33.39,34.35,733647,2489458920
2022-08-23,601633.SH,34.31,34.32,33.39,33.43,366547,1236252496
2022-08-24,601633.SH,33.67,35.14,33.1,34.99,607187,2090577595
2022-08-25,601633.SH,34.89,35.72,34.26,35.35,563505,1973221949
2022-08-28,601633.SH,34.47,35.14,33.62,33.96,371456,1270385947
2022-08-29,601633.SH,33.96,35.15,33.71,34.2,304274,1051331541
2022-08-30,601633.SH,33.61,33.86,32.19,33.46,380031,1248418913
2022-08-31,601633.SH,32.79,33,32.2,32.25,240395,783201916
2022-09-01,601633.SH,32.31,32.47,31.25,31.65,238697,757107256
2022-09-04,601633.SH,31.66,31.69,30.17,31.19,286647,884438056
2022-09-05,601633.SH,31.33,32.03,31.3,31.84,221161,702448934
2022-09-06,601633.SH,31.53,32.7,31.38,32.09,233982,752523899
2022-09-07,601633.SH,32.09,32.52,30.85,30.98,258716,817219638
2022-09-08,601633.SH,31.09,31.48,30.7,31.31,210716,655913675
2022-09-12,601633.SH,31.56,32.42,31.42,32,221231,706900546
2022-09-13,601633.SH,31.45,32.25,31.2,31.74,236061,747163010
2022-09-14,601633.SH,31.84,32,30.2,30.57,262571,811738814
2022-09-15,601633.SH,30.3,30.57,28.88,28.88,317025,932547823
2022-09-18,601633.SH,28.99,30.5,28.99,29.98,318761,953326191
2022-09-19,601633.SH,30.35,30.82,29.7,29.83,209996,634012740
2022-09-20,601633.SH,29.57,29.8,29.02,29.44,172182,506438004
2022-09-21,601633.SH,29,29,28.33,28.63,192528,552756584
2022-09-22,601633.SH,28.75,29.22,28.05,28.49,171190,488556835
2022-09-25,601633.SH,28.42,29.13,28.11,28.7,178827,514455156
2022-09-26,601633.SH,28.75,29.4,28.75,29.39,180499,524907309
2022-09-27,601633.SH,29.37,29.38,28.1,28.11,183665,523921098
2022-09-28,601633.SH,28.65,28.8,28.02,28.1,171045,484287368
2022-09-29,601633.SH,28.05,28.35,27.68,27.8,151082,422627392
2022-10-09,601633.SH,27.01,27.36,26,26.12,234567,619552786
2022-10-10,601633.SH,26.07,26.36,25.49,26.09,168905,436241075
2022-10-11,601633.SH,26.03,26.96,25.51,26.94,189805,497424008
2022-10-12,601633.SH,26.85,27.21,26.4,26.43,161273,430530830
2022-10-13,601633.SH,26.77,27.27,26.51,26.97,187601,504572924
2022-10-16,601633.SH,27.5,27.8,26.97,27.49,241145,660594182
2022-10-17,601633.SH,28,28.47,27.43,27.52,246536,686378439
2022-10-18,601633.SH,27.28,27.7,26.8,26.83,169531,460528247
2022-10-19,601633.SH,26.42,27,26.21,26.46,174087,461187492
2022-10-20,601633.SH,26.77,26.86,26.21,26.28,128103,338973759
2022-10-23,601633.SH,27,28.05,26.6,27.05,368324,1008044748
2022-10-24,601633.SH,27.05,27.58,25.88,27.21,256182,685286513
2022-10-25,601633.SH,27.26,28.2,26.97,27.89,308837,857597318
2022-10-26,601633.SH,28.15,30.09,27.9,29.3,459974,1340366061
2022-10-27,601633.SH,29.3,29.75,28.51,28.95,333646,968179561
2022-10-30,601633.SH,28.5,29.6,28.46,29.16,245094,713294646
2022-10-31,601633.SH,29.22,29.65,28.7,29.47,236657,691104376
2022-11-01,601633.SH,29.02,30.49,28.97,30.01,335058,997987222
2022-11-02,601633.SH,29.69,30.25,29.1,29.24,239943,710388902
2022-11-03,601633.SH,29.13,32,29.12,31.2,444802,1354055415
2022-11-06,601633.SH,30.73,31.41,30.51,30.92,236709,732619251
2022-11-07,601633.SH,30.88,31.21,30.45,30.71,174420,535371525
2022-11-08,601633.SH,30.8,30.93,30.2,30.23,139106,424074663
2022-11-09,601633.SH,29.97,30.6,29.52,30.24,210186,632429661
2022-11-10,601633.SH,31.31,31.48,30.3,30.62,236675,727916735
2022-11-13,601633.SH,30.77,31.1,30.09,30.18,161405,493523571
2022-11-14,601633.SH,30,30.95,29.68,30.8,163589,499289396
2022-11-15,601633.SH,30.65,31.05,30.1,30.11,139534,425004212
2022-11-16,601633.SH,29.75,29.75,28.68,29.24,264498,769257462
2022-11-17,601633.SH,29.56,29.67,29.01,29.03,150013,439905748
2022-11-20,601633.SH,28.93,29.43,28.35,29.18,128925,374079448
2022-11-21,601633.SH,29.25,29.48,28.76,28.92,106866,310082675
2022-11-22,601633.SH,28.8,29.19,28.72,28.86,93601,270567096
2022-11-23,601633.SH,29.11,29.25,28.71,28.89,110687,320090678
2022-11-24,601633.SH,28.75,28.82,28.31,28.48,134962,384937776
2022-11-27,601633.SH,28.15,28.85,27.59,28.72,149214,422386802
2022-11-28,601633.SH,28.72,29.45,28.51,29.29,163842,475848005
2022-11-29,601633.SH,29.3,32.22,29.24,31.98,716789,2249576889
2022-11-30,601633.SH,32.48,33.9,31.93,32.08,544308,1773880171
2022-12-01,601633.SH,32.06,32.07,31.19,31.21,236454,744761482
2022-12-04,601633.SH,31.52,31.78,30.94,31.15,219850,688170050
2022-12-05,601633.SH,30.85,32.6,30.63,31.65,288990,915360784
2022-12-06,601633.SH,31.67,32.43,31.67,31.84,240584,769361014
2022-12-07,601633.SH,31.5,32.1,31.35,31.55,158897,503784103
2022-12-08,601633.SH,31.12,31.79,31.01,31.55,181463,569405527
2022-12-11,601633.SH,31.16,31.5,30.75,30.96,144083,446525044
2022-12-12,601633.SH,30.8,31.95,30.77,31,136602,428955405
2022-12-13,601633.SH,30.88,31.01,30.4,30.75,119116,365832527
2022-12-14,601633.SH,30.75,31.35,30.45,31.11,174191,538538581
2022-12-15,601633.SH,30.68,31.08,30.35,30.53,143094,437395995
2022-12-18,601633.SH,30.76,31.69,30.1,30.21,205776,635153841
2022-12-19,601633.SH,30.04,30.2,29.1,29.81,177596,526038119
2022-12-20,601633.SH,29.92,30.1,29.14,29.27,142817,420629048
2022-12-21,601633.SH,29.66,31.2,29.36,30.51,313280,948624936
2022-12-22,601633.SH,30.31,30.37,29.35,29.55,169185,504470900
2022-12-25,601633.SH,29.32,30.2,28.99,30.05,139877,417376722
2022-12-26,601633.SH,30.02,30.3,29.68,30.22,130502,391681450
2022-12-27,601633.SH,29.81,29.86,28.78,29.22,189500,552937259
2022-12-28,601633.SH,29.08,29.79,28.87,29.3,118163,347111461
2022-12-29,601633.SH,29.81,30.43,29.57,29.62,206476,619760616
2023-01-02,601633.SH,28.88,29.35,28.55,29.1,244961,708545595
2023-01-03,601633.SH,28.81,29,28.4,28.64,158198,453634884
2023-01-04,601633.SH,29,29.6,28.88,29.09,203881,595200682
2023-01-05,601633.SH,29,29.75,28.9,29.32,158477,466704720
2023-01-08,601633.SH,29.32,29.68,29.1,29.19,171943,503502079
2023-01-09,601633.SH,29.37,30.5,28.81,30.24,341063,1015048427
2023-01-10,601633.SH,29.7,30.24,29.51,29.63,244480,729379083
2023-01-11,601633.SH,29.69,30.66,29.65,29.92,225571,679992704
2023-01-12,601633.SH,29.86,30.47,29.12,29.41,274595,812423818
2023-01-15,601633.SH,29.56,29.88,29.2,29.64,187684,555384677
2023-01-16,601633.SH,29.8,30.09,29.52,29.78,135267,403607134
2023-01-17,601633.SH,29.85,30.52,29.8,29.94,192845,581691273
2023-01-18,601633.SH,29.76,30.18,29.69,29.86,123597,369433579
2023-01-19,601633.SH,29.86,30.48,29.86,30.4,178957,540663157
2023-01-29,601633.SH,31.53,32.44,30.87,31.05,378913,1200835364
2023-01-30,601633.SH,31.01,31.38,30.83,30.94,179944,559019490
2023-01-31,601633.SH,30.94,32.39,30.94,32.35,334995,1067097163
2023-02-01,601633.SH,32.4,33.16,32.15,32.46,312108,1021568215
2023-02-02,601633.SH,32.36,32.6,31.69,32.1,163487,523857326
2023-02-05,601633.SH,32.1,32.35,31.45,31.5,136900,433499922
2023-02-06,601633.SH,31.46,31.75,31.2,31.46,102249,320725739
2023-02-07,601633.SH,31.1,31.76,30.72,31.31,145439,453904135
2023-02-08,601633.SH,31.05,31.8,30.94,31.63,134244,421839401
2023-02-09,601633.SH,31.58,32,31.2,31.29,124295,392293189
2023-02-12,601633.SH,31,31.82,30.56,31.62,192474,605684386
2023-02-13,601633.SH,31.77,32.88,31.49,32.78,282578,911834610
2023-02-14,601633.SH,33.2,33.4,32.65,32.86,247890,818244363
2023-02-15,601633.SH,33.1,33.8,32.51,32.7,282857,941254513
2023-02-16,601633.SH,32.72,33.46,32.52,32.59,178868,588088899
2023-02-19,601633.SH,32.67,32.82,31.68,32.61,209210,675446248
2023-02-20,601633.SH,32.7,34.5,32.61,34.14,370525,1257276771
2023-02-21,601633.SH,33.94,34.56,33.6,34.31,224571,767755183
2023-02-22,601633.SH,34.43,35.97,34.35,35.64,336792,1196140064
2023-02-23,601633.SH,35.5,35.88,34.18,34.33,299516,1039429295
2023-02-26,601633.SH,33.9,34.99,33.83,34.55,200891,695109267
2023-02-27,601633.SH,34.43,34.91,33.78,34.49,242976,830665263
2023-02-28,601633.SH,34.27,35.73,33.85,35.41,246502,864677233
2023-03-01,601633.SH,35.19,35.66,34.81,34.85,155596,546645481
2023-03-02,601633.SH,34.89,35.2,34.47,34.81,111625,388059459
2023-03-05,601633.SH,34.6,34.78,33.84,34.72,155850,533229303
2023-03-06,601633.SH,34.52,34.9,33.9,33.95,159013,544995885
2023-03-07,601633.SH,33.68,34,33.53,33.97,127154,429202055
2023-03-08,601633.SH,34.07,34.17,33.21,33.6,234848,786113294
2023-03-09,601633.SH,33.21,33.21,30.24,30.24,654937,2024893017
2023-03-12,601633.SH,29.06,29.46,28.3,28.49,443194,1270233395
2023-03-13,601633.SH,28.4,28.6,27.11,27.27,532310,1467676498
2023-03-14,601633.SH,27.39,27.53,26.81,26.9,346279,937725707
2023-03-15,601633.SH,26.65,27.22,26.44,26.79,231204,621946040
2023-03-16,601633.SH,26.96,27.15,26.38,26.49,261295,698708717
2023-03-19,601633.SH,26.49,26.65,25.97,26.11,206648,542935468
2023-03-20,601633.SH,26.36,27,26.04,26.93,244337,651404107
2023-03-21,601633.SH,27.2,27.37,26.7,27.06,264705,716283886
2023-03-22,601633.SH,26.98,27.17,26.62,27.14,144857,390766503
2023-03-23,601633.SH,27.2,27.35,26.9,27.03,125303,339288202
2023-03-26,601633.SH,27,27.15,26.76,27.08,112520,303605941
2023-03-27,601633.SH,27.08,28.53,26.98,28.36,318794,886697256
2023-03-28,601633.SH,28.28,28.53,27.81,27.83,194149,544940780
2023-03-29,601633.SH,27.83,28.4,27.4,28.24,190915,533600301
2023-03-30,601633.SH,28.57,28.6,27.84,27.93,188421,529674220
2023-04-02,601633.SH,27.93,28,27.19,27.32,266927,731094045
2023-04-03,601633.SH,27.19,27.24,26.57,26.96,263250,706689836
2023-04-05,601633.SH,26.91,27.07,26.63,26.81,124498,333253231
2023-04-06,601633.SH,26.72,27.34,26.68,27.27,155081,419754594
2023-04-09,601633.SH,27.21,27.47,26.8,27.01,153767,416552745
2023-04-10,601633.SH,26.86,27.1,26.44,26.82,202963,542070952
2023-04-11,601633.SH,26.84,26.88,26.37,26.42,121076,320959686
2023-04-12,601633.SH,26.33,26.42,25.81,25.86,220765,574153135
2023-04-13,601633.SH,26.71,28.25,26.33,27.68,604114,1667446026
2023-04-16,601633.SH,27.28,29.2,27.27,29.1,471486,1347963448
2023-04-17,601633.SH,29.1,30.08,29.1,29.65,406242,1207934330
2023-04-18,601633.SH,29.6,29.6,28.62,29.06,342038,993385205
2023-04-19,601633.SH,28.79,28.79,28,28.17,216102,611557179
2023-04-20,601633.SH,27.98,28.32,27.36,27.37,199933,555166896
2023-04-23,601633.SH,26.67,28.65,25.7,27.94,348368,958083680
2023-04-24,601633.SH,27.95,27.95,26.35,26.6,218263,584831144
2023-04-25,601633.SH,26.56,27.56,26.4,26.92,151368,410292332
2023-04-26,601633.SH,26.79,27.66,26.62,27.24,160504,437694172
2023-04-27,601633.SH,27.22,27.7,26.71,26.86,165638,446985675
2023-05-03,601633.SH,26.86,27.07,26.42,26.54,133449,355921836
2023-05-04,601633.SH,26.54,26.74,25.95,26.06,140349,367408970
2023-05-07,601633.SH,26.2,26.84,26.09,26.23,131208,346244657
2023-05-08,601633.SH,26.33,26.95,26.01,26.52,184062,488049107
2023-05-09,601633.SH,26.5,28.35,26.3,28.31,389688,1070501773
2023-05-10,601633.SH,27.96,29.12,27.52,28.32,304894,865055646
2023-05-11,601633.SH,28.23,28.62,27.73,27.77,141041,395828588
2023-05-14,601633.SH,27.77,28.3,27.75,28.14,121722,340894127
2023-05-15,601633.SH,28.48,28.48,27.07,27.21,172770,473538564
2023-05-16,601633.SH,27.2,27.44,26.6,26.95,127084,342285606
2023-05-17,601633.SH,26.98,27.25,26.52,26.79,111864,300294151
2023-05-18,601633.SH,26.79,26.95,26.5,26.88,84317,226022085
2023-05-21,601633.SH,26.88,27.43,26.6,27.2,131562,356714654
2023-05-22,601633.SH,27.15,27.48,26.67,26.7,112141,302700578
2023-05-23,601633.SH,26.51,26.88,26.31,26.43,95305,252898047
2023-05-24,601633.SH,26.34,26.4,24.5,24.8,350316,885743157
2023-05-25,601633.SH,24.57,24.57,23.16,23.74,424902,1007111393
2023-05-28,601633.SH,23.72,23.72,22.65,22.7,458439,1049763097
2023-05-29,601633.SH,22.57,23.45,22.42,23,320616,736062614
2023-05-30,601633.SH,22.91,23,22.46,22.59,185337,420331156
2023-05-31,601633.SH,22.7,23.18,22.55,22.82,182442,417569762
2023-06-01,601633.SH,22.82,23.6,22.73,23.58,263969,614856683
2023-06-04,601633.SH,23.69,23.79,23,23.4,170860,399112138
2023-06-05,601633.SH,23.6,23.96,23.23,23.35,175042,412569648
2023-06-06,601633.SH,23.38,23.46,22.78,23.09,168477,387880538
2023-06-07,601633.SH,23.08,23.29,22.85,23.02,110661,255095973
2023-06-08,601633.SH,23.31,23.57,23.04,23.23,194663,452966413
2023-06-11,601633.SH,23.15,23.86,23.03,23.71,236224,557287314
2023-06-12,601633.SH,23.7,24.19,23.65,24.06,198897,476319254
2023-06-13,601633.SH,24.2,24.44,24,24.13,178288,432335838
2023-06-14,601633.SH,24.11,25.25,24.05,24.82,276911,686905698
2023-06-15,601633.SH,24.91,25.36,24.67,24.85,213228,530396147
2023-06-18,601633.SH,24.85,25.63,24.79,25.36,279533,706259404
2023-06-19,601633.SH,25.35,25.35,24.87,25.06,165953,415720939
2023-06-20,601633.SH,24.94,25.56,24.85,25.08,206606,521712174
2023-06-25,601633.SH,24.95,26,24.8,25.18,254958,648274670
2023-06-26,601633.SH,25.02,25.24,24.42,25.1,199932,496042277
2023-06-27,601633.SH,25.12,25.55,24.71,24.93,138822,346990622
2023-06-28,601633.SH,24.95,25.4,24.85,25.12,152747,384224734
2023-06-29,601633.SH,25.1,25.46,24.86,25.17,105813,266635078
2023-07-02,601633.SH,25.4,26.22,25.35,26.16,317672,825057781
2023-07-03,601633.SH,26.2,26.5,25.77,26.22,248350,650996231
2023-07-04,601633.SH,26.18,26.19,25.73,25.74,158315,409750346
2023-07-05,601633.SH,25.67,26.17,25.46,25.98,148488,384683801
2023-07-06,601633.SH,25.89,26.18,25.72,25.91,111377,288571211
2023-07-09,601633.SH,25.91,26.3,25.51,25.62,98491,254018204
2023-07-10,601633.SH,25.8,26.36,25.6,26.22,163248,425997563
2023-07-11,601633.SH,26.24,26.76,25.93,26.01,170670,449188504
2023-07-12,601633.SH,25.7,25.95,25.39,25.67,104982,268718096
2023-07-13,601633.SH,25.63,25.66,25.2,25.4,88287,224116392
2023-07-16,601633.SH,25.3,25.3,24.7,25.04,105892,263575520
2023-07-17,601633.SH,25.06,25.67,24.8,25.49,124292,314529527
2023-07-18,601633.SH,25.31,25.59,25.23,25.33,87767,222950394
2023-07-19,601633.SH,25.49,25.68,24.89,24.93,100029,252884450
2023-07-20,601633.SH,24.94,25.34,24.69,25.07,77790,194539663
2023-07-23,601633.SH,24.82,25.33,24.58,24.89,79939,199235027
2023-07-24,601633.SH,25.21,26.94,25.21,26.65,400565,1058393416
2023-07-25,601633.SH,26.65,26.65,26.01,26.1,142717,374755016
2023-07-26,601633.SH,26.5,27.07,25.89,25.97,205591,542784939
2023-07-27,601633.SH,25.87,28.38,25.45,28.17,534047,1466955006
2023-07-30,601633.SH,28.46,30.16,28.46,29.56,488511,1447216205
2023-07-31,601633.SH,29.21,30.88,29.05,29.55,406155,1217159468
2023-08-01,601633.SH,29.55,31.55,29.55,30.22,371987,1135377760
2023-08-02,601633.SH,30.01,30.2,29.48,29.85,198827,591346603
2023-08-03,601633.SH,30.03,30.6,29.75,29.83,185321,556703809
2023-08-06,601633.SH,29.77,30.28,29.4,29.73,158702,472900655
2023-08-07,601633.SH,29.55,29.8,29.11,29.46,132591,390521136
2023-08-08,601633.SH,29.46,29.49,28.8,29.1,142611,415286226
2023-08-09,601633.SH,29,29.31,28.45,28.72,182105,522120286
2023-08-10,601633.SH,28.71,28.89,27.9,27.99,201330,568002794
2023-08-13,601633.SH,27.59,27.61,26.07,26.72,277434,740076053
2023-08-14,601633.SH,26.98,27.16,26.36,26.62,154739,412299691
2023-08-15,601633.SH,26.5,26.6,26,26.1,142114,372599544
2023-08-16,601633.SH,25.96,26.55,25.7,26.4,161140,421954429
2023-08-17,601633.SH,26.33,26.4,25.88,25.89,126513,329895365
2023-08-20,601633.SH,25.88,26,25.35,25.36,97197,249024902
2023-08-21,601633.SH,25.58,25.88,25.03,25.72,133094,339561403
2023-08-22,601633.SH,25.5,25.62,24.97,25,98488,248663677
2023-08-23,601633.SH,25.16,26.04,24.96,25.63,136403,347758911
2023-08-24,601633.SH,25.64,25.97,25.38,25.6,116709,300009216
2023-08-27,601633.SH,27.38,27.4,25.79,25.9,213684,562201816
2023-08-28,601633.SH,26,26.85,25.76,26.63,184549,487857976
2023-08-29,601633.SH,26.63,26.71,26.2,26.53,135579,358816277
2023-08-30,601633.SH,26.49,26.49,25.98,26.11,136364,357359971
2023-08-31,601633.SH,26.17,27,26.17,26.63,151403,402964093
2023-09-03,601633.SH,26.97,27.38,26.61,27.26,197838,535693944
2023-09-04,601633.SH,27.26,27.44,26.88,26.93,125038,338791875
2023-09-05,601633.SH,26.86,27.43,26.74,26.84,104592,282055431
2023-09-06,601633.SH,26.68,26.74,26.35,26.55,103431,274347855
2023-09-07,601633.SH,26.35,26.57,26.18,26.3,65882,173384935
2023-09-10,601633.SH,26.2,27.43,26.12,27.2,159159,429217097
2023-09-11,601633.SH,27.21,28.37,27.18,27.75,186725,518536792
2023-09-12,601633.SH,27.8,27.89,27.07,27.27,106096,290596443
2023-09-13,601633.SH,27,27.27,26.7,26.88,105510,283863554
2023-09-14,601633.SH,27,27.13,26.64,26.72,118065,316657695
2023-09-17,601633.SH,26.71,28.25,26.55,27.99,256293,711922083
2023-09-18,601633.SH,27.84,27.86,26.93,27.23,150963,412035285
2023-09-19,601633.SH,27.23,27.35,26.76,26.79,87067,234577677
2023-09-20,601633.SH,26.6,26.79,25.94,26.03,162906,426442377
2023-09-21,601633.SH,26.2,26.46,25.85,26.43,135775,356253479
2023-09-24,601633.SH,26.56,26.56,25.75,25.87,155576,404204730
2023-09-25,601633.SH,25.8,26.16,25.6,25.67,95684,246920935
2023-09-26,601633.SH,25.75,26.04,25.5,25.5,96760,248351052
2023-09-27,601633.SH,25.65,26.1,25.51,25.67,126789,326218740
2023-10-08,601633.SH,25.7,26.27,25.7,25.86,156609,406429625
2023-10-09,601633.SH,25.85,26.03,25.51,25.83,136794,352440166
2023-10-10,601633.SH,26.03,26.17,25.5,25.58,125964,324444010
2023-10-11,601633.SH,25.78,28.14,25.78,28.14,551269,1512734661
2023-10-12,601633.SH,27.9,28.35,27.62,28.21,392952,1104105707
2023-10-15,601633.SH,28,29.35,27.95,28.88,498927,1433670983
2023-10-16,601633.SH,29.5,30.5,29.2,29.87,451522,1347270953
2023-10-17,601633.SH,29.44,31.3,29.44,30.98,544477,1669059839
2023-10-18,601633.SH,30.63,30.63,29.53,29.67,347444,1040455357
2023-10-19,601633.SH,29.6,30.24,29.23,29.31,191202,565393778
2023-10-22,601633.SH,29.89,30.36,29.62,29.98,231219,694265916
2023-10-23,601633.SH,29.88,30.26,29.41,29.78,194824,579668887
2023-10-24,601633.SH,29.8,30.58,29.8,30.1,235463,710875382
2023-10-25,601633.SH,30.1,30.42,29.68,30.25,177736,534620074
2023-10-26,601633.SH,30.3,31.15,29.6,29.79,309061,933919932
2023-10-29,601633.SH,30.68,30.95,28.88,30.01,446098,1338879590
2023-10-30,601633.SH,30.17,30.29,28.98,29.38,269419,792758353
2023-10-31,601633.SH,29.28,30.24,28.89,29.98,243667,728974359
2023-11-01,601633.SH,30.16,30.35,29.7,29.92,161075,484099689
2023-11-02,601633.SH,29.86,30.25,29.73,29.97,127167,381552901
2023-11-05,601633.SH,30.1,30.15,29.22,29.69,257094,760310594
2023-11-06,601633.SH,29.68,30.3,29.41,29.79,200681,600136896
2023-11-07,601633.SH,29.6,29.68,29.01,29.19,215794,630401547
2023-11-08,601633.SH,29.11,29.44,28.6,29,219990,637065940
2023-11-09,601633.SH,28.8,28.8,27.82,28.09,256627,720800146
2023-11-12,601633.SH,28.2,28.23,27.56,27.69,166612,462277958
2023-11-13,601633.SH,27.74,28.11,27.58,28,161050,448891087
2023-11-14,601633.SH,28.29,28.37,27.65,28.12,179880,504746896
2023-11-15,601633.SH,28.12,28.22,27.77,27.78,112936,314918246
2023-11-16,601633.SH,27.78,28.05,27.64,27.94,114278,318322251
2023-11-19,601633.SH,28.08,28.14,27.78,27.94,123247,344526222
2023-11-20,601633.SH,27.94,28.36,27.86,27.94,156703,440681440
2023-11-21,601633.SH,27.82,27.84,27.29,27.29,118425,325898949
2023-11-22,601633.SH,27.29,28.28,27.29,27.99,220303,614557277
2023-11-23,601633.SH,27.74,27.91,27.25,27.31,176350,485239834
2023-11-26,601633.SH,27.63,28.1,27.3,27.85,220745,611060852
2023-11-27,601633.SH,27.74,27.8,27.31,27.76,187878,517637239
2023-11-28,601633.SH,27.7,27.7,27.01,27.34,121670,332363741
2023-11-29,601633.SH,27.15,27.26,26.68,26.9,140348,377373688
2023-11-30,601633.SH,26.9,26.99,26.36,26.51,145969,387386188
2023-12-03,601633.SH,26.51,26.82,26.23,26.37,126948,335518300
2023-12-04,601633.SH,26.24,26.53,25.81,25.86,146043,382437926
2023-12-05,601633.SH,25.79,26.3,25.75,25.98,112304,292598919
2023-12-06,601633.SH,26,26.23,25.56,26.16,149522,387796236
2023-12-07,601633.SH,26.17,26.18,25.87,25.98,113255,294439149
2023-12-10,601633.SH,26,26.43,25.57,26.3,177932,463215435
2023-12-11,601633.SH,26.3,26.92,26.16,26.88,188210,502183833
2023-12-12,601633.SH,26.73,26.73,26.06,26.1,153206,403244424
2023-12-13,601633.SH,26.19,26.49,25.92,25.95,99819,260941751
2023-12-14,601633.SH,26.01,26.14,25.61,25.64,118470,306145453
2023-12-17,601633.SH,25.65,25.85,25.35,25.6,100381,257454995
2023-12-18,601633.SH,25.5,25.59,25.08,25.42,105012,265666364
2023-12-19,601633.SH,25.45,25.56,25.01,25.01,81354,205391772
2023-12-20,601633.SH,24.95,25.28,24.84,25.04,116956,293085493
2023-12-21,601633.SH,25.01,25.2,24.63,24.9,120043,298675580
2023-12-24,601633.SH,24.95,25.3,24.7,24.9,117205,291881761
2023-12-25,601633.SH,24.88,24.9,24.33,24.5,123351,302620831
2023-12-26,601633.SH,24.6,24.88,24.45,24.56,105596,259815438
2023-12-27,601633.SH,24.41,25.24,24.35,25.23,136179,339588254
2023-12-28,601633.SH,25.25,25.42,25.1,25.22,122324,308943902
2024-01-01,601633.SH,25.31,25.35,24.65,24.65,132854,329740977
2024-01-02,601633.SH,24.53,24.59,23.95,24.15,161607,390917014
2024-01-03,601633.SH,24.1,24.1,23.56,23.84,164363,390628600
2024-01-04,601633.SH,23.84,24.23,23.45,23.64,151425,360513572
2024-01-07,601633.SH,23.64,23.66,22.92,23,199311,460993910
2024-01-08,601633.SH,23,23.52,23,23.24,123230,286256104
2024-01-09,601633.SH,23.23,23.38,22.97,23.13,89945,208466546
2024-01-10,601633.SH,23.13,23.7,22.9,23.5,130015,304261031
2024-01-11,601633.SH,23.49,23.68,23.32,23.41,92997,218724057
2024-01-14,601633.SH,23.32,23.59,23.13,23.37,91085,213234566
2024-01-15,601633.SH,23.2,23.62,23.2,23.53,116561,273262579
2024-01-16,601633.SH,23.45,23.59,22.8,22.8,141163,325658860
2024-01-17,601633.SH,22.8,23.15,22.33,23.09,158522,359349211
2024-01-18,601633.SH,23,23.33,22.86,23.06,114033,263536389
2024-01-21,601633.SH,23.06,23.11,22.2,22.4,143642,325976053
2024-01-22,601633.SH,22.34,22.65,22.01,22.51,134561,300541092
2024-01-23,601633.SH,22.65,22.7,21.6,22.15,199996,439777675
2024-01-24,601633.SH,22.2,22.4,21.8,22.3,213503,473881425
2024-01-25,601633.SH,22.2,22.22,21.87,21.96,165048,362876700
2024-01-28,601633.SH,21.94,22.08,21.13,21.15,192877,413954105
2024-01-29,601633.SH,21.01,21.47,20.91,21.04,138488,294531541
2024-01-30,601633.SH,21.01,21.25,20.32,20.43,147843,305412675
2024-01-31,601633.SH,20.42,20.98,20.27,20.71,167286,346655377
2024-02-01,601633.SH,20.79,20.91,19.5,20,195452,395627539
2024-02-04,601633.SH,20.01,20.2,19.11,19.87,229940,454664022
2024-02-05,601633.SH,19.83,21.53,19.57,21.43,267905,558475145
2024-02-06,601633.SH,21.6,22.28,21.27,21.81,250484,548135636
2024-02-07,601633.SH,21.99,22.32,21.86,22.18,204121,451967391
2024-02-18,601633.SH,22.2,22.63,21.8,22.08,211948,470606035
2024-02-19,601633.SH,22,22,21.37,21.62,159165,343172366
2024-02-20,601633.SH,21.49,22.35,21.28,21.98,246716,543741494
2024-02-21,601633.SH,21.97,22.1,21.82,22.06,123713,271995874
2024-02-22,601633.SH,22.04,22.55,21.97,22.44,206498,461101844
2024-02-25,601633.SH,22.6,23.75,22.6,23.2,330230,771373439
2024-02-26,601633.SH,23.1,23.65,22.98,23.49,249430,582935418
2024-02-27,601633.SH,23.5,23.55,22.62,22.62,268415,618351870
2024-02-28,601633.SH,22.38,23.44,22.3,23.4,235507,544327769
2024-02-29,601633.SH,23.45,23.99,23.21,23.92,245106,582233564
2024-03-03,601633.SH,23.92,23.92,23.1,23.25,214520,500129410
2024-03-04,601633.SH,23.1,24.02,22.8,23.59,235641,551555919
2024-03-05,601633.SH,23.58,24.41,23.53,23.89,253945,609990689
2024-03-06,601633.SH,23.9,24.16,23.36,23.38,161347,382343342
2024-03-07,601633.SH,23.31,23.53,23.1,23.25,94099,219185189
2024-03-10,601633.SH,23.28,23.87,23.25,23.73,158688,375133274
2024-03-11,601633.SH,23.92,24.27,23.59,23.96,223754,537187897
2024-03-12,601633.SH,23.93,24.8,23.73,24.33,263223,642825561
2024-03-13,601633.SH,24.23,24.44,23.95,24.1,153583,370577931
2024-03-14,601633.SH,24.1,24.37,23.73,24.37,157154,379097021
2024-03-17,601633.SH,24.39,24.85,24.39,24.56,235512,579963842
2024-03-18,601633.SH,24.32,24.35,24.01,24.03,181866,438434284
2024-03-19,601633.SH,24,24.27,23.68,23.85,168023,401317971
2024-03-20,601633.SH,24.02,24.02,23.5,23.61,186118,440385245
2024-03-21,601633.SH,23.73,23.77,23.1,23.35,141403,330425169
2024-03-24,601633.SH,23.34,23.59,23.02,23.11,140103,325505311
2024-03-25,601633.SH,23,23.45,22.96,23.38,121650,282781309
2024-03-26,601633.SH,23.38,23.42,22.89,22.9,111163,257067248
2024-03-27,601633.SH,22.85,23.25,22.53,22.82,167442,382565265
2024-03-28,601633.SH,22.94,23.07,22.65,22.84,85459,195177458
2024-03-31,601633.SH,22.88,23.95,22.88,23.8,196371,465717262
2024-04-01,601633.SH,23.88,24.07,23.69,23.91,169814,405616172
2024-04-02,601633.SH,23.91,23.93,23.58,23.86,123321,293220573
2024-04-07,601633.SH,23.96,24.8,23.88,24.31,249221,608907169
2024-04-08,601633.SH,24.35,24.88,24.21,24.7,256064,630194159
2024-04-09,601633.SH,24.9,25.39,24.9,25.2,312537,786906708
2024-04-10,601633.SH,24.92,26.32,24.66,25.97,372457,957136645
2024-04-11,601633.SH,25.6,26.15,25.3,25.43,210395,539721213
2024-04-14,601633.SH,25.43,26,25.43,25.68,248414,637673621
2024-04-15,601633.SH,25.68,25.69,25.09,25.23,191791,486467866
2024-04-16,601633.SH,25.48,25.63,25.1,25.59,160379,406246626
2024-04-17,601633.SH,25.35,26.12,24.91,25.49,197744,506631078
2024-04-18,601633.SH,25.49,25.84,25.11,25.71,190505,485641498
2024-04-21,601633.SH,25.4,25.54,24.4,24.45,308192,763619831
2024-04-22,601633.SH,24.48,24.67,24.2,24.52,138653,339238809
2024-04-23,601633.SH,24.74,24.91,24.48,24.75,137750,340482982
2024-04-24,601633.SH,27.23,27.23,26.14,26.59,707268,1881636403
2024-04-25,601633.SH,26.15,26.53,26,26.32,466331,1225277576
2024-04-28,601633.SH,26.4,26.58,25.95,26.3,374187,982696333
2024-04-29,601633.SH,26.3,26.48,25.9,26.2,277657,724620975
2024-05-05,601633.SH,26.5,26.66,26.2,26.25,328631,865604638
2024-05-06,601633.SH,26.09,26.76,25.61,26.52,301744,793355244
2024-05-07,601633.SH,26.35,26.35,25.82,25.92,179059,465847691
2024-05-08,601633.SH,25.79,26.34,25.6,26.25,233131,606137060
2024-05-09,601633.SH,26.25,26.28,25.8,26,135970,353302413
2024-05-12,601633.SH,25.68,26.42,25.39,26.17,191544,500267035
2024-05-13,601633.SH,26.28,28.45,26.22,28.35,609945,1690018730
2024-05-14,601633.SH,28,28.24,27.61,27.71,278103,773559642
2024-05-15,601633.SH,27.6,27.77,27.33,27.5,201153,553748327
2024-05-16,601633.SH,27.47,28.1,27.41,27.61,201594,559412213
2024-05-19,601633.SH,27.61,27.86,27.21,27.4,194802,535391217
2024-05-20,601633.SH,27.27,27.4,26.87,27.09,186847,506048206
2024-05-21,601633.SH,27,27.16,26.74,27.04,131831,355794146
2024-05-22,601633.SH,26.89,27,26.66,26.9,132420,354996361
2024-05-23,601633.SH,26.86,26.86,26.02,26.03,184834,486464016
2024-05-26,601633.SH,26.06,26.5,25.75,26.44,170014,444366101
2024-05-27,601633.SH,26.26,26.45,25.97,26,119302,312114279
2024-05-28,601633.SH,26,26.43,25.83,26.27,139662,364922918
2024-05-29,601633.SH,26.24,26.71,26.14,26.4,167483,443665271
2024-05-30,601633.SH,26.38,26.95,25.97,25.97,188668,497877603
2024-06-02,601633.SH,25.97,26.46,25.79,25.98,145639,379952190
2024-06-03,601633.SH,25.54,25.78,24.92,25.08,369905,931586926
2024-06-04,601633.SH,25.28,25.7,25.21,25.45,212271,540855229
2024-06-05,601633.SH,25.45,25.79,25.35,25.48,188738,481997832
2024-06-06,601633.SH,25.55,25.7,24.89,25.01,161556,405857755
2024-06-10,601633.SH,24.95,25.23,24.62,25.15,162400,404917630
2024-06-11,601633.SH,24.65,24.95,24.6,24.66,106698,263977174
2024-06-12,601633.SH,24.6,24.88,24.5,24.75,117793,291209688
2024-06-13,601633.SH,24.75,24.8,24.2,24.74,145262,355788569
2024-06-16,601633.SH,24.68,25.5,24.63,25.38,177410,447043261
2024-06-17,601633.SH,25.3,25.84,25.25,25.8,168077,431836320
2024-06-18,601633.SH,25.8,26.23,25.62,25.82,155972,404752326
2024-06-19,601633.SH,25.82,25.89,25.29,25.36,115313,294451364
2024-06-20,601633.SH,25.35,26.28,25.25,25.98,186992,485281845
2024-06-23,601633.SH,26,26.11,25.36,25.4,124891,320275727
2024-06-24,601633.SH,25.53,26.22,25.51,25.6,199920,516947920
2024-06-25,601633.SH,25.66,25.71,25.01,25.48,126696,321155281
2024-06-26,601633.SH,25.53,25.54,24.95,25.13,142781,359438154
2024-06-27,601633.SH,25.05,25.72,24.91,25.3,115370,293512379
2024-06-30,601633.SH,25.3,25.47,24.8,25.28,108129,271944736
2024-07-01,601633.SH,25.31,25.59,24.61,24.72,155519,388215444
2024-07-02,601633.SH,24.72,25.01,24.34,24.38,136343,333912296
2024-07-03,601633.SH,24.44,24.69,24,24.01,135817,329361660
2024-07-04,601633.SH,24.05,24.1,23.2,23.72,188404,442763406
2024-07-07,601633.SH,23.73,24.14,23.54,23.87,148098,354390775
2024-07-08,601633.SH,24.03,24.42,23.48,24.4,175159,420761036
2024-07-09,601633.SH,24.33,25.35,24.25,25.21,230816,578600111
2024-07-10,601633.SH,26.02,26.25,25.63,26.22,338091,880104275
2024-07-11,601633.SH,26.14,26.46,25.69,26.35,252980,660091627
2024-07-14,601633.SH,26.34,26.82,26.15,26.24,223244,590811450
2024-07-15,601633.SH,26.1,26.7,26.01,26.61,176497,467469617
2024-07-16,601633.SH,26.51,26.64,26.23,26.39,122582,323704120
2024-07-17,601633.SH,26.33,26.59,26.02,26.26,135799,357199522
2024-07-18,601633.SH,26.12,26.49,26.1,26.33,138136,363704438
2024-07-21,601633.SH,26.22,26.52,25.91,26.09,162229,424034198
2024-07-22,601633.SH,26.15,26.18,25.3,25.3,148381,380075330
2024-07-23,601633.SH,25.35,25.35,23.73,23.8,304826,738067740
2024-07-24,601633.SH,23.82,23.9,23.3,23.56,189601,447384825
2024-07-25,601633.SH,23.95,24.55,23.88,24.17,212331,512773813
2024-07-28,601633.SH,24.1,24.18,23.76,23.8,137234,328140589
2024-07-29,601633.SH,23.64,23.65,22.78,22.99,231200,531984638
2024-07-30,601633.SH,23,23.72,22.85,23.62,190502,446048482
2024-07-31,601633.SH,23.62,23.65,23.13,23.4,170399,397654150
2024-08-01,601633.SH,23.15,23.25,22.85,22.89,167593,385303765
2024-08-04,601633.SH,22.8,23,22.47,22.49,161542,366634529
2024-08-05,601633.SH,22.6,22.77,22.22,22.4,147744,330477638
2024-08-06,601633.SH,22.3,22.59,22.18,22.44,119904,268998446
2024-08-07,601633.SH,22.41,22.5,22.03,22.29,121960,271184282
2024-08-08,601633.SH,22.38,22.59,22.17,22.28,119219,266470619
2024-08-11,601633.SH,22.3,22.4,22.17,22.21,91859,204546162
2024-08-12,601633.SH,22.22,22.32,21.88,22.3,116926,257895788
2024-08-13,601633.SH,22.29,22.29,21.96,22.02,83082,183413680
2024-08-14,601633.SH,22.07,22.35,21.91,22.28,132687,294546371
2024-08-15,601633.SH,22.32,22.64,22.26,22.33,137769,308842743
2024-08-18,601633.SH,22.46,22.99,22.46,22.57,204031,463828619
2024-08-19,601633.SH,22.57,22.66,22.07,22.25,122673,272758309
2024-08-20,601633.SH,21.87,22.54,21.55,22.44,159071,353784587
2024-08-21,601633.SH,22.45,22.56,22.13,22.15,97873,217927421
2024-08-22,601633.SH,22.17,22.54,22.03,22.47,85616,191273900
2024-08-25,601633.SH,22.46,22.66,22.25,22.36,83272,186599890
2024-08-26,601633.SH,22.16,22.45,21.96,22.22,85611,190089598
2024-08-27,601633.SH,22.15,22.28,21.7,21.83,102472,223985718
2024-08-28,601633.SH,21.66,22.36,21.6,22.31,109582,241792196
2024-08-29,601633.SH,22.76,23.35,22.57,23.16,287763,663480454
2024-09-01,601633.SH,22.92,22.92,22.08,22.08,243030,543793135
2024-09-02,601633.SH,22.06,22.61,21.98,22.42,169962,380771868
2024-09-03,601633.SH,22.43,22.95,22.33,22.89,161956,367927324
2024-09-04,601633.SH,23,23.42,22.96,23.27,159505,371001939
2024-09-05,601633.SH,23.33,23.65,23.15,23.27,131870,308664584
2024-09-08,601633.SH,23.2,23.38,22.9,22.96,119670,277011123
2024-09-09,601633.SH,23.04,23.19,22.78,23,85648,196904961
2024-09-10,601633.SH,23,23.63,22.82,23.52,155665,364788431
2024-09-11,601633.SH,23.43,23.72,23.22,23.33,113761,266043254
2024-09-12,601633.SH,23.32,23.4,23.02,23.13,73719,171311505
2024-09-17,601633.SH,23.11,23.96,23.03,23.88,134686,316994346
2024-09-18,601633.SH,23.88,24.14,23.67,23.91,141395,337754444
2024-09-19,601633.SH,23.91,24.21,23.78,24.09,122797,294804082
2024-09-22,601633.SH,24.09,24.44,23.9,24.1,99322,240041449
2024-09-23,601633.SH,24.4,24.43,23.78,24.3,189471,458122553
2024-09-24,601633.SH,24.65,25.48,24.4,24.76,236548,590811431
2024-09-25,601633.SH,24.78,26.22,24.69,26.2,286195,731803463
2024-09-26,601633.SH,26.72,27.6,26.72,27.55,196998,536502163
2024-09-29,601633.SH,28.68,30.31,28.39,30.31,524886,1547457014
2024-10-07,601633.SH,33.34,33.34,30.31,32.03,558599,1799630136
2024-10-08,601633.SH,32.01,32.01,29,29.38,465723,1403008511
2024-10-09,601633.SH,29.37,30.74,29.37,30.2,334744,1009285371
2024-10-10,601633.SH,30.19,30.19,28.56,28.9,203151,594490828
2024-10-13,601633.SH,28.95,29.28,28.52,29.07,224106,648137388
2024-10-14,601633.SH,28.95,29.04,28,28.16,222031,633383658
2024-10-15,601633.SH,27.75,28,27,27.22,252511,689903596
2024-10-16,601633.SH,27.23,27.53,26.42,26.43,211482,568931751
2024-10-17,601633.SH,26.36,27.53,26.06,26.98,314075,840674696
2024-10-20,601633.SH,26.98,27.07,26.45,26.65,337295,898279801
2024-10-21,601633.SH,26.65,27.72,26.56,27.31,366112,999979895
2024-10-22,601633.SH,27.49,28.28,27.04,28.25,427413,1191065684
2024-10-23,601633.SH,28.5,28.5,27.2,27.3,344908,949262361
2024-10-24,601633.SH,27.31,28.02,27.3,27.82,279633,773665547
2024-10-27,601633.SH,27.81,27.82,26.62,27.27,443006,1198153320
2024-10-28,601633.SH,27.33,27.5,26.73,26.74,325928,882189322
2024-10-29,601633.SH,26.86,26.89,26.28,26.44,263445,698633419
2024-10-30,601633.SH,26.43,26.49,25.89,26.19,288931,756118179
2024-10-31,601633.SH,26.03,26.46,25.93,26.16,255902,669210386
2024-11-03,601633.SH,26.16,26.97,26.16,26.97,379732,1015233539
2024-11-04,601633.SH,26.8,27.29,26.33,27.18,439130,1183960683
2024-11-05,601633.SH,27.18,27.49,26.78,26.89,386524,1048415484
2024-11-06,601633.SH,26.65,27.35,26.3,27.33,381234,1024270226
2024-11-07,601633.SH,27.47,27.94,27.11,27.23,379401,1043378320
2024-11-10,601633.SH,27,28.7,26.88,28.58,610266,1705573877
2024-11-11,601633.SH,28.66,29.22,28.02,28.31,590152,1692477212
2024-11-12,601633.SH,28.06,28.28,27.53,28.26,325475,908758019
2024-11-13,601633.SH,28.27,28.45,27.41,27.48,264420,737060372
2024-11-14,601633.SH,27.49,29.45,27.24,28.7,737594,2106089341
2024-11-17,601633.SH,28.77,28.98,27.53,27.77,477350,1342372283
2024-11-18,601633.SH,27.76,28.02,26.81,27.55,379570,1040450148
2024-11-19,601633.SH,27.52,27.52,26.88,27.29,279374,758434604
2024-11-20,601633.SH,27.07,27.58,26.91,27.26,302316,822177111
2024-11-21,601633.SH,27.12,27.14,25.99,26,336263,892815469
2024-11-24,601633.SH,26.33,26.95,26.13,26.55,315957,839093033
2024-11-25,601633.SH,26.31,26.44,26.07,26.1,169576,444267751
2024-11-26,601633.SH,26.1,26.54,25.78,26.54,179300,469679908
2024-11-27,601633.SH,26.79,26.8,26.06,26.1,166602,437600553
2024-11-28,601633.SH,26.21,26.42,26,26.18,218167,572576068
2024-12-01,601633.SH,26.28,27.05,26.25,26.97,338720,906097582
2024-12-02,601633.SH,26.97,28.13,26.53,27.77,485374,1331185989
2024-12-03,601633.SH,27.45,27.72,26.95,27.12,303399,827489050
2024-12-04,601633.SH,27.01,27.59,26.75,26.95,199398,539675639
2024-12-05,601633.SH,26.78,27.3,26.6,27.06,227899,614450962
2024-12-08,601633.SH,27.07,27.32,26.84,26.96,179183,485138341
2024-12-09,601633.SH,27.54,27.92,27.2,27.22,345167,951162332
2024-12-10,601633.SH,27.3,27.39,27.01,27.22,156398,425648883
2024-12-11,601633.SH,27.22,27.56,27.03,27.49,226390,619009502
2024-12-12,601633.SH,27.3,27.31,26.75,26.75,223899,604088023
2024-12-15,601633.SH,26.85,26.86,26.35,26.43,144287,383255446
2024-12-16,601633.SH,26.48,27.5,26.4,27.17,302527,819864340
2024-12-17,601633.SH,27.28,27.5,27.18,27.31,178290,487209905
2024-12-18,601633.SH,27.08,27.27,26.84,27.14,133016,359925361
2024-12-19,601633.SH,27.14,27.25,26.7,26.75,153701,412786540
2024-12-22,601633.SH,26.77,27.21,26.65,26.65,139939,376242458
2024-12-23,601633.SH,26.66,27.03,26.6,26.96,144619,388615942
2024-12-24,601633.SH,26.95,27.06,26.66,26.73,111918,300606498
2024-12-25,601633.SH,26.73,26.85,26.45,26.64,112677,299983384
2024-12-26,601633.SH,26.64,26.68,26.21,26.4,149802,396543170
2024-12-29,601633.SH,26.41,26.58,26.22,26.41,134408,354743043
2024-12-30,601633.SH,26.37,26.67,26.12,26.33,178270,470270873
2025-01-01,601633.SH,26.29,26.34,25.07,25.26,232980,597013486
2025-01-02,601633.SH,25.26,25.85,25.16,25.25,172460,439319210
2025-01-05,601633.SH,25.25,25.45,25.01,25.25,127018,320394455
2025-01-06,601633.SH,25.23,25.54,24.95,25.1,140132,352543871
2025-01-07,601633.SH,25.09,25.16,24.44,24.89,172165,426305968
2025-01-08,601633.SH,24.82,25.19,24.82,25.03,99509,248862504
2025-01-09,601633.SH,25.06,25.19,24.6,24.6,132867,330475775
2025-01-12,601633.SH,24.42,25.09,24.36,24.76,120182,297931952
2025-01-13,601633.SH,24.78,25.95,24.68,25.93,187702,477877259
2025-01-14,601633.SH,26.3,26.36,25.43,25.51,171039,439312271
2025-01-15,601633.SH,25.54,25.79,25.14,25.27,173099,439468414
2025-01-16,601633.SH,25.18,25.57,25.02,25.45,115909,293780752
2025-01-19,601633.SH,25.73,25.85,25.18,25.28,170468,434296676
2025-01-20,601633.SH,25.35,25.43,25.04,25.23,124513,313888277
2025-01-21,601633.SH,25.18,25.23,24.64,24.74,142549,353455845
2025-01-22,601633.SH,24.9,25.14,24.59,24.75,168982,419693534
2025-01-23,601633.SH,24.65,25.1,24.59,24.75,243638,604161878
2025-01-26,601633.SH,24.85,25.12,24.68,24.88,143147,356976769
2025-02-04,601633.SH,24.88,24.9,24.51,24.57,195812,482944970
2025-02-05,601633.SH,24.51,25.09,24.06,25.08,317156,779572080
2025-02-06,601633.SH,25.09,26,25,25.85,369384,946178626
2025-02-09,601633.SH,26.3,26.34,25.7,25.81,235987,611347023
2025-02-10,601633.SH,25.81,25.92,24.93,25.11,237953,599652269
2025-02-11,601633.SH,24.97,25.35,24.76,25.32,164841,413078974
2025-02-12,601633.SH,25.33,25.35,24.91,24.92,166259,417795732
2025-02-13,601633.SH,24.84,26.32,24.84,25.82,353477,905302967
2025-02-16,601633.SH,26,26.05,25.33,25.44,196195,500708854
2025-02-17,601633.SH,25.34,25.7,25.11,25.29,165889,421763438
2025-02-18,601633.SH,25.29,25.45,25.13,25.35,145074,366543202
2025-02-19,601633.SH,25.2,25.27,24.69,24.99,226520,564803397
2025-02-20,601633.SH,24.99,25.22,24.81,25.19,205375,514626318
2025-02-23,601633.SH,25.18,25.49,24.92,25.18,172037,433515688
2025-02-24,601633.SH,24.95,25.43,24.85,25.16,170391,428862484
2025-02-25,601633.SH,25.3,25.32,25,25.12,152070,381935880
2025-02-26,601633.SH,25.12,25.79,25.07,25.74,317740,810574950
2025-02-27,601633.SH,25.62,25.88,24.9,24.9,249387,632410267
2025-03-02,601633.SH,25.1,25.9,24.98,25.45,296223,757840389
2025-03-03,601633.SH,25.25,25.27,24.95,25.08,173458,434991758
2025-03-04,601633.SH,25.15,25.21,24.75,24.98,156020,389123032
2025-03-05,601633.SH,25.05,25.24,24.91,25.1,178164,447638100
2025-03-06,601633.SH,25,25.38,24.76,25.08,196862,493502498
2025-03-09,601633.SH,25.09,25.16,24.78,24.86,194231,483639727
2025-03-10,601633.SH,24.7,25.03,24.46,25.03,187474,465586898
2025-03-11,601633.SH,25.57,27,25.56,26.75,706054,1867534581
2025-03-12,601633.SH,26.51,27,26.08,26.18,305640,807508378
2025-03-13,601633.SH,26.2,26.8,26.17,26.57,244150,648475365
2025-03-16,601633.SH,26.65,26.96,26.3,26.39,197867,525307479
2025-03-17,601633.SH,26.4,26.62,26.2,26.53,154932,409863323
2025-03-18,601633.SH,26.5,26.98,26.4,26.81,211660,566552659
2025-03-19,601633.SH,26.81,27.79,26.47,27.52,354241,966141941
2025-03-20,601633.SH,27.35,27.56,26.32,26.35,259780,696486703
2025-03-23,601633.SH,26.35,26.67,26.12,26.49,177200,467428883
2025-03-24,601633.SH,26.6,26.6,25.95,26.05,158621,414946369
2025-03-25,601633.SH,26,26.47,25.95,26.29,140428,367749493
2025-03-26,601633.SH,26.24,26.81,26.11,26.68,197404,524971764
2025-03-27,601633.SH,26.56,26.7,26.32,26.42,111589,295284192
2025-03-30,601633.SH,26.62,26.8,25.95,26.1,185506,486859881
2025-03-31,601633.SH,26,26.1,25.5,25.7,233889,600734853
2025-04-01,601633.SH,25.66,25.71,25.3,25.58,126659,323182201
2025-04-02,601633.SH,25.3,25.45,24.91,25.02,176466,443461331
2025-04-06,601633.SH,23.99,23.99,22.52,22.52,304823,697003918
2025-04-07,601633.SH,22.75,23.18,22.15,22.95,350738,791518134
2025-04-08,601633.SH,22.5,23,22.17,23,352166,790877219
2025-04-09,601633.SH,23.46,23.6,23.13,23.3,282897,659748322
2025-04-10,601633.SH,23.3,23.45,23.07,23.33,196533,457173245
2025-04-13,601633.SH,23.7,23.8,23.42,23.59,191666,452126307
2025-04-14,601633.SH,23.6,23.61,23.08,23.25,187554,435871877
2025-04-15,601633.SH,23.32,23.34,22.87,23.34,171452,394587225
2025-04-16,601633.SH,23.1,23.29,23,23.29,133471,308981634
2025-04-17,601633.SH,23.14,23.28,23.01,23.2,90464,209455086
2025-04-20,601633.SH,23.19,23.27,23.07,23.25,113474,263150192
2025-04-21,601633.SH,23.24,23.4,23.08,23.27,123295,287086870
2025-04-22,601633.SH,23.4,23.5,23.12,23.28,159934,372047943
2025-04-23,601633.SH,23.34,23.38,23.02,23.06,141047,326899391
2025-04-24,601633.SH,23.05,23.29,23.01,23.16,126233,292346517
2025-04-27,601633.SH,22.46,23.03,22.24,22.91,208635,473193759
2025-04-28,601633.SH,22.89,22.89,22.44,22.49,166014,374552160
2025-04-29,601633.SH,22.49,22.65,22.44,22.58,112581,254229224
2025-05-05,601633.SH,22.8,23.04,22.66,23.03,154680,353913601
2025-05-06,601633.SH,23.49,23.5,23.04,23.28,175668,407938596
2025-05-07,601633.SH,23.11,23.44,23,23.39,134451,313298129
2025-05-08,601633.SH,23.4,23.54,23.2,23.28,143780,335783030
2025-05-11,601633.SH,23.4,23.57,23.3,23.51,151035,354212549
2025-05-12,601633.SH,23.63,23.73,23.45,23.5,126694,298290963
2025-05-13,601633.SH,23.62,23.72,23.4,23.66,141681,333983777
2025-05-14,601633.SH,23.62,23.71,23.48,23.56,117723,277565611
2025-05-15,601633.SH,23.5,23.73,23.4,23.62,119568,282102214
2025-05-18,601633.SH,23.64,23.65,23.21,23.28,126876,295651506
2025-05-19,601633.SH,23.29,23.49,23.1,23.45,143154,333916681
2025-05-20,601633.SH,23.44,23.55,23.34,23.4,119734,280754700
2025-05-21,601633.SH,23.4,23.59,23.26,23.35,156675,366945822
2025-05-22,601633.SH,23.3,23.87,23.26,23.42,249350,589229756
2025-05-25,601633.SH,23.38,23.41,22.68,22.79,254986,584005444
2025-05-26,601633.SH,22.8,22.87,22.57,22.71,130676,296383601
2025-05-27,601633.SH,22.71,23.09,22.68,22.92,129507,295829830
2025-05-28,601633.SH,22.9,23.05,22.81,22.89,158052,362374028
2025-05-29,601633.SH,22.82,22.85,22.5,22.53,137442,310279778
2025-06-02,601633.SH,22.4,22.49,22.16,22.46,130379,291362861
2025-06-03,601633.SH,22.52,22.62,22.44,22.53,105347,237274822
2025-06-04,601633.SH,22.53,22.58,22.37,22.55,116993,263119225
2025-06-05,601633.SH,22.57,22.57,22.37,22.47,129377,290051512
2025-06-08,601633.SH,22.5,22.67,22.36,22.59,163354,368056715
2025-06-09,601633.SH,22.53,22.58,22.07,22.21,232259,517922921
2025-06-10,601633.SH,22.22,22.44,22.22,22.27,166956,372465843
2025-06-11,601633.SH,22.15,22.22,22.02,22.12,146873,324786775
2025-06-12,601633.SH,22.08,22.08,21.55,22,317551,691015393
2025-06-15,601633.SH,21.78,21.78,21.32,21.46,292554,626778278
2025-06-16,601633.SH,21.38,21.53,21.3,21.45,141111,301951835
2025-06-17,601633.SH,21.4,21.44,21.23,21.26,142374,303170408
2025-06-18,601633.SH,21.26,21.35,21.08,21.11,151364,320593063
2025-06-19,601633.SH,21.11,21.18,20.95,20.95,182018,383175878
2025-06-22,601633.SH,20.81,21.05,20.6,21.03,134016,279440801
2025-06-23,601633.SH,21.08,21.38,21.08,21.36,157187,334681141
2025-06-24,601633.SH,21.36,21.62,21.32,21.62,193499,415507548
2025-06-25,601633.SH,21.62,21.62,21.33,21.33,154408,331029883
2025-06-26,601633.SH,21.33,21.51,21.28,21.33,143885,307783441
2025-06-29,601633.SH,21.34,21.5,21.3,21.48,111197,237959758
2025-06-30,601633.SH,21.49,21.53,21.37,21.43,85107,182435043
2025-07-01,601633.SH,21.47,21.82,21.37,21.82,210380,455079320
2025-07-02,601633.SH,21.72,21.91,21.71,21.81,119010,259532176
2025-07-03,601633.SH,21.81,22.13,21.73,21.83,199901,438759844
2025-07-06,601633.SH,21.88,22.16,21.71,21.99,146573,322022240
2025-07-07,601633.SH,21.98,22,21.82,21.96,124630,273142595
2025-07-08,601633.SH,21.94,22.09,21.86,21.88,139887,307698089
2025-07-09,601633.SH,21.89,21.93,21.79,21.81,128455,280577424
2025-07-10,601633.SH,21.81,21.98,21.67,21.67,182963,399812449
2025-07-13,601633.SH,21.68,21.73,21.6,21.66,124221,269121517
2025-07-14,601633.SH,21.68,22.48,21.67,22.2,355572,787949867
2025-07-15,601633.SH,21.88,21.91,21.56,21.62,152784,331280091
2025-07-16,601633.SH,21.69,21.92,21.63,21.87,175272,382703049
2025-07-17,601633.SH,21.93,21.98,21.76,21.93,129318,282515160
2025-07-20,601633.SH,22.1,22.45,22.06,22.44,309247,689527569
2025-07-21,601633.SH,22.45,22.48,22.15,22.32,247739,552659978
2025-07-22,601633.SH,22.33,22.62,22.32,22.37,259288,583010608
2025-07-23,601633.SH,22.42,22.66,22.39,22.59,201667,454576067
2025-07-24,601633.SH,22.69,22.85,22.54,22.71,207123,470073922
2025-07-27,601633.SH,22.7,22.72,22.34,22.47,199394,448375195
2025-07-28,601633.SH,22.45,22.45,22.13,22.28,156508,348330443
2025-07-29,601633.SH,22.25,22.41,22,22.12,146342,324991694
2025-07-30,601633.SH,22.12,22.14,21.58,21.63,205715,448600631
2025-07-31,601633.SH,21.7,21.9,21.55,21.7,132161,287025724
2025-08-03,601633.SH,21.63,22.22,21.5,22.22,176952,387739681
2025-08-04,601633.SH,22.2,22.39,22.12,22.26,124633,277381292
2025-08-05,601633.SH,22.23,22.93,22.15,22.61,243201,549398351
2025-08-06,601633.SH,22.63,22.74,22.47,22.6,120993,273428609
2025-08-07,601633.SH,22.57,22.59,22.34,22.35,97706,218864275
2025-08-10,601633.SH,22.42,22.66,22.36,22.52,147575,332591892
2025-08-11,601633.SH,22.52,23.3,22.45,22.93,387235,893085152
2025-08-12,601633.SH,22.98,23.59,22.82,23.24,329512,764703059
2025-08-13,601633.SH,23,23.3,22.88,22.95,219043,505307147
2025-08-14,601633.SH,22.92,23.72,22.88,23.45,294182,688033198
2025-08-17,601633.SH,23.9,25.44,23.88,25,754430,1872632012
2025-08-18,601633.SH,25,25.01,24.37,24.44,323816,796719215
2025-08-19,601633.SH,24.45,25.14,24.32,25.14,325540,806797318
2025-08-20,601633.SH,25.01,26.15,25.01,25.84,502822,1292463769
2025-08-21,601633.SH,25.87,26.04,25.61,25.85,255334,659036919
2025-08-24,601633.SH,26.11,26.15,25.46,25.66,320963,823655157
2025-08-25,601633.SH,25.66,26.36,25.28,26.2,465854,1212293035
2025-08-26,601633.SH,26.1,26.13,25.16,25.16,333102,853585451
2025-08-27,601633.SH,25.16,25.67,24.93,25.51,271724,688778392
2025-08-28,601633.SH,25.1,25.96,25.1,25.85,232180,598036941
2025-08-31,601633.SH,25.95,26.39,25.75,26.08,276822,720769335
2025-09-01,601633.SH,26.07,26.87,26.05,26.28,330323,874128208
2025-09-02,601633.SH,26.37,26.54,25.7,25.98,258695,671649829
2025-09-03,601633.SH,25.87,26.09,25.23,25.71,256145,656929804
2025-09-04,601633.SH,25.68,26.12,25.68,26.07,193800,503059036
2025-09-07,601633.SH,26.07,26.31,25.52,25.95,206916,534790995
2025-09-08,601633.SH,25.87,26.34,25.75,26.19,225240,589054032
2025-09-09,601633.SH,26.24,26.29,25.64,25.74,203330,525662171
2025-09-10,601633.SH,25.6,25.73,25.22,25.61,253550,645814268
2025-09-11,601633.SH,25.61,25.74,25.03,25.13,250420,632589617
2025-09-14,601633.SH,25.15,25.48,25.04,25.09,171798,433459578
2025-09-15,601633.SH,25.1,25.2,24.7,25.05,183854,459132849
2025-09-16,601633.SH,25.05,25.49,25,25.35,178719,451854231
2025-09-17,601633.SH,25.31,25.61,24.76,24.99,201540,507686029
2025-09-18,601633.SH,24.99,25.15,24.7,24.94,127381,317591424
2025-09-21,601633.SH,24.9,25.02,24.5,24.66,171636,423121501
2025-09-22,601633.SH,24.66,24.88,24.15,24.5,163674,400033409
2025-09-23,601633.SH,24.38,24.66,24.29,24.5,118861,291070006
2025-09-24,601633.SH,24.51,24.64,24.24,24.4,144495,352522368
2025-09-25,601633.SH,24.3,24.93,24.21,24.22,184692,452161746
2025-09-28,601633.SH,24.24,24.48,23.91,24.4,179053,433210070
2025-09-29,601633.SH,24.5,24.8,24.19,24.6,164199,401956236
2025-10-08,601633.SH,24.7,24.77,24.41,24.75,209033,514427962
2025-10-09,601633.SH,24.62,24.97,24.4,24.58,172272,424741657
2025-10-12,601633.SH,24.06,24.14,23.66,23.84,223265,532567133
2025-10-13,601633.SH,23.67,24.09,23.4,23.44,223864,530558878
2025-10-14,601633.SH,23.44,23.64,23.27,23.63,188720,443148203
2025-10-15,601633.SH,23.63,24.14,23.5,23.62,224416,532667983
2025-10-16,601633.SH,23.52,23.6,22.8,22.85,221771,512083914
2025-10-19,601633.SH,22.99,23.1,22.83,22.98,127413,292634352
2025-10-20,601633.SH,22.98,23.17,22.95,23.17,131713,304321577
2025-10-21,601633.SH,23.17,23.18,22.78,22.84,127359,291751666
2025-10-22,601633.SH,22.84,23.22,22.7,23.21,127384,293183808
2025-10-23,601633.SH,23.22,23.27,23.03,23.19,111682,258732298
2025-10-26,601633.SH,23.1,23.1,22.76,22.91,225847,516992903
2025-10-27,601633.SH,22.98,23.05,22.71,22.9,170587,390130496
2025-10-28,601633.SH,22.81,22.86,22.62,22.77,145567,330412419
2025-10-29,601633.SH,22.77,22.99,22.7,22.71,163138,372682239
2025-10-30,601633.SH,22.72,22.91,22.61,22.79,128100,292097229
2025-11-02,601633.SH,22.84,22.92,22.55,22.69,156546,354897737
2025-11-03,601633.SH,22.64,22.72,22.36,22.47,134065,302243701
2025-11-04,601633.SH,22.33,22.5,22.15,22.45,99922,223491377
2025-11-05,601633.SH,22.49,22.9,22.46,22.81,163826,373029937
2025-11-06,601633.SH,22.82,23,22.69,22.78,121694,278015490
2025-11-09,601633.SH,22.85,23.81,22.78,23.73,378174,889033236
2025-11-10,601633.SH,23.77,23.77,23.3,23.39,197925,463656952
2025-11-11,601633.SH,23.36,23.37,22.85,22.97,224176,516479529
2025-11-12,601633.SH,22.97,23.15,22.8,23.09,172329,396415271
2025-11-13,601633.SH,22.97,23.12,22.68,22.7,189034,432638530
2025-11-16,601633.SH,22.7,22.75,22.32,22.42,187612,420983831
2025-11-17,601633.SH,22.42,22.51,22.1,22.13,174653,388760568
2025-11-18,601633.SH,22.18,22.32,21.86,21.97,189955,418254377
2025-11-19,601633.SH,22,22.12,21.86,21.9,126314,277661505
2025-11-20,601633.SH,21.77,21.85,21.52,21.62,169972,368259535
2025-11-23,601633.SH,21.7,21.74,21.55,21.64,123486,267306241
2025-11-24,601633.SH,21.72,21.9,21.61,21.7,146803,319981850
2025-11-25,601633.SH,21.71,21.83,21.68,21.78,92904,202165616
2025-11-26,601633.SH,21.78,21.88,21.6,21.76,106778,232185713
2025-11-27,601633.SH,21.75,21.92,21.58,21.9,109687,238958150
2025-11-30,601633.SH,21.91,22.18,21.86,22.12,148332,327061995
2025-12-01,601633.SH,22.18,22.25,21.95,22.01,104422,230261067
2025-12-02,601633.SH,22.02,22.05,21.77,21.83,84587,184915592
2025-12-03,601633.SH,21.8,21.95,21.72,21.8,102794,224580944
2025-12-04,601633.SH,21.84,21.98,21.72,21.92,90875,198509608
2025-12-07,601633.SH,21.92,21.96,21.74,21.77,127445,277992306
2025-12-08,601633.SH,21.7,21.79,21.62,21.74,120268,260715556
2025-12-09,601633.SH,21.63,22,21.4,22,161884,352309047
2025-12-10,601633.SH,22.01,22.15,21.85,22.04,161849,356393634
2025-12-11,601633.SH,21.89,22.85,21.7,22.69,441932,990990384
2025-12-14,601633.SH,22.5,22.87,22.46,22.56,162387,368603797
2025-12-15,601633.SH,22.7,22.78,22.41,22.55,136954,309180176
2025-12-16,601633.SH,22.46,22.55,22.15,22.35,136434,304803592
2025-12-17,601633.SH,22.45,22.45,22.03,22.06,108997,241485093
2025-12-18,601633.SH,22.09,22.36,22.05,22.21,100823,224205216
2025-12-21,601633.SH,22.34,22.5,22.26,22.33,85884,192027939
2025-12-22,601633.SH,22.33,22.33,22.07,22.09,88156,195052103
2025-12-23,601633.SH,22.03,22.14,21.94,22.02,98895,217484295
2025-12-24,601633.SH,22.02,22.19,21.91,22.17,91362,201381433
2025-12-25,601633.SH,22.28,23.29,22.28,22.78,363110,834862581
2025-12-28,601633.SH,22.77,23.05,22.61,22.61,153582,350273893
2025-12-29,601633.SH,22.6,22.67,22.44,22.5,124643,280989710
2025-12-30,601633.SH,22.6,22.81,22.4,22.63,152428,343997315
2026-01-04,601633.SH,22.6,22.61,22.15,22.3,231172,514280993
2026-01-05,601633.SH,22.27,22.53,22.16,22.51,201585,451259150
2026-01-06,601633.SH,22.5,22.5,22.16,22.3,159263,354791454
2026-01-07,601633.SH,22.24,22.24,22.01,22.1,173642,383708703
2026-01-08,601633.SH,22.09,22.18,22,22.13,155931,344465431
2026-01-11,601633.SH,22.13,22.19,22.01,22.17,193772,428401874
2026-01-12,601633.SH,22.18,22.31,21.9,21.93,249683,551474151
2026-01-13,601633.SH,21.9,22,21.63,21.75,239813,523711145
2026-01-14,601633.SH,21.75,21.82,21.66,21.7,125275,272211983
2026-01-15,601633.SH,21.75,21.82,21.68,21.76,131613,286091901
2026-01-18,601633.SH,21.88,22.02,21.84,21.99,163002,357890947
2026-01-19,601633.SH,21.99,21.99,21.74,21.79,147886,322878640
2026-01-20,601633.SH,21.72,21.73,21.56,21.6,139287,301564940
2026-01-21,601633.SH,21.65,21.67,21.46,21.5,158650,341356217
2026-01-22,601633.SH,21.51,21.7,21.38,21.59,185979,399858132
2026-01-25,601633.SH,21.57,21.57,21.24,21.27,180848,385658933
2026-01-26,601633.SH,21.25,21.29,21.01,21.09,131040,277073171
2026-01-27,601633.SH,21.1,21.15,20.85,20.87,203587,426250656
2026-01-28,601633.SH,20.85,21.1,20.58,21.1,266325,553265583
2026-01-29,601633.SH,21.14,21.15,20.68,20.69,177433,369356637
2026-02-01,601633.SH,20.52,20.85,20.41,20.44,174452,358852357
2026-02-02,601633.SH,20.48,20.6,20.37,20.51,139084,284837023
2026-02-03,601633.SH,20.49,20.84,20.41,20.81,155003,320179894
2026-02-04,601633.SH,20.73,21.28,20.7,21.16,209958,442105446
2026-02-05,601633.SH,21.07,21.15,20.92,20.93,111738,234509758
2026-02-08,601633.SH,20.96,21.13,20.87,20.99,119836,251468102
2026-02-09,601633.SH,21,21.03,20.85,20.92,66169,138369535
2026-02-10,601633.SH,20.95,21.12,20.88,20.98,91644,192604293
2026-02-11,601633.SH,21.04,21.04,20.75,20.76,101675,211572765
2026-02-12,601633.SH,20.77,20.85,20.66,20.67,90403,187539562
2026-02-23,601633.SH,20.73,21.15,20.73,21.04,165129,346021182
2026-02-24,601633.SH,20.93,21.22,20.92,20.97,151648,319602580
2026-02-25,601633.SH,20.97,20.99,20.75,20.8,95821,199432587
2026-02-26,601633.SH,20.72,20.82,20.5,20.5,223386,460891349
2026-03-01,601633.SH,20.4,20.58,20.26,20.42,225434,459779544
2026-03-02,601633.SH,20.43,20.6,20.17,20.17,208514,424618392
2026-03-03,601633.SH,20.01,20.09,19.73,19.84,192050,382080051
2026-03-04,601633.SH,19.99,20.12,19.89,19.96,119338,238668215
2026-03-05,601633.SH,19.97,20.2,19.88,20.19,92486,185613445
2026-03-08,601633.SH,20.1,20.1,19.9,20.02,116451,232869485
2026-03-09,601633.SH,20.04,20.14,20.02,20.07,89893,180323839
2026-03-10,601633.SH,20.07,20.68,20.07,20.52,198223,404713981
2026-03-11,601633.SH,20.45,20.66,20.35,20.61,129563,265814982
2026-03-12,601633.SH,20.6,21.18,20.48,21.07,292058,612375677
2026-03-15,601633.SH,21,21.49,20.95,21.15,188552,399248820
2026-03-16,601633.SH,21.16,21.45,21.14,21.14,198819,423144682
2026-03-17,601633.SH,21.15,21.18,20.95,21.07,144191,303395490
2026-03-18,601633.SH,20.91,21.18,20.81,20.94,199120,418017376
2026-03-19,601633.SH,21.01,21.45,20.73,21.29,303218,644145474
2026-03-22,601633.SH,21.14,21.5,20.72,20.83,258365,543606894
2026-03-23,601633.SH,20.95,21.03,20.42,20.72,191097,394009844
2026-03-24,601633.SH,20.7,20.95,20.55,20.9,128996,268710597
2026-03-25,601633.SH,20.87,21.09,20.7,20.73,105469,220299439
2026-03-26,601633.SH,20.63,20.9,20.58,20.88,106336,221111542
2026-03-29,601633.SH,20.75,20.83,20.28,20.31,156101,318762457
2026-03-30,601633.SH,20.3,20.92,20.25,20.63,149649,309506333
2026-03-31,601633.SH,20.78,20.83,20.4,20.64,116595,239755841
2026-04-01,601633.SH,20.7,21.04,20.66,20.87,167087,348466667
2026-04-02,601633.SH,21,21.23,20.68,20.76,127460,266339907
2026-04-06,601633.SH,20.91,20.92,20.55,20.71,96077,198745742
2026-04-07,601633.SH,20.81,21.02,20.8,21.01,147794,309089015
2026-04-08,601633.SH,20.88,20.94,20.66,20.7,105731,219620164
2026-04-09,601633.SH,20.76,21.35,20.71,21.27,229832,485459902
2026-04-12,601633.SH,21.2,21.55,21.08,21.36,167614,357999177
2026-04-13,601633.SH,21.45,21.49,21.1,21.21,118269,250923060
2026-04-14,601633.SH,21.21,21.3,20.91,20.93,115865,243266338
2026-04-15,601633.SH,21.04,21.2,20.84,20.94,141498,296718043
2026-04-16,601633.SH,20.93,20.93,20.61,20.73,114360,236735916
2026-04-19,601633.SH,20.71,20.97,20.65,20.7,139764,290089517
2026-04-20,601633.SH,20.66,20.73,20.52,20.66,83234,171637861
2026-04-21,601633.SH,20.7,20.75,20.43,20.45,150925,310129618
2026-04-22,601633.SH,20.45,20.51,20.31,20.45,112033,228783358
2026-04-23,601633.SH,20.4,20.4,20.21,20.23,115811,234786572
2026-04-26,601633.SH,20.05,20.35,19.76,20.22,167253,336579168
2026-04-27,601633.SH,20.15,20.2,19.95,20.01,117995,236169722
2026-04-28,601633.SH,20,20.1,19.9,19.95,161680,323110510
2026-04-29,601633.SH,19.95,20,19.87,19.89,104314,207644415
2026-05-05,601633.SH,19.9,20,19.68,19.91,228892,454264372
2026-05-06,601633.SH,19.92,19.96,19.78,19.85,132979,263902877
2026-05-07,601633.SH,19.87,19.92,19.78,19.8,135154,267955109
2026-05-10,601633.SH,19.81,19.87,19.65,19.8,163586,322532274
2026-05-11,601633.SH,19.8,19.8,19.7,19.71,102979,203152613
2026-05-12,601633.SH,19.69,19.7,19.44,19.54,152050,296673730
2026-05-13,601633.SH,19.53,19.55,19.11,19.15,169093,325973955
2026-05-14,601633.SH,19.2,19.32,19,19.09,134933,258373263
2026-05-17,601633.SH,19.05,19.06,18.36,18.44,250704,466293984
2026-05-18,601633.SH,18.48,18.85,18.42,18.45,182110,337846290
2026-05-19,601633.SH,18.46,18.46,18.07,18.13,144443,262620564
2026-05-20,601633.SH,18.13,18.24,17.76,17.83,233113,420364182
2026-05-21,601633.SH,17.8,17.92,17.57,17.71,169841,301125096
2026-05-24,601633.SH,17.74,17.85,17.48,17.58,163657,288706123
2026-05-25,601633.SH,17.58,17.9,17.36,17.45,221145,388195625
2026-05-26,601633.SH,17.45,17.54,17.09,17.25,213378,367868400
2026-05-27,601633.SH,17.2,17.23,16.71,16.87,227342,384104476
2026-05-28,601633.SH,16.86,17,16.75,16.89,317281,535466195
2026-05-31,601633.SH,16.88,17.3,16.7,16.99,396062,673109067
2026-06-01,601633.SH,16.9,17.28,16.72,17.04,372246,631625680
2026-06-02,601633.SH,17.01,17.03,16.43,16.99,293983,493976568
2026-06-03,601633.SH,16.93,16.93,16.57,16.66,221570,369891055
2026-06-04,601633.SH,16.66,16.87,16.48,16.74,215952,360420471
2026-06-07,601633.SH,16.6,16.72,16.24,16.41,242600,398695353
2026-06-08,601633.SH,16.4,16.58,16.3,16.57,165023,271756135
2026-06-09,601633.SH,16.52,17.2,16.45,17.13,396885,673869568
2026-06-10,601633.SH,17,17.68,16.97,17.52,406428,706870073
2026-06-11,601633.SH,17.41,18.25,17.41,17.6,782687,1397530505
2026-06-14,601633.SH,17.6,17.95,17.58,17.74,300229,533271931
2026-06-15,601633.SH,17.68,17.9,17.28,17.31,215112,377645313
2026-06-16,601633.SH,17.26,17.27,16.82,16.82,192836,327227309
2026-06-17,601633.SH,16.81,18.15,16.28,17.65,463128,796233069
2026-06-21,601633.SH,17.52,17.57,16.86,17.02,271072,462595693
2026-06-22,601633.SH,16.92,17.16,16.53,16.54,198738,333348982
2026-06-23,601633.SH,16.6,16.71,16.01,16.02,195114,316078110
2026-06-24,601633.SH,15.95,16.09,15.6,15.67,208733,329334128
2026-06-25,601633.SH,15.6,15.66,15.1,15.1,202164,309200463
2026-06-28,601633.SH,15.1,15.64,14.67,15.45,263800,401902142
2026-06-29,601633.SH,15.38,15.59,15.03,15.09,181500,275298908
2026-06-30,601633.SH,15.09,15.2,14.83,15.06,170537,256603925
2026-07-01,601633.SH,15.2,15.48,14.85,15,246023,371189203
2026-07-02,601633.SH,15,15.4,14.95,15.37,240849,367794726
2026-07-05,601633.SH,15.45,15.86,15.26,15.77,233338,365293747
2026-07-06,601633.SH,15.73,15.95,15.38,15.51,146301,228164071
2026-07-07,601633.SH,15.46,15.59,15.2,15.3,114972,176405328
2026-07-08,601633.SH,15.23,15.27,15.02,15.06,130693,197473927
2026-07-09,601633.SH,15.07,15.45,14.81,15.26,172848,262643531
2026-07-12,601633.SH,14.91,15.04,14.76,15,147329,219102577
2026-07-13,601633.SH,14.98,15.08,14.88,15.03,127888,191715963
2026-07-14,601633.SH,15,15.6,14.91,15.58,220898,341272654
2026-07-15,601633.SH,15.54,15.95,15.4,15.89,212367,334240699
2026-07-16,601633.SH,15.85,16.14,15.56,15.66,201473,317834508
2026-07-19,601633.SH,15.7,16.44,15.7,16.36,269943,434384601
2026-07-20,601633.SH,16.37,16.84,16.06,16.09,292389,479699485
2026-07-21,601633.SH,16.06,16.14,15.75,16.08,194428,309807464
2026-07-22,601633.SH,16.09,16.26,15.86,16.21,137771,221865895
2026-07-23,601633.SH,16.12,16.36,16.08,16.12,110075,178006429
2026-07-26,601633.SH,16.12,16.33,15.93,16.15,139233,225124986
2026-07-27,601633.SH,16.09,16.5,16.04,16.43,162549,264882482
2026-07-28,601633.SH,16.4,16.71,16.34,16.62,169761,282079051
2026-07-29,601633.SH,16.6,17.1,16.5,17.02,225014,380128815
2026-07-30,601633.SH,16.81,16.87,16.55,16.81,198552,332068101
2026-08-02,601633.SH,16.8,16.84,16.62,16.69,134973,225513044
2026-08-03,601633.SH,16.69,16.7,16.04,16.07,237066,384905991
2026-08-04,601633.SH,16.09,16.14,15.8,15.97,180889,288570765
2026-08-05,601633.SH,15.97,15.98,15.51,15.72,195298,306300167
2026-08-06,601633.SH,15.67,15.72,15.47,15.58,179734,280136067
2026-08-09,601633.SH,15.65,15.8,15.51,15.69,152060,238672418
2026-08-10,601633.SH,15.7,15.77,15.53,15.59,118839,185724894
2026-08-11,601633.SH,15.59,15.8,15.52,15.75,129024,202242131
2026-08-12,601633.SH,15.76,15.76,15.48,15.51,127182,198411148
2026-08-13,601633.SH,15.5,15.55,15.31,15.42,101262,156233865
2026-08-16,601633.SH,15.42,15.48,15.29,15.45,92318,141989403
2026-08-17,601633.SH,15.4,15.44,15.25,15.33,98008,150280974
2026-08-18,601633.SH,15.31,15.36,15.18,15.23,106574,162738558
2026-08-19,601633.SH,15.23,15.56,15.23,15.55,143417,221508791
2026-08-20,601633.SH,15.53,15.53,15.17,15.21,125225,191303008
2026-08-23,601633.SH,15.21,15.4,15.15,15.21,107496,164494093
2026-08-24,601633.SH,15.21,15.4,15.19,15.4,84081,128585190
2026-08-25,601633.SH,15.26,15.55,15.25,15.42,94988,146897165
2026-08-26,601633.SH,15.42,15.44,15.21,15.29,101789,155536114
2026-08-27,601633.SH,15.28,15.36,15.2,15.32,80343,122823974
2026-08-30,601633.SH,15.32,15.32,15.06,15.18,97416,147767409
2026-08-31,601633.SH,15.18,15.34,15.15,15.2,121549,185548034
2026-09-01,601633.SH,15.16,15.21,14.92,14.97,123553,185364519
2026-09-02,601633.SH,14.98,15.08,14.9,14.91,87637,131224359
2026-09-03,601633.SH,14.97,15.22,14.88,14.94,143198,215500050
2026-09-06,601633.SH,14.94,15,14.78,14.95,114257,169759729
2026-09-07,601633.SH,14.95,15.06,14.88,15.03,93224,139743586
2026-09-08,601633.SH,15.03,15.03,14.66,14.74,165103,244308517
2026-09-09,601633.SH,14.75,14.75,14.5,14.57,140334,204633136
2026-09-10,601633.SH,14.57,14.68,14.35,14.48,299911,434252413
2026-09-13,601633.SH,14.4,14.74,14.36,14.71,221649,323605412
2026-09-14,601633.SH,14.7,14.9,14.59,14.6,162854,240427228
2026-09-15,601633.SH,14.55,14.55,14.14,14.23,190129,271163066
2026-09-16,601633.SH,14.16,14.27,14.04,14.2,117598,166815681
2026-09-17,601633.SH,14.18,14.25,14.03,14.05,196397,276711124
2026-09-20,601633.SH,14.05,14.05,13.97,14.04,135474,189753159
2026-09-21,601633.SH,14.04,14.2,14,14.13,162494,229226103
2026-09-22,601633.SH,14.08,14.28,14.04,14.11,136967,193846083
2026-09-23,601633.SH,14.08,14.09,13.9,13.91,117832,164694531
2026-09-27,601633.SH,13.8,13.9,13.72,13.79,111827,154309057
2026-09-28,601633.SH,13.79,13.89,13.66,13.66,117190,161206794
2026-09-29,601633.SH,13.67,13.88,13.6,13.73,143441,196991301
2022-08-16,000625.SZ,17.15,17.55,16.88,17.46,2807416,4840039169.49
2022-08-17,000625.SZ,17.5,17.5,16.91,17.04,2306613,3954377138.29
2022-08-18,000625.SZ,16.89,16.89,16.35,16.42,2717632,4509524248.83
2022-08-21,000625.SZ,16.35,17.25,15.87,16.87,2853145,4761674907.95
2022-08-22,000625.SZ,16.67,16.97,16.28,16.39,2076751,3418011944.9
2022-08-23,000625.SZ,16.33,16.35,15.12,15.17,3909540,6097556712.97
2022-08-24,000625.SZ,15.23,15.4,14.9,15.18,2143040,3245234061.08
2022-08-25,000625.SZ,15.39,15.49,15.1,15.18,1579747,2407731036.35
2022-08-28,000625.SZ,14.8,15.28,14.7,15.16,1192554,1794337616.21
2022-08-29,000625.SZ,15.16,15.65,15.07,15.36,1734091,2667996595.06
2022-08-30,000625.SZ,15.02,15.2,14.46,14.52,2056793,3042698557.49
2022-08-31,000625.SZ,14.54,14.7,14.36,14.42,1370193,1989252163.37
2022-09-01,000625.SZ,14.56,14.63,14.26,14.4,1182634,1704269059.68
2022-09-04,000625.SZ,14.22,14.39,14,14.08,1970063,2785630408.47
2022-09-05,000625.SZ,14.23,14.59,14.15,14.55,2156220,3099105364.55
2022-09-06,000625.SZ,14.46,14.62,14.27,14.29,1909448,2751867784.96
2022-09-07,000625.SZ,14.37,14.52,14.11,14.13,1557971,2229179917.56
2022-09-08,000625.SZ,14.15,14.21,13.9,14.11,1169289,1643497746.92
2022-09-12,000625.SZ,14.22,14.58,14.11,14.39,2061848,2962809463.86
2022-09-13,000625.SZ,14.15,14.32,13.86,14.14,1662711,2344665473.3
2022-09-14,000625.SZ,14.19,14.24,13.18,13.42,2883365,3902181599.26
2022-09-15,000625.SZ,13.22,13.6,13.12,13.13,1572701,2098207301.7
2022-09-18,000625.SZ,13.2,13.64,13.17,13.4,1913661,2572294951.16
2022-09-19,000625.SZ,13.6,13.92,13.46,13.51,1823949,2492725630.99
2022-09-20,000625.SZ,13.38,13.96,13.21,13.76,2186157,2980095503.53
2022-09-21,000625.SZ,13.55,13.72,13.35,13.38,1554783,2094484780.07
2022-09-22,000625.SZ,13.33,13.56,12.92,13.24,1510816,1989323758.92
2022-09-25,000625.SZ,13.24,13.53,13.13,13.29,1454658,1945990204.56
2022-09-26,000625.SZ,13.42,13.52,13.08,13.48,1466149,1946233481.5
2022-09-27,000625.SZ,13.46,13.47,12.78,12.78,1533340,2001567290.01
2022-09-28,000625.SZ,12.95,13.23,12.66,12.94,1535226,1990162103.52
2022-09-29,000625.SZ,12.8,12.96,12.42,12.56,1298608,1639371223.47
2022-10-09,000625.SZ,12.48,12.48,12,12.02,1405431,1711573222.95
2022-10-10,000625.SZ,12.15,12.22,11.91,12.16,932017,1127160361.2
2022-10-11,000625.SZ,12.18,12.93,12.04,12.92,2065476,2574252927.95
2022-10-12,000625.SZ,12.79,13.05,12.68,12.76,1644551,2114397837.36
2022-10-13,000625.SZ,12.99,13.39,12.82,13.17,1997508,2616485251.71
2022-10-16,000625.SZ,13,13.1,12.66,12.92,1757739,2260538786.48
2022-10-17,000625.SZ,13.22,13.31,12.72,12.75,1909420,2480791592.94
2022-10-18,000625.SZ,12.6,12.88,12.51,12.51,1269635,1606955089.91
2022-10-19,000625.SZ,12.37,12.57,12.08,12.35,1449358,1781493215.14
2022-10-20,000625.SZ,12.35,12.4,12.13,12.18,937786,1149651187.88
2022-10-23,000625.SZ,12.24,12.51,11.81,11.96,1412102,1715194278.87
2022-10-24,000625.SZ,11.9,12.25,11.59,12.09,1384084,1655124575.69
2022-10-25,000625.SZ,12.13,12.31,11.9,12.02,1554015,1882974590.11
2022-10-26,000625.SZ,12,12.3,11.92,11.95,1736805,2101389812.83
2022-10-27,000625.SZ,11.8,11.8,11.21,11.29,1747512,2003567428.11
2022-10-30,000625.SZ,11.19,11.46,11.1,11.29,1211314,1369023566.38
2022-10-31,000625.SZ,11.33,11.68,11.24,11.68,1665012,1910921002.06
2022-11-01,000625.SZ,11.58,12.57,11.52,12.36,3192421,3877923823.82
2022-11-02,000625.SZ,12.1,12.51,12.05,12.18,1908373,2341385941.65
2022-11-03,000625.SZ,12.17,12.95,12.17,12.8,3094696,3918140472.3
2022-11-06,000625.SZ,12.79,12.94,12.58,12.77,1850555,2359959713.09
2022-11-07,000625.SZ,12.71,12.81,12.43,12.59,1411343,1771946924.19
2022-11-08,000625.SZ,12.61,12.69,12.41,12.45,1030407,1291584642.88
2022-11-09,000625.SZ,12.31,12.35,12.1,12.21,1164531,1421940901.19
2022-11-10,000625.SZ,12.65,12.75,12.3,12.44,1737533,2167635745.22
2022-11-13,000625.SZ,12.36,12.53,12.15,12.21,1228563,1515400725.98
2022-11-14,000625.SZ,12.19,12.61,12.07,12.58,1569895,1948637011.18
2022-11-15,000625.SZ,12.59,12.74,12.27,12.32,1480146,1843874812.01
2022-11-16,000625.SZ,12.22,12.22,11.9,12.04,1503663,1807074829.07
2022-11-17,000625.SZ,12.06,12.17,11.82,11.83,1261914,1511840970
2022-11-20,000625.SZ,11.71,12.12,11.5,12.06,1161493,1380793710.71
2022-11-21,000625.SZ,12,12.15,11.88,11.94,821530,983804627.7
2022-11-22,000625.SZ,11.97,11.99,11.78,11.92,708217,841358075.86
2022-11-23,000625.SZ,12,12.19,11.84,12.13,1381364,1661517539.1
2022-11-24,000625.SZ,12.02,12.02,11.8,11.81,1093950,1299125550
2022-11-27,000625.SZ,11.6,11.69,11.4,11.63,879173,1015050450.71
2022-11-28,000625.SZ,11.63,12.4,11.6,12.23,2380245,2873728473.56
2022-11-29,000625.SZ,12.25,13.45,12.24,13.45,4076984,5298726681.13
2022-11-30,000625.SZ,14.01,14.31,13.67,13.75,5972194,8330247560.9
2022-12-01,000625.SZ,13.71,13.99,13.47,13.58,3148763,4314362845.94
2022-12-04,000625.SZ,13.79,13.95,13.48,13.79,2928785,4027007049.51
2022-12-05,000625.SZ,13.58,14.25,13.32,13.95,3577988,4974925210.74
2022-12-06,000625.SZ,14.2,14.58,13.95,14.04,3559487,5070870530.69
2022-12-07,000625.SZ,13.9,14.21,13.8,13.85,2062817,2879757728.27
2022-12-08,000625.SZ,13.8,14.05,13.71,13.9,1655019,2292341133.7
2022-12-11,000625.SZ,13.69,13.84,13.38,13.4,1978264,2682448989.95
2022-12-12,000625.SZ,13.43,13.84,13.43,13.51,1585840,2160882074.63
2022-12-13,000625.SZ,13.41,13.55,13.18,13.24,1486843,1978714996.81
2022-12-14,000625.SZ,13.45,13.72,13.23,13.57,2222952,3001528694.48
2022-12-15,000625.SZ,13.39,13.75,13.32,13.49,1283386,1733133086.13
2022-12-18,000625.SZ,13.68,13.92,13.32,13.46,2158326,2944586643.08
2022-12-19,000625.SZ,13.3,13.43,12.96,13.17,1616800,2131887375.27
2022-12-20,000625.SZ,13.15,13.38,12.73,12.84,1468217,1906756256.62
2022-12-21,000625.SZ,13,13.7,12.79,13.3,2571707,3405067303.45
2022-12-22,000625.SZ,13.11,13.15,12.73,12.81,1450080,1871852376.46
2022-12-25,000625.SZ,12.73,13.14,12.6,13.06,1226122,1586989193.52
2022-12-26,000625.SZ,13.03,13.12,12.75,13.09,1245849,1613615085.95
2022-12-27,000625.SZ,12.81,12.86,12.27,12.36,2200606,2744626799.53
2022-12-28,000625.SZ,12.27,12.57,12.16,12.29,1243059,1533075235.49
2022-12-29,000625.SZ,12.5,12.68,12.27,12.31,1375983,1716596619.69
2023-01-02,000625.SZ,12.15,12.38,11.98,12.34,1421967,1731463486.03
2023-01-03,000625.SZ,12.15,12.32,12.11,12.23,940803,1147880239.54
2023-01-04,000625.SZ,12.38,12.64,12.28,12.49,1829297,2279907190.5
2023-01-05,000625.SZ,12.39,12.85,12.38,12.51,1620083,2041664066.3
2023-01-08,000625.SZ,12.41,12.76,12.4,12.5,1633826,2053975277.42
2023-01-09,000625.SZ,12.59,13.42,12.4,13.36,3718171,4829399962.58
2023-01-10,000625.SZ,13.1,13.28,13,13.06,2231057,2926834037.83
2023-01-11,000625.SZ,13.11,13.39,13.04,13.13,1699056,2239356402.05
2023-01-12,000625.SZ,13.14,13.42,13.09,13.23,1638247,2165952092.91
2023-01-15,000625.SZ,13.23,13.29,13.03,13.15,1480918,1946519795.15
2023-01-16,000625.SZ,13.15,13.25,13.06,13.1,883524,1161030073.1
2023-01-17,000625.SZ,13.15,13.53,13.15,13.22,1535166,2042911919.66
2023-01-18,000625.SZ,13.11,13.25,13.01,13.22,1060066,1394032203.13
2023-01-19,000625.SZ,13.22,13.57,13.2,13.54,1814381,2435248657.33
2023-01-29,000625.SZ,14.21,14.35,13.86,13.95,3112824,4389682559.69
2023-01-30,000625.SZ,13.96,14.34,13.91,14.13,2346921,3315468767.35
2023-01-31,000625.SZ,14.16,14.82,14.09,14.79,3222937,4675622978.36
2023-02-01,000625.SZ,14.65,14.85,14.46,14.47,2380741,3478394743.14
2023-02-02,000625.SZ,14.49,14.58,13.9,14.13,2096718,2970486493.91
2023-02-05,000625.SZ,14,14.14,13.8,13.85,1390668,1938195121.96
2023-02-06,000625.SZ,13.96,14.04,13.85,13.99,1015141,1415543384.02
2023-02-07,000625.SZ,13.98,13.98,13.72,13.72,1117910,1544391579.17
2023-02-08,000625.SZ,13.65,13.9,13.6,13.86,1003612,1387665949.31
2023-02-09,000625.SZ,13.85,13.86,13.6,13.67,973659,1333874282.01
2023-02-12,000625.SZ,13.6,13.89,13.54,13.79,1093431,1503627293.28
2023-02-13,000625.SZ,13.8,13.96,13.71,13.84,1123494,1552439667.13
2023-02-14,000625.SZ,13.9,13.95,13.61,13.65,1350401,1860904631.74
2023-02-15,000625.SZ,13.62,13.86,13.31,13.46,1539965,2099735137.67
2023-02-16,000625.SZ,13.4,13.54,13.2,13.25,1089856,1456821926.84
2023-02-19,000625.SZ,13.3,13.46,13.17,13.44,927665,1236545889.29
2023-02-20,000625.SZ,13.46,13.88,13.39,13.77,1750671,2399729200.9
2023-02-21,000625.SZ,13.64,13.73,13.55,13.68,868821,1183331886.7
2023-02-22,000625.SZ,13.63,13.92,13.62,13.78,1289187,1779481922.39
2023-02-23,000625.SZ,13.7,13.76,13.37,13.46,1186737,1602501570.32
2023-02-26,000625.SZ,13.35,13.45,13.24,13.28,739166,984755730.42
2023-02-27,000625.SZ,13.33,13.42,13.23,13.42,657986,877293916.02
2023-02-28,000625.SZ,13.39,13.66,13.32,13.58,1008250,1365444074.69
2023-03-01,000625.SZ,13.58,13.65,13.45,13.46,710088,960890543.91
2023-03-02,000625.SZ,13.43,13.5,13.3,13.36,663745,887733629.45
2023-03-05,000625.SZ,13.32,13.45,13.11,13.42,809369,1075748482.26
2023-03-06,000625.SZ,13.39,13.55,13.16,13.17,936134,1251942663.82
2023-03-07,000625.SZ,13.14,13.14,13.01,13.07,633833,827874353.47
2023-03-08,000625.SZ,13.07,13.14,12.96,13,620069,809645488.5
2023-03-09,000625.SZ,12.84,12.84,12.27,12.28,1987969,2466862640.6
2023-03-12,000625.SZ,12.01,12.05,11.61,11.85,1815652,2145777637.8
2023-03-13,000625.SZ,11.8,11.83,11.32,11.63,1653446,1916040585.86
2023-03-14,000625.SZ,11.68,11.76,11.53,11.56,1077030,1253283276.06
2023-03-15,000625.SZ,11.48,11.66,11.34,11.35,1013755,1161291787.44
2023-03-16,000625.SZ,11.45,11.64,11.37,11.48,977558,1124131998.82
2023-03-19,000625.SZ,11.46,11.59,11.34,11.43,804004,921719848.25
2023-03-20,000625.SZ,11.48,11.73,11.4,11.73,1139157,1323061376.8
2023-03-21,000625.SZ,11.8,11.95,11.66,11.73,1102831,1302686115.5
2023-03-22,000625.SZ,11.62,11.81,11.55,11.8,709816,831975298.49
2023-03-23,000625.SZ,11.81,11.85,11.72,11.77,635069,748421885.5
2023-03-26,000625.SZ,11.75,11.84,11.63,11.78,645293,757805055.89
2023-03-27,000625.SZ,11.79,12,11.77,11.87,927311,1102396104.67
2023-03-28,000625.SZ,11.9,12.02,11.7,11.71,758807,897959154.03
2023-03-29,000625.SZ,11.74,11.99,11.59,11.93,1084582,1283224345.88
2023-03-30,000625.SZ,11.89,12.07,11.86,11.92,884486,1056540040.63
2023-04-02,000625.SZ,11.92,12.09,11.75,12.02,1016841,1211497427.64
2023-04-03,000625.SZ,12,12,11.76,11.94,1110590,1319844326.89
2023-04-05,000625.SZ,11.84,11.9,11.71,11.77,690179,813704995.92
2023-04-06,000625.SZ,11.72,11.97,11.72,11.84,647735,768859555.04
2023-04-09,000625.SZ,11.98,12.1,11.84,11.87,888474,1060194475.16
2023-04-10,000625.SZ,11.83,11.93,11.76,11.86,600721,710356266.49
2023-04-11,000625.SZ,11.87,11.88,11.65,11.7,684463,802872883.96
2023-04-12,000625.SZ,11.63,11.78,11.51,11.6,680231,792213935.91
2023-04-13,000625.SZ,11.65,12.15,11.65,11.95,1834988,2199293126.55
2023-04-16,000625.SZ,11.94,12.26,11.9,12.18,1300606,1578890851.29
2023-04-17,000625.SZ,12.19,12.34,12.08,12.1,978422,1190084724.06
2023-04-18,000625.SZ,12.1,12.12,11.85,11.91,748398,893273384.12
2023-04-19,000625.SZ,11.83,11.83,11.6,11.65,898354,1048632756.58
2023-04-20,000625.SZ,11.6,11.73,11.25,11.26,1148708,1314701703.62
2023-04-23,000625.SZ,11.24,11.56,11.01,11.34,995671,1126756069.91
2023-04-24,000625.SZ,11.28,11.29,10.89,10.99,956324,1053913285.74
2023-04-25,000625.SZ,10.95,11.3,10.88,11.17,680967,759153447.42
2023-04-26,000625.SZ,11.16,11.34,11.12,11.19,668716,751845467.37
2023-04-27,000625.SZ,11.7,12,11.62,11.91,1975714,2338841614.13
2023-05-03,000625.SZ,11.84,12.12,11.77,12,1181888,1417736104.83
2023-05-04,000625.SZ,12.02,12.05,11.7,11.8,763902,903707562.84
2023-05-07,000625.SZ,11.93,12.17,11.89,11.95,896330,1074997754.14
2023-05-08,000625.SZ,11.9,12.1,11.8,11.92,1022019,1220675465.84
2023-05-09,000625.SZ,11.96,13,11.91,12.68,2922352,3605379251.11
2023-05-10,000625.SZ,12.68,12.78,12.34,12.35,2019029,2520074303.67
2023-05-11,000625.SZ,12.28,12.44,12.05,12.08,1071425,1306301973.29
2023-05-14,000625.SZ,12.07,12.38,12.03,12.36,1066289,1304477651.55
2023-05-15,000625.SZ,12.4,12.44,12.06,12.09,867349,1057265737.74
2023-05-16,000625.SZ,12.09,12.2,11.91,12.07,627229,755961776.19
2023-05-17,000625.SZ,12.13,12.18,11.75,11.95,799907,957272516.37
2023-05-18,000625.SZ,11.86,11.97,11.74,11.85,616744,731875768.23
2023-05-21,000625.SZ,11.94,12.3,11.87,12.21,1237305,1501222830.66
2023-05-22,000625.SZ,12.18,12.46,12.12,12.13,1116723,1372934268.99
2023-05-23,000625.SZ,12.02,12.19,11.93,11.96,669954,806915917.32
2023-05-24,000625.SZ,11.88,12.09,11.76,12.03,865407,1029879198.99
2023-05-25,000625.SZ,12.07,12.38,11.8,12.26,1427579,1732367251.76
2023-05-28,000625.SZ,12.19,12.22,11.92,11.98,785367,943259204.88
2023-05-29,000625.SZ,11.93,12.34,11.9,12.15,1084085,1317800795.45
2023-05-30,000625.SZ,12.08,12.13,11.86,11.95,881502,1054504716.34
2023-05-31,000625.SZ,11.9,12.03,11.8,11.87,799575,952443169.92
2023-06-01,000625.SZ,11.88,12.25,11.88,12.18,1322657,1600583393.2
2023-06-04,000625.SZ,12.15,12.17,11.9,12.04,1273250,1525293672.43
2023-06-05,000625.SZ,11.94,12.01,11.81,11.86,868104,1030884302.25
2023-06-06,000625.SZ,11.82,11.84,11.42,11.53,1061821,1228015232.36
2023-06-07,000625.SZ,11.61,11.66,11.41,11.63,578469,667989224.05
2023-06-08,000625.SZ,11.89,12.09,11.84,12.07,1611170,1932663715.78
2023-06-11,000625.SZ,12,12.28,11.93,12.15,1296971,1577468170.38
2023-06-12,000625.SZ,12.13,12.3,12.06,12.21,991472,1206664758.7
2023-06-13,000625.SZ,12.2,12.34,12.15,12.21,881515,1079927889.47
2023-06-14,000625.SZ,12.15,12.73,12.09,12.51,1930930,2418518796.1
2023-06-15,000625.SZ,12.73,12.88,12.5,12.55,1316469,1662107607.53
2023-06-18,000625.SZ,12.54,12.78,12.46,12.58,1058197,1333917731.11
2023-06-19,000625.SZ,12.51,12.66,12.36,12.58,970596,1217031957.1
2023-06-20,000625.SZ,12.57,12.7,12.4,12.42,999775,1252851517.38
2023-06-25,000625.SZ,12.67,13.49,12.58,12.85,3804172,4972670365.88
2023-06-26,000625.SZ,12.73,13.03,12.4,12.8,2232344,2827498164.05
2023-06-27,000625.SZ,12.76,13.28,12.72,13.06,2296996,3004346548.41
2023-06-28,000625.SZ,13.05,13.24,12.87,12.92,1444267,1882816216.76
2023-06-29,000625.SZ,12.82,13.06,12.72,12.93,1091896,1410443794.19
2023-07-02,000625.SZ,13.17,13.85,13.11,13.83,3747072,5078968094.86
2023-07-03,000625.SZ,13.85,14.58,13.67,14.43,4616927,6561053413.86
2023-07-04,000625.SZ,14.42,14.55,14.07,14.08,2692727,3842785617.27
2023-07-05,000625.SZ,14,14.23,13.9,14.05,1837931,2586693080.56
2023-07-06,000625.SZ,13.88,14.12,13.8,13.83,1582272,2199809958.37
2023-07-09,000625.SZ,13.84,14.17,13.55,13.67,1448670,1993546173.32
2023-07-10,000625.SZ,13.66,14.41,13.57,14.29,2433998,3431641596.41
2023-07-11,000625.SZ,14.26,14.9,14.04,14.12,3593598,5175726821.11
2023-07-12,000625.SZ,13.99,14.29,13.83,13.95,1944975,2722120755.97
2023-07-13,000625.SZ,13.85,14.05,13.63,13.83,1362903,1889507206.21
2023-07-16,000625.SZ,13.75,13.83,13.5,13.66,1083030,1473584915.14
2023-07-17,000625.SZ,13.66,14.15,13.21,13.87,2108779,2893833806.3
2023-07-18,000625.SZ,13.71,13.96,13.65,13.76,998411,1376560505.27
2023-07-19,000625.SZ,13.8,13.88,13.26,13.28,1470247,1984209070.61
2023-07-20,000625.SZ,13.18,13.42,13.08,13.23,818730,1083978462.64
2023-07-23,000625.SZ,13.13,13.43,13.04,13.27,698131,926945998.09
2023-07-24,000625.SZ,13.65,14.6,13.65,14.6,4595703,6579961624.2
2023-07-25,000625.SZ,14.6,14.65,14.04,14.1,3080737,4400759068
2023-07-26,000625.SZ,14.59,14.89,13.9,13.94,2892813,4147251780.73
2023-07-27,000625.SZ,13.79,14.95,13.65,14.84,4218790,6099229811.35
2023-07-30,000625.SZ,15.2,16.29,15.2,16.03,5143395,8146146533.89
2023-07-31,000625.SZ,15.88,16.19,15.7,15.83,3068388,4882419955.74
2023-08-01,000625.SZ,15.7,16.41,15.67,15.87,2634456,4213548911.37
2023-08-02,000625.SZ,15.67,15.87,15.5,15.64,1831675,2860675093.77
2023-08-03,000625.SZ,15.84,16.09,15.61,15.68,1720948,2721146634.94
2023-08-06,000625.SZ,15.5,15.8,15.36,15.64,1495611,2329484048.54
2023-08-07,000625.SZ,15.55,15.59,15.08,15.45,1578045,2424797155.35
2023-08-08,000625.SZ,15.31,15.35,14.76,15.01,2104390,3164621850.84
2023-08-09,000625.SZ,14.95,15.17,14.91,14.96,976116,1464861864.87
2023-08-10,000625.SZ,15.02,15.14,14.58,14.6,1290996,1905004740.5
2023-08-13,000625.SZ,14.3,14.3,13.53,13.89,2440532,3379954329.68
2023-08-14,000625.SZ,13.99,14.05,13.67,13.83,1090166,1510317598.52
2023-08-15,000625.SZ,13.71,13.75,13.36,13.37,1279468,1724765866.73
2023-08-16,000625.SZ,13.3,13.79,13.07,13.63,2169732,2915435372.45
2023-08-17,000625.SZ,13.56,13.68,13.29,13.29,1251606,1682442569.32
2023-08-20,000625.SZ,13.25,13.35,12.96,12.96,1116407,1465849571.47
2023-08-21,000625.SZ,13.24,13.27,12.91,13.19,1267438,1662479231.33
2023-08-22,000625.SZ,13.04,13.19,12.8,12.81,1005480,1302879773.16
2023-08-23,000625.SZ,12.86,13.25,12.72,13.01,1238997,1608364712.06
2023-08-24,000625.SZ,12.9,13.2,12.81,13.08,1127894,1467029196.75
2023-08-27,000625.SZ,13.99,14,13,13.04,2219199,2969144248.74
2023-08-28,000625.SZ,13,13.85,12.95,13.64,2520394,3389917497.24
2023-08-29,000625.SZ,13.56,13.59,13.31,13.36,1368576,1838575244.19
2023-08-30,000625.SZ,13.05,13.05,12.38,12.54,3138111,3950433569.29
2023-08-31,000625.SZ,12.66,13.16,12.66,12.88,2212098,2859170694.38
2023-09-03,000625.SZ,12.99,13.42,12.82,13.35,1996416,2636852810.54
2023-09-04,000625.SZ,13.27,13.32,13.12,13.17,1173679,1548537068.78
2023-09-05,000625.SZ,13.12,13.34,13.08,13.24,1114829,1472494473.96
2023-09-06,000625.SZ,13.15,13.16,12.85,12.89,1008871,1308754151.69
2023-09-07,000625.SZ,12.79,12.92,12.71,12.86,633269,811799893.82
2023-09-10,000625.SZ,12.92,13.55,12.81,13.36,1889867,2504154100.79
2023-09-11,000625.SZ,13.44,13.59,13.33,13.47,1297411,1745659831.71
2023-09-12,000625.SZ,13.38,13.43,13.12,13.21,901518,1194789808.94
2023-09-13,000625.SZ,13,13.37,12.85,12.98,1132334,1481547536.39
2023-09-14,000625.SZ,13.09,13.13,12.86,12.9,795272,1029273534.63
2023-09-17,000625.SZ,12.82,13.42,12.78,13.28,1740029,2306086906.52
2023-09-18,000625.SZ,13.19,13.25,13.03,13.06,922007,1209049186.05
2023-09-19,000625.SZ,13,13.04,12.82,12.87,790610,1019171502.7
2023-09-20,000625.SZ,12.89,12.99,12.68,12.72,752122,962198431.24
2023-09-21,000625.SZ,12.71,12.95,12.6,12.93,814507,1044976680.59
2023-09-24,000625.SZ,13,13.16,12.93,12.97,937446,1220891216.19
2023-09-25,000625.SZ,12.81,13.13,12.81,12.94,760675,989338842.03
2023-09-26,000625.SZ,12.95,13.15,12.88,13.04,982015,1278619778.07
2023-09-27,000625.SZ,13.07,13.67,13.07,13.44,1874845,2515632723.18
2023-10-08,000625.SZ,14,14.09,13.6,13.93,2344627,3260476788.17
2023-10-09,000625.SZ,13.96,14.83,13.55,14.43,3154605,4469378871.39
2023-10-10,000625.SZ,14.46,14.75,14.21,14.33,2291175,3308179018.77
2023-10-11,000625.SZ,14.31,15.5,14.28,15.27,3904963,5912571271.1
2023-10-12,000625.SZ,14.99,15.23,14.88,15.01,2057031,3090578617.32
2023-10-15,000625.SZ,15.09,15.31,14.8,14.91,1910573,2872950607.79
2023-10-16,000625.SZ,14.91,15.29,14.83,14.99,1540127,2310521813.27
2023-10-17,000625.SZ,14.85,15.28,14.77,15.01,2064217,3110739101.39
2023-10-18,000625.SZ,14.72,14.87,14.32,14.37,2439507,3553738713.1
2023-10-19,000625.SZ,14.3,14.53,14.09,14.14,1244788,1774956848.65
2023-10-22,000625.SZ,14.1,14.29,13.76,13.9,1161772,1629285607.42
2023-10-23,000625.SZ,14.03,14.28,13.71,13.94,1256227,1753021415.58
2023-10-24,000625.SZ,13.97,14.8,13.89,14.53,2674894,3849051652.55
2023-10-25,000625.SZ,14.63,15.12,14.45,15.12,2689676,4008010304.4
2023-10-26,000625.SZ,15.42,16.38,15.18,15.81,3637776,5743908771.72
2023-10-29,000625.SZ,15.79,15.79,15.16,15.43,2495362,3857247322.46
2023-10-30,000625.SZ,15.51,15.84,14.97,15.13,2368678,3628313927.89
2023-10-31,000625.SZ,15.18,15.31,14.81,15.04,1428837,2158438838.16
2023-11-01,000625.SZ,15,15.45,14.85,15.08,1849642,2806010330.12
2023-11-02,000625.SZ,15.02,15.4,14.87,15.29,1436178,2178791073.36
2023-11-05,000625.SZ,15.42,15.45,15.12,15.38,2008281,3069916813.7
2023-11-06,000625.SZ,15.21,16.12,15.2,15.97,3093879,4904416977.89
2023-11-07,000625.SZ,15.81,15.99,15.45,15.7,1945855,3051301702.06
2023-11-08,000625.SZ,15.73,17.18,15.63,16.7,4881221,8088068722
2023-11-09,000625.SZ,16.34,16.44,15.47,15.86,3210272,5098861292.08
2023-11-12,000625.SZ,15.98,16,15.45,15.53,1785755,2802596487.7
2023-11-13,000625.SZ,15.5,16.2,15.4,16.1,2353481,3738152766.07
2023-11-14,000625.SZ,16.18,17.05,15.9,16.98,3963284,6572256098.11
2023-11-15,000625.SZ,16.7,16.97,16.47,16.47,1897513,3158495994.46
2023-11-16,000625.SZ,16.35,16.89,16.34,16.51,1521051,2522699086.95
2023-11-19,000625.SZ,16.62,16.79,16.42,16.59,1534036,2543402067.99
2023-11-20,000625.SZ,16.57,17.16,16.22,16.39,1866549,3096691829.59
2023-11-21,000625.SZ,16.05,16.53,16.03,16.3,1318948,2155191983.62
2023-11-22,000625.SZ,16.5,17.93,16.49,17.4,7787190,13683132471.05
2023-11-23,000625.SZ,17.73,18.29,17.32,17.78,5424748,9684556176.43
2023-11-26,000625.SZ,19.56,19.56,19.56,19.56,835053,1633364626.44
2023-11-27,000625.SZ,20.57,21.48,20.05,21.48,9265254,19225347088.92
2023-11-28,000625.SZ,21.15,21.18,20.09,20.7,6503097,13433425825.42
2023-11-29,000625.SZ,20.6,21.1,20.16,20.38,4854670,10006330291.61
2023-11-30,000625.SZ,20.44,20.45,19.04,19.18,5686288,11032890773.94
2023-12-03,000625.SZ,19.19,20.08,18.95,19.26,4392850,8583178517.55
2023-12-04,000625.SZ,19,19.37,18.66,19.03,3301216,6271397738.33
2023-12-05,000625.SZ,19.2,19.88,19.1,19.31,3608079,7030351365.32
2023-12-06,000625.SZ,19.18,19.55,18.93,18.93,2706913,5191980840.42
2023-12-07,000625.SZ,18.72,19.12,18.3,18.34,3333416,6171582477.11
2023-12-10,000625.SZ,18.33,19.05,18.15,18.99,3582711,6655448989.93
2023-12-11,000625.SZ,18.91,19.18,18.67,18.94,2396111,4526936912.17
2023-12-12,000625.SZ,18.93,19.38,18.84,18.89,2582553,4928603531.49
2023-12-13,000625.SZ,18.85,19.15,18.12,18.24,2971785,5498903356.94
2023-12-14,000625.SZ,18.3,18.57,18.13,18.18,1728085,3163714670.62
2023-12-17,000625.SZ,18.01,18.27,17.85,18.04,1611876,2907764894.67
2023-12-18,000625.SZ,17.99,18.05,17.2,17.54,2917694,5112871277.79
2023-12-19,000625.SZ,17.6,17.66,16.91,16.99,1864322,3205128975.57
2023-12-20,000625.SZ,16.9,17.32,16.8,17.07,1687356,2873153850.27
2023-12-21,000625.SZ,17.11,17.15,16.59,16.7,1527288,2570145707.44
2023-12-24,000625.SZ,16.69,17.35,16.69,17.33,1689899,2880939903.06
2023-12-25,000625.SZ,17.35,17.35,16.85,17.16,1324595,2264808222.41
2023-12-26,000625.SZ,17.16,17.38,16.9,17.05,1238413,2115329370.89
2023-12-27,000625.SZ,16.95,17.12,16.66,16.89,2068555,3495152850.89
2023-12-28,000625.SZ,16.84,17.25,16.62,16.83,2013427,3404767633.5
2024-01-01,000625.SZ,16.74,16.89,16.24,16.24,1995178,3286210733.06
2024-01-02,000625.SZ,16.18,16.22,15.68,15.79,1913191,3038751803.31
2024-01-03,000625.SZ,15.78,15.87,15.26,15.29,1739904,2685418565.53
2024-01-04,000625.SZ,15.3,15.41,14.81,14.89,1733854,2622284536.09
2024-01-07,000625.SZ,14.8,14.95,14.45,14.79,1656158,2440567207.35
2024-01-08,000625.SZ,14.78,14.98,14.6,14.81,1333507,1968449660.75
2024-01-09,000625.SZ,14.68,14.75,14.33,14.41,1796982,2603563023.72
2024-01-10,000625.SZ,14.4,14.92,14.28,14.76,1960559,2868680404.37
2024-01-11,000625.SZ,14.66,14.79,14.55,14.57,1146717,1680065678.87
2024-01-14,000625.SZ,14.5,15.05,14.4,14.79,1511414,2234181904.1
2024-01-15,000625.SZ,14.7,15.42,14.62,15.28,3093839,4694778541.37
2024-01-16,000625.SZ,14.8,14.9,14.37,14.38,2407920,3523085641.99
2024-01-17,000625.SZ,14.08,14.58,14,14.57,1890089,2701503383.98
2024-01-18,000625.SZ,14.48,14.64,14.33,14.38,965138,1394766976.25
2024-01-21,000625.SZ,14.36,14.47,13.6,13.76,1474450,2067184401.16
2024-01-22,000625.SZ,13.73,13.94,13.43,13.76,1451221,1984746402.5
2024-01-23,000625.SZ,13.85,14,13.4,13.81,1313756,1795723851.85
2024-01-24,000625.SZ,13.72,14.5,13.56,14.34,2110850,2985684175.63
2024-01-25,000625.SZ,14.2,14.45,13.9,14.2,1491846,2114891755.97
2024-01-28,000625.SZ,14.28,14.34,13.61,13.66,1308832,1813360371.44
2024-01-29,000625.SZ,13.52,13.66,13.18,13.25,988008,1324394988.02
2024-01-30,000625.SZ,13.28,13.39,12.7,12.8,1390952,1805354238.01
2024-01-31,000625.SZ,12.8,13.09,12.55,12.78,1357287,1740605927.24
2024-02-01,000625.SZ,12.85,12.97,12.04,12.35,1563759,1952084027.1
2024-02-04,000625.SZ,12.25,12.4,11.6,11.79,1766699,2119404371.01
2024-02-05,000625.SZ,11.7,12.94,11.64,12.88,1950780,2429445625.11
2024-02-06,000625.SZ,13,13.89,12.8,13.35,2748480,3698172351.15
2024-02-07,000625.SZ,13.4,13.64,13.26,13.58,2058524,2774068227.13
2024-02-18,000625.SZ,13.69,13.69,13.24,13.48,1738775,2342215697.47
2024-02-19,000625.SZ,13.36,13.36,12.83,13.1,2099715,2734962801.82
2024-02-20,000625.SZ,13,14.1,12.9,13.78,2980017,4054527873.69
2024-02-21,000625.SZ,13.59,13.89,13.5,13.82,1996455,2736525793.23
2024-02-22,000625.SZ,14.12,14.71,14.02,14.67,3595236,5169893159.17
2024-02-25,000625.SZ,14.82,15.2,14.68,14.85,3691676,5527840908.85
2024-02-26,000625.SZ,14.85,15.37,14.79,15.32,3155030,4761171202.06
2024-02-27,000625.SZ,15.13,15.18,14.37,14.39,3289183,4868530185.72
2024-02-28,000625.SZ,14.2,14.91,14.14,14.9,2506888,3687109807.72
2024-02-29,000625.SZ,14.9,14.9,14.51,14.78,2335963,3431007633.4
2024-03-03,000625.SZ,14.66,14.78,14.42,14.69,1794241,2620630709.18
2024-03-04,000625.SZ,14.45,15.3,14.26,15.03,3254727,4816863929.32
2024-03-05,000625.SZ,15.09,15.09,14.66,14.81,2250881,3345205232.82
2024-03-06,000625.SZ,14.74,15.3,14.7,14.92,2633480,3973273400.53
2024-03-07,000625.SZ,14.82,14.92,14.51,14.71,1558840,2284094987.97
2024-03-10,000625.SZ,14.66,15.24,14.61,15.1,2288529,3435669929.95
2024-03-11,000625.SZ,15.39,16.25,15.2,15.94,4000861,6301798436.79
2024-03-12,000625.SZ,15.76,16.97,15.71,16.72,3802604,6301053249.02
2024-03-13,000625.SZ,16.82,17.08,16.26,16.51,2742368,4554826605.18
2024-03-14,000625.SZ,16.31,16.85,16.12,16.83,2528486,4185130538.03
2024-03-17,000625.SZ,17.1,17.98,17.08,17.9,3194581,5643170167.87
2024-03-18,000625.SZ,17.83,17.83,17.2,17.27,2430225,4241951918.3
2024-03-19,000625.SZ,17.17,17.57,16.84,17.37,2343268,4028589750.71
2024-03-20,000625.SZ,17.3,18.45,16.99,18.26,3689059,6558669663.04
2024-03-21,000625.SZ,18.01,18.17,17.56,17.81,2409512,4313820679.6
2024-03-24,000625.SZ,17.5,18.39,17.43,17.67,2339498,4198553093.87
2024-03-25,000625.SZ,17.54,18.05,17.42,17.79,1937326,3438851653.98
2024-03-26,000625.SZ,17.87,18.1,16.96,16.99,2521143,4379403575.99
2024-03-27,000625.SZ,16.98,17.42,16.88,17.17,1829264,3137513707.05
2024-03-28,000625.SZ,17.13,17.13,16.48,16.8,1966840,3300580125.55
2024-03-31,000625.SZ,16.82,17.97,16.82,17.74,2407523,4244802550.02
2024-04-01,000625.SZ,17.69,17.88,17.4,17.7,1585379,2796636239.86
2024-04-02,000625.SZ,17.6,17.68,17.3,17.52,1351169,2362561335.2
2024-04-07,000625.SZ,17.6,18.25,17.5,17.93,2369405,4253598485.24
2024-04-08,000625.SZ,17.85,17.96,17.54,17.84,1339084,2372417140.88
2024-04-09,000625.SZ,17.88,18.08,17.41,17.52,1235048,2175856821.31
2024-04-10,000625.SZ,17.4,18.9,17.3,18.42,2980432,5443430922.61
2024-04-11,000625.SZ,18.26,18.6,17.86,17.95,2095847,3818962189.61
2024-04-14,000625.SZ,17.9,18.09,17.52,17.89,1466235,2611731294.77
2024-04-15,000625.SZ,17.75,17.76,16.5,16.52,2603674,4403768697.36
2024-04-16,000625.SZ,16.68,17.23,16.67,17.13,1822683,3097054700.59
2024-04-17,000625.SZ,17.23,17.48,16.88,17.11,2022218,3482181754.55
2024-04-18,000625.SZ,17.06,17.45,16.7,17.03,1645747,2796220630.63
2024-04-21,000625.SZ,16.79,16.97,16.26,16.68,1433643,2382609657.76
2024-04-22,000625.SZ,16.7,16.82,16.28,16.39,1313208,2162637754.29
2024-04-23,000625.SZ,16.55,16.59,16.17,16.29,1339485,2188782431.37
2024-04-24,000625.SZ,16.44,16.52,15.9,16.02,1695506,2732263175.21
2024-04-25,000625.SZ,15.87,16.7,15.83,16.57,2469112,4067711811.8
2024-04-28,000625.SZ,16.7,17.07,16.22,16.36,2899156,4783635420.83
2024-04-29,000625.SZ,16.11,16.11,14.72,14.72,5701653,8600904118.34
2024-05-05,000625.SZ,14.72,15.15,14.71,14.77,3079032,4570916709.45
2024-05-06,000625.SZ,14.95,14.96,14.26,14.46,3049134,4402004401.63
2024-05-07,000625.SZ,14.5,15.06,14.33,14.98,3583980,5312636302.43
2024-05-08,000625.SZ,14.85,15.17,14.75,15.05,2076896,3110605543.95
2024-05-09,000625.SZ,15.05,15.09,14.71,14.78,1544373,2285967648.34
2024-05-12,000625.SZ,14.51,14.7,14.33,14.48,1404809,2038538293.32
2024-05-13,000625.SZ,14.48,14.78,14.48,14.68,1430684,2101414918.72
2024-05-14,000625.SZ,14.56,14.56,14.21,14.27,1533552,2201568192.05
2024-05-15,000625.SZ,14.31,14.36,14.12,14.19,1053299,1497898241.99
2024-05-16,000625.SZ,14.15,14.31,14.08,14.25,1141396,1620473759.32
2024-05-19,000625.SZ,14.25,14.47,14.16,14.37,1485975,2131054080.29
2024-05-20,000625.SZ,14.37,14.63,14.06,14.54,2159167,3097191156.93
2024-05-21,000625.SZ,14.4,14.81,14.36,14.67,1824179,2663994250.94
2024-05-22,000625.SZ,14.53,14.75,14.44,14.6,1291121,1883939950.99
2024-05-23,000625.SZ,14.2,14.34,14.06,14.1,1026088,1452817960.16
2024-05-26,000625.SZ,14.15,14.31,14,14.17,981552,1387938046.1
2024-05-27,000625.SZ,14.16,14.16,13.61,13.62,1623402,2241025105.05
2024-05-28,000625.SZ,13.5,13.65,13.4,13.45,1380878,1862345804.43
2024-05-29,000625.SZ,13.49,13.7,13.42,13.52,1185401,1604854427.36
2024-05-30,000625.SZ,13.53,13.97,13.43,13.79,1716649,2370871023.68
2024-06-02,000625.SZ,13.75,13.77,13.43,13.52,1323678,1789885557.98
2024-06-03,000625.SZ,13.4,13.75,13.33,13.72,1256042,1712686066.36
2024-06-04,000625.SZ,13.8,13.8,13.36,13.54,976994,1325825586.87
2024-06-05,000625.SZ,13.5,13.62,13.15,13.19,1505545,2003828022.77
2024-06-06,000625.SZ,13.25,13.54,13.15,13.31,986845,1313894835.27
2024-06-10,000625.SZ,13.2,13.38,12.95,13.3,1071214,1409863900.77
2024-06-11,000625.SZ,13.18,13.43,13.17,13.38,833636,1111068253.49
2024-06-12,000625.SZ,13.3,13.51,13.27,13.37,1155122,1546858632.14
2024-06-13,000625.SZ,13.37,13.56,13.23,13.54,1206829,1616311746.74
2024-06-16,000625.SZ,13.5,14,13.42,13.98,2148599,2972383806.72
2024-06-17,000625.SZ,13.99,14.34,13.85,14.27,1911082,2700140308.77
2024-06-18,000625.SZ,14.27,14.38,14.07,14.11,1377869,1958869869.64
2024-06-19,000625.SZ,14.1,14.21,13.83,13.88,1131800,1582764536.74
2024-06-20,000625.SZ,13.81,14.2,13.75,13.99,1114072,1559947121.22
2024-06-23,000625.SZ,13.88,14,13.44,13.44,1245670,1701614827.72
2024-06-24,000625.SZ,13.41,13.75,13.12,13.31,1129025,1514993699.66
2024-06-25,000625.SZ,13.33,13.6,13.2,13.57,921879,1233876908.64
2024-06-26,000625.SZ,13.47,13.52,13.25,13.26,675809,902692724.44
2024-06-27,000625.SZ,13.2,13.59,13.17,13.43,1051599,1413861673.71
2024-06-30,000625.SZ,13.44,13.64,13.21,13.58,960013,1291446744.12
2024-07-01,000625.SZ,13.6,13.91,13.56,13.63,1167144,1601810247.34
2024-07-02,000625.SZ,13.82,13.96,13.64,13.89,1332314,1841028334.38
2024-07-03,000625.SZ,13.9,13.97,13.58,13.58,1122179,1543737241.44
2024-07-04,000625.SZ,13.4,13.81,13.27,13.69,959719,1297948190.62
2024-07-07,000625.SZ,13.64,13.88,13.6,13.62,859017,1179529700.68
2024-07-08,000625.SZ,13.5,13.87,13.41,13.86,1188290,1624431060.97
2024-07-09,000625.SZ,13.8,14.41,13.74,14.16,2082418,2953819420.56
2024-07-10,000625.SZ,14.7,15.36,14.66,15.18,4378766,6601559510.27
2024-07-11,000625.SZ,15.08,15.29,14.83,15.15,2509644,3778537108.52
2024-07-14,000625.SZ,15.5,15.83,15.21,15.34,3023082,4683799752.75
2024-07-15,000625.SZ,15.2,16.13,15.18,15.96,3476628,5479240224.31
2024-07-16,000625.SZ,15.81,16.03,15.66,15.7,2404515,3804028468.08
2024-07-17,000625.SZ,15.61,16.06,15.46,15.78,2209946,3492160990.31
2024-07-18,000625.SZ,15.8,16.12,15.3,15.39,3010208,4736917416.71
2024-07-21,000625.SZ,15.49,15.96,15.49,15.72,2393236,3761496643.98
2024-07-22,000625.SZ,15.68,15.71,15.07,15.14,2120840,3259747494.51
2024-07-23,000625.SZ,15.07,15.15,14.48,14.55,2233791,3291561978.34
2024-07-24,000625.SZ,14.41,15.28,14.41,15.08,2187295,3262311178.52
2024-07-25,000625.SZ,15.15,15.37,14.87,15.13,1870475,2826044078.3
2024-07-28,000625.SZ,15,15.38,14.96,15.01,1603035,2430408476.77
2024-07-29,000625.SZ,14.88,14.9,14.38,14.45,1607088,2334788091.88
2024-07-30,000625.SZ,14.3,14.96,14.29,14.59,2571055,3779046295.81
2024-07-31,000625.SZ,14.51,14.67,14.16,14.21,2260057,3231863172.5
2024-08-01,000625.SZ,14,14.06,13.68,13.72,2175260,3005735558.59
2024-08-04,000625.SZ,13.5,13.74,13.25,13.26,1885494,2533883586.69
2024-08-05,000625.SZ,13.4,13.48,13.11,13.29,1437250,1899682251.75
2024-08-06,000625.SZ,13.22,13.72,13.15,13.58,1858774,2512938212.81
2024-08-07,000625.SZ,13.4,13.44,13.11,13.18,1986242,2619560668.18
2024-08-08,000625.SZ,13.21,13.3,13.13,13.16,1024458,1350761859.11
2024-08-11,000625.SZ,13.17,13.18,12.97,13,925697,1205401676.6
2024-08-12,000625.SZ,12.97,13.03,12.68,12.97,1243119,1593483455.56
2024-08-13,000625.SZ,12.87,13.26,12.79,13.13,1336785,1748994298.06
2024-08-14,000625.SZ,13,13.32,12.96,13.17,1407699,1854771985.5
2024-08-15,000625.SZ,13.17,13.3,13.12,13.22,1111787,1469653634.13
2024-08-18,000625.SZ,13.3,13.35,13.01,13.01,1292125,1699131494.35
2024-08-19,000625.SZ,13.02,13.05,12.05,12.45,2556381,3181264433.21
2024-08-20,000625.SZ,12.21,12.42,12.17,12.22,1253848,1537210622.63
2024-08-21,000625.SZ,12.24,12.29,11.82,11.87,1620087,1941198531.65
2024-08-22,000625.SZ,11.8,12.04,11.75,11.99,1019347,1217338855.23
2024-08-25,000625.SZ,12,12.07,11.91,11.97,789964,945988834.09
2024-08-26,000625.SZ,11.93,11.93,11.64,11.68,946902,1111800491.32
2024-08-27,000625.SZ,11.65,11.69,11.44,11.52,1005425,1158335915.18
2024-08-28,000625.SZ,11.48,11.85,11.43,11.75,1021350,1194970390.19
2024-08-29,000625.SZ,11.71,12.23,11.7,12.09,1592179,1919069820.78
2024-09-01,000625.SZ,12,12.08,11.7,11.7,1160300,1373416277.55
2024-09-02,000625.SZ,11.69,11.85,11.62,11.85,877538,1033932926.84
2024-09-03,000625.SZ,11.78,11.92,11.73,11.87,664467,786866910.55
2024-09-04,000625.SZ,11.88,12.08,11.86,11.98,870360,1043492822.37
2024-09-05,000625.SZ,11.93,12.36,11.91,12.05,1465022,1779053753.24
2024-09-08,000625.SZ,11.93,11.99,11.75,11.84,829911,984048620.6
2024-09-09,000625.SZ,11.84,11.94,11.67,11.9,799994,943960562.2
2024-09-10,000625.SZ,11.85,12.01,11.77,11.9,634438,754985400.71
2024-09-11,000625.SZ,11.89,12.13,11.78,11.79,834969,996364861.72
2024-09-12,000625.SZ,11.75,11.82,11.65,11.65,612005,716429474.68
2024-09-17,000625.SZ,11.67,11.75,11.5,11.64,625122,726610739.48
2024-09-18,000625.SZ,11.73,12.15,11.63,12.12,1591773,1901586615.78
2024-09-19,000625.SZ,12.12,12.17,11.88,12,1025598,1231030051.14
2024-09-22,000625.SZ,11.94,12.1,11.93,12,686431,825824337.46
2024-09-23,000625.SZ,12.09,12.35,11.83,12.35,1891172,2299387718.2
2024-09-24,000625.SZ,12.43,12.87,12.4,12.48,2419957,3061614312.58
2024-09-25,000625.SZ,12.48,13,12.37,13,2296218,2918420096.2
2024-09-26,000625.SZ,13.25,13.88,13.1,13.62,3219952,4330216470.55
2024-09-29,000625.SZ,14.21,14.9,13.8,14.88,4709800,6825589918.03
2024-10-07,000625.SZ,16.26,16.35,13.96,15.2,6948963,10680700441.21
2024-10-08,000625.SZ,14.6,14.61,13.68,13.68,4445864,6239291203.27
2024-10-09,000625.SZ,13.51,14,13.26,13.67,2807488,3842779311.25
2024-10-10,000625.SZ,13.6,13.6,13.04,13.19,2066413,2743858154.52
2024-10-13,000625.SZ,13.19,13.4,13.01,13.34,1708318,2259472981.67
2024-10-14,000625.SZ,13.22,13.35,13.03,13.05,1555400,2048481212.27
2024-10-15,000625.SZ,12.88,13.1,12.81,12.95,1483385,1920851335.13
2024-10-16,000625.SZ,13.11,13.16,12.86,12.87,1587212,2059765833.76
2024-10-17,000625.SZ,12.87,13.47,12.77,13.26,2635152,3456679167.7
2024-10-20,000625.SZ,13.3,13.35,13.11,13.18,2015107,2655510714.57
2024-10-21,000625.SZ,13.17,13.95,13.11,13.78,3356840,4590714344.37
2024-10-22,000625.SZ,13.77,14.18,13.55,13.79,3136981,4344572912.99
2024-10-23,000625.SZ,13.8,13.8,13.45,13.48,1686611,2284141333.96
2024-10-24,000625.SZ,13.49,13.72,13.48,13.6,1543889,2098013606.48
2024-10-27,000625.SZ,13.6,13.7,13.46,13.7,1648292,2241762015.88
2024-10-28,000625.SZ,13.55,13.7,13.37,13.4,2234357,3015441527.31
2024-10-29,000625.SZ,13.26,13.48,13.2,13.25,1610319,2138953913.63
2024-10-30,000625.SZ,13.21,13.41,13.06,13.27,1926697,2553477155.12
2024-10-31,000625.SZ,13.36,14.18,13.35,13.49,2985042,4081198432.09
2024-11-03,000625.SZ,13.72,14.33,13.6,14.3,4520161,6337562728.78
2024-11-04,000625.SZ,14.3,14.53,13.9,14.29,4086250,5808815843.94
2024-11-05,000625.SZ,14.31,14.79,14.26,14.38,3773586,5465114649.75
2024-11-06,000625.SZ,14.15,14.37,13.95,14.37,2659802,3773105098.68
2024-11-07,000625.SZ,14.45,14.58,14.11,14.14,2809303,4030842663.94
2024-11-10,000625.SZ,14.08,15.55,14.01,15.55,6305389,9419703286.49
2024-11-11,000625.SZ,15.7,16.25,15.23,15.45,8305613,13100007756.74
2024-11-12,000625.SZ,15.15,15.33,14.66,15.07,4069917,6111441156.18
2024-11-13,000625.SZ,15.01,15.17,14.49,14.52,2879502,4247981278.75
2024-11-14,000625.SZ,14.45,15.15,14.36,14.72,3820981,5630766598.41
2024-11-17,000625.SZ,14.93,15.44,14.49,15.12,4570895,6857838386.88
2024-11-18,000625.SZ,15.17,15.24,14.42,14.89,3385910,5010297287.79
2024-11-19,000625.SZ,14.72,14.9,14.57,14.81,2416851,3562684195.16
2024-11-20,000625.SZ,14.71,15.09,14.66,14.81,2211914,3285987413.09
2024-11-21,000625.SZ,14.72,14.74,14,14,2860578,4123868247.1
2024-11-24,000625.SZ,14.09,14.2,13.73,13.9,1914902,2667946028.42
2024-11-25,000625.SZ,13.8,13.96,13.61,13.64,1377137,1893867910.49
2024-11-26,000625.SZ,13.63,13.87,13.36,13.87,1600369,2173398864
2024-11-27,000625.SZ,13.88,13.9,13.61,13.62,1211723,1664619476.03
2024-11-28,000625.SZ,13.59,13.96,13.56,13.81,1586473,2183999835.43
2024-12-01,000625.SZ,13.95,14.34,13.84,14.24,2197642,3104327808.23
2024-12-02,000625.SZ,14.22,14.22,13.95,14.03,1492522,2096529758.37
2024-12-03,000625.SZ,14.02,14.08,13.75,13.8,1200765,1667792206.29
2024-12-04,000625.SZ,13.81,13.9,13.76,13.84,900111,1244791863.58
2024-12-05,000625.SZ,13.86,14.05,13.73,13.98,1217361,1693089189.05
2024-12-08,000625.SZ,14.13,14.35,14.01,14.07,1595189,2260900070.51
2024-12-09,000625.SZ,14.41,14.51,14.04,14.06,1830221,2607321651.99
2024-12-10,000625.SZ,14.05,14.19,14,14.17,1128291,1590623834.36
2024-12-11,000625.SZ,14.17,14.8,14.12,14.62,2962701,4302663829.75
2024-12-12,000625.SZ,14.45,14.53,14.16,14.17,1967735,2818405508.16
2024-12-15,000625.SZ,14.11,14.12,13.77,13.84,1393385,1936865851.11
2024-12-16,000625.SZ,13.83,13.99,13.79,13.86,1022270,1420512379.7
2024-12-17,000625.SZ,13.98,14.15,13.91,13.98,1064608,1493511354.5
2024-12-18,000625.SZ,13.82,13.9,13.7,13.86,956534,1320392238.63
2024-12-19,000625.SZ,13.85,13.93,13.77,13.86,735044,1018040658.74
2024-12-22,000625.SZ,14.05,14.26,13.88,13.93,1559093,2194396174.03
2024-12-23,000625.SZ,14,14.12,13.8,14.09,1253171,1752862878.61
2024-12-24,000625.SZ,14.06,14.06,13.81,13.85,1060039,1473180327.6
2024-12-25,000625.SZ,13.85,13.96,13.79,13.88,1066480,1478153666.63
2024-12-26,000625.SZ,13.81,13.99,13.7,13.84,1129214,1561261790.56
2024-12-29,000625.SZ,13.85,13.87,13.62,13.68,1027526,1409025716.33
2024-12-30,000625.SZ,13.69,13.72,13.35,13.36,1107950,1493552420.03
2025-01-01,000625.SZ,13.37,13.39,12.88,12.97,1324174,1732867213.39
2025-01-02,000625.SZ,13.03,13.05,12.73,12.75,946873,1218009815.28
2025-01-05,000625.SZ,12.75,12.83,12.63,12.71,649443,826248270.1
2025-01-06,000625.SZ,12.71,12.85,12.64,12.85,619479,791437473.82
2025-01-07,000625.SZ,12.83,12.83,12.45,12.67,914570,1155255975.98
2025-01-08,000625.SZ,12.6,12.73,12.57,12.67,539057,683301118.93
2025-01-09,000625.SZ,12.65,12.71,12.41,12.41,689828,866049914.27
2025-01-12,000625.SZ,12.3,12.48,12.25,12.4,547909,678661890.29
2025-01-13,000625.SZ,12.44,12.88,12.42,12.83,1140060,1447242335.01
2025-01-14,000625.SZ,12.8,12.8,12.63,12.66,719404,913433177.14
2025-01-15,000625.SZ,12.7,12.93,12.7,12.87,921063,1181583144.22
2025-01-16,000625.SZ,12.8,12.87,12.75,12.77,625935,801003678.93
2025-01-19,000625.SZ,12.88,12.95,12.75,12.79,671265,862559953.37
2025-01-20,000625.SZ,12.84,12.87,12.66,12.72,510885,649979324.96
2025-01-21,000625.SZ,12.66,12.68,12.53,12.61,529236,667273662.77
2025-01-22,000625.SZ,12.75,12.85,12.53,12.53,786816,998076770.68
2025-01-23,000625.SZ,12.53,12.65,12.41,12.6,647023,813927952.88
2025-01-26,000625.SZ,12.65,12.79,12.55,12.55,561777,710814519.2
2025-02-04,000625.SZ,12.61,12.78,12.58,12.69,824057,1046243567.83
2025-02-05,000625.SZ,12.69,13.2,12.58,13.16,1539325,1987618425.19
2025-02-06,000625.SZ,13.48,13.68,13.3,13.54,2403959,3243928896.4
2025-02-09,000625.SZ,14.7,14.7,13.99,14.18,4059130,5780951287.38
2025-02-10,000625.SZ,14.28,14.28,13.65,13.68,2426084,3350383445.14
2025-02-11,000625.SZ,13.55,13.71,13.48,13.7,1407436,1913371430.78
2025-02-12,000625.SZ,13.72,13.75,13.44,13.45,1259210,1707218727.19
2025-02-13,000625.SZ,13.45,13.72,13.45,13.61,1331894,1814283817.62
2025-02-16,000625.SZ,13.61,13.65,13.45,13.53,1085433,1467807758.08
2025-02-17,000625.SZ,13.49,13.49,13.21,13.25,1012383,1351130777.03
2025-02-18,000625.SZ,13.23,13.39,13.21,13.34,820455,1092324518.03
2025-02-19,000625.SZ,13.3,13.33,13.2,13.28,745819,988646463.62
2025-02-20,000625.SZ,13.26,13.33,13.18,13.32,969332,1287561668.38
2025-02-23,000625.SZ,13.29,13.48,13.23,13.33,956163,1276680007.43
2025-02-24,000625.SZ,13.21,13.53,13.15,13.43,1214634,1625598185.74
2025-02-25,000625.SZ,13.42,13.43,13.32,13.39,831492,1111439116.95
2025-02-26,000625.SZ,13.41,13.55,13.28,13.37,969841,1300193966.56
2025-02-27,000625.SZ,13.3,13.36,12.9,12.92,1174511,1539461911.46
2025-03-02,000625.SZ,12.93,13.15,12.83,13,810517,1057367145.59
2025-03-03,000625.SZ,12.9,13,12.86,13,517510,669678840.57
2025-03-04,000625.SZ,12.97,13.08,12.91,12.97,521775,676593709.46
2025-03-05,000625.SZ,13.05,13.16,13.04,13.12,789057,1034782435.66
2025-03-06,000625.SZ,13.1,13.2,13.01,13.06,707646,926392665.38
2025-03-09,000625.SZ,13.09,13.12,12.95,13.02,565528,735702528.43
2025-03-10,000625.SZ,12.89,13,12.86,13,551271,713060352.24
2025-03-11,000625.SZ,13.07,13.28,13.06,13.15,975015,1282572421.81
2025-03-12,000625.SZ,13.08,13.11,12.93,12.98,674084,876283843.5
2025-03-13,000625.SZ,12.97,13.18,12.94,13.15,876934,1148735104.24
2025-03-16,000625.SZ,13.16,13.21,13.11,13.15,651108,856729399.45
2025-03-17,000625.SZ,13.2,13.42,13.14,13.29,1251549,1659444156.29
2025-03-18,000625.SZ,13.23,13.24,13.14,13.16,731949,965009501.15
2025-03-19,000625.SZ,13.16,13.2,13.05,13.11,657475,862846516.11
2025-03-20,000625.SZ,13.08,13.1,12.9,12.91,916534,1188739579.58
2025-03-23,000625.SZ,12.92,12.95,12.72,12.9,679121,872454485.37
2025-03-24,000625.SZ,12.88,12.93,12.82,12.87,438565,564470509.47
2025-03-25,000625.SZ,12.85,12.98,12.83,12.93,474144,611727874.3
2025-03-26,000625.SZ,12.89,13.01,12.81,12.9,477684,616137774.32
2025-03-27,000625.SZ,12.85,13.11,12.85,12.92,681216,884051200.95
2025-03-30,000625.SZ,13.12,13.18,12.93,13.03,1040128,1360217988.45
2025-03-31,000625.SZ,12.95,13.14,12.91,13.04,715429,932556958.44
2025-04-01,000625.SZ,13.01,13.08,12.87,12.97,617967,800664734.56
2025-04-02,000625.SZ,12.87,12.96,12.84,12.88,484427,624252688.46
2025-04-06,000625.SZ,12.12,12.4,11.59,11.59,1572859,1864704065.12
2025-04-07,000625.SZ,11.49,11.85,11.49,11.74,1044722,1222387133.83
2025-04-08,000625.SZ,11.62,11.95,11.32,11.92,1150328,1344958816.83
2025-04-09,000625.SZ,12.07,12.28,12.03,12.2,898510,1094764224.86
2025-04-10,000625.SZ,12.12,12.39,12.05,12.31,787745,966332594.11
2025-04-13,000625.SZ,12.49,12.75,12.42,12.58,909643,1144985017.81
2025-04-14,000625.SZ,12.59,12.63,12.42,12.46,460380,573952464.76
2025-04-15,000625.SZ,12.43,12.5,12.28,12.47,457931,568051653.32
2025-04-16,000625.SZ,12.4,12.47,12.37,12.37,342399,424985466.69
2025-04-17,000625.SZ,12.31,12.4,12.27,12.37,294189,362300682.59
2025-04-20,000625.SZ,12.31,12.41,12.29,12.39,305462,378255153.67
2025-04-21,000625.SZ,12.39,12.45,12.35,12.38,305402,378680468.76
2025-04-22,000625.SZ,12.45,12.51,12.38,12.42,358867,445780187.8
2025-04-23,000625.SZ,12.42,12.43,12.29,12.3,353271,436097684.41
2025-04-24,000625.SZ,12.34,12.45,12.28,12.35,429042,530476269.04
2025-04-27,000625.SZ,12.35,12.36,12.18,12.18,441047,539302275.08
2025-04-28,000625.SZ,12.19,12.21,12.08,12.08,377308,457598079.26
2025-04-29,000625.SZ,12.1,12.28,12.09,12.25,433440,529751775.53
2025-05-05,000625.SZ,12.28,12.4,12.24,12.39,487000,602036520.91
2025-05-06,000625.SZ,12.5,12.54,12.35,12.41,490628,609919760.62
2025-05-07,000625.SZ,12.35,12.48,12.33,12.44,424897,528480792.11
2025-05-08,000625.SZ,12.44,12.45,12.32,12.34,336572,416189966.64
2025-05-11,000625.SZ,12.4,12.47,12.4,12.46,438599,545437903.19
2025-05-12,000625.SZ,12.58,12.6,12.41,12.44,431985,538850195.16
2025-05-13,000625.SZ,12.44,12.47,12.34,12.45,400329,496374997.83
2025-05-14,000625.SZ,12.45,12.46,12.25,12.25,449356,553779483.25
2025-05-15,000625.SZ,12.22,12.43,12.21,12.37,392427,484299461.92
2025-05-18,000625.SZ,12.41,12.44,12.3,12.37,312505,385864230.45
2025-05-19,000625.SZ,12.36,12.73,12.34,12.59,1027920,1287674653.11
2025-05-20,000625.SZ,12.51,12.64,12.47,12.55,601527,754466889.79
2025-05-21,000625.SZ,12.54,12.86,12.47,12.7,1293046,1644973942.66
2025-05-22,000625.SZ,12.7,13.03,12.65,12.81,1744338,2247886053.4
2025-05-25,000625.SZ,12.72,12.73,12.45,12.48,1080990,1355238306.73
2025-05-26,000625.SZ,12.41,12.48,12.31,12.35,580539,717799246.04
2025-05-27,000625.SZ,12.37,12.52,12.28,12.3,559627,692019621.24
2025-05-28,000625.SZ,12.3,12.59,12.28,12.53,819390,1024491487.18
2025-05-29,000625.SZ,12.45,12.47,12.33,12.35,491139,607401636.48
2025-06-02,000625.SZ,12.32,12.65,12.26,12.59,1019248,1277295910.4
2025-06-03,000625.SZ,12.66,12.7,12.53,12.56,431173,542267321.08
2025-06-04,000625.SZ,12.76,13.28,12.55,12.98,2270822,2937806881.73
2025-06-05,000625.SZ,13.2,13.2,12.76,12.84,1375308,1778626612.13
2025-06-08,000625.SZ,12.86,13.07,12.76,13.04,1140843,1478661682.75
2025-06-09,000625.SZ,13,13.01,12.72,12.8,837873,1076820350.56
2025-06-10,000625.SZ,12.81,12.93,12.8,12.84,532917,685107689.63
2025-06-11,000625.SZ,12.79,12.95,12.73,12.91,709701,915067786.87
2025-06-12,000625.SZ,12.86,13.09,12.78,12.93,1697328,2208297459.2
2025-06-15,000625.SZ,12.86,12.96,12.7,12.74,813233,1038494806.2
2025-06-16,000625.SZ,12.74,12.74,12.56,12.62,578294,729213754.88
2025-06-17,000625.SZ,12.58,12.62,12.5,12.57,390486,490564064.13
2025-06-18,000625.SZ,12.57,12.57,12.4,12.42,454078,566032547.18
2025-06-19,000625.SZ,12.39,12.47,12.37,12.4,311041,385938111.14
2025-06-22,000625.SZ,12.35,12.46,12.24,12.44,374025,462587459.94
2025-06-23,000625.SZ,12.53,12.63,12.53,12.61,574623,723225327.54
2025-06-24,000625.SZ,12.62,12.85,12.58,12.8,947115,1207331421.62
2025-06-25,000625.SZ,12.8,12.91,12.7,12.75,869565,1113379729.96
2025-06-26,000625.SZ,12.79,12.85,12.66,12.7,646488,823369770.52
2025-06-29,000625.SZ,12.7,12.76,12.66,12.76,459829,585278373.01
2025-06-30,000625.SZ,12.77,12.87,12.69,12.74,524911,670163368.17
2025-07-01,000625.SZ,12.74,12.82,12.66,12.71,477861,608152970.86
2025-07-02,000625.SZ,12.71,12.74,12.67,12.72,378016,479989853.2
2025-07-03,000625.SZ,12.71,12.71,12.62,12.63,426193,539658019.72
2025-07-06,000625.SZ,12.63,12.64,12.57,12.59,313126,394276502.8
2025-07-07,000625.SZ,12.57,12.73,12.55,12.71,421582,533643635.3
2025-07-08,000625.SZ,12.76,12.86,12.71,12.76,734872,939693718.34
2025-07-09,000625.SZ,12.76,12.79,12.68,12.74,439654,559521945.65
2025-07-10,000625.SZ,12.72,12.83,12.68,12.78,580725,741308956.36
2025-07-13,000625.SZ,12.78,12.8,12.73,12.74,368198,469905487.78
2025-07-14,000625.SZ,12.74,12.83,12.66,12.72,525177,669090132.45
2025-07-15,000625.SZ,12.75,12.88,12.73,12.8,632510,810714044.27
2025-07-16,000625.SZ,12.8,12.84,12.76,12.84,577255,738892159.65
2025-07-17,000625.SZ,12.82,12.86,12.79,12.85,474154,608022321.28
2025-07-20,000625.SZ,12.86,12.98,12.86,12.98,691996,895038818.45
2025-07-21,000625.SZ,12.96,13.02,12.88,13.01,763922,989799203.34
2025-07-22,000625.SZ,12.83,12.85,12.64,12.65,1023327,1303421764.43
2025-07-23,000625.SZ,12.69,12.84,12.67,12.84,925155,1182970748.59
2025-07-24,000625.SZ,12.87,13.1,12.81,12.95,1225393,1589460042.64
2025-07-27,000625.SZ,13.01,13.42,12.95,13.37,2060022,2722963951.76
2025-07-28,000625.SZ,13.4,13.4,13.05,13.27,1630048,2152234511.35
2025-07-29,000625.SZ,13.47,13.62,13.12,13.22,2197284,2945428820.46
2025-07-30,000625.SZ,13.2,13.2,12.8,12.86,1500446,1945576580.07
2025-07-31,000625.SZ,12.86,13,12.76,12.82,812253,1044893517.94
2025-08-03,000625.SZ,12.78,12.92,12.68,12.91,695511,889824502.65
2025-08-04,000625.SZ,12.91,12.95,12.85,12.92,566711,731218363.14
2025-08-05,000625.SZ,12.93,12.95,12.83,12.91,669357,862830512.63
2025-08-06,000625.SZ,12.94,12.98,12.85,12.87,609573,786096800.09
2025-08-07,000625.SZ,12.85,12.85,12.78,12.79,497026,636242217.12
2025-08-10,000625.SZ,12.83,12.98,12.8,12.95,781111,1008987557.36
2025-08-11,000625.SZ,13.05,13.2,12.98,13.05,1102009,1441234305.29
2025-08-12,000625.SZ,13.07,13.12,13.01,13.03,972022,1268472627.13
2025-08-13,000625.SZ,13.08,13.09,12.85,12.88,869030,1126031113.88
2025-08-14,000625.SZ,12.84,12.98,12.82,12.93,749216,968750526.98
2025-08-17,000625.SZ,12.91,13.14,12.9,13.05,1311260,1709393833.94
2025-08-18,000625.SZ,13.05,13.06,12.92,12.97,888586,1152723837.36
2025-08-19,000625.SZ,12.92,13.19,12.88,13.19,1664763,2177719976.26
2025-08-20,000625.SZ,13.19,13.21,13.06,13.1,1097195,1440066695.5
2025-08-21,000625.SZ,13.08,13.18,13.08,13.18,1098408,1442920683.6
2025-08-24,000625.SZ,13.17,13.17,13,13.1,1975846,2580598081.15
2025-08-25,000625.SZ,13.09,13.14,13.01,13.09,1223306,1600572340.93
2025-08-26,000625.SZ,13.09,13.22,12.75,12.75,2480787,3212930312.74
2025-08-27,000625.SZ,12.71,12.78,12.42,12.7,1657554,2092506116.68
2025-08-28,000625.SZ,12.66,12.78,12.54,12.57,1777626,2249433681
2025-08-31,000625.SZ,12.57,12.57,12.38,12.46,1570782,1957710035.22
2025-09-01,000625.SZ,12.5,12.54,12.33,12.43,1059803,1317246155.23
2025-09-02,000625.SZ,12.48,12.51,12.3,12.32,943349,1167111212.89
2025-09-03,000625.SZ,12.32,12.38,12.25,12.34,910562,1121593361.38
2025-09-04,000625.SZ,12.33,12.46,12.28,12.46,805555,996940359.08
2025-09-07,000625.SZ,12.5,12.53,12.36,12.41,1120669,1393048057.25
2025-09-08,000625.SZ,12.39,12.74,12.37,12.58,1762591,2223744928.75
2025-09-09,000625.SZ,12.57,12.77,12.49,12.62,1477811,1868990588.48
2025-09-10,000625.SZ,12.56,12.6,12.44,12.57,1009872,1262235152.65
2025-09-11,000625.SZ,12.52,12.56,12.43,12.45,999667,1248275976.95
2025-09-14,000625.SZ,12.5,12.56,12.48,12.53,911782,1141486951.44
2025-09-15,000625.SZ,12.5,12.52,12.38,12.45,858025,1065668284.44
2025-09-16,000625.SZ,12.43,12.47,12.35,12.44,867456,1076493125.5
2025-09-17,000625.SZ,12.43,12.5,12.26,12.3,1275558,1580365756.4
2025-09-18,000625.SZ,12.3,12.33,12.2,12.25,798698,977570284.69
2025-09-21,000625.SZ,12.22,12.24,12.15,12.19,622581,758350277.78
2025-09-22,000625.SZ,12.18,12.19,12.02,12.11,774039,935248004.67
2025-09-23,000625.SZ,12.08,12.18,12.04,12.17,570286,691950076.18
2025-09-24,000625.SZ,12.14,12.15,12.06,12.08,622542,753470537.27
2025-09-25,000625.SZ,12.05,12.5,12,12.28,1402095,1725000480.24
2025-09-28,000625.SZ,12.2,12.23,12.09,12.18,773696,940245036.04
2025-09-29,000625.SZ,12.16,12.3,12.14,12.23,681179,832395204.37
2025-10-08,000625.SZ,12.24,12.32,12.13,12.32,987949,1207942151.16
2025-10-09,000625.SZ,12.34,12.55,12.33,12.44,1257596,1565995530.39
2025-10-12,000625.SZ,12.13,12.51,12.08,12.5,1207755,1491493450.31
2025-10-13,000625.SZ,12.51,12.82,12.46,12.54,1842134,2330484738.07
2025-10-14,000625.SZ,12.53,12.88,12.5,12.84,2510050,3208074310.21
2025-10-15,000625.SZ,13,13.84,12.99,13.33,5679674,7601333558.17
2025-10-16,000625.SZ,13.06,13.12,12.43,12.48,3701962,4710596752.54
2025-10-19,000625.SZ,12.59,12.6,12.34,12.38,1477955,1833064827.01
2025-10-20,000625.SZ,12.35,12.42,12.34,12.39,1074385,1330551518.01
2025-10-21,000625.SZ,12.33,12.44,12.33,12.4,835114,1033101869.5
2025-10-22,000625.SZ,12.37,12.39,12.28,12.38,708364,873020978.82
2025-10-23,000625.SZ,12.39,12.8,12.37,12.72,1934690,2438163457.93
2025-10-26,000625.SZ,12.7,12.72,12.54,12.61,1228736,1549417904.09
2025-10-27,000625.SZ,12.59,12.59,12.46,12.51,843234,1055675254.81
2025-10-28,000625.SZ,12.48,12.5,12.4,12.49,834576,1038818141.76
2025-10-29,000625.SZ,12.48,12.56,12.37,12.38,845443,1053211496.6
2025-10-30,000625.SZ,12.37,12.45,12.37,12.39,648507,803970522.33
2025-11-02,000625.SZ,12.46,12.46,12.32,12.42,664385,821041824.1
2025-11-03,000625.SZ,12.38,12.4,12.24,12.29,744191,915983542.99
2025-11-04,000625.SZ,12.21,12.31,12.2,12.28,428700,525954719.76
2025-11-05,000625.SZ,12.29,12.34,12.23,12.31,556948,684909971.84
2025-11-06,000625.SZ,12.3,12.33,12.26,12.26,464030,569939511.35
2025-11-09,000625.SZ,12.27,12.35,12.22,12.34,591788,727141044.42
2025-11-10,000625.SZ,12.34,12.36,12.25,12.28,500106,614187819.93
2025-11-11,000625.SZ,12.26,12.28,12.21,12.23,450656,551523442.67
2025-11-12,000625.SZ,12.25,12.29,12.22,12.28,424705,520894968.3
2025-11-13,000625.SZ,12.23,12.3,12.22,12.23,466862,571938953.94
2025-11-16,000625.SZ,12.2,12.23,12.17,12.2,486446,592927886.58
2025-11-17,000625.SZ,12.18,12.19,12.09,12.12,513390,622246432.87
2025-11-18,000625.SZ,12.12,12.16,12.05,12.08,398384,481542870.8
2025-11-19,000625.SZ,12.07,12.1,12.03,12.04,373808,450593101.84
2025-11-20,000625.SZ,12.01,12.03,11.77,11.79,872147,1034444003.19
2025-11-23,000625.SZ,11.82,11.92,11.81,11.89,441269,523540762.79
2025-11-24,000625.SZ,11.91,11.97,11.85,11.91,408650,486951465.37
2025-11-25,000625.SZ,11.83,11.91,11.79,11.8,461278,546073414.48
2025-11-26,000625.SZ,11.8,11.84,11.71,11.71,530400,623299308.68
2025-11-27,000625.SZ,11.75,11.98,11.68,11.94,624243,739799338.94
2025-11-30,000625.SZ,11.95,11.99,11.89,11.93,365380,435486921.43
2025-12-01,000625.SZ,11.9,11.92,11.84,11.88,315184,374100917.52
2025-12-02,000625.SZ,11.88,11.89,11.74,11.76,371547,437626025.18
2025-12-03,000625.SZ,11.73,11.77,11.66,11.72,277948,325413408.94
2025-12-04,000625.SZ,11.73,11.79,11.66,11.79,303678,356337703.66
2025-12-07,000625.SZ,11.8,11.83,11.77,11.81,309633,365455915.82
2025-12-08,000625.SZ,11.8,11.8,11.7,11.71,380062,445943404.01
2025-12-09,000625.SZ,11.69,11.72,11.62,11.72,379308,442157948.56
2025-12-10,000625.SZ,11.71,11.72,11.59,11.6,402265,468287853.91
2025-12-11,000625.SZ,11.55,11.67,11.51,11.64,530782,614601314.16
2025-12-14,000625.SZ,11.55,11.63,11.54,11.55,304651,352657955.76
2025-12-15,000625.SZ,12.04,12.24,11.85,12.06,2433939,2935731087.67
2025-12-16,000625.SZ,11.98,11.98,11.7,11.79,1331392,1568658600.61
2025-12-17,000625.SZ,11.7,11.75,11.63,11.67,628238,734057708.87
2025-12-18,000625.SZ,11.63,11.84,11.62,11.75,605393,711455999.06
2025-12-21,000625.SZ,12.12,12.28,12.01,12.05,2082978,2533742918.33
2025-12-22,000625.SZ,11.97,11.97,11.85,11.87,983251,1169295911.79
2025-12-23,000625.SZ,11.92,11.95,11.84,11.93,639014,760076153.72
2025-12-24,000625.SZ,11.93,11.97,11.86,11.9,506292,602190605.08
2025-12-25,000625.SZ,11.88,12.07,11.85,11.99,813980,974373864.37
2025-12-28,000625.SZ,12,12.02,11.89,11.9,589086,702621483.08
2025-12-29,000625.SZ,11.86,12.05,11.84,11.9,646445,772071105.53
2025-12-30,000625.SZ,11.95,12.02,11.86,11.86,571077,680133930.35
2026-01-04,000625.SZ,11.86,11.86,11.77,11.83,672153,793340721.94
2026-01-05,000625.SZ,11.8,12,11.79,11.97,937792,1118058727.79
2026-01-06,000625.SZ,11.96,11.97,11.83,11.85,746311,886898262.29
2026-01-07,000625.SZ,11.83,11.88,11.78,11.86,544606,644113915.17
2026-01-08,000625.SZ,11.83,11.91,11.81,11.85,700484,830245432.72
2026-01-11,000625.SZ,11.86,11.95,11.83,11.95,1039763,1238021414.5
2026-01-12,000625.SZ,11.94,11.97,11.8,11.82,958387,1138592639.69
2026-01-13,000625.SZ,11.79,11.85,11.71,11.75,1029593,1214191523.54
2026-01-14,000625.SZ,11.75,11.81,11.7,11.72,578908,679366933.35
2026-01-15,000625.SZ,11.76,11.78,11.66,11.69,639444,748046501.76
2026-01-18,000625.SZ,11.69,11.72,11.66,11.69,474320,554593863.68
2026-01-19,000625.SZ,11.67,11.72,11.63,11.67,544126,634456467.88
2026-01-20,000625.SZ,11.65,11.65,11.6,11.62,503990,585680603.98
2026-01-21,000625.SZ,11.63,11.65,11.6,11.61,490062,569120463.97
2026-01-22,000625.SZ,11.61,11.76,11.6,11.7,908195,1059474107.67
2026-01-25,000625.SZ,11.7,11.7,11.57,11.57,752052,872451136.38
2026-01-26,000625.SZ,11.57,11.57,11.45,11.47,651845,749088894.04
2026-01-27,000625.SZ,11.45,11.46,11.26,11.29,1015620,1148895010.04
2026-01-28,000625.SZ,11.25,11.4,11.11,11.38,1026778,1154567818.06
2026-01-29,000625.SZ,11.3,11.31,11.11,11.12,968802,1082678286.39
2026-02-01,000625.SZ,11.08,11.16,11,11.01,595999,659734807.17
2026-02-02,000625.SZ,11.03,11.09,11.01,11.07,401365,443395375.69
2026-02-03,000625.SZ,11.03,11.15,11.01,11.13,521188,578507187.96
2026-02-04,000625.SZ,11.2,11.3,11.16,11.27,758330,852549490.46
2026-02-05,000625.SZ,11.28,11.29,11.18,11.19,385215,432180629.88
2026-02-08,000625.SZ,11.22,11.25,11.2,11.22,340857,382442662.84
2026-02-09,000625.SZ,11.22,11.26,11.18,11.22,374006,419192228.58
2026-02-10,000625.SZ,11.21,11.24,11.18,11.18,323763,362772380.82
2026-02-11,000625.SZ,11.2,11.2,11.11,11.12,389728,433912119.18
2026-02-12,000625.SZ,11.1,11.15,11.04,11.04,422895,468935234.72
2026-02-23,000625.SZ,11.1,11.23,11.07,11.18,469869,524445647.82
2026-02-24,000625.SZ,11.16,11.24,11.05,11.07,865932,964251830.58
2026-02-25,000625.SZ,11.07,11.09,11.03,11.05,426465,471213690.73
2026-02-26,000625.SZ,11.03,11.09,11.03,11.06,447279,494343324.18
2026-03-01,000625.SZ,10.99,10.99,10.85,10.88,785110,856028145.74
2026-03-02,000625.SZ,11.12,11.22,10.97,10.98,1097184,1217230734.03
2026-03-03,000625.SZ,10.86,10.89,10.79,10.83,606760,657296526.12
2026-03-04,000625.SZ,10.86,10.9,10.82,10.84,446233,484232800.3
2026-03-05,000625.SZ,10.82,10.88,10.76,10.87,400314,433688857.84
2026-03-08,000625.SZ,10.8,10.84,10.72,10.78,582765,627365818.82
2026-03-09,000625.SZ,10.8,10.83,10.79,10.81,359327,388414823.14
2026-03-10,000625.SZ,10.81,10.93,10.79,10.89,595788,647959075.08
2026-03-11,000625.SZ,10.86,10.88,10.81,10.84,373385,404682086.02
2026-03-12,000625.SZ,10.81,10.88,10.79,10.82,471307,510964330.25
2026-03-15,000625.SZ,10.8,10.86,10.74,10.85,460188,496473460.38
2026-03-16,000625.SZ,10.86,10.93,10.82,10.84,518749,564580643.01
2026-03-17,000625.SZ,10.82,10.84,10.73,10.77,439953,473385264.73
2026-03-18,000625.SZ,10.73,10.75,10.61,10.62,478659,511140648.6
2026-03-19,000625.SZ,10.62,10.67,10.38,10.39,649653,680846117.31
2026-03-22,000625.SZ,10.22,10.34,10.01,10.04,809269,819840276.86
2026-03-23,000625.SZ,10.14,10.17,9.96,10.14,541093,544815685.36
2026-03-24,000625.SZ,10.11,10.17,10.08,10.14,578368,585465218.15
2026-03-25,000625.SZ,10.12,10.16,9.99,10,519364,521797577.73
2026-03-26,000625.SZ,9.92,10.03,9.9,10.01,403428,402355531.1
2026-03-29,000625.SZ,9.9,9.98,9.88,9.95,394374,391525608.34
2026-03-30,000625.SZ,9.96,10.19,9.96,10,640901,645765244.84
2026-03-31,000625.SZ,10.1,10.11,9.99,10.03,432066,432834031.56
2026-04-01,000625.SZ,10.03,10.09,9.96,9.98,435939,436390444.95
2026-04-02,000625.SZ,10.04,10.14,9.99,10.03,458899,461159534.3
2026-04-06,000625.SZ,10.01,10.02,9.92,9.98,331976,330965432.89
2026-04-07,000625.SZ,10.05,10.15,10.03,10.15,669112,675940872.63
2026-04-08,000625.SZ,10.09,10.11,10.01,10.02,446509,448384803.04
2026-04-09,000625.SZ,10.01,10.22,10.01,10.12,658249,665296117.77
2026-04-12,000625.SZ,10.04,10.12,10.02,10.1,460722,464314051.32
2026-04-13,000625.SZ,10.13,10.15,10.06,10.11,367562,370825888.68
2026-04-14,000625.SZ,10.11,10.13,10.03,10.04,334453,336695842.56
2026-04-15,000625.SZ,10.03,10.33,10.03,10.15,1216008,1239357036.86
2026-04-16,000625.SZ,10.12,10.15,10.03,10.06,721040,725930348.97
2026-04-19,000625.SZ,10.06,10.13,10.02,10.04,718587,722291129.25
2026-04-20,000625.SZ,10.02,10.03,9.95,9.96,568242,566772803.67
2026-04-21,000625.SZ,9.97,10.19,9.9,10,1153271,1157290558.81
2026-04-22,000625.SZ,9.96,10.14,9.96,10.01,839671,841575098.02
2026-04-23,000625.SZ,9.98,9.99,9.9,9.91,677515,673462048.76
2026-04-26,000625.SZ,9.89,9.91,9.82,9.83,605358,596615547.33
2026-04-27,000625.SZ,9.7,9.82,9.66,9.73,659547,640682284.83
2026-04-28,000625.SZ,9.69,9.71,9.65,9.69,618756,599391560.6
2026-04-29,000625.SZ,9.68,9.68,9.52,9.53,808476,775350503.04
2026-05-05,000625.SZ,9.55,9.59,9.43,9.45,910651,864211261.49
2026-05-06,000625.SZ,9.43,9.49,9.35,9.36,888611,833967038.36
2026-05-07,000625.SZ,9.35,9.38,9.26,9.29,902048,839583439.7
2026-05-10,000625.SZ,9.26,9.3,9.17,9.3,990196,912732311.95
2026-05-11,000625.SZ,9.3,9.3,9.16,9.17,743662,684356436.52
2026-05-12,000625.SZ,9.15,9.16,9.07,9.09,746257,678910473.18
2026-05-13,000625.SZ,9.09,9.11,8.9,8.9,1036061,928231380.6
2026-05-14,000625.SZ,8.87,9.01,8.76,8.87,1016582,901592195.07
2026-05-17,000625.SZ,8.83,8.83,8.58,8.61,1034528,895871967.7
2026-05-18,000625.SZ,8.56,8.86,8.55,8.62,1162724,1007573431.07
2026-05-19,000625.SZ,8.58,8.58,8.35,8.48,1135810,956046116.6
2026-05-20,000625.SZ,8.45,8.64,8.37,8.47,1072172,910065740.51
2026-05-21,000625.SZ,8.43,8.49,8.3,8.44,743470,624973082.89
2026-05-24,000625.SZ,8.42,8.44,8.32,8.38,677559,567461831.95
2026-05-25,000625.SZ,8.32,8.55,8.27,8.3,1166366,975334668.65
2026-05-26,000625.SZ,8.25,8.32,8.08,8.1,1032756,842852949.56
2026-05-27,000625.SZ,8.07,8.07,7.85,7.88,1241582,984903230.81
2026-05-28,000625.SZ,7.91,8.04,7.77,7.92,1389941,1100184795.04
2026-05-31,000625.SZ,7.87,8.08,7.81,8.07,1048446,837463128.86
2026-06-01,000625.SZ,8.04,8.58,8.03,8.46,2222122,1867450931.93
2026-06-02,000625.SZ,8.38,8.38,8.14,8.16,1289081,1059645947.81
2026-06-03,000625.SZ,8.1,8.21,7.96,8,772196,621350392.08
2026-06-04,000625.SZ,7.96,8.09,7.95,8,572569,459230704.04
2026-06-07,000625.SZ,7.88,7.96,7.77,7.8,757627,594518491.81
2026-06-08,000625.SZ,7.82,7.85,7.62,7.68,727735,558289674.42
2026-06-09,000625.SZ,7.6,7.61,7.42,7.47,945999,709143000.87
2026-06-10,000625.SZ,7.4,7.48,7.32,7.44,783834,580496009.27
2026-06-11,000625.SZ,7.46,7.61,7.44,7.54,918642,692558547.89
2026-06-14,000625.SZ,7.58,7.79,7.58,7.67,811834,623857905.73
2026-06-15,000625.SZ,7.65,7.66,7.5,7.53,636320,481054582.44
2026-06-16,000625.SZ,7.51,7.51,7.38,7.39,570211,422875062.57
2026-06-17,000625.SZ,7.35,7.5,7.25,7.45,971815,716281230.15
2026-06-21,000625.SZ,7.39,7.39,7.13,7.36,1067930,773997506.81
2026-06-22,000625.SZ,7.3,7.54,7.26,7.27,893565,659619672.84
2026-06-23,000625.SZ,7.28,7.31,7.02,7.02,965881,686994388.17
2026-06-24,000625.SZ,6.97,7.12,6.91,7.03,910065,638143703.62
2026-06-25,000625.SZ,6.98,6.99,6.83,6.86,928339,640009873.59
2026-06-28,000625.SZ,6.81,7.24,6.66,7.23,1814888,1271184186.47
2026-06-29,000625.SZ,7.17,7.42,7.11,7.17,1098080,790840729.45
2026-06-30,000625.SZ,7.19,7.23,7.1,7.19,840297,602533903.7
2026-07-01,000625.SZ,7.21,7.37,7.14,7.14,971657,703514699.38
2026-07-02,000625.SZ,7.15,7.28,7.15,7.24,870048,629054001.22
2026-07-05,000625.SZ,7.23,7.27,7.17,7.18,645159,464989369
2026-07-06,000625.SZ,7.17,7.21,7.04,7.07,612136,434107482.16
2026-07-07,000625.SZ,7.05,7.07,6.96,6.99,494683,346562390.78
2026-07-08,000625.SZ,6.96,7.01,6.88,6.94,628094,435323244.08
2026-07-09,000625.SZ,6.93,7.18,6.87,7.11,947768,669637243.46
2026-07-12,000625.SZ,7.05,7.06,6.88,6.89,810342,562101575.76
2026-07-13,000625.SZ,6.88,6.95,6.85,6.94,433703,299813189.48
2026-07-14,000625.SZ,6.9,7.18,6.9,7.15,994175,706844873.3
2026-07-15,000625.SZ,7.03,7.24,7.01,7.19,970592,694622955.87
2026-07-16,000625.SZ,7.19,7.29,7.06,7.11,927819,664919182.73
2026-07-19,000625.SZ,7.1,7.29,7.09,7.28,1084520,781131828.55
2026-07-20,000625.SZ,7.26,7.48,7.18,7.2,1431469,1048974571.21
2026-07-21,000625.SZ,7.17,7.21,7.07,7.21,804654,574906125.98
2026-07-22,000625.SZ,7.26,7.34,7.15,7.33,762744,554626481.18
2026-07-23,000625.SZ,7.28,7.4,7.2,7.2,666976,485597772.88
2026-07-26,000625.SZ,7.16,7.33,7.16,7.26,530771,384500835.3
2026-07-27,000625.SZ,7.23,7.37,7.2,7.31,696063,507802953.35
2026-07-28,000625.SZ,7.33,7.59,7.33,7.52,1401722,1051118075.91
2026-07-29,000625.SZ,7.5,7.89,7.47,7.83,1948573,1514489977.29
2026-07-30,000625.SZ,7.66,7.87,7.64,7.87,1356328,1056255896.02
2026-08-02,000625.SZ,7.87,7.91,7.78,7.81,797474,624188651.37
2026-08-03,000625.SZ,7.81,7.81,7.61,7.62,1087433,833955116.14
2026-08-04,000625.SZ,7.64,7.69,7.53,7.56,830744,629755001.68
2026-08-05,000625.SZ,7.53,7.55,7.35,7.38,981429,728224382.98
2026-08-06,000625.SZ,7.38,7.4,7.26,7.35,687003,502706077.24
2026-08-09,000625.SZ,7.34,7.42,7.32,7.42,588633,435151711.76
2026-08-10,000625.SZ,7.4,7.41,7.33,7.35,503760,370701729.46
2026-08-11,000625.SZ,7.34,7.41,7.28,7.39,542139,398842803.59
2026-08-12,000625.SZ,7.38,7.38,7.27,7.27,555625,406739885.88
2026-08-13,000625.SZ,7.27,7.3,7.14,7.14,583658,418849293.04
2026-08-16,000625.SZ,7.15,7.18,7.11,7.17,344725,246524880.4
2026-08-17,000625.SZ,7.18,7.18,7.11,7.13,325027,231732883.09
2026-08-18,000625.SZ,7.11,7.14,7.02,7.04,482365,340604307.45
2026-08-19,000625.SZ,7.04,7.17,7.03,7.15,464095,330315452.96
2026-08-20,000625.SZ,7.12,7.13,7.04,7.07,332491,234892252.19
2026-08-23,000625.SZ,7.07,7.1,7.03,7.05,263765,186072054.66
2026-08-24,000625.SZ,7.03,7.11,7.02,7.1,279560,197735198.98
2026-08-25,000625.SZ,7.09,7.17,7.07,7.14,327593,234018253.5
2026-08-26,000625.SZ,7.12,7.13,7.07,7.1,307327,217994427.92
2026-08-27,000625.SZ,7.09,7.13,7.07,7.1,299419,212667098.71
2026-08-30,000625.SZ,7.1,7.1,7.04,7.07,378618,267350852.84
2026-08-31,000625.SZ,7.08,7.14,7.08,7.12,383707,273422130.88
2026-09-01,000625.SZ,7.1,7.12,7.04,7.06,287292,202955443
2026-09-02,000625.SZ,7.08,7.12,7.06,7.06,289943,205546663.09
2026-09-03,000625.SZ,7.07,7.17,7.07,7.12,560799,400307450.36
2026-09-06,000625.SZ,7.1,7.15,7.09,7.11,327521,232915284.36
2026-09-07,000625.SZ,7.11,7.27,7.09,7.24,711283,511684377.88
2026-09-08,000625.SZ,7.23,7.23,7.15,7.18,382094,274187634.17
2026-09-09,000625.SZ,7.15,7.16,7.09,7.12,320081,227709254.96
2026-09-10,000625.SZ,7.1,7.1,6.98,7.06,496801,349290177.1
2026-09-13,000625.SZ,7.07,7.35,7.05,7.23,895642,649255941.11
2026-09-14,000625.SZ,7.18,7.29,7.12,7.12,515145,369365712.49
2026-09-15,000625.SZ,7.09,7.11,7.02,7.08,378278,267225833.68
2026-09-16,000625.SZ,7.09,7.2,7.05,7.15,445556,317653104.47
2026-09-17,000625.SZ,7.15,7.15,7.1,7.12,357546,254433067.52
2026-09-20,000625.SZ,7.11,7.16,7.08,7.15,314685,224425504.91
2026-09-21,000625.SZ,7.15,7.18,7.14,7.18,406763,291237916.46
2026-09-22,000625.SZ,7.16,7.21,7.11,7.12,442092,315953557.12
2026-09-23,000625.SZ,7.09,7.12,7.03,7.03,401295,283236090.69
2026-09-27,000625.SZ,7.03,7.13,7.01,7.05,461455,325338555.66
2026-09-28,000625.SZ,7.05,7.14,7.02,7.06,454593,321070508.23
2026-09-29,000625.SZ,7.05,7.18,6.99,7.11,764968,542919468.08
