date,symbol,open,high,low,close,volume,turnover
2022-08-16,600760.SH,65.98,66.2,64.41,65.04,98294,638729091
2022-08-17,600760.SH,65.04,65.7,63.85,65.19,82653,535132663
2022-08-18,600760.SH,64.95,65.77,63.51,63.55,77392,497894240
2022-08-21,600760.SH,63.11,65.05,62.5,64.78,73147,470128547
2022-08-22,600760.SH,64.55,64.8,62.62,63.71,92180,585330848
2022-08-23,600760.SH,63.64,63.64,61.06,61.32,92001,569316555
2022-08-24,600760.SH,61.39,61.87,60.53,61.49,76248,466626548
2022-08-25,600760.SH,61.61,62.25,60.21,60.66,86677,530047768
2022-08-28,600760.SH,60,61.79,59.38,61.63,91498,559290315
2022-08-29,600760.SH,61,61.1,59.38,59.63,102358,612729202
2022-08-30,600760.SH,59.92,60.13,58.18,58.76,91316,538120613
2022-08-31,600760.SH,58.76,59.58,57.9,58.58,102406,599726647
2022-09-01,600760.SH,58.18,59.3,57.6,58.64,79300,463432309
2022-09-04,600760.SH,58.5,59.3,57.67,58.11,56733,331524804
2022-09-05,600760.SH,58.7,63.92,58.7,62.52,281995,1754513296
2022-09-06,600760.SH,62.1,65.11,61.89,64.31,194934,1240904618
2022-09-07,600760.SH,64.16,65.99,64.16,65.24,152043,994711017
2022-09-08,600760.SH,64.99,66.98,64.58,65.7,147402,970644686
2022-09-12,600760.SH,66,68.1,65.49,67.63,166565,1116693377
2022-09-13,600760.SH,67.24,68.08,66.55,67.32,104421,703223547
2022-09-14,600760.SH,67.39,67.57,64.82,65.53,100739,662001625
2022-09-15,600760.SH,65.4,67.28,65.21,65.62,136809,907866814
2022-09-18,600760.SH,65.67,67.18,65.15,65.53,79258,521231320
2022-09-19,600760.SH,65.8,66.8,65.03,65.51,71586,470746554
2022-09-20,600760.SH,65.36,66.1,63.3,65.79,102858,667157156
2022-09-21,600760.SH,65.98,67.16,65,66.31,95063,632128909
2022-09-22,600760.SH,66.11,70.7,65.33,66.36,230505,1556000338
2022-09-25,600760.SH,65.9,66.64,64,64.2,127125,829543414
2022-09-26,600760.SH,64.2,66.1,63.99,64.92,81146,527857800
2022-09-27,600760.SH,64.79,66.48,62.9,63.33,89427,574995185
2022-09-28,600760.SH,64.19,65.64,63.07,63.71,88391,568158760
2022-09-29,600760.SH,63.72,63.9,60.94,60.95,95199,586715255
2022-10-09,600760.SH,61,62.25,60.5,60.97,76470,469232807
2022-10-10,600760.SH,60.97,61.69,60,60.72,65124,395171560
2022-10-11,600760.SH,60.42,61.99,58.91,61.9,71846,434059940
2022-10-12,600760.SH,61.2,63.36,61.06,61.74,74256,461080941
2022-10-13,600760.SH,62.3,65.9,61.34,64.97,124845,797448519
2022-10-16,600760.SH,64.68,69.45,64.43,69.42,197002,1340051333
2022-10-17,600760.SH,69.43,70,67.33,69.34,134184,928013263
2022-10-18,600760.SH,69.33,69.43,67.98,68.13,68451,469355696
2022-10-19,600760.SH,67.82,68.72,66.85,67.4,55562,376425607
2022-10-20,600760.SH,67.41,69.69,66.8,67.8,87125,592462389
2022-10-23,600760.SH,69.19,72.83,69.19,71.91,240252,1717459528
2022-10-24,600760.SH,71.8,73.01,70.93,71.74,107367,774397191
2022-10-25,600760.SH,71.7,72.98,70.87,72.02,80346,576839700
2022-10-26,600760.SH,72.15,72.15,69.99,71.3,77743,551604173
2022-10-27,600760.SH,70.35,72.58,70.03,70.69,69836,498025062
2022-10-30,600760.SH,70.69,73,65.98,72.46,188662,1316522019
2022-10-31,600760.SH,72.1,72.61,68.08,68.77,175161,1218774512
2022-11-01,600760.SH,68.63,68.7,65.94,67.63,251063,1679404258
2022-11-02,600760.SH,66.84,69.63,66.8,68.37,146572,999808899
2022-11-03,600760.SH,68.38,68.8,67.51,68.65,93682,639645292
2022-11-06,600760.SH,68.89,68.98,66,66.32,163280,1092283576
2022-11-07,600760.SH,66.3,67.44,66,67.26,99251,663998229
2022-11-08,600760.SH,68.3,68.62,66.45,66.53,110837,749079562
2022-11-09,600760.SH,65.93,66.3,65,65.31,87614,573954002
2022-11-10,600760.SH,66.5,66.8,65,66.31,123155,811099827
2022-11-13,600760.SH,66.31,66.9,65,65.74,90242,595668902
2022-11-14,600760.SH,65.21,66.3,65.2,66.17,96659,636842934
2022-11-15,600760.SH,66.18,68.36,66.18,67.1,172060,1158864862
2022-11-16,600760.SH,66.33,66.76,64.1,65.85,129985,845071740
2022-11-17,600760.SH,65.39,65.98,64.16,64.29,83555,540474673
2022-11-20,600760.SH,64.27,64.7,63.6,64.45,90516,581174241
2022-11-21,600760.SH,64.44,66.94,64.2,65.59,156093,1024487616
2022-11-22,600760.SH,65.7,66.55,64.61,66.16,98301,645627320
2022-11-23,600760.SH,66.1,66.5,65.11,65.38,66638,438182579
2022-11-24,600760.SH,65.48,65.58,64,64.13,66440,430175721
2022-11-27,600760.SH,63.11,65.16,63,64.68,60734,389618217
2022-11-28,600760.SH,65.7,67.07,64.51,64.71,122140,801543073
2022-11-29,600760.SH,65.28,65.5,62.16,62.23,223808,1409042045
2022-11-30,600760.SH,62.02,62.79,61.37,62.72,144488,897166526
2022-12-01,600760.SH,62.36,62.39,61.66,61.88,95511,592252796
2022-12-04,600760.SH,62.16,62.35,60.3,60.86,192724,1179693851
2022-12-05,600760.SH,60.45,61.35,59.46,61.35,170713,1031046410
2022-12-06,600760.SH,61,62.2,60.83,62.2,149883,925869655
2022-12-07,600760.SH,62.29,62.36,60.58,60.72,121684,746199722
2022-12-08,600760.SH,60.72,61.08,59.46,59.64,142073,850120286
2022-12-11,600760.SH,59.44,60.49,58.6,60.02,113459,675229035
2022-12-12,600760.SH,60,60.01,59.01,59.18,66533,395203731
2022-12-13,600760.SH,59.11,60.15,59,59.65,60714,362794690
2022-12-14,600760.SH,59.38,60.09,59.38,59.72,48465,289423030
2022-12-15,600760.SH,59.59,59.7,58.3,58.63,65005,382156032
2022-12-18,600760.SH,58.51,58.94,57.55,57.74,67772,393642697
2022-12-19,600760.SH,57.71,58.67,57.7,58.53,75626,440897195
2022-12-20,600760.SH,58.49,59.27,58.02,58.37,60386,354519787
2022-12-21,600760.SH,58.15,59.2,57.1,58.4,67785,393626770
2022-12-22,600760.SH,58.02,58.3,56.1,56.45,81954,467335051
2022-12-25,600760.SH,56.5,59.22,56.5,59.18,141653,824420408
2022-12-26,600760.SH,59.1,59.63,58.53,58.98,62588,368994633
2022-12-27,600760.SH,58.99,58.99,57.24,57.6,78998,458028563
2022-12-28,600760.SH,57.7,59.5,57.3,58.48,99613,583341108
2022-12-29,600760.SH,58.47,59.26,58,58.63,65567,384817736
2023-01-02,600760.SH,58.41,60.6,58.32,60.43,135458,811266971
2023-01-03,600760.SH,60.36,60.38,59.22,59.75,71512,427271390
2023-01-04,600760.SH,59.76,60.29,59.55,60.18,77949,467346852
2023-01-05,600760.SH,59.86,60.2,59.77,60.03,63365,379926078
2023-01-08,600760.SH,60.04,60.41,58.16,58.48,121508,715386086
2023-01-09,600760.SH,58.55,58.89,57.38,57.68,118018,680782693
2023-01-10,600760.SH,57.51,58.5,57.27,57.65,71685,414274760
2023-01-11,600760.SH,58.6,58.9,57.36,57.53,89212,516405550
2023-01-12,600760.SH,57.66,57.88,57.22,57.73,57216,329353545
2023-01-15,600760.SH,57.75,58.67,57.55,58.4,105090,612020264
2023-01-16,600760.SH,58.6,59.1,57.98,58.85,90005,528641618
2023-01-17,600760.SH,58.85,59.09,58.61,58.85,49259,289962699
2023-01-18,600760.SH,58.3,59.65,58.3,59.54,71863,425080167
2023-01-19,600760.SH,59.54,59.96,59.28,59.57,62446,371972550
2023-01-29,600760.SH,60.38,61.9,59.85,61.24,215815,1315909659
2023-01-30,600760.SH,60.78,61.31,60.7,61.06,88926,542655924
2023-01-31,600760.SH,61.13,61.3,60.35,61.3,99831,608360681
2023-02-01,600760.SH,61.59,61.78,59.82,59.99,167180,1012234961
2023-02-02,600760.SH,60,60.54,59.21,60.47,115187,689317089
2023-02-05,600760.SH,60.1,60.94,59.77,59.91,75526,455151460
2023-02-06,600760.SH,60,60.34,59,59.38,91704,545288926
2023-02-07,600760.SH,59.4,59.45,58.49,58.49,79712,468627773
2023-02-08,600760.SH,58.42,59.28,58.28,59.13,79962,471734220
2023-02-09,600760.SH,58.99,59.1,58,58.26,109566,639373227
2023-02-12,600760.SH,58.26,58.86,58.07,58.4,109119,637213763
2023-02-13,600760.SH,58.3,58.33,57.6,58.02,104857,606620271
2023-02-14,600760.SH,58.03,58.5,57.68,58.44,82417,479130478
2023-02-15,600760.SH,58.23,58.63,57.03,57.54,125482,727627773
2023-02-16,600760.SH,57.48,57.63,56.5,56.79,113616,646374278
2023-02-19,600760.SH,56.67,57.26,56.51,57.14,65312,372001175
2023-02-20,600760.SH,57.16,58.17,57.16,57.93,93353,539815000
2023-02-21,600760.SH,57.58,58.17,57.5,57.73,58921,340456420
2023-02-22,600760.SH,57.83,57.85,57,57.2,62768,360568472
2023-02-23,600760.SH,57.48,59.23,57.48,58.44,217473,1274856002
2023-02-26,600760.SH,58.6,58.78,57.48,57.79,122481,710606128
2023-02-27,600760.SH,57.77,58,57.38,57.82,60648,350029388
2023-02-28,600760.SH,57.7,57.98,57.64,57.94,67485,390164649
2023-03-01,600760.SH,57.94,58.4,57.44,57.71,84993,491711076
2023-03-02,600760.SH,57.71,59.04,57.46,59.03,226806,1330368903
2023-03-05,600760.SH,60,60.16,58.38,59.26,238351,1412341008
2023-03-06,600760.SH,59,59.16,58.11,58.25,125999,739149751
2023-03-07,600760.SH,57.98,58.9,57.69,58.78,93181,544472215
2023-03-08,600760.SH,58.66,58.78,56.79,57,193489,1109646197
2023-03-09,600760.SH,56.7,57.17,56.6,56.66,74641,423895895
2023-03-12,600760.SH,56.58,56.98,56.25,56.86,57191,323710257
2023-03-13,600760.SH,56.75,56.79,54.6,55.57,108262,603891354
2023-03-14,600760.SH,55.87,55.87,54.89,55.06,82799,457627389
2023-03-15,600760.SH,54.7,55,53.16,53.5,105052,566272265
2023-03-16,600760.SH,53.74,54.11,53.13,53.67,64054,343828991
2023-03-19,600760.SH,53.89,54.49,53.55,53.93,59321,320712234
2023-03-20,600760.SH,54.78,56.9,54.61,55.56,150852,843950265
2023-03-21,600760.SH,55.5,55.5,54.5,54.85,86220,472923375
2023-03-22,600760.SH,54.6,55.2,54.26,55.19,73399,401287562
2023-03-23,600760.SH,55,55.19,54.73,54.82,53499,293741221
2023-03-26,600760.SH,54.88,54.9,53.88,54.03,66090,357397218
2023-03-27,600760.SH,54.17,54.46,53.35,53.54,61732,331981148
2023-03-28,600760.SH,53.57,53.59,53.01,53.42,55790,297095082
2023-03-29,600760.SH,53.45,53.69,53.11,53.68,50645,270454056
2023-03-30,600760.SH,53.73,54,53.48,53.84,50547,271881817
2023-04-02,600760.SH,53.84,54.6,53.69,54.37,76112,412553089
2023-04-03,600760.SH,54.34,54.55,53.4,53.88,76069,409924285
2023-04-05,600760.SH,53.73,54.27,53.39,54.2,72411,390871516
2023-04-06,600760.SH,54.24,54.6,54.17,54.38,60350,328446313
2023-04-09,600760.SH,55.2,55.62,54.61,54.81,92574,510620236
2023-04-10,600760.SH,54.81,55.11,54.51,54.75,42277,231492699
2023-04-11,600760.SH,54.76,55,54.5,54.78,40659,222494757
2023-04-12,600760.SH,54.82,55.22,54,54.99,64624,353540798
2023-04-13,600760.SH,55,55.1,54.4,54.85,44297,242360939
2023-04-16,600760.SH,54.76,55.6,54.4,55.57,79420,437867495
2023-04-17,600760.SH,55.6,57.36,55.33,56.55,161125,908667515
2023-04-18,600760.SH,56.48,56.74,55.85,56.21,80765,453718863
2023-04-19,600760.SH,56.06,56.2,55.4,55.82,59857,333536758
2023-04-20,600760.SH,55.59,57.5,55.55,56.61,147272,838858975
2023-04-23,600760.SH,56.3,57.5,55.25,56.95,102988,583087680
2023-04-24,600760.SH,57.48,57.89,56.69,56.89,120032,687773507
2023-04-25,600760.SH,56.67,57.41,56.11,57.25,105296,598886279
2023-04-26,600760.SH,57.26,57.7,56.71,57.45,84467,484053472
2023-04-27,600760.SH,57.16,57.71,57.13,57.51,81772,469622558
2023-05-03,600760.SH,57.33,57.85,56.6,56.61,84141,479691375
2023-05-04,600760.SH,56.56,56.95,55.65,56.01,76061,426646086
2023-05-07,600760.SH,56.01,58.73,55.98,58.62,213182,1237009343
2023-05-08,600760.SH,58.95,61.62,58.85,59.16,311684,1876444245
2023-05-09,600760.SH,59.14,59.14,56.66,57.32,169603,974281090
2023-05-10,600760.SH,57.05,57.86,56.81,57.49,66991,384791400
2023-05-11,600760.SH,57.41,57.46,56.35,57.15,84073,477741888
2023-05-14,600760.SH,57.01,59.95,56.82,59.79,202331,1193411175
2023-05-15,600760.SH,59.65,60.23,59,59.79,115166,688432300
2023-05-16,600760.SH,59.75,61.65,59.13,60.72,183155,1110510661
2023-05-17,600760.SH,60.71,60.72,59.75,59.84,84947,510342689
2023-05-18,600760.SH,59.59,60.67,59.24,59.61,86773,519726657
2023-05-21,600760.SH,59.61,60.24,58.8,59.43,69398,412604551
2023-05-22,600760.SH,59.5,59.55,58,58.06,88243,515330026
2023-05-23,600760.SH,57.7,58.96,57.3,58,74915,435556635
2023-05-24,600760.SH,57.83,59.69,57.66,58.91,111453,657016222
2023-05-25,600760.SH,58.9,59.11,58.35,58.94,47109,276777884
2023-05-28,600760.SH,59.89,60,58.3,58.92,78291,461373165
2023-05-29,600760.SH,58.53,59.33,57.48,58.13,86683,504612393
2023-05-30,600760.SH,58.28,59.2,57.89,58.93,78358,461094098
2023-05-31,600760.SH,58.94,59.5,58.3,59.25,78192,462037804
2023-06-01,600760.SH,58.9,59.28,58.38,58.47,65936,386884044
2023-06-04,600760.SH,58.48,58.63,57.17,57.29,85841,495893140
2023-06-05,600760.SH,57.4,57.69,56,56.22,75662,430066669
2023-06-06,600760.SH,56.1,56.41,54.75,55.4,92660,512799294
2023-06-07,600760.SH,55.41,56.13,55.15,55.8,54157,301708456
2023-06-08,600760.SH,55.78,55.91,54.77,55.47,68807,379238066
2023-06-11,600760.SH,55.12,56.37,55.12,55.6,77605,432972868
2023-06-12,600760.SH,55.6,55.88,55.2,55.43,45130,250477601
2023-06-13,600760.SH,55.4,55.61,55.17,55.28,36692,203108026
2023-06-14,600760.SH,55.5,57.49,55.01,57.14,105589,598200926
2023-06-15,600760.SH,56.9,57.81,56.83,57.32,58322,334437802
2023-06-18,600760.SH,57.33,58.49,57.3,58,94323,546342947
2023-06-19,600760.SH,58,60,57.7,59.7,162675,963659320
2023-06-20,600760.SH,59.8,59.94,59.06,59.25,108690,646368537
2023-06-25,600760.SH,59.21,59.92,58.85,59.18,94640,561971569
2023-06-26,600760.SH,41.99,43.35,41.88,42.35,150519,640422415
2023-06-27,600760.SH,42.35,43.88,42.3,43.42,249736,1080651696
2023-06-28,600760.SH,43.2,45.46,43.2,44.72,349728,1562925928
2023-06-29,600760.SH,44.75,45.67,44.5,45,280927,1269019245
2023-07-02,600760.SH,45.11,46.8,45,46.4,344148,1593127241
2023-07-03,600760.SH,46.44,46.44,45.42,45.74,190945,873868158
2023-07-04,600760.SH,45.58,46.15,45.12,45.4,120401,549355782
2023-07-05,600760.SH,45.49,45.58,44.26,44.57,155386,694547155
2023-07-06,600760.SH,44.6,45.1,44.28,44.68,89952,402060633
2023-07-09,600760.SH,44.59,45.78,44.44,45.34,159926,722805484
2023-07-10,600760.SH,45.34,46.19,45.16,45.44,120916,553597903
2023-07-11,600760.SH,45.45,45.83,44.87,45.31,92235,417095342
2023-07-12,600760.SH,45.3,45.72,44.71,44.9,79384,357683824
2023-07-13,600760.SH,44.75,45.11,44.55,44.75,76369,342513767
2023-07-16,600760.SH,44.75,45.16,44.26,44.78,60920,272076187
2023-07-17,600760.SH,44.78,45.68,44.42,45.01,106528,481241826
2023-07-18,600760.SH,45.09,45.25,44.67,44.88,65444,293860456
2023-07-19,600760.SH,44.88,45.09,44.3,44.39,64305,286730230
2023-07-20,600760.SH,44.34,44.45,43.7,43.73,76351,336377334
2023-07-23,600760.SH,43.69,44.95,43.69,44.62,89536,398452685
2023-07-24,600760.SH,44.68,44.89,43.63,44.14,139188,612812657
2023-07-25,600760.SH,44.1,44.52,43.91,44.33,71606,317265590
2023-07-26,600760.SH,44.5,44.79,43.95,44,108374,480241841
2023-07-27,600760.SH,43.7,44.11,43.46,43.99,86509,378915840
2023-07-30,600760.SH,43.99,44.19,42.36,42.86,329621,1414601836
2023-07-31,600760.SH,42.78,43.57,42.67,43.02,140630,606347995
2023-08-01,600760.SH,42.81,43.16,42.42,42.83,70188,299542690
2023-08-02,600760.SH,42.65,42.93,42.58,42.72,60506,258605882
2023-08-03,600760.SH,42.72,42.98,42.5,42.77,75634,323256401
2023-08-06,600760.SH,42.6,43.1,42.53,43.05,82717,355030258
2023-08-07,600760.SH,43.05,43.07,42.11,42.72,111337,472260330
2023-08-08,600760.SH,41.5,42.57,41.28,42.45,157016,657906042
2023-08-09,600760.SH,42.59,43.6,42.34,42.95,101435,436673139
2023-08-10,600760.SH,42.99,43,42.35,42.38,73585,313666440
2023-08-13,600760.SH,42.03,43.77,42,43.5,131446,566758168
2023-08-14,600760.SH,43.5,43.69,43.04,43.35,60070,260612676
2023-08-15,600760.SH,43.66,43.66,42.49,42.54,83895,360968054
2023-08-16,600760.SH,42.2,45.12,42.1,44.87,269991,1187276902
2023-08-17,600760.SH,44.97,45.48,44.2,44.91,196917,887548027
2023-08-20,600760.SH,44.92,44.94,43.66,43.68,120984,533836247
2023-08-21,600760.SH,43.71,45.8,43.71,44.59,196681,882786479
2023-08-22,600760.SH,44.64,44.64,43.16,43.39,111861,489112632
2023-08-23,600760.SH,42.99,44.06,42.91,43.46,96407,419698120
2023-08-24,600760.SH,43.07,43.84,42.62,42.72,101339,436311408
2023-08-27,600760.SH,44.65,45,42.45,43.62,168474,733791988
2023-08-28,600760.SH,43.3,44.87,43.3,43.98,139706,617285877
2023-08-29,600760.SH,43.98,44.8,43.85,44.49,105340,467691578
2023-08-30,600760.SH,44.8,45.18,44.19,44.55,102198,455986087
2023-08-31,600760.SH,44.44,44.55,43.71,44.52,97671,430628824
2023-09-03,600760.SH,44.47,44.55,43.75,43.98,129129,568763694
2023-09-04,600760.SH,43.88,44.32,43.45,43.66,108826,476605339
2023-09-05,600760.SH,43.47,45.67,43.28,45.5,287661,1292501976
2023-09-06,600760.SH,45.47,45.72,44.83,44.98,153828,697006360
2023-09-07,600760.SH,44.82,46,44.7,45.2,196488,890793384
2023-09-10,600760.SH,45.16,45.16,43.1,44.02,265361,1162399277
2023-09-11,600760.SH,43.78,44,43.46,43.76,129967,568212109
2023-09-12,600760.SH,43.75,43.75,42.78,43.09,111769,481747369
2023-09-13,600760.SH,43.11,43.4,42.8,43.28,80494,347375951
2023-09-14,600760.SH,43.28,43.49,42.94,43.39,83097,359005510
2023-09-17,600760.SH,43.15,43.45,43.02,43.15,65846,284651996
2023-09-18,600760.SH,43.24,43.31,42.65,42.71,68233,292316537
2023-09-19,600760.SH,42.6,42.81,42.46,42.63,43849,187033954
2023-09-20,600760.SH,42.8,43.5,42.8,43.26,100853,436506730
2023-09-21,600760.SH,43.32,44.56,43.06,44.06,103629,453992503
2023-09-24,600760.SH,44.06,44.24,43.37,43.51,75720,330841510
2023-09-25,600760.SH,43.65,43.69,41.6,41.98,201766,854978518
2023-09-26,600760.SH,41.98,42.44,41.8,41.96,99553,418402098
2023-09-27,600760.SH,42.24,43.17,42.12,42.85,125509,538313775
2023-10-08,600760.SH,42.92,43.65,42.73,43.2,83093,358575760
2023-10-09,600760.SH,43.15,43.67,43,43.43,72203,312860947
2023-10-10,600760.SH,43.38,43.39,41.7,41.95,162802,687166749
2023-10-11,600760.SH,41.89,42.16,41.6,42.11,87377,365549980
2023-10-12,600760.SH,41.88,41.9,41.08,41.5,94272,390254760
2023-10-15,600760.SH,41.46,41.83,41.12,41.19,66393,274862937
2023-10-16,600760.SH,41.15,41.33,40.49,40.95,69015,282189535
2023-10-17,600760.SH,40.88,40.9,39.98,39.99,83101,334721681
2023-10-18,600760.SH,39.77,40.69,39.7,40.21,78633,316227389
2023-10-19,600760.SH,40.1,40.68,39.92,40.3,66977,270662577
2023-10-22,600760.SH,40.22,41.98,40.12,41.34,154240,637926200
2023-10-23,600760.SH,41.27,41.5,40.55,41.35,101535,417614129
2023-10-24,600760.SH,42.05,42.95,41.68,42.35,124933,530218754
2023-10-25,600760.SH,42.35,42.68,41.98,42.49,87707,371998948
2023-10-26,600760.SH,42.29,42.9,41.89,42.07,112636,477721034
2023-10-29,600760.SH,42.2,42.8,41.71,42.27,106984,452149281
2023-10-30,600760.SH,42.28,42.42,41.89,42.18,53195,223680656
2023-10-31,600760.SH,42.2,42.36,41.91,42.19,46265,194872995
2023-11-01,600760.SH,42.1,42.3,40.78,40.92,117382,483722619
2023-11-02,600760.SH,40.88,41.45,40.76,41.28,82316,338752605
2023-11-05,600760.SH,41.44,41.69,41,41.56,90499,374707693
2023-11-06,600760.SH,41.4,41.96,41.25,41.53,69473,288730424
2023-11-07,600760.SH,41.54,41.69,41.21,41.5,64609,267662779
2023-11-08,600760.SH,41.45,41.59,41.03,41.08,63351,261105612
2023-11-09,600760.SH,41.02,41.78,40.92,41.68,69774,289231517
2023-11-12,600760.SH,41.62,43.6,41.4,43.46,210188,898024166
2023-11-13,600760.SH,43.3,44.1,42.97,43.35,131374,570221050
2023-11-14,600760.SH,43.58,43.6,42.69,43.11,89362,384540134
2023-11-15,600760.SH,42.76,43.37,42.76,42.86,65122,280612622
2023-11-16,600760.SH,42.81,43.1,42.43,42.94,63384,271149510
2023-11-19,600760.SH,42.9,43.98,42.7,43.67,91856,399368765
2023-11-20,600760.SH,43.65,43.87,43.23,43.49,70167,305182639
2023-11-21,600760.SH,43.36,43.48,42.97,43.2,56186,242821637
2023-11-22,600760.SH,43.17,43.41,43,43.15,40052,172840297
2023-11-23,600760.SH,43.1,43.14,42.2,42.36,53988,229730046
2023-11-26,600760.SH,42.36,42.65,42.18,42.55,55636,236211557
2023-11-27,600760.SH,42.55,42.72,42.18,42.53,48774,207166589
2023-11-28,600760.SH,42.57,42.95,42.3,42.46,52518,223904625
2023-11-29,600760.SH,42.4,42.64,41.88,42.05,56063,236322652
2023-11-30,600760.SH,42.06,42.6,41.86,42.47,52002,219574052
2023-12-03,600760.SH,42.62,43.19,42.45,42.87,78240,335537351
2023-12-04,600760.SH,43.1,43.1,42.01,42.26,64876,275134328
2023-12-05,600760.SH,42.12,42.58,42.12,42.3,52973,224485894
2023-12-06,600760.SH,42.2,42.45,41.66,41.66,55583,232722594
2023-12-07,600760.SH,41.5,41.86,40.6,40.8,128874,527406054
2023-12-10,600760.SH,40.51,41.87,40.51,41.8,86025,354584534
2023-12-11,600760.SH,41.8,42.4,41.62,42.01,58553,246403090
2023-12-12,600760.SH,42.1,43,41.92,42.23,83222,353954195
2023-12-13,600760.SH,42.22,42.56,41.85,42.04,52604,221591124
2023-12-14,600760.SH,42.13,42.5,41.27,41.41,56338,234457440
2023-12-17,600760.SH,41.5,41.5,40.85,41.01,48347,198815096
2023-12-18,600760.SH,41.1,41.13,40.6,40.72,47576,193797388
2023-12-19,600760.SH,40.61,40.84,39.78,39.81,76966,309768516
2023-12-20,600760.SH,39.7,40.01,39.27,39.68,72053,285011451
2023-12-21,600760.SH,39.75,41.97,39.75,41.7,203916,840445407
2023-12-24,600760.SH,41.79,44.24,41.66,43.42,210219,910984504
2023-12-25,600760.SH,43.35,43.95,42.45,43.06,135240,581806083
2023-12-26,600760.SH,41.98,42.28,41.2,42.15,110935,465289739
2023-12-27,600760.SH,42.06,42.35,41.6,42.11,117846,494390236
2023-12-28,600760.SH,42,42.48,41.88,42.18,90196,379983149
2024-01-01,600760.SH,42.19,43.03,41.96,42.34,126771,539840647
2024-01-02,600760.SH,42.21,42.48,41.58,42,71689,300754591
2024-01-03,600760.SH,42.01,42.2,40.76,41.28,96170,396918366
2024-01-04,600760.SH,41.07,41.16,39.55,40,170619,683407254
2024-01-07,600760.SH,39.85,39.85,38.3,38.58,136143,528932933
2024-01-08,600760.SH,38.58,38.87,38.13,38.63,87435,336544358
2024-01-09,600760.SH,38.55,38.88,37.93,38.28,80437,308270698
2024-01-10,600760.SH,38.28,39.02,38.13,39.02,98001,378773745
2024-01-11,600760.SH,38.99,39.25,38.68,38.96,74597,290678544
2024-01-14,600760.SH,38.89,38.89,36.3,37.12,206555,773062216
2024-01-15,600760.SH,36.97,37.13,36.25,37.09,135967,499503207
2024-01-16,600760.SH,37.03,37.03,35.9,35.93,108335,393022120
2024-01-17,600760.SH,35.5,37.35,35.16,37.23,147617,530744464
2024-01-18,600760.SH,36.75,37.19,36.51,36.68,90630,333678449
2024-01-21,600760.SH,36.56,37.26,35.86,36.25,137220,504069089
2024-01-22,600760.SH,35.95,36.75,35.72,36.1,85768,311049045
2024-01-23,600760.SH,36.19,36.38,35.16,36.29,114295,407981534
2024-01-24,600760.SH,36.22,37.53,36.03,37.43,148049,549255273
2024-01-25,600760.SH,37.29,37.42,36.85,37.15,87792,325538513
2024-01-28,600760.SH,37.11,37.22,36.4,36.45,85013,313098664
2024-01-29,600760.SH,36.2,37.3,36.11,36.56,116070,427895595
2024-01-30,600760.SH,36.28,36.41,35.42,35.44,110796,395937127
2024-01-31,600760.SH,35.17,36.36,34.91,35.71,101766,363668840
2024-02-01,600760.SH,35.71,36.05,33.58,34.33,122852,427058137
2024-02-04,600760.SH,34.28,35.07,33.39,34.62,134979,462883795
2024-02-05,600760.SH,34.55,36.48,34.3,36.27,122436,437180637
2024-02-06,600760.SH,36.36,37.18,35.96,36.99,142972,526561548
2024-02-07,600760.SH,37.17,37.59,36.78,37.43,131143,489148237
2024-02-18,600760.SH,37.8,37.94,37.06,37.32,105003,392775845
2024-02-19,600760.SH,37.33,37.41,36.71,37.25,84509,313269475
2024-02-20,600760.SH,37.01,37.86,36.85,37.54,107034,401512901
2024-02-21,600760.SH,37,37.73,37,37.73,86835,326072800
2024-02-22,600760.SH,37.6,38.77,37.43,38.39,133065,507325115
2024-02-25,600760.SH,38.39,38.57,38.01,38.08,103047,393816245
2024-02-26,600760.SH,38.01,38.24,37.54,38.24,138026,523673403
2024-02-27,600760.SH,38.3,38.76,37.7,37.7,146769,562612320
2024-02-28,600760.SH,37.44,38.27,37.37,38.27,110284,418756088
2024-02-29,600760.SH,38.44,38.87,38.1,38.75,119966,462862580
2024-03-03,600760.SH,38.5,38.68,37.9,38.41,111674,427289876
2024-03-04,600760.SH,38.38,39.48,38.18,39.03,163741,639623425
2024-03-05,600760.SH,38.89,38.99,38.29,38.83,90822,350902670
2024-03-06,600760.SH,38.68,39.07,37.86,38,94155,361224142
2024-03-07,600760.SH,38.12,38.38,37.5,37.88,96848,365951089
2024-03-10,600760.SH,37.8,38.68,37.71,38.61,125417,480698885
2024-03-11,600760.SH,38.66,39.2,38.66,38.85,120632,470051142
2024-03-12,600760.SH,38.66,39.39,38.39,38.78,104311,405473979
2024-03-13,600760.SH,38.72,38.73,37.54,37.63,139071,528953418
2024-03-14,600760.SH,37.63,38.24,37.47,37.86,92670,349658058
2024-03-17,600760.SH,37.87,38.15,37.8,38.12,107216,407199530
2024-03-18,600760.SH,38.05,38.44,37.77,37.96,106624,406431415
2024-03-19,600760.SH,37.84,38.58,37.81,38.21,96140,367574094
2024-03-20,600760.SH,38.23,38.37,37.85,37.98,82678,314619144
2024-03-21,600760.SH,37.9,37.9,37.18,37.43,93540,350261054
2024-03-24,600760.SH,37.3,37.43,36.86,36.86,80773,300332002
2024-03-25,600760.SH,36.8,36.96,36.16,36.77,81084,296875622
2024-03-26,600760.SH,36.8,36.8,36.1,36.17,61795,224944259
2024-03-27,600760.SH,36.11,36.78,36.05,36.49,93066,339675395
2024-03-28,600760.SH,36.25,36.47,35.89,36.39,82603,299152014
2024-03-31,600760.SH,36.6,36.75,35.88,36.35,166183,603247797
2024-04-01,600760.SH,36.26,36.26,35.55,35.7,145668,521591884
2024-04-02,600760.SH,35.58,35.98,35.24,35.72,128470,457831438
2024-04-07,600760.SH,35.6,35.98,34.87,34.87,129454,456545525
2024-04-08,600760.SH,34.84,35.25,34.67,35.13,74084,259538097
2024-04-09,600760.SH,35.01,35.05,34.28,34.51,106397,367632972
2024-04-10,600760.SH,34.3,34.7,34.27,34.36,83960,289156062
2024-04-11,600760.SH,34.3,34.69,34.28,34.45,80337,277000990
2024-04-14,600760.SH,34.54,35.74,34.53,35.66,196168,693280250
2024-04-15,600760.SH,35.79,36.53,35.5,36.04,258863,936400290
2024-04-16,600760.SH,36.05,36.43,35.42,36.34,160399,578445273
2024-04-17,600760.SH,36.24,36.24,35.82,35.98,117393,422811672
2024-04-18,600760.SH,35.71,36.96,35.65,36.57,189159,689179878
2024-04-21,600760.SH,36.48,38.85,36.41,38.27,383643,1462003919
2024-04-22,600760.SH,37.92,38.51,37.62,38.02,157069,597001114
2024-04-23,600760.SH,37.96,38.28,37.7,38.23,127177,483952899
2024-04-24,600760.SH,38.13,38.75,37.83,38.21,135816,519910766
2024-04-25,600760.SH,38.16,38.57,37.86,37.96,162135,617705340
2024-04-28,600760.SH,37.95,38.5,37.5,38.35,169107,644330238
2024-04-29,600760.SH,38.35,39.32,38.35,38.7,163744,636710952
2024-05-05,600760.SH,38.96,39,38.21,38.63,138549,534355861
2024-05-06,600760.SH,38.51,39.99,38.42,39.79,227039,898335188
2024-05-07,600760.SH,39.67,40.25,39.26,39.76,151506,602197997
2024-05-08,600760.SH,39.61,40.92,39.3,40.82,209397,846142904
2024-05-09,600760.SH,40.58,40.89,39.7,40.06,156783,630254092
2024-05-12,600760.SH,39.72,40.75,39.26,40.35,127852,513761333
2024-05-13,600760.SH,40.19,40.5,39.51,39.97,94756,378593495
2024-05-14,600760.SH,39.75,40.2,39.5,39.55,68933,274211123
2024-05-15,600760.SH,39.57,39.69,39.11,39.42,85430,336589962
2024-05-16,600760.SH,39.43,40.25,39.26,40.15,97343,388184880
2024-05-19,600760.SH,40.16,40.62,39.71,40.17,111987,449384522
2024-05-20,600760.SH,40.05,40.51,39.83,40.09,98797,397352815
2024-05-21,600760.SH,40.16,40.21,39.81,40.11,61907,247516669
2024-05-22,600760.SH,40.1,40.3,39.4,39.45,78980,314573073
2024-05-23,600760.SH,39.46,39.49,38.5,38.51,88396,343430159
2024-05-26,600760.SH,38.45,38.91,38.28,38.78,71228,274927452
2024-05-27,600760.SH,38.7,39.5,38.52,39.09,75980,297423751
2024-05-28,600760.SH,38.88,39.26,38.85,39.05,36659,143088403
2024-05-29,600760.SH,38.8,40.2,38.7,39.8,111987,444215330
2024-05-30,600760.SH,39.79,40.2,39.51,39.6,67197,266932310
2024-06-02,600760.SH,39.5,40.12,39.46,39.78,65426,260724521
2024-06-03,600760.SH,39.83,41.34,39.66,40.85,164756,670395621
2024-06-04,600760.SH,40.65,42.35,40.65,41.85,241563,1011458366
2024-06-05,600760.SH,41.7,41.92,41.13,41.28,110315,456759579
2024-06-06,600760.SH,41.25,41.91,40.69,41.19,108627,449555176
2024-06-10,600760.SH,41.09,42.74,40.71,42.48,168969,708248489
2024-06-11,600760.SH,42.19,42.68,41.67,41.83,99311,417706584
2024-06-12,600760.SH,41.68,42.43,41.1,41.9,98279,412332681
2024-06-13,600760.SH,41.73,41.94,40.72,41.13,116956,480793366
2024-06-16,600760.SH,41.23,42.19,41.13,41.78,128843,538427249
2024-06-17,600760.SH,41.6,41.88,41.04,41.21,84594,350109677
2024-06-18,600760.SH,41.21,41.29,40.44,40.96,83144,339945040
2024-06-19,600760.SH,40.51,40.82,40.21,40.22,53661,217360693
2024-06-20,600760.SH,40.26,40.65,39.88,40.31,55812,224419906
2024-06-23,600760.SH,40.01,40.33,39.6,39.6,71433,285503940
2024-06-24,600760.SH,39.6,39.8,38.39,38.85,107711,419235620
2024-06-25,600760.SH,38.8,39.29,38.51,39.11,77235,300822533
2024-06-26,600760.SH,38.99,39.05,37.9,38.48,102347,392646545
2024-06-27,600760.SH,38.25,40.15,38.23,40.1,169831,671528015
2024-06-30,600760.SH,39.95,40.16,39.4,40.1,108543,431897627
2024-07-01,600760.SH,40.1,40.67,39.45,40.11,101497,406007080
2024-07-02,600760.SH,40,40.2,39.4,39.71,77704,307867814
2024-07-03,600760.SH,39.51,40.35,39.51,40.08,116276,465404838
2024-07-04,600760.SH,39.89,40.18,39.22,40.15,74258,295183472
2024-07-07,600760.SH,39.89,40.27,39.67,39.74,78573,313887948
2024-07-08,600760.SH,39.74,39.93,39.28,39.58,106921,423055373
2024-07-09,600760.SH,39.49,40.2,39.25,40.14,101159,402692484
2024-07-10,600760.SH,40.39,40.75,39.72,40.51,86532,349213729
2024-07-11,600760.SH,40.68,40.72,40.07,40.39,62739,253646899
2024-07-14,600760.SH,40.28,40.52,39.76,40.21,58673,235385483
2024-07-15,600760.SH,40,40.79,39.79,40.53,69225,279586213
2024-07-16,600760.SH,40.51,41.36,40.35,40.75,96609,394804473
2024-07-17,600760.SH,40.61,42.12,40.49,42,184358,765969843
2024-07-18,600760.SH,41.8,43.06,41.52,42.85,169521,719664722
2024-07-21,600760.SH,42.95,43.9,42.5,42.67,172418,742550490
2024-07-22,600760.SH,42.72,42.72,41.61,41.87,137721,579101396
2024-07-23,600760.SH,41.5,42.7,41.48,41.95,112498,474237768
2024-07-24,600760.SH,41.79,41.93,40.94,41.66,78060,323198765
2024-07-25,600760.SH,41.56,43.88,41.51,43.71,191891,828554735
2024-07-28,600760.SH,43.7,43.96,43.3,43.31,113387,493787951
2024-07-29,600760.SH,43.2,43.43,42.4,43.25,101107,434473199
2024-07-30,600760.SH,43.36,43.48,42.3,43.29,137799,591799102
2024-07-31,600760.SH,43.01,43.98,42.85,42.93,117315,509065942
2024-08-01,600760.SH,42.57,43.94,42.46,42.71,100904,434129530
2024-08-04,600760.SH,42.4,43.16,41.73,42.04,90169,382478991
2024-08-05,600760.SH,42.15,42.95,41.92,42.69,142686,605937066
2024-08-06,600760.SH,42.51,43.3,42.21,42.92,107490,462167577
2024-08-07,600760.SH,42.7,42.8,40.61,40.69,195984,806916611
2024-08-08,600760.SH,40.66,41.07,40.34,40.61,106298,431717568
2024-08-11,600760.SH,40.5,40.85,39.95,40.43,50544,204658878
2024-08-12,600760.SH,40.43,41.3,40.43,41.25,70110,287016070
2024-08-13,600760.SH,41.19,41.49,40.88,40.88,47953,197625694
2024-08-14,600760.SH,40.81,41.3,40.5,41.02,50974,208826560
2024-08-15,600760.SH,41.25,41.25,39.87,40,94867,381671161
2024-08-18,600760.SH,39.81,40.26,39.68,39.76,73879,295006776
2024-08-19,600760.SH,39.74,40,38.65,39.33,98497,384941829
2024-08-20,600760.SH,39.02,39.54,38.9,38.91,62737,245362291
2024-08-21,600760.SH,38.94,39.9,38.8,39.59,73524,290596292
2024-08-22,600760.SH,39.5,39.89,39.41,39.81,64928,257503083
2024-08-25,600760.SH,39.8,40.26,38.42,39.18,104661,408928404
2024-08-26,600760.SH,39.06,39.56,38.88,39.47,66125,260045950
2024-08-27,600760.SH,39.35,40.8,39.33,40.56,96120,388775469
2024-08-28,600760.SH,40.35,41.47,40.07,41.07,98364,404771615
2024-08-29,600760.SH,40.9,41.5,40.75,41.22,73108,300740592
2024-09-01,600760.SH,41.1,41.3,40.61,40.63,68787,281114567
2024-09-02,600760.SH,40.61,41.5,40.61,41.29,67970,280236403
2024-09-03,600760.SH,41.05,41.35,40.86,41.04,38273,157367828
2024-09-04,600760.SH,41.01,41.2,40.85,41.11,36630,150468674
2024-09-05,600760.SH,41.15,41.36,40.66,40.8,40666,166489155
2024-09-08,600760.SH,40.78,41.09,40.03,40.32,51213,207440811
2024-09-09,600760.SH,40.3,40.76,39.88,40.41,48791,196502559
2024-09-10,600760.SH,40.4,40.63,40.29,40.5,31430,127301885
2024-09-11,600760.SH,40.6,40.98,40.31,40.47,36400,147648816
2024-09-12,600760.SH,40.46,40.71,40.38,40.48,34084,138159720
2024-09-17,600760.SH,40.5,40.69,39.67,40.15,58446,234451436
2024-09-18,600760.SH,40.19,40.23,38.81,39.21,107955,423187558
2024-09-19,600760.SH,39,39.14,37.88,38.6,135627,518608304
2024-09-22,600760.SH,38.5,39.2,38.4,38.52,67590,261820727
2024-09-23,600760.SH,38.53,39.58,37.81,39.34,122864,476443910
2024-09-24,600760.SH,39.5,40.62,39.41,39.99,132096,529457602
2024-09-25,600760.SH,39.85,41.01,39.45,40.84,132876,533192041
2024-09-26,600760.SH,40.92,42.55,40.92,42.46,126270,530989144
2024-09-29,600760.SH,43.7,46.71,43.7,46.71,344120,1572645427
2024-10-07,600760.SH,51.38,51.38,48.06,51.38,407538,2066478642
2024-10-08,600760.SH,50.89,50.89,47.38,47.54,303627,1489670125
2024-10-09,600760.SH,47.49,50.29,46.17,48.11,365793,1766035730
2024-10-10,600760.SH,47.11,47.11,44.98,45.35,268830,1230509053
2024-10-13,600760.SH,46,47.99,45.77,47.6,362250,1713267228
2024-10-14,600760.SH,46.94,47.88,45.97,46.45,241172,1127321080
2024-10-15,600760.SH,45.58,46.57,45.18,45.59,158620,726754682
2024-10-16,600760.SH,45.7,46.84,45.6,45.65,141735,654218363
2024-10-17,600760.SH,45.64,48.18,45.45,47.16,233193,1092452037
2024-10-20,600760.SH,47.48,50.81,47.48,49.43,371219,1831055325
2024-10-21,600760.SH,49.16,49.2,47.87,48.25,220121,1065364907
2024-10-22,600760.SH,48.25,50.83,47.88,48.71,339685,1675385866
2024-10-23,600760.SH,48,48.3,46.97,47.48,213842,1016357752
2024-10-24,600760.SH,47.53,47.79,46.8,47.16,206078,971073353
2024-10-27,600760.SH,47.38,48.57,47.29,47.99,178164,853681311
2024-10-28,600760.SH,47.99,48.05,47.2,47.35,143631,682697428
2024-10-29,600760.SH,47.43,48.09,47.02,47.16,154657,734003352
2024-10-30,600760.SH,46.2,47.5,45.4,46.39,263176,1221474793
2024-10-31,600760.SH,46,46.68,45.69,45.73,151587,697396423
2024-11-03,600760.SH,46.3,49.59,46.3,48.76,373795,1798930647
2024-11-04,600760.SH,52.88,53.64,52.88,53.64,257091,1377754802
2024-11-05,600760.SH,59,59,58.48,59,555276,3276016100
2024-11-06,600760.SH,58,58,53.1,55.52,1265745,6940976302
2024-11-07,600760.SH,55.25,61.07,55.2,61.07,1575666,9353495020
2024-11-10,600760.SH,60.96,61.85,57.88,59.88,1228458,7330051429
2024-11-11,600760.SH,59.3,59.36,54,55.21,1124633,6306217724
2024-11-12,600760.SH,54.15,55.11,53.08,54.83,588846,3182292783
2024-11-13,600760.SH,54.88,54.92,51.87,52.13,528329,2803953260
2024-11-14,600760.SH,51.86,52.69,50.45,50.45,441477,2277620330
2024-11-17,600760.SH,50.52,52,49.04,49.34,468175,2372421005
2024-11-18,600760.SH,49.1,50.09,48.15,50.05,415368,2047543557
2024-11-19,600760.SH,49.58,50.97,49.11,50.8,379095,1900253233
2024-11-20,600760.SH,50.42,50.48,49.72,50.03,265738,1330035492
2024-11-21,600760.SH,49.63,51.47,49.01,49.4,430620,2164183266
2024-11-24,600760.SH,48.51,48.93,46.98,47.82,354416,1693143877
2024-11-25,600760.SH,47.57,48.4,47.52,47.58,185588,889977836
2024-11-26,600760.SH,47.58,49.5,47.08,49.48,336218,1635855128
2024-11-27,600760.SH,49.49,50.15,48.72,48.79,228506,1128786924
2024-11-28,600760.SH,48.48,49.97,47.95,49.49,240265,1180066138
2024-12-01,600760.SH,49.4,50.1,49.21,49.8,227618,1130734002
2024-12-02,600760.SH,49.7,49.76,48.09,48.55,233027,1135525459
2024-12-03,600760.SH,48.79,48.79,47.6,47.71,157348,756332717
2024-12-04,600760.SH,47.72,48.48,47.48,48.14,153148,734688144
2024-12-05,600760.SH,48.2,48.67,47.5,48.47,195108,939329613
2024-12-08,600760.SH,48.27,48.28,47.08,47.65,183379,872614955
2024-12-09,600760.SH,48.69,49.36,48,48.14,250541,1221412848
2024-12-10,600760.SH,47.98,48.7,47.76,48.49,165178,795023066
2024-12-11,600760.SH,48.99,50.72,48.99,50.51,462849,2323500989
2024-12-12,600760.SH,49.98,50.05,48.51,48.59,261615,1287884607
2024-12-15,600760.SH,48.6,49.75,48.35,49.44,211051,1039766294
2024-12-16,600760.SH,49.57,49.9,49.2,49.35,157503,780656153
2024-12-17,600760.SH,49.4,50.69,49.4,50,213503,1071308783
2024-12-18,600760.SH,49.5,49.85,48.85,49.64,168918,831910741
2024-12-19,600760.SH,49.48,50.28,49.33,50.09,158298,791536189
2024-12-22,600760.SH,49.96,49.96,48.31,48.49,175215,859617908
2024-12-23,600760.SH,48.25,48.69,48.12,48.58,115576,559379599
2024-12-24,600760.SH,48.56,48.99,47.78,48.17,120788,583466715
2024-12-25,600760.SH,49,50.67,49,49.6,329023,1644262736
2024-12-26,600760.SH,52.01,52.5,50.22,50.46,431817,2209956764
2024-12-29,600760.SH,50.59,51.4,49.6,50.1,250168,1260972709
2024-12-30,600760.SH,49.9,51.31,49.6,50.72,317542,1604228898
2025-01-01,600760.SH,50.17,50.17,47.88,48.32,232908,1135047342
2025-01-02,600760.SH,48.03,48.33,46.21,46.34,183708,867150404
2025-01-05,600760.SH,46.34,46.67,44.91,45.75,137920,631683496
2025-01-06,600760.SH,45.64,46.5,45.51,46.4,97490,449765361
2025-01-07,600760.SH,46.2,46.25,43.6,45.06,216569,969334651
2025-01-08,600760.SH,44.69,49.49,44.51,47.49,328663,1549311210
2025-01-09,600760.SH,46.85,48.48,46.85,47.15,174709,831044615
2025-01-12,600760.SH,46.5,47.86,46.07,46.93,129780,611146812
2025-01-13,600760.SH,46.95,48.38,46.88,48.28,150970,722197177
2025-01-14,600760.SH,48.29,48.43,47.5,47.5,101122,482996451
2025-01-15,600760.SH,47.59,47.99,46.99,47.16,88563,419646391
2025-01-16,600760.SH,47,48.19,46.9,47.98,133606,636715567
2025-01-19,600760.SH,48,48.09,47.4,47.71,104907,500466166
2025-01-20,600760.SH,47.76,47.87,46.77,47,107013,504594817
2025-01-21,600760.SH,46.9,47,45.59,46.9,166367,767328403
2025-01-22,600760.SH,47.26,47.45,46.8,47.17,128681,605716609
2025-01-23,600760.SH,46.83,47.24,46.68,46.93,95845,450230820
2025-01-26,600760.SH,47.2,47.2,46.35,46.56,68834,322146036
2025-02-04,600760.SH,46.8,46.97,45.8,46.59,116208,537903806
2025-02-05,600760.SH,46.55,48.48,46.12,47.95,187986,889470935
2025-02-06,600760.SH,47.65,48.35,47.44,47.94,169085,809955949
2025-02-09,600760.SH,47.94,48.28,47.6,48.18,135312,650092136
2025-02-10,600760.SH,48.01,48.01,47.11,47.2,115568,549179485
2025-02-11,600760.SH,47.03,47.27,46.57,47.22,120933,567407346
2025-02-12,600760.SH,47.22,48.02,47.06,47.22,169420,806201214
2025-02-13,600760.SH,47,47.2,46.14,46.31,178199,827328837
2025-02-16,600760.SH,46.32,46.5,45.1,45.4,252544,1151435875
2025-02-17,600760.SH,45.4,45.46,44.25,44.62,175604,787985238
2025-02-18,600760.SH,44.61,44.98,44.39,44.92,133143,596619822
2025-02-19,600760.SH,44.88,45.69,44.43,45.41,166990,754858503
2025-02-20,600760.SH,45.3,46.23,45,45.9,229123,1045068539
2025-02-23,600760.SH,45.86,45.98,45.13,45.36,127401,579689586
2025-02-24,600760.SH,45.08,45.28,44.25,44.7,206516,923195967
2025-02-25,600760.SH,44.44,44.67,43.93,44.25,208396,920350707
2025-02-26,600760.SH,44.3,44.39,43.51,44.05,183047,803788735
2025-02-27,600760.SH,44.05,44.36,43.49,43.54,181258,794987628
2025-03-02,600760.SH,43.58,44.07,43.33,43.58,118466,517261775
2025-03-03,600760.SH,43.8,45.1,43.6,44.88,287322,1279603798
2025-03-04,600760.SH,44.68,45.09,44.11,44.29,163495,727220500
2025-03-05,600760.SH,44.48,44.54,44,44.36,151545,671452032
2025-03-06,600760.SH,44.25,46.32,44.01,45.32,391934,1784746485
2025-03-09,600760.SH,45.59,46.29,45.01,45.17,197182,898730755
2025-03-10,600760.SH,44.88,46.61,44.69,46.31,307792,1412052528
2025-03-11,600760.SH,46.31,46.98,45.39,45.45,249854,1149004700
2025-03-12,600760.SH,45.48,45.66,44.77,45.08,167053,752483066
2025-03-13,600760.SH,45.08,45.44,44.59,45.17,190968,859327488
2025-03-16,600760.SH,45.17,46.07,44.97,45.24,178930,813849315
2025-03-17,600760.SH,45.26,45.35,44.7,44.75,154914,695986469
2025-03-18,600760.SH,44.76,44.79,44.08,44.19,158275,700834595
2025-03-19,600760.SH,44.1,45.1,44.08,44.45,166422,741883608
2025-03-20,600760.SH,44.02,44.49,43.68,43.97,181568,799926747
2025-03-23,600760.SH,44.03,44.25,43.35,43.85,126283,551829491
2025-03-24,600760.SH,43.83,44.18,43.6,43.77,120030,527167172
2025-03-25,600760.SH,43.78,44.02,43.56,43.93,78754,345199521
2025-03-26,600760.SH,43.93,43.99,43.34,43.6,100350,437746892
2025-03-27,600760.SH,43.6,43.67,43.03,43.42,130912,566102495
2025-03-30,600760.SH,42.91,43.13,42.26,42.28,169522,720770975
2025-03-31,600760.SH,43.68,45.13,43.68,44.49,496411,2209199629
2025-04-01,600760.SH,44.49,44.49,42.73,42.9,365893,1583101753
2025-04-02,600760.SH,42.68,43.16,42.53,42.94,136320,584860638
2025-04-06,600760.SH,41.68,42.63,39.06,41.24,346522,1428184421
2025-04-07,600760.SH,41.22,42,41.13,42,220872,917403460
2025-04-08,600760.SH,41.91,44.81,41.66,44.27,457739,2008231188
2025-04-09,600760.SH,44.26,45.1,43.57,44.6,345152,1534035330
2025-04-10,600760.SH,44.6,44.83,44.03,44.83,211089,938324451
2025-04-13,600760.SH,44.83,44.95,44.16,44.73,161586,721413549
2025-04-14,600760.SH,44.5,44.51,43.8,44,139512,613929316
2025-04-15,600760.SH,44.7,44.75,43.58,44.48,143286,630985349
2025-04-16,600760.SH,44.1,44.6,43.96,44.2,130769,578547982
2025-04-17,600760.SH,43.93,44.18,43.31,44.04,137804,603302984
2025-04-20,600760.SH,43.83,44.4,43.74,44.2,117985,521493418
2025-04-21,600760.SH,44,44.22,43.73,43.88,98396,432397418
2025-04-22,600760.SH,43.88,43.97,43.01,43.05,177453,767773267
2025-04-23,600760.SH,42.99,43.07,42.67,42.68,90521,387684431
2025-04-24,600760.SH,42.71,42.93,42.31,42.84,112461,479211115
2025-04-27,600760.SH,42.8,42.83,42.4,42.48,76615,326144594
2025-04-28,600760.SH,41.5,43,41.28,42.67,191636,808395893
2025-04-29,600760.SH,42.43,42.78,42.4,42.66,112384,478780635
2025-05-05,600760.SH,42.98,43.5,42.9,43.22,141744,612328280
2025-05-06,600760.SH,44.4,47.47,44.35,46.01,767306,3509814734
2025-05-07,600760.SH,46.15,49.66,45.13,48.66,892761,4217916831
2025-05-08,600760.SH,48.49,48.5,46.03,46.18,563906,2632971635
2025-05-11,600760.SH,46.58,50.7,46.25,50.07,1046664,5166128311
2025-05-12,600760.SH,49.5,49.5,47.54,47.81,643677,3097868544
2025-05-13,600760.SH,47.82,48.19,46.89,47.38,358606,1704567638
2025-05-14,600760.SH,47.09,47.75,46.69,46.92,263395,1241681743
2025-05-15,600760.SH,46.93,48.05,46.83,47.2,250931,1191750755
2025-05-18,600760.SH,47.76,48.96,47.47,47.69,432915,2085355888
2025-05-19,600760.SH,47.29,48.2,46.4,47.68,303367,1427007673
2025-05-20,600760.SH,47.16,48.29,46.89,47.99,287412,1373217920
2025-05-21,600760.SH,48,49.86,47.74,48.13,463833,2263195435
2025-05-22,600760.SH,47.8,48.85,47.8,48.01,290027,1399207563
2025-05-25,600760.SH,48.21,48.94,47.55,48.33,205712,993713046
2025-05-26,600760.SH,48.03,48.59,47.11,47.65,208082,991882176
2025-05-27,600760.SH,47.51,48.18,47.17,47.25,163510,779873891
2025-05-28,600760.SH,47.13,47.83,46.93,47.58,176384,837530171
2025-05-29,600760.SH,47.35,48.66,46.95,48.03,249312,1194038599
2025-06-02,600760.SH,48.5,50,48.25,49.38,373053,1840534169
2025-06-03,600760.SH,49.4,49.43,48.8,49.36,169510,833449271
2025-06-04,600760.SH,49.38,49.93,48.7,49.6,202335,1001597319
2025-06-05,600760.SH,50.5,51.5,49.97,50,327088,1653218009
2025-06-08,600760.SH,53,55,52.57,54.65,914536,4987457349
2025-06-09,600760.SH,53.55,53.81,52.37,52.89,535715,2839440474
2025-06-10,600760.SH,52.87,53.77,52.45,53.39,292088,1552323241
2025-06-11,600760.SH,53,54.45,52.96,53.28,275307,1478178039
2025-06-12,600760.SH,54.43,55.35,53.18,54.9,631931,3441901957
2025-06-15,600760.SH,54.9,55.15,53.25,54.49,406357,2218749153
2025-06-16,600760.SH,54.41,56.55,53.75,55.51,379413,2086909055
2025-06-17,600760.SH,55.5,56.87,54.71,55.28,396246,2208206670
2025-06-18,600760.SH,54.65,54.65,52.57,53.47,429699,2296161208
2025-06-19,600760.SH,53.4,53.8,52.77,53.07,231950,1231889352
2025-06-22,600760.SH,53.2,53.77,52.68,53.04,233812,1242400390
2025-06-23,600760.SH,52,54,51.84,52.9,325887,1725479761
2025-06-24,600760.SH,52.94,54.45,52.92,53.78,333214,1796101727
2025-06-25,600760.SH,53.81,55.28,53.74,53.77,305807,1668319880
2025-06-26,600760.SH,54.47,56,54.38,55.05,328739,1812972836
2025-06-29,600760.SH,55.6,58.91,55.6,58.62,454040,2632471893
2025-06-30,600760.SH,58.64,58.64,56.94,57.94,325516,1870649431
2025-07-01,600760.SH,57.46,57.75,56.49,56.67,213602,1215432617
2025-07-02,600760.SH,56.57,57.13,56.18,57.03,165406,938093940
2025-07-03,600760.SH,57.01,59.82,56.71,58.58,344676,2008329380
2025-07-06,600760.SH,58.59,60.71,57.98,60.1,347870,2088834191
2025-07-07,600760.SH,59.68,60.17,58.55,59.98,242692,1439640483
2025-07-08,600760.SH,60.08,61.28,59.41,59.44,247483,1493024997
2025-07-09,600760.SH,58.84,58.98,57.7,58.4,285383,1664585841
2025-07-10,600760.SH,58.38,59.05,58.04,58.2,228791,1339531521
2025-07-13,600760.SH,58.32,58.8,57.67,57.71,209256,1217309223
2025-07-14,600760.SH,57.51,58.18,57.15,58.13,206261,1190478726
2025-07-15,600760.SH,58.1,58.11,57.15,57.98,179033,1031901331
2025-07-16,600760.SH,57.81,63.78,57.65,63.78,792270,4916886192
2025-07-17,600760.SH,63.87,66.23,63.5,65.64,659938,4296114145
2025-07-20,600760.SH,64.45,66.23,64.45,64.99,483270,3156563080
2025-07-21,600760.SH,65,67.88,64.81,65.71,469414,3120820272
2025-07-22,600760.SH,65.07,65.5,62.8,63.12,558631,3565528537
2025-07-23,600760.SH,63.13,64.1,62.9,63.64,345192,2191822695
2025-07-24,600760.SH,64,64.4,63,63.3,254928,1617553238
2025-07-27,600760.SH,63.3,65.15,63.02,63.98,418791,2686439109
2025-07-28,600760.SH,63.9,66.18,63.44,66.14,519836,3385487446
2025-07-29,600760.SH,66.19,66.4,62.57,64.34,542099,3493656896
2025-07-30,600760.SH,63.2,65.18,63.2,64.72,328221,2107051727
2025-07-31,600760.SH,64.72,64.72,62.2,62.2,357727,2250667939
2025-08-03,600760.SH,61.99,63.57,61.99,63.38,276147,1743993683
2025-08-04,600760.SH,63.58,63.58,62.18,62.84,309893,1948805826
2025-08-05,600760.SH,62.85,65.04,62.61,64.72,440475,2828685433
2025-08-06,600760.SH,64.06,64.08,63.01,63.6,329851,2088120088
2025-08-07,600760.SH,63.4,63.5,62.6,62.68,229916,1446921353
2025-08-10,600760.SH,62.68,62.79,61.67,62.02,362233,2244732133
2025-08-11,600760.SH,61.8,61.8,59.5,59.87,582143,3496912373
2025-08-12,600760.SH,59.78,60.67,59.62,59.95,324988,1951784540
2025-08-13,600760.SH,59.55,60.7,58.72,59.85,393951,2351449074
2025-08-14,600760.SH,59.55,59.95,59.16,59.71,316393,1884179925
2025-08-17,600760.SH,60,61.35,59.79,60.83,443208,2685378653
2025-08-18,600760.SH,60.17,60.17,59.11,59.6,378671,2252574168
2025-08-19,600760.SH,59.62,60.82,59.1,60.14,381694,2295977600
2025-08-20,600760.SH,60.12,61.47,59.5,60.88,393659,2394118515
2025-08-21,600760.SH,60.88,62.88,59.9,62.54,525953,3227249200
2025-08-24,600760.SH,62.84,64.88,62.84,64.19,657848,4203453730
2025-08-25,600760.SH,64.17,64.17,62.35,62.51,341189,2145877972
2025-08-26,600760.SH,62.51,63.2,61.48,61.57,382509,2377648106
2025-08-27,600760.SH,61.46,62.3,59.62,62.13,425969,2581831310
2025-08-28,600760.SH,61.93,63.49,61.44,63.47,490305,3063402588
2025-08-31,600760.SH,63.47,66.27,61.23,64.4,628032,3991228066
2025-09-01,600760.SH,63.9,63.9,62,62.95,393531,2475094338
2025-09-02,600760.SH,63.57,63.88,56.66,57.08,667132,3947949074
2025-09-03,600760.SH,55.38,57.08,53.4,54.24,530022,2917313062
2025-09-04,600760.SH,54.25,55.45,53.65,54.6,293679,1609936892
2025-09-07,600760.SH,54.6,54.86,53.88,54.59,244798,1333545262
2025-09-08,600760.SH,54.63,56.9,54.36,55.67,356480,1994602216
2025-09-09,600760.SH,55.75,58.18,55.7,57.24,316933,1823985629
2025-09-10,600760.SH,57.25,58.86,56.82,58.84,278984,1619171135
2025-09-11,600760.SH,58.87,59.29,58.1,58.25,197416,1155613560
2025-09-14,600760.SH,58,59.05,57.77,58.39,162916,951882755
2025-09-15,600760.SH,58.3,58.39,57.03,57.89,154966,893516590
2025-09-16,600760.SH,57.9,58.57,57.53,58.5,149136,866243195
2025-09-17,600760.SH,58.47,59.77,58.01,58.65,262114,1545925559
2025-09-18,600760.SH,59.6,63.08,59.6,62.45,569575,3547301420
2025-09-21,600760.SH,62.1,63.95,62.02,63.74,388328,2451426879
2025-09-22,600760.SH,64.7,65.08,62.19,63.74,289172,1829557076
2025-09-23,600760.SH,63.15,65.5,62.32,64.14,259409,1659134492
2025-09-24,600760.SH,63.66,64.88,62.69,63.88,262056,1672368203
2025-09-25,600760.SH,64,65.97,63.31,64.48,317191,2057934379
2025-09-28,600760.SH,65,65.8,63.21,65.3,257281,1669031651
2025-09-29,600760.SH,65.29,71.83,65.09,71.83,639593,4465870026
2025-10-08,600760.SH,71,71.79,68,71.21,614821,4307808190
2025-10-09,600760.SH,70.64,73.66,70.1,71.19,495626,3551594051
2025-10-12,600760.SH,69.04,72.26,69,70.75,352326,2486115307
2025-10-13,600760.SH,70.55,70.89,67.47,67.72,392978,2708076999
2025-10-14,600760.SH,67.72,67.74,65.6,66.58,322030,2136193981
2025-10-15,600760.SH,67.88,69.3,66.99,67.14,369282,2520049463
2025-10-16,600760.SH,66.8,67.99,64.42,64.57,324573,2139511987
2025-10-19,600760.SH,65.2,65.75,63.9,64.51,210306,1362723573
2025-10-20,600760.SH,64.45,64.86,63.74,64.33,194841,1249287993
2025-10-21,600760.SH,64.23,64.23,62.88,63.1,168721,1066737447
2025-10-22,600760.SH,63.07,63.3,61.36,62.27,207710,1286926951
2025-10-23,600760.SH,63,64.11,62.88,63.15,242740,1539184930
2025-10-26,600760.SH,63.93,64.14,62.7,63.66,213064,1351044816
2025-10-27,600760.SH,63.67,66.16,63.45,64.88,391445,2541289808
2025-10-28,600760.SH,64.85,64.85,63.8,64.13,225399,1445653977
2025-10-29,600760.SH,63.39,64.1,61.63,62.61,309040,1942807333
2025-10-30,600760.SH,62.62,62.97,61.08,61.08,221190,1367643125
2025-11-02,600760.SH,61.08,61.7,60.6,61.41,159747,977378575
2025-11-03,600760.SH,61.2,61.3,59.94,60.29,153669,928837962
2025-11-04,600760.SH,59.7,60.7,59.58,60.38,116057,699031264
2025-11-05,600760.SH,60.38,61.02,60.37,60.66,128146,778013339
2025-11-06,600760.SH,60.41,60.52,59.65,59.82,151620,907906890
2025-11-09,600760.SH,59.8,60.2,58.62,59.63,161172,954659375
2025-11-10,600760.SH,59.7,60.06,58.88,58.93,128503,762335484
2025-11-11,600760.SH,58.88,58.92,57.62,58.32,150672,876529829
2025-11-12,600760.SH,58.28,58.8,58.03,58.45,91310,532880345
2025-11-13,600760.SH,58.47,60.61,58.41,59.04,309342,1840326178
2025-11-16,600760.SH,61.49,62.3,59.75,60.26,434427,2656441402
2025-11-17,600760.SH,60.3,60.4,57.98,59.38,248885,1470724353
2025-11-18,600760.SH,59.02,61.29,58.88,60.44,257850,1560556889
2025-11-19,600760.SH,59.6,60.25,58.91,58.95,163824,972296159
2025-11-20,600760.SH,58.02,59.2,57.4,57.9,186066,1084855020
2025-11-23,600760.SH,58.22,61.38,58.18,61.2,329899,1986334315
2025-11-24,600760.SH,60.59,60.59,59.59,60.37,248866,1492572291
2025-11-25,600760.SH,59.8,59.8,58.27,58.4,236827,1387467023
2025-11-26,600760.SH,58.04,59.35,58.03,58.53,149829,876586640
2025-11-27,600760.SH,58.53,58.9,58.17,58.71,107022,626404937
2025-11-30,600760.SH,58.7,58.95,58.01,58.23,126032,734143813
2025-12-01,600760.SH,58.1,58.34,57.57,57.58,117283,678488064
2025-12-02,600760.SH,57.55,57.57,55.82,55.95,193189,1090898881
2025-12-03,600760.SH,55.95,57.3,55.9,56.7,134550,762966967
2025-12-04,600760.SH,56.71,56.98,56.21,56.85,110268,624436971
2025-12-07,600760.SH,57.01,57.64,56.86,56.93,156397,893326746
2025-12-08,600760.SH,56.72,56.85,55.41,55.6,189362,1059763871
2025-12-09,600760.SH,55.56,55.96,55.03,55.82,154069,852889158
2025-12-10,600760.SH,55.77,56.08,54.33,54.4,200799,1104318379
2025-12-11,600760.SH,54.41,54.6,53.19,53.63,374739,2014622747
2025-12-14,600760.SH,53.21,54.53,53.21,54.33,304910,1648350112
2025-12-15,600760.SH,54.33,54.41,52.9,53.9,174598,934855199
2025-12-16,600760.SH,53.96,55.33,53.78,54.51,171017,930073279
2025-12-17,600760.SH,53.85,54.96,53.76,54.52,153589,835886994
2025-12-18,600760.SH,54.58,56.08,54.5,55.33,189007,1046425845
2025-12-21,600760.SH,55.55,55.63,54.8,54.86,149133,820819028
2025-12-22,600760.SH,54.87,55.06,53.76,54.01,163104,886062419
2025-12-23,600760.SH,53.95,55.69,53.73,55.65,218243,1200711972
2025-12-24,600760.SH,55.59,58.08,55.33,57.25,406286,2318978860
2025-12-25,600760.SH,57.48,57.48,56,56.63,231259,1312276685
2025-12-28,600760.SH,57.04,57.8,56.06,57.12,240735,1369224816
2025-12-29,600760.SH,57.12,57.33,55.82,56.45,224478,1269226216
2025-12-30,600760.SH,56.21,57.48,55.97,56.15,170041,959698661
2026-01-04,600760.SH,57.04,58.5,56.92,58.28,402092,2328451402
2026-01-05,600760.SH,58.1,61.04,57.5,60.1,429351,2533030010
2026-01-06,600760.SH,59.99,59.99,58.31,58.51,280845,1654001204
2026-01-07,600760.SH,58.45,63.38,58.31,61.81,578356,3550503049
2026-01-08,600760.SH,63.5,65.45,61.86,62.4,683517,4321337371
2026-01-11,600760.SH,63,63.1,61.5,62.67,460206,2865238133
2026-01-12,600760.SH,62.2,62.21,59.7,60,470917,2839695236
2026-01-13,600760.SH,59.81,61.88,58.98,59.78,374835,2270831952
2026-01-14,600760.SH,59.77,62.99,59.6,61.18,392997,2427883151
2026-01-15,600760.SH,60,60.94,58.75,58.93,378292,2244636575
2026-01-18,600760.SH,58.6,62.55,58.1,61.2,485417,2945661863
2026-01-19,600760.SH,60.55,62.3,59.45,60.45,278949,1688622741
2026-01-20,600760.SH,60.03,61.12,59.6,59.67,240494,1445675618
2026-01-21,600760.SH,59.55,61.59,59.5,60.83,284692,1729830101
2026-01-22,600760.SH,60.65,60.8,59.6,59.86,263939,1582401326
2026-01-25,600760.SH,59.6,59.77,56.92,56.92,431561,2494416912
2026-01-26,600760.SH,56.91,57.8,56.36,56.94,260383,1486339710
2026-01-27,600760.SH,57.06,57.09,55.68,55.97,303909,1705138541
2026-01-28,600760.SH,55.98,56.23,55.17,55.53,210222,1168847262
2026-01-29,600760.SH,55.5,55.76,54.3,54.98,182359,1002978593
2026-02-01,600760.SH,54.8,55.31,53.51,53.8,251650,1361845013
2026-02-02,600760.SH,53.99,54.61,53.87,54.53,174960,950301254
2026-02-03,600760.SH,54.39,55.86,54.2,55.5,217872,1202737854
2026-02-04,600760.SH,55.21,56.25,54.87,55.79,195584,1087161535
2026-02-05,600760.SH,55.38,55.63,54.82,55.1,144738,799338900
2026-02-08,600760.SH,55.63,55.98,55.12,55.36,165621,919522167
2026-02-09,600760.SH,55.67,56.29,55,56.08,237364,1323267233
2026-02-10,600760.SH,55.78,55.8,54.76,54.82,178644,982725725
2026-02-11,600760.SH,54.81,54.98,54.3,54.86,161587,883016455
2026-02-12,600760.SH,54.9,56.08,54.67,55.66,250571,1393846136
2026-02-23,600760.SH,55.93,56.65,55.37,56.28,204767,1150363708
2026-02-24,600760.SH,56.4,56.49,55.82,56.25,168450,946021743
2026-02-25,600760.SH,56.2,56.38,55.51,55.83,159042,889272388
2026-02-26,600760.SH,55.83,56.22,55,55.34,218544,1210999825
2026-03-01,600760.SH,57.56,58.34,56.22,57.95,636626,3659921480
2026-03-02,600760.SH,57.85,57.85,55.6,55.74,358200,2011928885
2026-03-03,600760.SH,55.09,57.33,54.63,56.87,309387,1734466159
2026-03-04,600760.SH,56.43,56.43,55.6,55.95,218846,1223581560
2026-03-05,600760.SH,55.64,56.38,55.09,55.56,178332,993809183
2026-03-08,600760.SH,55,55.18,53.7,54.19,209906,1139715466
2026-03-09,600760.SH,54,54.93,54,54.39,155716,847880244
2026-03-10,600760.SH,54.39,54.45,53.79,53.87,160962,867637182
2026-03-11,600760.SH,53.89,53.96,52.9,52.95,168300,895517780
2026-03-12,600760.SH,52.77,52.96,51.4,51.66,217285,1132058067
2026-03-15,600760.SH,51.68,51.85,50.82,51,162442,829864672
2026-03-16,600760.SH,51.02,51.21,50.32,50.5,149721,760162720
2026-03-17,600760.SH,50.5,50.89,49.8,50.87,158438,798341549
2026-03-18,600760.SH,50.48,50.69,49.44,49.49,138019,688465379
2026-03-19,600760.SH,49.4,49.69,47.42,47.58,272709,1316163413
2026-03-22,600760.SH,46.66,49.2,46.21,47.4,312878,1489039662
2026-03-23,600760.SH,47.95,48.34,47.26,47.81,146572,700547381
2026-03-24,600760.SH,47.87,49.15,47.71,49,196829,956462531
2026-03-25,600760.SH,48.89,48.89,47.5,47.76,133017,638684584
2026-03-26,600760.SH,47,48.06,46.89,47.82,89314,425822484
2026-03-29,600760.SH,47.63,48.5,47.32,48.12,101876,489502534
2026-03-30,600760.SH,48.75,50.44,48.75,49.1,277354,1378978730
2026-03-31,600760.SH,49.62,49.7,48.6,49.02,146446,716837028
2026-04-01,600760.SH,49.02,49.18,47.86,48.3,132359,641258222
2026-04-02,600760.SH,48.33,48.52,47.8,48.26,91799,441597717
2026-04-06,600760.SH,48.4,48.45,47.43,47.68,92792,442798883
2026-04-07,600760.SH,48.14,49.1,48.03,48.98,158198,770129492
2026-04-08,600760.SH,48.48,48.66,47.61,47.8,164077,787975096
2026-04-09,600760.SH,47.8,49.09,47.79,48.72,183784,893725383
2026-04-12,600760.SH,48.88,52.18,48.88,51.68,445731,2260795218
2026-04-13,600760.SH,51.05,51.47,50.91,51.39,263147,1346380955
2026-04-14,600760.SH,51.95,52.08,50.49,50.66,216842,1108303513
2026-04-15,600760.SH,50.66,50.94,50.1,50.5,161252,812685588
2026-04-16,600760.SH,50.51,51.4,50.21,50.93,202925,1030301305
2026-04-19,600760.SH,51,51.15,50.49,50.82,221064,1122590479
2026-04-20,600760.SH,50.7,50.95,49.88,49.95,176924,887199102
2026-04-21,600760.SH,49.78,49.96,49.28,49.8,173763,861660692
2026-04-22,600760.SH,49.85,50.2,48.91,49.33,221995,1099808230
2026-04-23,600760.SH,49.34,49.35,48.33,48.42,149484,725626220
2026-04-26,600760.SH,48.45,48.99,48.04,48.56,155853,755248175
2026-04-27,600760.SH,48.23,48.55,47.81,48.05,136243,656480645
2026-04-28,600760.SH,46.5,47.48,46.24,47.18,242592,1138749881
2026-04-29,600760.SH,47.1,47.47,46.8,46.97,162328,764148824
2026-05-05,600760.SH,47.89,48.53,47.89,48.22,226788,1093272788
2026-05-06,600760.SH,48.22,48.23,47.7,48,167726,803724589
2026-05-07,600760.SH,48.55,49.82,48.45,49.7,401736,1980170483
2026-05-10,600760.SH,50.45,50.45,49.2,49.37,309741,1535424209
2026-05-11,600760.SH,49.38,50.97,48.28,49.91,422438,2095169985
2026-05-12,600760.SH,49.67,49.68,48.7,49.07,240265,1178615959
2026-05-13,600760.SH,49.1,49.1,47.8,47.9,214650,1033909346
2026-05-14,600760.SH,47.78,47.89,47.13,47.29,161933,768461932
2026-05-17,600760.SH,47.3,47.63,46.41,46.63,167211,785069354
2026-05-18,600760.SH,46.83,47.12,46.51,47.1,109732,513558658
2026-05-19,600760.SH,46.8,46.99,45.88,45.89,187975,868427230
2026-05-20,600760.SH,45.9,46.33,45.8,45.96,153235,705329065
2026-05-21,600760.SH,45.99,46.26,45.27,45.44,160762,732743991
2026-05-24,600760.SH,45.45,45.45,44,44.22,237451,1054345778
2026-05-25,600760.SH,44,44.28,43.25,43.64,177102,772169272
2026-05-26,600760.SH,43.57,43.92,42.6,42.68,147272,633584841
2026-05-27,600760.SH,42.63,43.22,42.38,42.83,108421,464097740
2026-05-28,600760.SH,42.75,43.35,41.98,42.98,176854,756383586
2026-05-31,600760.SH,42.87,43.88,42.8,43.8,154621,671651963
2026-06-01,600760.SH,43.53,44,43.1,43.27,132234,574494102
2026-06-02,600760.SH,43.1,43.2,42.3,42.41,145113,619150785
2026-06-03,600760.SH,42.2,42.25,41.08,41.25,193859,802110985
2026-06-04,600760.SH,41.24,41.37,40.41,40.5,196690,805331429
2026-06-07,600760.SH,40.15,41.49,40.04,40.6,193832,791164699
2026-06-08,600760.SH,40.46,41.16,39.91,41.14,159122,644787005
2026-06-09,600760.SH,40.99,41.97,40.79,41.05,120580,496796975
2026-06-10,600760.SH,40.77,41.99,40.54,41.62,183875,760429121
2026-06-11,600760.SH,41.96,45,41.96,44.61,477643,2110641028
2026-06-14,600760.SH,43.69,44.35,43.14,43.28,255625,1113586767
2026-06-15,600760.SH,43.18,43.53,42.44,42.48,171997,738605044
2026-06-16,600760.SH,42.28,42.54,41.72,42.14,147253,619261310
2026-06-17,600760.SH,41.91,42.28,41.1,41.27,153473,637957563
2026-06-21,600760.SH,40.88,41.82,40.58,41.8,177124,728810444
2026-06-22,600760.SH,41.65,42.04,40.9,40.93,149384,616814382
2026-06-23,600760.SH,40.9,41.1,40.52,40.62,122840,499952143
2026-06-24,600760.SH,40.6,40.79,39.88,39.94,155028,622771005
2026-06-25,600760.SH,39.61,40.77,38.6,40.59,257438,1024239644
2026-06-28,600760.SH,40.4,40.85,39.35,40.04,154746,619525622
2026-06-29,600760.SH,39.92,41.36,39.92,41.1,195328,793689556
2026-06-30,600760.SH,41,41.89,40.6,41.28,175667,723663265
2026-07-01,600760.SH,41.08,41.68,40.78,40.78,155595,640295455
2026-07-02,600760.SH,40.78,41.75,40.76,41.63,201855,836595560
2026-07-05,600760.SH,41.63,41.89,40.81,40.83,141528,582440680
2026-07-06,600760.SH,40.83,40.93,40.01,40.39,126289,509418594
2026-07-07,600760.SH,40.39,40.39,39.81,39.81,88662,354765574
2026-07-08,600760.SH,39.75,39.95,39.06,39.75,126896,501131589
2026-07-09,600760.SH,39.53,41.35,39.25,40.35,226864,916372353
2026-07-12,600760.SH,40.2,40.2,38.91,39.12,174510,685086635
2026-07-13,600760.SH,38.99,39.06,38.38,38.86,111232,430253732
2026-07-14,600760.SH,38.33,40.15,38,39.79,207919,820333571
2026-07-15,600760.SH,39.61,40.09,39.5,39.95,122113,486359480
2026-07-16,600760.SH,39.8,40.73,39.66,40.21,203060,820502747
2026-07-19,600760.SH,40.59,42.27,40.5,41.99,292275,1221181055
2026-07-20,600760.SH,42.56,42.98,41.8,42.12,255593,1084877812
2026-07-21,600760.SH,41.92,42.95,41.6,42.74,179482,762323090
2026-07-22,600760.SH,42.74,43.6,42.3,43.34,186178,802060878
2026-07-23,600760.SH,43.8,43.99,42.94,43.3,200487,872468102
2026-07-26,600760.SH,43.7,43.8,42.76,43.27,135066,585027362
2026-07-27,600760.SH,43.2,43.46,42.44,43.46,163347,700820484
2026-07-28,600760.SH,43.8,44.16,43.35,43.85,161195,705328488
2026-07-29,600760.SH,43.5,44.44,43.45,44.11,138073,607977770
2026-07-30,600760.SH,43.68,43.99,43.4,43.44,147566,643625387
2026-08-02,600760.SH,43.3,43.59,43,43.35,113025,488643483
2026-08-03,600760.SH,43.35,43.65,42.94,43.06,115215,497515167
2026-08-04,600760.SH,43.05,43.15,42.4,42.52,163100,695905800
2026-08-05,600760.SH,42.5,42.88,42.19,42.65,128815,547765526
2026-08-06,600760.SH,42.5,43,42.03,42.56,126205,535689275
2026-08-09,600760.SH,42.57,45.37,42.42,45.1,330713,1459629628
2026-08-10,600760.SH,44.55,45.12,43.9,44.5,239126,1061701281
2026-08-11,600760.SH,44.3,44.8,44.12,44.16,97538,431896518
2026-08-12,600760.SH,44.22,45.53,43.92,44.36,229759,1027630702
2026-08-13,600760.SH,44.19,45.49,44.16,44.43,191926,861294592
2026-08-16,600760.SH,44.39,44.7,43.78,44.51,125067,554066282
2026-08-17,600760.SH,44.3,44.41,43.7,43.94,115854,509192578
2026-08-18,600760.SH,44,44.15,42.85,43.53,157642,682969880
2026-08-19,600760.SH,43.28,43.82,43.2,43.5,85363,372370537
2026-08-20,600760.SH,43.5,44.46,43.28,44.05,126690,558912464
2026-08-23,600760.SH,44.11,45.39,43.9,45.06,191869,862694146
2026-08-24,600760.SH,45,45.04,44.32,44.32,111161,495432474
2026-08-25,600760.SH,44.21,45.24,44.09,44.87,120634,539764819
2026-08-26,600760.SH,44.63,45.88,44.49,45.13,154559,698416546
2026-08-27,600760.SH,44.91,46.78,44.9,46.52,319971,1482837807
2026-08-30,600760.SH,46.4,47.05,46.16,46.92,189471,884154715
2026-08-31,600760.SH,46.7,47.83,46.69,47.63,186744,886114840
2026-09-01,600760.SH,47.64,49.52,47.32,48.1,338485,1635223288
2026-09-02,600760.SH,48,48.47,47.27,48.02,170522,816065314
2026-09-03,600760.SH,47.9,48.8,47.8,48.26,178463,863222592
2026-09-06,600760.SH,48.15,48.15,46.88,47.11,174839,826700974
2026-09-07,600760.SH,47.35,48.18,47.12,48.11,146796,701819081
2026-09-08,600760.SH,48.1,49.55,47.8,48.91,212547,1039089392
2026-09-09,600760.SH,48.7,49.38,48.57,48.6,137165,670343831
2026-09-10,600760.SH,48.58,48.9,47.63,48.02,147660,709269144
2026-09-13,600760.SH,47.9,48.25,45.43,45.5,274321,1267169847
2026-09-14,600760.SH,45.48,45.77,44.76,44.8,127797,577364035
2026-09-15,600760.SH,44.71,44.99,43.83,44.37,153078,676427671
2026-09-16,600760.SH,44.34,44.66,43.77,44,95746,422363255
2026-09-17,600760.SH,44.05,44.37,43.74,43.9,127550,561380792
2026-09-20,600760.SH,43.9,45.69,43.75,45,155865,699187813
2026-09-21,600760.SH,45,45.33,44.25,44.71,104288,464635608
2026-09-22,600760.SH,44.71,44.73,44.01,44.08,83148,367693217
2026-09-23,600760.SH,44,44.08,42.71,43.03,139106,601149777
2026-09-27,600760.SH,42.7,43.49,42.7,43.34,92601,399746908
2026-09-28,600760.SH,43.22,43.6,41.94,42.65,131466,558276917
2026-09-29,600760.SH,42.65,43.87,42.57,43.63,120234,523646109
2022-08-16,600893.SH,51.9,52.14,50.66,51.4,177450,908070825
2022-08-17,600893.SH,51.4,52.1,50.9,51.14,170780,874325314
2022-08-18,600893.SH,51.19,51.55,49.6,49.68,195039,980259048
2022-08-21,600893.SH,49.5,51.17,49.3,50.71,188430,951633930
2022-08-22,600893.SH,50.58,51.46,49.93,50.69,161988,820222108
2022-08-23,600893.SH,50.49,50.58,47.54,47.74,331661,1613936630
2022-08-24,600893.SH,47.74,48.4,47.1,47.95,171575,818438377
2022-08-25,600893.SH,48,49.33,47.6,48.17,191482,923827621
2022-08-28,600893.SH,47.7,50.53,47.01,49.91,336675,1667680337
2022-08-29,600893.SH,50.2,50.3,47.85,47.88,225608,1099955581
2022-08-30,600893.SH,47.88,48.18,45.66,45.97,256887,1196316786
2022-08-31,600893.SH,46.02,46.88,45.6,45.88,160993,743413560
2022-09-01,600893.SH,45.8,46.13,44.79,45.22,222199,1006002215
2022-09-04,600893.SH,44.8,46.55,44.8,45.77,209004,957054008
2022-09-05,600893.SH,46.1,47.97,45.82,47.14,243003,1145738789
2022-09-06,600893.SH,46.71,47.6,46.68,47.24,196525,928366269
2022-09-07,600893.SH,47.12,48.4,47.01,47.76,220280,1054091802
2022-09-08,600893.SH,47.78,48.96,47.38,48.03,177969,855484567
2022-09-12,600893.SH,48.2,49.23,47.99,49,203259,990192428
2022-09-13,600893.SH,48.4,49.42,48.2,49.23,230866,1129538268
2022-09-14,600893.SH,49.17,49.17,46.53,47.2,254469,1206725469
2022-09-15,600893.SH,47,48.1,46.72,46.88,221611,1052502811
2022-09-18,600893.SH,46.51,47.55,45.6,46.01,137205,634240042
2022-09-19,600893.SH,46.38,46.6,45.03,45.75,138498,635813551
2022-09-20,600893.SH,45.42,45.74,43.77,44.8,210529,937301781
2022-09-21,600893.SH,44.55,47.1,44.55,46.6,267168,1240133766
2022-09-22,600893.SH,46.49,48.44,46.25,46.74,206879,976111290
2022-09-25,600893.SH,46.22,46.68,45.02,45.29,155876,714820071
2022-09-26,600893.SH,45.29,46.56,45.29,46.47,141844,654196343
2022-09-27,600893.SH,46.18,47.17,43.87,43.98,203783,914638421
2022-09-28,600893.SH,44.35,44.88,42.89,43.38,207952,908448166
2022-09-29,600893.SH,43.56,43.64,41.84,41.95,161512,685192749
2022-10-09,600893.SH,42.5,42.52,40.9,41.44,155787,647582966
2022-10-10,600893.SH,41.58,41.84,40.73,41.5,127842,528217093
2022-10-11,600893.SH,41.52,42.6,40.51,42.59,159764,663485910
2022-10-12,600893.SH,42.23,45,42.16,43.29,243818,1067552324
2022-10-13,600893.SH,43.5,45.54,43.3,45.21,218610,975695788
2022-10-16,600893.SH,45.21,47.08,45.02,46.62,257974,1198393485
2022-10-17,600893.SH,46.6,46.65,45.98,46.32,128624,595795847
2022-10-18,600893.SH,46.22,47.18,45.79,46.04,135103,626804785
2022-10-19,600893.SH,45.8,46.89,45.15,46.12,174833,805954058
2022-10-20,600893.SH,46.13,46.28,44.64,45.5,191592,868703688
2022-10-23,600893.SH,46.28,49.3,46.28,48.45,520220,2504224786
2022-10-24,600893.SH,48.45,48.89,47.35,48.1,282899,1360423655
2022-10-25,600893.SH,48,49.08,47.39,48.31,299151,1442806227
2022-10-26,600893.SH,48.4,48.49,46.9,47.81,265419,1265767038
2022-10-27,600893.SH,47.6,48.36,46.61,46.98,182646,867610336
2022-10-30,600893.SH,44.9,49.23,43,48.64,533609,2493922347
2022-10-31,600893.SH,48.5,49.07,47.04,47.75,325471,1562172241
2022-11-01,600893.SH,47.5,48.03,46.61,47.08,293380,1380377580
2022-11-02,600893.SH,46.8,48.08,46.58,47.79,233195,1107365769
2022-11-03,600893.SH,47.58,48.1,47.11,48.07,223852,1068985781
2022-11-06,600893.SH,48.3,49.16,46.45,47.06,305948,1442977876
2022-11-07,600893.SH,47.07,47.31,46.31,47.01,161316,755256720
2022-11-08,600893.SH,47.49,47.8,46.28,46.31,168863,791492432
2022-11-09,600893.SH,46,46,44.35,44.96,263486,1186303742
2022-11-10,600893.SH,45.97,46.01,44.79,45.07,180654,818121692
2022-11-13,600893.SH,44.9,45.49,43.51,43.8,309125,1366956622
2022-11-14,600893.SH,43.69,44.7,43.56,44.21,275568,1218259021
2022-11-15,600893.SH,44.44,45.27,44.09,44.5,299378,1336462603
2022-11-16,600893.SH,44.11,44.89,43.08,44.79,222178,975876532
2022-11-17,600893.SH,44.65,44.96,43.85,43.85,171365,758411522
2022-11-20,600893.SH,43.36,44.76,43.25,44.5,176034,781184231
2022-11-21,600893.SH,44.5,46,44.1,45.1,267442,1208025989
2022-11-22,600893.SH,44.88,45.73,44.5,45.36,184921,835171727
2022-11-23,600893.SH,45.37,45.7,44.81,45,113593,512607633
2022-11-24,600893.SH,44.91,45.2,44.01,44.17,175384,779939710
2022-11-27,600893.SH,43.5,45.06,43.34,45.03,185461,827526241
2022-11-28,600893.SH,45.03,45.77,44.63,44.9,193164,869084236
2022-11-29,600893.SH,45.1,45.66,44.5,45.59,219265,990437987
2022-11-30,600893.SH,45.35,45.96,45.35,45.57,156942,716142652
2022-12-01,600893.SH,45.59,45.79,44.11,44.2,200052,895823978
2022-12-04,600893.SH,44.53,44.77,43.88,44.4,206709,915747931
2022-12-05,600893.SH,44.47,45.13,43.81,45.1,217808,970776332
2022-12-06,600893.SH,44.89,45.39,44.79,45.02,131139,590561452
2022-12-07,600893.SH,44.85,45.15,44.38,44.62,121325,542261578
2022-12-08,600893.SH,44.62,44.75,43.38,44,248959,1090860890
2022-12-11,600893.SH,43.9,44.28,43.03,43.62,207209,904622899
2022-12-12,600893.SH,43.5,43.8,42.73,43.01,168067,724124951
2022-12-13,600893.SH,43.01,43.8,42.96,43.18,114822,497980027
2022-12-14,600893.SH,43.21,43.43,42.8,42.95,112992,485616690
2022-12-15,600893.SH,42.9,42.9,42.12,42.76,118022,501253417
2022-12-18,600893.SH,42.7,43,41.55,41.78,118336,498457345
2022-12-19,600893.SH,41.61,42.23,41.45,41.81,76680,320425050
2022-12-20,600893.SH,41.68,42.07,41.12,41.36,87601,363290967
2022-12-21,600893.SH,41.55,42.1,40.55,41.58,132137,546863671
2022-12-22,600893.SH,41.21,41.81,41.13,41.5,106086,439259532
2022-12-25,600893.SH,41.5,42.42,41.4,42.25,149086,625735913
2022-12-26,600893.SH,42.25,42.48,41.81,41.97,115978,487677351
2022-12-27,600893.SH,42.07,42.12,40.95,41.15,177437,734880027
2022-12-28,600893.SH,41,42.68,40.96,42.27,213932,896851996
2022-12-29,600893.SH,42.3,42.76,42.15,42.28,93330,395489814
2023-01-02,600893.SH,42.17,44.1,42.1,43.78,253696,1103005039
2023-01-03,600893.SH,43.69,44.1,43.3,43.84,166403,727313533
2023-01-04,600893.SH,43.68,44.32,43.5,44.14,143592,631894660
2023-01-05,600893.SH,43.89,44.3,43.58,43.97,120807,531475402
2023-01-08,600893.SH,43.9,44.18,42.2,42.54,263842,1130237893
2023-01-09,600893.SH,42.54,42.66,41.18,41.81,285582,1188104323
2023-01-10,600893.SH,41.64,42.24,41.21,41.31,164002,682374545
2023-01-11,600893.SH,42.16,42.42,41.31,41.44,147955,617665633
2023-01-12,600893.SH,41.53,41.75,41.04,41.72,102936,426789119
2023-01-15,600893.SH,41.62,43.22,41.62,42.63,283550,1202780994
2023-01-16,600893.SH,42.63,43.66,42.36,43.21,161684,697108395
2023-01-17,600893.SH,43.3,43.34,42.85,43.16,103813,448342668
2023-01-18,600893.SH,43.06,43.76,42.98,43.6,124131,538435117
2023-01-19,600893.SH,43.6,43.96,43.43,43.8,114466,500526147
2023-01-29,600893.SH,44.2,45.97,44,45.29,300858,1356299539
2023-01-30,600893.SH,45,45.74,44.89,45.35,179940,816190577
2023-01-31,600893.SH,45.39,46,44.84,45.96,207080,941157437
2023-02-01,600893.SH,46.19,46.25,44.91,45.28,224465,1016523232
2023-02-02,600893.SH,45.04,46.88,44.69,46.76,375624,1731694056
2023-02-05,600893.SH,46.56,46.66,45.64,45.87,209361,963346175
2023-02-06,600893.SH,45.97,46.01,45.15,45.44,147482,670352656
2023-02-07,600893.SH,45.44,45.44,44.41,44.67,167197,748553435
2023-02-08,600893.SH,44.51,45.62,44.5,45.31,140133,634287902
2023-02-09,600893.SH,45.2,45.66,44.98,45,110563,500471220
2023-02-12,600893.SH,45.15,45.71,45,45.19,128804,583071921
2023-02-13,600893.SH,45.39,45.39,44.79,44.96,75679,340039538
2023-02-14,600893.SH,44.97,45.56,44.53,45.54,151199,681551625
2023-02-15,600893.SH,45.4,45.68,44.25,44.6,209078,944700160
2023-02-16,600893.SH,44.6,44.95,44.1,44.36,115567,514423341
2023-02-19,600893.SH,44.36,45,43.93,45,142638,634076718
2023-02-20,600893.SH,44.99,45.97,44.89,45.52,170262,775739589
2023-02-21,600893.SH,45.22,45.86,45.22,45.74,154218,704334440
2023-02-22,600893.SH,45.68,45.8,45.28,45.56,94681,431595159
2023-02-23,600893.SH,45.66,46.88,45.65,45.94,235758,1092900018
2023-02-26,600893.SH,45.88,46.31,45.25,45.51,170283,778126420
2023-02-27,600893.SH,45.32,46.29,45.32,45.9,122863,561847979
2023-02-28,600893.SH,45.9,46.2,45.7,46.18,100959,464672467
2023-03-01,600893.SH,46.22,47.17,46.18,46.66,229311,1072028765
2023-03-02,600893.SH,46.63,47.8,46.26,47.39,234475,1107834016
2023-03-05,600893.SH,47.84,48.28,46.85,47.32,233885,1109257116
2023-03-06,600893.SH,47.03,47.16,46.12,46.31,239729,1118306942
2023-03-07,600893.SH,46.05,47.07,46.03,46.54,109062,507214253
2023-03-08,600893.SH,46.52,46.59,45.79,46.09,121107,559279284
2023-03-09,600893.SH,45.99,46.3,45.32,45.33,119328,546237606
2023-03-12,600893.SH,45.29,46.29,45.28,46.29,92269,423771104
2023-03-13,600893.SH,46.2,46.3,45.31,46.02,116422,532641237
2023-03-14,600893.SH,46.02,46.38,45.55,45.66,103419,473880561
2023-03-15,600893.SH,45.38,45.65,44.35,44.72,130941,586626782
2023-03-16,600893.SH,44.8,45.48,44.7,44.98,84929,382975931
2023-03-19,600893.SH,44.99,45.19,44.34,44.58,75688,338385447
2023-03-20,600893.SH,45.53,47.13,45.5,46.46,226642,1055086244
2023-03-21,600893.SH,46.46,46.5,44.85,45.03,226713,1029550232
2023-03-22,600893.SH,44.8,45.65,44.48,45.62,182567,821562312
2023-03-23,600893.SH,45.55,45.91,44.94,45.76,125452,570145231
2023-03-26,600893.SH,45.53,45.89,44.81,44.88,115431,520503321
2023-03-27,600893.SH,44.8,45.18,44.16,44.3,123425,551477194
2023-03-28,600893.SH,44.2,44.28,43.2,43.5,154649,673559072
2023-03-29,600893.SH,43.48,43.79,43.04,43.55,100176,435098595
2023-03-30,600893.SH,43.4,43.4,42.8,43.15,140079,602899393
2023-04-02,600893.SH,43.16,43.72,42.9,43.65,156658,677875675
2023-04-03,600893.SH,43.54,43.54,42.6,42.9,165185,709107309
2023-04-05,600893.SH,42.88,43.86,42.5,43.74,156976,680066131
2023-04-06,600893.SH,43.66,44.04,43.5,43.69,96730,423390994
2023-04-09,600893.SH,43.99,44.51,43.63,43.7,120580,531533965
2023-04-10,600893.SH,43.76,43.76,43.09,43.2,81424,352298478
2023-04-11,600893.SH,43.22,43.36,42.8,42.97,81814,352132302
2023-04-12,600893.SH,43.01,43.5,42.7,43.05,80311,345781648
2023-04-13,600893.SH,43.03,43.13,42.7,43.09,70766,303810820
2023-04-16,600893.SH,43.1,43.48,42.89,43.45,87308,377352778
2023-04-17,600893.SH,43.45,43.58,42.87,43.39,105488,455762399
2023-04-18,600893.SH,43.2,43.28,42.59,42.8,108955,466318448
2023-04-19,600893.SH,42.8,43.43,42.1,43.07,159777,682126687
2023-04-20,600893.SH,43.06,44.99,42.98,43.67,313438,1385813777
2023-04-23,600893.SH,43.75,44.03,42.2,43.2,175056,757330953
2023-04-24,600893.SH,43.07,43.77,42.02,42.3,148860,636933334
2023-04-25,600893.SH,42,43.88,41.81,43.18,155101,673228762
2023-04-26,600893.SH,43.03,44.18,43.02,44.06,158252,694126842
2023-04-27,600893.SH,44.23,44.23,43.46,43.76,108522,474788159
2023-05-03,600893.SH,43.62,43.68,42.55,42.88,149360,642060379
2023-05-04,600893.SH,42.97,42.97,41.99,42.16,113552,480960929
2023-05-07,600893.SH,42.18,43.25,42.18,43.1,165774,711163475
2023-05-08,600893.SH,43.18,44.65,42.95,43.14,238639,1048749924
2023-05-09,600893.SH,43,43.2,42.41,42.61,127970,546547237
2023-05-10,600893.SH,42.69,42.73,42.13,42.25,80728,341691256
2023-05-11,600893.SH,42.27,42.38,40.9,41.25,193187,799552503
2023-05-14,600893.SH,41.1,42.56,41.01,42.5,130803,547965396
2023-05-15,600893.SH,42.5,42.51,41.95,42.11,61758,260793955
2023-05-16,600893.SH,42.07,42.93,41.92,42.57,123720,525753620
2023-05-17,600893.SH,42.5,42.5,41.7,41.9,103931,436012951
2023-05-18,600893.SH,41.88,42.33,41.53,42.05,96578,406721669
2023-05-21,600893.SH,41.9,42.08,41.6,41.8,63412,265129190
2023-05-22,600893.SH,41.82,41.86,41.1,41.1,71498,295547775
2023-05-23,600893.SH,41.1,41.1,40.2,40.2,108998,442844562
2023-05-24,600893.SH,40.2,41.15,39.81,40.89,130833,530822815
2023-05-25,600893.SH,40.99,41.32,39.99,40.43,139986,565436362
2023-05-28,600893.SH,40.81,41.38,40.13,40.3,97880,398206456
2023-05-29,600893.SH,39.93,40.35,39.05,39.68,141519,560472252
2023-05-30,600893.SH,39.72,40.45,39.69,39.75,87956,351853624
2023-05-31,600893.SH,39.61,40.79,39.54,40.35,100992,407110166
2023-06-01,600893.SH,40.34,41.17,40.23,40.84,126288,515476569
2023-06-04,600893.SH,41.09,41.1,39.82,39.92,125614,505364875
2023-06-05,600893.SH,39.92,40.06,39.45,39.66,88806,353468908
2023-06-06,600893.SH,39.56,39.66,39.06,39.58,94442,371281294
2023-06-07,600893.SH,39.4,39.77,39.19,39.53,67380,265656756
2023-06-08,600893.SH,39.55,40.31,39.03,40.19,125546,496842301
2023-06-11,600893.SH,40,40,39.33,39.41,89668,355213280
2023-06-12,600893.SH,39.39,39.57,39.11,39.48,75114,295219166
2023-06-13,600893.SH,39.5,39.65,39.2,39.23,61572,242350799
2023-06-14,600893.SH,39.3,40,39.1,39.9,107668,426059196
2023-06-15,600893.SH,39.85,41.12,39.75,40.79,198974,807734861
2023-06-18,600893.SH,40.78,41.11,39.98,40.1,156813,633151392
2023-06-19,600893.SH,40.15,41.3,39.95,41.18,215512,880273378
2023-06-20,600893.SH,41,41.26,40.41,40.52,144405,590616538
2023-06-25,600893.SH,40.51,40.94,40.2,40.4,105881,429622437
2023-06-26,600893.SH,40.44,41.22,40.2,40.83,126421,515280072
2023-06-27,600893.SH,40.86,41.72,40.5,41.34,162846,671570872
2023-06-28,600893.SH,41.27,41.75,41.08,41.12,165649,684821242
2023-06-29,600893.SH,41.15,42.88,41.15,42.26,282597,1194323039
2023-07-02,600893.SH,42.66,43.4,42.26,42.84,249403,1071175714
2023-07-03,600893.SH,42.75,43.14,42.57,42.91,164114,704171664
2023-07-04,600893.SH,42.88,43,42.39,42.56,106118,453242750
2023-07-05,600893.SH,42.6,42.85,42.05,42.27,105638,447621696
2023-07-06,600893.SH,42.38,42.49,41.73,41.78,112536,472478065
2023-07-09,600893.SH,42,42.39,41.62,42.05,88895,373137559
2023-07-10,600893.SH,42.08,42.48,41.97,42.39,69421,293796420
2023-07-11,600893.SH,42.43,42.46,41.41,41.52,86638,362303909
2023-07-12,600893.SH,41.52,41.86,41.52,41.77,64402,268590683
2023-07-13,600893.SH,41.76,41.96,41.45,41.5,75861,316060924
2023-07-16,600893.SH,41.35,41.76,41.09,41.26,51721,213570039
2023-07-17,600893.SH,41.18,41.75,41.05,41.46,55048,228457376
2023-07-18,600893.SH,41.32,41.61,41.15,41.48,55445,229378914
2023-07-19,600893.SH,41.5,41.79,40.41,40.58,96072,393555282
2023-07-20,600893.SH,40.48,40.71,40.1,40.34,69503,280992453
2023-07-23,600893.SH,40.34,40.81,40.03,40.27,73581,297527011
2023-07-24,600893.SH,40.55,40.65,40.11,40.58,79606,321684054
2023-07-25,600893.SH,40.53,40.66,40.31,40.45,53420,216220030
2023-07-26,600893.SH,40.63,41.06,40.2,40.27,88007,356989396
2023-07-27,600893.SH,40.12,40.71,39.72,40.56,108606,437712395
2023-07-30,600893.SH,40.56,40.94,40.18,40.44,137488,557069709
2023-07-31,600893.SH,40.48,40.99,40.45,40.6,106320,432946946
2023-08-01,600893.SH,40.42,40.7,39.79,39.85,123268,493415474
2023-08-02,600893.SH,39.83,40,39.72,39.89,86141,343558090
2023-08-03,600893.SH,40.13,40.44,39.8,40,74381,297816185
2023-08-06,600893.SH,40,40.04,39.7,39.93,78226,311635050
2023-08-07,600893.SH,39.92,40.15,39.4,40.02,87015,346428012
2023-08-08,600893.SH,39.9,40.19,39.82,40.18,81284,325631082
2023-08-09,600893.SH,40.18,40.54,39.79,39.91,76596,307066647
2023-08-10,600893.SH,39.9,39.99,39.13,39.18,77937,307900323
2023-08-13,600893.SH,38.91,39.55,38.91,39.53,69985,274690249
2023-08-14,600893.SH,39.4,39.62,38.62,38.8,88388,344822468
2023-08-15,600893.SH,38.79,38.87,38.03,38.08,78808,302574360
2023-08-16,600893.SH,38.02,39.98,37.75,39.81,213234,836578599
2023-08-17,600893.SH,39.6,40.19,39.4,39.55,96008,382530896
2023-08-20,600893.SH,39.68,39.84,38.62,38.7,69964,274300895
2023-08-21,600893.SH,38.75,39.77,38.6,39.5,101234,396974569
2023-08-22,600893.SH,39.3,39.51,38.22,38.24,95931,371722697
2023-08-23,600893.SH,38.26,38.88,37.83,38.42,70714,271757482
2023-08-24,600893.SH,38.25,38.85,37.52,37.75,88986,338674536
2023-08-27,600893.SH,39.99,40.09,37.67,37.8,137812,532432080
2023-08-28,600893.SH,37.8,39.2,37.8,38.8,112368,434300047
2023-08-29,600893.SH,38.81,39.45,38.81,39.26,133335,522874644
2023-08-30,600893.SH,39.32,39.5,38.97,39.24,82379,323227642
2023-08-31,600893.SH,39.32,39.35,38.78,38.91,69548,271241553
2023-09-03,600893.SH,39.14,39.85,39.14,39.63,90932,359787528
2023-09-04,600893.SH,39.6,39.84,39.41,39.57,59634,236398703
2023-09-05,600893.SH,39.57,40.15,39.2,39.93,101327,403206218
2023-09-06,600893.SH,39.79,39.96,39.39,39.4,83585,331228438
2023-09-07,600893.SH,39.4,40.13,39.36,39.76,97532,388385629
2023-09-10,600893.SH,39.76,39.8,38.9,39.05,132646,519718743
2023-09-11,600893.SH,39.07,39.09,38.52,38.94,75970,295040282
2023-09-12,600893.SH,38.81,38.92,38.16,38.53,80184,308254552
2023-09-13,600893.SH,38.5,38.76,38.35,38.51,55373,213432973
2023-09-14,600893.SH,38.6,38.67,38.18,38.34,65504,251154245
2023-09-17,600893.SH,38.26,38.42,37.93,38,65095,248330640
2023-09-18,600893.SH,37.97,38.1,37.53,37.59,79364,299180766
2023-09-19,600893.SH,37.51,37.67,36.7,36.71,119208,441129562
2023-09-20,600893.SH,36.78,37.26,36.5,36.51,102034,375163733
2023-09-21,600893.SH,36.42,37.3,36.4,37.14,97585,360005293
2023-09-24,600893.SH,37.09,37.31,36.66,36.72,72754,268591594
2023-09-25,600893.SH,36.7,36.78,36.45,36.51,46643,170561910
2023-09-26,600893.SH,36.49,36.98,36.47,36.58,54580,200075955
2023-09-27,600893.SH,36.74,37.2,36.5,37.15,86670,319795410
2023-10-08,600893.SH,37.21,37.47,36.73,37.23,94658,352017952
2023-10-09,600893.SH,37.24,37.56,36.94,37.14,61388,228275699
2023-10-10,600893.SH,37.21,37.21,36.23,36.46,121084,444464229
2023-10-11,600893.SH,36.55,36.95,36.55,36.92,73086,268730691
2023-10-12,600893.SH,36.8,36.8,35.89,36.1,93975,340103159
2023-10-15,600893.SH,36.16,36.33,35.7,35.82,77252,277805967
2023-10-16,600893.SH,35.75,35.95,35.28,35.9,70969,252394033
2023-10-17,600893.SH,35.72,35.87,35.15,35.19,66448,235158466
2023-10-18,600893.SH,35.05,35.39,34.42,34.49,107704,375490702
2023-10-19,600893.SH,34.36,34.67,34.07,34.28,102308,351141489
2023-10-22,600893.SH,34.27,34.74,33.94,34.25,99280,340620326
2023-10-23,600893.SH,34.3,34.55,33.82,34.37,79163,270823158
2023-10-24,600893.SH,34.56,35.25,34.5,35.02,95116,332610308
2023-10-25,600893.SH,34.87,35.31,34.63,35.28,59003,206355068
2023-10-26,600893.SH,35.25,35.66,34.95,35.43,77587,274557272
2023-10-29,600893.SH,35.15,35.5,35.03,35.24,93417,328908089
2023-10-30,600893.SH,35.23,35.49,35.1,35.35,66795,235697453
2023-10-31,600893.SH,35.39,35.45,35,35.02,78057,274346292
2023-11-01,600893.SH,35.07,35.26,34.62,34.66,74462,259101471
2023-11-02,600893.SH,34.7,35.22,34.66,35.17,65370,228813581
2023-11-05,600893.SH,35.3,35.88,35.19,35.69,117372,417946931
2023-11-06,600893.SH,35.61,35.94,35.43,35.83,86429,308907419
2023-11-07,600893.SH,35.83,36.68,35.75,35.98,105585,381240059
2023-11-08,600893.SH,35.91,36.07,35.67,36,61229,219832097
2023-11-09,600893.SH,35.81,36.21,35.68,36.11,62844,225970083
2023-11-12,600893.SH,36.18,37.4,35.89,37.31,179996,664412439
2023-11-13,600893.SH,37.28,37.75,37.1,37.59,134926,505213940
2023-11-14,600893.SH,37.65,37.76,37.07,37.37,82522,307883782
2023-11-15,600893.SH,37.3,37.84,37.22,37.25,80446,301451829
2023-11-16,600893.SH,37.18,37.34,36.85,37.17,72990,270728824
2023-11-19,600893.SH,37.15,37.69,37.02,37.53,61058,228340990
2023-11-20,600893.SH,37.59,37.68,37.21,37.29,57767,216156194
2023-11-21,600893.SH,37.3,37.44,36.93,36.94,43880,162732677
2023-11-22,600893.SH,36.82,37.07,36.63,36.81,51821,190919988
2023-11-23,600893.SH,36.81,36.88,36.17,36.27,58685,213632611
2023-11-26,600893.SH,36.27,36.46,35.98,36.2,70421,254635293
2023-11-27,600893.SH,36.2,36.4,35.95,36.17,43107,155892490
2023-11-28,600893.SH,36.15,36.56,35.88,36.14,85942,311268016
2023-11-29,600893.SH,36.1,36.38,35.63,35.96,72272,259682621
2023-11-30,600893.SH,35.71,36.31,35.71,36.19,64733,233320452
2023-12-03,600893.SH,36.31,36.8,36.22,36.44,82237,300607327
2023-12-04,600893.SH,36.53,36.53,35.38,35.42,89626,320620150
2023-12-05,600893.SH,35.31,35.86,35.3,35.44,77354,275296612
2023-12-06,600893.SH,35.4,35.52,34.85,35.05,76823,269279556
2023-12-07,600893.SH,35.06,35.21,34.56,34.8,106306,371519023
2023-12-10,600893.SH,34.9,35.91,34.63,35.82,111430,392065021
2023-12-11,600893.SH,35.64,36.34,35.52,35.8,63868,228866208
2023-12-12,600893.SH,35.69,36.2,35.57,35.57,60738,217537567
2023-12-13,600893.SH,35.66,35.8,35.08,35.2,64210,226919283
2023-12-14,600893.SH,35,35.29,34.6,34.61,67975,236999510
2023-12-17,600893.SH,34.5,34.6,33.88,33.95,73742,251983413
2023-12-18,600893.SH,34,34.21,33.72,33.96,53365,181189364
2023-12-19,600893.SH,33.96,34.06,32.87,32.89,79857,266200842
2023-12-20,600893.SH,32.73,33.26,32.41,33.24,78696,259479929
2023-12-21,600893.SH,33.27,35.23,33.16,34.81,212286,732488743
2023-12-24,600893.SH,34.8,36.33,34.79,36.19,202264,727476277
2023-12-25,600893.SH,36.18,36.66,35.19,36.3,194642,700076645
2023-12-26,600893.SH,36.19,36.55,35.88,36.36,102753,372446509
2023-12-27,600893.SH,36.5,37.26,36.35,36.84,151008,556066356
2023-12-28,600893.SH,36.95,37.56,36.76,37.38,132020,491664597
2024-01-01,600893.SH,37.5,37.75,37.07,37.14,111259,416304498
2024-01-02,600893.SH,37,37.11,36.47,36.86,115851,426015198
2024-01-03,600893.SH,36.86,36.97,36,36.43,82547,300485105
2024-01-04,600893.SH,36.55,36.58,34.81,35.13,145066,515504161
2024-01-07,600893.SH,35.23,35.47,34.52,34.52,98351,342648954
2024-01-08,600893.SH,34.52,34.78,34.1,34.34,85400,293933296
2024-01-09,600893.SH,34.16,34.63,33.81,33.95,73069,249235440
2024-01-10,600893.SH,33.8,34.18,33.61,34.01,105071,356337492
2024-01-11,600893.SH,33.98,33.98,33.3,33.46,96014,322685848
2024-01-14,600893.SH,33.29,33.3,32.62,32.92,118244,389700845
2024-01-15,600893.SH,32.77,32.98,32.31,32.91,104873,342329479
2024-01-16,600893.SH,32.9,32.9,31.87,31.87,109011,351927961
2024-01-17,600893.SH,31.6,32.49,30.93,32.28,168619,531168187
2024-01-18,600893.SH,31.97,32.3,31.69,32.1,96074,308191063
2024-01-21,600893.SH,32.08,32.93,31.82,32.06,175824,570238613
2024-01-22,600893.SH,32,32.48,31.42,32.22,130104,415217227
2024-01-23,600893.SH,32.4,32.66,31.33,32.55,107262,343180898
2024-01-24,600893.SH,32.42,33.85,32.33,33.84,154357,515064224
2024-01-25,600893.SH,33.8,33.85,33.35,33.49,98577,330574080
2024-01-28,600893.SH,33.58,33.77,33.02,33.02,92766,309924156
2024-01-29,600893.SH,32.86,33.48,32.73,32.8,85676,283555853
2024-01-30,600893.SH,32.65,32.9,31.32,31.45,111063,353569704
2024-01-31,600893.SH,31.19,31.8,30.73,31.26,96856,303049280
2024-02-01,600893.SH,31.33,31.49,29,30,160601,486153312
2024-02-04,600893.SH,29.5,30.16,28.29,29.71,173638,511178177
2024-02-05,600893.SH,29.71,31.6,29.41,31.58,167995,517650011
2024-02-06,600893.SH,31.62,32.66,31.35,32.4,193747,622636766
2024-02-07,600893.SH,32.45,33.63,32.37,33.18,155685,513846274
2024-02-18,600893.SH,33.31,33.47,32.55,32.71,133673,440112645
2024-02-19,600893.SH,32.6,32.75,32.32,32.49,107867,350314068
2024-02-20,600893.SH,32.41,33.84,32.16,33.26,129741,430562118
2024-02-21,600893.SH,33.14,33.97,33.08,33.53,100749,337995036
2024-02-22,600893.SH,33.62,34.06,33.19,33.69,99778,335539990
2024-02-25,600893.SH,33.63,34.08,33.39,33.72,89383,302357925
2024-02-26,600893.SH,33.67,34.49,33.51,34.45,97525,332131712
2024-02-27,600893.SH,34.53,34.71,33.7,33.7,111733,382337980
2024-02-28,600893.SH,33.52,34.45,33.52,34.41,116500,398622644
2024-02-29,600893.SH,34.42,35.18,34.42,35.08,119978,419262532
2024-03-03,600893.SH,34.92,35.06,34.45,34.9,102624,357277412
2024-03-04,600893.SH,35.08,36.89,34.91,35.96,262538,948347567
2024-03-05,600893.SH,36,36.1,35.21,35.85,140574,501260459
2024-03-06,600893.SH,35.78,35.78,34.7,34.91,145271,509776640
2024-03-07,600893.SH,35,35.18,34.52,34.92,92857,322937023
2024-03-10,600893.SH,34.83,35.59,34.7,35.57,114146,401999502
2024-03-11,600893.SH,35.63,36.13,35.47,36,130196,467795356
2024-03-12,600893.SH,36.01,36.23,35.39,35.6,106886,381834257
2024-03-13,600893.SH,35.38,35.59,34.83,35.17,97611,343703724
2024-03-14,600893.SH,35.12,35.39,34.63,35.08,89371,311724645
2024-03-17,600893.SH,35.08,35.69,34.9,35.67,123205,437363389
2024-03-18,600893.SH,35.57,35.95,35.25,35.27,104201,371101707
2024-03-19,600893.SH,35.32,35.58,34.98,35.14,78466,276143771
2024-03-20,600893.SH,35.2,35.42,34.8,35.16,85882,301603313
2024-03-21,600893.SH,35.07,35.15,34.29,34.5,101235,350149315
2024-03-24,600893.SH,34.45,34.85,34.11,34.2,82259,283877457
2024-03-25,600893.SH,34.17,34.49,33.53,33.72,95685,324089146
2024-03-26,600893.SH,33.77,33.86,32.86,32.93,103856,344981750
2024-03-27,600893.SH,32.93,33.84,32.92,33.57,125354,420587981
2024-03-28,600893.SH,33.56,34.09,33.29,33.96,107263,360990568
2024-03-31,600893.SH,34,34.44,33.71,34.06,110191,375269664
2024-04-01,600893.SH,34,34.01,33.5,33.6,89692,301983872
2024-04-02,600893.SH,33.46,33.56,32.97,33.23,79403,263826744
2024-04-07,600893.SH,33.04,33.44,32.51,32.55,87392,286212794
2024-04-08,600893.SH,32.43,33,32.32,32.49,80625,262086276
2024-04-09,600893.SH,32.5,32.53,31.89,32.18,91348,293941603
2024-04-10,600893.SH,31.99,32.23,31.73,31.79,89840,286896503
2024-04-11,600893.SH,31.74,32.58,31.7,31.81,114172,367480183
2024-04-14,600893.SH,31.9,33.28,31.9,32.72,182300,596587207
2024-04-15,600893.SH,32.7,33.2,32.25,32.32,139230,455656894
2024-04-16,600893.SH,32.32,32.93,31.97,32.9,125637,408779115
2024-04-17,600893.SH,32.74,32.94,32.3,32.59,126099,411800512
2024-04-18,600893.SH,32.31,33.42,32.3,32.87,150494,495384343
2024-04-21,600893.SH,32.92,34.15,32.76,33.96,253292,853707871
2024-04-22,600893.SH,33.72,34.6,33.58,34.35,219993,751896160
2024-04-23,600893.SH,34.59,35.49,34.14,35.25,233160,815826982
2024-04-24,600893.SH,35.4,35.48,34.59,34.87,180476,628784433
2024-04-25,600893.SH,34.85,35.19,34.7,34.96,137925,481860808
2024-04-28,600893.SH,34.9,35.95,34.87,35.74,180704,639430558
2024-04-29,600893.SH,36,36.61,35.34,35.36,225806,807210739
2024-05-05,600893.SH,35.83,35.85,34.88,34.93,178282,625308947
2024-05-06,600893.SH,34.88,36.1,34.78,35.95,213851,764193744
2024-05-07,600893.SH,35.75,35.93,35.43,35.73,123519,440604084
2024-05-08,600893.SH,35.63,37.6,35.5,37.46,308630,1136125897
2024-05-09,600893.SH,37.42,38.43,37.3,37.55,309240,1170769237
2024-05-12,600893.SH,37.18,37.99,36.8,37.39,159974,598770424
2024-05-13,600893.SH,37.19,37.35,36.6,36.87,130189,480836747
2024-05-14,600893.SH,36.87,36.96,36.38,36.42,83947,307265179
2024-05-15,600893.SH,36.39,36.71,35.9,36.14,126942,459610191
2024-05-16,600893.SH,36.27,36.68,36.02,36.66,99215,361714576
2024-05-19,600893.SH,36.59,37.85,36.46,37.1,148895,554321574
2024-05-20,600893.SH,36.98,37,36.2,36.31,102491,373946309
2024-05-21,600893.SH,36.31,36.31,35.52,35.99,119571,428708110
2024-05-22,600893.SH,36.2,36.3,35.35,35.38,107057,381082967
2024-05-23,600893.SH,35.32,35.5,35,35.1,71101,250214969
2024-05-26,600893.SH,35.1,35.35,34.67,35.24,93080,325162707
2024-05-27,600893.SH,35.09,35.8,34.83,35.55,122188,433434897
2024-05-28,600893.SH,35.48,35.86,35.16,35.34,80646,285399004
2024-05-29,600893.SH,35.1,37.39,34.98,36.79,256260,938072116
2024-05-30,600893.SH,36.97,37.49,36.5,37.31,176032,652451228
2024-06-02,600893.SH,37.01,37.5,36.72,37.08,125555,464412123
2024-06-03,600893.SH,37.15,37.84,36.98,37.53,184011,689056975
2024-06-04,600893.SH,37.3,38.55,37.21,37.8,311652,1187189538
2024-06-05,600893.SH,37.6,37.8,37.11,37.36,197323,738300927
2024-06-06,600893.SH,37.6,38.37,37.24,37.55,205525,776627270
2024-06-10,600893.SH,37.43,38.1,37.22,38.08,204535,773597216
2024-06-11,600893.SH,37.99,38.35,37.57,37.69,170531,647042241
2024-06-12,600893.SH,37.59,38.12,37.31,37.8,131989,497895536
2024-06-13,600893.SH,37.7,37.7,36.73,37.53,265794,986914161
2024-06-16,600893.SH,37,37.99,37,37.55,174379,656199657
2024-06-17,600893.SH,37.43,38.05,37.38,37.66,143548,542039287
2024-06-18,600893.SH,37.62,37.8,37.25,37.47,101043,378605135
2024-06-19,600893.SH,37.38,37.5,36.7,36.98,155547,576286855
2024-06-20,600893.SH,37.05,37.45,36.59,36.88,102681,379332539
2024-06-23,600893.SH,36.92,37.19,36.38,36.5,121726,446635975
2024-06-24,600893.SH,36.4,36.5,35.73,35.91,110467,398235621
2024-06-25,600893.SH,35.91,36.25,35.67,36.1,83434,300355315
2024-06-26,600893.SH,35.91,35.97,35.33,35.43,77953,276926750
2024-06-27,600893.SH,35.37,36.72,35.33,36.55,129310,469331349
2024-06-30,600893.SH,36.35,36.5,35.6,36.27,94020,339062806
2024-07-01,600893.SH,36.17,36.35,35.62,35.8,70994,254732075
2024-07-02,600893.SH,35.74,35.95,35.45,35.66,61896,220675104
2024-07-03,600893.SH,35.71,36.07,35.54,35.54,61019,218172036
2024-07-04,600893.SH,35.53,35.55,34.78,35.41,101930,358117596
2024-07-07,600893.SH,35.29,35.88,35.19,35.27,69932,247817703
2024-07-08,600893.SH,35.27,35.55,34.85,35.04,108659,381392642
2024-07-09,600893.SH,35.17,35.65,34.97,35.52,107134,378411917
2024-07-10,600893.SH,35.77,36.94,35.52,36.59,120383,437127600
2024-07-11,600893.SH,36.6,37.16,36.36,36.82,88553,325683918
2024-07-14,600893.SH,36.61,36.98,36.3,36.47,66434,243456676
2024-07-15,600893.SH,36.36,37.55,36.36,37.48,127009,471403791
2024-07-16,600893.SH,37.44,37.73,37.05,37.52,96552,361871666
2024-07-17,600893.SH,37.22,39.43,37.17,39,269899,1040302053
2024-07-18,600893.SH,38.98,40,38.96,39.97,296329,1175210935
2024-07-21,600893.SH,39.99,40.65,39.75,40.01,225701,904883703
2024-07-22,600893.SH,40.01,40.04,39.51,39.53,140325,558050618
2024-07-23,600893.SH,39.4,40.77,39.31,39.99,229975,923374884
2024-07-24,600893.SH,39.99,40.15,39.38,39.81,125383,497707232
2024-07-25,600893.SH,39.8,41.22,39.75,40.85,240693,979985146
2024-07-28,600893.SH,41.1,41.28,39.89,40.22,224727,912945055
2024-07-29,600893.SH,40,40.34,39.55,39.93,139836,558698759
2024-07-30,600893.SH,39.94,40.31,39.24,39.76,229950,913981467
2024-07-31,600893.SH,39.72,40.84,39.61,39.69,180194,724575967
2024-08-01,600893.SH,39.4,40.23,39.26,39.26,126721,501472346
2024-08-04,600893.SH,39.16,39.73,38.42,38.52,159797,622194185
2024-08-05,600893.SH,38.73,39.64,38.6,39.1,154180,603065175
2024-08-06,600893.SH,39.21,39.36,38.81,39.2,115060,450150462
2024-08-07,600893.SH,38.99,39.02,37.45,38.06,233903,888524971
2024-08-08,600893.SH,38.36,38.36,37.71,38.05,97617,371455042
2024-08-11,600893.SH,37.85,38.37,37.39,38,113750,432094665
2024-08-12,600893.SH,37.8,38.29,37.7,38.07,89227,338684807
2024-08-13,600893.SH,38.01,38.1,37.52,37.52,72076,271968734
2024-08-14,600893.SH,37.41,37.93,37.27,37.63,93120,350617787
2024-08-15,600893.SH,37.86,37.86,36.71,36.82,129082,478743395
2024-08-18,600893.SH,36.84,37.28,36.67,36.81,76568,282917184
2024-08-19,600893.SH,36.84,37.18,36.14,36.51,79830,291203434
2024-08-20,600893.SH,36.35,36.76,36.18,36.39,61978,225953900
2024-08-21,600893.SH,36.48,37.05,36.2,36.65,85078,311941427
2024-08-22,600893.SH,36.54,36.91,36.28,36.61,78371,286821006
2024-08-25,600893.SH,36.63,36.81,35.37,35.79,131239,470561016
2024-08-26,600893.SH,35.7,35.96,35.26,35.48,66389,235736207
2024-08-27,600893.SH,35.5,36.1,35.18,35.26,136842,486409305
2024-08-28,600893.SH,35.08,35.73,34.89,34.93,168098,592949987
2024-08-29,600893.SH,34.95,35.8,34.63,35.5,281712,993750366
2024-09-01,600893.SH,35.15,35.71,34.5,34.51,147513,515985587
2024-09-02,600893.SH,34.69,35.05,34.5,34.84,118343,412249060
2024-09-03,600893.SH,34.68,34.99,34.31,34.94,84952,295101865
2024-09-04,600893.SH,34.93,35.27,34.6,35.25,104076,364684398
2024-09-05,600893.SH,35.21,35.35,34.89,35,63766,223702237
2024-09-08,600893.SH,34.83,35.22,34.05,34.28,128863,444308925
2024-09-09,600893.SH,34.49,34.52,33.69,34.21,111732,381011703
2024-09-10,600893.SH,34.12,34.64,34.02,34.55,85818,295253340
2024-09-11,600893.SH,34.55,35.11,34.41,34.47,80950,281130342
2024-09-12,600893.SH,34.5,34.93,34.38,34.39,75371,260963350
2024-09-17,600893.SH,34.4,34.57,33.7,34.53,72687,248126059
2024-09-18,600893.SH,34.56,34.66,33.43,33.95,127087,430557099
2024-09-19,600893.SH,33.86,34.38,33.34,34.2,126563,428456349
2024-09-22,600893.SH,34.05,34.96,34,34.13,95434,329700793
2024-09-23,600893.SH,34.4,35.3,34.02,35.3,169639,589393013
2024-09-24,600893.SH,35.45,36.56,35.45,36.26,194753,703480262
2024-09-25,600893.SH,36.17,37.18,35.83,37.13,159978,584216065
2024-09-26,600893.SH,37.45,38.97,37.2,38.89,133759,507540433
2024-09-29,600893.SH,39.94,41.8,39.29,41.29,456844,1868037235
2024-10-07,600893.SH,45.42,45.42,42.07,44,647709,2836484512
2024-10-08,600893.SH,42.9,43.59,41.21,41.7,420708,1787961383
2024-10-09,600893.SH,41.39,43.42,41.39,41.97,317194,1346134900
2024-10-10,600893.SH,41.66,41.66,39.58,39.94,278178,1126375465
2024-10-13,600893.SH,40.69,42.09,40.5,41.65,330537,1371380636
2024-10-14,600893.SH,41.5,42.04,40.71,40.94,201697,836169916
2024-10-15,600893.SH,40.4,41.41,40.22,41,198615,813093369
2024-10-16,600893.SH,40.99,41.9,40.85,40.88,173612,717586323
2024-10-17,600893.SH,40.66,42.11,40.47,41.6,376095,1560381240
2024-10-20,600893.SH,42,43.4,42,43.13,565427,2429059132
2024-10-21,600893.SH,43.15,43.23,41.87,42.31,243019,1027490845
2024-10-22,600893.SH,42.31,45.81,42.2,44.26,706001,3143426202
2024-10-23,600893.SH,44,44,42.7,42.94,290651,1254184373
2024-10-24,600893.SH,42.6,43.48,42.55,42.9,201299,863881418
2024-10-27,600893.SH,43,44.9,43,43.92,339953,1496065449
2024-10-28,600893.SH,43.92,44.15,43.08,43.18,191507,834216323
2024-10-29,600893.SH,43,43.83,42.86,43.5,173411,753525959
2024-10-30,600893.SH,42.86,43.58,42.14,42.76,254141,1086165253
2024-10-31,600893.SH,42.6,42.92,41.67,41.82,192898,811187458
2024-11-03,600893.SH,41.82,42.89,41.8,42.5,145208,615987839
2024-11-04,600893.SH,43.35,46.75,43.11,46.75,902409,4104110586
2024-11-05,600893.SH,48.69,48.72,45.93,46.79,810814,3824293058
2024-11-06,600893.SH,46,46,44.14,45.76,534944,2416948157
2024-11-07,600893.SH,46,47.99,45.99,47.23,577678,2729626343
2024-11-10,600893.SH,47.65,47.65,46.11,47,433246,2021488219
2024-11-11,600893.SH,47,47.27,44.87,45.18,447524,2045774886
2024-11-12,600893.SH,45,45.24,43.91,45.11,289425,1288913833
2024-11-13,600893.SH,45.31,45.4,43.5,43.71,264668,1172568661
2024-11-14,600893.SH,43.5,43.72,41.77,41.9,275112,1172771369
2024-11-17,600893.SH,41.91,43.17,41.25,41.85,304877,1290558133
2024-11-18,600893.SH,42.11,42.6,41.19,42.15,187011,782939771
2024-11-19,600893.SH,42.15,42.95,41.82,42.7,210017,892293781
2024-11-20,600893.SH,42.57,42.97,42,42.3,148962,632425823
2024-11-21,600893.SH,42.3,42.55,41.14,41.18,169884,710591101
2024-11-24,600893.SH,41.16,41.38,39.65,40.03,222145,895341070
2024-11-25,600893.SH,40.28,41.18,40.14,40.45,142826,581364625
2024-11-26,600893.SH,40.07,41.5,39.9,41.29,172134,704169765
2024-11-27,600893.SH,41.16,42.14,40.9,40.97,141124,585332172
2024-11-28,600893.SH,40.91,42.11,40.84,41.88,167546,697456255
2024-12-01,600893.SH,41.95,42.37,41.33,41.8,267623,1117922634
2024-12-02,600893.SH,41.81,41.88,41.13,41.62,144141,598022654
2024-12-03,600893.SH,41.55,41.7,41.02,41.36,134108,553551181
2024-12-04,600893.SH,41.17,42.08,41,41.84,118226,491816224
2024-12-05,600893.SH,41.8,42.11,41.65,41.75,121739,509166486
2024-12-08,600893.SH,41.41,41.57,40,40.27,263544,1071678737
2024-12-09,600893.SH,41.12,41.34,40.5,40.68,186930,763693211
2024-12-10,600893.SH,40.6,40.67,40.13,40.5,99234,400726329
2024-12-11,600893.SH,40.8,41.65,40.8,41.23,202689,836614481
2024-12-12,600893.SH,40.95,40.99,39.9,40.2,196391,791308940
2024-12-15,600893.SH,40.15,40.19,39.57,39.91,126693,505736440
2024-12-16,600893.SH,39.83,40.29,39.61,39.77,81030,323809766
2024-12-17,600893.SH,39.81,40.15,39.71,40.02,92719,370911758
2024-12-18,600893.SH,39.65,40.05,39.36,39.98,74243,295576300
2024-12-19,600893.SH,39.88,40.2,39.78,40.03,84488,338007629
2024-12-22,600893.SH,39.99,40.28,39.22,39.3,146070,579430182
2024-12-23,600893.SH,39.33,39.8,39.33,39.75,93331,370109916
2024-12-24,600893.SH,39.7,40.6,39.5,40.47,139714,560367406
2024-12-25,600893.SH,40.6,41.85,40.5,40.89,213444,880287892
2024-12-26,600893.SH,42.69,42.88,40.91,41.19,382372,1589389250
2024-12-29,600893.SH,41.28,41.47,40.8,40.85,186831,767244565
2024-12-30,600893.SH,40.86,41.8,40.39,41.45,285536,1181504662
2025-01-01,600893.SH,41.01,41.5,40.1,40.29,189214,772162724
2025-01-02,600893.SH,40.28,40.44,38.89,39.2,170024,671061914
2025-01-05,600893.SH,38.98,39.27,37.86,38.24,147557,566098054
2025-01-06,600893.SH,38.27,38.6,37.92,38.56,87911,337431011
2025-01-07,600893.SH,38.3,38.46,37,37.71,151493,571895333
2025-01-08,600893.SH,37.66,39.36,37.31,38.9,175239,673713962
2025-01-09,600893.SH,38.95,39.78,38.58,38.58,110985,434433392
2025-01-12,600893.SH,38,39.22,37.88,38.77,95156,368031178
2025-01-13,600893.SH,38.69,39.29,38.47,39.09,211121,823258371
2025-01-14,600893.SH,39,39.15,38.33,38.55,102249,395985266
2025-01-15,600893.SH,38.59,39.06,38.1,38.26,103624,399688117
2025-01-16,600893.SH,38.09,39.37,38.09,38.97,148503,575845180
2025-01-19,600893.SH,38.93,39.4,38.84,38.87,121227,474260032
2025-01-20,600893.SH,38.98,38.99,37.88,38.03,118697,454556711
2025-01-21,600893.SH,38,38,37.28,37.61,108820,407895872
2025-01-22,600893.SH,37.82,38.19,37.2,37.24,117854,442714852
2025-01-23,600893.SH,37.21,37.55,37.06,37.33,81242,303175934
2025-01-26,600893.SH,37.33,37.86,37.32,37.34,81348,305886836
2025-02-04,600893.SH,37.45,38.1,37.24,37.94,105415,398532129
2025-02-05,600893.SH,37.97,39.05,37.66,39.03,133343,515255934
2025-02-06,600893.SH,39.07,39.18,38.5,38.83,134499,523346107
2025-02-09,600893.SH,38.82,38.98,38.59,38.78,98616,382639193
2025-02-10,600893.SH,38.78,38.87,38,38.28,127261,486746999
2025-02-11,600893.SH,38.12,38.42,38,38.4,80724,308549071
2025-02-12,600893.SH,38.48,39.79,38.41,39.1,251859,988250972
2025-02-13,600893.SH,39,39.3,38.3,38.5,139454,538153475
2025-02-16,600893.SH,38.51,38.55,37.3,37.7,308365,1161979198
2025-02-17,600893.SH,37.68,37.72,36.75,36.85,221651,824288253
2025-02-18,600893.SH,36.6,37.15,36.6,37,146499,540035790
2025-02-19,600893.SH,37,37.24,36.42,37,147381,544017878
2025-02-20,600893.SH,36.85,37.08,36.8,36.86,197652,729876573
2025-02-23,600893.SH,36.88,37.34,36.52,36.89,180553,667022624
2025-02-24,600893.SH,36.61,36.7,35.88,36.1,264821,959209569
2025-02-25,600893.SH,36.12,36.47,35.9,36.1,188791,681552667
2025-02-26,600893.SH,36.19,36.25,35.5,35.76,172415,616857317
2025-02-27,600893.SH,35.82,36.1,35.12,35.12,205886,731878465
2025-03-02,600893.SH,35.15,35.88,35.15,35.38,153538,546060008
2025-03-03,600893.SH,35.75,36.35,35.52,36.01,248500,896075617
2025-03-04,600893.SH,36.2,36.35,35.71,36,142738,513865150
2025-03-05,600893.SH,36.02,36.23,35.67,36.08,208302,748578141
2025-03-06,600893.SH,36,39.29,35.9,37.91,674209,2548949345
2025-03-09,600893.SH,37.91,38.62,37.7,37.96,315853,1204503311
2025-03-10,600893.SH,37.57,38.96,37.5,38.7,343856,1322676814
2025-03-11,600893.SH,38.91,39.25,38.29,38.34,259335,1002523157
2025-03-12,600893.SH,38.35,39.28,37.91,38.67,325406,1257378602
2025-03-13,600893.SH,38.8,38.86,37.89,38.61,265863,1020795095
2025-03-16,600893.SH,38.6,38.97,38.31,38.36,161794,623502276
2025-03-17,600893.SH,38.33,38.46,37.95,38.13,135399,516638635
2025-03-18,600893.SH,38.02,38.07,37.67,38,165731,627235178
2025-03-19,600893.SH,38,38.66,37.68,37.83,195372,743759282
2025-03-20,600893.SH,37.71,38.33,37.34,37.54,178251,673956346
2025-03-23,600893.SH,37.5,37.69,36.63,37.19,188280,697891481
2025-03-24,600893.SH,37.13,37.56,36.83,36.86,146684,545126110
2025-03-25,600893.SH,36.89,37.19,36.7,36.91,108805,401916616
2025-03-26,600893.SH,36.85,37.04,36.2,36.7,105171,385383865
2025-03-27,600893.SH,36.69,36.85,36.43,36.59,88609,324369881
2025-03-30,600893.SH,36.48,36.52,35.6,36.21,200293,720971222
2025-03-31,600893.SH,36.42,37.2,36.38,36.77,153246,563167937
2025-04-01,600893.SH,35.56,35.56,33.09,33.09,982399,3271645400
2025-04-02,600893.SH,32.53,33.07,32.41,32.69,338304,1106997344
2025-04-06,600893.SH,31.25,32.87,30,31.7,482779,1532441075
2025-04-07,600893.SH,31.68,32.72,31.65,32.61,324490,1040243360
2025-04-08,600893.SH,32.2,34.67,32,34.3,492822,1661369190
2025-04-09,600893.SH,34.42,34.55,33.58,34.36,341847,1169669555
2025-04-10,600893.SH,34.48,34.64,34.05,34.18,210760,722860390
2025-04-13,600893.SH,34.03,34.8,34.01,34.38,214620,738248842
2025-04-14,600893.SH,34.39,34.46,33.34,33.71,179889,605720289
2025-04-15,600893.SH,34.9,35.03,33.6,34.17,244112,832482037
2025-04-16,600893.SH,33.86,34.58,33.69,34.3,198123,679243699
2025-04-17,600893.SH,34.05,34.23,33.76,33.99,106391,361263944
2025-04-20,600893.SH,34,34.89,34,34.23,180572,621106074
2025-04-21,600893.SH,34.12,34.6,33.98,34.21,130144,446273638
2025-04-22,600893.SH,34.21,34.21,33.5,33.76,167932,566961079
2025-04-23,600893.SH,33.7,33.7,33.11,33.2,140455,468419173
2025-04-24,600893.SH,33.22,33.58,32.88,33.41,117087,388953800
2025-04-27,600893.SH,33.38,33.38,32.6,32.78,150904,496565653
2025-04-28,600893.SH,32.6,32.87,32.33,32.77,129183,421412019
2025-04-29,600893.SH,32.3,32.86,32.13,32.8,137496,449204903
2025-05-05,600893.SH,32.99,33.28,32.88,33.27,120132,398495770
2025-05-06,600893.SH,34,35.12,33.53,34.44,437954,1502849196
2025-05-07,600893.SH,34.48,35.35,33.88,35.18,441693,1534049131
2025-05-08,600893.SH,35.02,35.02,34.1,34.2,252131,866790076
2025-05-11,600893.SH,34.38,36.71,34.09,35.9,638138,2281777438
2025-05-12,600893.SH,35.94,35.94,34.72,34.76,325182,1143596641
2025-05-13,600893.SH,34.77,35.09,34.35,34.47,181274,626113944
2025-05-14,600893.SH,34.4,34.77,34.06,34.11,151480,519949270
2025-05-15,600893.SH,34.13,34.65,33.66,33.79,198850,677302939
2025-05-18,600893.SH,33.99,34.25,33.69,34.11,138763,472477087
2025-05-19,600893.SH,34.11,34.18,33.7,34.06,114753,389350714
2025-05-20,600893.SH,34.08,34.69,33.86,34.28,150057,514971860
2025-05-21,600893.SH,34.19,34.72,33.95,34,144220,494533655
2025-05-22,600893.SH,33.86,34.37,33.8,33.9,122436,417588002
2025-05-25,600893.SH,33.87,34.14,33.7,34.03,71988,244677570
2025-05-26,600893.SH,33.96,34,33.51,33.71,90416,304755392
2025-05-27,600893.SH,33.71,34.04,33.61,33.67,71547,241787631
2025-05-28,600893.SH,33.7,35.55,33.49,35.02,307732,1063003413
2025-05-29,600893.SH,35.2,36.24,35.2,35.46,432297,1545304019
2025-06-02,600893.SH,36.04,36.62,35.15,35.48,372843,1334636778
2025-06-03,600893.SH,35.31,35.44,34.88,35.1,204821,718781531
2025-06-04,600893.SH,35.09,35.84,34.68,35.33,258428,911776003
2025-06-05,600893.SH,35.46,35.88,35.17,35.25,181356,643131959
2025-06-08,600893.SH,35.6,36.54,35.55,35.92,349035,1258779055
2025-06-09,600893.SH,35.62,35.73,35.08,35.33,165613,586376574
2025-06-10,600893.SH,35.48,35.99,35.15,35.9,157050,560368053
2025-06-11,600893.SH,35.77,36.15,35.6,36.04,168683,606317434
2025-06-12,600893.SH,36.29,36.48,35.8,36.15,245232,885425066
2025-06-15,600893.SH,36.01,36.15,35.58,35.74,161140,577750472
2025-06-16,600893.SH,35.75,35.92,35.35,35.61,145422,517353665
2025-06-17,600893.SH,35.59,35.88,35.43,35.71,162442,578856894
2025-06-18,600893.SH,35.48,35.48,34.95,35.28,179693,632413148
2025-06-19,600893.SH,35.27,35.3,34.75,34.8,91556,320276914
2025-06-22,600893.SH,34.8,35.23,34.68,35.05,99377,347372143
2025-06-23,600893.SH,34.87,35.61,34.46,35.26,241373,842884470
2025-06-24,600893.SH,35.26,36.56,35.14,36.34,356298,1284835128
2025-06-25,600893.SH,36.36,36.98,36.2,36.22,312204,1143831487
2025-06-26,600893.SH,36.27,36.85,36.16,36.36,201493,735203122
2025-06-29,600893.SH,36.66,38.88,36.51,38.54,575972,2198435511
2025-06-30,600893.SH,38.54,38.55,37.75,38,267529,1016031302
2025-07-01,600893.SH,37.99,37.99,37.17,37.3,197471,739640614
2025-07-02,600893.SH,37.15,37.66,37.1,37.21,139682,520411682
2025-07-03,600893.SH,37.29,37.68,37.12,37.27,183994,686660873
2025-07-06,600893.SH,37.16,37.64,36.83,37.2,184412,688029371
2025-07-07,600893.SH,37.2,37.49,37,37.37,170718,634401415
2025-07-08,600893.SH,37.48,37.76,36.75,36.82,250685,935053589
2025-07-09,600893.SH,36.6,36.86,36.39,36.7,191876,702084229
2025-07-10,600893.SH,36.71,37.39,36.6,37.06,190222,706240762
2025-07-13,600893.SH,37.07,37.35,36.63,36.65,161983,597666541
2025-07-14,600893.SH,36.42,36.8,36.21,36.8,188476,687726764
2025-07-15,600893.SH,36.79,36.84,36.48,36.7,94712,347127645
2025-07-16,600893.SH,36.7,38,36.69,37.95,342128,1284099711
2025-07-17,600893.SH,37.9,39.39,37.7,39.13,476901,1848141214
2025-07-20,600893.SH,39,39.54,38.75,38.92,239460,934860567
2025-07-21,600893.SH,38.81,39.45,38.58,38.86,216083,842441354
2025-07-22,600893.SH,38.72,38.81,38.04,38.12,221187,847728024
2025-07-23,600893.SH,38.2,39.99,38.2,39.99,482826,1906335617
2025-07-24,600893.SH,39.8,41.3,39.49,40.61,431364,1738436359
2025-07-27,600893.SH,40.36,42.21,40.36,41.77,558654,2314267058
2025-07-28,600893.SH,41.57,43.08,41.31,42.87,421322,1776705920
2025-07-29,600893.SH,42.88,43.5,42.24,42.48,385508,1648114123
2025-07-30,600893.SH,42.25,42.93,41.66,42.36,368202,1554820905
2025-07-31,600893.SH,42.35,42.35,41,41.26,270562,1123527894
2025-08-03,600893.SH,41.23,42.42,41.23,41.76,255945,1071900002
2025-08-04,600893.SH,41.88,41.99,41.14,41.25,227477,943068341
2025-08-05,600893.SH,41.25,42.5,41.22,41.84,286081,1199095283
2025-08-06,600893.SH,41.85,41.96,41.3,41.69,166607,692701970
2025-08-07,600893.SH,41.6,41.84,41.33,41.38,119068,494167388
2025-08-10,600893.SH,41.51,42.56,41.2,41.51,198377,826319630
2025-08-11,600893.SH,41.51,41.54,40.5,40.84,262036,1071994702
2025-08-12,600893.SH,40.83,41.19,40.64,40.79,227968,932016637
2025-08-13,600893.SH,40.81,40.9,39.25,39.49,385741,1541182251
2025-08-14,600893.SH,39.49,39.74,39.34,39.44,255028,1008116741
2025-08-17,600893.SH,39.7,40.24,39.7,39.75,264317,1055910296
2025-08-18,600893.SH,39.77,39.8,38.99,39.01,284280,1114357718
2025-08-19,600893.SH,39,39.75,38.87,39.45,242944,955892171
2025-08-20,600893.SH,39.54,40.21,39.47,39.68,308080,1226767197
2025-08-21,600893.SH,39.68,40.83,39.31,40.81,357253,1431151254
2025-08-24,600893.SH,41.18,41.65,40.68,41.45,362049,1493727850
2025-08-25,600893.SH,41.45,41.45,40.5,40.78,268126,1095451006
2025-08-26,600893.SH,40.76,40.76,39.66,39.66,332651,1342711617
2025-08-27,600893.SH,39.51,40.28,38.81,40.23,303925,1199974589
2025-08-28,600893.SH,40.5,40.7,39.77,40.37,298329,1201108031
2025-08-31,600893.SH,40.39,40.61,39.36,40.23,381173,1522909954
2025-09-01,600893.SH,40.15,40.16,39,39.74,315053,1243363998
2025-09-02,600893.SH,39.68,40.1,37.8,38.28,462286,1785296365
2025-09-03,600893.SH,38,38,36.66,37.24,314726,1169520896
2025-09-04,600893.SH,37.24,37.66,36.91,37.43,200273,747726123
2025-09-07,600893.SH,37.41,37.84,37.22,37.58,182110,682735286
2025-09-08,600893.SH,37.54,38.1,37.09,37.22,162811,611296061
2025-09-09,600893.SH,37.22,37.67,36.78,37.18,197607,734020334
2025-09-10,600893.SH,37.12,38.26,36.91,37.79,248453,932760509
2025-09-11,600893.SH,37.77,38.44,37.66,37.82,213034,809824745
2025-09-14,600893.SH,37.75,38.12,37.41,37.48,124245,468085418
2025-09-15,600893.SH,37.43,37.48,36.9,37.05,131625,488072641
2025-09-16,600893.SH,37.05,37.19,36.77,37.05,137419,507832995
2025-09-17,600893.SH,37.04,37.98,36.67,36.95,248257,927358438
2025-09-18,600893.SH,36.98,38.69,36.9,38.05,357753,1364221323
2025-09-21,600893.SH,38,38.01,37.31,37.61,157546,592323404
2025-09-22,600893.SH,37.74,38.7,37.43,37.93,237319,902422468
2025-09-23,600893.SH,37.7,38.39,37.55,38.12,181806,691140320
2025-09-24,600893.SH,38,38.06,37.2,37.49,232688,875489325
2025-09-25,600893.SH,37.48,40.18,37.41,39.6,563789,2210661696
2025-09-28,600893.SH,39.61,40.7,39.05,40.36,398930,1593186399
2025-09-29,600893.SH,40.35,42.61,40.12,42.18,582293,2420785134
2025-10-08,600893.SH,41.7,42.71,41.35,42.59,367029,1542889226
2025-10-09,600893.SH,43,43.19,42,42.1,322658,1373906797
2025-10-12,600893.SH,41.24,43.02,41.08,42.98,392930,1675528837
2025-10-13,600893.SH,43.25,44.8,42.49,42.51,472239,2047223452
2025-10-14,600893.SH,42.45,42.68,41.7,42.4,292639,1233354697
2025-10-15,600893.SH,42.88,43.2,41.85,41.96,238541,1010758967
2025-10-16,600893.SH,41.85,42.43,39.99,40.34,313455,1286519271
2025-10-19,600893.SH,41.05,41.2,39.88,40.19,199652,806014061
2025-10-20,600893.SH,40.17,40.49,39.98,40.1,151121,606887543
2025-10-21,600893.SH,40.1,40.11,39.4,39.51,138007,546556210
2025-10-22,600893.SH,39.59,39.67,38.78,39.12,129326,505151723
2025-10-23,600893.SH,39.68,40.9,39.57,40.05,282614,1136218936
2025-10-26,600893.SH,40.1,40.34,39.4,39.8,273423,1088087197
2025-10-27,600893.SH,39.8,40.68,39.6,40.05,216764,871722962
2025-10-28,600893.SH,39.98,40.28,39.76,39.91,162580,649792829
2025-10-29,600893.SH,39.8,40.15,39.28,39.62,172248,685061141
2025-10-30,600893.SH,39.39,40.03,39.07,39.08,179418,708713749
2025-11-02,600893.SH,39.02,39.29,38.54,38.93,155284,602525238
2025-11-03,600893.SH,38.79,39.48,38.13,38.36,169360,654879638
2025-11-04,600893.SH,38.12,38.8,38.01,38.59,113216,434695122
2025-11-05,600893.SH,38.49,40.39,38.48,39.66,312677,1247575133
2025-11-06,600893.SH,39.55,39.57,38.97,39.18,165603,649836041
2025-11-09,600893.SH,39.19,39.78,38.7,39.6,166915,656370573
2025-11-10,600893.SH,39.6,39.88,38.8,38.9,188220,737271855
2025-11-11,600893.SH,38.8,38.98,37.65,38.11,215695,821937770
2025-11-12,600893.SH,37.88,38.26,37.81,38.08,115830,440812768
2025-11-13,600893.SH,38.14,38.38,37.7,37.71,157932,600848932
2025-11-16,600893.SH,38.39,38.59,37.38,37.53,251019,952017801
2025-11-17,600893.SH,37.55,37.75,37.22,37.41,122689,459588040
2025-11-18,600893.SH,37.38,37.94,37.34,37.59,134194,505422045
2025-11-19,600893.SH,37.47,37.69,36.9,37.03,127511,474920518
2025-11-20,600893.SH,36.83,37.13,36.21,36.56,184278,675349568
2025-11-23,600893.SH,36.65,37.75,36.65,37.68,208750,778557395
2025-11-24,600893.SH,37.58,37.58,37.13,37.31,127569,475972282
2025-11-25,600893.SH,37.15,37.25,36.92,37.21,118005,437672879
2025-11-26,600893.SH,37.05,37.32,37.05,37.18,87570,325861262
2025-11-27,600893.SH,37.24,37.37,36.93,37.18,94886,351801857
2025-11-30,600893.SH,37.35,37.49,37,37.36,156280,582798366
2025-12-01,600893.SH,37.25,37.29,36.95,36.96,103912,385435056
2025-12-02,600893.SH,36.94,37.15,36.4,36.67,115350,423441689
2025-12-03,600893.SH,36.58,37.13,36.5,36.67,96159,354048780
2025-12-04,600893.SH,36.67,37.05,36.41,36.99,121683,447480050
2025-12-07,600893.SH,37.1,37.59,36.97,36.99,211199,787750396
2025-12-08,600893.SH,36.86,37.12,36.41,36.47,157131,576806185
2025-12-09,600893.SH,36.47,37.28,36.2,36.97,157153,578025691
2025-12-10,600893.SH,37.07,37.2,36.41,36.42,135415,498143536
2025-12-11,600893.SH,36.5,37.25,36.28,36.88,203179,747566990
2025-12-14,600893.SH,36.88,37.89,36.8,37.45,316291,1185286391
2025-12-15,600893.SH,37.31,37.44,36.2,36.96,264763,971029410
2025-12-16,600893.SH,36.8,37.48,36.27,36.76,198610,728366644
2025-12-17,600893.SH,36.6,37.71,36.52,37.7,328606,1227439364
2025-12-18,600893.SH,37.7,39.3,37.55,39.18,620309,2409626807
2025-12-21,600893.SH,39.18,39.3,38.57,38.61,277384,1077856131
2025-12-22,600893.SH,38.62,39.03,37.99,38.28,248250,953266111
2025-12-23,600893.SH,38,38.88,37.77,38.83,233855,902371693
2025-12-24,600893.SH,38.91,41.95,38.72,41.34,716430,2916758493
2025-12-25,600893.SH,41.18,41.34,40.18,40.25,428396,1738026260
2025-12-28,600893.SH,40.26,40.75,39.7,40.3,323096,1297058420
2025-12-29,600893.SH,40.33,41.15,39.79,39.95,383974,1549935194
2025-12-30,600893.SH,39.8,40.41,39.46,40.03,302261,1208868221
2026-01-04,600893.SH,40.67,40.84,39.8,40.16,343640,1385880006
2026-01-05,600893.SH,40.06,41.65,39.94,41.35,511343,2082090545
2026-01-06,600893.SH,41,43.25,40.75,42.61,763634,3241774732
2026-01-07,600893.SH,42.59,44.26,41.96,43.77,650109,2820991442
2026-01-08,600893.SH,44.73,45.88,43.6,43.97,813697,3613433771
2026-01-11,600893.SH,44.5,45.18,43.71,44.94,725968,3235906109
2026-01-12,600893.SH,44.5,44.52,42,42.22,704544,3005959878
2026-01-13,600893.SH,42,42.74,41.02,41.33,505390,2117317331
2026-01-14,600893.SH,41.32,42.09,41.06,41.27,312712,1296267119
2026-01-15,600893.SH,41.55,41.7,40.42,40.57,339207,1384480895
2026-01-18,600893.SH,40.28,44.63,40.11,44.63,813379,3501686808
2026-01-19,600893.SH,45.98,48.5,45.08,45.43,1245050,5749967649
2026-01-20,600893.SH,45.18,48.15,44.88,46.73,905357,4195995088
2026-01-21,600893.SH,46.25,50.29,46.25,48.85,949421,4655047657
2026-01-22,600893.SH,48.86,49.1,47.41,47.7,697838,3342396257
2026-01-25,600893.SH,47.22,48.48,45.93,45.99,569113,2673510521
2026-01-26,600893.SH,46.28,50.59,46.05,50.59,882834,4266838795
2026-01-27,600893.SH,50.48,51.18,49.03,49.7,777668,3871909401
2026-01-28,600893.SH,49.71,50.21,47.94,48.1,555759,2715333810
2026-01-29,600893.SH,47.8,48.2,45.51,46.33,507884,2359811189
2026-02-01,600893.SH,46.16,46.77,45.06,45.28,406497,1857239398
2026-02-02,600893.SH,45.93,49.5,45.93,48.53,606050,2922913635
2026-02-03,600893.SH,48.53,50.35,48.22,49.41,571792,2818522615
2026-02-04,600893.SH,49,51.38,48.91,49.94,581241,2923424049
2026-02-05,600893.SH,49.92,49.97,48.09,48.49,386291,1888573426
2026-02-08,600893.SH,49.44,49.98,48.3,48.91,337766,1659431068
2026-02-09,600893.SH,49.05,51.95,48.45,50.37,533582,2699075725
2026-02-10,600893.SH,50,50.8,49,49.08,319318,1583258506
2026-02-11,600893.SH,48.87,52.5,48.7,51.97,535996,2751332813
2026-02-12,600893.SH,51.88,57.17,51.7,57.17,1004186,5530400585
2026-02-23,600893.SH,57,59.97,56.08,58.35,837132,4911316684
2026-02-24,600893.SH,58.58,59.79,57.37,57.91,508408,2954036003
2026-02-25,600893.SH,57.21,60.3,55.6,59.68,733847,4252832979
2026-02-26,600893.SH,58.88,59.3,56.31,57.14,503732,2897564682
2026-03-01,600893.SH,58.5,62.58,56.99,61.35,864171,5191541098
2026-03-02,600893.SH,60.45,60.79,56,56.35,665898,3851544025
2026-03-03,600893.SH,55.54,59.22,55.21,57.83,518195,2984125179
2026-03-04,600893.SH,58.39,59.38,57.08,57.73,391231,2273812396
2026-03-05,600893.SH,58,63.2,57.8,61.18,682119,4151319043
2026-03-08,600893.SH,59.28,61.18,57.1,60.34,508533,3012078752
2026-03-09,600893.SH,60.12,63.78,60.1,62.09,416011,2587278377
2026-03-10,600893.SH,62.46,62.71,58.18,58.33,554672,3293690613
2026-03-11,600893.SH,58,58.32,54.5,55.72,627309,3517875977
2026-03-12,600893.SH,55.12,55.86,53.25,53.88,425331,2310547876
2026-03-15,600893.SH,54.21,55.99,54,55.23,370111,2032087971
2026-03-16,600893.SH,55.46,55.72,53.8,53.8,258565,1410902941
2026-03-17,600893.SH,53.86,54.55,53.28,54.14,244792,1317690942
2026-03-18,600893.SH,52.58,52.85,50.8,51.12,447575,2309620579
2026-03-19,600893.SH,51.65,51.65,49.43,49.44,403763,2023003092
2026-03-22,600893.SH,48.45,48.97,46.32,46.78,418882,1993982174
2026-03-23,600893.SH,47.5,48.11,46.85,47.95,364099,1729218839
2026-03-24,600893.SH,48.28,50.46,48.12,49.58,346899,1718461077
2026-03-25,600893.SH,49.6,49.99,47.66,48,356554,1731020469
2026-03-26,600893.SH,47.48,48.35,46.8,48.03,294590,1402574615
2026-03-29,600893.SH,47.2,49.13,47.11,48.62,302420,1465673229
2026-03-30,600893.SH,49.11,49.7,47.97,48.06,284024,1385427776
2026-03-31,600893.SH,48.92,49.29,48.22,49.04,290893,1419642371
2026-04-01,600893.SH,49.53,52.46,49.53,49.8,540977,2754462343
2026-04-02,600893.SH,50.28,50.5,48.22,48.99,279692,1373565024
2026-04-06,600893.SH,49.58,49.58,45.8,46.52,507135,2363043478
2026-04-07,600893.SH,47.72,50.64,47.6,50.39,602473,2983972509
2026-04-08,600893.SH,49.61,50.11,48.9,49.54,317069,1567576881
2026-04-09,600893.SH,50.03,52.08,50.02,51.46,468021,2407353176
2026-04-12,600893.SH,50.33,51.71,50.21,51.42,266686,1365487450
2026-04-13,600893.SH,51.7,52.42,50.96,51.32,272283,1407909445
2026-04-14,600893.SH,51.51,52.36,51.11,51.15,296246,1533669042
2026-04-15,600893.SH,51.25,51.5,49.55,50.63,361502,1813863509
2026-04-16,600893.SH,50.31,50.48,49.28,49.77,244362,1213382227
2026-04-19,600893.SH,49.94,50.79,48.88,49.98,300376,1500446822
2026-04-20,600893.SH,50,50.27,47.77,48.71,345461,1677105885
2026-04-21,600893.SH,48.26,48.6,47.51,48.53,275355,1325859530
2026-04-22,600893.SH,49,52.28,49,50.36,687428,3498123945
2026-04-23,600893.SH,50.38,50.65,48.67,49.11,309670,1528225918
2026-04-26,600893.SH,49,49.1,47.45,48.33,317464,1527440597
2026-04-27,600893.SH,47.7,48.21,45.13,45.6,504404,2335403484
2026-04-28,600893.SH,45.62,45.95,45.11,45.46,270190,1227729341
2026-04-29,600893.SH,45.4,46.75,45.21,46.25,285262,1315536005
2026-05-05,600893.SH,46.5,47.75,46.5,46.84,354723,1673369244
2026-05-06,600893.SH,47,48.56,46.64,48.33,346593,1650601265
2026-05-07,600893.SH,48.19,51.31,47.34,50.1,559133,2773408668
2026-05-10,600893.SH,50.25,51.44,49.84,50.5,463306,2342398663
2026-05-11,600893.SH,50.5,50.55,47.68,48.7,444613,2171764288
2026-05-12,600893.SH,48.6,53,47.62,51.38,715787,3631414652
2026-05-13,600893.SH,51.55,51.68,48.56,48.56,574798,2853014643
2026-05-14,600893.SH,48.32,49.09,46.62,47.12,360768,1721321251
2026-05-17,600893.SH,46.91,47.51,46,46.46,295617,1377486962
2026-05-18,600893.SH,46.55,48.16,45.72,47.63,306535,1433124787
2026-05-19,600893.SH,47.2,48.74,47.04,47.15,345123,1646323608
2026-05-20,600893.SH,47.18,48.1,45.46,45.59,324078,1520455823
2026-05-21,600893.SH,45.8,46.38,45.1,45.81,248492,1134117512
2026-05-24,600893.SH,46.13,46.31,44.4,45,340016,1529990949
2026-05-25,600893.SH,44.8,45.12,43.5,44.9,319123,1413125350
2026-05-26,600893.SH,45.01,45.27,43.9,44.11,266685,1181740579
2026-05-27,600893.SH,44.13,45.19,43.54,43.77,302693,1341191979
2026-05-28,600893.SH,43.71,43.77,41.07,41.52,432259,1815493903
2026-05-31,600893.SH,41.52,42.69,41.22,41.52,303647,1269785648
2026-06-01,600893.SH,41.54,41.54,40.12,41.12,256203,1046621494
2026-06-02,600893.SH,41.12,41.81,40.85,41.25,201928,835013608
2026-06-03,600893.SH,40.92,42.98,40.38,42.75,414825,1720951164
2026-06-04,600893.SH,42.24,43.32,42,42.37,298978,1277137451
2026-06-07,600893.SH,41.4,41.97,38.99,39.56,371414,1491934542
2026-06-08,600893.SH,40.35,40.38,39.01,39.48,241079,950109380
2026-06-09,600893.SH,39.2,39.79,37.73,37.98,348822,1337262126
2026-06-10,600893.SH,37.51,38.58,37,38.19,337116,1277006691
2026-06-11,600893.SH,38.88,40.6,38.66,38.82,467283,1849746968
2026-06-14,600893.SH,38.68,39.07,37.86,38.16,403967,1546744725
2026-06-15,600893.SH,38.17,40.15,37.72,39.49,433608,1697376111
2026-06-16,600893.SH,39.49,40.28,39.01,39.82,291201,1157206190
2026-06-17,600893.SH,39.7,40.6,38.98,39.02,338678,1344167539
2026-06-21,600893.SH,39.02,41.8,39,41.6,532401,2179178166
2026-06-22,600893.SH,41.42,41.52,40.09,40.38,396007,1615870156
2026-06-23,600893.SH,39.98,40.31,38.83,39.12,300395,1181137683
2026-06-24,600893.SH,39,40.15,38.11,38.48,342052,1321197946
2026-06-25,600893.SH,38.3,38.4,36.45,37.31,462335,1725941814
2026-06-28,600893.SH,37.31,37.99,36,37.28,373636,1382338974
2026-06-29,600893.SH,37.19,38.7,37.06,38.34,311999,1181984309
2026-06-30,600893.SH,38.32,38.58,37.56,37.73,307068,1167696830
2026-07-01,600893.SH,37.4,38.29,36.92,37.06,297395,1117822061
2026-07-02,600893.SH,37.3,39.69,37.2,39.31,516943,2011785249
2026-07-05,600893.SH,39.35,40.23,38.37,38.7,311084,1210091028
2026-07-06,600893.SH,38.5,39.07,37.08,37.17,306549,1158178437
2026-07-07,600893.SH,37.2,37.33,35.45,35.45,355497,1285527400
2026-07-08,600893.SH,35.2,35.88,34.44,35.75,353661,1240341885
2026-07-09,600893.SH,35.7,37.61,35.25,35.77,538131,1963673938
2026-07-12,600893.SH,35.76,35.76,33,33.13,530748,1790688656
2026-07-13,600893.SH,32.9,33.11,31.86,32.82,363891,1179043826
2026-07-14,600893.SH,33.4,35.17,33.38,33.7,520665,1795640123
2026-07-15,600893.SH,33.43,34.53,33.3,33.4,321439,1087111293
2026-07-16,600893.SH,33.25,33.56,32.17,32.33,319007,1047704696
2026-07-19,600893.SH,32.78,33.86,32.3,33.15,404408,1336402994
2026-07-20,600893.SH,33.17,33.83,32.81,33.79,381670,1272548328
2026-07-21,600893.SH,33.51,34.72,33.15,33.92,291560,990271535
2026-07-22,600893.SH,33.95,35.73,33.95,35.6,408918,1432313698
2026-07-23,600893.SH,35.23,35.82,34.56,34.6,273265,960616740
2026-07-26,600893.SH,34.52,35.19,34.4,35.15,216896,757712348
2026-07-27,600893.SH,34.8,35.13,34.4,34.58,181689,628376169
2026-07-28,600893.SH,34.55,35.98,34.41,35.76,325825,1153718447
2026-07-29,600893.SH,35.47,35.81,34.87,35.13,269602,951729973
2026-07-30,600893.SH,35.11,35.3,34.45,34.72,361266,1256899707
2026-08-02,600893.SH,34.59,36.08,34.52,35.98,363654,1291500615
2026-08-03,600893.SH,35.96,36.36,35.55,35.68,316543,1132555723
2026-08-04,600893.SH,35.79,35.9,35.32,35.7,338873,1205519886
2026-08-05,600893.SH,35.58,36.09,34.95,35.91,381280,1354270848
2026-08-06,600893.SH,35.75,35.99,35.23,35.97,258653,922601942
2026-08-09,600893.SH,35.98,36.98,35.73,36.9,364013,1324100347
2026-08-10,600893.SH,36.4,36.83,35.89,36.2,300332,1091751605
2026-08-11,600893.SH,36.15,36.81,36.01,36.69,251594,918475296
2026-08-12,600893.SH,36.61,37.42,36.27,36.27,280818,1032932078
2026-08-13,600893.SH,36.16,37.65,36.16,36.88,367087,1359464331
2026-08-16,600893.SH,36.88,37.8,36.8,37.6,264931,991839906
2026-08-17,600893.SH,37.39,37.79,36.7,37.01,277979,1030131518
2026-08-18,600893.SH,37.04,37.2,35.55,35.57,342766,1232248700
2026-08-19,600893.SH,35.75,36.47,35.5,35.78,204245,735435430
2026-08-20,600893.SH,35.51,36.55,35.33,36.32,172284,621034552
2026-08-23,600893.SH,36.32,37.5,36.11,36.6,275928,1014442731
2026-08-24,600893.SH,36.25,36.57,35.5,36.28,239276,861798931
2026-08-25,600893.SH,36.24,37.28,36.11,36.7,234271,861963334
2026-08-26,600893.SH,36.72,37.69,36.35,37.6,296637,1103710136
2026-08-27,600893.SH,37.7,38.33,37.4,37.9,309256,1173675706
2026-08-30,600893.SH,37.92,38.98,37.8,38.66,314800,1208336948
2026-08-31,600893.SH,38.44,39.04,38.25,38.51,265092,1024442293
2026-09-01,600893.SH,38.35,39.39,38.15,38.83,386408,1498144905
2026-09-02,600893.SH,38.73,39.48,38.63,39.16,273401,1068260484
2026-09-03,600893.SH,39.29,40.87,38.96,40.04,445091,1772780939
2026-09-06,600893.SH,40.1,40.11,38.7,38.98,352255,1375862005
2026-09-07,600893.SH,38.8,41.56,38.7,41.25,564388,2303738869
2026-09-08,600893.SH,40.88,42.3,40.88,41.37,485221,2016187447
2026-09-09,600893.SH,40.9,42.44,40.51,41.71,359935,1504938297
2026-09-10,600893.SH,41.2,42,40.61,41.61,352132,1452852269
2026-09-13,600893.SH,41.2,41.75,39.95,40.18,351594,1421818553
2026-09-14,600893.SH,40.19,40.83,39.5,39.58,326931,1309498016
2026-09-15,600893.SH,39.56,39.96,39.19,39.7,245475,969938273
2026-09-16,600893.SH,39.5,40.18,39.2,39.37,199222,788199802
2026-09-17,600893.SH,39.51,39.82,38.97,39.19,222177,874393032
2026-09-20,600893.SH,39.2,41.48,38.88,40.53,349437,1413422048
2026-09-21,600893.SH,40.28,40.98,39.2,39.65,344736,1365896219
2026-09-22,600893.SH,39.65,39.99,38.8,39.56,219515,865054415
2026-09-23,600893.SH,39.31,39.55,38.27,38.29,219478,848223390
2026-09-27,600893.SH,38.28,39.43,38.24,38.68,275575,1070391691
2026-09-28,600893.SH,38.61,38.7,37.75,38.41,162520,620422453
2026-09-29,600893.SH,38.6,39.25,38.49,38.86,172562,672149248
2022-08-16,000768.SZ,30.9,31.2,30.51,31.09,159394,492362190.83
2022-08-17,000768.SZ,31.09,31.28,30.59,31.2,179632,556360077.15
2022-08-18,000768.SZ,31.05,31.23,30.34,30.38,171997,528516873.67
2022-08-21,000768.SZ,30.22,30.68,30.03,30.38,139116,423378742.88
2022-08-22,000768.SZ,30.35,30.6,29.71,30,183049,550059339.45
2022-08-23,000768.SZ,29.84,29.98,28.08,28.18,348443,999513003.17
2022-08-24,000768.SZ,28.16,28.75,27.3,28.06,346569,968789426.9
2022-08-25,000768.SZ,28.07,28.2,27.75,27.83,190772,533048176.18
2022-08-28,000768.SZ,27.43,28.5,27.1,28.21,181611,510111828.04
2022-08-29,000768.SZ,28.72,29.08,27.9,28.01,237602,675705943.64
2022-08-30,000768.SZ,27.91,28.31,27.45,27.94,217101,604782735.14
2022-08-31,000768.SZ,27.72,28.07,27.27,27.42,184843,510509951.4
2022-09-01,000768.SZ,27.41,27.7,26.88,27.27,212985,581777185.87
2022-09-04,000768.SZ,27.2,27.94,27.1,27.47,203730,560959984.03
2022-09-05,000768.SZ,27.75,30.08,27.71,29.46,669770,1958991217.08
2022-09-06,000768.SZ,29.21,30.33,29.1,29.99,323670,968817307.46
2022-09-07,000768.SZ,29.96,31.31,29.92,31.07,436144,1351080610.89
2022-09-08,000768.SZ,31.13,31.75,30.6,30.98,302400,939389618.23
2022-09-12,000768.SZ,31.4,31.99,30.7,31.79,417478,1313334674.37
2022-09-13,000768.SZ,31.51,32.09,31.18,31.35,306726,967702588.08
2022-09-14,000768.SZ,31.45,31.5,30.33,30.74,285836,878619183.49
2022-09-15,000768.SZ,30.75,31.56,30.57,30.59,274759,852970254.67
2022-09-18,000768.SZ,30.44,30.95,29.68,30.16,238108,720959377.07
2022-09-19,000768.SZ,30.45,30.6,29.92,30.11,185051,559686873.06
2022-09-20,000768.SZ,30.08,30.94,29.5,30.52,276076,836967929.66
2022-09-21,000768.SZ,30.29,30.99,29.79,29.83,402608,1224194712.59
2022-09-22,000768.SZ,29.71,31.1,29.28,29.69,491492,1471214267.69
2022-09-25,000768.SZ,29.09,29.39,28.16,28.25,438578,1251188769.24
2022-09-26,000768.SZ,28.28,28.96,28.28,28.56,283450,810183686.65
2022-09-27,000768.SZ,28.52,29,27.25,27.28,231373,645964424.02
2022-09-28,000768.SZ,27.89,28.16,27.3,27.7,235900,654143170.12
2022-09-29,000768.SZ,27.75,27.75,26,26.07,317209,844696927.27
2022-10-09,000768.SZ,26.56,26.8,25.63,25.86,251336,659180622.74
2022-10-10,000768.SZ,25.89,25.94,25.15,25.27,214618,544161202.39
2022-10-11,000768.SZ,25.3,25.52,24.26,25.52,282123,702855561.72
2022-10-12,000768.SZ,25.33,26.26,25.18,25.79,248945,643536966.53
2022-10-13,000768.SZ,26,26.7,25.7,26.37,267666,703015345.35
2022-10-16,000768.SZ,26.38,27.37,26.37,26.91,336801,905520328.3
2022-10-17,000768.SZ,26.94,27.04,26.57,26.75,195121,522772476.93
2022-10-18,000768.SZ,26.59,27.34,26.52,26.76,218285,587808608.41
2022-10-19,000768.SZ,26.7,26.99,26.19,26.45,257563,684581021.5
2022-10-20,000768.SZ,26.52,26.93,26.2,26.37,155361,410802862.91
2022-10-23,000768.SZ,26.9,28.67,26.68,27.82,658302,1840918711.48
2022-10-24,000768.SZ,27.78,28.73,27.55,28.12,393274,1104074757.96
2022-10-25,000768.SZ,28.13,29.23,27.6,28.73,468135,1330128160.41
2022-10-26,000768.SZ,28.54,28.8,28,28.48,264054,748595528.46
2022-10-27,000768.SZ,28.18,28.67,27.57,27.8,227379,637903672.69
2022-10-30,000768.SZ,27,27.7,25.23,27.21,757529,1987761798.81
2022-10-31,000768.SZ,27.13,27.44,26.2,26.78,455743,1217614929.97
2022-11-01,000768.SZ,26.71,28.23,26.43,27.48,425048,1161830723.21
2022-11-02,000768.SZ,27.3,28.03,27.14,27.69,264906,733215340.28
2022-11-03,000768.SZ,27.8,28.33,27.58,28.31,269601,755783869.09
2022-11-06,000768.SZ,28.36,28.7,27.65,27.89,322973,906558217.1
2022-11-07,000768.SZ,27.95,28.21,27.6,27.84,214892,599432051.33
2022-11-08,000768.SZ,28.5,28.6,27.32,27.33,274495,763054104.6
2022-11-09,000768.SZ,27.01,27.08,26.03,26.24,315905,835864687.36
2022-11-10,000768.SZ,26.71,26.75,26.05,26.51,266026,702545673.87
2022-11-13,000768.SZ,26.37,27,26,26.18,265463,703423169.55
2022-11-14,000768.SZ,26,26.96,25.92,26.53,246415,653591522.11
2022-11-15,000768.SZ,26.7,27.32,26.5,26.65,318192,854821264.23
2022-11-16,000768.SZ,26.85,27.2,26.18,27.19,305467,816237043.43
2022-11-17,000768.SZ,27.03,27.15,26.2,26.28,279256,743107263.26
2022-11-20,000768.SZ,26.12,26.66,25.93,26.49,146088,385570162.96
2022-11-21,000768.SZ,26.39,27.04,26.12,26.51,274271,730639996.08
2022-11-22,000768.SZ,26.52,26.65,26.07,26.65,160775,424201357.04
2022-11-23,000768.SZ,26.6,26.72,25.93,26.06,198240,520351134.35
2022-11-24,000768.SZ,26.07,26.17,25.47,25.6,186818,481904901.77
2022-11-27,000768.SZ,25.09,26.16,25.01,25.97,229913,592112934.02
2022-11-28,000768.SZ,26.49,27.05,26.25,26.7,369359,988063275.68
2022-11-29,000768.SZ,27.37,27.66,26.72,26.76,336860,910045620.11
2022-11-30,000768.SZ,26.8,27.12,26.8,26.95,207071,558413075.84
2022-12-01,000768.SZ,26.8,26.97,26.58,26.63,133089,355680940.6
2022-12-04,000768.SZ,26.7,27.3,26.59,27.11,241934,654188566.5
2022-12-05,000768.SZ,27.11,27.4,26.83,27.39,232846,632351452.84
2022-12-06,000768.SZ,27.12,27.27,26.49,26.95,250515,673560809.29
2022-12-07,000768.SZ,26.89,26.95,26.53,26.62,109068,291407508.79
2022-12-08,000768.SZ,26.7,27.05,26.19,26.29,199482,527682819.62
2022-12-11,000768.SZ,26.15,26.57,25.75,26.35,178160,466804306.45
2022-12-12,000768.SZ,26.25,26.45,25.72,25.85,156971,407411087.99
2022-12-13,000768.SZ,25.8,26.15,25.79,26.01,99105,257922914.8
2022-12-14,000768.SZ,25.89,26.08,25.81,25.99,81542,211489598.47
2022-12-15,000768.SZ,25.8,25.88,25.49,25.61,101062,259327479.89
2022-12-18,000768.SZ,25.65,25.78,25.11,25.28,84859,215754814.42
2022-12-19,000768.SZ,25.12,25.56,24.9,25.19,128709,323968108.76
2022-12-20,000768.SZ,25.15,25.33,24.78,24.93,91303,228819598.59
2022-12-21,000768.SZ,25.05,25.09,23.6,24.11,314296,760235739.98
2022-12-22,000768.SZ,23.9,24.12,23.66,23.83,99977,238605956.39
2022-12-25,000768.SZ,24.11,24.58,23.96,24.48,172047,418175345.02
2022-12-26,000768.SZ,24.48,24.68,24.13,24.51,118331,288826559.52
2022-12-27,000768.SZ,24.52,24.7,24.09,24.17,111740,272229268.03
2022-12-28,000768.SZ,24.12,25.86,24.02,25.13,330692,830796180.79
2022-12-29,000768.SZ,25.05,25.62,25.05,25.45,156122,395407827.53
2023-01-02,000768.SZ,25.44,25.85,25.13,25.7,181259,463512588.06
2023-01-03,000768.SZ,25.57,25.76,25.3,25.59,136780,349056348.81
2023-01-04,000768.SZ,25.55,25.84,25.52,25.74,118000,303422774.43
2023-01-05,000768.SZ,25.65,25.94,25.55,25.76,136960,352461740.81
2023-01-08,000768.SZ,25.7,25.75,24.6,24.77,337392,843613401.33
2023-01-09,000768.SZ,24.8,24.92,24.31,24.49,180475,441961926.53
2023-01-10,000768.SZ,24.53,24.88,24.16,24.31,202989,496442959.6
2023-01-11,000768.SZ,24.99,25,24.26,24.36,228960,562413168.58
2023-01-12,000768.SZ,24.36,24.55,24.15,24.43,151263,368657990.08
2023-01-15,000768.SZ,24.5,24.92,24.45,24.78,293108,723908586.14
2023-01-16,000768.SZ,24.87,25.4,24.65,24.99,236425,591380480.43
2023-01-17,000768.SZ,24.99,25.17,24.87,25.02,127249,318675657.43
2023-01-18,000768.SZ,24.83,25.53,24.83,25.45,178302,450379970.82
2023-01-19,000768.SZ,25.45,25.9,25.4,25.72,189914,487327587.76
2023-01-29,000768.SZ,26.02,26.88,26.02,26.53,345603,915079930.61
2023-01-30,000768.SZ,26.54,26.87,26.33,26.85,292561,779748503.51
2023-01-31,000768.SZ,26.9,27.13,26.61,27.07,258328,694342796.72
2023-02-01,000768.SZ,27.16,27.27,26.29,26.44,292001,778421241.88
2023-02-02,000768.SZ,26.44,26.8,26.22,26.7,212470,563465081.41
2023-02-05,000768.SZ,26.67,26.83,26.36,26.51,152654,406157017.19
2023-02-06,000768.SZ,26.51,26.81,26.27,26.46,152622,404496003.54
2023-02-07,000768.SZ,26.52,26.6,26.1,26.16,121914,320409993.58
2023-02-08,000768.SZ,26.18,26.77,25.69,26.69,197815,525819769.54
2023-02-09,000768.SZ,26.54,26.75,26.23,26.38,143078,378511070.9
2023-02-12,000768.SZ,26.4,26.74,26.4,26.46,191526,508784433.66
2023-02-13,000768.SZ,26.23,26.46,26.04,26.28,142306,372454922.9
2023-02-14,000768.SZ,26.24,26.59,26.12,26.51,158621,418813049.77
2023-02-15,000768.SZ,26.4,26.62,25.8,26.04,202495,533077470.15
2023-02-16,000768.SZ,26.04,26.25,25.43,25.56,196215,505674597.51
2023-02-19,000768.SZ,25.5,25.74,25.1,25.67,200212,507677262.76
2023-02-20,000768.SZ,25.62,26.5,25.6,26.11,226884,593228065.2
2023-02-21,000768.SZ,25.98,26.34,25.84,26.04,151210,394392209.45
2023-02-22,000768.SZ,26.08,26.21,25.77,25.85,139178,360970237.68
2023-02-23,000768.SZ,25.9,26.75,25.9,26.4,380161,1005632743.56
2023-02-26,000768.SZ,26.3,26.6,25.93,26.07,239847,629175688.88
2023-02-27,000768.SZ,26.08,26.28,25.9,26.28,124235,323930322.76
2023-02-28,000768.SZ,26.24,26.45,26.05,26.39,149291,392840372.73
2023-03-01,000768.SZ,26.32,26.7,26.12,26.22,212543,560271205.08
2023-03-02,000768.SZ,26.2,27.79,26.05,27.65,721400,1969036935.98
2023-03-05,000768.SZ,28.05,28.36,27.41,27.85,559361,1558984384.12
2023-03-06,000768.SZ,27.78,27.93,26.85,26.95,323170,883779711.26
2023-03-07,000768.SZ,26.81,27.66,26.71,27.43,276012,752775188.16
2023-03-08,000768.SZ,27.41,27.57,26.85,27,213995,580395697.03
2023-03-09,000768.SZ,26.78,27.22,26.5,26.62,227049,609450714.45
2023-03-12,000768.SZ,26.46,26.94,26.41,26.91,187469,501211210.73
2023-03-13,000768.SZ,26.68,26.96,26.09,26.59,182798,484679741.42
2023-03-14,000768.SZ,26.53,26.66,26.2,26.41,185399,489299358.36
2023-03-15,000768.SZ,26.15,26.35,25.41,25.45,212074,547699725.59
2023-03-16,000768.SZ,25.61,25.85,25.53,25.62,123822,317856578.42
2023-03-19,000768.SZ,25.63,25.84,25,25.52,126674,324012923.08
2023-03-20,000768.SZ,26.2,27.27,26.18,26.78,419737,1119402204.48
2023-03-21,000768.SZ,26.79,26.82,26.28,26.36,206787,547344583.79
2023-03-22,000768.SZ,26.25,26.56,26.2,26.53,155493,410140046.3
2023-03-23,000768.SZ,26.34,26.49,26.25,26.4,119792,315734670.12
2023-03-26,000768.SZ,26.41,26.41,25.81,25.93,165634,430903564.38
2023-03-27,000768.SZ,25.87,26.28,25.73,25.83,132284,343520579.06
2023-03-28,000768.SZ,25.82,25.84,25.4,25.45,147348,376956171.37
2023-03-29,000768.SZ,25.45,25.68,25.22,25.63,150707,384277402.17
2023-03-30,000768.SZ,25.53,25.78,25.48,25.73,100912,258930309.12
2023-04-02,000768.SZ,25.62,26.23,25.62,26.2,200068,520339622.86
2023-04-03,000768.SZ,26.07,26.14,25.65,26.01,150414,389021667.03
2023-04-05,000768.SZ,25.94,26.94,25.79,26.85,303459,804766707.28
2023-04-06,000768.SZ,26.98,27.11,26.48,26.6,191478,511184878.07
2023-04-09,000768.SZ,26.7,26.97,26.4,26.52,170591,454646122.08
2023-04-10,000768.SZ,26.33,26.55,25.9,26.32,146971,385511374.65
2023-04-11,000768.SZ,26.2,26.42,26.03,26.3,108169,283406398.49
2023-04-12,000768.SZ,26.18,26.25,25.79,25.87,125061,324257092.28
2023-04-13,000768.SZ,25.79,25.98,25.74,25.98,92611,239488521.12
2023-04-16,000768.SZ,25.88,26.54,25.79,26.51,190405,500496842.28
2023-04-17,000768.SZ,26.6,26.88,25.98,26.38,264331,698204952.16
2023-04-18,000768.SZ,26.25,26.45,25.81,25.86,188123,489480610.09
2023-04-19,000768.SZ,25.8,25.87,25.32,25.49,175205,446874489.15
2023-04-20,000768.SZ,25.42,26.04,25.42,25.54,205870,530478493.51
2023-04-23,000768.SZ,25.5,25.5,24.57,24.76,208339,517117461.92
2023-04-24,000768.SZ,24.77,24.92,24.17,24.41,136728,334775422.96
2023-04-25,000768.SZ,24.3,24.81,24.24,24.55,114814,282667194.24
2023-04-26,000768.SZ,24.47,25.49,24.41,25.39,216614,546027503.81
2023-04-27,000768.SZ,25.25,25.96,25.25,25.9,159799,408701107.01
2023-05-03,000768.SZ,25.72,26.11,25.4,25.5,139524,358941581.68
2023-05-04,000768.SZ,25.5,25.61,25.2,25.3,142664,362438297.27
2023-05-07,000768.SZ,25.34,26.26,25.32,26.23,224131,580767337.1
2023-05-08,000768.SZ,26.32,26.95,25.87,25.94,308550,814962109.55
2023-05-09,000768.SZ,25.72,25.9,25.21,25.63,182591,465191109.07
2023-05-10,000768.SZ,25.65,25.65,25.2,25.22,138831,351387639.59
2023-05-11,000768.SZ,25.2,25.32,24.74,24.82,117951,294421590.26
2023-05-14,000768.SZ,24.67,25.5,24.6,25.4,150287,377072090.65
2023-05-15,000768.SZ,25.34,25.46,25.05,25.12,118835,299788555.79
2023-05-16,000768.SZ,25.01,26.06,24.93,25.96,273126,702096785.3
2023-05-17,000768.SZ,25.91,25.94,25.52,25.71,132262,340134731.55
2023-05-18,000768.SZ,25.55,26.08,25.5,25.74,142140,367313854.11
2023-05-21,000768.SZ,25.6,25.99,25.58,25.73,106910,275611789.1
2023-05-22,000768.SZ,25.65,25.87,25.3,25.3,99770,254776111.3
2023-05-23,000768.SZ,25.2,25.53,24.92,24.96,119551,301547853.41
2023-05-24,000768.SZ,24.83,25.2,24.7,25.06,126676,316217096.26
2023-05-25,000768.SZ,25.1,25.17,24.69,25.16,99702,248676699.08
2023-05-28,000768.SZ,26.18,26.18,25.18,25.22,279240,714941366.37
2023-05-29,000768.SZ,25.08,25.15,24.45,24.78,210773,521613660.97
2023-05-30,000768.SZ,24.76,25.23,24.6,24.87,198952,495286121.85
2023-05-31,000768.SZ,24.69,24.91,24.41,24.72,160295,394876749.39
2023-06-01,000768.SZ,24.69,24.85,24.58,24.77,124016,306365935.88
2023-06-04,000768.SZ,24.78,24.85,24.4,24.52,150054,368322717.76
2023-06-05,000768.SZ,24.46,24.48,24.05,24.13,127071,308210068.03
2023-06-06,000768.SZ,24.05,24.12,23.14,23.62,188455,443680978.54
2023-06-07,000768.SZ,23.53,23.67,23.4,23.5,115988,272503931.88
2023-06-08,000768.SZ,23.51,23.73,23.4,23.72,108602,255754071.24
2023-06-11,000768.SZ,23.72,23.73,23.38,23.4,132712,311624711.88
2023-06-12,000768.SZ,23.35,23.42,23.1,23.33,118094,274451527.98
2023-06-13,000768.SZ,23.35,23.35,23,23,151089,350053459.77
2023-06-14,000768.SZ,23,23.49,22.66,23.46,212098,490939129.84
2023-06-15,000768.SZ,23.45,23.81,23.4,23.76,169857,401778296.51
2023-06-18,000768.SZ,23.76,23.93,23.64,23.76,124017,294750675.24
2023-06-19,000768.SZ,23.7,24.2,23.65,24.08,209255,502986907.06
2023-06-20,000768.SZ,24.01,24.15,23.83,23.86,119092,285187968.45
2023-06-25,000768.SZ,23.77,24.3,23.65,23.97,172642,415020842.41
2023-06-26,000768.SZ,23.92,24.3,23.9,24.18,125899,304258547.44
2023-06-27,000768.SZ,24.2,25.03,24,24.84,318308,784454363.54
2023-06-28,000768.SZ,24.77,25.87,24.7,25.72,436275,1112223454.68
2023-06-29,000768.SZ,25.72,26.88,25.69,26.75,589080,1559971111.41
2023-07-02,000768.SZ,26.66,27,26.38,26.83,385245,1031919639.64
2023-07-03,000768.SZ,26.8,27,26.58,26.64,235654,631129992.95
2023-07-04,000768.SZ,26.64,26.68,26.22,26.25,210482,555737541.09
2023-07-05,000768.SZ,26.38,26.42,25.87,25.96,154222,402557079.15
2023-07-06,000768.SZ,26.1,26.34,25.79,26.11,154079,402099156.84
2023-07-09,000768.SZ,26.1,26.46,25.95,26.19,117426,307353009.24
2023-07-10,000768.SZ,26.1,26.66,26.05,26.28,119420,314905354.03
2023-07-11,000768.SZ,26.29,26.45,25.83,25.97,126271,328451303.69
2023-07-12,000768.SZ,25.97,26.17,25.73,25.85,118495,306523100.36
2023-07-13,000768.SZ,25.9,26.15,25.78,25.85,98677,255853084.86
2023-07-16,000768.SZ,25.88,26.34,25.76,25.92,109204,283512360.76
2023-07-17,000768.SZ,25.88,26.6,25.78,26.1,174366,456773748.88
2023-07-18,000768.SZ,26.06,26.4,25.94,26,92916,242198606.58
2023-07-19,000768.SZ,25.96,26.1,25.42,25.54,132925,341840190.72
2023-07-20,000768.SZ,25.54,25.66,25.33,25.45,91921,234143121.39
2023-07-23,000768.SZ,25.35,25.84,25.32,25.6,83129,213121292.47
2023-07-24,000768.SZ,25.76,25.84,25.4,25.76,98682,252773629.68
2023-07-25,000768.SZ,25.66,25.93,25.58,25.63,89154,229214504.82
2023-07-26,000768.SZ,25.7,26.2,25.5,25.59,129542,334492138.69
2023-07-27,000768.SZ,25.4,25.62,25.2,25.59,146327,371602153.16
2023-07-30,000768.SZ,25.69,25.82,25.5,25.75,147284,377927523.63
2023-07-31,000768.SZ,25.72,25.77,25.36,25.54,108593,277348233.2
2023-08-01,000768.SZ,25.38,25.75,25.02,25.14,115088,290977090.39
2023-08-02,000768.SZ,25.13,25.32,25.03,25.32,59457,149980792.74
2023-08-03,000768.SZ,25.35,25.64,25.13,25.32,101901,258012128.95
2023-08-06,000768.SZ,25.4,25.4,24.81,25.26,130240,326409192.56
2023-08-07,000768.SZ,25.24,25.34,25,25.12,79542,200362901.11
2023-08-08,000768.SZ,25.03,25.19,25.02,25.17,55568,139590559.14
2023-08-09,000768.SZ,25.17,25.34,24.99,25.06,70950,178564822.55
2023-08-10,000768.SZ,25.08,25.17,24.61,24.64,89603,222896211.37
2023-08-13,000768.SZ,24.53,24.87,24.46,24.81,75737,186636654.35
2023-08-14,000768.SZ,24.76,24.94,24.38,24.5,62973,154689142.17
2023-08-15,000768.SZ,24.5,24.67,24.23,24.27,57652,140901147.04
2023-08-16,000768.SZ,24.2,25.48,24.03,25.32,193096,481457591.54
2023-08-17,000768.SZ,25.22,25.55,24.98,24.98,129213,327078017.2
2023-08-20,000768.SZ,25.14,25.2,24.4,24.42,113915,281490481.48
2023-08-21,000768.SZ,24.46,24.94,24.32,24.72,96934,239161036.52
2023-08-22,000768.SZ,24.6,24.7,24.06,24.1,85139,206830112.97
2023-08-23,000768.SZ,24.1,24.42,23.9,24.07,73532,177690821.75
2023-08-24,000768.SZ,23.96,24.25,23.8,23.93,81435,195480984.43
2023-08-27,000768.SZ,25,25.3,24.14,24.2,183320,448465458.89
2023-08-28,000768.SZ,24.21,24.55,23.8,23.96,317545,764809735.99
2023-08-29,000768.SZ,24,24.18,23.73,23.8,175233,418823819.51
2023-08-30,000768.SZ,23.76,23.77,23.23,23.38,213319,499698447.21
2023-08-31,000768.SZ,23.38,23.53,23.25,23.52,121535,284072322.82
2023-09-03,000768.SZ,23.58,23.74,23.55,23.71,129781,307012769.16
2023-09-04,000768.SZ,23.75,23.76,23.2,23.31,169672,398160707.76
2023-09-05,000768.SZ,23.28,24.28,23.17,24.13,260533,620249625.68
2023-09-06,000768.SZ,23.94,24.2,23.65,23.66,168949,404134741.26
2023-09-07,000768.SZ,23.6,24.41,23.52,24.12,226427,545255825.92
2023-09-10,000768.SZ,24.01,24.1,23.4,23.72,213135,504699458.76
2023-09-11,000768.SZ,23.6,23.84,23.46,23.75,138648,328279751.16
2023-09-12,000768.SZ,23.7,23.83,23.45,23.57,132005,312108834.34
2023-09-13,000768.SZ,23.75,23.8,23.45,23.75,107387,254013341.58
2023-09-14,000768.SZ,23.75,24.15,23.69,24.05,191024,456976773.22
2023-09-17,000768.SZ,24,24,23.46,23.55,190771,450315947.43
2023-09-18,000768.SZ,23.55,23.59,23.33,23.35,86117,201676395.63
2023-09-19,000768.SZ,23.35,23.41,22.82,22.88,154235,355436045.49
2023-09-20,000768.SZ,22.88,23.11,22.75,22.82,107645,246333937.42
2023-09-21,000768.SZ,22.73,23.03,22.65,22.93,140743,321944579.51
2023-09-24,000768.SZ,22.87,22.96,22.36,22.39,191137,430717487.93
2023-09-25,000768.SZ,22.3,22.48,22.24,22.41,107818,241061882.07
2023-09-26,000768.SZ,22.41,22.58,22.3,22.41,97657,219112218.37
2023-09-27,000768.SZ,22.46,22.78,22.42,22.71,122250,276118030.79
2023-10-08,000768.SZ,22.7,23,22.62,22.9,134618,307227173.39
2023-10-09,000768.SZ,22.9,23.02,22.64,22.84,99609,227328821.31
2023-10-10,000768.SZ,22.86,22.9,22.28,22.41,135910,305981143.16
2023-10-11,000768.SZ,22.43,22.8,22.41,22.68,115931,261800350.96
2023-10-12,000768.SZ,22.56,22.58,21.69,22,182378,402422191.85
2023-10-15,000768.SZ,21.96,22.23,21.78,21.91,128052,281319651
2023-10-16,000768.SZ,21.9,21.9,21.61,21.8,97736,212597760.6
2023-10-17,000768.SZ,21.8,21.91,21.55,21.75,95775,208198862.87
2023-10-18,000768.SZ,21.66,21.84,21.53,21.54,89623,194455161.52
2023-10-19,000768.SZ,21.4,21.54,21.18,21.21,95799,204543036.74
2023-10-22,000768.SZ,21.2,21.72,21.08,21.31,150011,320814898.91
2023-10-23,000768.SZ,21.36,21.83,21.24,21.78,137255,296363710.43
2023-10-24,000768.SZ,21.78,22.42,21.78,22.1,166300,368171375.97
2023-10-25,000768.SZ,22.1,22.26,21.88,22.18,90373,199835026.04
2023-10-26,000768.SZ,22.05,22.38,22.05,22.3,96538,214616924.23
2023-10-29,000768.SZ,22.12,22.62,22.12,22.49,100992,226610367.57
2023-10-30,000768.SZ,22.45,22.56,22.1,22.26,104091,231850546.82
2023-10-31,000768.SZ,22.26,22.37,21.96,22.04,74092,163592754.94
2023-11-01,000768.SZ,22.04,22.12,21.62,21.63,108013,235043684.07
2023-11-02,000768.SZ,21.64,21.9,21.61,21.83,90126,196425263.69
2023-11-05,000768.SZ,21.91,22.23,21.91,22.22,95476,211125177.1
2023-11-06,000768.SZ,22.15,22.2,21.99,22.13,77754,171700432.04
2023-11-07,000768.SZ,22.12,22.32,22.01,22.22,92363,204732841.37
2023-11-08,000768.SZ,22.1,22.29,22.05,22.16,64245,142411028.59
2023-11-09,000768.SZ,22.03,22.3,22.02,22.28,87619,194586625.18
2023-11-12,000768.SZ,22.29,22.9,22.08,22.84,197938,447312363.43
2023-11-13,000768.SZ,22.8,23.19,22.72,22.99,173798,399539228.6
2023-11-14,000768.SZ,23.01,23.13,22.82,22.89,93731,214808399.8
2023-11-15,000768.SZ,22.99,23.04,22.76,22.76,77308,176942532.1
2023-11-16,000768.SZ,22.76,22.82,22.53,22.65,78534,177933718.99
2023-11-19,000768.SZ,22.65,23.16,22.55,23.07,146517,335744752.62
2023-11-20,000768.SZ,23.07,23.07,22.76,22.8,92451,211596367.88
2023-11-21,000768.SZ,22.7,22.75,22.52,22.56,65977,149245598.38
2023-11-22,000768.SZ,22.59,22.68,22.45,22.62,53087,119736865.85
2023-11-23,000768.SZ,22.64,22.67,22.25,22.33,61914,138597537.62
2023-11-26,000768.SZ,22.25,22.44,22.12,22.38,81770,182233379.46
2023-11-27,000768.SZ,22.32,22.4,22.14,22.25,57552,128198055.95
2023-11-28,000768.SZ,22.22,22.41,21.92,22.18,91222,202143363.85
2023-11-29,000768.SZ,22.18,22.29,21.74,21.88,81122,178192996.93
2023-11-30,000768.SZ,21.9,22.03,21.8,21.96,52121,114131698.45
2023-12-03,000768.SZ,21.95,22.29,21.92,22.16,65239,144535706.43
2023-12-04,000768.SZ,22.12,22.15,21.54,21.55,75884,165067627.63
2023-12-05,000768.SZ,21.45,22.09,21.42,21.98,111202,242994238.34
2023-12-06,000768.SZ,21.93,22.01,21.6,21.71,69597,151327216.14
2023-12-07,000768.SZ,21.7,21.8,21.31,21.32,108266,232259975.65
2023-12-10,000768.SZ,21.3,21.78,21.13,21.77,96345,206977923.72
2023-12-11,000768.SZ,21.75,22.19,21.71,21.98,90467,198841796.34
2023-12-12,000768.SZ,21.99,22.34,21.78,21.79,83904,185102033.65
2023-12-13,000768.SZ,21.78,21.96,21.46,21.5,67184,145848052.51
2023-12-14,000768.SZ,21.53,21.64,21.22,21.27,67976,145221811.34
2023-12-17,000768.SZ,21.3,21.39,20.8,20.82,92076,193350767.95
2023-12-18,000768.SZ,20.93,21.13,20.76,21.06,62227,130562739.82
2023-12-19,000768.SZ,21.04,21.12,20.36,20.4,94097,194760526.54
2023-12-20,000768.SZ,20.28,20.62,20.11,20.5,93006,189598732.11
2023-12-21,000768.SZ,20.58,21.95,20.54,21.84,348552,748591560.63
2023-12-24,000768.SZ,22.09,22.63,21.9,22.5,279097,624735428.04
2023-12-25,000768.SZ,22.34,22.49,21.9,22.26,187769,416169920.98
2023-12-26,000768.SZ,22.05,22.24,21.88,22.02,107791,237282330.49
2023-12-27,000768.SZ,21.97,22.33,21.81,22.22,141134,312946796.05
2023-12-28,000768.SZ,22.15,22.6,22.06,22.37,166668,372715634.93
2024-01-01,000768.SZ,22.37,23.04,22.24,22.42,225812,512920355.29
2024-01-02,000768.SZ,22.39,22.39,21.81,22.1,119657,263775160.4
2024-01-03,000768.SZ,22.08,22.19,21.43,21.59,127291,276346904
2024-01-04,000768.SZ,21.57,21.62,20.78,20.88,134731,284351199.8
2024-01-07,000768.SZ,20.72,20.85,20.12,20.18,150136,306665656.39
2024-01-08,000768.SZ,20.18,20.38,19.91,20,198390,398881596.21
2024-01-09,000768.SZ,20,20.14,19.64,19.78,111909,222418319.37
2024-01-10,000768.SZ,19.8,20.11,19.73,20.06,111290,222038503.12
2024-01-11,000768.SZ,20,20.17,19.96,20.02,93912,188404760.04
2024-01-14,000768.SZ,19.9,19.91,19.2,19.24,195152,380873286.19
2024-01-15,000768.SZ,19.2,19.45,18.88,19.4,152801,292921510.41
2024-01-16,000768.SZ,19.39,19.56,19.15,19.18,135501,262569929.47
2024-01-17,000768.SZ,19.04,19.66,18.6,19.6,177473,338370401.59
2024-01-18,000768.SZ,19.46,19.57,19.2,19.36,96567,187221168.4
2024-01-21,000768.SZ,19.13,19.64,18.83,19,175989,341069827.71
2024-01-22,000768.SZ,18.9,19.46,18.89,19.29,124997,239438482.29
2024-01-23,000768.SZ,19.35,19.73,19,19.72,143555,277915402.63
2024-01-24,000768.SZ,19.73,20.52,19.6,20.52,248454,502676171.67
2024-01-25,000768.SZ,20.51,20.64,20.31,20.56,148595,304519943.46
2024-01-28,000768.SZ,20.56,20.77,20.25,20.3,119052,243579849.97
2024-01-29,000768.SZ,20.2,20.52,19.99,20.12,118682,241092417.27
2024-01-30,000768.SZ,20.02,20.08,19.11,19.29,156783,305394302.7
2024-01-31,000768.SZ,19,19.67,18.8,19.29,120554,232448118.02
2024-02-01,000768.SZ,19.2,19.5,17.85,18.72,181505,339823612.12
2024-02-04,000768.SZ,18.59,18.83,17.34,18.28,184690,334941294.3
2024-02-05,000768.SZ,18,19.49,17.95,19.48,156636,296203755.93
2024-02-06,000768.SZ,19.35,20.02,19.33,19.86,220618,437002124.07
2024-02-07,000768.SZ,19.92,20.31,19.69,20.09,194072,388140065.86
2024-02-18,000768.SZ,20.4,20.46,20.02,20.3,155472,314863859.57
2024-02-19,000768.SZ,20.26,20.27,19.91,20.19,106089,212953074.24
2024-02-20,000768.SZ,20.03,20.74,19.92,20.4,159416,326574594.12
2024-02-21,000768.SZ,20.46,20.58,20.3,20.46,123109,251615981.54
2024-02-22,000768.SZ,20.5,20.77,20.23,20.54,131584,269606123.55
2024-02-25,000768.SZ,20.54,20.86,20.36,20.63,139753,287924476.1
2024-02-26,000768.SZ,20.46,20.8,20.45,20.8,120969,249956055.68
2024-02-27,000768.SZ,20.81,21.07,20.26,20.26,186556,386759264.89
2024-02-28,000768.SZ,20.05,20.83,20.02,20.83,151545,312309621.38
2024-02-29,000768.SZ,20.8,21.37,20.74,21.37,201116,424705532.44
2024-03-03,000768.SZ,21.34,21.44,21.12,21.29,124148,264574241.85
2024-03-04,000768.SZ,21.2,22.06,21.13,21.62,238618,517863458.78
2024-03-05,000768.SZ,21.5,21.96,21.35,21.74,169187,365565858.98
2024-03-06,000768.SZ,21.7,21.82,21.16,21.17,132150,283603507.37
2024-03-07,000768.SZ,21.2,21.44,21.04,21.24,94005,199301213.69
2024-03-10,000768.SZ,21.26,22.06,21.03,21.85,199585,431143175.54
2024-03-11,000768.SZ,22.05,22.36,21.9,22.23,234815,520327204.5
2024-03-12,000768.SZ,22.32,22.88,22.11,22.4,260919,586109891.06
2024-03-13,000768.SZ,22.38,22.46,21.7,21.85,171185,376838706.13
2024-03-14,000768.SZ,21.7,22.1,21.7,21.99,115775,253934545.48
2024-03-17,000768.SZ,22.11,22.62,22.1,22.55,198918,446067036.94
2024-03-18,000768.SZ,22.43,22.96,22.37,22.52,180522,409752809.98
2024-03-19,000768.SZ,22.38,22.66,22.28,22.35,128217,287564925.95
2024-03-20,000768.SZ,22.35,22.57,22.15,22.38,138625,310245349.07
2024-03-21,000768.SZ,22.22,22.38,21.72,21.81,137379,301478681.96
2024-03-24,000768.SZ,21.81,22.1,21.55,21.55,111543,244350897.68
2024-03-25,000768.SZ,21.52,21.7,21.28,21.58,97475,209783248.93
2024-03-26,000768.SZ,21.58,21.65,20.88,20.9,119435,252878855.17
2024-03-27,000768.SZ,20.9,21.6,20.89,21.5,130724,278919341.76
2024-03-28,000768.SZ,21.35,21.71,21.27,21.64,124043,266494768.46
2024-03-31,000768.SZ,21.65,21.94,21.65,21.84,112206,244506869.25
2024-04-01,000768.SZ,21.86,21.88,21.13,21.36,176403,377304737.72
2024-04-02,000768.SZ,21.3,21.31,20.79,20.9,136076,285175750.22
2024-04-07,000768.SZ,20.9,21.02,20.69,20.7,102587,213598392.56
2024-04-08,000768.SZ,20.65,20.87,20.5,20.79,83042,171983791.38
2024-04-09,000768.SZ,20.79,20.8,20.14,20.29,101411,206716401.34
2024-04-10,000768.SZ,20.24,20.41,20.13,20.23,75237,152435077.61
2024-04-11,000768.SZ,20.23,20.32,20,20.06,83058,167653413.96
2024-04-14,000768.SZ,20.2,20.95,20.13,20.69,172782,356223253.01
2024-04-15,000768.SZ,20.7,20.86,20.18,20.21,133333,273785623.19
2024-04-16,000768.SZ,20.2,20.68,20.19,20.67,111472,228708101.24
2024-04-17,000768.SZ,20.67,21.15,20.51,20.95,164298,343549521.14
2024-04-18,000768.SZ,20.8,21.55,20.75,21.36,194059,412944341.01
2024-04-21,000768.SZ,21.18,22.1,21.1,21.9,275828,600173780
2024-04-22,000768.SZ,21.81,21.84,21.4,21.52,146388,316263360.57
2024-04-23,000768.SZ,21.48,21.98,21.48,21.98,178064,388810532.94
2024-04-24,000768.SZ,21.95,22.03,21.65,21.86,137257,299552191.05
2024-04-25,000768.SZ,21.86,22.22,21.72,21.95,164378,361765617.76
2024-04-28,000768.SZ,22.19,22.63,22.1,22.49,220083,493834895.32
2024-04-29,000768.SZ,22.49,23.04,22.31,22.32,232075,525004282.72
2024-05-05,000768.SZ,22.7,22.7,22.22,22.32,139696,313104665.71
2024-05-06,000768.SZ,22.31,23.78,22.15,23.49,449038,1043226625.08
2024-05-07,000768.SZ,23.3,23.43,23.07,23.21,209580,487303610.29
2024-05-08,000768.SZ,23.14,24.49,23.13,24.45,451856,1084630411.18
2024-05-09,000768.SZ,24.45,24.9,23.99,24.3,341382,833661399.43
2024-05-12,000768.SZ,24.02,24.97,23.73,24.5,323880,791950608.41
2024-05-13,000768.SZ,24.5,24.5,24.03,24.39,181437,440172488.21
2024-05-14,000768.SZ,24.15,24.48,23.9,23.99,161682,390693884.01
2024-05-15,000768.SZ,23.91,24.6,23.79,23.9,181916,438198115.89
2024-05-16,000768.SZ,23.8,24.26,23.65,24.22,176611,424416052.32
2024-05-19,000768.SZ,24.2,25.26,24.08,24.94,311009,774528345.2
2024-05-20,000768.SZ,24.71,25.25,24.68,24.73,188752,470006670
2024-05-21,000768.SZ,24.71,24.79,24.21,24.44,135999,332852840.12
2024-05-22,000768.SZ,24.57,24.61,23.8,24.02,176804,426576500.64
2024-05-23,000768.SZ,23.88,24,23.47,23.55,118456,280784937.95
2024-05-26,000768.SZ,23.58,23.8,23.28,23.79,134684,316819617.55
2024-05-27,000768.SZ,23.7,24.33,23.55,24.13,175330,421959041.94
2024-05-28,000768.SZ,24,24.3,23.81,24.1,99483,238777492.72
2024-05-29,000768.SZ,23.8,24.5,23.53,24.34,221026,534940403.58
2024-05-30,000768.SZ,24.3,24.55,24.03,24.17,122960,298408815.49
2024-06-02,000768.SZ,24.02,24.38,23.85,24.01,116836,280858816.23
2024-06-03,000768.SZ,24.02,24.85,23.9,24.35,228811,559601914.53
2024-06-04,000768.SZ,24.21,25.48,24.2,25.23,394509,994221001.95
2024-06-05,000768.SZ,25.15,25.34,24.66,24.76,225441,561680645.59
2024-06-06,000768.SZ,24.8,25.88,24.7,25.49,330881,843075850.07
2024-06-10,000768.SZ,25.2,25.75,24.8,25.53,249677,630442206.69
2024-06-11,000768.SZ,25.32,25.56,25,25,187064,471494847.64
2024-06-12,000768.SZ,24.95,25,24.49,24.96,231774,573066283.39
2024-06-13,000768.SZ,24.75,24.77,24.01,24.24,226513,549569559.43
2024-06-16,000768.SZ,24.08,24.85,24.02,24.58,210161,516898725.74
2024-06-17,000768.SZ,24.41,24.69,24.3,24.64,119689,293788653.32
2024-06-18,000768.SZ,24.6,24.8,24.12,24.35,117078,285274287.43
2024-06-19,000768.SZ,24.35,24.4,23.55,23.59,201870,481415236.86
2024-06-20,000768.SZ,23.69,24.18,23.64,24.03,150141,359769461.76
2024-06-23,000768.SZ,24.07,24.28,23.6,23.6,145072,346134974.39
2024-06-24,000768.SZ,23.5,23.77,23,23.2,124003,289299350.61
2024-06-25,000768.SZ,23.19,23.65,22.91,23.58,125258,291119274.86
2024-06-26,000768.SZ,23.32,23.5,23.04,23.08,108077,251455739.07
2024-06-27,000768.SZ,23,24.18,22.98,24.03,208662,498493847.41
2024-06-30,000768.SZ,23.87,24.27,23.78,24.18,125851,302756696.84
2024-07-01,000768.SZ,24.05,24.3,23.74,23.96,122256,293389555
2024-07-02,000768.SZ,23.88,23.94,23.38,23.49,101007,237559500.56
2024-07-03,000768.SZ,23.47,23.74,23.19,23.3,105763,247727934.96
2024-07-04,000768.SZ,23.12,23.57,22.73,23.54,107610,249443979.2
2024-07-07,000768.SZ,23.4,24.1,23.26,23.34,129192,304650714.8
2024-07-08,000768.SZ,23.35,23.88,23.07,23.83,143086,336985086.49
2024-07-09,000768.SZ,23.73,23.93,23.56,23.7,115367,273538983.26
2024-07-10,000768.SZ,23.93,24.6,23.75,24.5,201025,487404298.25
2024-07-11,000768.SZ,24.43,24.67,24.25,24.47,100097,244447005.94
2024-07-14,000768.SZ,24.47,24.77,24.33,24.48,124325,305236220.03
2024-07-15,000768.SZ,24.3,24.75,24.2,24.74,123403,303165262.82
2024-07-16,000768.SZ,24.7,25.19,24.54,24.83,179765,448013880.49
2024-07-17,000768.SZ,24.71,25.5,24.64,25.37,270068,679408018.93
2024-07-18,000768.SZ,25.2,25.64,25.18,25.6,193698,493600631.45
2024-07-21,000768.SZ,25.55,25.98,25.37,25.5,227563,583922921.26
2024-07-22,000768.SZ,25.48,25.61,24.9,24.91,171993,434533892.05
2024-07-23,000768.SZ,24.9,25.64,24.88,25.21,231639,586769338.07
2024-07-24,000768.SZ,25.1,25.18,24.6,24.97,134634,335404247.72
2024-07-25,000768.SZ,24.97,26.23,24.97,26.23,362456,937597405.1
2024-07-28,000768.SZ,26.23,26.64,25.7,26.19,290484,763417989.02
2024-07-29,000768.SZ,26.19,26.43,25.7,26.15,206715,538453331.32
2024-07-30,000768.SZ,26.03,26.3,25.5,26.15,259099,672513627.7
2024-07-31,000768.SZ,26.1,26.69,25.8,25.93,217005,569265687.52
2024-08-01,000768.SZ,25.66,26.28,25.6,25.63,144348,373417009.26
2024-08-04,000768.SZ,25.5,26.26,25.21,25.21,227114,584592439.53
2024-08-05,000768.SZ,25.4,26.21,25.4,25.89,235979,609988179.16
2024-08-06,000768.SZ,25.88,26.2,25.77,25.88,134315,348653232.02
2024-08-07,000768.SZ,25.74,25.91,24.85,25.02,221084,556569836.19
2024-08-08,000768.SZ,25.12,25.33,24.89,24.99,85243,213365971.25
2024-08-11,000768.SZ,25.04,25.29,24.56,24.98,114311,285408145
2024-08-12,000768.SZ,24.98,25.27,24.96,25.22,79609,200052911.64
2024-08-13,000768.SZ,25.24,25.5,25.08,25.1,81732,206343681.55
2024-08-14,000768.SZ,25.12,25.4,24.86,25.2,103187,259484732.96
2024-08-15,000768.SZ,25.11,25.21,23.79,24.1,305254,741914319.75
2024-08-18,000768.SZ,24.06,24.32,23.82,23.98,147105,353537100.28
2024-08-19,000768.SZ,24.02,24.06,23.6,23.7,93672,222469983.22
2024-08-20,000768.SZ,23.73,23.81,23.41,23.46,110504,260458190.38
2024-08-21,000768.SZ,23.46,23.79,23.26,23.67,122714,289501885.6
2024-08-22,000768.SZ,23.6,24.08,23.53,24,133371,318382975.87
2024-08-25,000768.SZ,24,24.05,23.34,23.68,128732,303736160
2024-08-26,000768.SZ,23.57,23.78,23.15,23.29,98668,230440100.26
2024-08-27,000768.SZ,23.29,23.84,23.11,23.81,143349,338640114.33
2024-08-28,000768.SZ,23.8,24.33,23.62,24.03,168141,405630286.71
2024-08-29,000768.SZ,24.11,24.8,24,24.53,158822,388466774.86
2024-09-01,000768.SZ,24.53,24.55,23.71,23.73,114737,275866832.85
2024-09-02,000768.SZ,24.04,24.54,23.88,24.33,116755,283763177.79
2024-09-03,000768.SZ,24.17,24.44,24.13,24.28,75905,184405793.92
2024-09-04,000768.SZ,24.28,24.72,24.22,24.43,94027,230448540.79
2024-09-05,000768.SZ,24.43,24.48,23.99,24.01,75285,182159532.86
2024-09-08,000768.SZ,24.03,24.24,23.41,23.63,111024,263474240.85
2024-09-09,000768.SZ,23.64,23.76,23.3,23.57,87007,204759263.38
2024-09-10,000768.SZ,23.4,23.57,23.16,23.31,63911,149439092.7
2024-09-11,000768.SZ,23.33,23.56,23.11,23.12,78983,183938023.47
2024-09-12,000768.SZ,23.19,23.38,22.95,23.01,74591,172660281.24
2024-09-17,000768.SZ,23.01,23.09,21.76,22.59,228167,507252490.73
2024-09-18,000768.SZ,22.61,22.77,21.67,22.11,256021,563045408.6
2024-09-19,000768.SZ,21.99,22.48,21.7,22.36,171194,377013398.87
2024-09-22,000768.SZ,22.28,22.98,22.21,22.51,159198,361039565.8
2024-09-23,000768.SZ,22.64,23.15,22.37,23.03,135827,310052843.99
2024-09-24,000768.SZ,23.19,23.79,23.15,23.39,182703,428325919.18
2024-09-25,000768.SZ,23.4,23.95,23.24,23.95,184649,434804222.45
2024-09-26,000768.SZ,24.09,25.46,24.09,25.11,296310,735005890.44
2024-09-29,000768.SZ,26.11,27.62,25.64,27.6,515794,1386908761.93
2024-10-07,000768.SZ,30.36,30.36,28.26,30.19,685396,2037520820.22
2024-10-08,000768.SZ,29.3,29.7,28.24,28.34,490289,1420966136.12
2024-10-09,000768.SZ,28.34,29.57,27.55,28.4,446302,1276726499.2
2024-10-10,000768.SZ,27.98,28.2,26.7,27.03,374249,1020650466.04
2024-10-13,000768.SZ,27.31,28.82,27.23,28.45,544508,1543113754.13
2024-10-14,000768.SZ,28.3,28.81,27.8,27.81,313426,885818610.22
2024-10-15,000768.SZ,27.35,28.22,27.28,28.04,231977,647003684.53
2024-10-16,000768.SZ,28.05,28.78,28.04,28.16,241866,688100434.5
2024-10-17,000768.SZ,28.16,29.38,27.83,29,379538,1095435437.11
2024-10-20,000768.SZ,29.4,30.39,29.08,29.59,492900,1472328721.16
2024-10-21,000768.SZ,29.5,29.75,28.9,29.14,277673,814258574.53
2024-10-22,000768.SZ,29.3,30.75,29.08,29.7,446871,1342480989.53
2024-10-23,000768.SZ,29.65,29.65,28.77,28.98,272294,790741447.98
2024-10-24,000768.SZ,28.99,29.45,28.85,29.41,222432,648394115.06
2024-10-27,000768.SZ,29.59,30.04,29.47,29.51,239976,713507680.16
2024-10-28,000768.SZ,29.53,29.85,29.03,29.04,241141,708120503.54
2024-10-29,000768.SZ,29.04,29.29,28.58,28.76,215332,622287151.24
2024-10-30,000768.SZ,28.9,29.18,28.43,28.68,245799,707175355.71
2024-10-31,000768.SZ,28.67,28.9,27.76,27.85,308260,865843664.36
2024-11-03,000768.SZ,27.99,28.85,27.95,28.7,229538,655223149.56
2024-11-04,000768.SZ,29.14,31.1,29.14,31.09,716088,2187887684.85
2024-11-05,000768.SZ,32.09,32.64,30.79,31.4,897523,2847651454.19
2024-11-06,000768.SZ,30.7,30.7,29.16,30.08,642733,1911939491.79
2024-11-07,000768.SZ,30.08,31.75,29.85,30.88,646433,1992131276.51
2024-11-10,000768.SZ,30.8,30.8,29.9,30.42,538362,1627022876.38
2024-11-11,000768.SZ,30.43,30.49,29.05,29.34,539522,1589288981.02
2024-11-12,000768.SZ,29.34,29.43,28.86,29.3,252098,733464898.15
2024-11-13,000768.SZ,29.31,29.48,28.28,28.33,297072,852127939
2024-11-14,000768.SZ,28.21,28.33,27.46,27.47,293867,816877941.5
2024-11-17,000768.SZ,27.48,28.1,26.8,27.09,327264,897738221.61
2024-11-18,000768.SZ,27.35,27.56,26.74,27.43,245928,666804118.33
2024-11-19,000768.SZ,27.35,27.96,27.22,27.89,249932,691308429.25
2024-11-20,000768.SZ,27.88,28.04,27.4,27.65,169284,468856594.05
2024-11-21,000768.SZ,27.64,27.64,26.74,26.77,249830,678028596.09
2024-11-24,000768.SZ,26.3,26.83,25.81,26.26,220426,577840527.97
2024-11-25,000768.SZ,26.28,26.65,25.92,25.99,148943,391349765.31
2024-11-26,000768.SZ,25.99,26.65,25.73,26.54,187422,492884759.14
2024-11-27,000768.SZ,26.55,27.25,26.45,26.93,241062,650268673.72
2024-11-28,000768.SZ,26.99,27.31,26.64,27.03,181567,491016372.64
2024-12-01,000768.SZ,27.04,27.27,26.88,27.06,176184,476282372.22
2024-12-02,000768.SZ,27.02,27.1,26.33,26.56,181913,484256256
2024-12-03,000768.SZ,26.76,26.77,26.31,26.39,116319,308560483.7
2024-12-04,000768.SZ,26.28,26.73,26.17,26.51,133035,351281319
2024-12-05,000768.SZ,26.6,26.88,26.26,26.84,168118,447769378.1
2024-12-08,000768.SZ,26.75,26.75,26.18,26.3,150534,397366954.11
2024-12-09,000768.SZ,26.85,27.01,26.41,26.56,203527,544677053.17
2024-12-10,000768.SZ,26.51,26.71,26.4,26.63,120852,321006574.91
2024-12-11,000768.SZ,26.7,27.64,26.7,27.4,331125,904573245.65
2024-12-12,000768.SZ,27.22,27.22,26.7,26.71,184452,496061905.62
2024-12-15,000768.SZ,26.61,26.85,26.15,26.21,174395,460404776.42
2024-12-16,000768.SZ,26.21,26.38,25.95,26.01,126257,329602160.24
2024-12-17,000768.SZ,26.09,26.55,26.03,26.2,118130,310898724.91
2024-12-18,000768.SZ,25.98,26.05,25.51,26,168861,434575007.47
2024-12-19,000768.SZ,25.9,26.46,25.81,26.33,125204,329040112.19
2024-12-22,000768.SZ,26.33,26.33,25.68,25.69,125906,326624300.15
2024-12-23,000768.SZ,25.72,25.85,25.52,25.82,109519,281389620.25
2024-12-24,000768.SZ,25.82,25.84,25.41,25.66,129668,331878250.83
2024-12-25,000768.SZ,25.77,26.45,25.77,26.08,182641,477704573.31
2024-12-26,000768.SZ,27.03,27.12,26.5,26.72,330970,886972498.24
2024-12-29,000768.SZ,27.26,27.58,27.05,27.34,408636,1116564404.9
2024-12-30,000768.SZ,27.44,28.95,26.93,28.24,580449,1631174966.03
2025-01-01,000768.SZ,27.2,27.44,26.21,26.57,440243,1181153918.15
2025-01-02,000768.SZ,26.25,26.5,25.35,25.37,266968,690577295.23
2025-01-05,000768.SZ,25.2,25.47,24.65,25.09,176967,443052625.01
2025-01-06,000768.SZ,25.09,25.57,25.09,25.54,130192,330687032.43
2025-01-07,000768.SZ,25.4,25.61,24.74,25.35,144047,363168092.36
2025-01-08,000768.SZ,25.3,27.16,25.14,26.7,320338,844879308.94
2025-01-09,000768.SZ,26.49,27.18,26.48,26.56,214932,576188610.26
2025-01-12,000768.SZ,26.1,26.6,25.88,26.1,155071,406031446.96
2025-01-13,000768.SZ,26.2,27.08,26.06,27.06,216710,579345925.36
2025-01-14,000768.SZ,27,27.17,26.6,26.6,139684,374327833.61
2025-01-15,000768.SZ,26.66,26.91,26.31,26.51,135180,359256021.19
2025-01-16,000768.SZ,26.36,27.15,26.26,26.77,159003,424636886.82
2025-01-19,000768.SZ,26.87,26.94,26.26,26.42,160883,427327196.86
2025-01-20,000768.SZ,26.45,26.54,25.77,25.9,161195,418621609
2025-01-21,000768.SZ,26,26,25.38,25.61,130757,333904321.91
2025-01-22,000768.SZ,25.8,25.99,25.3,25.39,184108,472021655.15
2025-01-23,000768.SZ,25.29,25.63,25.25,25.52,138141,351888945.09
2025-01-26,000768.SZ,25.53,25.75,25.38,25.44,123630,315746702.2
2025-02-04,000768.SZ,25.56,25.61,25.05,25.15,161053,406786623.03
2025-02-05,000768.SZ,25.15,25.83,25.08,25.8,203157,519396250.16
2025-02-06,000768.SZ,25.74,26.11,25.56,25.85,260541,673153997.96
2025-02-09,000768.SZ,25.83,25.97,25.58,25.82,235659,606920813.34
2025-02-10,000768.SZ,25.8,25.81,25.31,25.38,181563,461963417.41
2025-02-11,000768.SZ,25.3,25.6,25.26,25.58,130119,330758967.97
2025-02-12,000768.SZ,25.59,26.06,25.46,25.74,262961,678142916.51
2025-02-13,000768.SZ,25.68,25.68,25.21,25.32,232959,589696536.31
2025-02-16,000768.SZ,25.39,25.39,24.75,24.93,275011,686938945.57
2025-02-17,000768.SZ,24.91,24.99,24.31,24.5,188995,466788666.73
2025-02-18,000768.SZ,24.5,24.89,24.46,24.88,141222,348902880.7
2025-02-19,000768.SZ,24.75,25.15,24.65,25.02,199544,498681200.49
2025-02-20,000768.SZ,24.98,25.07,24.73,25.04,194905,485996258.78
2025-02-23,000768.SZ,25.01,25.18,24.82,25.04,162718,406977867.95
2025-02-24,000768.SZ,24.87,24.98,24.64,24.7,155306,384822617.16
2025-02-25,000768.SZ,24.7,24.75,24.52,24.63,176445,434340284.2
2025-02-26,000768.SZ,24.64,24.69,24.19,24.49,193019,471292649.6
2025-02-27,000768.SZ,24.43,24.66,24.12,24.17,185972,453397535.36
2025-03-02,000768.SZ,24.19,24.52,24.11,24.38,141071,343785083.16
2025-03-03,000768.SZ,24.44,25.04,24.35,24.88,280501,696665453.78
2025-03-04,000768.SZ,24.85,25.08,24.7,24.8,172230,428133245.02
2025-03-05,000768.SZ,24.85,24.95,24.66,24.84,198847,493575144.59
2025-03-06,000768.SZ,24.7,25.78,24.64,25.19,441854,1119835834.5
2025-03-09,000768.SZ,25.28,25.66,25.2,25.36,246323,626516332.15
2025-03-10,000768.SZ,25.17,26,25.1,25.99,367553,946745984.8
2025-03-11,000768.SZ,26.05,26.24,25.61,25.66,280717,724882816.39
2025-03-12,000768.SZ,25.63,25.79,25.27,25.51,218867,557494712.64
2025-03-13,000768.SZ,25.5,25.75,25.23,25.69,238845,609713506.83
2025-03-16,000768.SZ,25.7,25.9,25.54,25.56,164422,422115951.98
2025-03-17,000768.SZ,25.55,25.62,25.26,25.3,159941,405939814.13
2025-03-18,000768.SZ,25.26,25.36,25.09,25.16,129808,327014874.77
2025-03-19,000768.SZ,25.2,26.62,25.07,25.83,525943,1365860102.29
2025-03-20,000768.SZ,25.72,26.2,25.42,25.64,301656,779318308.73
2025-03-23,000768.SZ,25.48,25.79,24.26,24.69,416694,1035794289.29
2025-03-24,000768.SZ,24.67,25.04,24.6,24.69,190963,473867308.6
2025-03-25,000768.SZ,24.69,24.86,24.5,24.6,135270,334019955.72
2025-03-26,000768.SZ,24.59,24.68,24.26,24.5,134787,329699178.54
2025-03-27,000768.SZ,24.45,24.6,24.27,24.32,119576,291883631.24
2025-03-30,000768.SZ,24.2,24.26,23.48,23.65,236034,559334438.81
2025-03-31,000768.SZ,23.85,24.54,23.85,24.27,254782,617996541.68
2025-04-01,000768.SZ,24.14,24.15,23.48,23.5,340647,805080772.27
2025-04-02,000768.SZ,23.26,23.56,23.24,23.35,162740,380776078.59
2025-04-06,000768.SZ,22.37,23,21.06,21.7,448650,991649482.88
2025-04-07,000768.SZ,21.88,22.47,21.82,22.46,282091,625021661.9
2025-04-08,000768.SZ,22.21,23.54,22.15,23.35,408438,944399392.52
2025-04-09,000768.SZ,23.28,23.56,23.02,23.36,310052,724381685.06
2025-04-10,000768.SZ,23.2,23.56,23.1,23.31,238318,555604314.7
2025-04-13,000768.SZ,23.4,23.84,23.31,23.49,199561,469842009.52
2025-04-14,000768.SZ,23.44,23.44,23.12,23.2,134582,312350643.8
2025-04-15,000768.SZ,24.07,24.13,23.18,23.4,263650,621395556.8
2025-04-16,000768.SZ,23.21,23.94,23.19,23.62,266808,632973572.17
2025-04-17,000768.SZ,23.6,23.77,23.45,23.6,157562,372095313.15
2025-04-20,000768.SZ,23.72,24.37,23.65,23.95,318670,765786880.17
2025-04-21,000768.SZ,23.9,24.07,23.68,23.8,201164,479097914.34
2025-04-22,000768.SZ,23.72,23.79,23.44,23.5,189926,447489521.11
2025-04-23,000768.SZ,23.51,23.57,23.17,23.28,143420,334880900.86
2025-04-24,000768.SZ,23.38,23.39,23.18,23.29,112895,262956184.82
2025-04-27,000768.SZ,23.28,23.35,23.04,23.07,99186,229506270.27
2025-04-28,000768.SZ,23,23.07,22.72,23.06,118276,271154104.81
2025-04-29,000768.SZ,23.2,23.29,23.08,23.22,123969,287421358.52
2025-05-05,000768.SZ,23.31,23.56,23.26,23.47,181846,425906744.6
2025-05-06,000768.SZ,23.82,25.04,23.82,24.43,693032,1688810375.04
2025-05-07,000768.SZ,24.38,25.06,24.02,24.87,579201,1422827953.73
2025-05-08,000768.SZ,24.87,24.88,24.2,24.24,388623,948268867.46
2025-05-11,000768.SZ,24.46,26.1,24.25,25.63,966700,2457520767.57
2025-05-12,000768.SZ,25.7,25.7,24.91,25.09,502481,1266216348.1
2025-05-13,000768.SZ,25.11,25.25,24.72,24.81,284644,707436045.01
2025-05-14,000768.SZ,24.82,25,24.4,24.41,240947,594275957.24
2025-05-15,000768.SZ,24.61,25.27,24.6,24.65,326655,814513297.36
2025-05-18,000768.SZ,24.95,25.57,24.83,25.13,445616,1122534490.21
2025-05-19,000768.SZ,25,25,24.56,24.86,282200,698727108.56
2025-05-20,000768.SZ,24.73,25.08,24.62,25.03,188000,467097687.31
2025-05-21,000768.SZ,24.86,25.32,24.73,24.82,234922,587794481.32
2025-05-22,000768.SZ,24.68,24.87,24.47,24.48,168941,416734712
2025-05-25,000768.SZ,24.47,24.65,24.41,24.6,102185,250911423.34
2025-05-26,000768.SZ,24.61,24.64,24.15,24.31,149618,363936633.6
2025-05-27,000768.SZ,24.31,24.96,24.25,24.46,180424,444209601
2025-05-28,000768.SZ,24.5,25.09,24.36,25.08,303605,755562389.24
2025-05-29,000768.SZ,24.98,25.23,24.83,25.01,233309,583947466.08
2025-06-02,000768.SZ,25.07,25.38,24.9,25,245155,615654848.94
2025-06-03,000768.SZ,24.95,25.04,24.81,24.81,166600,414463943.43
2025-06-04,000768.SZ,24.85,24.88,24.56,24.67,218903,540696297.98
2025-06-05,000768.SZ,24.8,25.15,24.65,24.69,217236,540542356.13
2025-06-08,000768.SZ,24.98,26.28,24.98,25.87,770588,1989039736.09
2025-06-09,000768.SZ,25.65,25.96,25.2,25.42,316682,808344436.8
2025-06-10,000768.SZ,25.47,25.68,25.32,25.55,188349,481488081.04
2025-06-11,000768.SZ,25.57,25.71,25.36,25.5,187580,479198675.57
2025-06-12,000768.SZ,25.9,26.11,25.44,25.94,487596,1257380685.05
2025-06-15,000768.SZ,25.9,25.91,25.55,25.74,250915,644231359.19
2025-06-16,000768.SZ,25.65,25.78,25.33,25.55,228602,583329503.17
2025-06-17,000768.SZ,25.58,25.85,25.49,25.65,254199,652537240.46
2025-06-18,000768.SZ,25.5,25.5,25.04,25.28,243382,613574312.57
2025-06-19,000768.SZ,25.13,25.19,24.71,24.78,194570,485166250.82
2025-06-22,000768.SZ,24.78,24.96,24.56,24.9,194981,483373866.23
2025-06-23,000768.SZ,24.4,25.08,24.4,25,267849,664021885.17
2025-06-24,000768.SZ,25,26.44,24.97,26.31,773001,2009594245.74
2025-06-25,000768.SZ,26.31,26.97,26.2,26.35,543575,1446927469.95
2025-06-26,000768.SZ,26.54,26.94,26.38,26.71,372265,992262465.39
2025-06-29,000768.SZ,26.76,27.59,26.76,27.34,565942,1548800179.29
2025-06-30,000768.SZ,27.31,27.73,26.87,27.57,507818,1390194755.05
2025-07-01,000768.SZ,27.37,27.43,26.79,26.85,332319,897758582.24
2025-07-02,000768.SZ,26.85,27.18,26.77,26.93,229209,617108971.37
2025-07-03,000768.SZ,26.9,27.31,26.81,27.13,277481,751143275.16
2025-07-06,000768.SZ,27.13,27.77,27.02,27.3,301995,827782127.67
2025-07-07,000768.SZ,27.16,27.29,27.07,27.25,209439,569095215.4
2025-07-08,000768.SZ,27.31,27.69,27.13,27.19,271611,743790366.74
2025-07-09,000768.SZ,27.05,27.08,26.62,26.97,256163,687347537.76
2025-07-10,000768.SZ,26.95,27.5,26.92,27.46,268248,732009124.05
2025-07-13,000768.SZ,27.4,27.55,27.25,27.31,163094,446216872.3
2025-07-14,000768.SZ,27.35,27.67,27.22,27.5,190724,522696546.72
2025-07-15,000768.SZ,27.4,27.46,27.06,27.14,177969,484718547.5
2025-07-16,000768.SZ,27.14,28.86,27.12,28.71,673472,1903924411.17
2025-07-17,000768.SZ,28.58,29.57,28.48,29.34,643987,1874530688.72
2025-07-20,000768.SZ,29.18,29.58,29.03,29.21,318581,932684174.02
2025-07-21,000768.SZ,29.11,29.62,28.76,29,320711,935413365.01
2025-07-22,000768.SZ,28.94,28.94,28.38,28.47,296270,847818913.75
2025-07-23,000768.SZ,28.49,29.3,28.38,28.83,332654,957777253.84
2025-07-24,000768.SZ,28.88,28.92,28.56,28.62,209535,601205317.31
2025-07-27,000768.SZ,28.62,29.18,28.62,28.85,285221,825030777.68
2025-07-28,000768.SZ,28.86,29.56,28.63,29.55,402353,1173016956.13
2025-07-29,000768.SZ,29.55,29.65,28.58,28.75,363505,1056792241.41
2025-07-30,000768.SZ,28.67,28.95,28.3,28.5,283326,809166295.43
2025-07-31,000768.SZ,28.49,28.5,27.76,27.8,286250,800494399.38
2025-08-03,000768.SZ,27.8,28.63,27.73,28.51,281290,797406188.28
2025-08-04,000768.SZ,28.7,29.66,28.4,28.89,412436,1191197306.81
2025-08-05,000768.SZ,29.01,30,28.83,29.48,571890,1691423948.32
2025-08-06,000768.SZ,29.5,29.51,28.6,28.8,446032,1285128271.92
2025-08-07,000768.SZ,28.8,28.98,28.65,28.76,247977,714573892.32
2025-08-10,000768.SZ,28.78,29.15,28.68,28.82,270766,781326477.93
2025-08-11,000768.SZ,28.7,28.7,27.9,28.25,389671,1099522193.16
2025-08-12,000768.SZ,28.25,28.52,28.09,28.26,276373,781209406.89
2025-08-13,000768.SZ,28.27,28.29,27.6,27.74,355411,989861671.01
2025-08-14,000768.SZ,27.67,27.84,27.5,27.81,252153,699170310.08
2025-08-17,000768.SZ,27.81,28.19,27.74,28,342938,959681739.88
2025-08-18,000768.SZ,28,28.12,27.72,28.02,281966,786468809.98
2025-08-19,000768.SZ,27.9,28.39,27.77,28.2,336784,947609714.2
2025-08-20,000768.SZ,28.23,29.11,28.21,28.6,482355,1380842620.69
2025-08-21,000768.SZ,28.62,29.06,28.23,29.03,466414,1334339553.89
2025-08-24,000768.SZ,29.25,29.46,28.88,29.24,575286,1678314275.29
2025-08-25,000768.SZ,29.22,29.22,28.71,28.91,343791,993912388.16
2025-08-26,000768.SZ,28.89,29.06,28.05,28.09,440914,1262779076.01
2025-08-27,000768.SZ,28.03,28.45,27.37,28.42,415429,1159962772.64
2025-08-28,000768.SZ,28.45,29.1,28.29,28.88,643825,1854628773.51
2025-08-31,000768.SZ,28.95,29.38,28.02,28.95,672655,1928647795.27
2025-09-01,000768.SZ,28.97,28.98,27.95,28.68,467647,1329886399.68
2025-09-02,000768.SZ,28.78,28.78,25.81,25.86,908044,2437071849.7
2025-09-03,000768.SZ,25.8,25.85,24.7,25.13,610733,1535708935.88
2025-09-04,000768.SZ,25.08,25.36,24.84,25.25,335062,842195705.69
2025-09-07,000768.SZ,25.26,25.33,24.84,25,324083,811458709.11
2025-09-08,000768.SZ,24.98,25.13,24.68,24.69,277456,690027436.02
2025-09-09,000768.SZ,24.88,25.1,24.78,24.83,229532,572402639.77
2025-09-10,000768.SZ,24.82,25.17,24.65,25.15,283949,707956798.31
2025-09-11,000768.SZ,25.14,25.39,25.01,25.07,279554,705031343.75
2025-09-14,000768.SZ,25.07,25.31,24.85,24.91,230785,577163469.05
2025-09-15,000768.SZ,24.94,24.95,24.53,24.83,226931,560942448.13
2025-09-16,000768.SZ,24.79,24.88,24.58,24.7,227952,562819051.96
2025-09-17,000768.SZ,24.71,25.04,24.45,24.56,353456,875242702.11
2025-09-18,000768.SZ,24.59,25.31,24.59,25.04,413066,1036174332.3
2025-09-21,000768.SZ,25.08,25.08,24.65,24.89,219046,543383486.38
2025-09-22,000768.SZ,25.07,25.16,24.36,24.66,232047,571777251.17
2025-09-23,000768.SZ,24.53,24.95,24.48,24.94,209312,518861743.65
2025-09-24,000768.SZ,24.86,24.89,24.53,24.76,233530,577624815.37
2025-09-25,000768.SZ,24.75,25.67,24.7,25.33,447448,1131253339.76
2025-09-28,000768.SZ,25.35,25.65,24.94,25.6,351217,890414365.69
2025-09-29,000768.SZ,25.69,27.23,25.58,26.87,687035,1823509971.46
2025-10-08,000768.SZ,26.63,27,25.94,26.87,496528,1312868337.07
2025-10-09,000768.SZ,26.72,27.09,26.53,26.57,305659,819408799.98
2025-10-12,000768.SZ,26.05,26.82,25.92,26.68,296178,785715906.81
2025-10-13,000768.SZ,26.84,27.2,26.39,26.45,319753,853981694.77
2025-10-14,000768.SZ,26.48,26.65,26.1,26.45,220971,581283845.55
2025-10-15,000768.SZ,26.52,26.82,26.17,26.25,214381,567499219.47
2025-10-16,000768.SZ,26.06,26.33,25.47,25.52,258250,667390549.45
2025-10-19,000768.SZ,25.63,25.86,25.15,25.35,218823,557303710.23
2025-10-20,000768.SZ,25.38,25.85,25.38,25.57,175567,449706909.23
2025-10-21,000768.SZ,25.48,25.97,25.33,25.53,179679,462100058.68
2025-10-22,000768.SZ,25.56,25.7,25.21,25.65,155092,395326142.42
2025-10-23,000768.SZ,25.7,26.19,25.7,25.94,227455,590904849.95
2025-10-26,000768.SZ,25.95,26.05,25.76,25.91,186010,481563472.57
2025-10-27,000768.SZ,25.91,26.28,25.63,26.11,266017,694535955.01
2025-10-28,000768.SZ,26.05,26.05,25.85,26,174400,452326112.53
2025-10-29,000768.SZ,26.01,26.01,25.63,25.71,189180,488029274.5
2025-10-30,000768.SZ,25.66,25.77,25.55,25.67,160053,410573233.45
2025-11-02,000768.SZ,25.59,25.74,25.35,25.73,147445,376340639.06
2025-11-03,000768.SZ,25.65,25.69,25.12,25.23,180370,457856508.52
2025-11-04,000768.SZ,25.1,25.24,24.99,25.17,133651,335712693.06
2025-11-05,000768.SZ,25.11,25.65,25.08,25.47,189003,481042100.85
2025-11-06,000768.SZ,25.33,25.42,25.2,25.33,107517,272242835.33
2025-11-09,000768.SZ,25.31,25.52,25.14,25.43,123023,311755676.75
2025-11-10,000768.SZ,25.51,25.55,25.2,25.29,125769,318664330.95
2025-11-11,000768.SZ,25.24,25.25,24.9,25.1,153259,383753012.15
2025-11-12,000768.SZ,25.02,25.12,24.95,25.12,95401,239096763.69
2025-11-13,000768.SZ,25.05,25.28,24.94,25.01,144207,362145288.77
2025-11-16,000768.SZ,25.5,25.54,25.08,25.14,230282,582819206.79
2025-11-17,000768.SZ,25.12,25.12,24.8,24.89,147305,366490975.87
2025-11-18,000768.SZ,24.85,25.38,24.81,25.1,191747,481049490.07
2025-11-19,000768.SZ,25,25.06,24.6,24.69,169623,421133580.98
2025-11-20,000768.SZ,24.55,24.82,24.04,24.38,222056,541433049.87
2025-11-23,000768.SZ,24.38,25.11,24.34,25.07,234013,580939570.26
2025-11-24,000768.SZ,24.82,24.93,24.73,24.82,188174,466799117.81
2025-11-25,000768.SZ,24.77,24.77,24.26,24.34,213281,520770353.51
2025-11-26,000768.SZ,24.28,24.32,24.12,24.2,153232,370850097.47
2025-11-27,000768.SZ,24.2,24.25,24.07,24.23,122757,296270337.02
2025-11-30,000768.SZ,24.28,24.39,24.21,24.28,141759,344380396.22
2025-12-01,000768.SZ,24.23,24.24,24.07,24.1,113590,274048314.39
2025-12-02,000768.SZ,24.08,24.1,23.79,23.86,166966,399045282.31
2025-12-03,000768.SZ,23.74,23.96,23.7,23.72,140773,335262202.13
2025-12-04,000768.SZ,23.72,24.05,23.55,23.97,149661,356472707.25
2025-12-07,000768.SZ,24,24.34,24,24.1,213597,516594687.46
2025-12-08,000768.SZ,24,24.09,23.77,23.79,133227,318234818.85
2025-12-09,000768.SZ,23.78,23.99,23.64,23.97,120130,286770708.26
2025-12-10,000768.SZ,23.99,24.33,23.84,23.84,197431,476171525.59
2025-12-11,000768.SZ,23.83,24.11,23.75,24.11,172158,412158477.95
2025-12-14,000768.SZ,24.04,24.66,24,24.46,338167,826852451.71
2025-12-15,000768.SZ,24.4,24.4,23.8,24.04,223929,536913964.22
2025-12-16,000768.SZ,24.03,24.49,23.87,24.22,197812,477430337.18
2025-12-17,000768.SZ,24.05,24.77,24.01,24.42,258927,631937767.15
2025-12-18,000768.SZ,24.4,24.9,24.36,24.79,336632,831847292.81
2025-12-21,000768.SZ,24.85,24.95,24.58,24.65,226282,559063163.69
2025-12-22,000768.SZ,24.66,24.74,24.26,24.32,201191,492284605.09
2025-12-23,000768.SZ,24.28,24.88,24.19,24.84,271413,669683396.63
2025-12-24,000768.SZ,24.66,25.58,24.66,25.26,454697,1146927706.68
2025-12-25,000768.SZ,25.2,25.33,24.9,25.14,268743,676266605.02
2025-12-28,000768.SZ,25.15,25.54,24.99,25.3,299378,755689628.66
2025-12-29,000768.SZ,25.3,25.42,24.94,25.04,265423,668154172.87
2025-12-30,000768.SZ,25.07,25.5,25.01,25.38,316801,803183448.46
2026-01-04,000768.SZ,25.7,26.09,25.38,25.89,479640,1235529532.11
2026-01-05,000768.SZ,25.8,28.48,25.73,28.48,1232493,3381747821.32
2026-01-06,000768.SZ,28.58,29.24,28,28.22,1238705,3539043702.6
2026-01-07,000768.SZ,28.09,30.05,27.9,29.8,1284073,3750789344.93
2026-01-08,000768.SZ,30,30.78,29.45,29.97,1247774,3758175132.28
2026-01-11,000768.SZ,30.16,31.12,30.16,30.58,1000991,3060783967.93
2026-01-12,000768.SZ,30.2,30.2,28.51,28.59,1022433,2965631944.53
2026-01-13,000768.SZ,28.46,29.09,27.81,28.03,753449,2147728705.62
2026-01-14,000768.SZ,27.85,29.33,27.8,28.8,738415,2119620983.6
2026-01-15,000768.SZ,28.9,28.92,28.11,28.18,470416,1335012952.69
2026-01-18,000768.SZ,28.06,30.51,27.95,30.19,1010695,2989678794.41
2026-01-19,000768.SZ,30.02,30.85,29.61,30.02,614732,1846988949.36
2026-01-20,000768.SZ,30.06,31,30,30.44,738153,2255870518.51
2026-01-21,000768.SZ,30.6,31.96,30.58,31.07,769794,2415701205.33
2026-01-22,000768.SZ,31.12,31.18,30.15,30.33,605936,1852772878.21
2026-01-25,000768.SZ,30.68,30.74,29.15,29.25,614314,1826039849.25
2026-01-26,000768.SZ,29.14,30.66,29,30.15,641724,1912373234.59
2026-01-27,000768.SZ,30.21,30.76,29.69,29.82,525796,1582479569.57
2026-01-28,000768.SZ,29.68,30.29,28.98,29.01,572821,1688135686.52
2026-01-29,000768.SZ,28.94,29.28,28.06,28.25,447930,1275959123.02
2026-02-01,000768.SZ,28.2,28.75,27.99,28.14,399194,1131047160.49
2026-02-02,000768.SZ,28.44,29.38,28.3,29.17,456440,1325671272.74
2026-02-03,000768.SZ,29.11,31,28.99,30.54,741151,2246261620.43
2026-02-04,000768.SZ,30.48,31,29.99,30.08,433785,1316367070.42
2026-02-05,000768.SZ,29.95,30.2,28.97,29.16,421109,1236272036.35
2026-02-08,000768.SZ,29.51,29.63,29.06,29.27,333571,976965106.46
2026-02-09,000768.SZ,29.39,30.57,28.97,30.03,531361,1590298908.19
2026-02-10,000768.SZ,29.89,30.06,29.36,29.4,333886,990296607.21
2026-02-11,000768.SZ,29.39,30.41,29.2,30.06,391156,1170214405.86
2026-02-12,000768.SZ,29.92,30.77,29.85,30.38,584095,1772686158.82
2026-02-23,000768.SZ,30.55,30.84,30.16,30.48,496083,1514511361.26
2026-02-24,000768.SZ,30.46,30.78,29.98,30.5,432918,1313472748.3
2026-02-25,000768.SZ,30.41,31.36,30.01,31.01,616364,1897529461.35
2026-02-26,000768.SZ,30.92,31.55,30.5,30.83,515900,1597025594.55
2026-03-01,000768.SZ,31.16,31.49,30.43,31.27,814668,2521643652.1
2026-03-02,000768.SZ,31.04,31.05,28.65,28.72,802342,2373867929.73
2026-03-03,000768.SZ,28.26,29.65,28.23,29.19,400865,1166904563.91
2026-03-04,000768.SZ,29.22,29.47,28.68,29,353784,1027959174.37
2026-03-05,000768.SZ,29.05,30.59,28.93,29.8,592769,1775768668.89
2026-03-08,000768.SZ,29.28,29.32,28.31,28.76,455210,1304668319.49
2026-03-09,000768.SZ,28.95,29.49,28.8,29.02,307668,896088065.03
2026-03-10,000768.SZ,29.07,29.18,28.13,28.2,436917,1243036987.09
2026-03-11,000768.SZ,28.19,28.2,27,27.31,481294,1319191371.35
2026-03-12,000768.SZ,27.01,27.36,26.7,26.88,276490,746928655.68
2026-03-15,000768.SZ,26.9,27.1,26.55,26.92,248572,667694691.79
2026-03-16,000768.SZ,27,27.09,26.44,26.49,217821,582993745.37
2026-03-17,000768.SZ,26.55,26.72,26.27,26.67,185211,490383511.89
2026-03-18,000768.SZ,26.28,26.34,25.6,25.76,284950,738624976.46
2026-03-19,000768.SZ,25.94,25.98,25.33,25.52,229390,587777997.33
2026-03-22,000768.SZ,25.08,25.28,24.24,24.43,364489,901442073.95
2026-03-23,000768.SZ,24.75,24.9,24.26,24.63,250933,616159840.06
2026-03-24,000768.SZ,24.63,25.23,24.63,25.18,278284,693943733.71
2026-03-25,000768.SZ,25.09,25.09,24.5,24.59,224297,554495322.27
2026-03-26,000768.SZ,24.23,25.18,24.18,25.03,179790,446435432.67
2026-03-29,000768.SZ,24.7,25.22,24.63,25.1,216043,540173945.78
2026-03-30,000768.SZ,25.08,25.41,24.6,24.66,264391,661232439.23
2026-03-31,000768.SZ,24.98,25.06,24.58,24.71,197121,487425787.52
2026-04-01,000768.SZ,24.69,24.88,24.28,24.37,174017,426332736.64
2026-04-02,000768.SZ,24.37,24.5,23.85,24.02,179441,431846475.01
2026-04-06,000768.SZ,24.02,24.16,23.72,23.82,169642,405631693.7
2026-04-07,000768.SZ,24.48,24.65,24.22,24.63,243493,595568446.95
2026-04-08,000768.SZ,24.4,24.41,24.03,24.06,228915,553110483.39
2026-04-09,000768.SZ,24.16,24.59,24.16,24.41,226382,553837799.4
2026-04-12,000768.SZ,24.36,25.2,24.25,24.85,300590,744324059.31
2026-04-13,000768.SZ,24.85,24.97,24.7,24.87,221193,548449804.09
2026-04-14,000768.SZ,25.2,25.21,24.61,24.67,260775,648836105.48
2026-04-15,000768.SZ,24.7,24.88,24.51,24.72,200558,494765451.66
2026-04-16,000768.SZ,24.67,24.75,24.32,24.67,190379,468101460.57
2026-04-19,000768.SZ,24.67,24.84,24.42,24.79,324662,800316518.77
2026-04-20,000768.SZ,24.75,24.79,24.27,24.36,332058,810917503.19
2026-04-21,000768.SZ,24.24,24.25,24.1,24.2,226066,546486760.81
2026-04-22,000768.SZ,24.2,24.99,24.02,24.28,364916,887791323.16
2026-04-23,000768.SZ,24.16,24.2,23.77,23.78,299061,713723321.28
2026-04-26,000768.SZ,23.79,23.87,23.57,23.75,182755,432856991.5
2026-04-27,000768.SZ,23.7,23.76,23.51,23.51,220396,520210642.64
2026-04-28,000768.SZ,23.26,23.54,22.92,23.5,238509,555707566.42
2026-04-29,000768.SZ,23.45,23.71,23.42,23.5,214285,504927498.83
2026-05-05,000768.SZ,23.86,23.86,23.43,23.51,380431,897603705.43
2026-05-06,000768.SZ,23.5,23.56,23.24,23.46,295070,689562065.32
2026-05-07,000768.SZ,23.49,24.5,23.42,24.45,729463,1758183961.12
2026-05-10,000768.SZ,24.75,25.18,24.5,24.76,740250,1834179181.44
2026-05-11,000768.SZ,24.95,25.79,24.58,25.55,1041082,2626988712.58
2026-05-12,000768.SZ,25.33,25.5,24.93,25.26,591690,1491147607.57
2026-05-13,000768.SZ,25.26,25.32,24.2,24.23,548960,1348958477.83
2026-05-14,000768.SZ,24.15,24.2,23.6,23.67,415795,989546553.61
2026-05-17,000768.SZ,23.58,23.78,23.09,23.2,372372,869682969.69
2026-05-18,000768.SZ,23.15,23.45,23.03,23.42,268315,623462048.1
2026-05-19,000768.SZ,23.22,23.27,22.81,22.9,305327,702518635.81
2026-05-20,000768.SZ,22.98,23.1,22.25,22.32,343485,782040548.45
2026-05-21,000768.SZ,22.28,22.46,21.71,21.75,401516,882066030.65
2026-05-24,000768.SZ,21.69,21.86,21.51,21.8,275979,598083161.88
2026-05-25,000768.SZ,21.69,22.33,21.36,22.32,378193,824092999.03
2026-05-26,000768.SZ,22.1,22.2,21.71,21.74,239940,525405488.69
2026-05-27,000768.SZ,21.61,21.94,21.49,21.69,177252,385123118.58
2026-05-28,000768.SZ,21.69,21.92,21.48,21.75,215747,469114786.42
2026-05-31,000768.SZ,21.85,22.09,21.71,22.04,162259,356266916.57
2026-06-01,000768.SZ,22.04,22.24,21.61,22.14,233348,512048600.59
2026-06-02,000768.SZ,22.06,22.1,21.77,21.89,177390,389122148.43
2026-06-03,000768.SZ,21.84,21.84,21,21.1,321501,685544108.02
2026-06-04,000768.SZ,21.03,21.26,20.98,21.03,210263,443621982.55
2026-06-07,000768.SZ,20.6,20.95,20.13,20.25,304898,624380186.75
2026-06-08,000768.SZ,20.35,20.49,19.97,20.15,201634,405555293.82
2026-06-09,000768.SZ,20,20.57,19.9,20.02,220074,441851274.18
2026-06-10,000768.SZ,19.82,20.98,19.64,20.78,421275,852849486.52
2026-06-11,000768.SZ,22.86,22.86,22.86,22.86,278592,636860283.3
2026-06-14,000768.SZ,21.4,21.81,21.26,21.63,687455,1480609548.09
2026-06-15,000768.SZ,21.39,21.87,21.09,21.13,425251,909578033.43
2026-06-16,000768.SZ,20.89,21.37,20.67,21.29,344688,725246576.62
2026-06-17,000768.SZ,21.08,21.13,20.51,20.59,321078,666910239.51
2026-06-21,000768.SZ,20.41,21.15,20.34,21.14,308550,641329295.63
2026-06-22,000768.SZ,21.12,21.12,20.36,20.44,274576,568938571.07
2026-06-23,000768.SZ,20.35,20.42,20.05,20.09,219043,441980472.93
2026-06-24,000768.SZ,19.98,20.26,19.9,20.01,218455,437822214.65
2026-06-25,000768.SZ,19.95,20.12,19.57,19.91,282378,560940608.15
2026-06-28,000768.SZ,19.95,20.45,19.58,20.17,268447,536794731.82
2026-06-29,000768.SZ,20.16,20.51,20.12,20.48,269735,548724078.32
2026-06-30,000768.SZ,20.29,20.92,20.27,20.69,319692,657627235.62
2026-07-01,000768.SZ,20.52,20.79,20.31,20.32,223173,458581661.03
2026-07-02,000768.SZ,20.35,21.1,20.33,20.99,331980,689992059.24
2026-07-05,000768.SZ,20.88,21.08,20.51,20.59,227076,471055393.28
2026-07-06,000768.SZ,20.59,20.68,20.14,20.18,190006,386580140.15
2026-07-07,000768.SZ,20.18,20.28,19.95,19.95,154028,309169357.92
2026-07-08,000768.SZ,19.92,20.14,19.63,20.09,186355,370620267.11
2026-07-09,000768.SZ,20.01,20.93,19.8,20.49,378007,772592924.3
2026-07-12,000768.SZ,20.28,20.29,19.53,19.53,335300,664006030.28
2026-07-13,000768.SZ,19.45,19.58,19.2,19.56,192506,372671606.88
2026-07-14,000768.SZ,19.48,19.94,19.43,19.83,168237,332724787.45
2026-07-15,000768.SZ,19.76,19.98,19.67,19.9,146534,291317961.67
2026-07-16,000768.SZ,19.88,20.04,19.58,19.77,223973,444832256.44
2026-07-19,000768.SZ,19.93,20.43,19.9,20.4,330711,670586127.09
2026-07-20,000768.SZ,20.39,20.91,20.3,20.39,302742,623157322.58
2026-07-21,000768.SZ,20.39,20.57,20.17,20.47,191210,390285968
2026-07-22,000768.SZ,20.47,20.8,20.34,20.79,214677,442846556.69
2026-07-23,000768.SZ,20.65,21.1,20.3,20.31,279260,578606007.25
2026-07-26,000768.SZ,20.2,20.79,20.01,20.75,211230,434493715.13
2026-07-27,000768.SZ,20.56,20.79,20.4,20.73,177970,366866802.18
2026-07-28,000768.SZ,20.7,21.09,20.65,20.98,223445,467695417.3
2026-07-29,000768.SZ,20.85,21.13,20.81,20.96,187816,393963283.56
2026-07-30,000768.SZ,20.88,21.15,20.78,21.11,249154,522879562.23
2026-08-02,000768.SZ,21.07,21.39,20.93,21.35,237266,502449725.44
2026-08-03,000768.SZ,21.36,21.4,20.96,21.03,231792,490096192.24
2026-08-04,000768.SZ,20.96,21.04,20.74,20.86,215815,450121338.75
2026-08-05,000768.SZ,20.88,20.95,20.57,20.83,201249,417612289.93
2026-08-06,000768.SZ,20.73,20.83,20.59,20.74,166392,344340563.11
2026-08-09,000768.SZ,20.73,21.64,20.65,21.54,376683,798453377.29
2026-08-10,000768.SZ,21.3,21.33,21.01,21.01,240524,508810117.76
2026-08-11,000768.SZ,20.95,21.06,20.92,21,122075,256218759.67
2026-08-12,000768.SZ,21.14,21.25,20.85,20.89,193822,407895436.49
2026-08-13,000768.SZ,20.88,22,20.84,21.43,494677,1066785621.15
2026-08-16,000768.SZ,21.44,21.72,21.26,21.6,234855,505167777.16
2026-08-17,000768.SZ,21.59,21.61,21.22,21.5,183580,392459318.62
2026-08-18,000768.SZ,21.5,21.6,20.8,20.83,228193,481196081.51
2026-08-19,000768.SZ,20.87,21.15,20.84,20.94,127468,267386909.51
2026-08-20,000768.SZ,20.84,21.07,20.72,20.96,115832,242569770.31
2026-08-23,000768.SZ,20.93,21.65,20.78,21.36,246700,525771567.36
2026-08-24,000768.SZ,20.7,20.9,20.32,20.46,344756,708339042.5
2026-08-25,000768.SZ,20.35,21.02,20.31,20.72,276570,573098510.34
2026-08-26,000768.SZ,20.65,21.28,20.6,21.2,261988,550620348.97
2026-08-27,000768.SZ,21.4,21.9,21.12,21.72,382473,829139612.34
2026-08-30,000768.SZ,21.86,22.17,21.54,21.96,271545,592597741.57
2026-08-31,000768.SZ,21.9,22.96,21.8,22.62,497965,1124887261.91
2026-09-01,000768.SZ,22.64,23.66,22.64,23.02,710109,1642734736.89
2026-09-02,000768.SZ,23.29,23.39,22.86,23.04,367964,850309505.1
2026-09-03,000768.SZ,23.01,23.87,22.96,23.7,534579,1259153886.3
2026-09-06,000768.SZ,23.48,23.63,22.91,23.28,387896,898836007.76
2026-09-07,000768.SZ,23.31,23.73,23.18,23.55,236585,555855275.65
2026-09-08,000768.SZ,23.41,24.36,23.37,23.95,395807,948200406.04
2026-09-09,000768.SZ,23.77,24.04,23.49,23.5,292768,694239567.38
2026-09-10,000768.SZ,23.29,23.6,23.05,23.54,285291,666744261.44
2026-09-13,000768.SZ,23.5,23.5,22.54,22.62,324160,738028524.79
2026-09-14,000768.SZ,22.74,22.74,22.2,22.3,186683,419928020.01
2026-09-15,000768.SZ,22.25,22.46,21.95,22.35,207672,460730371.23
2026-09-16,000768.SZ,22.35,22.68,22.19,22.22,150579,337044069.33
2026-09-17,000768.SZ,22.31,22.73,22.2,22.35,173474,389118060.81
2026-09-20,000768.SZ,22.35,23.23,22.28,22.91,219034,500792063.85
2026-09-21,000768.SZ,23.05,23.2,22.55,22.84,196204,446298245.01
2026-09-22,000768.SZ,22.9,22.96,22.47,22.71,154136,349334308.84
2026-09-23,000768.SZ,22.63,22.77,22.06,22.1,180651,402871327.12
2026-09-27,000768.SZ,22.2,23.05,22.02,22.92,421774,958546434.93
2026-09-28,000768.SZ,22.93,22.94,22.04,22.5,286231,640476876.33
2026-09-29,000768.SZ,22.51,23.38,22.51,23.12,318353,733853015.18
2022-08-16,600010.SH,2.19,2.19,2.16,2.18,2547325,553167887
2022-08-17,600010.SH,2.17,2.18,2.13,2.13,3371158,724565025
2022-08-18,600010.SH,2.13,2.15,2.13,2.13,2367728,506197396
2022-08-21,600010.SH,2.12,2.15,2.1,2.13,2890074,614709466
2022-08-22,600010.SH,2.13,2.14,2.11,2.12,2363573,501003329
2022-08-23,600010.SH,2.11,2.14,2.07,2.07,4171316,874530462
2022-08-24,600010.SH,2.07,2.09,2.05,2.08,2639027,546507306
2022-08-25,600010.SH,2.08,2.11,2.07,2.09,2337514,488513667
2022-08-28,600010.SH,2.07,2.08,2.05,2.07,2362230,486961534
2022-08-29,600010.SH,2.06,2.08,2.03,2.04,2470705,506479151
2022-08-30,600010.SH,2.03,2.04,1.99,2.01,3399808,683077449
2022-08-31,600010.SH,2,2.03,1.99,2,1950487,391911003
2022-09-01,600010.SH,2,2.01,1.99,2,1375276,275244227
2022-09-04,600010.SH,2.01,2.04,1.99,2.03,2287561,461706659
2022-09-05,600010.SH,2.04,2.06,2.03,2.05,2328597,476653383
2022-09-06,600010.SH,2.05,2.07,2.04,2.06,2063336,424422531
2022-09-07,600010.SH,2.06,2.07,2.04,2.04,2275329,467467096
2022-09-08,600010.SH,2.05,2.07,2.04,2.06,1723367,355025001
2022-09-12,600010.SH,2.07,2.08,2.05,2.05,1619425,333661006
2022-09-13,600010.SH,2.03,2.04,2.01,2.02,1983382,401651429
2022-09-14,600010.SH,2.02,2.04,1.99,2,2587824,519714210
2022-09-15,600010.SH,2,2,1.96,1.96,2850847,563289258
2022-09-18,600010.SH,1.95,1.96,1.89,1.91,3648514,699264532
2022-09-19,600010.SH,1.92,1.98,1.91,1.95,2816702,548298942
2022-09-20,600010.SH,1.94,2,1.93,1.98,3167295,622572934
2022-09-21,600010.SH,1.97,2.01,1.95,1.96,2655733,525506666
2022-09-22,600010.SH,1.96,1.99,1.94,1.96,2437923,478985608
2022-09-25,600010.SH,1.95,1.95,1.9,1.91,2679757,515063155
2022-09-26,600010.SH,1.91,1.93,1.88,1.91,2113396,402092524
2022-09-27,600010.SH,1.9,1.91,1.84,1.84,2563119,478232102
2022-09-28,600010.SH,1.86,1.87,1.82,1.84,1750960,323987336
2022-09-29,600010.SH,1.84,1.86,1.83,1.84,1301814,240939582
2022-10-09,600010.SH,1.85,1.88,1.82,1.83,2114786,391651747
2022-10-10,600010.SH,1.82,1.84,1.8,1.83,1549920,282756842
2022-10-11,600010.SH,1.84,1.87,1.81,1.86,2164618,397844234
2022-10-12,600010.SH,1.86,1.91,1.85,1.89,2727250,514553663
2022-10-13,600010.SH,1.9,1.91,1.89,1.89,2117174,402362275
2022-10-16,600010.SH,1.89,1.93,1.87,1.91,2408734,456954514
2022-10-17,600010.SH,1.92,1.93,1.89,1.89,1466258,278800090
2022-10-18,600010.SH,1.89,1.89,1.86,1.86,1641960,307708499
2022-10-19,600010.SH,1.85,1.88,1.84,1.86,1806993,335776776
2022-10-20,600010.SH,1.86,1.88,1.85,1.85,1543761,287384402
2022-10-23,600010.SH,1.85,1.88,1.81,1.81,2485712,458048377
2022-10-24,600010.SH,1.81,1.83,1.78,1.82,2175722,392412327
2022-10-25,600010.SH,1.85,1.94,1.85,1.89,4481904,851840294
2022-10-26,600010.SH,1.88,1.9,1.86,1.86,2503953,470738211
2022-10-27,600010.SH,1.81,1.81,1.78,1.79,2965993,533382195
2022-10-30,600010.SH,1.78,1.8,1.75,1.76,2271758,402814622
2022-10-31,600010.SH,1.76,1.83,1.76,1.82,3362894,607329186
2022-11-01,600010.SH,1.82,1.89,1.8,1.86,4115264,758509092
2022-11-02,600010.SH,1.84,1.86,1.82,1.82,2588910,475451218
2022-11-03,600010.SH,1.82,1.88,1.81,1.87,4140824,769258088
2022-11-06,600010.SH,1.87,1.97,1.86,1.93,6546118,1270008643
2022-11-07,600010.SH,1.93,1.97,1.92,1.94,4171357,810604477
2022-11-08,600010.SH,1.98,2,1.93,1.93,3346306,653415954
2022-11-09,600010.SH,2.01,2.12,1.99,2.12,15896763,3292004730
2022-11-10,600010.SH,2.16,2.2,2.04,2.06,14596448,3081925788
2022-11-13,600010.SH,2.05,2.06,1.97,1.98,7890734,1581239932
2022-11-14,600010.SH,1.97,2,1.96,1.98,4643789,919571378
2022-11-15,600010.SH,1.98,1.99,1.95,1.96,3297206,648522217
2022-11-16,600010.SH,1.95,1.96,1.94,1.95,2755080,536985794
2022-11-17,600010.SH,1.95,2.01,1.95,1.97,4040485,799253481
2022-11-20,600010.SH,1.95,1.95,1.92,1.93,2816727,543960763
2022-11-21,600010.SH,1.94,1.98,1.93,1.96,3769614,736304700
2022-11-22,600010.SH,1.95,1.98,1.94,1.96,3012157,592716102
2022-11-23,600010.SH,1.97,1.98,1.95,1.95,1955659,383029366
2022-11-24,600010.SH,1.95,1.98,1.94,1.97,2732931,536852568
2022-11-27,600010.SH,1.95,1.96,1.92,1.95,2649815,514038829
2022-11-28,600010.SH,1.95,1.99,1.95,1.98,3765765,744337700
2022-11-29,600010.SH,1.99,2.01,1.98,1.99,3820389,762236155
2022-11-30,600010.SH,2,2.01,1.98,1.98,2971301,591707190
2022-12-01,600010.SH,1.98,1.99,1.97,1.98,1526393,301645397
2022-12-04,600010.SH,1.99,2.07,1.98,2.06,6812616,1383795891
2022-12-05,600010.SH,2.05,2.06,2.02,2.04,3477499,709496348
2022-12-06,600010.SH,2.03,2.03,1.99,2,3759253,754912423
2022-12-07,600010.SH,2,2.01,1.99,2,1845863,369055836
2022-12-08,600010.SH,2,2.03,1.98,2.02,3482235,699871980
2022-12-11,600010.SH,2.02,2.02,1.96,1.97,3242758,643935663
2022-12-12,600010.SH,2.03,2.09,2.03,2.04,6477882,1331185852
2022-12-13,600010.SH,2.02,2.04,1.99,2,3237436,651662920
2022-12-14,600010.SH,1.99,2,1.97,1.98,2644074,523789679
2022-12-15,600010.SH,1.97,2,1.96,1.98,2368128,469432969
2022-12-18,600010.SH,1.98,1.99,1.92,1.93,3548450,691119300
2022-12-19,600010.SH,1.92,1.95,1.92,1.93,1927790,372758343
2022-12-20,600010.SH,1.93,1.94,1.91,1.91,1275928,245334491
2022-12-21,600010.SH,1.93,1.93,1.87,1.88,2059426,390837439
2022-12-22,600010.SH,1.87,1.9,1.86,1.89,1308804,246340351
2022-12-25,600010.SH,1.89,1.93,1.89,1.91,1426577,272678514
2022-12-26,600010.SH,1.93,1.97,1.92,1.96,2318355,450254929
2022-12-27,600010.SH,1.96,1.97,1.95,1.96,1639244,321620074
2022-12-28,600010.SH,1.98,1.99,1.92,1.93,2416559,470279325
2022-12-29,600010.SH,1.93,1.94,1.91,1.92,1487580,285577033
2023-01-02,600010.SH,1.92,1.95,1.91,1.93,1970912,380977037
2023-01-03,600010.SH,1.94,1.95,1.93,1.94,1820048,353127656
2023-01-04,600010.SH,1.95,1.95,1.93,1.93,1323960,256569197
2023-01-05,600010.SH,1.94,1.95,1.93,1.93,1450175,281107608
2023-01-08,600010.SH,1.94,1.97,1.93,1.95,3504303,681344158
2023-01-09,600010.SH,1.94,1.95,1.91,1.91,1969121,377588881
2023-01-10,600010.SH,1.92,1.93,1.91,1.91,1931874,370333146
2023-01-11,600010.SH,1.91,1.92,1.89,1.9,1950953,370978610
2023-01-12,600010.SH,1.9,1.92,1.89,1.91,1470875,280238554
2023-01-15,600010.SH,1.91,1.94,1.91,1.93,2050628,394553952
2023-01-16,600010.SH,1.93,1.94,1.91,1.93,1467302,282429794
2023-01-17,600010.SH,1.93,1.94,1.92,1.93,1446124,279151593
2023-01-18,600010.SH,1.93,1.95,1.92,1.94,2115250,409734509
2023-01-19,600010.SH,1.95,2.01,1.94,2.01,5495124,1092620845
2023-01-29,600010.SH,2.03,2.07,2.02,2.04,5474294,1118578138
2023-01-30,600010.SH,2.01,2.05,2,2.04,3668995,742008985
2023-01-31,600010.SH,2.04,2.14,2.03,2.1,7525039,1580002493
2023-02-01,600010.SH,2.1,2.13,2.07,2.1,5234807,1099650058
2023-02-02,600010.SH,2.09,2.1,2.06,2.09,4174944,866651332
2023-02-05,600010.SH,2.07,2.09,2.04,2.05,2633217,543117055
2023-02-06,600010.SH,2.06,2.08,2.05,2.06,2212365,456365657
2023-02-07,600010.SH,2.07,2.08,2.04,2.04,1823135,374996474
2023-02-08,600010.SH,2.05,2.07,2.04,2.07,1910405,393621942
2023-02-09,600010.SH,2.06,2.07,2.04,2.04,1588486,325805717
2023-02-12,600010.SH,2.04,2.05,2.03,2.04,2226699,454286810
2023-02-13,600010.SH,2.05,2.07,2.04,2.06,2058248,423265910
2023-02-14,600010.SH,2.06,2.06,2.02,2.03,2755940,561553072
2023-02-15,600010.SH,2.03,2.05,1.98,1.99,3914033,790278009
2023-02-16,600010.SH,2,2.04,1.99,2,3136550,632933227
2023-02-19,600010.SH,2.01,2.04,2,2.04,3060529,620074544
2023-02-20,600010.SH,2.04,2.1,2.03,2.1,6313694,1311719574
2023-02-21,600010.SH,2.09,2.09,2.06,2.07,2523369,523887187
2023-02-22,600010.SH,2.08,2.08,2.05,2.06,1996078,411601907
2023-02-23,600010.SH,2.05,2.06,2.02,2.04,2801677,571410395
2023-02-26,600010.SH,2.04,2.1,2.03,2.05,3860176,799891085
2023-02-27,600010.SH,2.05,2.06,2.03,2.05,2441560,499021391
2023-02-28,600010.SH,2.06,2.08,2.04,2.07,2371872,489216155
2023-03-01,600010.SH,2.04,2.06,2.03,2.04,2816007,575433056
2023-03-02,600010.SH,2.05,2.07,2.04,2.06,2498248,513463424
2023-03-05,600010.SH,2.07,2.07,2.04,2.04,1758845,360142528
2023-03-06,600010.SH,2.04,2.05,2,2.01,3154422,639977125
2023-03-07,600010.SH,2,2.02,1.99,2.01,2262593,453453492
2023-03-08,600010.SH,2.01,2.02,1.99,2,1986413,397671820
2023-03-09,600010.SH,1.99,1.99,1.96,1.96,2915596,574481090
2023-03-12,600010.SH,1.97,1.99,1.95,1.96,2420265,475625250
2023-03-13,600010.SH,1.96,1.98,1.92,1.94,2873049,559607696
2023-03-14,600010.SH,1.96,1.98,1.95,1.97,2495181,490868396
2023-03-15,600010.SH,1.96,1.97,1.92,1.92,2865086,555148120
2023-03-16,600010.SH,1.93,1.95,1.92,1.93,2044125,395821532
2023-03-19,600010.SH,1.93,1.95,1.92,1.92,2057549,397888018
2023-03-20,600010.SH,1.93,1.94,1.92,1.93,1831382,352903849
2023-03-21,600010.SH,1.94,1.94,1.92,1.93,1483920,286202333
2023-03-22,600010.SH,1.93,1.93,1.91,1.92,2096303,402210309
2023-03-23,600010.SH,1.92,1.93,1.91,1.92,1691099,324079395
2023-03-26,600010.SH,1.92,1.93,1.89,1.9,2533536,482480171
2023-03-27,600010.SH,1.9,1.91,1.88,1.88,1765445,333363315
2023-03-28,600010.SH,1.89,1.9,1.87,1.87,1548788,291735265
2023-03-29,600010.SH,1.87,1.88,1.84,1.87,2567755,478053078
2023-03-30,600010.SH,1.88,1.9,1.87,1.89,1444619,272769748
2023-04-02,600010.SH,1.89,1.91,1.88,1.9,1627511,308833466
2023-04-03,600010.SH,1.9,1.92,1.89,1.9,1679724,319649313
2023-04-05,600010.SH,1.89,1.9,1.87,1.89,1978663,373126241
2023-04-06,600010.SH,1.89,1.9,1.88,1.89,1085213,204784794
2023-04-09,600010.SH,1.88,1.88,1.86,1.87,1594646,298416055
2023-04-10,600010.SH,1.86,1.89,1.86,1.89,1650363,309727377
2023-04-11,600010.SH,1.89,1.91,1.88,1.9,1715971,326031478
2023-04-12,600010.SH,1.9,1.92,1.89,1.89,1792350,341458063
2023-04-13,600010.SH,1.89,1.91,1.89,1.9,1621797,307874028
2023-04-16,600010.SH,1.9,1.92,1.89,1.92,2182713,416532550
2023-04-17,600010.SH,1.92,1.92,1.9,1.9,1182798,225581648
2023-04-18,600010.SH,1.91,1.91,1.89,1.89,1420501,269720593
2023-04-19,600010.SH,1.89,1.9,1.87,1.88,1907997,358273978
2023-04-20,600010.SH,1.87,1.89,1.84,1.84,2638462,490427661
2023-04-23,600010.SH,1.84,1.84,1.8,1.81,2165335,392415770
2023-04-24,600010.SH,1.81,1.82,1.77,1.78,2160321,386369423
2023-04-25,600010.SH,1.77,1.81,1.77,1.8,1612464,288959960
2023-04-26,600010.SH,1.8,1.81,1.79,1.79,1282019,230432352
2023-04-27,600010.SH,1.8,1.82,1.8,1.82,1776873,322144795
2023-05-03,600010.SH,1.81,1.83,1.81,1.82,1464039,266728470
2023-05-04,600010.SH,1.82,1.83,1.8,1.8,1807571,327261723
2023-05-07,600010.SH,1.8,1.86,1.8,1.85,3118743,572638227
2023-05-08,600010.SH,1.87,1.91,1.86,1.87,4499013,849332587
2023-05-09,600010.SH,1.87,1.89,1.86,1.87,2252308,422236245
2023-05-10,600010.SH,1.87,1.88,1.85,1.86,1485757,276276315
2023-05-11,600010.SH,1.86,1.86,1.83,1.83,1540539,283709037
2023-05-14,600010.SH,1.83,1.86,1.82,1.86,1663918,306680193
2023-05-15,600010.SH,1.86,1.86,1.83,1.84,1593744,293783047
2023-05-16,600010.SH,1.83,1.86,1.83,1.84,1177193,216974407
2023-05-17,600010.SH,1.85,1.86,1.83,1.83,1207485,222451321
2023-05-18,600010.SH,1.83,1.85,1.82,1.84,1430929,262261546
2023-05-21,600010.SH,1.83,1.88,1.83,1.86,2274650,421871255
2023-05-22,600010.SH,1.85,1.86,1.82,1.83,1402572,257762642
2023-05-23,600010.SH,1.83,1.84,1.82,1.83,1095592,200194284
2023-05-24,600010.SH,1.82,1.84,1.81,1.83,1618622,294752224
2023-05-25,600010.SH,1.83,1.84,1.81,1.83,910295,166206394
2023-05-28,600010.SH,1.83,1.84,1.82,1.83,887305,162174244
2023-05-29,600010.SH,1.82,1.83,1.8,1.81,1343273,243387941
2023-05-30,600010.SH,1.81,1.83,1.8,1.83,1634358,296456726
2023-05-31,600010.SH,1.82,1.85,1.81,1.84,1505357,276241352
2023-06-01,600010.SH,1.85,1.87,1.84,1.86,2111920,392465311
2023-06-04,600010.SH,1.86,1.87,1.84,1.85,1141820,211253594
2023-06-05,600010.SH,1.84,1.85,1.81,1.81,1872365,341911562
2023-06-06,600010.SH,1.81,1.83,1.8,1.81,1051480,190507266
2023-06-07,600010.SH,1.81,1.82,1.8,1.81,1019247,184437183
2023-06-08,600010.SH,1.81,1.83,1.81,1.82,963256,175367821
2023-06-11,600010.SH,1.82,1.83,1.81,1.81,1110136,201812528
2023-06-12,600010.SH,1.82,1.82,1.8,1.81,1075820,194682277
2023-06-13,600010.SH,1.81,1.82,1.8,1.8,860930,155633977
2023-06-14,600010.SH,1.8,1.82,1.8,1.82,1013858,183518665
2023-06-15,600010.SH,1.82,1.83,1.81,1.83,1109958,202547762
2023-06-18,600010.SH,1.83,1.83,1.81,1.81,1065775,193852271
2023-06-19,600010.SH,1.82,1.82,1.8,1.81,1443190,260989118
2023-06-20,600010.SH,1.81,1.81,1.79,1.79,1311555,236060549
2023-06-25,600010.SH,1.79,1.79,1.77,1.78,1290003,229711456
2023-06-26,600010.SH,1.78,1.8,1.77,1.79,1648124,294747346
2023-06-27,600010.SH,1.79,1.8,1.77,1.78,1398637,249207642
2023-06-28,600010.SH,1.78,1.79,1.77,1.78,798678,142315420
2023-06-29,600010.SH,1.78,1.8,1.78,1.79,1137552,203867258
2023-07-02,600010.SH,1.8,1.82,1.79,1.8,1815572,327861033
2023-07-03,600010.SH,1.81,1.84,1.81,1.83,2423169,441552250
2023-07-04,600010.SH,1.81,1.92,1.81,1.91,7685417,1442568901
2023-07-05,600010.SH,1.89,1.9,1.84,1.85,3845887,714538724
2023-07-06,600010.SH,1.84,1.87,1.83,1.85,2948998,544878364
2023-07-09,600010.SH,1.83,1.85,1.82,1.84,2161682,396866703
2023-07-10,600010.SH,1.84,1.85,1.82,1.83,2052605,375751462
2023-07-11,600010.SH,1.84,1.84,1.82,1.82,1410572,257782664
2023-07-12,600010.SH,1.83,1.84,1.82,1.83,1456491,266600779
2023-07-13,600010.SH,1.82,1.84,1.82,1.82,943623,172089189
2023-07-16,600010.SH,1.82,1.82,1.79,1.8,1936432,348613250
2023-07-17,600010.SH,1.8,1.81,1.79,1.8,1275048,229194308
2023-07-18,600010.SH,1.8,1.81,1.79,1.81,1255024,226244637
2023-07-19,600010.SH,1.81,1.82,1.8,1.8,1166545,211130461
2023-07-20,600010.SH,1.8,1.81,1.79,1.8,1055009,189942426
2023-07-23,600010.SH,1.8,1.81,1.79,1.79,691148,124316930
2023-07-24,600010.SH,1.81,1.83,1.8,1.82,2128496,386813875
2023-07-25,600010.SH,1.82,1.88,1.81,1.86,3476747,642026349
2023-07-26,600010.SH,1.85,1.89,1.84,1.86,4322999,805733746
2023-07-27,600010.SH,1.86,1.9,1.85,1.89,4427860,834601676
2023-07-30,600010.SH,1.89,1.91,1.89,1.89,2920644,554381370
2023-07-31,600010.SH,1.89,1.97,1.88,1.93,6663199,1288698984
2023-08-01,600010.SH,1.92,1.93,1.9,1.91,3781048,724574999
2023-08-02,600010.SH,1.91,1.93,1.9,1.92,2782264,532810218
2023-08-03,600010.SH,1.94,1.95,1.9,1.91,2482329,478057771
2023-08-06,600010.SH,1.91,1.92,1.89,1.9,1886187,359484966
2023-08-07,600010.SH,1.9,1.91,1.88,1.89,1785038,338075122
2023-08-08,600010.SH,1.89,1.91,1.88,1.89,1710931,323952197
2023-08-09,600010.SH,1.89,1.9,1.87,1.88,1605534,302382790
2023-08-10,600010.SH,1.89,1.89,1.84,1.84,1985305,368887727
2023-08-13,600010.SH,1.83,1.85,1.82,1.84,1940512,355902073
2023-08-14,600010.SH,1.84,1.86,1.81,1.84,2429559,445733582
2023-08-15,600010.SH,1.83,1.85,1.82,1.83,1504763,275886541
2023-08-16,600010.SH,1.83,1.84,1.81,1.83,1471708,268236609
2023-08-17,600010.SH,1.83,1.84,1.81,1.81,1610722,293748548
2023-08-20,600010.SH,1.81,1.83,1.8,1.8,1838067,333083228
2023-08-21,600010.SH,1.8,1.82,1.78,1.8,2482825,445819540
2023-08-22,600010.SH,1.8,1.8,1.78,1.78,1512195,270458132
2023-08-23,600010.SH,1.78,1.8,1.77,1.77,1626132,290160152
2023-08-24,600010.SH,1.77,1.79,1.76,1.77,2041345,362411399
2023-08-27,600010.SH,1.85,1.87,1.78,1.78,3241873,588250848
2023-08-28,600010.SH,1.79,1.81,1.78,1.8,2135466,383286088
2023-08-29,600010.SH,1.8,1.81,1.78,1.79,2179626,391187918
2023-08-30,600010.SH,1.79,1.8,1.78,1.79,1272033,227563053
2023-08-31,600010.SH,1.79,1.81,1.79,1.8,1609219,289705917
2023-09-03,600010.SH,1.81,1.85,1.8,1.83,3242237,592470762
2023-09-04,600010.SH,1.83,1.83,1.81,1.82,1897353,345467453
2023-09-05,600010.SH,1.82,1.82,1.8,1.8,1060662,191634041
2023-09-06,600010.SH,1.8,1.81,1.78,1.78,1634040,292784498
2023-09-07,600010.SH,1.78,1.79,1.77,1.78,1131464,201506345
2023-09-10,600010.SH,1.78,1.8,1.77,1.78,1188423,212240239
2023-09-11,600010.SH,1.78,1.8,1.78,1.79,998913,178607008
2023-09-12,600010.SH,1.79,1.8,1.77,1.78,1601532,285109405
2023-09-13,600010.SH,1.78,1.79,1.77,1.78,1347134,239653248
2023-09-14,600010.SH,1.79,1.8,1.77,1.78,2273006,405648131
2023-09-17,600010.SH,1.78,1.79,1.77,1.78,1733182,308301774
2023-09-18,600010.SH,1.78,1.79,1.77,1.78,1141823,203137231
2023-09-19,600010.SH,1.78,1.78,1.76,1.77,1581158,280227659
2023-09-20,600010.SH,1.77,1.78,1.73,1.74,2142372,375804128
2023-09-21,600010.SH,1.74,1.75,1.71,1.75,2046958,354956243
2023-09-24,600010.SH,1.75,1.75,1.73,1.73,1327915,230547041
2023-09-25,600010.SH,1.73,1.74,1.71,1.71,1128099,194009365
2023-09-26,600010.SH,1.71,1.73,1.71,1.71,1077341,184988854
2023-09-27,600010.SH,1.72,1.73,1.71,1.72,1123796,193358456
2023-10-08,600010.SH,1.72,1.73,1.71,1.72,1068566,184036993
2023-10-09,600010.SH,1.73,1.74,1.71,1.71,1383388,238457509
2023-10-10,600010.SH,1.72,1.73,1.71,1.71,1020375,175032949
2023-10-11,600010.SH,1.72,1.73,1.71,1.72,1103071,189980340
2023-10-12,600010.SH,1.72,1.73,1.71,1.72,807383,138502034
2023-10-15,600010.SH,1.72,1.72,1.69,1.69,1432763,243775465
2023-10-16,600010.SH,1.7,1.71,1.68,1.68,1365495,230634851
2023-10-17,600010.SH,1.68,1.69,1.62,1.62,2649881,434137294
2023-10-18,600010.SH,1.6,1.63,1.59,1.6,2112207,339062178
2023-10-19,600010.SH,1.59,1.61,1.58,1.59,1895263,302604079
2023-10-22,600010.SH,1.59,1.59,1.52,1.54,2928160,453977194
2023-10-23,600010.SH,1.53,1.62,1.53,1.58,3917021,615814355
2023-10-24,600010.SH,1.59,1.64,1.59,1.61,3286625,530258658
2023-10-25,600010.SH,1.6,1.62,1.58,1.61,1780665,285142049
2023-10-26,600010.SH,1.62,1.64,1.61,1.64,1911063,311837832
2023-10-29,600010.SH,1.63,1.65,1.62,1.64,1724985,282819713
2023-10-30,600010.SH,1.64,1.65,1.61,1.62,1692276,275182844
2023-10-31,600010.SH,1.63,1.63,1.61,1.61,1400566,226557165
2023-11-01,600010.SH,1.61,1.63,1.6,1.6,1634780,263657287
2023-11-02,600010.SH,1.61,1.63,1.6,1.61,1480295,239225138
2023-11-05,600010.SH,1.62,1.64,1.62,1.64,2160951,352746582
2023-11-06,600010.SH,1.64,1.64,1.62,1.63,1155334,188426639
2023-11-07,600010.SH,1.63,1.63,1.6,1.61,1797012,289978768
2023-11-08,600010.SH,1.61,1.62,1.59,1.6,1969203,316040015
2023-11-09,600010.SH,1.59,1.6,1.58,1.59,1311493,208596527
2023-11-12,600010.SH,1.6,1.62,1.59,1.62,2367614,380402529
2023-11-13,600010.SH,1.62,1.63,1.6,1.61,1728116,278865344
2023-11-14,600010.SH,1.62,1.63,1.61,1.62,1614407,261839801
2023-11-15,600010.SH,1.62,1.63,1.6,1.6,1405105,225671701
2023-11-16,600010.SH,1.6,1.61,1.58,1.6,1527758,243467430
2023-11-19,600010.SH,1.6,1.61,1.58,1.6,1766080,281966086
2023-11-20,600010.SH,1.6,1.62,1.59,1.6,2055008,330401137
2023-11-21,600010.SH,1.6,1.6,1.58,1.58,1394716,221583081
2023-11-22,600010.SH,1.58,1.59,1.57,1.58,1327789,209421593
2023-11-23,600010.SH,1.58,1.6,1.57,1.58,2042897,323833528
2023-11-26,600010.SH,1.57,1.58,1.56,1.56,1360408,213110449
2023-11-27,600010.SH,1.56,1.57,1.55,1.56,1236720,192738447
2023-11-28,600010.SH,1.56,1.57,1.54,1.55,1724852,267838487
2023-11-29,600010.SH,1.55,1.55,1.53,1.53,1343179,206537570
2023-11-30,600010.SH,1.53,1.55,1.52,1.55,1793497,276173317
2023-12-03,600010.SH,1.55,1.56,1.54,1.55,1331644,206244492
2023-12-04,600010.SH,1.55,1.55,1.53,1.54,1484628,228369970
2023-12-05,600010.SH,1.53,1.55,1.52,1.54,1928659,296977829
2023-12-06,600010.SH,1.55,1.55,1.52,1.53,2209359,338060303
2023-12-07,600010.SH,1.53,1.59,1.52,1.57,6291426,981532815
2023-12-10,600010.SH,1.57,1.57,1.52,1.54,4788713,734732891
2023-12-11,600010.SH,1.53,1.54,1.52,1.53,2386924,364558787
2023-12-12,600010.SH,1.52,1.53,1.49,1.49,3647094,548822087
2023-12-13,600010.SH,1.5,1.5,1.47,1.47,2204797,327035401
2023-12-14,600010.SH,1.47,1.48,1.46,1.46,1714126,251572593
2023-12-17,600010.SH,1.45,1.46,1.42,1.42,2408722,345128476
2023-12-18,600010.SH,1.42,1.45,1.41,1.42,2661864,379551079
2023-12-19,600010.SH,1.42,1.43,1.39,1.39,2342490,330420343
2023-12-20,600010.SH,1.38,1.42,1.37,1.41,3093169,431460355
2023-12-21,600010.SH,1.41,1.43,1.39,1.42,2418716,341429070
2023-12-24,600010.SH,1.42,1.44,1.41,1.43,1331553,190242821
2023-12-25,600010.SH,1.43,1.43,1.4,1.41,1517181,214673334
2023-12-26,600010.SH,1.41,1.42,1.39,1.4,1376957,192864757
2023-12-27,600010.SH,1.4,1.46,1.39,1.46,3354049,482268379
2023-12-28,600010.SH,1.45,1.47,1.45,1.46,2046784,298771547
2024-01-01,600010.SH,1.47,1.47,1.45,1.45,1394380,203074213
2024-01-02,600010.SH,1.45,1.46,1.44,1.46,1141016,165766327
2024-01-03,600010.SH,1.46,1.46,1.43,1.44,1819475,262260198
2024-01-04,600010.SH,1.44,1.46,1.43,1.43,1922312,277478606
2024-01-07,600010.SH,1.43,1.44,1.4,1.41,1950534,276526680
2024-01-08,600010.SH,1.41,1.42,1.4,1.41,1296800,183032738
2024-01-09,600010.SH,1.41,1.43,1.4,1.42,1458279,206736973
2024-01-10,600010.SH,1.41,1.44,1.41,1.43,1658358,236484802
2024-01-11,600010.SH,1.43,1.45,1.42,1.43,1473344,211523328
2024-01-14,600010.SH,1.43,1.44,1.41,1.43,1362151,194498079
2024-01-15,600010.SH,1.42,1.44,1.41,1.44,1841986,263082775
2024-01-16,600010.SH,1.44,1.44,1.41,1.42,1310864,186741940
2024-01-17,600010.SH,1.41,1.42,1.38,1.42,2781327,388388346
2024-01-18,600010.SH,1.41,1.42,1.4,1.41,1392756,196475328
2024-01-21,600010.SH,1.41,1.42,1.38,1.39,2212263,310364517
2024-01-22,600010.SH,1.38,1.4,1.37,1.39,1365424,189641787
2024-01-23,600010.SH,1.4,1.43,1.38,1.42,2163062,303890950
2024-01-24,600010.SH,1.43,1.47,1.42,1.47,3355174,486511463
2024-01-25,600010.SH,1.47,1.49,1.46,1.47,2919558,429942442
2024-01-28,600010.SH,1.48,1.49,1.46,1.46,1855725,272857949
2024-01-29,600010.SH,1.46,1.47,1.44,1.44,1880893,274189145
2024-01-30,600010.SH,1.44,1.45,1.42,1.42,2112412,302202423
2024-01-31,600010.SH,1.41,1.44,1.4,1.42,1793355,254908147
2024-02-01,600010.SH,1.42,1.44,1.38,1.41,2771187,391613698
2024-02-04,600010.SH,1.41,1.41,1.36,1.39,3064559,425098883
2024-02-05,600010.SH,1.39,1.47,1.37,1.47,3820003,547712564
2024-02-06,600010.SH,1.47,1.54,1.47,1.52,5024298,756833086
2024-02-07,600010.SH,1.53,1.55,1.49,1.52,4614101,698075470
2024-02-18,600010.SH,1.52,1.53,1.5,1.52,2778397,420307859
2024-02-19,600010.SH,1.51,1.52,1.49,1.51,2191763,330019273
2024-02-20,600010.SH,1.5,1.55,1.49,1.52,3534626,539796960
2024-02-21,600010.SH,1.52,1.53,1.51,1.53,2060718,313472954
2024-02-22,600010.SH,1.53,1.54,1.52,1.53,1886768,288400709
2024-02-25,600010.SH,1.53,1.54,1.51,1.52,2113665,322503870
2024-02-26,600010.SH,1.52,1.53,1.51,1.53,2008372,305269763
2024-02-27,600010.SH,1.53,1.56,1.52,1.52,4017805,618610417
2024-02-28,600010.SH,1.51,1.54,1.51,1.54,2342225,357734964
2024-02-29,600010.SH,1.54,1.55,1.52,1.53,1833276,281159664
2024-03-03,600010.SH,1.53,1.53,1.51,1.51,1635421,248242009
2024-03-04,600010.SH,1.51,1.54,1.5,1.52,2635683,401644859
2024-03-05,600010.SH,1.52,1.53,1.5,1.51,2328887,353333126
2024-03-06,600010.SH,1.52,1.6,1.51,1.56,6551681,1022999942
2024-03-07,600010.SH,1.55,1.56,1.52,1.54,3311669,509644574
2024-03-10,600010.SH,1.53,1.55,1.53,1.54,2214177,341010402
2024-03-11,600010.SH,1.54,1.55,1.53,1.53,1487253,228460364
2024-03-12,600010.SH,1.54,1.54,1.52,1.53,1482419,226902650
2024-03-13,600010.SH,1.52,1.54,1.51,1.52,2211127,337461828
2024-03-14,600010.SH,1.52,1.59,1.51,1.58,5056455,784885197
2024-03-17,600010.SH,1.57,1.59,1.56,1.58,2876468,453605412
2024-03-18,600010.SH,1.58,1.74,1.57,1.7,12703391,2152466928
2024-03-19,600010.SH,1.66,1.68,1.64,1.65,7088765,1174116954
2024-03-20,600010.SH,1.66,1.67,1.62,1.63,4107212,672523518
2024-03-21,600010.SH,1.63,1.63,1.58,1.61,4283852,687864408
2024-03-24,600010.SH,1.6,1.64,1.59,1.6,3381955,545191381
2024-03-25,600010.SH,1.6,1.61,1.57,1.59,2699439,428762184
2024-03-26,600010.SH,1.58,1.6,1.57,1.57,1920140,303506080
2024-03-27,600010.SH,1.57,1.6,1.56,1.59,2573512,407437803
2024-03-28,600010.SH,1.58,1.6,1.58,1.6,1784295,283904078
2024-03-31,600010.SH,1.6,1.64,1.59,1.63,2934496,477334645
2024-04-01,600010.SH,1.63,1.66,1.62,1.63,3094674,507340408
2024-04-02,600010.SH,1.64,1.72,1.63,1.67,6053122,1010593004
2024-04-07,600010.SH,1.67,1.72,1.66,1.67,6020308,1019098627
2024-04-08,600010.SH,1.67,1.73,1.66,1.72,6612188,1123519989
2024-04-09,600010.SH,1.69,1.7,1.64,1.65,5428240,902778071
2024-04-10,600010.SH,1.64,1.68,1.62,1.66,3578119,591917937
2024-04-11,600010.SH,1.66,1.67,1.63,1.64,2848149,468240462
2024-04-14,600010.SH,1.63,1.65,1.59,1.63,3357997,545837967
2024-04-15,600010.SH,1.62,1.64,1.6,1.6,2825210,457319882
2024-04-16,600010.SH,1.6,1.64,1.6,1.63,2672008,432846726
2024-04-17,600010.SH,1.63,1.65,1.62,1.64,2116928,346731063
2024-04-18,600010.SH,1.64,1.66,1.61,1.62,2760745,451342587
2024-04-21,600010.SH,1.62,1.64,1.61,1.62,2288920,371083321
2024-04-22,600010.SH,1.62,1.62,1.59,1.59,2460087,393457731
2024-04-23,600010.SH,1.59,1.61,1.58,1.6,1528821,244018342
2024-04-24,600010.SH,1.6,1.62,1.59,1.6,1508075,242123597
2024-04-25,600010.SH,1.6,1.62,1.6,1.62,1735490,279379694
2024-04-28,600010.SH,1.61,1.63,1.6,1.62,2380870,385265788
2024-04-29,600010.SH,1.62,1.63,1.6,1.6,1840876,295986659
2024-05-05,600010.SH,1.61,1.62,1.6,1.62,1823825,294091018
2024-05-06,600010.SH,1.62,1.64,1.62,1.63,2452393,399205708
2024-05-07,600010.SH,1.62,1.63,1.61,1.61,1261734,203792344
2024-05-08,600010.SH,1.61,1.63,1.6,1.62,2037446,329647029
2024-05-09,600010.SH,1.62,1.63,1.61,1.61,1456374,235119427
2024-05-12,600010.SH,1.61,1.61,1.59,1.59,1888886,302024726
2024-05-13,600010.SH,1.6,1.61,1.59,1.6,1517493,242803271
2024-05-14,600010.SH,1.6,1.6,1.58,1.59,1585828,252258265
2024-05-15,600010.SH,1.59,1.61,1.58,1.59,1966261,314377887
2024-05-16,600010.SH,1.6,1.61,1.59,1.61,1244851,199088951
2024-05-19,600010.SH,1.61,1.62,1.6,1.61,1919751,309691167
2024-05-20,600010.SH,1.61,1.62,1.59,1.6,1656304,265380232
2024-05-21,600010.SH,1.6,1.61,1.59,1.6,1410356,225725912
2024-05-22,600010.SH,1.6,1.6,1.57,1.57,2379697,376411991
2024-05-23,600010.SH,1.57,1.58,1.56,1.56,1396201,218896887
2024-05-26,600010.SH,1.57,1.58,1.56,1.56,953322,149101864
2024-05-27,600010.SH,1.56,1.57,1.55,1.55,1629123,253436664
2024-05-28,600010.SH,1.55,1.57,1.54,1.56,1477902,230073186
2024-05-29,600010.SH,1.55,1.57,1.54,1.55,1731181,269098984
2024-05-30,600010.SH,1.55,1.56,1.54,1.54,1298453,200685254
2024-06-02,600010.SH,1.54,1.54,1.48,1.49,2653554,399867557
2024-06-03,600010.SH,1.49,1.49,1.47,1.48,1550421,229503882
2024-06-04,600010.SH,1.48,1.49,1.46,1.46,1363236,200894228
2024-06-05,600010.SH,1.46,1.47,1.41,1.42,2770465,396655068
2024-06-06,600010.SH,1.43,1.46,1.42,1.46,2163733,312595426
2024-06-10,600010.SH,1.45,1.46,1.44,1.44,1129415,163381136
2024-06-11,600010.SH,1.44,1.45,1.43,1.44,1192739,171719121
2024-06-12,600010.SH,1.44,1.45,1.41,1.42,1471759,209792127
2024-06-13,600010.SH,1.42,1.44,1.42,1.43,1175476,168262147
2024-06-16,600010.SH,1.43,1.44,1.41,1.42,1162957,165634199
2024-06-17,600010.SH,1.42,1.44,1.41,1.43,1050875,150183105
2024-06-18,600010.SH,1.43,1.44,1.42,1.42,700414,99813432
2024-06-19,600010.SH,1.42,1.43,1.39,1.4,1662820,234048080
2024-06-20,600010.SH,1.4,1.41,1.39,1.4,1228996,172088259
2024-06-23,600010.SH,1.4,1.4,1.37,1.38,1563037,216186137
2024-06-24,600010.SH,1.38,1.39,1.37,1.38,1330121,183545152
2024-06-25,600010.SH,1.38,1.41,1.37,1.41,1461421,203556293
2024-06-26,600010.SH,1.4,1.41,1.39,1.39,1065455,148988725
2024-06-27,600010.SH,1.39,1.43,1.38,1.4,2675053,375769774
2024-06-30,600010.SH,1.42,1.47,1.42,1.45,3492064,505162825
2024-07-01,600010.SH,1.44,1.45,1.42,1.43,2159950,309670826
2024-07-02,600010.SH,1.43,1.44,1.42,1.43,912337,130552822
2024-07-03,600010.SH,1.43,1.44,1.4,1.41,1511167,214009769
2024-07-04,600010.SH,1.4,1.42,1.4,1.42,1095486,154752893
2024-07-07,600010.SH,1.41,1.42,1.4,1.4,1183692,166656242
2024-07-08,600010.SH,1.41,1.42,1.4,1.42,1117109,157603416
2024-07-09,600010.SH,1.42,1.42,1.4,1.41,912410,128628968
2024-07-10,600010.SH,1.42,1.43,1.41,1.43,1279555,182177999
2024-07-11,600010.SH,1.43,1.44,1.41,1.43,1224127,174242268
2024-07-14,600010.SH,1.42,1.43,1.41,1.41,952811,135225606
2024-07-15,600010.SH,1.41,1.43,1.41,1.42,766706,109159477
2024-07-16,600010.SH,1.42,1.43,1.41,1.42,971963,138421275
2024-07-17,600010.SH,1.42,1.44,1.41,1.44,1521822,217448659
2024-07-18,600010.SH,1.43,1.45,1.42,1.45,1324578,190334669
2024-07-21,600010.SH,1.44,1.45,1.43,1.44,1028427,148285523
2024-07-22,600010.SH,1.44,1.45,1.42,1.42,987346,141576190
2024-07-23,600010.SH,1.42,1.43,1.41,1.42,858756,121858624
2024-07-24,600010.SH,1.41,1.43,1.41,1.41,1072304,151914245
2024-07-25,600010.SH,1.41,1.43,1.41,1.43,771808,109791005
2024-07-28,600010.SH,1.43,1.44,1.42,1.43,869209,124403861
2024-07-29,600010.SH,1.43,1.44,1.42,1.44,647717,92886501
2024-07-30,600010.SH,1.44,1.46,1.43,1.46,1894892,274855248
2024-07-31,600010.SH,1.45,1.47,1.45,1.45,1235784,180442658
2024-08-01,600010.SH,1.45,1.5,1.44,1.46,2268065,333623859
2024-08-04,600010.SH,1.46,1.48,1.45,1.45,1713025,250178506
2024-08-05,600010.SH,1.46,1.47,1.44,1.46,1243057,180600393
2024-08-06,600010.SH,1.45,1.47,1.45,1.45,749882,109195784
2024-08-07,600010.SH,1.45,1.46,1.44,1.45,837177,121484046
2024-08-08,600010.SH,1.46,1.46,1.44,1.44,574577,83252242
2024-08-11,600010.SH,1.44,1.45,1.43,1.43,598153,85873895
2024-08-12,600010.SH,1.43,1.44,1.42,1.43,897440,128351558
2024-08-13,600010.SH,1.43,1.44,1.42,1.42,633405,90514644
2024-08-14,600010.SH,1.42,1.44,1.42,1.43,954503,136841466
2024-08-15,600010.SH,1.44,1.45,1.43,1.44,1061926,153519849
2024-08-18,600010.SH,1.44,1.46,1.44,1.44,877471,127031828
2024-08-19,600010.SH,1.44,1.45,1.42,1.44,949271,136075279
2024-08-20,600010.SH,1.43,1.44,1.42,1.43,761713,109048870
2024-08-21,600010.SH,1.43,1.44,1.42,1.43,881875,126284028
2024-08-22,600010.SH,1.42,1.44,1.41,1.42,1202970,171141167
2024-08-25,600010.SH,1.42,1.44,1.42,1.44,1126213,161156487
2024-08-26,600010.SH,1.43,1.44,1.42,1.42,795520,113472920
2024-08-27,600010.SH,1.42,1.43,1.41,1.42,811086,115298227
2024-08-28,600010.SH,1.43,1.43,1.41,1.42,608009,86535929
2024-08-29,600010.SH,1.42,1.44,1.42,1.44,1330953,190825109
2024-09-01,600010.SH,1.44,1.45,1.42,1.42,823517,117805313
2024-09-02,600010.SH,1.42,1.44,1.41,1.42,1173703,167126777
2024-09-03,600010.SH,1.42,1.43,1.41,1.41,801918,113730816
2024-09-04,600010.SH,1.41,1.43,1.41,1.42,869739,123282453
2024-09-05,600010.SH,1.42,1.43,1.41,1.41,641239,90703802
2024-09-08,600010.SH,1.41,1.42,1.39,1.4,1222178,171170191
2024-09-09,600010.SH,1.4,1.4,1.37,1.39,1347369,186355322
2024-09-10,600010.SH,1.39,1.4,1.37,1.38,863856,119527447
2024-09-11,600010.SH,1.38,1.39,1.37,1.38,992485,137204525
2024-09-12,600010.SH,1.38,1.4,1.38,1.39,830658,115244545
2024-09-17,600010.SH,1.39,1.39,1.37,1.38,1033650,142461866
2024-09-18,600010.SH,1.38,1.41,1.37,1.4,1280238,178321993
2024-09-19,600010.SH,1.4,1.4,1.38,1.39,1108646,154218883
2024-09-22,600010.SH,1.39,1.4,1.38,1.4,577532,80378101
2024-09-23,600010.SH,1.4,1.45,1.39,1.44,3229455,461153432
2024-09-24,600010.SH,1.46,1.51,1.45,1.47,4363004,646123693
2024-09-25,600010.SH,1.47,1.53,1.46,1.52,3932567,588821709
2024-09-26,600010.SH,1.55,1.58,1.54,1.57,3559177,555521968
2024-09-29,600010.SH,1.63,1.73,1.63,1.73,9624945,1628961740
2024-10-07,600010.SH,1.9,1.9,1.76,1.83,11619757,2142870505
2024-10-08,600010.SH,1.81,1.81,1.66,1.66,7486699,1285244608
2024-10-09,600010.SH,1.66,1.73,1.63,1.7,5077889,858463722
2024-10-10,600010.SH,1.69,1.71,1.63,1.65,3401314,566966964
2024-10-13,600010.SH,1.66,1.68,1.65,1.67,2756154,458999758
2024-10-14,600010.SH,1.66,1.68,1.63,1.63,2963522,489019588
2024-10-15,600010.SH,1.61,1.66,1.61,1.63,3071460,501455896
2024-10-16,600010.SH,1.63,1.64,1.58,1.58,3140205,505455250
2024-10-17,600010.SH,1.58,1.65,1.56,1.63,4174927,668230797
2024-10-20,600010.SH,1.64,1.64,1.6,1.61,3288487,531636879
2024-10-21,600010.SH,1.61,1.64,1.6,1.62,2721866,440959818
2024-10-22,600010.SH,1.62,1.66,1.61,1.65,4172963,684433329
2024-10-23,600010.SH,1.63,1.65,1.62,1.63,2250315,366655852
2024-10-24,600010.SH,1.63,1.69,1.62,1.68,4918289,814882102
2024-10-27,600010.SH,1.67,1.76,1.66,1.75,7403981,1284992550
2024-10-28,600010.SH,1.75,1.76,1.67,1.68,5332849,909257381
2024-10-29,600010.SH,1.67,1.72,1.66,1.7,3737370,633908990
2024-10-30,600010.SH,1.68,1.73,1.67,1.71,5201283,887942923
2024-10-31,600010.SH,1.72,1.88,1.71,1.88,11670111,2158618785
2024-11-03,600010.SH,1.95,1.96,1.81,1.83,16853782,3145083867
2024-11-04,600010.SH,1.8,2.01,1.79,2.01,22009568,4327507764
2024-11-05,600010.SH,2,2.2,1.98,2.16,29781119,6253128066
2024-11-06,600010.SH,2.1,2.19,2.05,2.13,18436857,3888650870
2024-11-07,600010.SH,2.13,2.33,2.09,2.2,19132936,4244229652
2024-11-10,600010.SH,2.2,2.24,2.13,2.16,12606517,2726152773
2024-11-11,600010.SH,2.15,2.15,2.04,2.07,11814030,2466529486
2024-11-12,600010.SH,2.05,2.15,2.04,2.07,8355028,1745523182
2024-11-13,600010.SH,2.05,2.06,1.95,1.96,9285303,1855150764
2024-11-14,600010.SH,1.95,1.98,1.89,1.9,6556561,1267917966
2024-11-17,600010.SH,1.91,2,1.91,1.92,8443656,1645401285
2024-11-18,600010.SH,1.91,1.93,1.85,1.92,6811042,1287094849
2024-11-19,600010.SH,1.91,1.95,1.9,1.94,4765804,919813963
2024-11-20,600010.SH,1.93,1.94,1.9,1.92,4021341,771046466
2024-11-21,600010.SH,1.95,2,1.9,1.94,9793220,1912634640
2024-11-24,600010.SH,1.93,2.04,1.91,1.99,9216631,1831729826
2024-11-25,600010.SH,1.98,2.02,1.95,1.96,5158658,1015304411
2024-11-26,600010.SH,1.95,1.96,1.86,1.93,6148179,1166838938
2024-11-27,600010.SH,1.92,1.95,1.91,1.93,4412326,850277631
2024-11-28,600010.SH,1.92,1.94,1.88,1.92,4458030,851896600
2024-12-01,600010.SH,1.91,1.99,1.91,1.98,7131945,1395871012
2024-12-02,600010.SH,1.97,2,1.95,1.97,5143346,1012153999
2024-12-03,600010.SH,2,2.03,1.96,1.97,6583396,1309748015
2024-12-04,600010.SH,1.96,1.98,1.94,1.97,4286847,839665790
2024-12-05,600010.SH,1.97,2.07,1.96,2.05,10518136,2123997754
2024-12-08,600010.SH,2.08,2.15,2.01,2.03,9617684,1986880454
2024-12-09,600010.SH,2.11,2.21,2.04,2.1,13709739,2910866730
2024-12-10,600010.SH,2.07,2.15,2.05,2.11,9683023,2038917290
2024-12-11,600010.SH,2.11,2.12,2.03,2.06,8153489,1685088253
2024-12-12,600010.SH,2.05,2.08,2,2.01,6362111,1288954883
2024-12-15,600010.SH,2.01,2.01,1.98,1.98,3720898,740154313
2024-12-16,600010.SH,1.98,1.99,1.94,1.95,3936969,769954530
2024-12-17,600010.SH,1.95,2,1.95,1.98,3722699,737267979
2024-12-18,600010.SH,1.96,1.97,1.93,1.96,3792493,739260340
2024-12-19,600010.SH,1.96,1.97,1.94,1.95,2832548,552425850
2024-12-22,600010.SH,1.95,1.95,1.9,1.9,3711747,713375202
2024-12-23,600010.SH,1.9,1.92,1.9,1.92,2517106,481011506
2024-12-24,600010.SH,1.92,1.93,1.88,1.89,2806691,532632874
2024-12-25,600010.SH,1.89,1.91,1.89,1.89,1921864,364836445
2024-12-26,600010.SH,1.89,1.95,1.89,1.92,4092565,786753580
2024-12-29,600010.SH,1.92,1.92,1.89,1.9,2888257,549041886
2024-12-30,600010.SH,1.9,1.91,1.86,1.86,3173894,597087360
2025-01-01,600010.SH,1.86,1.88,1.8,1.81,4236272,779031989
2025-01-02,600010.SH,1.82,1.84,1.76,1.78,4503817,812040010
2025-01-05,600010.SH,1.78,1.84,1.76,1.8,3936421,707160600
2025-01-06,600010.SH,1.8,1.85,1.79,1.83,3714002,678411090
2025-01-07,600010.SH,1.82,1.83,1.75,1.8,3925837,701669658
2025-01-08,600010.SH,1.79,1.82,1.78,1.79,2354358,423686073
2025-01-09,600010.SH,1.8,1.82,1.77,1.77,3021129,540912675
2025-01-12,600010.SH,1.76,1.8,1.75,1.79,2727152,484682819
2025-01-13,600010.SH,1.79,1.85,1.78,1.84,4122657,750060381
2025-01-14,600010.SH,1.83,1.85,1.8,1.82,3373877,614106235
2025-01-15,600010.SH,1.83,1.86,1.8,1.82,3842358,704273793
2025-01-16,600010.SH,1.82,1.83,1.79,1.82,2735872,495674663
2025-01-19,600010.SH,1.83,1.84,1.8,1.8,2528232,457790756
2025-01-20,600010.SH,1.81,1.82,1.78,1.78,2013567,360229852
2025-01-21,600010.SH,1.79,1.79,1.76,1.77,2023395,358899121
2025-01-22,600010.SH,1.79,1.82,1.77,1.77,3188637,572421704
2025-01-23,600010.SH,1.77,1.81,1.76,1.8,3775065,675130634
2025-01-26,600010.SH,1.8,1.86,1.77,1.78,4504056,816028337
2025-02-04,600010.SH,1.8,1.84,1.78,1.81,3691354,668351492
2025-02-05,600010.SH,1.81,1.89,1.8,1.87,7292287,1347084906
2025-02-06,600010.SH,1.86,1.9,1.85,1.89,5232631,982823170
2025-02-09,600010.SH,1.89,1.92,1.87,1.89,4117516,777928640
2025-02-10,600010.SH,1.89,1.89,1.85,1.86,3706092,690815417
2025-02-11,600010.SH,1.86,1.87,1.83,1.85,3081034,568841809
2025-02-12,600010.SH,1.86,1.87,1.84,1.84,3227059,597272420
2025-02-13,600010.SH,1.84,1.85,1.81,1.82,3350248,611867550
2025-02-16,600010.SH,1.81,1.84,1.81,1.82,3396860,619375221
2025-02-17,600010.SH,1.82,1.83,1.78,1.78,3429234,616603894
2025-02-18,600010.SH,1.78,1.8,1.77,1.8,2607695,466798548
2025-02-19,600010.SH,1.81,1.92,1.81,1.86,8487219,1588010988
2025-02-20,600010.SH,1.85,1.9,1.83,1.84,4693992,871981756
2025-02-23,600010.SH,1.84,1.88,1.84,1.85,3385217,627907475
2025-02-24,600010.SH,1.84,1.87,1.82,1.85,4006374,738339899
2025-02-25,600010.SH,1.86,1.92,1.85,1.91,8045227,1524739062
2025-02-26,600010.SH,1.91,1.92,1.84,1.86,5353954,1000223027
2025-02-27,600010.SH,1.85,1.87,1.81,1.81,3918235,720341118
2025-03-02,600010.SH,1.84,1.88,1.83,1.84,4820513,893595606
2025-03-03,600010.SH,1.85,1.9,1.84,1.87,5824400,1091797142
2025-03-04,600010.SH,1.86,1.87,1.82,1.84,4403696,809296087
2025-03-05,600010.SH,1.84,1.86,1.83,1.84,3214848,591920063
2025-03-06,600010.SH,1.84,1.88,1.83,1.86,4700758,874508757
2025-03-09,600010.SH,1.86,1.87,1.83,1.86,3694935,681045867
2025-03-10,600010.SH,1.84,1.91,1.83,1.91,7772362,1463724157
2025-03-11,600010.SH,1.91,1.97,1.89,1.9,6612641,1274719218
2025-03-12,600010.SH,1.9,1.97,1.88,1.91,6801049,1307752205
2025-03-13,600010.SH,1.93,1.94,1.87,1.9,5278042,1000013779
2025-03-16,600010.SH,1.9,1.93,1.88,1.89,4771565,907374087
2025-03-17,600010.SH,1.89,1.91,1.88,1.89,3755066,709508534
2025-03-18,600010.SH,1.88,1.89,1.86,1.87,3213968,601189275
2025-03-19,600010.SH,1.86,1.89,1.86,1.87,2925672,548537940
2025-03-20,600010.SH,1.86,1.89,1.85,1.86,3760182,702542968
2025-03-23,600010.SH,1.86,1.87,1.83,1.85,3801003,701569552
2025-03-24,600010.SH,1.85,1.88,1.84,1.86,3180620,592365631
2025-03-25,600010.SH,1.87,1.89,1.85,1.87,3397450,636794942
2025-03-26,600010.SH,1.87,1.87,1.84,1.85,3134856,580621431
2025-03-27,600010.SH,1.85,1.86,1.81,1.83,4288566,783578613
2025-03-30,600010.SH,1.82,1.83,1.78,1.79,3517821,632377703
2025-03-31,600010.SH,1.79,1.81,1.79,1.8,2050089,369019429
2025-04-01,600010.SH,1.8,1.81,1.79,1.79,1602833,288164040
2025-04-02,600010.SH,1.79,1.81,1.78,1.8,1934307,348004315
2025-04-06,600010.SH,1.78,1.79,1.62,1.65,7928218,1333607769
2025-04-07,600010.SH,1.64,1.72,1.63,1.71,5720286,960100199
2025-04-08,600010.SH,1.68,1.75,1.63,1.75,5966000,1011721158
2025-04-09,600010.SH,1.75,1.78,1.73,1.76,4285761,754673468
2025-04-10,600010.SH,1.76,1.81,1.75,1.78,4791341,851959665
2025-04-13,600010.SH,1.78,1.8,1.76,1.77,3043160,541914042
2025-04-14,600010.SH,1.77,1.78,1.73,1.75,2692180,470940307
2025-04-15,600010.SH,1.75,1.76,1.73,1.76,2451044,427633293
2025-04-16,600010.SH,1.75,1.77,1.74,1.77,2007196,353206693
2025-04-17,600010.SH,1.76,1.77,1.74,1.76,1456471,255234328
2025-04-20,600010.SH,1.77,1.82,1.76,1.79,3835098,689375995
2025-04-21,600010.SH,1.8,1.81,1.78,1.78,1841947,329676335
2025-04-22,600010.SH,1.79,1.8,1.76,1.77,2330527,413397274
2025-04-23,600010.SH,1.77,1.78,1.75,1.76,1812597,319994988
2025-04-24,600010.SH,1.77,1.8,1.76,1.79,2592010,461233260
2025-04-27,600010.SH,1.78,1.8,1.77,1.78,2200589,391690430
2025-04-28,600010.SH,1.77,1.78,1.75,1.76,2529183,445945322
2025-04-29,600010.SH,1.76,1.77,1.73,1.73,2085508,363334507
2025-05-05,600010.SH,1.75,1.85,1.74,1.83,7488624,1353027731
2025-05-06,600010.SH,1.84,1.85,1.8,1.83,3899457,709777848
2025-05-07,600010.SH,1.82,1.83,1.81,1.82,2248374,408768343
2025-05-08,600010.SH,1.82,1.82,1.79,1.8,2594493,466911109
2025-05-11,600010.SH,1.8,1.82,1.78,1.81,3117557,560229060
2025-05-12,600010.SH,1.82,1.83,1.79,1.8,2358049,424573475
2025-05-13,600010.SH,1.79,1.83,1.78,1.81,3735974,676408302
2025-05-14,600010.SH,1.81,1.84,1.8,1.81,4155758,755992093
2025-05-15,600010.SH,1.8,1.81,1.78,1.8,3031698,544103285
2025-05-18,600010.SH,1.79,1.8,1.78,1.79,1808345,323670461
2025-05-19,600010.SH,1.79,1.8,1.78,1.79,1825524,326630276
2025-05-20,600010.SH,1.79,1.8,1.78,1.78,1640059,293116580
2025-05-21,600010.SH,1.78,1.79,1.75,1.76,2743143,485090838
2025-05-22,600010.SH,1.76,1.77,1.74,1.75,1786348,313840239
2025-05-25,600010.SH,1.75,1.76,1.74,1.75,1562698,273706548
2025-05-26,600010.SH,1.76,1.76,1.74,1.75,1136798,198690469
2025-05-27,600010.SH,1.75,1.76,1.73,1.74,1512055,263081969
2025-05-28,600010.SH,1.74,1.76,1.73,1.75,1699833,297235426
2025-05-29,600010.SH,1.75,1.76,1.73,1.74,1451077,252659520
2025-06-02,600010.SH,1.74,1.75,1.73,1.73,1770599,307485266
2025-06-03,600010.SH,1.73,1.77,1.73,1.76,2872603,503649958
2025-06-04,600010.SH,1.76,1.77,1.74,1.75,2166951,380365686
2025-06-05,600010.SH,1.75,1.76,1.74,1.75,1610244,281783557
2025-06-08,600010.SH,1.76,1.8,1.76,1.79,4516610,803371049
2025-06-09,600010.SH,1.79,1.79,1.76,1.77,2772536,491489497
2025-06-10,600010.SH,1.77,1.86,1.76,1.83,7544375,1370528929
2025-06-11,600010.SH,1.82,1.87,1.81,1.84,6314175,1159200439
2025-06-12,600010.SH,1.84,1.85,1.8,1.81,4027505,731637319
2025-06-15,600010.SH,1.81,1.85,1.8,1.82,3310836,603363810
2025-06-16,600010.SH,1.82,1.83,1.8,1.81,2680171,486158251
2025-06-17,600010.SH,1.81,1.81,1.77,1.77,2609394,465430890
2025-06-18,600010.SH,1.77,1.78,1.74,1.74,2978133,522298102
2025-06-19,600010.SH,1.75,1.76,1.73,1.74,2229082,388674067
2025-06-22,600010.SH,1.73,1.76,1.73,1.75,2006052,350593479
2025-06-23,600010.SH,1.75,1.77,1.74,1.77,2227312,392405235
2025-06-24,600010.SH,1.77,1.8,1.76,1.79,3296589,588691898
2025-06-25,600010.SH,1.79,1.8,1.77,1.77,2124690,379103270
2025-06-26,600010.SH,1.78,1.82,1.77,1.77,3643337,652585382
2025-06-29,600010.SH,1.78,1.8,1.77,1.79,2745329,491462729
2025-06-30,600010.SH,1.79,1.8,1.77,1.79,2299846,410562171
2025-07-01,600010.SH,1.79,1.84,1.78,1.83,5842361,1059217747
2025-07-02,600010.SH,1.82,1.83,1.79,1.82,3848183,696821546
2025-07-03,600010.SH,1.82,1.85,1.81,1.81,3538263,646643063
2025-07-06,600010.SH,1.81,1.82,1.79,1.8,2269815,409247807
2025-07-07,600010.SH,1.8,1.85,1.79,1.84,5488661,1003243261
2025-07-08,600010.SH,1.85,1.86,1.81,1.82,4013978,735047670
2025-07-09,600010.SH,1.86,1.94,1.84,1.9,12618436,2381912898
2025-07-10,600010.SH,1.99,2.09,1.97,2.09,13955598,2862864852
2025-07-13,600010.SH,2.2,2.29,2.1,2.12,28971755,6321177806
2025-07-14,600010.SH,2.12,2.16,2.01,2.03,17202929,3555552762
2025-07-15,600010.SH,2.03,2.05,1.98,2,10548660,2117121756
2025-07-16,600010.SH,1.99,2.04,1.97,2.01,9042225,1807937896
2025-07-17,600010.SH,2.02,2.2,2.01,2.14,21647309,4591689417
2025-07-20,600010.SH,2.15,2.25,2.15,2.2,19304823,4251690201
2025-07-21,600010.SH,2.19,2.23,2.16,2.19,13486979,2955466324
2025-07-22,600010.SH,2.19,2.41,2.17,2.29,27322662,6352205820
2025-07-23,600010.SH,2.24,2.52,2.22,2.52,26932631,6569046506
2025-07-24,600010.SH,2.59,2.64,2.43,2.47,33412425,8385899848
2025-07-27,600010.SH,2.5,2.58,2.47,2.52,21221119,5346001475
2025-07-28,600010.SH,2.51,2.71,2.48,2.65,23755688,6208287487
2025-07-29,600010.SH,2.75,2.92,2.66,2.92,36177464,10191375884
2025-07-30,600010.SH,2.89,2.9,2.67,2.69,31312537,8581661901
2025-07-31,600010.SH,2.61,2.66,2.52,2.53,21514442,5542951784
2025-08-03,600010.SH,2.49,2.56,2.47,2.51,12838800,3223533332
2025-08-04,600010.SH,2.5,2.62,2.5,2.59,15524192,4003159689
2025-08-05,600010.SH,2.59,2.61,2.51,2.53,12418839,3149996237
2025-08-06,600010.SH,2.54,2.67,2.43,2.62,21755289,5505766285
2025-08-07,600010.SH,2.56,2.61,2.53,2.58,12722425,3270159941
2025-08-10,600010.SH,2.62,2.64,2.56,2.57,11168295,2884795757
2025-08-11,600010.SH,2.55,2.56,2.5,2.51,10239188,2574589626
2025-08-12,600010.SH,2.51,2.53,2.49,2.51,9284539,2329024597
2025-08-13,600010.SH,2.51,2.54,2.49,2.5,10881587,2735926360
2025-08-14,600010.SH,2.47,2.55,2.47,2.51,11234598,2825212615
2025-08-17,600010.SH,2.54,2.72,2.5,2.68,23224745,6113620457
2025-08-18,600010.SH,2.68,2.75,2.63,2.66,19345105,5172038855
2025-08-19,600010.SH,2.63,2.72,2.58,2.64,15012534,3967837296
2025-08-20,600010.SH,2.62,2.82,2.61,2.68,19108860,5189160895
2025-08-21,600010.SH,2.67,2.77,2.66,2.72,18351886,5003484828
2025-08-24,600010.SH,2.75,2.99,2.73,2.99,21228251,6195590907
2025-08-25,600010.SH,2.99,2.99,2.77,2.77,30606383,8678786109
2025-08-26,600010.SH,2.78,2.9,2.74,2.79,25189283,7099385672
2025-08-27,600010.SH,2.75,2.89,2.74,2.8,19791218,5555558411
2025-08-28,600010.SH,2.81,2.92,2.78,2.79,20614546,5832630759
2025-08-31,600010.SH,2.81,2.81,2.69,2.75,16802905,4601052091
2025-09-01,600010.SH,2.72,2.73,2.62,2.65,14771228,3929679298
2025-09-02,600010.SH,2.65,2.68,2.53,2.56,12429088,3222673198
2025-09-03,600010.SH,2.54,2.57,2.39,2.44,13013108,3228887962
2025-09-04,600010.SH,2.43,2.49,2.39,2.48,10053640,2457878592
2025-09-07,600010.SH,2.48,2.52,2.45,2.46,8114921,2008740398
2025-09-08,600010.SH,2.45,2.5,2.43,2.44,8837673,2174633378
2025-09-09,600010.SH,2.42,2.48,2.41,2.43,7561111,1845135221
2025-09-10,600010.SH,2.43,2.49,2.4,2.48,9690377,2376883178
2025-09-11,600010.SH,2.48,2.54,2.46,2.52,12152587,3043145779
2025-09-14,600010.SH,2.52,2.56,2.49,2.51,8260102,2076089417
2025-09-15,600010.SH,2.51,2.52,2.43,2.5,9479061,2335167906
2025-09-16,600010.SH,2.46,2.48,2.44,2.48,6455267,1590457176
2025-09-17,600010.SH,2.47,2.49,2.39,2.41,9440215,2307925351
2025-09-18,600010.SH,2.41,2.45,2.38,2.38,6246736,1503851671
2025-09-21,600010.SH,2.38,2.39,2.33,2.38,6736456,1591271568
2025-09-22,600010.SH,2.37,2.38,2.27,2.3,7927010,1831435514
2025-09-23,600010.SH,2.3,2.34,2.28,2.31,5000584,1156651157
2025-09-24,600010.SH,2.31,2.34,2.3,2.31,5173764,1198485995
2025-09-25,600010.SH,2.31,2.35,2.28,2.28,5473966,1266707755
2025-09-28,600010.SH,2.28,2.35,2.26,2.34,7855471,1816910548
2025-09-29,600010.SH,2.34,2.42,2.34,2.38,7855053,1870868764
2025-10-08,600010.SH,2.46,2.61,2.42,2.58,19368418,4935404093
2025-10-09,600010.SH,2.56,2.56,2.49,2.54,12713092,3219211172
2025-10-12,600010.SH,2.79,2.79,2.7,2.79,25596516,7104522818
2025-10-13,600010.SH,2.93,3.07,2.88,2.91,51712529,15530844265
2025-10-14,600010.SH,2.92,2.98,2.67,2.77,34634252,9691838231
2025-10-15,600010.SH,2.72,2.82,2.68,2.73,18077635,4970662944
2025-10-16,600010.SH,2.73,2.89,2.7,2.71,22302192,6212598233
2025-10-19,600010.SH,2.7,2.72,2.62,2.66,15500088,4127225071
2025-10-20,600010.SH,2.64,2.69,2.62,2.67,9957777,2650982150
2025-10-21,600010.SH,2.63,2.66,2.59,2.63,9002418,2365740177
2025-10-22,600010.SH,2.63,2.66,2.58,2.64,7233024,1892717975
2025-10-23,600010.SH,2.64,2.67,2.62,2.63,8245639,2177256301
2025-10-26,600010.SH,2.64,2.69,2.64,2.67,10613266,2834982589
2025-10-27,600010.SH,2.67,2.68,2.58,2.59,11064623,2891745170
2025-10-28,600010.SH,2.58,2.62,2.56,2.62,7014386,1816986140
2025-10-29,600010.SH,2.6,2.72,2.59,2.62,14744141,3903383585
2025-10-30,600010.SH,2.6,2.6,2.54,2.54,10674467,2733654069
2025-11-02,600010.SH,2.75,2.76,2.63,2.66,18532318,4984648276
2025-11-03,600010.SH,2.67,2.87,2.66,2.8,25139308,7001107019
2025-11-04,600010.SH,2.73,2.74,2.67,2.72,16148123,4367496122
2025-11-05,600010.SH,2.72,2.75,2.69,2.72,11831744,3217091265
2025-11-06,600010.SH,2.71,2.74,2.68,2.7,8819438,2385993345
2025-11-09,600010.SH,2.7,2.72,2.66,2.67,8792312,2356303335
2025-11-10,600010.SH,2.66,2.68,2.62,2.64,7044920,1858710435
2025-11-11,600010.SH,2.63,2.64,2.59,2.6,6157022,1606104257
2025-11-12,600010.SH,2.6,2.65,2.59,2.64,7694110,2022682070
2025-11-13,600010.SH,2.62,2.68,2.6,2.65,7851755,2071832516
2025-11-16,600010.SH,2.65,2.68,2.62,2.63,6034563,1594917903
2025-11-17,600010.SH,2.62,2.63,2.54,2.55,8362735,2149731237
2025-11-18,600010.SH,2.55,2.56,2.51,2.56,6565677,1664458641
2025-11-19,600010.SH,2.55,2.58,2.53,2.53,4696492,1198186153
2025-11-20,600010.SH,2.5,2.51,2.41,2.41,7668093,1878194463
2025-11-23,600010.SH,2.42,2.45,2.4,2.44,5215038,1264117058
2025-11-24,600010.SH,2.44,2.47,2.43,2.45,3639030,890910061
2025-11-25,600010.SH,2.44,2.45,2.42,2.42,3288477,800480569
2025-11-26,600010.SH,2.42,2.44,2.41,2.42,2847923,690826828
2025-11-27,600010.SH,2.41,2.44,2.38,2.43,4311053,1040277720
2025-11-30,600010.SH,2.44,2.5,2.43,2.49,6302119,1561118732
2025-12-01,600010.SH,2.48,2.49,2.43,2.45,4209558,1030071236
2025-12-02,600010.SH,2.45,2.47,2.43,2.44,4140238,1015097239
2025-12-03,600010.SH,2.44,2.45,2.41,2.42,3181505,772086911
2025-12-04,600010.SH,2.42,2.48,2.41,2.47,4671628,1141370172
2025-12-07,600010.SH,2.46,2.47,2.44,2.45,3970723,973641923
2025-12-08,600010.SH,2.44,2.45,2.4,2.41,4326731,1045530837
2025-12-09,600010.SH,2.4,2.41,2.38,2.4,3125872,747811421
2025-12-10,600010.SH,2.41,2.42,2.36,2.36,4004798,954964757
2025-12-11,600010.SH,2.37,2.4,2.36,2.39,4026110,959393878
2025-12-14,600010.SH,2.39,2.41,2.37,2.38,2886558,690510794
2025-12-15,600010.SH,2.38,2.39,2.31,2.32,4616478,1075339976
2025-12-16,600010.SH,2.31,2.36,2.3,2.35,3984700,926375811
2025-12-17,600010.SH,2.34,2.37,2.33,2.34,2757430,646979203
2025-12-18,600010.SH,2.34,2.38,2.33,2.37,4178893,987903474
2025-12-21,600010.SH,2.37,2.42,2.37,2.4,4182307,1004443014
2025-12-22,600010.SH,2.4,2.41,2.37,2.38,4270376,1018600035
2025-12-23,600010.SH,2.38,2.39,2.36,2.38,3416798,811956608
2025-12-24,600010.SH,2.38,2.4,2.37,2.39,3012864,719068542
2025-12-25,600010.SH,2.39,2.42,2.38,2.4,4094242,983394567
2025-12-28,600010.SH,2.41,2.43,2.39,2.4,3880997,933421160
2025-12-29,600010.SH,2.38,2.4,2.36,2.38,3775986,900028668
2025-12-30,600010.SH,2.38,2.4,2.37,2.38,3351084,798200376
2026-01-04,600010.SH,2.39,2.44,2.39,2.43,6466447,1566572912
2026-01-05,600010.SH,2.43,2.52,2.43,2.52,9506520,2369929153
2026-01-06,600010.SH,2.56,2.62,2.52,2.58,14902840,3831775654
2026-01-07,600010.SH,2.55,2.57,2.52,2.53,8124691,2064255221
2026-01-08,600010.SH,2.53,2.6,2.52,2.6,9001574,2319669745
2026-01-11,600010.SH,2.68,2.71,2.64,2.69,16964808,4533256469
2026-01-12,600010.SH,2.68,2.68,2.58,2.61,10096698,2653148802
2026-01-13,600010.SH,2.59,2.64,2.53,2.54,12507947,3237465214
2026-01-14,600010.SH,2.54,2.6,2.53,2.54,7602688,1948069070
2026-01-15,600010.SH,2.55,2.6,2.48,2.5,11504446,2913118180
2026-01-18,600010.SH,2.25,2.41,2.25,2.37,20979656,4917868879
2026-01-19,600010.SH,2.33,2.4,2.31,2.37,12870909,3021951266
2026-01-20,600010.SH,2.36,2.5,2.36,2.43,12982513,3166385403
2026-01-21,600010.SH,2.44,2.63,2.43,2.49,22358938,5653310244
2026-01-22,600010.SH,2.49,2.58,2.47,2.58,13376207,3381855861
2026-01-25,600010.SH,2.59,2.62,2.54,2.57,10658417,2747354635
2026-01-26,600010.SH,2.57,2.62,2.5,2.54,9561975,2428994677
2026-01-27,600010.SH,2.53,2.63,2.48,2.6,14717578,3769882212
2026-01-28,600010.SH,2.62,2.74,2.57,2.68,25325426,6736208669
2026-01-29,600010.SH,2.6,2.6,2.43,2.51,21063519,5258026037
2026-02-01,600010.SH,2.42,2.45,2.34,2.36,12564930,3012269334
2026-02-02,600010.SH,2.39,2.46,2.36,2.45,9079986,2180252973
2026-02-03,600010.SH,2.44,2.47,2.43,2.46,6664596,1634033579
2026-02-04,600010.SH,2.43,2.45,2.38,2.39,6464456,1553264821
2026-02-05,600010.SH,2.37,2.42,2.35,2.38,5928579,1413871539
2026-02-08,600010.SH,2.41,2.55,2.4,2.53,15689418,3901226189
2026-02-09,600010.SH,2.54,2.63,2.53,2.61,15822027,4091318412
2026-02-10,600010.SH,2.59,2.71,2.58,2.67,14761762,3922632885
2026-02-11,600010.SH,2.65,2.7,2.63,2.68,11415867,3050506047
2026-02-12,600010.SH,2.64,2.66,2.59,2.62,10059912,2631508982
2026-02-23,600010.SH,2.68,2.7,2.62,2.66,10234846,2726255345
2026-02-24,600010.SH,2.67,2.93,2.66,2.93,20762998,5880190532
2026-02-25,600010.SH,3,3,2.89,2.98,30998284,9126965813
2026-02-26,600010.SH,2.96,3.28,2.95,3.24,40778620,13033075614
2026-03-01,600010.SH,3.25,3.41,3.13,3.32,33604572,11021266194
2026-03-02,600010.SH,3.27,3.31,2.99,3.01,28325962,8824403311
2026-03-03,600010.SH,2.96,3.25,2.95,3.09,21601873,6710149583
2026-03-04,600010.SH,3.15,3.24,3.06,3.1,15487210,4834324287
2026-03-05,600010.SH,3.07,3.12,2.98,3.06,13110516,3993949462
2026-03-08,600010.SH,3,3.05,2.96,3.04,11834767,3555293342
2026-03-09,600010.SH,3.07,3.09,3.01,3.03,12298071,3740403748
2026-03-10,600010.SH,3,3.03,2.93,2.96,12417875,3682075301
2026-03-11,600010.SH,2.95,2.97,2.92,2.95,8245922,2428306110
2026-03-12,600010.SH,2.93,3,2.84,2.87,14454089,4227243401
2026-03-15,600010.SH,2.85,2.87,2.72,2.82,12937339,3604420682
2026-03-16,600010.SH,2.82,2.87,2.76,2.78,8083774,2279511469
2026-03-17,600010.SH,2.78,2.79,2.7,2.75,6891348,1887465862
2026-03-18,600010.SH,2.7,2.71,2.59,2.61,9798438,2586761070
2026-03-19,600010.SH,2.62,2.64,2.53,2.54,7552330,1952533699
2026-03-22,600010.SH,2.48,2.56,2.44,2.47,9291548,2317372456
2026-03-23,600010.SH,2.51,2.53,2.45,2.51,7645778,1897878188
2026-03-24,600010.SH,2.54,2.59,2.53,2.58,8829617,2261878599
2026-03-25,600010.SH,2.57,2.58,2.49,2.5,6275372,1586003302
2026-03-26,600010.SH,2.47,2.56,2.46,2.55,5973502,1512814033
2026-03-29,600010.SH,2.52,2.57,2.49,2.56,6054271,1530737866
2026-03-30,600010.SH,2.56,2.58,2.5,2.51,6243388,1583932846
2026-03-31,600010.SH,2.55,2.68,2.51,2.63,14285244,3713937283
2026-04-01,600010.SH,2.6,2.67,2.57,2.62,11040074,2881502857
2026-04-02,600010.SH,2.62,2.75,2.6,2.66,14274852,3822131531
2026-04-06,600010.SH,2.66,2.8,2.64,2.79,13888610,3780326286
2026-04-07,600010.SH,2.81,2.84,2.76,2.83,13873154,3893039681
2026-04-08,600010.SH,2.8,2.91,2.78,2.87,11788556,3369375128
2026-04-09,600010.SH,2.92,2.94,2.8,2.83,12240826,3487580784
2026-04-12,600010.SH,2.95,3.07,2.89,2.98,22308112,6627322591
2026-04-13,600010.SH,2.96,2.97,2.8,2.86,18409113,5259858786
2026-04-14,600010.SH,2.84,2.91,2.82,2.82,9806785,2800934635
2026-04-15,600010.SH,2.82,2.88,2.82,2.88,9236331,2632929963
2026-04-16,600010.SH,2.86,2.9,2.85,2.86,7026901,2016684974
2026-04-19,600010.SH,2.84,2.9,2.77,2.88,11290121,3208662185
2026-04-20,600010.SH,2.87,2.9,2.85,2.87,6953186,1996620363
2026-04-21,600010.SH,2.86,2.92,2.83,2.9,8399100,2413011460
2026-04-22,600010.SH,2.89,2.89,2.76,2.77,11886515,3329544612
2026-04-23,600010.SH,2.76,2.76,2.7,2.74,6674407,1821022137
2026-04-26,600010.SH,2.73,2.75,2.68,2.7,5794940,1570387642
2026-04-27,600010.SH,2.69,2.77,2.66,2.74,7570438,2061234036
2026-04-28,600010.SH,2.6,2.79,2.56,2.76,14493262,3920623535
2026-04-29,600010.SH,2.74,2.76,2.69,2.7,8702162,2361024154
2026-05-05,600010.SH,2.72,2.83,2.7,2.82,11586703,3215515371
2026-05-06,600010.SH,2.81,2.85,2.77,2.8,7146672,1998644667
2026-05-07,600010.SH,2.8,2.8,2.72,2.77,7186003,1982250261
2026-05-10,600010.SH,2.79,2.9,2.78,2.88,14048503,4021090354
2026-05-11,600010.SH,2.88,2.89,2.75,2.77,10616180,2965783972
2026-05-12,600010.SH,2.75,2.82,2.74,2.8,7505452,2094374370
2026-05-13,600010.SH,2.78,2.8,2.68,2.68,8235855,2243922797
2026-05-14,600010.SH,2.69,2.75,2.65,2.65,8562470,2296095527
2026-05-17,600010.SH,2.63,2.64,2.58,2.59,5378282,1401281133
2026-05-18,600010.SH,2.59,2.62,2.56,2.61,4998878,1292984522
2026-05-19,600010.SH,2.6,2.64,2.56,2.6,5058603,1312667075
2026-05-20,600010.SH,2.6,2.63,2.53,2.54,6163882,1592531877
2026-05-21,600010.SH,2.52,2.55,2.5,2.53,5066503,1279276268
2026-05-24,600010.SH,2.54,2.57,2.51,2.53,5021277,1271199515
2026-05-25,600010.SH,2.52,2.52,2.46,2.48,7145430,1772347485
2026-05-26,600010.SH,2.47,2.48,2.37,2.38,7520013,1814268099
2026-05-27,600010.SH,2.38,2.44,2.36,2.43,6259051,1502781844
2026-05-28,600010.SH,2.42,2.44,2.35,2.36,5954338,1420747462
2026-05-31,600010.SH,2.36,2.39,2.36,2.37,3489816,828871326
2026-06-01,600010.SH,2.37,2.39,2.32,2.37,4864999,1147366389
2026-06-02,600010.SH,2.36,2.46,2.35,2.41,6727706,1622788097
2026-06-03,600010.SH,2.39,2.43,2.36,2.42,5292147,1267467543
2026-06-04,600010.SH,2.4,2.45,2.4,2.42,5647125,1372791634
2026-06-07,600010.SH,2.38,2.42,2.33,2.33,5929680,1403532279
2026-06-08,600010.SH,2.34,2.39,2.33,2.37,5023691,1182842527
2026-06-09,600010.SH,2.35,2.39,2.3,2.32,5792523,1355546432
2026-06-10,600010.SH,2.3,2.33,2.27,2.31,4634487,1066351879
2026-06-11,600010.SH,2.34,2.44,2.33,2.39,8934292,2133300058
2026-06-14,600010.SH,2.42,2.45,2.38,2.41,6646106,1604426645
2026-06-15,600010.SH,2.4,2.51,2.38,2.47,9570754,2359463187
2026-06-16,600010.SH,2.44,2.45,2.39,2.4,6344713,1531766171
2026-06-17,600010.SH,2.39,2.49,2.38,2.43,6988676,1700635999
2026-06-21,600010.SH,2.44,2.52,2.4,2.52,12955321,3197591215
2026-06-22,600010.SH,2.5,2.51,2.33,2.35,12491132,3009561689
2026-06-23,600010.SH,2.33,2.35,2.3,2.33,5139910,1193317822
2026-06-24,600010.SH,2.32,2.33,2.28,2.29,5045311,1160150361
2026-06-25,600010.SH,2.28,2.29,2.18,2.22,7555127,1678451499
2026-06-28,600010.SH,2.21,2.23,2.15,2.19,5464362,1199366687
2026-06-29,600010.SH,2.19,2.23,2.16,2.23,5595466,1223454862
2026-06-30,600010.SH,2.21,2.25,2.19,2.23,4708921,1045809285
2026-07-01,600010.SH,2.22,2.26,2.21,2.22,5362839,1198322450
2026-07-02,600010.SH,2.23,2.26,2.21,2.25,5825207,1300725047
2026-07-05,600010.SH,2.24,2.26,2.19,2.2,4535688,1003291131
2026-07-06,600010.SH,2.19,2.24,2.16,2.23,4456960,977388664
2026-07-07,600010.SH,2.21,2.23,2.18,2.19,3169957,696177895
2026-07-08,600010.SH,2.18,2.19,2.04,2.09,7331469,1548263120
2026-07-09,600010.SH,2.08,2.19,2.05,2.17,7097102,1518520707
2026-07-12,600010.SH,2.16,2.16,2.06,2.07,5291919,1107671412
2026-07-13,600010.SH,2.15,2.23,2.1,2.22,8141302,1760611808
2026-07-14,600010.SH,2.2,2.26,2.19,2.2,5138459,1141821798
2026-07-15,600010.SH,2.18,2.19,2.13,2.16,5029742,1087164044
2026-07-16,600010.SH,2.14,2.16,2.11,2.12,4079631,870981954
2026-07-19,600010.SH,2.14,2.16,2.12,2.14,3751601,803192262
2026-07-20,600010.SH,2.14,2.18,2.14,2.17,4442389,957731951
2026-07-21,600010.SH,2.16,2.19,2.15,2.16,2950966,639013223
2026-07-22,600010.SH,2.16,2.24,2.15,2.22,5018371,1106396555
2026-07-23,600010.SH,2.2,2.21,2.16,2.16,3562373,776618380
2026-07-26,600010.SH,2.16,2.2,2.15,2.19,3191780,694133837
2026-07-27,600010.SH,2.17,2.2,2.16,2.17,2852855,620685611
2026-07-28,600010.SH,2.17,2.22,2.16,2.2,3823146,840155191
2026-07-29,600010.SH,2.19,2.24,2.19,2.2,3709473,822756688
2026-07-30,600010.SH,2.22,2.25,2.21,2.23,3206392,714544301
2026-08-02,600010.SH,2.22,2.26,2.21,2.25,3976032,892956974
2026-08-03,600010.SH,2.25,2.27,2.23,2.23,3098496,693802542
2026-08-04,600010.SH,2.26,2.29,2.24,2.27,5523460,1250577183
2026-08-05,600010.SH,2.26,2.3,2.23,2.25,5569901,1261961239
2026-08-06,600010.SH,2.24,2.32,2.23,2.28,7798269,1777557935
2026-08-09,600010.SH,2.27,2.29,2.25,2.29,4543818,1031710573
2026-08-10,600010.SH,2.28,2.29,2.23,2.24,4677518,1054114065
2026-08-11,600010.SH,2.23,2.25,2.22,2.24,2431938,544004138
2026-08-12,600010.SH,2.23,2.24,2.21,2.21,3035072,673410145
2026-08-13,600010.SH,2.21,2.26,2.2,2.24,3736680,835086455
2026-08-16,600010.SH,2.24,2.24,2.21,2.23,2614279,582472227
2026-08-17,600010.SH,2.23,2.24,2.21,2.22,2104128,466914269
2026-08-18,600010.SH,2.21,2.22,2.16,2.17,3590691,783112715
2026-08-19,600010.SH,2.19,2.2,2.17,2.18,2639946,577268232
2026-08-20,600010.SH,2.17,2.21,2.16,2.19,3053191,666752757
2026-08-23,600010.SH,2.22,2.28,2.22,2.26,7750199,1743461778
2026-08-24,600010.SH,2.24,2.28,2.23,2.25,3787159,851874075
2026-08-25,600010.SH,2.24,2.27,2.24,2.26,3186146,719706828
2026-08-26,600010.SH,2.25,2.28,2.24,2.27,4179035,944542465
2026-08-27,600010.SH,2.27,2.28,2.25,2.28,2998316,679588807
2026-08-30,600010.SH,2.26,2.27,2.23,2.25,3818791,858003917
2026-08-31,600010.SH,2.25,2.29,2.24,2.27,3707708,841854536
2026-09-01,600010.SH,2.26,2.27,2.22,2.23,3621582,808778988
2026-09-02,600010.SH,2.23,2.25,2.22,2.22,2460075,548615354
2026-09-03,600010.SH,2.22,2.24,2.21,2.21,2763982,615006799
2026-09-06,600010.SH,2.21,2.22,2.18,2.19,3216715,705684728
2026-09-07,600010.SH,2.18,2.22,2.18,2.21,2844869,627637172
2026-09-08,600010.SH,2.21,2.23,2.2,2.22,2272904,503522931
2026-09-09,600010.SH,2.21,2.21,2.19,2.19,1768796,388323012
2026-09-10,600010.SH,2.18,2.18,2.13,2.15,4052262,870254443
2026-09-13,600010.SH,2.14,2.15,2.11,2.12,3189441,678358632
2026-09-14,600010.SH,2.11,2.13,2.1,2.11,1862085,394280478
2026-09-15,600010.SH,2.11,2.15,2.08,2.14,3480595,737509141
2026-09-16,600010.SH,2.13,2.15,2.1,2.11,2419761,513428815
2026-09-17,600010.SH,2.12,2.13,2.11,2.12,2112411,447863398
2026-09-20,600010.SH,2.12,2.16,2.11,2.15,3114649,666165078
2026-09-21,600010.SH,2.15,2.16,2.12,2.12,2569688,548908774
2026-09-22,600010.SH,2.12,2.16,2.11,2.12,3333340,709116571
2026-09-23,600010.SH,2.11,2.11,2.08,2.09,2736903,572644925
2026-09-27,600010.SH,2.08,2.09,2.05,2.06,2322173,478959315
2026-09-28,600010.SH,2.06,2.1,2.05,2.08,2387265,496195254
2026-09-29,600010.SH,2.08,2.1,2.07,2.09,2176428,454171718
2022-08-16,600019.SH,5.36,5.39,5.28,5.37,478115,255122254
2022-08-17,600019.SH,5.35,5.36,5.29,5.31,395073,210034892
2022-08-18,600019.SH,5.31,5.39,5.29,5.35,566981,303705215
2022-08-21,600019.SH,5.35,5.38,5.32,5.37,374774,200709408
2022-08-22,600019.SH,5.35,5.36,5.3,5.32,380454,202347059
2022-08-23,600019.SH,5.34,5.41,5.26,5.27,604651,322357638
2022-08-24,600019.SH,5.3,5.37,5.25,5.37,428685,227879223
2022-08-25,600019.SH,5.38,5.4,5.32,5.33,366196,195893751
2022-08-28,600019.SH,5.33,5.41,5.24,5.4,684473,366273806
2022-08-29,600019.SH,5.38,5.45,5.34,5.36,490826,263981763
2022-08-30,600019.SH,5.35,5.38,5.31,5.33,568511,303359301
2022-08-31,600019.SH,5.32,5.38,5.31,5.33,474533,254099870
2022-09-01,600019.SH,5.34,5.35,5.26,5.27,457151,242236454
2022-09-04,600019.SH,5.27,5.4,5.26,5.4,648242,346925486
2022-09-05,600019.SH,5.42,5.47,5.39,5.43,494143,268165348
2022-09-06,600019.SH,5.43,5.45,5.37,5.44,417923,226880855
2022-09-07,600019.SH,5.45,5.54,5.42,5.5,584242,320578259
2022-09-08,600019.SH,5.51,5.58,5.49,5.57,583596,323708258
2022-09-12,600019.SH,5.58,5.59,5.51,5.52,536175,297260837
2022-09-13,600019.SH,5.48,5.53,5.44,5.5,413847,226959165
2022-09-14,600019.SH,5.5,5.62,5.5,5.62,1000317,558814624
2022-09-15,600019.SH,5.62,5.62,5.43,5.44,896622,494997316
2022-09-18,600019.SH,5.41,5.47,5.35,5.43,585212,317241969
2022-09-19,600019.SH,5.43,5.47,5.34,5.37,486989,262262176
2022-09-20,600019.SH,5.37,5.51,5.3,5.5,529653,286848854
2022-09-21,600019.SH,5.47,5.5,5.37,5.38,421212,228223662
2022-09-22,600019.SH,5.38,5.5,5.37,5.4,432242,234593618
2022-09-25,600019.SH,5.37,5.37,5.17,5.18,944146,496099539
2022-09-26,600019.SH,5.18,5.33,5.15,5.32,552629,289692405
2022-09-27,600019.SH,5.3,5.32,5.22,5.24,542204,284993576
2022-09-28,600019.SH,5.27,5.31,5.17,5.18,593598,309403158
2022-09-29,600019.SH,5.18,5.29,5.18,5.26,470845,247883084
2022-10-09,600019.SH,5.26,5.32,5.21,5.23,595404,312839911
2022-10-10,600019.SH,5.24,5.26,5.2,5.22,454838,237597010
2022-10-11,600019.SH,5.23,5.26,5.16,5.25,476974,248191589
2022-10-12,600019.SH,5.12,5.18,5.08,5.13,516495,265275983
2022-10-13,600019.SH,5.16,5.28,5.14,5.26,580165,303632215
2022-10-16,600019.SH,5.27,5.37,5.24,5.35,475208,252777828
2022-10-17,600019.SH,5.38,5.38,5.26,5.32,447975,238422713
2022-10-18,600019.SH,5.34,5.35,5.22,5.25,284630,150159703
2022-10-19,600019.SH,5.23,5.3,5.18,5.25,417990,219389445
2022-10-20,600019.SH,5.27,5.31,5.25,5.28,308814,163260066
2022-10-23,600019.SH,5.31,5.31,5.15,5.17,473726,246991527
2022-10-24,600019.SH,5.15,5.23,5.13,5.18,459726,237723576
2022-10-25,600019.SH,5.12,5.19,5.06,5.07,747765,382879465
2022-10-26,600019.SH,5.08,5.11,5.07,5.07,368159,187172292
2022-10-27,600019.SH,5.07,5.08,4.92,4.95,999408,496407287
2022-10-30,600019.SH,4.93,4.94,4.78,4.81,784974,378090124
2022-10-31,600019.SH,4.8,4.89,4.79,4.88,479055,232015073
2022-11-01,600019.SH,4.88,4.93,4.85,4.89,349136,170775941
2022-11-02,600019.SH,4.85,4.89,4.83,4.88,386117,187629531
2022-11-03,600019.SH,4.86,4.98,4.86,4.95,457937,226185192
2022-11-06,600019.SH,4.95,5.07,4.93,5.02,553031,277619687
2022-11-07,600019.SH,5.03,5.05,4.99,5.04,369690,185543959
2022-11-08,600019.SH,5.04,5.12,5.03,5.11,576822,293841162
2022-11-09,600019.SH,5.08,5.14,5.04,5.12,397662,202666583
2022-11-10,600019.SH,5.18,5.27,5.16,5.24,802816,418322858
2022-11-13,600019.SH,5.29,5.38,5.27,5.32,979715,521830335
2022-11-14,600019.SH,5.3,5.4,5.28,5.37,766320,410771119
2022-11-15,600019.SH,5.38,5.41,5.32,5.35,488011,261469169
2022-11-16,600019.SH,5.34,5.36,5.28,5.32,576486,306065922
2022-11-17,600019.SH,5.32,5.37,5.31,5.32,436805,233315744
2022-11-20,600019.SH,5.31,5.31,5.22,5.25,483703,253807683
2022-11-21,600019.SH,5.26,5.49,5.23,5.39,723891,388768082
2022-11-22,600019.SH,5.39,5.53,5.38,5.47,670428,366300591
2022-11-23,600019.SH,5.5,5.53,5.41,5.47,316979,173262280
2022-11-24,600019.SH,5.46,5.58,5.44,5.57,533508,295748999
2022-11-27,600019.SH,5.52,5.52,5.41,5.49,427232,233711486
2022-11-28,600019.SH,5.54,5.68,5.5,5.65,837255,469722537
2022-11-29,600019.SH,5.64,5.68,5.61,5.64,562110,317638172
2022-11-30,600019.SH,5.67,5.72,5.6,5.61,524335,296128299
2022-12-01,600019.SH,5.61,5.66,5.59,5.59,483434,271965832
2022-12-04,600019.SH,5.63,6.01,5.62,5.91,1605596,941820028
2022-12-05,600019.SH,5.92,5.98,5.85,5.96,882457,522761893
2022-12-06,600019.SH,5.96,5.97,5.78,5.81,711834,415867595
2022-12-07,600019.SH,5.81,5.85,5.77,5.81,376791,218970049
2022-12-08,600019.SH,5.84,5.97,5.77,5.88,865469,509625893
2022-12-11,600019.SH,5.9,5.91,5.73,5.76,755313,439169176
2022-12-12,600019.SH,5.77,5.87,5.77,5.81,432062,251561969
2022-12-13,600019.SH,5.79,5.85,5.66,5.77,601154,344811937
2022-12-14,600019.SH,5.75,5.76,5.65,5.66,422387,239723504
2022-12-15,600019.SH,5.62,5.94,5.62,5.84,1108489,647060746
2022-12-18,600019.SH,5.84,5.85,5.68,5.69,419960,241733448
2022-12-19,600019.SH,5.66,5.77,5.63,5.66,294185,167268727
2022-12-20,600019.SH,5.66,5.75,5.65,5.69,223675,127281607
2022-12-21,600019.SH,5.8,5.9,5.59,5.63,636349,364406487
2022-12-22,600019.SH,5.59,5.67,5.51,5.66,281990,158055062
2022-12-25,600019.SH,5.64,5.64,5.51,5.54,366420,203221327
2022-12-26,600019.SH,5.56,5.67,5.55,5.6,329442,185118785
2022-12-27,600019.SH,5.65,5.68,5.6,5.63,318845,179787366
2022-12-28,600019.SH,5.6,5.66,5.56,5.6,235643,132153801
2022-12-29,600019.SH,5.65,5.65,5.57,5.59,226294,126690768
2023-01-02,600019.SH,5.58,5.61,5.52,5.6,297081,165754062
2023-01-03,600019.SH,5.58,5.7,5.58,5.65,314724,178048462
2023-01-04,600019.SH,5.67,5.78,5.66,5.76,486417,279175510
2023-01-05,600019.SH,5.78,5.95,5.76,5.9,739532,435268974
2023-01-08,600019.SH,5.92,5.96,5.85,5.89,367909,217071233
2023-01-09,600019.SH,5.89,5.91,5.8,5.83,335709,196655101
2023-01-10,600019.SH,5.85,5.92,5.81,5.88,365920,215016453
2023-01-11,600019.SH,5.88,5.98,5.84,5.93,426603,252524847
2023-01-12,600019.SH,5.95,5.99,5.9,5.98,445310,265285554
2023-01-15,600019.SH,6,6.16,5.98,6.12,775487,471113784
2023-01-16,600019.SH,6.12,6.14,6.02,6.07,408320,247900496
2023-01-17,600019.SH,6.09,6.1,6.04,6.09,297304,180577969
2023-01-18,600019.SH,6.1,6.11,6.04,6.08,272561,165294897
2023-01-19,600019.SH,6.09,6.14,6.05,6.13,503770,307315954
2023-01-29,600019.SH,6.16,6.21,6.13,6.13,502589,310033162
2023-01-30,600019.SH,6.14,6.2,6.12,6.18,370639,228715350
2023-01-31,600019.SH,6.19,6.34,6.17,6.3,561318,352030356
2023-02-01,600019.SH,6.3,6.34,6.24,6.29,381151,239507554
2023-02-02,600019.SH,6.27,6.27,6.02,6.11,858328,523497997
2023-02-05,600019.SH,6.07,6.07,6,6.04,386622,233692438
2023-02-06,600019.SH,6.07,6.13,6.05,6.1,337087,205562409
2023-02-07,600019.SH,6.13,6.13,6.05,6.06,232058,141365167
2023-02-08,600019.SH,6.06,6.11,6.04,6.08,213709,129864411
2023-02-09,600019.SH,6.09,6.13,6.06,6.07,231527,140913403
2023-02-12,600019.SH,6.1,6.15,6.05,6.11,341757,208639745
2023-02-13,600019.SH,6.14,6.23,6.12,6.23,435359,269690136
2023-02-14,600019.SH,6.24,6.27,6.19,6.21,328784,204453810
2023-02-15,600019.SH,6.22,6.29,6.14,6.2,461677,288076465
2023-02-16,600019.SH,6.18,6.24,6.15,6.15,284076,176030680
2023-02-19,600019.SH,6.15,6.42,6.15,6.42,1205654,766786408
2023-02-20,600019.SH,6.45,6.72,6.43,6.63,1277001,846615630
2023-02-21,600019.SH,6.61,6.71,6.58,6.63,449630,298342059
2023-02-22,600019.SH,6.63,6.68,6.6,6.63,379049,251634650
2023-02-23,600019.SH,6.63,6.78,6.63,6.72,834147,559522060
2023-02-26,600019.SH,6.68,6.74,6.57,6.64,546350,364062994
2023-02-27,600019.SH,6.62,6.64,6.54,6.58,577323,379818860
2023-02-28,600019.SH,6.62,6.63,6.56,6.62,405096,267677119
2023-03-01,600019.SH,6.62,6.82,6.57,6.73,643906,433808199
2023-03-02,600019.SH,6.75,6.81,6.66,6.8,475225,321867507
2023-03-05,600019.SH,6.82,6.82,6.63,6.68,606772,406374860
2023-03-06,600019.SH,6.67,6.85,6.67,6.71,751044,508522754
2023-03-07,600019.SH,6.68,6.76,6.61,6.69,490277,327267012
2023-03-08,600019.SH,6.69,6.72,6.6,6.62,386174,256388327
2023-03-09,600019.SH,6.59,6.61,6.44,6.44,794705,516712280
2023-03-12,600019.SH,6.49,6.59,6.46,6.57,534920,349377238
2023-03-13,600019.SH,6.57,6.72,6.51,6.52,669787,441340385
2023-03-14,600019.SH,6.55,6.78,6.49,6.73,844373,562874024
2023-03-15,600019.SH,6.69,6.71,6.48,6.5,674065,443405939
2023-03-16,600019.SH,6.55,6.73,6.52,6.62,787282,521393769
2023-03-19,600019.SH,6.64,6.7,6.47,6.5,531735,349805195
2023-03-20,600019.SH,6.55,6.56,6.31,6.36,634492,404265079
2023-03-21,600019.SH,6.37,6.44,6.31,6.4,427008,272972103
2023-03-22,600019.SH,6.35,6.43,6.31,6.41,284679,181485157
2023-03-23,600019.SH,6.41,6.41,6.3,6.34,365347,231509664
2023-03-26,600019.SH,6.35,6.35,6.25,6.28,360294,226711121
2023-03-27,600019.SH,6.28,6.38,6.24,6.27,349381,219170252
2023-03-28,600019.SH,6.29,6.29,6.15,6.19,436803,271044108
2023-03-29,600019.SH,6.21,6.31,6.18,6.3,300088,187604333
2023-03-30,600019.SH,6.28,6.33,6.21,6.24,502527,314741854
2023-04-02,600019.SH,6.21,6.3,6.21,6.28,372270,232869492
2023-04-03,600019.SH,6.26,6.51,6.26,6.45,509046,326444103
2023-04-05,600019.SH,6.43,6.52,6.42,6.49,291283,188692325
2023-04-06,600019.SH,6.53,6.54,6.44,6.53,320277,208457416
2023-04-09,600019.SH,6.49,6.67,6.48,6.57,404010,266912001
2023-04-10,600019.SH,6.61,6.67,6.52,6.65,589829,390133548
2023-04-11,600019.SH,6.66,6.98,6.64,6.94,1196168,820180526
2023-04-12,600019.SH,6.91,7.05,6.83,6.87,620360,429573705
2023-04-13,600019.SH,6.9,6.94,6.83,6.89,324499,223268974
2023-04-16,600019.SH,6.89,7.08,6.85,7.03,826636,578996986
2023-04-17,600019.SH,7.03,7.06,6.92,6.97,398273,277857332
2023-04-18,600019.SH,6.99,7.15,6.96,7.08,851491,604507458
2023-04-19,600019.SH,7.12,7.12,6.89,7.03,659203,460834893
2023-04-20,600019.SH,7.05,7.08,6.87,6.88,512598,356692682
2023-04-23,600019.SH,6.87,6.88,6.7,6.75,612800,415540860
2023-04-24,600019.SH,6.8,6.83,6.61,6.66,579048,386977062
2023-04-25,600019.SH,6.66,6.7,6.5,6.57,674135,443981353
2023-04-26,600019.SH,6.58,6.61,6.46,6.56,478851,313978820
2023-04-27,600019.SH,6.47,6.5,6.35,6.44,1091926,703235663
2023-05-03,600019.SH,6.56,6.8,6.48,6.64,1337482,891235985
2023-05-04,600019.SH,6.61,6.81,6.58,6.62,987859,658814863
2023-05-07,600019.SH,6.63,6.9,6.61,6.88,1123851,765627041
2023-05-08,600019.SH,6.94,7.3,6.94,7.04,1808540,1292026177
2023-05-09,600019.SH,7.01,7.1,6.78,6.81,1076313,743079472
2023-05-10,600019.SH,6.83,6.86,6.7,6.73,615024,415525196
2023-05-11,600019.SH,6.72,6.73,6.5,6.51,693289,455967124
2023-05-14,600019.SH,6.51,6.54,6.28,6.41,1043562,664965041
2023-05-15,600019.SH,6.39,6.47,6.27,6.28,663954,421442327
2023-05-16,600019.SH,6.27,6.33,6.19,6.2,627621,392013936
2023-05-17,600019.SH,6.25,6.31,6.17,6.23,581625,363247401
2023-05-18,600019.SH,6.2,6.3,6.14,6.24,675161,420881440
2023-05-21,600019.SH,6.24,6.3,6.22,6.27,539468,337974285
2023-05-22,600019.SH,6.26,6.27,6.1,6.1,592432,365349067
2023-05-23,600019.SH,6.09,6.09,5.97,5.99,607710,365756296
2023-05-24,600019.SH,5.96,6.02,5.91,5.99,426241,254707813
2023-05-25,600019.SH,5.99,6.08,5.93,6.07,324097,194924207
2023-05-28,600019.SH,6.07,6.11,5.97,6.03,590093,355987476
2023-05-29,600019.SH,6.03,6.08,5.9,5.98,645641,385876726
2023-05-30,600019.SH,5.92,5.95,5.86,5.88,640060,377516731
2023-05-31,600019.SH,5.87,5.94,5.84,5.85,737518,433288564
2023-06-01,600019.SH,5.85,5.95,5.83,5.94,829612,488653621
2023-06-04,600019.SH,5.94,6.02,5.93,5.95,512059,305910824
2023-06-05,600019.SH,5.96,5.98,5.87,5.9,798936,473642091
2023-06-06,600019.SH,5.94,5.96,5.87,5.89,385333,227987485
2023-06-07,600019.SH,5.9,5.95,5.81,5.95,710124,418387139
2023-06-08,600019.SH,5.96,5.97,5.89,5.91,627991,371582602
2023-06-11,600019.SH,5.92,5.93,5.86,5.86,638201,375396005
2023-06-12,600019.SH,5.86,5.89,5.79,5.82,591875,344291459
2023-06-13,600019.SH,5.75,5.82,5.72,5.73,520646,300301826
2023-06-14,600019.SH,5.77,5.78,5.65,5.73,592560,337669198
2023-06-15,600019.SH,5.73,5.83,5.73,5.82,597062,346722246
2023-06-18,600019.SH,5.81,5.82,5.67,5.68,639719,366702740
2023-06-19,600019.SH,5.68,5.69,5.55,5.59,816421,457819262
2023-06-20,600019.SH,5.58,5.62,5.53,5.53,509964,283735066
2023-06-25,600019.SH,5.53,5.58,5.46,5.5,588120,324140422
2023-06-26,600019.SH,5.51,5.64,5.48,5.62,631864,352519222
2023-06-27,600019.SH,5.62,5.65,5.57,5.65,362199,203287260
2023-06-28,600019.SH,5.63,5.65,5.59,5.62,364839,205226592
2023-06-29,600019.SH,5.63,5.67,5.6,5.62,483744,272691819
2023-07-02,600019.SH,5.62,5.79,5.61,5.75,497011,284620407
2023-07-03,600019.SH,5.75,5.78,5.7,5.72,312397,178975189
2023-07-04,600019.SH,5.72,5.75,5.7,5.73,261876,149991792
2023-07-05,600019.SH,5.72,5.73,5.67,5.68,214529,122191754
2023-07-06,600019.SH,5.66,5.74,5.65,5.71,252646,144055470
2023-07-09,600019.SH,5.72,5.77,5.67,5.69,270692,154403663
2023-07-10,600019.SH,5.68,5.75,5.68,5.71,239438,136771900
2023-07-11,600019.SH,5.71,5.72,5.64,5.66,247709,140850152
2023-07-12,600019.SH,5.68,5.77,5.67,5.74,373648,214347904
2023-07-13,600019.SH,5.73,5.82,5.73,5.77,423199,244812532
2023-07-16,600019.SH,5.77,5.78,5.71,5.74,218082,124999637
2023-07-17,600019.SH,5.75,5.75,5.68,5.71,269017,153551447
2023-07-18,600019.SH,5.7,5.75,5.68,5.74,284700,162813999
2023-07-19,600019.SH,5.74,5.8,5.73,5.76,497585,287068776
2023-07-20,600019.SH,5.77,5.78,5.71,5.76,329567,189366037
2023-07-23,600019.SH,5.75,5.81,5.73,5.76,264207,152253102
2023-07-24,600019.SH,5.83,6.11,5.83,6.09,1699026,1026227600
2023-07-25,600019.SH,6.08,6.24,6.02,6.1,874606,533021582
2023-07-26,600019.SH,6.1,6.44,6.09,6.29,2046658,1293376501
2023-07-27,600019.SH,6.28,6.53,6.26,6.48,1341725,864996757
2023-07-30,600019.SH,6.48,6.6,6.38,6.42,1266276,818458988
2023-07-31,600019.SH,6.43,6.55,6.38,6.47,1067746,689697900
2023-08-01,600019.SH,6.41,6.54,6.36,6.5,882076,569520403
2023-08-02,600019.SH,6.45,6.55,6.42,6.54,650008,421406689
2023-08-03,600019.SH,6.57,6.71,6.5,6.52,781573,514442177
2023-08-06,600019.SH,6.5,6.5,6.33,6.4,748751,478650687
2023-08-07,600019.SH,6.4,6.44,6.35,6.36,365562,233365636
2023-08-08,600019.SH,6.39,6.43,6.33,6.37,438357,279668189
2023-08-09,600019.SH,6.36,6.44,6.35,6.42,329344,210853919
2023-08-10,600019.SH,6.44,6.45,6.26,6.29,474625,300203371
2023-08-13,600019.SH,6.24,6.31,6.16,6.27,463030,288888480
2023-08-14,600019.SH,6.29,6.34,6.23,6.29,305752,192315108
2023-08-15,600019.SH,6.3,6.35,6.24,6.29,308476,193933846
2023-08-16,600019.SH,6.25,6.27,6.17,6.25,502446,312625422
2023-08-17,600019.SH,6.27,6.33,6.21,6.22,290901,182314582
2023-08-20,600019.SH,6.22,6.28,6.17,6.17,340991,211947541
2023-08-21,600019.SH,6.16,6.27,6.14,6.22,542618,336769225
2023-08-22,600019.SH,6.25,6.25,6.15,6.15,351734,217826552
2023-08-23,600019.SH,6.18,6.22,6.05,6.07,528430,322830088
2023-08-24,600019.SH,6.08,6.22,6.04,6.17,563475,345867405
2023-08-27,600019.SH,6.42,6.46,6.3,6.36,1044823,666435624
2023-08-28,600019.SH,6.36,6.37,6.13,6.18,922118,572588814
2023-08-29,600019.SH,6.17,6.22,6.09,6.11,530426,325386190
2023-08-30,600019.SH,6.06,6.12,6.05,6.06,643448,391207588
2023-08-31,600019.SH,6.08,6.4,6.08,6.36,1044206,658520746
2023-09-03,600019.SH,6.39,6.77,6.38,6.63,1670215,1106995771
2023-09-04,600019.SH,6.65,6.66,6.48,6.55,743733,486412027
2023-09-05,600019.SH,6.57,6.57,6.42,6.42,513572,332165457
2023-09-06,600019.SH,6.4,6.49,6.34,6.37,731367,468570986
2023-09-07,600019.SH,6.34,6.36,6.21,6.22,566911,354625786
2023-09-10,600019.SH,6.21,6.26,6.17,6.21,743977,462469309
2023-09-11,600019.SH,6.21,6.27,6.15,6.2,594277,368185624
2023-09-12,600019.SH,6.19,6.39,6.17,6.24,902911,566541522
2023-09-13,600019.SH,6.23,6.32,6.2,6.28,792537,496015886
2023-09-14,600019.SH,6.29,6.37,6.2,6.22,1133327,711574570
2023-09-17,600019.SH,6.23,6.25,6.14,6.21,629243,389174116
2023-09-18,600019.SH,6.18,6.4,6.18,6.39,1208582,764909210
2023-09-19,600019.SH,6.39,6.43,6.3,6.4,686440,438657545
2023-09-20,600019.SH,6.41,6.41,6.25,6.26,678818,427737527
2023-09-21,600019.SH,6.27,6.31,6.18,6.24,681887,424683355
2023-09-24,600019.SH,6.24,6.32,6.19,6.24,726916,455408245
2023-09-25,600019.SH,6.23,6.31,6.19,6.2,593853,369427641
2023-09-26,600019.SH,6.19,6.22,6.1,6.12,729057,447125586
2023-09-27,600019.SH,6.13,6.15,6.08,6.09,548982,335007801
2023-10-08,600019.SH,6.09,6.17,6.08,6.14,537828,329585383
2023-10-09,600019.SH,6.14,6.2,6.08,6.11,654199,400142805
2023-10-10,600019.SH,6.12,6.12,6.01,6.03,622837,377022152
2023-10-11,600019.SH,6.06,6.15,6.05,6.12,512101,312741976
2023-10-12,600019.SH,6.09,6.1,6.01,6.06,458443,277566738
2023-10-15,600019.SH,5.97,5.98,5.86,5.9,526926,311034030
2023-10-16,600019.SH,6.15,6.24,6.06,6.2,1476889,910334414
2023-10-17,600019.SH,6.2,6.29,6.04,6.22,2133838,1316696571
2023-10-18,600019.SH,6.15,6.16,5.84,5.84,1912565,1135171965
2023-10-19,600019.SH,5.8,5.93,5.77,5.84,808281,474705614
2023-10-22,600019.SH,5.86,5.86,5.74,5.79,614492,355459659
2023-10-23,600019.SH,5.8,5.82,5.75,5.8,483108,279582103
2023-10-24,600019.SH,5.96,6.35,5.96,6.33,3005879,1867419067
2023-10-25,600019.SH,6.28,6.41,6.21,6.33,1374820,867078608
2023-10-26,600019.SH,6.32,6.41,6.25,6.28,1120033,708210581
2023-10-29,600019.SH,6.26,6.35,6.24,6.28,739585,465719879
2023-10-30,600019.SH,6.27,6.32,6.24,6.26,566647,355108300
2023-10-31,600019.SH,6.28,6.29,6.19,6.25,719926,448944176
2023-11-01,600019.SH,6.23,6.35,6.23,6.29,706150,444990827
2023-11-02,600019.SH,6.3,6.34,6.15,6.17,934810,581801449
2023-11-05,600019.SH,6.18,6.2,6.08,6.09,986180,602717562
2023-11-06,600019.SH,6.09,6.13,6.04,6.09,717857,436514616
2023-11-07,600019.SH,6.07,6.08,6,6.03,602886,363608511
2023-11-08,600019.SH,6.03,6.11,6.01,6.07,562410,342020161
2023-11-09,600019.SH,6.05,6.08,6,6.05,419229,253031007
2023-11-12,600019.SH,6.07,6.21,6.06,6.18,879335,540121550
2023-11-13,600019.SH,6.17,6.17,6.03,6.07,771519,468555235
2023-11-14,600019.SH,6.12,6.2,6.1,6.2,893136,550419867
2023-11-15,600019.SH,6.18,6.28,6.15,6.23,803520,499378513
2023-11-16,600019.SH,6.23,6.3,6.17,6.18,476838,296202799
2023-11-19,600019.SH,6.18,6.23,6.15,6.18,460679,285122787
2023-11-20,600019.SH,6.22,6.32,6.21,6.26,826395,519158578
2023-11-21,600019.SH,6.27,6.28,6.21,6.21,512889,320220844
2023-11-22,600019.SH,6.21,6.26,6.16,6.25,591695,367594494
2023-11-23,600019.SH,6.24,6.28,6.21,6.21,516838,323037293
2023-11-26,600019.SH,6.21,6.22,6.08,6.16,751953,461913183
2023-11-27,600019.SH,6.17,6.27,6.13,6.26,733741,455733592
2023-11-28,600019.SH,6.26,6.28,6.15,6.17,528917,328088997
2023-11-29,600019.SH,6.16,6.25,6.15,6.22,535629,332324483
2023-11-30,600019.SH,6.23,6.29,6.21,6.25,606562,379229588
2023-12-03,600019.SH,6.25,6.32,6.22,6.23,520671,326521953
2023-12-04,600019.SH,6.23,6.24,6.13,6.14,503064,310987935
2023-12-05,600019.SH,6.14,6.18,6.07,6.12,413254,253664836
2023-12-06,600019.SH,6.12,6.19,6.07,6.14,620758,381517250
2023-12-07,600019.SH,6.16,6.21,6.11,6.11,933082,574245060
2023-12-10,600019.SH,6.14,6.18,5.85,6.17,1434926,863458528
2023-12-11,600019.SH,6.12,6.12,5.91,6.04,1192792,715549955
2023-12-12,600019.SH,6,6.08,5.94,6,1014969,609839510
2023-12-13,600019.SH,6,6.08,5.98,6.01,663765,400198305
2023-12-14,600019.SH,6.03,6.11,5.99,6.06,744034,451273649
2023-12-17,600019.SH,6.04,6.09,5.99,6,457234,275790774
2023-12-18,600019.SH,6,6.02,5.96,6,417892,250409810
2023-12-19,600019.SH,6.01,6.12,5.99,6.02,579620,351605968
2023-12-20,600019.SH,6.01,6.03,5.94,6,605501,362081043
2023-12-21,600019.SH,6,6.09,5.97,6.07,641414,387987850
2023-12-24,600019.SH,6.08,6.09,6.03,6.07,343591,208070585
2023-12-25,600019.SH,6.07,6.1,6.01,6.02,417002,252278712
2023-12-26,600019.SH,6.02,6.05,5.96,6.05,570709,342638581
2023-12-27,600019.SH,6.04,6.08,5.94,5.96,1263540,757640043
2023-12-28,600019.SH,5.93,5.96,5.88,5.93,881679,522565518
2024-01-01,600019.SH,5.93,6.05,5.92,6.01,838462,503839226
2024-01-02,600019.SH,6,6.14,5.99,6.14,1040824,634197801
2024-01-03,600019.SH,6.14,6.18,6.1,6.15,571853,350595869
2024-01-04,600019.SH,6.16,6.27,6.13,6.18,789234,490291871
2024-01-07,600019.SH,6.18,6.21,6.14,6.15,615976,379942202
2024-01-08,600019.SH,6.15,6.18,6.07,6.14,544441,333473378
2024-01-09,600019.SH,6.12,6.15,6.04,6.04,670915,408256265
2024-01-10,600019.SH,6.06,6.06,5.94,5.96,915570,547094152
2024-01-11,600019.SH,5.94,5.98,5.92,5.92,616020,366490209
2024-01-14,600019.SH,5.94,5.97,5.87,5.89,749288,442758210
2024-01-15,600019.SH,5.89,5.92,5.85,5.9,695545,409339008
2024-01-16,600019.SH,5.9,5.94,5.8,5.8,769084,451549755
2024-01-17,600019.SH,5.8,5.8,5.56,5.74,1440087,816435980
2024-01-18,600019.SH,5.72,5.78,5.65,5.77,849955,488429075
2024-01-21,600019.SH,5.76,5.8,5.61,5.65,795079,455215266
2024-01-22,600019.SH,5.65,5.74,5.55,5.67,974542,548757951
2024-01-23,600019.SH,5.7,5.9,5.69,5.89,863899,500319689
2024-01-24,600019.SH,5.9,6.08,5.89,6.08,1204366,724014150
2024-01-25,600019.SH,6.07,6.21,6.05,6.21,1096671,674918486
2024-01-28,600019.SH,6.23,6.28,6.19,6.2,839718,523458600
2024-01-29,600019.SH,6.19,6.26,6.13,6.16,755500,468953061
2024-01-30,600019.SH,6.15,6.23,6.08,6.15,1170258,721157064
2024-01-31,600019.SH,6.12,6.23,6.09,6.12,877445,540681582
2024-02-01,600019.SH,6.14,6.25,6.05,6.17,1044853,645644763
2024-02-04,600019.SH,6.19,6.26,6.1,6.22,1203684,745336676
2024-02-05,600019.SH,6.21,6.34,6.18,6.32,1112216,697575517
2024-02-06,600019.SH,6.34,6.35,6.17,6.29,1259849,788660669
2024-02-07,600019.SH,6.25,6.31,6.18,6.31,1226889,765412780
2024-02-18,600019.SH,6.31,6.45,6.3,6.44,850190,544009281
2024-02-19,600019.SH,6.44,6.59,6.4,6.56,755897,493435020
2024-02-20,600019.SH,6.57,6.62,6.5,6.55,732976,480741248
2024-02-21,600019.SH,6.55,6.67,6.52,6.66,568042,375793119
2024-02-22,600019.SH,6.66,6.77,6.64,6.66,598839,401095966
2024-02-25,600019.SH,6.67,6.77,6.56,6.58,722124,478815478
2024-02-26,600019.SH,6.57,6.72,6.55,6.65,625450,415264695
2024-02-27,600019.SH,6.65,6.69,6.59,6.6,567858,376738593
2024-02-28,600019.SH,6.58,6.69,6.58,6.67,674022,446613327
2024-02-29,600019.SH,6.66,6.76,6.65,6.68,448152,300798366
2024-03-03,600019.SH,6.67,6.74,6.62,6.64,616772,410110958
2024-03-04,600019.SH,6.64,6.75,6.6,6.73,637026,424804450
2024-03-05,600019.SH,6.73,6.78,6.69,6.7,431101,290267309
2024-03-06,600019.SH,6.68,6.91,6.68,6.84,878642,600996298
2024-03-07,600019.SH,6.87,6.94,6.81,6.86,624022,428601748
2024-03-10,600019.SH,6.85,6.92,6.72,6.8,649013,441177804
2024-03-11,600019.SH,6.78,6.79,6.58,6.61,1153956,764385021
2024-03-12,600019.SH,6.61,6.68,6.57,6.6,680348,450709990
2024-03-13,600019.SH,6.62,6.72,6.58,6.61,635801,421785126
2024-03-14,600019.SH,6.57,6.63,6.49,6.57,994629,652808314
2024-03-17,600019.SH,6.6,6.64,6.51,6.63,678427,447537906
2024-03-18,600019.SH,6.62,6.68,6.57,6.59,602692,398941549
2024-03-19,600019.SH,6.57,6.64,6.55,6.58,513761,338280458
2024-03-20,600019.SH,6.57,6.61,6.54,6.54,349412,229689181
2024-03-21,600019.SH,6.54,6.56,6.44,6.48,495531,321645065
2024-03-24,600019.SH,6.44,6.57,6.44,6.49,487725,317957036
2024-03-25,600019.SH,6.5,6.52,6.43,6.49,416458,269622957
2024-03-26,600019.SH,6.49,6.56,6.47,6.51,519911,338878782
2024-03-27,600019.SH,6.5,6.54,6.45,6.47,612726,397706982
2024-03-28,600019.SH,6.47,6.67,6.46,6.64,606206,400459591
2024-03-31,600019.SH,6.66,6.69,6.58,6.63,515126,340716863
2024-04-01,600019.SH,6.63,6.77,6.61,6.69,554145,370441374
2024-04-02,600019.SH,6.71,6.75,6.63,6.67,838768,559865915
2024-04-07,600019.SH,6.68,6.8,6.66,6.71,805107,542730245
2024-04-08,600019.SH,6.71,6.74,6.55,6.64,662565,438547663
2024-04-09,600019.SH,6.62,6.69,6.59,6.64,550372,365452068
2024-04-10,600019.SH,6.61,6.77,6.56,6.69,629241,420529988
2024-04-11,600019.SH,6.71,6.78,6.68,6.74,713552,481168218
2024-04-14,600019.SH,6.75,6.93,6.72,6.9,1045500,716293969
2024-04-15,600019.SH,6.9,7.08,6.88,7,1576109,1102355721
2024-04-16,600019.SH,6.97,7.23,6.92,7.21,1278209,905659303
2024-04-17,600019.SH,7.2,7.38,7.18,7.29,1063017,776721804
2024-04-18,600019.SH,7.25,7.43,7.22,7.36,931207,686434877
2024-04-21,600019.SH,7.39,7.48,7.21,7.28,865657,632929651
2024-04-22,600019.SH,7.28,7.28,7.01,7.03,871216,619074065
2024-04-23,600019.SH,7.04,7.09,6.99,7.07,485649,342173501
2024-04-24,600019.SH,7.08,7.17,7.04,7.11,536123,381221043
2024-04-25,600019.SH,7.11,7.2,6.98,7.09,829946,585156212
2024-04-28,600019.SH,7.05,7.09,6.86,7.03,1131039,789287988
2024-04-29,600019.SH,7.01,7.12,6.95,6.95,790441,554982782
2024-05-05,600019.SH,7.01,7.09,6.94,6.97,890143,622512484
2024-05-06,600019.SH,6.98,6.98,6.82,6.86,887386,609756409
2024-05-07,600019.SH,6.84,6.88,6.78,6.84,611490,417864185
2024-05-08,600019.SH,6.84,6.96,6.84,6.95,670100,462650928
2024-05-09,600019.SH,6.95,7.05,6.93,7.03,682754,477743807
2024-05-12,600019.SH,7.03,7.12,6.94,7.1,765139,538816653
2024-05-13,600019.SH,7.08,7.1,6.95,6.95,700381,489827119
2024-05-14,600019.SH,6.94,6.98,6.87,6.92,539112,373192884
2024-05-15,600019.SH,6.92,7.03,6.9,7,786321,547880904
2024-05-16,600019.SH,7,7.03,6.89,7.02,644527,447974791
2024-05-19,600019.SH,7.01,7.08,6.93,7.01,999936,699521483
2024-05-20,600019.SH,7,7.08,6.95,7,877049,614813129
2024-05-21,600019.SH,7,7.18,6.99,7.09,1038901,738665119
2024-05-22,600019.SH,7.06,7.07,6.95,6.96,773368,541624485
2024-05-23,600019.SH,6.93,7,6.9,6.91,475973,330565949
2024-05-26,600019.SH,6.93,7.02,6.91,6.99,567157,395019094
2024-05-27,600019.SH,7,7.08,6.95,6.99,614149,430573504
2024-05-28,600019.SH,6.96,7.04,6.91,6.99,480186,336021829
2024-05-29,600019.SH,7.09,7.18,6.96,6.98,1171182,827997622
2024-05-30,600019.SH,6.97,7.03,6.9,6.9,739205,514146272
2024-06-02,600019.SH,6.9,6.98,6.85,6.95,809147,560465036
2024-06-03,600019.SH,6.93,7.09,6.89,7.07,896025,629362371
2024-06-04,600019.SH,7.1,7.13,7.03,7.05,533289,377391610
2024-06-05,600019.SH,7.05,7.13,7,7.04,724682,511834290
2024-06-06,600019.SH,7.07,7.08,6.94,6.99,770479,538922751
2024-06-10,600019.SH,6.99,6.99,6.84,6.84,838733,578113627
2024-06-11,600019.SH,6.84,6.92,6.78,6.89,728946,499668497
2024-06-12,600019.SH,6.75,6.77,6.64,6.65,632454,422955094
2024-06-13,600019.SH,6.65,6.81,6.63,6.8,836784,563206757
2024-06-16,600019.SH,6.75,6.78,6.47,6.49,1396401,914931358
2024-06-17,600019.SH,6.48,6.6,6.47,6.56,635251,416195548
2024-06-18,600019.SH,6.56,6.7,6.55,6.64,504605,335003428
2024-06-19,600019.SH,6.66,6.69,6.62,6.66,324432,215843470
2024-06-20,600019.SH,6.67,6.68,6.57,6.58,408882,270246571
2024-06-23,600019.SH,6.57,6.6,6.52,6.57,483908,317652361
2024-06-24,600019.SH,6.57,6.64,6.53,6.59,403851,266564114
2024-06-25,600019.SH,6.59,6.65,6.53,6.6,406504,267834272
2024-06-26,600019.SH,6.57,6.63,6.55,6.56,419181,276041186
2024-06-27,600019.SH,6.56,6.7,6.55,6.65,538800,357257167
2024-06-30,600019.SH,6.62,6.78,6.61,6.76,518788,349213826
2024-07-01,600019.SH,6.77,7.05,6.76,6.99,840089,581770111
2024-07-02,600019.SH,6.99,7.05,6.94,6.98,484265,338622926
2024-07-03,600019.SH,7,7.04,6.98,6.99,478633,335372501
2024-07-04,600019.SH,7,7.07,6.9,7,593486,414832055
2024-07-07,600019.SH,7.03,7.1,6.99,7.06,653444,460794420
2024-07-08,600019.SH,7.09,7.1,6.99,7.05,542385,382800028
2024-07-09,600019.SH,7.04,7.06,6.89,6.92,534227,372144173
2024-07-10,600019.SH,6.92,6.98,6.88,6.95,465708,322338913
2024-07-11,600019.SH,6.94,6.99,6.9,6.94,396320,275402940
2024-07-14,600019.SH,6.93,7.03,6.92,7,435583,304626816
2024-07-15,600019.SH,6.97,7.03,6.95,7.01,360600,252243869
2024-07-16,600019.SH,7,7.05,6.98,7.03,450158,315907084
2024-07-17,600019.SH,7,7.11,6.94,7.09,617430,435342794
2024-07-18,600019.SH,7.09,7.12,7.01,7.07,646741,457413624
2024-07-21,600019.SH,7.09,7.13,7.03,7.11,537958,380796129
2024-07-22,600019.SH,7.08,7.1,6.92,6.93,555977,389133212
2024-07-23,600019.SH,6.91,6.99,6.89,6.96,515256,357990599
2024-07-24,600019.SH,6.97,7,6.84,6.91,549223,379320889
2024-07-25,600019.SH,6.91,6.97,6.8,6.84,588393,403854238
2024-07-28,600019.SH,6.85,6.99,6.83,6.96,498485,346291051
2024-07-29,600019.SH,6.98,6.99,6.88,6.93,433676,300657707
2024-07-30,600019.SH,6.95,6.98,6.79,6.8,1193443,815760434
2024-07-31,600019.SH,6.8,6.87,6.77,6.82,874455,597075037
2024-08-01,600019.SH,6.79,6.81,6.71,6.72,565340,381578562
2024-08-04,600019.SH,6.71,6.71,6.51,6.52,951953,626510005
2024-08-05,600019.SH,6.52,6.64,6.38,6.45,891952,575631305
2024-08-06,600019.SH,6.45,6.46,6.4,6.42,621919,399664237
2024-08-07,600019.SH,6.42,6.42,6.32,6.38,613192,389982208
2024-08-08,600019.SH,6.38,6.42,6.35,6.35,497148,317318548
2024-08-11,600019.SH,6.35,6.36,6.24,6.27,559479,351178709
2024-08-12,600019.SH,6.29,6.3,6.22,6.3,537382,336296471
2024-08-13,600019.SH,6.29,6.29,6.12,6.13,690199,426123005
2024-08-14,600019.SH,6.1,6.16,6.03,6.14,625876,382778840
2024-08-15,600019.SH,6.14,6.17,6.07,6.1,581717,355645500
2024-08-18,600019.SH,6.09,6.16,6.08,6.1,579804,354737011
2024-08-19,600019.SH,6.12,6.13,6,6.01,653730,395697359
2024-08-20,600019.SH,6.01,6.07,5.97,6.04,711178,428046069
2024-08-21,600019.SH,6.04,6.06,5.93,5.97,630857,377856986
2024-08-22,600019.SH,5.96,6,5.94,5.98,376734,225056007
2024-08-25,600019.SH,5.98,6.01,5.93,6.01,617976,369028745
2024-08-26,600019.SH,6,6.08,5.97,6.05,616825,371467353
2024-08-27,600019.SH,6.13,6.13,5.94,5.99,828184,497325186
2024-08-28,600019.SH,5.97,5.98,5.83,5.85,889900,523079036
2024-08-29,600019.SH,5.86,6.02,5.84,5.96,898597,534914382
2024-09-01,600019.SH,5.95,5.98,5.87,5.93,555792,329880374
2024-09-02,600019.SH,5.94,5.95,5.82,5.87,604804,355171995
2024-09-03,600019.SH,5.88,5.88,5.76,5.85,453119,264105844
2024-09-04,600019.SH,5.85,5.87,5.76,5.83,560461,324812522
2024-09-05,600019.SH,5.82,5.91,5.8,5.81,444413,260228750
2024-09-08,600019.SH,5.8,5.81,5.59,5.67,821377,464664484
2024-09-09,600019.SH,5.66,5.69,5.59,5.67,573007,323409662
2024-09-10,600019.SH,5.65,5.66,5.53,5.58,608050,338523681
2024-09-11,600019.SH,5.57,5.61,5.54,5.6,414998,231360814
2024-09-12,600019.SH,5.59,5.65,5.58,5.58,317002,177793213
2024-09-17,600019.SH,5.57,5.6,5.5,5.58,397579,220798599
2024-09-18,600019.SH,5.6,5.66,5.54,5.6,771412,431967183
2024-09-19,600019.SH,5.6,5.66,5.58,5.61,679882,381674140
2024-09-22,600019.SH,5.61,5.76,5.6,5.72,608035,345960144
2024-09-23,600019.SH,5.75,6.01,5.75,6,1259264,744466176
2024-09-24,600019.SH,6.05,6.33,6.05,6.17,2531233,1580596336
2024-09-25,600019.SH,6.19,6.41,6.16,6.38,1751114,1108124174
2024-09-26,600019.SH,6.44,6.59,6.29,6.41,1135743,727288504
2024-09-29,600019.SH,6.66,6.96,6.65,6.94,2510962,1709466774
2024-10-07,600019.SH,7.63,7.63,6.83,7.03,3003696,2150569968
2024-10-08,600019.SH,6.97,6.97,6.38,6.39,2368119,1562464947
2024-10-09,600019.SH,6.39,6.96,6.38,6.76,2401710,1609587726
2024-10-10,600019.SH,6.76,6.91,6.61,6.77,1496415,1014978896
2024-10-13,600019.SH,6.82,7.09,6.81,6.93,1592406,1103236443
2024-10-14,600019.SH,6.86,6.95,6.66,6.66,1330053,901646473
2024-10-15,600019.SH,6.64,6.81,6.59,6.72,1119237,755060240
2024-10-16,600019.SH,6.74,6.79,6.54,6.54,1065540,707273829
2024-10-17,600019.SH,6.54,6.65,6.44,6.56,1281718,838036227
2024-10-20,600019.SH,6.63,6.63,6.47,6.52,1001745,652758766
2024-10-21,600019.SH,6.5,6.59,6.48,6.57,759113,496916071
2024-10-22,600019.SH,6.59,6.72,6.56,6.65,873048,581222929
2024-10-23,600019.SH,6.66,6.67,6.55,6.59,499029,329455196
2024-10-24,600019.SH,6.6,6.64,6.56,6.59,537611,354417328
2024-10-27,600019.SH,6.65,6.95,6.64,6.91,2060098,1417051323
2024-10-28,600019.SH,6.94,6.94,6.75,6.77,1090753,743975945
2024-10-29,600019.SH,6.66,6.72,6.51,6.56,1236163,818043930
2024-10-30,600019.SH,6.53,6.62,6.44,6.52,978014,638184752
2024-10-31,600019.SH,6.5,6.78,6.48,6.68,1421036,946566455
2024-11-03,600019.SH,6.68,6.71,6.53,6.69,853859,565142312
2024-11-04,600019.SH,6.66,6.78,6.65,6.78,896704,604815586
2024-11-05,600019.SH,6.8,6.8,6.71,6.79,964509,651318730
2024-11-06,600019.SH,6.73,6.95,6.7,6.95,1399336,961660622
2024-11-07,600019.SH,6.98,7.02,6.77,6.83,1167225,800702727
2024-11-10,600019.SH,6.81,6.81,6.63,6.71,949683,635787519
2024-11-11,600019.SH,6.7,6.76,6.61,6.61,818314,546815190
2024-11-12,600019.SH,6.6,6.7,6.6,6.63,669252,444781102
2024-11-13,600019.SH,6.64,6.67,6.55,6.55,668014,441444625
2024-11-14,600019.SH,6.54,6.64,6.52,6.58,679183,448243920
2024-11-17,600019.SH,6.65,6.93,6.65,6.8,1924550,1316979049
2024-11-18,600019.SH,6.77,6.81,6.64,6.73,978681,656485353
2024-11-19,600019.SH,6.67,6.74,6.66,6.73,572405,383910248
2024-11-20,600019.SH,6.71,6.79,6.71,6.77,546815,369013201
2024-11-21,600019.SH,6.75,6.81,6.56,6.56,770966,514012772
2024-11-24,600019.SH,6.58,6.66,6.52,6.56,612024,403280985
2024-11-25,600019.SH,6.56,6.59,6.5,6.52,526121,343890006
2024-11-26,600019.SH,6.52,6.6,6.45,6.6,539458,352065108
2024-11-27,600019.SH,6.58,6.67,6.57,6.62,483843,319946087
2024-11-28,600019.SH,6.64,6.74,6.61,6.62,701808,467862525
2024-12-01,600019.SH,6.62,6.82,6.61,6.78,1166550,785775922
2024-12-02,600019.SH,6.8,6.84,6.75,6.82,615027,418054607
2024-12-03,600019.SH,6.81,6.87,6.74,6.82,708903,483132546
2024-12-04,600019.SH,6.82,6.84,6.77,6.83,580913,395434614
2024-12-05,600019.SH,6.85,6.95,6.83,6.92,949269,655566893
2024-12-08,600019.SH,6.92,6.97,6.89,6.95,749498,520195966
2024-12-09,600019.SH,7.05,7.09,6.9,6.91,895215,623728518
2024-12-10,600019.SH,6.89,7.01,6.88,6.99,781645,543786829
2024-12-11,600019.SH,6.99,7,6.86,6.89,841886,580725164
2024-12-12,600019.SH,6.89,6.89,6.74,6.75,1005100,682772709
2024-12-15,600019.SH,6.75,6.85,6.7,6.79,724216,491407562
2024-12-16,600019.SH,6.78,6.9,6.76,6.86,727316,497261810
2024-12-17,600019.SH,6.88,7.08,6.88,7.02,1380077,968718328
2024-12-18,600019.SH,6.99,7.01,6.89,6.89,712089,493883240
2024-12-19,600019.SH,6.91,6.94,6.77,6.78,790580,539110845
2024-12-22,600019.SH,6.78,7.01,6.77,6.99,1312470,912271192
2024-12-23,600019.SH,6.95,7.06,6.94,7.02,791032,554304145
2024-12-24,600019.SH,7.04,7.11,7.01,7.11,819770,579898463
2024-12-25,600019.SH,7.13,7.15,6.95,6.99,641827,449811193
2024-12-26,600019.SH,7.01,7.09,6.95,7.04,648523,455245168
2024-12-29,600019.SH,7,7.07,6.96,7.04,575778,404170604
2024-12-30,600019.SH,7.03,7.09,6.97,7,597739,420626278
2025-01-01,600019.SH,6.99,7.05,6.89,6.92,892516,621326089
2025-01-02,600019.SH,6.93,7.02,6.85,6.88,748772,518359312
2025-01-05,600019.SH,6.89,6.92,6.74,6.91,810325,553312799
2025-01-06,600019.SH,6.91,6.91,6.63,6.73,1136629,762978532
2025-01-07,600019.SH,6.73,6.74,6.61,6.72,673944,450221724
2025-01-08,600019.SH,6.66,6.68,6.59,6.6,564804,374287667
2025-01-09,600019.SH,6.58,6.62,6.52,6.55,409021,268234591
2025-01-12,600019.SH,6.5,6.51,6.41,6.51,658893,426640773
2025-01-13,600019.SH,6.53,6.6,6.49,6.58,512272,335942401
2025-01-14,600019.SH,6.58,6.7,6.56,6.68,619109,411646620
2025-01-15,600019.SH,6.7,6.78,6.66,6.78,534267,359520645
2025-01-16,600019.SH,6.74,6.77,6.57,6.6,726501,481501497
2025-01-19,600019.SH,6.62,6.66,6.56,6.58,555289,367472959
2025-01-20,600019.SH,6.62,6.62,6.44,6.45,705301,458029345
2025-01-21,600019.SH,6.45,6.59,6.41,6.55,634516,413927407
2025-01-22,600019.SH,6.59,6.66,6.53,6.56,659164,434093786
2025-01-23,600019.SH,6.57,6.87,6.55,6.82,1244612,838967652
2025-01-26,600019.SH,6.81,7.02,6.8,7.01,1214030,846803064
2025-02-04,600019.SH,7,7,6.68,6.72,1000888,678535006
2025-02-05,600019.SH,6.72,6.79,6.68,6.7,593525,398507792
2025-02-06,600019.SH,6.7,6.96,6.68,6.95,1090270,746697338
2025-02-09,600019.SH,6.95,7.07,6.85,6.9,840902,581188583
2025-02-10,600019.SH,6.9,6.99,6.86,6.89,581638,402213978
2025-02-11,600019.SH,6.9,6.92,6.78,6.85,489739,334463467
2025-02-12,600019.SH,6.85,6.9,6.85,6.85,405350,278640334
2025-02-13,600019.SH,6.85,6.87,6.76,6.8,460511,312997532
2025-02-16,600019.SH,6.8,6.83,6.75,6.76,457413,310041800
2025-02-17,600019.SH,6.75,6.81,6.7,6.74,585620,395404890
2025-02-18,600019.SH,6.73,6.77,6.62,6.65,812417,541053858
2025-02-19,600019.SH,6.63,6.68,6.58,6.65,507333,336440203
2025-02-20,600019.SH,6.65,6.71,6.58,6.71,896604,595947015
2025-02-23,600019.SH,6.7,6.76,6.67,6.72,609777,409370265
2025-02-24,600019.SH,6.7,6.74,6.62,6.63,510419,341170108
2025-02-25,600019.SH,6.65,6.96,6.65,6.94,1673357,1148395343
2025-02-26,600019.SH,6.99,7.08,6.86,7.08,1816208,1271314200
2025-02-27,600019.SH,7.08,7.14,7.04,7.08,1168986,829149601
2025-03-02,600019.SH,7.08,7.32,7.08,7.27,1426886,1032596816
2025-03-03,600019.SH,7.25,7.33,7.19,7.26,696916,506575648
2025-03-04,600019.SH,7.27,7.36,7.16,7.35,873973,635994438
2025-03-05,600019.SH,7.35,7.38,7.22,7.37,1030406,751706678
2025-03-06,600019.SH,7.36,7.55,7.35,7.5,1295086,969706567
2025-03-09,600019.SH,7.52,7.52,7.31,7.38,779945,575053509
2025-03-10,600019.SH,7.36,7.51,7.29,7.51,673358,499120881
2025-03-11,600019.SH,7.51,7.6,7.42,7.48,727998,546345322
2025-03-12,600019.SH,7.52,7.55,7.39,7.55,580578,433432778
2025-03-13,600019.SH,7.56,7.6,7.4,7.45,818169,610316351
2025-03-16,600019.SH,7.46,7.56,7.44,7.49,626075,469834495
2025-03-17,600019.SH,7.5,7.5,7.3,7.4,594456,440156975
2025-03-18,600019.SH,7.4,7.44,7.28,7.3,398941,292235816
2025-03-19,600019.SH,7.31,7.46,7.23,7.38,656089,482445981
2025-03-20,600019.SH,7.38,7.54,7.38,7.51,936612,703466052
2025-03-23,600019.SH,7.51,7.58,7.45,7.53,561033,422498615
2025-03-24,600019.SH,7.55,7.65,7.46,7.53,498743,375355794
2025-03-25,600019.SH,7.5,7.53,7.37,7.44,550013,408140278
2025-03-26,600019.SH,7.43,7.48,7.4,7.42,320404,238010456
2025-03-27,600019.SH,7.43,7.44,7.32,7.33,401968,295427193
2025-03-30,600019.SH,7.3,7.33,7.16,7.2,684891,494857243
2025-03-31,600019.SH,7.25,7.37,7.19,7.32,508313,371084734
2025-04-01,600019.SH,7.21,7.32,7.2,7.23,369213,268214542
2025-04-02,600019.SH,7.2,7.31,7.18,7.26,344602,250025129
2025-04-06,600019.SH,7.1,7.11,6.53,6.69,1583547,1076440001
2025-04-07,600019.SH,6.64,6.87,6.64,6.79,1209372,819693492
2025-04-08,600019.SH,6.79,6.83,6.63,6.83,1030087,691945445
2025-04-09,600019.SH,6.86,6.9,6.76,6.77,945678,644574218
2025-04-10,600019.SH,6.77,6.8,6.69,6.78,524007,353296716
2025-04-13,600019.SH,6.8,6.84,6.76,6.81,502978,341873521
2025-04-14,600019.SH,6.81,6.82,6.7,6.74,701785,472920448
2025-04-15,600019.SH,6.74,6.78,6.66,6.78,811715,545317716
2025-04-16,600019.SH,6.73,6.76,6.66,6.68,705888,473154894
2025-04-17,600019.SH,6.68,6.8,6.66,6.78,501232,337083747
2025-04-20,600019.SH,6.77,6.84,6.7,6.71,576398,388809577
2025-04-21,600019.SH,6.71,6.71,6.6,6.62,934793,620372100
2025-04-22,600019.SH,6.63,6.64,6.52,6.53,1138850,746006559
2025-04-23,600019.SH,6.53,6.58,6.5,6.52,565798,369638733
2025-04-24,600019.SH,6.53,6.67,6.51,6.64,899274,594407125
2025-04-27,600019.SH,6.7,7.06,6.68,6.92,2268957,1576630012
2025-04-28,600019.SH,6.92,7.02,6.89,6.93,616388,427289038
2025-04-29,600019.SH,6.94,6.94,6.8,6.84,641137,438710842
2025-05-05,600019.SH,6.85,6.95,6.77,6.89,705098,484582794
2025-05-06,600019.SH,6.97,6.98,6.86,6.95,502788,347373247
2025-05-07,600019.SH,6.91,6.97,6.87,6.88,485000,335280297
2025-05-08,600019.SH,6.89,6.94,6.86,6.93,463988,320551385
2025-05-11,600019.SH,6.93,6.95,6.87,6.91,534924,369384457
2025-05-12,600019.SH,6.93,7.09,6.93,6.98,838620,588422124
2025-05-13,600019.SH,6.99,7.03,6.95,7.01,380109,265763883
2025-05-14,600019.SH,7,7.03,6.96,6.97,316848,221446914
2025-05-15,600019.SH,6.96,6.98,6.88,6.96,419284,291176601
2025-05-18,600019.SH,6.95,6.98,6.9,6.97,316458,219680429
2025-05-19,600019.SH,6.97,7.02,6.92,6.94,328506,228667552
2025-05-20,600019.SH,6.94,7.01,6.89,6.95,607096,421870739
2025-05-21,600019.SH,6.94,6.96,6.83,6.86,700919,481653493
2025-05-22,600019.SH,6.87,7,6.86,6.86,596154,412643543
2025-05-25,600019.SH,6.85,6.88,6.8,6.8,407238,278071773
2025-05-26,600019.SH,6.8,6.81,6.71,6.72,439419,296740450
2025-05-27,600019.SH,6.73,6.74,6.67,6.67,391167,261843658
2025-05-28,600019.SH,6.67,6.71,6.65,6.69,490709,328071333
2025-05-29,600019.SH,6.68,6.79,6.68,6.74,544752,366724623
2025-06-02,600019.SH,6.72,6.72,6.57,6.58,1338475,884878280
2025-06-03,600019.SH,6.61,6.69,6.59,6.68,805137,535942601
2025-06-04,600019.SH,6.7,6.72,6.62,6.64,466178,309957911
2025-06-05,600019.SH,6.65,6.71,6.64,6.65,522847,348682020
2025-06-08,600019.SH,6.67,6.69,6.64,6.67,436411,290793871
2025-06-09,600019.SH,6.67,6.72,6.64,6.68,537839,359487530
2025-06-10,600019.SH,6.61,6.73,6.58,6.7,660934,441504170
2025-06-11,600019.SH,6.7,6.74,6.66,6.74,488833,328199210
2025-06-12,600019.SH,6.73,6.74,6.67,6.73,668232,447520321
2025-06-15,600019.SH,6.71,6.72,6.62,6.64,511782,340920924
2025-06-16,600019.SH,6.64,6.68,6.6,6.64,400030,265434499
2025-06-17,600019.SH,6.64,6.66,6.58,6.61,379055,250653379
2025-06-18,600019.SH,6.61,6.63,6.47,6.49,841282,548012817
2025-06-19,600019.SH,6.49,6.61,6.49,6.58,628716,412941771
2025-06-22,600019.SH,6.56,6.56,6.46,6.47,755689,490639050
2025-06-23,600019.SH,6.48,6.55,6.48,6.54,567795,370213327
2025-06-24,600019.SH,6.54,6.6,6.52,6.59,458056,300545385
2025-06-25,600019.SH,6.58,6.61,6.55,6.55,431351,283503292
2025-06-26,600019.SH,6.56,6.64,6.55,6.57,593262,390850207
2025-06-29,600019.SH,6.58,6.63,6.56,6.59,569256,375672447
2025-06-30,600019.SH,6.59,6.62,6.56,6.6,475875,313970428
2025-07-01,600019.SH,6.6,6.91,6.59,6.9,1795066,1215637766
2025-07-02,600019.SH,6.9,7.01,6.78,6.97,1338857,926804294
2025-07-03,600019.SH,7,7.16,6.97,7.1,1331120,943434705
2025-07-06,600019.SH,7.07,7.23,7.03,7.2,871134,624724634
2025-07-07,600019.SH,7.2,7.24,7.12,7.16,615167,441007313
2025-07-08,600019.SH,7.15,7.2,7.04,7.05,684378,485052744
2025-07-09,600019.SH,7.05,7.12,7.01,7.01,735408,518925612
2025-07-10,600019.SH,7.03,7.19,7.01,7.01,1191253,845108394
2025-07-13,600019.SH,7.04,7.19,7.04,7.07,790436,563037715
2025-07-14,600019.SH,7.08,7.13,6.99,7.05,620579,437797577
2025-07-15,600019.SH,7.04,7.07,6.92,6.94,597661,416671489
2025-07-16,600019.SH,6.94,7.05,6.91,7.04,673945,472375391
2025-07-17,600019.SH,7.05,7.14,7.04,7.1,538015,381750229
2025-07-20,600019.SH,7.19,7.44,7.18,7.36,1252368,920021214
2025-07-21,600019.SH,7.42,7.66,7.38,7.62,1555087,1169894317
2025-07-22,600019.SH,7.64,7.67,7.46,7.51,1346567,1017157251
2025-07-23,600019.SH,7.44,7.51,7.34,7.51,808171,602374619
2025-07-24,600019.SH,7.52,7.54,7.42,7.44,821795,614086758
2025-07-27,600019.SH,7.4,7.41,7.2,7.28,1034775,752395637
2025-07-28,600019.SH,7.28,7.52,7.28,7.48,918501,680569199
2025-07-29,600019.SH,7.49,7.8,7.49,7.55,1459451,1115594565
2025-07-30,600019.SH,7.5,7.54,7.23,7.34,1208582,884751046
2025-07-31,600019.SH,7.32,7.4,7.28,7.29,666789,488306937
2025-08-03,600019.SH,7.26,7.33,7.24,7.3,648371,471903022
2025-08-04,600019.SH,7.31,7.39,7.28,7.32,622268,456519261
2025-08-05,600019.SH,7.34,7.38,7.3,7.34,512353,376199923
2025-08-06,600019.SH,7.35,7.36,7.27,7.34,756604,554253661
2025-08-07,600019.SH,7.33,7.53,7.31,7.47,705527,525791730
2025-08-10,600019.SH,7.5,7.52,7.3,7.31,935931,689118552
2025-08-11,600019.SH,7.32,7.35,7.18,7.2,830342,602075184
2025-08-12,600019.SH,7.22,7.31,7.19,7.19,848435,614314492
2025-08-13,600019.SH,7.21,7.24,7.18,7.19,676786,487309490
2025-08-14,600019.SH,7.18,7.21,7.13,7.13,713050,511751632
2025-08-17,600019.SH,7.15,7.19,7.08,7.08,874145,623055023
2025-08-18,600019.SH,7.09,7.19,7.09,7.11,716475,510625669
2025-08-19,600019.SH,7.08,7.17,7.05,7.16,676378,482186258
2025-08-20,600019.SH,7.18,7.21,7.15,7.19,582076,417720423
2025-08-21,600019.SH,7.18,7.19,7.06,7.15,833125,591903399
2025-08-24,600019.SH,7.17,7.32,7.15,7.26,1176622,851250123
2025-08-25,600019.SH,7.23,7.25,7.14,7.21,748353,537229506
2025-08-26,600019.SH,7.2,7.23,7.03,7.03,1225545,872179668
2025-08-27,600019.SH,7,7.02,6.9,7.02,1335718,929151499
2025-08-28,600019.SH,7,7.22,6.92,6.93,2572026,1812443729
2025-08-31,600019.SH,6.95,7.03,6.85,6.89,1867971,1290849981
2025-09-01,600019.SH,6.9,7.15,6.86,7.09,1943875,1365171741
2025-09-02,600019.SH,7.1,7.18,7.08,7.13,1199566,855732968
2025-09-03,600019.SH,7.1,7.11,6.9,7.04,1168635,815437036
2025-09-04,600019.SH,7,7.03,6.9,6.97,1112766,772813978
2025-09-07,600019.SH,6.95,7.07,6.93,7.02,1485973,1040083088
2025-09-08,600019.SH,7,7.21,6.98,7.07,1151745,819669847
2025-09-09,600019.SH,7.04,7.06,6.92,6.94,929375,646478545
2025-09-10,600019.SH,6.94,7.07,6.93,7.06,950506,666315661
2025-09-11,600019.SH,7.07,7.2,6.97,7.03,1859234,1314434402
2025-09-14,600019.SH,7,7.04,6.95,7.01,1012416,707044878
2025-09-15,600019.SH,7.01,7.1,6.88,6.93,1397109,968604663
2025-09-16,600019.SH,6.9,7.03,6.88,6.92,1425383,990718513
2025-09-17,600019.SH,6.93,6.94,6.83,6.86,1298685,894619891
2025-09-18,600019.SH,6.86,6.97,6.84,6.91,1183957,818173639
2025-09-21,600019.SH,6.9,6.96,6.84,6.96,948530,653831553
2025-09-22,600019.SH,6.93,6.97,6.85,6.92,848512,585484781
2025-09-23,600019.SH,6.81,6.88,6.74,6.86,795703,542811442
2025-09-24,600019.SH,6.85,6.87,6.78,6.79,647738,441092944
2025-09-25,600019.SH,6.79,7.02,6.77,6.96,1399204,970159332
2025-09-28,600019.SH,6.95,7,6.84,6.99,930686,642906247
2025-09-29,600019.SH,6.98,7.08,6.93,7.07,1060949,745348841
2025-10-08,600019.SH,7.12,7.25,6.94,7.18,1767708,1258023902
2025-10-09,600019.SH,7.12,7.34,7.1,7.26,1706129,1240571849
2025-10-12,600019.SH,7.13,7.32,7.07,7.28,1496933,1080046762
2025-10-13,600019.SH,7.33,7.36,7.19,7.22,961974,698743379
2025-10-14,600019.SH,7.23,7.32,7.18,7.25,977401,708351141
2025-10-15,600019.SH,7.23,7.25,7.12,7.15,767301,549993296
2025-10-16,600019.SH,7.18,7.27,7.12,7.15,926587,665674792
2025-10-19,600019.SH,7.14,7.17,7.08,7.16,633768,452150452
2025-10-20,600019.SH,7.17,7.21,7.12,7.16,617397,442265271
2025-10-21,600019.SH,7.15,7.19,7.12,7.17,423407,303260292
2025-10-22,600019.SH,7.16,7.24,7.12,7.22,604994,434847229
2025-10-23,600019.SH,7.22,7.23,7.1,7.14,733395,523848101
2025-10-26,600019.SH,7.15,7.34,7.13,7.27,1206624,876804761
2025-10-27,600019.SH,7.26,7.26,7.1,7.11,952437,682431762
2025-10-28,600019.SH,7.12,7.13,7.03,7.08,747648,528162037
2025-10-29,600019.SH,7.13,7.31,7.11,7.24,1367322,988269339
2025-10-30,600019.SH,7.3,7.55,7.28,7.37,2054274,1525613071
2025-11-02,600019.SH,7.37,7.62,7.37,7.57,1631250,1230900521
2025-11-03,600019.SH,7.57,7.67,7.47,7.51,994291,751887162
2025-11-04,600019.SH,7.48,7.51,7.42,7.48,650024,485976979
2025-11-05,600019.SH,7.48,7.75,7.47,7.74,1435152,1100003497
2025-11-06,600019.SH,7.71,7.81,7.62,7.65,855926,656956524
2025-11-09,600019.SH,7.67,7.67,7.53,7.61,723468,548468474
2025-11-10,600019.SH,7.62,7.67,7.54,7.64,759382,577840960
2025-11-11,600019.SH,7.65,7.79,7.62,7.73,978464,755879143
2025-11-12,600019.SH,7.75,7.83,7.61,7.76,909615,701547734
2025-11-13,600019.SH,7.73,7.83,7.66,7.67,708893,548303009
2025-11-16,600019.SH,7.67,7.71,7.57,7.66,775527,592553632
2025-11-17,600019.SH,7.67,7.69,7.49,7.52,807156,610216445
2025-11-18,600019.SH,7.5,7.54,7.4,7.47,722657,538967995
2025-11-19,600019.SH,7.46,7.55,7.46,7.47,495350,371246194
2025-11-20,600019.SH,7.42,7.45,7.26,7.27,1248402,915176375
2025-11-23,600019.SH,7.28,7.35,7.14,7.17,1371248,990022332
2025-11-24,600019.SH,7.19,7.21,7.1,7.16,891939,638311094
2025-11-25,600019.SH,7.17,7.25,7.17,7.19,835834,603444987
2025-11-26,600019.SH,7.2,7.26,7.13,7.19,527039,379586155
2025-11-27,600019.SH,7.19,7.27,7.15,7.25,632814,457642493
2025-11-30,600019.SH,7.25,7.29,7.18,7.24,904062,651788054
2025-12-01,600019.SH,7.24,7.32,7.22,7.29,814164,591863214
2025-12-02,600019.SH,7.27,7.44,7.24,7.36,786926,579970082
2025-12-03,600019.SH,7.39,7.41,7.23,7.27,642062,467390647
2025-12-04,600019.SH,7.25,7.35,7.23,7.33,511526,372906289
2025-12-07,600019.SH,7.32,7.34,7.16,7.18,1169010,841647101
2025-12-08,600019.SH,7.15,7.16,7.06,7.09,945289,670503683
2025-12-09,600019.SH,7.07,7.16,7.01,7.15,909308,644121925
2025-12-10,600019.SH,7.14,7.15,7.04,7.08,890956,631177122
2025-12-11,600019.SH,7.09,7.19,7.02,7.19,1947082,1386581781
2025-12-14,600019.SH,7.15,7.21,7.04,7.05,1295141,922380404
2025-12-15,600019.SH,7.06,7.09,7.01,7.06,769123,541925270
2025-12-16,600019.SH,7.07,7.15,7,7.11,831900,588498585
2025-12-17,600019.SH,7.11,7.2,7.09,7.19,732563,524786108
2025-12-18,600019.SH,7.17,7.28,7.14,7.21,643824,464649996
2025-12-21,600019.SH,7.25,7.27,7.2,7.22,614990,444553337
2025-12-22,600019.SH,7.21,7.22,7.15,7.16,488520,350475537
2025-12-23,600019.SH,7.16,7.2,7.12,7.19,434083,311081539
2025-12-24,600019.SH,7.19,7.24,7.14,7.18,450824,324205296
2025-12-25,600019.SH,7.19,7.37,7.18,7.35,967547,704844493
2025-12-28,600019.SH,7.33,7.54,7.31,7.44,1285364,960220473
2025-12-29,600019.SH,7.43,7.5,7.37,7.41,562959,418736627
2025-12-30,600019.SH,7.41,7.51,7.39,7.45,543746,405572179
2026-01-04,600019.SH,7.49,7.5,7.25,7.28,1061683,775873615
2026-01-05,600019.SH,7.28,7.36,7.25,7.35,905020,661498549
2026-01-06,600019.SH,7.31,7.41,7.24,7.26,1161076,844738971
2026-01-07,600019.SH,7.24,7.39,7.16,7.33,1064701,777171128
2026-01-08,600019.SH,7.33,7.38,7.25,7.28,950380,692445086
2026-01-11,600019.SH,7.3,7.42,7.29,7.33,1004403,737816768
2026-01-12,600019.SH,7.35,7.37,7.26,7.27,995619,728054668
2026-01-13,600019.SH,7.27,7.3,7.15,7.18,1346427,973365526
2026-01-14,600019.SH,7.18,7.2,7.08,7.1,1062899,758760073
2026-01-15,600019.SH,7.13,7.16,7,7,1226848,867028611
2026-01-18,600019.SH,7.02,7.15,7.01,7.14,1099647,780831574
2026-01-19,600019.SH,7.15,7.26,7.13,7.26,1424667,1027928858
2026-01-20,600019.SH,7.23,7.26,7.16,7.21,949310,683605790
2026-01-21,600019.SH,7.22,7.33,7.18,7.27,1235964,899211729
2026-01-22,600019.SH,7.29,7.3,7.21,7.24,975055,706322249
2026-01-25,600019.SH,7.27,7.38,7.25,7.3,1593592,1166959901
2026-01-26,600019.SH,7.31,7.35,7.15,7.16,1270163,918907733
2026-01-27,600019.SH,7.16,7.44,7.12,7.3,2477491,1809984346
2026-01-28,600019.SH,7.31,7.41,7.2,7.37,2933362,2130764844
2026-01-29,600019.SH,7.29,7.39,7.15,7.3,1892523,1380682031
2026-02-01,600019.SH,7.26,7.28,6.95,6.95,2543303,1802534854
2026-02-02,600019.SH,7,7.04,6.92,7.02,1309579,914616467
2026-02-03,600019.SH,7,7.22,6.99,7.22,1573243,1124177177
2026-02-04,600019.SH,7.19,7.27,7.08,7.12,1149521,822607700
2026-02-05,600019.SH,7.08,7.19,7.06,7.1,864217,615831844
2026-02-08,600019.SH,7.17,7.25,7.11,7.12,1156475,829103871
2026-02-09,600019.SH,7.12,7.12,7.01,7.06,881790,623258433
2026-02-10,600019.SH,7.06,7.2,7.03,7.18,1173793,838301299
2026-02-11,600019.SH,7.17,7.19,7.1,7.12,933479,666037144
2026-02-12,600019.SH,7.1,7.11,6.92,6.92,1949459,1360328407
2026-02-23,600019.SH,6.99,7.03,6.95,7.01,1008619,705450652
2026-02-24,600019.SH,7,7.35,6.98,7.02,5508513,3921849123
2026-02-25,600019.SH,7.06,7.2,7.05,7.06,2206997,1567567662
2026-02-26,600019.SH,7.06,7.24,7.03,7.2,3167440,2267434069
2026-03-01,600019.SH,7.15,7.33,7.12,7.31,2699761,1956121781
2026-03-02,600019.SH,7.26,7.34,7.17,7.18,2031600,1472081527
2026-03-03,600019.SH,7.16,7.23,7.06,7.1,1618453,1151654640
2026-03-04,600019.SH,7.14,7.19,7.08,7.12,1379141,982884088
2026-03-05,600019.SH,7.11,7.12,7.02,7.1,1328564,939942644
2026-03-08,600019.SH,7.04,7.14,7.02,7.05,1628427,1150747879
2026-03-09,600019.SH,7.07,7.1,6.98,7,1760501,1235225446
2026-03-10,600019.SH,7.01,7.05,6.94,7.04,1177930,823415644
2026-03-11,600019.SH,7.03,7.12,7,7.09,1472707,1042583787
2026-03-12,600019.SH,7.1,7.18,7.08,7.11,1573110,1123509954
2026-03-15,600019.SH,7.12,7.14,6.86,6.88,2984182,2071165836
2026-03-16,600019.SH,6.89,6.98,6.84,6.84,1873604,1296250608
2026-03-17,600019.SH,6.84,6.86,6.66,6.72,1762246,1185866093
2026-03-18,600019.SH,6.66,6.7,6.58,6.59,1143246,757658026
2026-03-19,600019.SH,6.59,6.64,6.53,6.57,989248,650925350
2026-03-22,600019.SH,6.5,6.52,6.21,6.25,1728444,1094225464
2026-03-23,600019.SH,6.34,6.42,6.28,6.39,1248078,793501543
2026-03-24,600019.SH,6.4,6.45,6.36,6.42,844931,542152267
2026-03-25,600019.SH,6.42,6.46,6.28,6.31,783595,498357660
2026-03-26,600019.SH,6.27,6.45,6.24,6.43,987827,630378703
2026-03-29,600019.SH,6.39,6.51,6.37,6.49,784594,506806028
2026-03-30,600019.SH,6.48,6.55,6.41,6.41,704228,455371854
2026-03-31,600019.SH,6.46,6.52,6.45,6.48,787264,510898339
2026-04-01,600019.SH,6.46,6.5,6.4,6.44,588560,379422292
2026-04-02,600019.SH,6.45,6.45,6.37,6.4,462027,296178410
2026-04-06,600019.SH,6.39,6.4,6.33,6.38,513859,327091314
2026-04-07,600019.SH,6.44,6.49,6.42,6.49,943103,609075485
2026-04-08,600019.SH,6.46,6.48,6.37,6.4,840395,539144135
2026-04-09,600019.SH,6.41,6.47,6.39,6.42,630481,405747805
2026-04-12,600019.SH,6.41,6.44,6.37,6.44,637501,408863651
2026-04-13,600019.SH,6.44,6.47,6.4,6.46,753044,484034773
2026-04-14,600019.SH,6.46,6.47,6.36,6.36,936549,598487983
2026-04-15,600019.SH,6.36,6.4,6.34,6.36,802074,510232613
2026-04-16,600019.SH,6.35,6.36,6.28,6.3,1153479,727208636
2026-04-19,600019.SH,6.31,6.31,6.24,6.25,1068569,669791036
2026-04-20,600019.SH,6.25,6.32,6.24,6.32,936948,589599790
2026-04-21,600019.SH,6.32,6.38,6.29,6.35,960057,608083744
2026-04-22,600019.SH,6.35,6.42,6.32,6.38,1045822,667984682
2026-04-23,600019.SH,6.39,6.39,6.31,6.35,588359,373815250
2026-04-26,600019.SH,6.33,6.36,6.26,6.29,716332,451251298
2026-04-27,600019.SH,6.31,6.39,6.28,6.37,808439,513228476
2026-04-28,600019.SH,6.34,6.49,6.34,6.48,973236,626041117
2026-04-29,600019.SH,6.48,6.5,6.29,6.31,1615889,1025642985
2026-05-05,600019.SH,6.33,6.36,6.27,6.33,1349887,852074344
2026-05-06,600019.SH,6.34,6.38,6.3,6.32,775946,491066127
2026-05-07,600019.SH,6.32,6.41,6.31,6.41,907210,577360673
2026-05-10,600019.SH,6.4,6.53,6.36,6.5,1501721,967653431
2026-05-11,600019.SH,6.5,6.55,6.43,6.43,892413,577962324
2026-05-12,600019.SH,6.44,6.44,6.33,6.35,941695,599847063
2026-05-13,600019.SH,6.36,6.4,6.34,6.35,914543,583208145
2026-05-14,600019.SH,6.36,6.36,6.22,6.22,1200539,754433892
2026-05-17,600019.SH,6.22,6.22,6.04,6.09,1357845,828130014
2026-05-18,600019.SH,6.09,6.11,5.99,6.04,908589,548298115
2026-05-19,600019.SH,6.02,6.06,5.96,5.97,760500,455641962
2026-05-20,600019.SH,5.99,6.06,5.93,5.94,891941,534021239
2026-05-21,600019.SH,5.95,5.99,5.87,5.9,760928,449062894
2026-05-24,600019.SH,5.91,6,5.9,5.95,709143,421823432
2026-05-25,600019.SH,5.94,6.05,5.9,6.04,1055327,632486762
2026-05-26,600019.SH,6.05,6.07,5.94,6.03,888044,532317235
2026-05-27,600019.SH,6,6.07,5.95,5.96,669126,401520450
2026-05-28,600019.SH,5.97,6.08,5.96,6.03,955246,576520057
2026-05-31,600019.SH,6.03,6.04,5.93,6.04,1115866,667998725
2026-06-01,600019.SH,6.03,6.07,5.91,5.94,1276510,762913710
2026-06-02,600019.SH,5.93,5.94,5.81,5.83,1377376,805804212
2026-06-03,600019.SH,5.82,5.83,5.69,5.72,1133161,651004750
2026-06-04,600019.SH,5.72,5.81,5.71,5.74,1072927,617443247
2026-06-07,600019.SH,5.7,5.7,5.59,5.62,1070237,603253091
2026-06-08,600019.SH,5.6,5.66,5.59,5.65,838582,470653092
2026-06-09,600019.SH,5.64,5.78,5.62,5.74,1291163,738398788
2026-06-10,600019.SH,5.75,5.86,5.7,5.85,1516495,879855948
2026-06-11,600019.SH,5.84,6.07,5.8,6.02,2722391,1626881596
2026-06-14,600019.SH,6.08,6.16,5.95,5.97,1671810,1012045532
2026-06-15,600019.SH,5.95,5.98,5.83,5.85,1027881,604315575
2026-06-16,600019.SH,5.86,5.87,5.7,5.77,1016437,584737986
2026-06-17,600019.SH,5.78,5.8,5.67,5.68,869318,497035129
2026-06-21,600019.SH,5.68,5.79,5.63,5.75,855163,488082107
2026-06-22,600019.SH,5.75,5.93,5.73,5.78,1350397,786015273
2026-06-23,600019.SH,5.79,5.79,5.62,5.67,1063379,603697714
2026-06-24,600019.SH,5.52,5.61,5.44,5.49,916907,505859513
2026-06-25,600019.SH,5.48,5.53,5.38,5.39,805497,436866585
2026-06-28,600019.SH,5.39,5.61,5.3,5.54,1129659,619234818
2026-06-29,600019.SH,5.51,5.56,5.39,5.43,753670,410746781
2026-06-30,600019.SH,5.43,5.59,5.4,5.54,777761,428853598
2026-07-01,600019.SH,5.54,5.63,5.5,5.61,885712,493202102
2026-07-02,600019.SH,5.62,5.69,5.54,5.59,720098,403906996
2026-07-05,600019.SH,5.58,5.67,5.55,5.65,675658,379684013
2026-07-06,600019.SH,5.64,5.65,5.54,5.56,531340,296203786
2026-07-07,600019.SH,5.56,5.62,5.52,5.56,519694,289489931
2026-07-08,600019.SH,5.54,5.54,5.43,5.46,655360,358475475
2026-07-09,600019.SH,5.47,5.53,5.37,5.48,858156,467968468
2026-07-12,600019.SH,5.46,5.5,5.44,5.5,708339,387672187
2026-07-13,600019.SH,5.49,5.6,5.47,5.6,900826,500369141
2026-07-14,600019.SH,5.58,5.74,5.56,5.74,1029347,586904180
2026-07-15,600019.SH,5.72,5.77,5.62,5.68,894245,507034996
2026-07-16,600019.SH,5.67,5.81,5.66,5.76,1510869,869669205
2026-07-19,600019.SH,5.76,5.89,5.75,5.89,1590118,929834390
2026-07-20,600019.SH,5.86,5.99,5.79,5.81,1634849,962916101
2026-07-21,600019.SH,5.79,5.86,5.72,5.86,1221183,707231802
2026-07-22,600019.SH,5.81,5.99,5.81,5.97,990308,587250976
2026-07-23,600019.SH,5.97,6.02,5.9,5.91,659110,392017808
2026-07-26,600019.SH,5.91,5.98,5.89,5.94,717180,425900727
2026-07-27,600019.SH,5.91,5.99,5.88,5.97,912778,543428442
2026-07-28,600019.SH,5.95,6.12,5.94,6.11,1177875,714702548
2026-07-29,600019.SH,6.11,6.28,6.09,6.26,1329945,825922980
2026-07-30,600019.SH,6.17,6.25,6.12,6.13,1339907,827654026
2026-08-02,600019.SH,6.16,6.23,6.09,6.11,1077814,662047556
2026-08-03,600019.SH,6.12,6.14,5.92,5.94,1302370,777464092
2026-08-04,600019.SH,5.94,5.96,5.85,5.86,1078394,633981997
2026-08-05,600019.SH,5.87,5.89,5.76,5.85,952819,554116481
2026-08-06,600019.SH,5.83,5.84,5.75,5.76,987467,570518285
2026-08-09,600019.SH,5.75,5.8,5.74,5.78,877381,506579015
2026-08-10,600019.SH,5.79,5.83,5.72,5.73,1026779,591531645
2026-08-11,600019.SH,5.72,5.77,5.69,5.74,851615,487276290
2026-08-12,600019.SH,5.73,5.74,5.67,5.67,835699,476088391
2026-08-13,600019.SH,5.66,5.8,5.64,5.75,1271156,729312443
2026-08-16,600019.SH,5.76,5.76,5.67,5.74,928622,531503554
2026-08-17,600019.SH,5.73,5.87,5.72,5.84,1221198,710916723
2026-08-18,600019.SH,5.85,5.92,5.83,5.91,1120254,659393883
2026-08-19,600019.SH,5.88,5.96,5.86,5.89,865139,510573857
2026-08-20,600019.SH,5.89,5.91,5.8,5.81,792022,463032323
2026-08-23,600019.SH,5.82,5.96,5.82,5.86,1258238,743331022
2026-08-24,600019.SH,5.86,5.9,5.83,5.85,840669,492487532
2026-08-25,600019.SH,5.84,5.91,5.82,5.89,771718,454248276
2026-08-26,600019.SH,5.87,5.87,5.78,5.82,1131767,658657506
2026-08-27,600019.SH,5.81,5.84,5.76,5.83,904285,525116787
2026-08-30,600019.SH,5.83,5.86,5.78,5.82,791875,460743014
2026-08-31,600019.SH,5.8,5.89,5.79,5.86,929094,544114481
2026-09-01,600019.SH,5.86,5.87,5.78,5.83,802270,467218970
2026-09-02,600019.SH,5.82,5.93,5.82,5.84,1107493,650566891
2026-09-03,600019.SH,5.85,5.9,5.83,5.86,765272,449301873
2026-09-06,600019.SH,5.86,5.87,5.74,5.75,1381191,799127113
2026-09-07,600019.SH,5.75,5.84,5.75,5.83,1034918,600354207
2026-09-08,600019.SH,5.81,5.91,5.79,5.9,1129410,663389109
2026-09-09,600019.SH,5.89,5.94,5.87,5.92,886759,524125482
2026-09-10,600019.SH,5.9,5.93,5.81,5.84,886550,518265002
2026-09-13,600019.SH,5.82,5.88,5.79,5.84,715103,418147240
2026-09-14,600019.SH,5.85,5.91,5.82,5.88,914604,537267773
2026-09-15,600019.SH,5.78,5.79,5.67,5.77,939332,538081990
2026-09-16,600019.SH,5.75,5.76,5.68,5.72,632515,361491601
2026-09-17,600019.SH,5.72,5.79,5.7,5.76,702189,403831301
2026-09-20,600019.SH,5.76,5.79,5.69,5.78,811118,465772997
2026-09-21,600019.SH,5.77,5.79,5.72,5.73,550515,316187618
2026-09-22,600019.SH,5.73,5.82,5.71,5.75,783487,452384248
2026-09-23,600019.SH,5.74,5.86,5.72,5.84,975401,566314659
2026-09-27,600019.SH,5.82,5.88,5.79,5.8,781345,455309231
2026-09-28,600019.SH,5.8,5.9,5.78,5.85,996827,581948307
2026-09-29,600019.SH,5.86,5.95,5.86,5.93,971707,575848528
2022-08-16,600309.SH,86.2,86.88,84.92,86,94366,810351507
2022-08-17,600309.SH,86.25,86.75,84.68,84.99,89799,767175773
2022-08-18,600309.SH,84.32,85.98,84.32,84.88,65013,554120002
2022-08-21,600309.SH,84.6,89.66,84.52,89.36,192276,1696775567
2022-08-22,600309.SH,89.91,91.82,88.1,90.88,189970,1716739597
2022-08-23,600309.SH,90.74,92.6,88.68,89,130734,1179939117
2022-08-24,600309.SH,89.51,89.84,87,89.49,119050,1055025433
2022-08-25,600309.SH,89.81,90,88,88.67,99394,883773828
2022-08-28,600309.SH,87.78,89.19,86.91,87.8,164821,1444580583
2022-08-29,600309.SH,87.49,88.88,86.11,88.45,124324,1088151998
2022-08-30,600309.SH,87.01,90.88,86.89,88.57,178618,1589016590
2022-08-31,600309.SH,88.6,89.47,87.78,88.11,88193,781522312
2022-09-01,600309.SH,88.26,88.58,86.5,86.95,79980,698714895
2022-09-04,600309.SH,87.66,90,87.51,88.65,122136,1079626572
2022-09-05,600309.SH,89.88,92.78,89.21,91.5,193506,1773013205
2022-09-06,600309.SH,91.2,92.55,90.02,90.52,126221,1150881747
2022-09-07,600309.SH,91,92.61,89.71,92.01,129152,1185617548
2022-09-08,600309.SH,92.33,96.16,91.68,95.61,222659,2111686329
2022-09-12,600309.SH,95.58,95.61,92.63,93,176571,1657007306
2022-09-13,600309.SH,91.93,92.7,90.79,91.36,127334,1164987814
2022-09-14,600309.SH,91.35,93.57,91.15,91.5,123090,1135770388
2022-09-15,600309.SH,91.14,91.8,90.1,90.38,108719,987074637
2022-09-18,600309.SH,90.88,92.95,89.5,91.36,104450,957107027
2022-09-19,600309.SH,91.3,92,89.01,89.55,93643,842371230
2022-09-20,600309.SH,89,90.1,87.74,87.94,152845,1354408021
2022-09-21,600309.SH,87.4,88.95,87.1,88.05,90629,797862243
2022-09-22,600309.SH,88.04,88.84,86.4,87.76,81462,714058087
2022-09-25,600309.SH,86.99,88.68,86.8,87.28,75487,661704418
2022-09-26,600309.SH,87.3,87.95,86.4,87.66,83393,727065613
2022-09-27,600309.SH,88.88,89.87,86.8,87.08,106505,935462391
2022-09-28,600309.SH,88.19,90.47,87.8,89.49,132141,1180901616
2022-09-29,600309.SH,90.53,93.27,90.08,92.1,152911,1406135800
2022-10-09,600309.SH,92.05,92.05,87.87,89.93,115885,1041592071
2022-10-10,600309.SH,89.05,93.28,89,92.77,130021,1187887660
2022-10-11,600309.SH,92.66,94.83,90.63,94.2,155629,1445915841
2022-10-12,600309.SH,92.99,93.78,91.5,92.99,108579,1003640185
2022-10-13,600309.SH,93.75,94,92.26,92.41,93151,866729820
2022-10-16,600309.SH,92.35,93.28,91.7,92.69,66833,618087128
2022-10-17,600309.SH,92.17,93.96,90.71,90.9,121894,1114808316
2022-10-18,600309.SH,90.89,91.78,85.18,85.51,239366,2091522602
2022-10-19,600309.SH,85,88.11,84.52,86.66,166230,1435878352
2022-10-20,600309.SH,86.66,87.67,85.66,86.42,93149,804813591
2022-10-23,600309.SH,85.99,87.5,84.89,86.05,146834,1257651609
2022-10-24,600309.SH,81.75,84.9,81,83.5,215461,1796945820
2022-10-25,600309.SH,83.38,83.94,82,82.36,162074,1344360272
2022-10-26,600309.SH,82.08,84.15,82.08,83.13,121248,1008993052
2022-10-27,600309.SH,83.2,84.88,82.02,82.2,116628,972413455
2022-10-30,600309.SH,81.55,82.65,80,80.36,142234,1149969188
2022-10-31,600309.SH,80,81.55,77.95,81.55,179133,1434841402
2022-11-01,600309.SH,80.84,82.46,80,81.79,139612,1134365045
2022-11-02,600309.SH,82.39,82.48,80.6,81.5,105483,857772244
2022-11-03,600309.SH,81,83.11,80.8,82.41,138320,1137325811
2022-11-06,600309.SH,82,83.5,81.45,82.85,113287,938217030
2022-11-07,600309.SH,83.06,83.5,81.4,82.17,86197,706409549
2022-11-08,600309.SH,82.24,82.9,82,82.32,68048,560433451
2022-11-09,600309.SH,81.92,82.09,80.92,81.58,64345,523332926
2022-11-10,600309.SH,83.16,87.24,82.81,86.48,211948,1801229665
2022-11-13,600309.SH,87.4,89.99,87.2,88.65,192417,1711832206
2022-11-14,600309.SH,88.6,89.48,86.68,89.19,122273,1079307518
2022-11-15,600309.SH,88.99,89.95,88.1,88.35,79946,711602655
2022-11-16,600309.SH,88.21,88.99,87.27,88.68,69226,609368859
2022-11-17,600309.SH,88.87,89.56,88.28,89,75622,674030403
2022-11-20,600309.SH,88.1,88.1,85.41,86.45,102854,886034749
2022-11-21,600309.SH,86.95,88.28,86.46,87.5,82348,719951507
2022-11-22,600309.SH,87.78,88.08,86.42,86.49,61432,534657354
2022-11-23,600309.SH,86.61,87.92,86.01,86.52,66938,580519787
2022-11-24,600309.SH,86.5,89.11,86.15,87.9,107631,949366325
2022-11-27,600309.SH,86.03,87.9,85.11,86.99,101274,874649020
2022-11-28,600309.SH,88,91,87.41,90.92,163514,1472235157
2022-11-29,600309.SH,89.77,90.7,88.14,89.5,127007,1131337744
2022-11-30,600309.SH,90,93.1,89.71,90.45,125211,1141576277
2022-12-01,600309.SH,90.65,90.65,89.4,89.94,67709,608267485
2022-12-04,600309.SH,91.68,92.25,89.88,91.2,101392,926783428
2022-12-05,600309.SH,90.5,93.11,90.38,92.88,138663,1282345860
2022-12-06,600309.SH,92.8,93.28,91.98,92.63,98225,910403612
2022-12-07,600309.SH,92.51,93.16,91.66,92.44,87635,810344150
2022-12-08,600309.SH,92.4,93.66,92,93.4,176614,1638528878
2022-12-11,600309.SH,92.5,93.15,90.67,90.81,131045,1200724655
2022-12-12,600309.SH,90.81,91.78,90,91.15,79597,724347322
2022-12-13,600309.SH,91.48,92.1,90.67,91.8,59314,542887626
2022-12-14,600309.SH,91.81,91.81,90.4,91.26,72143,655841375
2022-12-15,600309.SH,91.04,91.84,90.82,91.4,67525,616269484
2022-12-18,600309.SH,91.83,91.99,90.16,90.73,97145,881210259
2022-12-19,600309.SH,90.01,91.1,89.3,89.61,75882,682533830
2022-12-20,600309.SH,90.4,90.4,89.02,89.85,58908,528111626
2022-12-21,600309.SH,90.68,92.15,90.08,91.57,101540,930728263
2022-12-22,600309.SH,91.94,91.94,88.1,88.81,97505,875344562
2022-12-25,600309.SH,89.21,91.3,88.01,90.28,83705,754253819
2022-12-26,600309.SH,91.28,92.12,90.53,91.84,75299,689645344
2022-12-27,600309.SH,91.25,93.33,91.22,92.86,86327,801402701
2022-12-28,600309.SH,92.15,93.05,91.68,92.91,79152,732743497
2022-12-29,600309.SH,93.13,93.68,92.57,92.65,84235,784651381
2023-01-02,600309.SH,92,92.89,91.3,92.4,94489,870562092
2023-01-03,600309.SH,92.6,93.18,92.2,92.45,67351,624190771
2023-01-04,600309.SH,93.5,93.55,92.68,92.9,66736,620378248
2023-01-05,600309.SH,92.66,94.4,92.66,93.68,93806,880537114
2023-01-08,600309.SH,93.8,95.88,93,93.11,105348,990599704
2023-01-09,600309.SH,93.23,93.39,90.07,90.9,125571,1143545146
2023-01-10,600309.SH,91.07,91.95,90.25,90.47,76591,696714660
2023-01-11,600309.SH,90.99,91.66,90.51,91.2,52959,482791947
2023-01-12,600309.SH,91.91,93.34,91.35,93.33,70400,652874292
2023-01-15,600309.SH,93.04,95.91,92.7,95.46,126589,1203111182
2023-01-16,600309.SH,95.84,96.39,95,95.65,81315,778385840
2023-01-17,600309.SH,95.98,96.5,94.6,94.93,59231,563982860
2023-01-18,600309.SH,95.21,95.9,94.2,95.85,89974,856238862
2023-01-19,600309.SH,96.48,96.48,94.59,94.92,90780,864963277
2023-01-29,600309.SH,97.44,98.6,95.7,97.87,157534,1541765263
2023-01-30,600309.SH,98.68,98.8,96.4,96.61,115907,1128492621
2023-01-31,600309.SH,96.98,97.3,95.61,96.95,95033,918195648
2023-02-01,600309.SH,96.96,100.3,95.78,100.04,207344,2038331869
2023-02-02,600309.SH,99,100.26,97.91,99.98,183163,1821047392
2023-02-05,600309.SH,99.3,99.48,96.86,99.19,142930,1406459911
2023-02-06,600309.SH,98.78,98.93,97.36,98.04,77759,763553295
2023-02-07,600309.SH,97.8,99,97,97.26,103213,1010857473
2023-02-08,600309.SH,97,97.9,96.65,97.48,90776,882926036
2023-02-09,600309.SH,97.42,98.5,97.08,97.99,80099,784231808
2023-02-12,600309.SH,97.11,98.4,97.02,97.97,94457,924478699
2023-02-13,600309.SH,96.8,100.32,96.24,100,143878,1429769441
2023-02-14,600309.SH,100,100.78,98.88,99.41,57900,576116664
2023-02-15,600309.SH,99.98,100.8,98.5,99,78569,784878548
2023-02-16,600309.SH,99.2,103.18,99.2,101.61,189711,1937306767
2023-02-19,600309.SH,101.71,104.47,100.58,104.01,157291,1617455523
2023-02-20,600309.SH,103.96,108,103.41,106.8,160754,1707444906
2023-02-21,600309.SH,106.01,107.26,102.98,103.2,150165,1570391079
2023-02-22,600309.SH,103.1,104.43,101.81,102.69,113987,1170015546
2023-02-23,600309.SH,102.14,103.28,101.5,101.74,83447,851866473
2023-02-26,600309.SH,101.33,104.98,101.08,102.85,146275,1512807647
2023-02-27,600309.SH,103.45,104.9,102.56,104.26,120780,1256359946
2023-02-28,600309.SH,104.2,105.78,102.58,103.21,123237,1283418236
2023-03-01,600309.SH,103.17,107.15,103.01,106.33,135221,1430111278
2023-03-02,600309.SH,105.5,107,105.29,106.01,81164,860814543
2023-03-05,600309.SH,105,106,103.57,104.1,107824,1125203586
2023-03-06,600309.SH,103.89,104.98,102.31,102.65,86129,892923238
2023-03-07,600309.SH,102.2,102.58,100.44,100.99,112912,1142112156
2023-03-08,600309.SH,100.68,101.5,98.61,99.09,134120,1333148813
2023-03-09,600309.SH,98.7,99.99,98.1,98.24,99602,984615223
2023-03-12,600309.SH,98.9,101.38,98.6,99,89229,889252537
2023-03-13,600309.SH,98.88,98.99,96.8,98.21,73614,719489519
2023-03-14,600309.SH,100.09,100.5,97.69,97.72,71496,703509356
2023-03-15,600309.SH,97.5,98.23,96.5,96.75,102665,998265774
2023-03-16,600309.SH,98.28,99.68,97.01,97.42,100549,990066819
2023-03-19,600309.SH,97.9,99.5,96.91,97.08,109238,1069681583
2023-03-20,600309.SH,96.87,98.9,96.55,98.02,82920,813877705
2023-03-21,600309.SH,98.22,99.72,97.5,97.85,78276,771619807
2023-03-22,600309.SH,97.86,98.1,96.5,97.11,78148,758783849
2023-03-23,600309.SH,96.57,97.01,94.28,95.6,126104,1207404945
2023-03-26,600309.SH,95.8,96.86,94.5,94.88,121703,1158057272
2023-03-27,600309.SH,96.5,98.57,94.63,95.85,147250,1414476715
2023-03-28,600309.SH,97,97.73,94.68,94.98,79821,763894907
2023-03-29,600309.SH,94.88,96.5,94,96.43,87615,834820824
2023-03-30,600309.SH,96.6,97.97,95.45,95.88,109079,1054051889
2023-04-02,600309.SH,96.36,96.66,94.88,95.82,93115,889673007
2023-04-03,600309.SH,95.88,96,94.5,94.98,83804,795858029
2023-04-05,600309.SH,94.66,94.72,93.11,94.01,67564,634368638
2023-04-06,600309.SH,93.88,95.49,93.5,94.96,56831,537955400
2023-04-09,600309.SH,95,95.12,93.33,93.6,81538,764445338
2023-04-10,600309.SH,93.6,94.6,93.26,93.26,73271,686737868
2023-04-11,600309.SH,93.38,93.68,91.61,92.12,101386,934937366
2023-04-12,600309.SH,92.12,92.41,90.8,91.92,80212,734194962
2023-04-13,600309.SH,91.98,92.88,91.23,91.98,73791,679946879
2023-04-16,600309.SH,92.5,97.36,92.5,97.27,200460,1933439488
2023-04-17,600309.SH,96.66,98.38,96.58,98.13,113654,1109887419
2023-04-18,600309.SH,98.2,98.2,96.2,96.41,69587,673167240
2023-04-19,600309.SH,96.44,96.72,94.4,94.6,96782,921319551
2023-04-20,600309.SH,94.6,94.85,92.35,92.48,86335,806831546
2023-04-23,600309.SH,93.42,93.5,90.57,90.74,91393,833482623
2023-04-24,600309.SH,90.77,94.58,90.77,94.25,148933,1391737064
2023-04-25,600309.SH,94.3,94.35,91.7,91.73,76319,705857974
2023-04-26,600309.SH,91.74,94.28,91.12,93.5,75369,697973092
2023-04-27,600309.SH,92.92,94.17,91.84,92.18,67492,624692499
2023-05-03,600309.SH,91.89,92.18,89.53,90.05,156440,1410890711
2023-05-04,600309.SH,90.21,90.5,87.69,90.11,128221,1142238555
2023-05-07,600309.SH,89.89,90.55,88.29,89.41,106549,950555362
2023-05-08,600309.SH,89.5,91.1,88.72,89.75,84700,764127991
2023-05-09,600309.SH,89.8,91.6,89.75,89.89,67093,609308099
2023-05-10,600309.SH,89.99,90.11,88.3,89,54143,481749266
2023-05-11,600309.SH,88.99,89.83,87.42,87.75,83175,732838419
2023-05-14,600309.SH,87.22,88.77,86.53,88.55,74198,650150114
2023-05-15,600309.SH,89.15,89.3,88.2,88.58,52948,469548016
2023-05-16,600309.SH,88.43,89,87.36,87.49,56876,501499575
2023-05-17,600309.SH,87.54,88.05,86.6,87.11,61389,534488260
2023-05-18,600309.SH,86.81,88,85.9,87,69253,601312337
2023-05-21,600309.SH,87.96,89.09,86.9,88.9,59320,524286759
2023-05-22,600309.SH,89.18,89.18,87.8,87.8,43185,381394463
2023-05-23,600309.SH,87.81,89.1,86.98,87.71,91372,807959202
2023-05-24,600309.SH,87.2,87.75,86.32,86.72,60242,523201223
2023-05-25,600309.SH,85.97,86.57,85.2,86.27,44429,382088550
2023-05-28,600309.SH,86.27,87.25,83.52,83.71,148619,1252741620
2023-05-29,600309.SH,84.07,84.66,82.11,83.08,91450,758890814
2023-05-30,600309.SH,83.08,83.59,81.55,82.26,131240,1078860037
2023-05-31,600309.SH,82.27,84.42,82.09,82.2,108337,899508058
2023-06-01,600309.SH,82.5,85.15,82.42,84.44,128837,1082036841
2023-06-04,600309.SH,84.68,85,83.58,84.5,56895,479815411
2023-06-05,600309.SH,84.01,87.46,84,85.76,123477,1064645045
2023-06-06,600309.SH,86.06,87.25,84.8,84.8,68162,584353690
2023-06-07,600309.SH,85.61,87.16,85,86.97,81554,705619552
2023-06-08,600309.SH,87.8,88.36,86.39,87.35,96883,845356796
2023-06-11,600309.SH,87.35,89.6,86.91,88.65,91422,809565890
2023-06-12,600309.SH,88.5,89.94,88.2,89.62,87483,781709451
2023-06-13,600309.SH,89.88,92.3,89.75,90.46,104759,954543608
2023-06-14,600309.SH,90.54,91.77,89.83,91.6,73846,671131632
2023-06-15,600309.SH,91.59,92.43,90.87,91.29,77673,710765618
2023-06-18,600309.SH,91.29,92.22,90.85,91.9,78072,715568458
2023-06-19,600309.SH,92,93.19,90.51,90.71,86654,791381681
2023-06-20,600309.SH,90.39,91.38,89.74,89.74,72949,658793697
2023-06-25,600309.SH,88.5,89.48,87.76,88.83,111211,983795773
2023-06-26,600309.SH,88.83,89.88,88.34,89.4,76263,679204239
2023-06-27,600309.SH,89.47,90.15,88.23,88.75,66506,592138798
2023-06-28,600309.SH,89.5,89.52,87.27,87.9,73393,645153341
2023-06-29,600309.SH,87.9,88.44,87.14,87.84,67987,596963924
2023-07-02,600309.SH,87.85,89.2,87.18,87.58,104039,914938641
2023-07-03,600309.SH,87.68,87.96,86.78,87.4,76536,666666721
2023-07-04,600309.SH,87.06,87.6,86.09,86.33,70324,608348041
2023-07-05,600309.SH,86.58,86.83,85.34,85.92,71860,617453080
2023-07-06,600309.SH,85.5,86.05,85.09,85.41,47571,406981311
2023-07-09,600309.SH,85.41,87.95,85.16,87.3,80072,697928798
2023-07-10,600309.SH,88.08,89.84,87.29,89.5,92577,822064064
2023-07-11,600309.SH,89.54,91.58,88.89,90.85,112769,1024051225
2023-07-12,600309.SH,91.38,92,90.47,91.65,89597,819490115
2023-07-13,600309.SH,91.65,92.13,90.55,91.13,77318,704599160
2023-07-16,600309.SH,91.74,91.74,88.76,90.47,63017,565481779
2023-07-17,600309.SH,90.77,91.22,89.6,91,53420,484386450
2023-07-18,600309.SH,90.51,91.25,90.5,91.15,49744,452574734
2023-07-19,600309.SH,91.62,93.29,91.55,92.25,82318,762721467
2023-07-20,600309.SH,92.27,92.59,91.22,91.61,70263,645726481
2023-07-23,600309.SH,90.26,92.14,90.03,92,59064,540574181
2023-07-24,600309.SH,92.9,95.48,92.9,94.88,138234,1309610811
2023-07-25,600309.SH,94.88,95.3,94.37,95,69747,662673111
2023-07-26,600309.SH,95.4,95.4,94.21,94.66,54908,520384798
2023-07-27,600309.SH,94.01,96.06,93.98,95.71,159770,1525072523
2023-07-30,600309.SH,96.8,99.78,96.8,97.76,165410,1625504945
2023-07-31,600309.SH,97.2,99.2,96.9,97.6,86634,848423432
2023-08-01,600309.SH,97.88,97.98,96.46,97.05,45314,439609428
2023-08-02,600309.SH,97.28,97.33,96.11,96.65,56385,544737758
2023-08-03,600309.SH,97.27,98.28,96.11,96.54,62119,602705157
2023-08-06,600309.SH,96.75,97.18,96.01,96.94,61049,590386118
2023-08-07,600309.SH,96.51,97.79,96.01,97.04,53333,516425392
2023-08-08,600309.SH,96.48,97.45,96.35,96.96,45379,439596536
2023-08-09,600309.SH,96.92,97.6,95.59,96.75,60431,584536289
2023-08-10,600309.SH,97.22,97.23,95,95,76182,728994455
2023-08-13,600309.SH,93.23,95.17,93.1,94.39,85773,809085468
2023-08-14,600309.SH,94.46,94.92,93.53,94.63,50113,472995862
2023-08-15,600309.SH,93.97,94.39,93.21,93.73,64256,601963178
2023-08-16,600309.SH,93.26,93.78,92.2,93.17,73063,680168901
2023-08-17,600309.SH,92.9,93.29,91.8,91.8,81928,756588390
2023-08-20,600309.SH,91.01,92.93,90.8,91.49,90481,832390824
2023-08-21,600309.SH,92,93.68,91.61,93.04,83047,770596295
2023-08-22,600309.SH,92.7,93.41,91.16,91.46,77154,711932297
2023-08-23,600309.SH,91.3,93.56,91.3,92.88,73104,678391860
2023-08-24,600309.SH,92.22,93.68,92.15,92.8,65606,608786207
2023-08-27,600309.SH,96.5,97,93,93.3,122226,1159563120
2023-08-28,600309.SH,94.22,94.88,92.75,93.43,94656,886719882
2023-08-29,600309.SH,93.9,94.97,93.01,93.65,80317,754225477
2023-08-30,600309.SH,93.6,94.55,93.41,93.75,57317,537364037
2023-08-31,600309.SH,93.75,96.73,93.75,96.58,101935,979085294
2023-09-03,600309.SH,97.53,99.1,96.6,97.76,140068,1373996003
2023-09-04,600309.SH,97.18,97.8,96.5,97.15,52703,512051476
2023-09-05,600309.SH,96.86,97.5,96.2,96.53,45176,436963893
2023-09-06,600309.SH,96.53,97,95.4,96.11,56659,545365684
2023-09-07,600309.SH,96.08,96.19,94.25,94.55,41883,396950763
2023-09-10,600309.SH,94.58,95.75,94.31,94.63,50715,481573157
2023-09-11,600309.SH,94.55,95.13,94.12,94.31,47956,453483099
2023-09-12,600309.SH,95,95.96,94.12,94.36,56656,537002580
2023-09-13,600309.SH,95.09,95.19,93.58,94.01,63418,596302739
2023-09-14,600309.SH,94.37,94.5,92.18,92.84,68808,640950770
2023-09-17,600309.SH,92.79,93.62,92.06,93.1,57024,530348096
2023-09-18,600309.SH,93,93.3,91.56,92.8,64230,593471478
2023-09-19,600309.SH,92.81,93,91.44,91.72,44882,411860989
2023-09-20,600309.SH,91.33,91.96,91.09,91.12,63086,577257174
2023-09-21,600309.SH,91.01,93.23,90.72,93.19,101498,933620987
2023-09-24,600309.SH,93.79,93.79,91.3,91.43,86211,792243753
2023-09-25,600309.SH,90.8,91.68,90.8,91.12,54435,496303990
2023-09-26,600309.SH,91.12,91.47,88.66,89.21,130436,1168081108
2023-09-27,600309.SH,89.44,89.67,87.36,88.32,111354,983242919
2023-10-08,600309.SH,88,88.55,87.5,87.9,67734,595813848
2023-10-09,600309.SH,88.88,88.88,86.88,87.09,77824,681156760
2023-10-10,600309.SH,88.28,88.86,87.38,87.49,84493,743459576
2023-10-11,600309.SH,88.88,89.29,86.8,87.21,96283,845215213
2023-10-12,600309.SH,86.5,87.2,86.28,87.08,53215,461673399
2023-10-15,600309.SH,87,87.45,86,86.4,85167,737457184
2023-10-16,600309.SH,86.31,87.63,85.82,87.56,77118,671814565
2023-10-17,600309.SH,86.99,87.3,85.88,85.97,54790,473530611
2023-10-18,600309.SH,85.1,85.81,84.84,84.85,80863,688646645
2023-10-19,600309.SH,84.45,85.3,84.37,85,76724,651180500
2023-10-22,600309.SH,84.99,85,83.05,83.88,63184,530104804
2023-10-23,600309.SH,83.88,85,83.86,84.66,82505,697682925
2023-10-24,600309.SH,86.35,87.1,85.9,85.96,96977,838172693
2023-10-25,600309.SH,86.02,86.69,84.9,86.01,55685,477447232
2023-10-26,600309.SH,86,87.91,85.63,87.85,78388,683636767
2023-10-29,600309.SH,87.1,89.22,86.81,88.63,78559,693964761
2023-10-30,600309.SH,88.58,88.8,87.65,88.8,55056,486186685
2023-10-31,600309.SH,88.66,88.85,85.5,85.5,114378,989654881
2023-11-01,600309.SH,86.45,87.2,85.72,86.36,75501,653176879
2023-11-02,600309.SH,86.37,87.22,85.73,87.09,46232,401156683
2023-11-05,600309.SH,87.33,88.61,87.3,88.16,79429,698102755
2023-11-06,600309.SH,87.71,87.84,86.63,87.2,68060,592433870
2023-11-07,600309.SH,86.98,87,81.88,83.38,328420,2737518305
2023-11-08,600309.SH,82.58,85.27,82.4,84.96,197779,1671133459
2023-11-09,600309.SH,84.66,85.3,82.88,83.33,121529,1017814383
2023-11-12,600309.SH,83.48,83.72,82.52,83.1,92356,766722805
2023-11-13,600309.SH,83.26,83.98,82.01,82.68,101943,841974077
2023-11-14,600309.SH,83.18,83.83,82.47,83.3,105194,873683395
2023-11-15,600309.SH,83.29,83.29,82.2,82.35,76773,632777402
2023-11-16,600309.SH,82.2,82.54,81.26,82.3,118090,965732699
2023-11-19,600309.SH,82.5,82.88,81.6,82.3,86139,707632403
2023-11-20,600309.SH,82.5,83.85,82.35,82.73,133489,1109734001
2023-11-21,600309.SH,82.68,82.68,81.7,81.82,71358,585574883
2023-11-22,600309.SH,81.65,82.04,81.01,81.75,79807,650526417
2023-11-23,600309.SH,81.58,82.11,81.37,81.4,63599,519451466
2023-11-26,600309.SH,81.1,81.4,79.92,81.18,123555,995806118
2023-11-27,600309.SH,81.18,81.21,80.5,80.8,58008,468588750
2023-11-28,600309.SH,80.8,80.89,80.01,80.34,75310,605281462
2023-11-29,600309.SH,80.53,80.88,80.06,80.65,64244,516872988
2023-11-30,600309.SH,80.26,80.35,78.15,78.88,161763,1279827125
2023-12-03,600309.SH,79,79.56,78.22,79.25,81529,644861524
2023-12-04,600309.SH,79.69,79.69,77.74,77.77,86110,675306863
2023-12-05,600309.SH,77.51,78.02,76.95,77.1,114752,886553878
2023-12-06,600309.SH,77.1,77.77,75.88,75.98,116810,891136778
2023-12-07,600309.SH,75.97,76.35,75.51,76.19,116522,885044343
2023-12-10,600309.SH,75.56,76.9,74.85,76.61,100056,758314459
2023-12-11,600309.SH,76.5,76.5,75.4,76.17,89051,675606900
2023-12-12,600309.SH,76.08,76.09,73.47,73.66,159132,1181723859
2023-12-13,600309.SH,74.14,75.78,73.85,75.05,180788,1357954042
2023-12-14,600309.SH,75.35,76.66,74.91,75.16,119868,906443955
2023-12-17,600309.SH,75.16,76.25,73.95,75.87,101307,767285659
2023-12-18,600309.SH,75.32,75.84,74.9,75.8,67670,510334538
2023-12-19,600309.SH,75.81,76.49,75.57,75.83,84388,641943775
2023-12-20,600309.SH,75.57,77.15,75.25,76.68,102354,783084223
2023-12-21,600309.SH,77.05,77.42,76.01,77.37,89267,686063021
2023-12-24,600309.SH,77.38,77.89,77.02,77.65,54932,425650415
2023-12-25,600309.SH,77.61,77.67,76.35,76.83,54677,420103376
2023-12-26,600309.SH,76.83,77.56,75.88,76.2,86786,663490435
2023-12-27,600309.SH,76.6,78.39,76.3,78.2,124737,969219376
2023-12-28,600309.SH,78.2,78.59,76.71,76.82,136952,1058322144
2024-01-01,600309.SH,76.9,76.92,75.55,75.67,96389,732446071
2024-01-02,600309.SH,75.52,76,75,75.55,85718,646526316
2024-01-03,600309.SH,75.2,76.24,74.3,75.16,94172,705143734
2024-01-04,600309.SH,75,76.08,74.54,75.2,79455,598183119
2024-01-07,600309.SH,75,75.31,73.53,73.63,75435,558674190
2024-01-08,600309.SH,73.7,73.85,72.11,72.32,103765,754364587
2024-01-09,600309.SH,72.01,73.45,72,73,87547,638026618
2024-01-10,600309.SH,72.86,72.9,71.31,71.48,125806,902725736
2024-01-11,600309.SH,71.27,71.47,70.27,70.84,118520,840159169
2024-01-14,600309.SH,70.66,70.78,69.68,69.81,125433,879813017
2024-01-15,600309.SH,69.7,70.33,69.03,70.06,118083,823603775
2024-01-16,600309.SH,70.06,70.06,67.7,67.7,141453,969778391
2024-01-17,600309.SH,67.35,69.96,66.78,69.81,180312,1224832350
2024-01-18,600309.SH,69.47,70.44,69.01,70.2,133997,936363648
2024-01-21,600309.SH,70.14,71.29,68.17,69.17,222455,1560668984
2024-01-22,600309.SH,69.17,70.11,68.65,69.62,99872,693491222
2024-01-23,600309.SH,70.45,70.49,68.75,70.3,102873,717814151
2024-01-24,600309.SH,70.64,72.31,70.05,72.09,118143,844986929
2024-01-25,600309.SH,71.8,73.45,71.75,73,118426,863137559
2024-01-28,600309.SH,73.38,73.93,72.7,72.7,89999,658976919
2024-01-29,600309.SH,72.39,72.83,70.87,71.24,94995,679663865
2024-01-30,600309.SH,71.2,71.7,69.67,69.69,101779,714918065
2024-01-31,600309.SH,70.04,71.1,69.61,70.21,121272,854375251
2024-02-01,600309.SH,70.65,70.65,66.81,67.71,197405,1354308834
2024-02-04,600309.SH,68.45,71.2,68.3,70.01,317070,2217115854
2024-02-05,600309.SH,70.01,72.66,69.66,72.3,279209,1993820669
2024-02-06,600309.SH,72.3,73.48,71.45,73.35,247918,1805372248
2024-02-07,600309.SH,73.54,75.31,73.38,74.54,230214,1714969672
2024-02-18,600309.SH,75.5,75.66,73.94,74.61,140315,1047351829
2024-02-19,600309.SH,74.62,75.18,73.99,74.96,121954,911707010
2024-02-20,600309.SH,74.88,79.3,74.63,78.03,211499,1636363503
2024-02-21,600309.SH,77.82,78.99,77.42,78.8,123665,969002616
2024-02-22,600309.SH,78.41,79.1,77.37,77.62,105571,823453405
2024-02-25,600309.SH,77.63,78,76.38,76.8,97433,750760353
2024-02-26,600309.SH,76.8,78.36,76.68,78.31,127086,990037795
2024-02-27,600309.SH,78.61,79.25,77.71,77.79,115949,907952107
2024-02-28,600309.SH,77.69,79.61,77.64,79.55,143678,1134659756
2024-02-29,600309.SH,79.2,79.52,78.6,78.73,101938,804414288
2024-03-03,600309.SH,78.67,78.8,75.9,76.14,216447,1660091765
2024-03-04,600309.SH,75.6,77.07,75.45,76.87,160290,1224540603
2024-03-05,600309.SH,76.87,77,75.82,75.95,89462,682632732
2024-03-06,600309.SH,75.95,77.24,75.88,77,111431,855282980
2024-03-07,600309.SH,76.76,77.69,76.68,77.18,98988,763741268
2024-03-10,600309.SH,77.26,77.87,76.86,77.42,98188,758722726
2024-03-11,600309.SH,77.71,79.5,77.02,79.02,181003,1417982755
2024-03-12,600309.SH,79.2,79.46,77.6,78.25,104668,819591513
2024-03-13,600309.SH,78.26,78.49,77.01,77.29,95341,739185030
2024-03-14,600309.SH,77.29,78.5,76.64,78.29,109686,850073084
2024-03-17,600309.SH,78.3,79.26,77.77,78.99,102679,808770005
2024-03-18,600309.SH,78.6,79.08,76.73,78.58,128401,1003854789
2024-03-19,600309.SH,78.19,78.93,77.77,77.88,87323,683087895
2024-03-20,600309.SH,78.2,78.3,77.07,77.2,87387,676768938
2024-03-21,600309.SH,77.03,77.5,76.11,77.24,103741,797360025
2024-03-24,600309.SH,77.24,78.9,77.05,78.24,142508,1113332860
2024-03-25,600309.SH,78.1,80.1,78.03,80.01,152009,1203167758
2024-03-26,600309.SH,79.99,81.5,79.22,79.74,174824,1410525317
2024-03-27,600309.SH,79.5,81.49,79.25,80.45,119068,957028948
2024-03-28,600309.SH,80.4,83,80.4,82.8,144184,1186856152
2024-03-31,600309.SH,83.4,86.12,83.31,84.55,193533,1641734815
2024-04-01,600309.SH,84.5,85.98,84.2,85,112408,957275439
2024-04-02,600309.SH,84.88,85.47,84.05,84.9,98814,837823521
2024-04-07,600309.SH,84.91,87.46,84.65,87,201503,1743628069
2024-04-08,600309.SH,86.99,88.66,86.35,86.9,180637,1574904870
2024-04-09,600309.SH,86.99,87.59,86.38,87.42,126110,1100585770
2024-04-10,600309.SH,86.88,87.53,86,86.8,114491,995052873
2024-04-11,600309.SH,86.5,86.94,85.48,86.11,139204,1197344654
2024-04-14,600309.SH,86.1,88.49,86.03,88,173722,1524071053
2024-04-15,600309.SH,87.94,88.63,86.73,87,150895,1322053316
2024-04-16,600309.SH,86.95,87.5,86.2,87.08,104412,906349938
2024-04-17,600309.SH,86.87,88.6,86.23,87.21,118307,1036479456
2024-04-18,600309.SH,87,87.55,85.63,86.55,136851,1187246131
2024-04-21,600309.SH,85.55,87.5,85.16,86.29,140806,1220295471
2024-04-22,600309.SH,86,86.48,84.17,84.5,118534,1005637670
2024-04-23,600309.SH,85.25,85.25,83.77,84.43,87000,733521619
2024-04-24,600309.SH,84.37,84.95,83.58,84.5,88403,745076622
2024-04-25,600309.SH,84.48,87.49,84.44,86.74,165541,1428141212
2024-04-28,600309.SH,86.74,92.64,86.5,89.85,247390,2235660969
2024-04-29,600309.SH,90.31,91.11,89.1,89.1,98232,883841131
2024-05-05,600309.SH,91,92.51,90.12,91.94,200196,1837778837
2024-05-06,600309.SH,91.86,92.5,91.68,91.96,104735,963849193
2024-05-07,600309.SH,91.97,92.3,90.46,90.87,90706,824370879
2024-05-08,600309.SH,90.38,90.86,89.19,90.33,131995,1189178182
2024-05-09,600309.SH,90.4,91.4,89.5,90.22,110644,997034122
2024-05-12,600309.SH,89.9,91.35,89.28,90.6,99944,905643533
2024-05-13,600309.SH,90.63,90.94,89.38,89.67,85480,768960139
2024-05-14,600309.SH,89.66,90.1,88.01,88.7,85874,762771204
2024-05-15,600309.SH,88.68,89.26,87.86,88.75,97363,861707451
2024-05-16,600309.SH,88.3,90.08,88.3,90.06,100873,901145081
2024-05-19,600309.SH,90.5,91.59,88.79,89.83,127766,1151088807
2024-05-20,600309.SH,89.51,89.8,88.12,88.6,79245,704230736
2024-05-21,600309.SH,89.48,92.22,89.2,91.28,222423,2026540993
2024-05-22,600309.SH,90.79,90.84,88.8,89.09,115112,1028858521
2024-05-23,600309.SH,88.81,89.45,88.03,88.71,110292,978103383
2024-05-26,600309.SH,88.43,90.85,88.4,90.54,108152,974601118
2024-05-27,600309.SH,90.54,91.01,90.01,90.12,74346,671866254
2024-05-28,600309.SH,89.85,91.26,89.85,90.43,88146,799879292
2024-05-29,600309.SH,90.43,92.18,88.45,88.87,140117,1261862602
2024-05-30,600309.SH,89.88,89.88,87.4,87.55,117406,1034548711
2024-06-02,600309.SH,87.25,87.95,86.8,87.22,97822,853371080
2024-06-03,600309.SH,87.18,88.75,87.01,88.1,86283,761120086
2024-06-04,600309.SH,88.5,88.53,87.66,88.14,51998,458337869
2024-06-05,600309.SH,88.2,90.28,88.14,88.8,98514,879520991
2024-06-06,600309.SH,89.71,89.8,87.5,87.99,75729,668137933
2024-06-10,600309.SH,88.18,88.65,87.04,88.3,73562,646381076
2024-06-11,600309.SH,88.31,88.49,85.77,86.65,117532,1018061590
2024-06-12,600309.SH,86.78,86.85,85.01,85.76,101181,867162741
2024-06-13,600309.SH,85.53,87.15,83.92,86.47,154342,1318115955
2024-06-16,600309.SH,86.15,87.08,85.37,85.75,99565,856106648
2024-06-17,600309.SH,85.81,86.05,84.61,85.13,75875,646095027
2024-06-18,600309.SH,85.12,85.3,83.77,84.2,118025,993727389
2024-06-19,600309.SH,84.21,85.6,83.94,84.04,88540,747826012
2024-06-20,600309.SH,84.04,84.3,82.51,83.3,94079,783077014
2024-06-23,600309.SH,83.4,84.47,82.47,84.28,113689,950428470
2024-06-24,600309.SH,84.68,86.25,83.85,85.78,132209,1130044495
2024-06-25,600309.SH,85.48,85.8,84.66,85.39,82364,703111210
2024-06-26,600309.SH,85.1,85.45,82.07,83.1,182365,1515362316
2024-06-27,600309.SH,82.81,83.33,80.86,80.86,190360,1554546092
2024-06-30,600309.SH,80.6,82.8,80.6,82.3,109442,898168984
2024-07-01,600309.SH,81.6,82.48,80.28,80.3,144156,1166205645
2024-07-02,600309.SH,80.3,81.28,80.13,80.42,74683,602036300
2024-07-03,600309.SH,80.85,81.17,79.4,81.01,103398,832074345
2024-07-04,600309.SH,80.91,81.3,79.81,81.1,93077,750107667
2024-07-07,600309.SH,80.62,80.63,79.2,79.24,96050,765209507
2024-07-08,600309.SH,79.2,79.48,78,78.58,111467,876192561
2024-07-09,600309.SH,78.42,79.36,77.4,77.75,87812,685361002
2024-07-10,600309.SH,78.13,81.33,77.76,80.53,145118,1161792930
2024-07-11,600309.SH,81.3,83.95,81,83.32,163353,1353422384
2024-07-14,600309.SH,83.5,83.75,81.31,81.6,99133,813363082
2024-07-15,600309.SH,81.45,82.48,81.25,81.77,80404,658638150
2024-07-16,600309.SH,81.78,82.53,79.5,82.31,117961,959122449
2024-07-17,600309.SH,82.33,82.38,80.58,81.78,110674,900209942
2024-07-18,600309.SH,81.57,82.97,80.61,82.54,136021,1115766374
2024-07-21,600309.SH,82.54,82.8,80.7,81.63,113376,924297623
2024-07-22,600309.SH,81.61,81.88,79.6,79.7,96586,776693783
2024-07-23,600309.SH,80.51,80.66,78.78,79.29,72107,572899114
2024-07-24,600309.SH,79.2,80.57,78.02,78.5,92143,727806991
2024-07-25,600309.SH,78.9,80.3,78.52,79.31,107030,848241745
2024-07-28,600309.SH,79.38,79.53,77.49,77.58,72032,561622163
2024-07-29,600309.SH,77.5,77.95,74.38,75.16,150217,1133531847
2024-07-30,600309.SH,75.08,77.78,74.69,77.6,137458,1052841456
2024-07-31,600309.SH,77.5,77.62,74.18,74.25,197500,1482880158
2024-08-01,600309.SH,73.5,74.31,72.2,74,185326,1358650060
2024-08-04,600309.SH,73.21,74.2,72.28,72.3,141864,1034848345
2024-08-05,600309.SH,72.83,73.65,71.46,72.3,117389,849772117
2024-08-06,600309.SH,72.15,73.98,72.02,73.49,147294,1081861331
2024-08-07,600309.SH,73.49,77.18,73.49,76.5,209535,1588036467
2024-08-08,600309.SH,76,76.75,75.28,75.61,99008,751615383
2024-08-11,600309.SH,75.22,75.68,74,74.92,70078,525433919
2024-08-12,600309.SH,74.52,74.68,71.38,73.01,205134,1485519625
2024-08-13,600309.SH,73,73,69.81,70.8,228154,1611282277
2024-08-14,600309.SH,70.5,71.38,69.92,70.36,167196,1177921494
2024-08-15,600309.SH,70.28,71.34,69.65,70.71,125168,883872461
2024-08-18,600309.SH,70.62,71.93,70.18,70.61,112563,796770057
2024-08-19,600309.SH,70.46,71.13,69.4,69.81,113706,797054013
2024-08-20,600309.SH,69.93,70.58,69.39,70.11,78736,552460938
2024-08-21,600309.SH,70.1,70.5,69.55,69.9,69755,488430326
2024-08-22,600309.SH,69.7,71.26,69.52,70.56,98014,690393450
2024-08-25,600309.SH,70.58,70.97,69.18,69.8,111762,779293803
2024-08-26,600309.SH,69.6,69.9,69.17,69.55,70850,492867446
2024-08-27,600309.SH,69.55,70.18,69.19,69.48,73454,511421510
2024-08-28,600309.SH,69.62,71.29,69.18,70.82,121402,857526996
2024-08-29,600309.SH,70.88,74.21,69.8,73,200345,1456913726
2024-09-01,600309.SH,72.8,73.07,70.51,70.84,119912,854968057
2024-09-02,600309.SH,70.84,71.48,70.21,71.35,81048,576192617
2024-09-03,600309.SH,71,71.58,70.1,70.69,97006,685939865
2024-09-04,600309.SH,70.2,71.26,69.72,70.8,100809,710221051
2024-09-05,600309.SH,70.8,71.53,70.42,70.6,75826,537838980
2024-09-08,600309.SH,70.21,71.57,69.1,70.34,103733,727231154
2024-09-09,600309.SH,70.14,70.7,69.22,69.7,68861,480553714
2024-09-10,600309.SH,69.42,70.89,68.9,70.67,96064,674453392
2024-09-11,600309.SH,70.28,71.79,70.28,70.73,79977,568010555
2024-09-12,600309.SH,70.89,72.2,70.6,70.87,92360,659112329
2024-09-17,600309.SH,71,72.83,71,72.76,138093,996606810
2024-09-18,600309.SH,73,76.5,72.81,75.61,216324,1621504426
2024-09-19,600309.SH,75.5,75.74,74.5,75.67,133340,1002325469
2024-09-22,600309.SH,75.73,76.67,75.1,75.65,100788,764279877
2024-09-23,600309.SH,77.02,79,75.65,78.96,225201,1748571602
2024-09-24,600309.SH,80.54,81.56,77.57,77.72,246866,1960613393
2024-09-25,600309.SH,78.5,80.7,77.46,80.7,220233,1737918982
2024-09-26,600309.SH,82.4,85.99,82.4,85.41,213328,1797185998
2024-09-29,600309.SH,89.5,92.97,87.08,91.32,472789,4246617792
2024-10-07,600309.SH,100.4,100.4,91.12,93.75,544066,5184802475
2024-10-08,600309.SH,92,92,84.6,84.88,458295,4012286355
2024-10-09,600309.SH,84.98,88.45,84.74,85.45,275525,2382251322
2024-10-10,600309.SH,85.2,85.4,80.9,82,249783,2061659747
2024-10-13,600309.SH,82.5,83.5,81.18,81.93,335814,2753530004
2024-10-14,600309.SH,82.01,82.2,79.3,79.43,243053,1961056381
2024-10-15,600309.SH,78.81,80.18,78.67,78.84,188648,1496446555
2024-10-16,600309.SH,79.12,79.49,76.49,76.5,260470,2019271085
2024-10-17,600309.SH,76.33,79.5,75.61,78.22,307101,2382544097
2024-10-20,600309.SH,79,79.12,77.1,78.19,322370,2509087982
2024-10-21,600309.SH,78.28,80.23,77.89,78.89,287767,2279915651
2024-10-22,600309.SH,79.05,80.08,78.3,79.32,298038,2354891300
2024-10-23,600309.SH,79.1,79.1,76.92,77.4,264120,2049836115
2024-10-24,600309.SH,77.48,78.79,76.98,77.72,227121,1766392961
2024-10-27,600309.SH,77.73,80.5,77.73,79.6,431056,3425050034
2024-10-28,600309.SH,78.95,78.95,76.49,76.84,463609,3575505558
2024-10-29,600309.SH,76.6,77.36,75.88,75.98,239449,1827229220
2024-10-30,600309.SH,75.79,76.05,74.56,75.25,237520,1785797469
2024-10-31,600309.SH,75.27,77.77,75.01,76.51,321771,2467355478
2024-11-03,600309.SH,76.51,77.38,75.85,77.33,222049,1700974413
2024-11-04,600309.SH,77.1,79,76.53,78.88,313684,2451792435
2024-11-05,600309.SH,78.89,79.34,77.5,77.89,298053,2335423284
2024-11-06,600309.SH,77.05,79.55,76.88,79.55,316261,2487477625
2024-11-07,600309.SH,80.24,83.59,80.24,81.56,471875,3880527827
2024-11-10,600309.SH,80.35,81.26,79.58,80.87,274189,2201482497
2024-11-11,600309.SH,81.8,82.98,80.15,80.5,288344,2354548313
2024-11-12,600309.SH,79.65,80.5,79.58,79.91,167562,1338684220
2024-11-13,600309.SH,79.51,79.91,77.99,78.07,174972,1382547307
2024-11-14,600309.SH,78.07,78.86,76.8,76.99,188634,1460729289
2024-11-17,600309.SH,77,78.8,76,76.36,226835,1758091149
2024-11-18,600309.SH,76.7,77.2,76.2,77.13,134706,1034368855
2024-11-19,600309.SH,77,77.05,76,76.79,197162,1506098581
2024-11-20,600309.SH,77.13,77.24,76.26,76.68,141898,1088138601
2024-11-21,600309.SH,76.29,76.5,73.77,73.89,310177,2322443277
2024-11-24,600309.SH,73.89,74.44,72.46,73,179756,1318123553
2024-11-25,600309.SH,72.72,73.45,72.31,72.9,106052,772608555
2024-11-26,600309.SH,72.88,74.55,72.58,74.48,150981,1112405398
2024-11-27,600309.SH,74.09,74.67,73.65,73.91,111177,823603875
2024-11-28,600309.SH,74,75,73.09,74.29,174088,1292006144
2024-12-01,600309.SH,74.2,75.49,73.9,75.39,163287,1222202924
2024-12-02,600309.SH,75.38,75.44,74.62,75.06,123771,929377063
2024-12-03,600309.SH,75,75,73.25,73.4,237866,1751476253
2024-12-04,600309.SH,73.02,73.19,72,72.33,193947,1403492201
2024-12-05,600309.SH,72.35,73.98,72.35,73.63,173516,1273147759
2024-12-08,600309.SH,73.7,74.06,72.9,73.17,149046,1093121602
2024-12-09,600309.SH,75.15,76.1,74.16,74.38,322812,2432836597
2024-12-10,600309.SH,74.1,75.05,74,74.9,141125,1054360174
2024-12-11,600309.SH,74.86,76.64,74.58,76.35,259971,1978100953
2024-12-12,600309.SH,75.91,75.95,74.67,74.75,196938,1481925002
2024-12-15,600309.SH,74.75,75.24,73.37,73.52,131403,969344115
2024-12-16,600309.SH,73.35,75.68,73.23,75.11,192356,1440118980
2024-12-17,600309.SH,75.22,76.33,74.64,74.71,148571,1119392296
2024-12-18,600309.SH,74.33,74.78,73.73,74.26,83827,622577154
2024-12-19,600309.SH,74.27,74.47,73.36,73.69,128671,950533213
2024-12-22,600309.SH,73.68,74.97,73.63,74.13,134278,997574418
2024-12-23,600309.SH,74.14,75.4,73.88,74.89,155855,1167230325
2024-12-24,600309.SH,75,75,73.04,73.31,186454,1368456218
2024-12-25,600309.SH,73.31,73.4,72.58,73.08,167291,1218510502
2024-12-26,600309.SH,73.09,73.19,72.41,72.99,166676,1213350092
2024-12-29,600309.SH,72.88,73.98,72.65,72.85,186824,1364560297
2024-12-30,600309.SH,72.62,72.95,71.34,71.35,236276,1701804823
2025-01-01,600309.SH,71.35,71.35,69.4,69.72,257307,1802306993
2025-01-02,600309.SH,69.72,71.14,69.7,70.09,177044,1245937844
2025-01-05,600309.SH,70.12,70.71,69.68,70.26,143874,1008441515
2025-01-06,600309.SH,70.12,70.4,69.18,69.48,163240,1135935775
2025-01-07,600309.SH,69.48,69.48,67.77,68.2,224259,1536623215
2025-01-08,600309.SH,68.11,68.43,67.52,67.71,157824,1070717938
2025-01-09,600309.SH,67.82,68.1,65.9,65.9,235103,1566711407
2025-01-12,600309.SH,65.89,67.09,65.45,66.69,151597,1009839375
2025-01-13,600309.SH,66.69,67.99,66.28,67.81,178332,1199849052
2025-01-14,600309.SH,68,68.1,66.9,67.18,112574,757778308
2025-01-15,600309.SH,67.17,69,67.15,67.74,192765,1313245412
2025-01-16,600309.SH,67.65,69.29,67.45,68.61,185262,1271355509
2025-01-19,600309.SH,69.3,69.78,68.52,68.72,160453,1107796817
2025-01-20,600309.SH,69,69.05,67.04,67.52,188537,1280014165
2025-01-21,600309.SH,67.31,67.77,66.05,67.74,234111,1567964214
2025-01-22,600309.SH,68.03,68.75,67.92,68.06,171964,1175769416
2025-01-23,600309.SH,68.06,68.52,67.71,67.98,140464,956067253
2025-01-26,600309.SH,68,69,67.99,68.53,160294,1100951276
2025-02-04,600309.SH,68.59,68.8,67.2,67.73,131563,889112103
2025-02-05,600309.SH,67.67,67.78,66.5,67.12,219327,1469202522
2025-02-06,600309.SH,67,69.3,66.54,68.81,384058,2620665656
2025-02-09,600309.SH,69.2,71.6,69.05,71.3,358010,2530381700
2025-02-10,600309.SH,71.02,71.24,70.56,71.16,147779,1048583834
2025-02-11,600309.SH,71.17,71.86,70.83,71.45,177114,1263998358
2025-02-12,600309.SH,71.53,73.99,71.5,73.3,374381,2746674778
2025-02-13,600309.SH,72.99,72.99,70.22,70.46,400509,2834127707
2025-02-16,600309.SH,70.47,70.55,69.41,70.42,225465,1577628253
2025-02-17,600309.SH,69.93,71.34,69.7,69.96,221066,1559472976
2025-02-18,600309.SH,69.91,70.06,69.24,69.65,204892,1425610642
2025-02-19,600309.SH,69.45,69.45,68.12,68.55,258828,1774945246
2025-02-20,600309.SH,68.55,68.81,67.45,68.08,230947,1570895013
2025-02-23,600309.SH,67.8,68.67,67.7,68.1,191015,1302551121
2025-02-24,600309.SH,67.67,67.94,66.89,67.06,212913,1433608876
2025-02-25,600309.SH,67.24,68.5,67.24,68.35,222435,1512330311
2025-02-26,600309.SH,68.35,69.24,67.98,68.92,204996,1408102836
2025-02-27,600309.SH,68.9,70.59,68.66,68.81,265095,1845935129
2025-03-02,600309.SH,68.81,70.16,68.71,68.97,192872,1338464344
2025-03-03,600309.SH,68.61,68.97,67.91,68.41,157215,1074702207
2025-03-04,600309.SH,68.4,68.49,67.85,67.91,116492,793271666
2025-03-05,600309.SH,68.3,68.73,67.8,68.36,143345,977823173
2025-03-06,600309.SH,68.36,69.16,67.94,68.62,184586,1266970135
2025-03-09,600309.SH,68.62,69.69,68.15,69.2,166962,1151950526
2025-03-10,600309.SH,68.52,69.18,68.2,69.18,158259,1089387513
2025-03-11,600309.SH,69.18,69.3,67.8,67.83,283281,1931813295
2025-03-12,600309.SH,67.99,68.48,67.68,68.05,141441,963301547
2025-03-13,600309.SH,68.09,70.29,68,69.84,360473,2503513090
2025-03-16,600309.SH,70.25,71.77,70.23,70.8,237176,1682568391
2025-03-17,600309.SH,69.6,69.6,68.18,68.6,391946,2696882416
2025-03-18,600309.SH,68.38,69.98,68.36,69.31,223025,1541206482
2025-03-19,600309.SH,69.04,69.23,68.25,68.33,185016,1267459864
2025-03-20,600309.SH,68.26,68.78,67.36,67.4,223937,1520653911
2025-03-23,600309.SH,67.36,67.59,66.78,67.06,183655,1232604452
2025-03-24,600309.SH,67.1,68.55,66.7,68.48,249868,1695135415
2025-03-25,600309.SH,68.43,68.46,67.93,68.07,121132,826242468
2025-03-26,600309.SH,68.1,69,68.08,68.53,171346,1175685705
2025-03-27,600309.SH,68.54,68.94,67.54,67.71,141281,961766463
2025-03-30,600309.SH,68.09,68.55,67.07,67.21,152554,1032341865
2025-03-31,600309.SH,67.22,67.64,66.88,67.1,143216,961537575
2025-04-01,600309.SH,67.1,67.14,66.52,66.59,170743,1138587228
2025-04-02,600309.SH,65.59,66,65.4,65.74,195279,1282027368
2025-04-06,600309.SH,62.8,62.8,59.17,59.17,449230,2690489722
2025-04-07,600309.SH,60.2,60.25,57.88,60.25,435353,2564497619
2025-04-08,600309.SH,59.17,60.17,58.5,60.17,321193,1901363783
2025-04-09,600309.SH,61.48,61.49,60.01,60.88,266349,1614668280
2025-04-10,600309.SH,60.35,60.5,59.65,60.2,183921,1104271607
2025-04-13,600309.SH,60.24,60.45,59.31,59.45,241032,1443190393
2025-04-14,600309.SH,58.36,58.38,55.22,56.26,669616,3786280053
2025-04-15,600309.SH,56.27,56.3,54.56,55.35,419179,2306508494
2025-04-16,600309.SH,54.8,55.27,54.58,54.89,344153,1886854573
2025-04-17,600309.SH,54.91,55.05,54.6,54.99,208295,1141123562
2025-04-20,600309.SH,54.88,54.88,53.89,54.26,340944,1846389422
2025-04-21,600309.SH,54,54.55,53.89,54.08,233711,1266160407
2025-04-22,600309.SH,54.32,55.67,54.32,55.05,396007,2181218991
2025-04-23,600309.SH,55.17,55.17,54.22,54.45,211666,1156789126
2025-04-24,600309.SH,54.9,56.99,54.89,56.05,486825,2732540472
2025-04-27,600309.SH,56.05,56.05,55.13,55.19,221998,1228024948
2025-04-28,600309.SH,55.21,55.22,54.34,54.5,217374,1187177210
2025-04-29,600309.SH,54.4,55.13,54.3,54.44,167348,913866237
2025-05-05,600309.SH,54.88,55.1,54.5,55.06,266810,1465304422
2025-05-06,600309.SH,56,56.1,54.97,55.43,266258,1472900939
2025-05-07,600309.SH,55.02,55.7,54.88,55.45,204166,1130545201
2025-05-08,600309.SH,55.39,55.39,54.68,54.89,178435,980076941
2025-05-11,600309.SH,55.49,57.48,55.4,57.48,613487,3471603278
2025-05-12,600309.SH,58,58.1,56.78,56.96,338237,1934366297
2025-05-13,600309.SH,56.95,58.32,56.79,58.29,380971,2197206574
2025-05-14,600309.SH,58.03,58.42,57.28,57.43,246833,1424750124
2025-05-15,600309.SH,57.15,57.19,56.62,56.83,186263,1058923735
2025-05-18,600309.SH,56.83,56.94,56.15,56.75,143920,812312144
2025-05-19,600309.SH,56.66,57.09,56.31,56.81,142921,809859786
2025-05-20,600309.SH,56.54,57.06,56.51,56.66,128649,730480734
2025-05-21,600309.SH,56.6,56.6,56.04,56.16,130734,734940399
2025-05-22,600309.SH,56.22,57.05,56.06,56.08,215234,1216852905
2025-05-25,600309.SH,56.09,56.19,55.33,55.41,185026,1027702069
2025-05-26,600309.SH,55.43,55.53,54.9,54.95,142351,783581030
2025-05-27,600309.SH,55.11,55.14,54.88,54.91,96507,530381614
2025-05-28,600309.SH,54.98,55.53,54.65,55.53,143998,796409853
2025-05-29,600309.SH,54.88,54.88,53.92,54.14,150576,816807254
2025-06-02,600309.SH,54.06,54.38,54,54.14,121928,659767531
2025-06-03,600309.SH,54.14,54.62,54.01,54.42,115984,630350367
2025-06-04,600309.SH,54.5,54.58,54.08,54.26,156285,847090584
2025-06-05,600309.SH,54.28,55.79,54.25,54.88,243161,1338251343
2025-06-08,600309.SH,55.07,55.6,54.8,55.17,182018,1006101353
2025-06-09,600309.SH,55.18,55.38,54.31,54.63,207079,1136099133
2025-06-10,600309.SH,54.64,55.14,54.53,55.02,156005,856991167
2025-06-11,600309.SH,54.98,54.99,54.42,54.5,163103,889657833
2025-06-12,600309.SH,54.31,55.22,54,54.41,209051,1140459436
2025-06-15,600309.SH,54.36,54.85,54.01,54.13,189961,1029865494
2025-06-16,600309.SH,54.14,54.27,53.88,53.98,132341,714724436
2025-06-17,600309.SH,54.04,54.4,53.85,53.96,130096,702836938
2025-06-18,600309.SH,53.95,53.97,53.24,53.4,167777,898735384
2025-06-19,600309.SH,53.4,53.82,53.19,53.19,140224,749740935
2025-06-22,600309.SH,52.9,52.9,52.1,52.53,217469,1139767273
2025-06-23,600309.SH,52.54,53.3,52.49,53.24,237343,1259468987
2025-06-24,600309.SH,53.24,53.69,52.83,53.61,254327,1353280975
2025-06-25,600309.SH,53.52,53.79,53.16,53.17,201587,1078246700
2025-06-26,600309.SH,53.17,53.97,53.1,53.39,240337,1288194943
2025-06-29,600309.SH,53.39,54.32,53.23,54.26,242871,1304239908
2025-06-30,600309.SH,54.03,54.49,53.93,53.98,161937,876513676
2025-07-01,600309.SH,53.98,54.99,53.8,54.21,314324,1711321123
2025-07-02,600309.SH,54.22,54.98,54,54.56,263592,1438814699
2025-07-03,600309.SH,54.57,54.66,53.91,54.09,226736,1227791079
2025-07-06,600309.SH,54.09,54.98,53.93,54.3,186016,1013629821
2025-07-07,600309.SH,54.3,55.79,54.01,55.3,369203,2029457249
2025-07-08,600309.SH,55.33,55.44,54.36,54.44,265129,1456275326
2025-07-09,600309.SH,54.45,56.8,54.45,56.41,671779,3762519419
2025-07-10,600309.SH,56.18,56.52,55.72,55.72,401422,2254537236
2025-07-13,600309.SH,55.73,56.05,55.23,55.25,263070,1460498782
2025-07-14,600309.SH,55.25,55.45,54.5,55.02,245153,1346521691
2025-07-15,600309.SH,55,55.09,54.71,54.84,155577,853721374
2025-07-16,600309.SH,54.89,55.33,54.72,55.15,223018,1226093910
2025-07-17,600309.SH,55.52,59.96,55.31,59.72,1178913,6890873361
2025-07-20,600309.SH,59.99,60.35,59.01,59.94,628163,3745889113
2025-07-21,600309.SH,60.4,63.05,59.9,63.05,1030836,6350337983
2025-07-22,600309.SH,63,63.28,61.66,61.83,682328,4249336089
2025-07-23,600309.SH,61.25,62.71,61.24,62.51,510850,3177257419
2025-07-24,600309.SH,62.58,64.64,62.57,62.98,546336,3472865022
2025-07-27,600309.SH,62,62.96,61.55,62.6,398069,2482801867
2025-07-28,600309.SH,62.61,63.15,61.83,61.96,307875,1913612655
2025-07-29,600309.SH,62.56,64.95,62.52,63.84,662587,4246191622
2025-07-30,600309.SH,63.8,63.8,61.82,62.31,515265,3212418625
2025-07-31,600309.SH,61.4,61.88,60.66,60.92,393958,2409031446
2025-08-03,600309.SH,60.4,60.78,59.92,60.48,255821,1542540033
2025-08-04,600309.SH,60.58,61.25,60.5,60.99,227963,1387097185
2025-08-05,600309.SH,60.99,61.36,60.57,61.08,197459,1203819381
2025-08-06,600309.SH,61.19,61.55,60.24,60.62,224057,1360288911
2025-08-07,600309.SH,60.8,61.46,60.3,60.8,209182,1274273881
2025-08-10,600309.SH,61.07,61.8,61,61.46,263564,1621016974
2025-08-11,600309.SH,61.08,64.49,60.9,62.9,633870,4012831111
2025-08-12,600309.SH,62.91,63.16,62.31,62.98,313200,1966389031
2025-08-13,600309.SH,62.99,63.47,62.05,62.51,306674,1926487395
2025-08-14,600309.SH,62.15,63.65,62.1,62.99,309612,1953669004
2025-08-17,600309.SH,63.05,63.7,62.63,62.71,395254,2495070336
2025-08-18,600309.SH,62.9,64.2,62.13,62.19,381997,2402703045
2025-08-19,600309.SH,62.19,63.09,61.57,63.04,337233,2099294185
2025-08-20,600309.SH,63.16,66,63.16,65.6,785602,5120664924
2025-08-21,600309.SH,65.85,67.48,65.41,67.17,564038,3760039235
2025-08-24,600309.SH,67.25,68.77,66.6,68.17,513981,3486952395
2025-08-25,600309.SH,68.17,70.78,67.72,69.63,556443,3882807412
2025-08-26,600309.SH,69.64,70.24,68.05,68.05,487422,3365949645
2025-08-27,600309.SH,67.84,69.15,66.5,68.13,485337,3290573305
2025-08-28,600309.SH,68.14,69.12,68.06,68.6,361429,2479552152
2025-08-31,600309.SH,68.6,69.85,68,69.02,403277,2773074800
2025-09-01,600309.SH,69.02,69.21,66.95,67.27,385692,2614708907
2025-09-02,600309.SH,67.27,67.96,65.9,66.89,284233,1893545092
2025-09-03,600309.SH,66.09,66.6,63.78,64.69,502026,3259539630
2025-09-04,600309.SH,64.64,66.12,64.51,65.85,324338,2121994078
2025-09-07,600309.SH,65.88,69.93,65.77,69.6,630919,4328152174
2025-09-08,600309.SH,69.65,70.2,67.82,68.52,403633,2786129201
2025-09-09,600309.SH,67.84,68.38,66.96,67.54,244393,1651111480
2025-09-10,600309.SH,67.3,68.5,66.82,68.43,319295,2159602266
2025-09-11,600309.SH,68.44,68.71,67.1,67.79,263774,1787294117
2025-09-14,600309.SH,67.79,69.09,67.5,67.74,209925,1426753682
2025-09-15,600309.SH,67.81,68.05,66,66.61,284113,1893584287
2025-09-16,600309.SH,66.32,67.5,66.06,67.01,212182,1417532549
2025-09-17,600309.SH,67.02,67.08,65.35,65.88,314010,2079520749
2025-09-18,600309.SH,65.66,66.52,65.31,65.31,293063,1927303609
2025-09-21,600309.SH,65.22,65.22,63.51,64.1,287563,1842656030
2025-09-22,600309.SH,64.12,64.41,62.59,63.34,268883,1698997495
2025-09-23,600309.SH,63.06,63.92,63,63.68,215651,1367004947
2025-09-24,600309.SH,63.66,65.35,63.55,64.56,285236,1843083119
2025-09-25,600309.SH,64.48,64.87,63.9,64.01,209298,1347414871
2025-09-28,600309.SH,64.2,66.53,63.7,65.94,329372,2146263245
2025-09-29,600309.SH,65.88,66.86,65.26,66.58,293174,1938922281
2025-10-08,600309.SH,66.58,67.85,65.3,67.73,335340,2239007155
2025-10-09,600309.SH,67.5,68.8,66.66,67.73,328917,2233362070
2025-10-12,600309.SH,65.12,66.78,64.99,66.35,306094,2016781745
2025-10-13,600309.SH,66.54,67.45,64.54,64.77,306328,2010503834
2025-10-14,600309.SH,64.7,65.56,64.07,64.75,208857,1349772906
2025-10-15,600309.SH,64.82,64.82,62.55,62.99,351124,2226520884
2025-10-16,600309.SH,62.96,63.65,61.5,61.51,301346,1881115700
2025-10-19,600309.SH,62.03,62.03,60.61,60.86,259369,1584160052
2025-10-20,600309.SH,61.09,61.55,60.6,61.18,191259,1168646770
2025-10-21,600309.SH,61.2,61.58,60.81,61.34,158525,970840274
2025-10-22,600309.SH,61.24,62.8,60.85,62.73,225942,1399372560
2025-10-23,600309.SH,62.69,62.97,61.01,61.45,310696,1914812498
2025-10-26,600309.SH,62,63.3,61.81,62.49,367918,2306127005
2025-10-27,600309.SH,62.66,62.66,61.41,61.48,247704,1533333889
2025-10-28,600309.SH,61.4,62.45,61.03,61.99,269625,1663277296
2025-10-29,600309.SH,62,62.25,61.18,61.71,280867,1731886030
2025-10-30,600309.SH,61.88,63.33,61.87,62.63,311849,1957106824
2025-11-02,600309.SH,62.85,62.96,61.66,62.52,182918,1138186707
2025-11-03,600309.SH,62.35,62.85,61.11,61.6,189339,1170822739
2025-11-04,600309.SH,61.11,62.08,60.69,61.47,177936,1091721629
2025-11-05,600309.SH,61.3,62.45,61.3,61.7,205363,1270732054
2025-11-06,600309.SH,61.69,65.51,61.35,65.27,762160,4913339326
2025-11-09,600309.SH,66.2,68.78,66.15,67.86,786642,5331349256
2025-11-10,600309.SH,67.4,68.49,66.75,67.95,373545,2532261115
2025-11-11,600309.SH,68,68.5,67.23,67.77,299057,2029440035
2025-11-12,600309.SH,67.4,69.16,67.4,68.71,416458,2850195669
2025-11-13,600309.SH,67.4,68.28,65.8,65.8,504503,3370324226
2025-11-16,600309.SH,65.08,67.68,65.08,66.38,326431,2168091663
2025-11-17,600309.SH,66.4,66.76,65.02,65.4,234162,1534038477
2025-11-18,600309.SH,65.2,66,65,65.61,162993,1066332366
2025-11-19,600309.SH,65.97,66.47,64.18,64.3,207793,1354277927
2025-11-20,600309.SH,63.85,63.93,62.33,62.71,298715,1882363020
2025-11-23,600309.SH,63.43,63.65,62.26,62.79,242335,1524183129
2025-11-24,600309.SH,63,64.1,62.93,63.04,216535,1373230931
2025-11-25,600309.SH,63.06,63.88,62.82,63.7,168651,1069887337
2025-11-26,600309.SH,63.4,66.33,63.35,65.9,378089,2464210489
2025-11-27,600309.SH,65.89,67.98,65.85,67.12,388355,2604034649
2025-11-30,600309.SH,66.97,68.18,66.6,67.96,312903,2119991965
2025-12-01,600309.SH,67.8,68.09,66.9,67,205283,1383080399
2025-12-02,600309.SH,67.2,69.37,67.13,68.2,459658,3154902058
2025-12-03,600309.SH,68.07,68.8,67.26,67.68,191121,1295272723
2025-12-04,600309.SH,67.82,70.67,67.7,69.98,496446,3448828691
2025-12-07,600309.SH,70.2,70.7,69.38,69.97,329803,2308354611
2025-12-08,600309.SH,69.97,71,69,69.3,332061,2317657029
2025-12-09,600309.SH,68.97,69.43,67.9,69.3,238363,1635590847
2025-12-10,600309.SH,69.31,70.5,68.18,68.47,199392,1376722189
2025-12-11,600309.SH,68.47,68.81,67.53,68.47,225459,1533196022
2025-12-14,600309.SH,68.44,70.99,68,69.69,352824,2472877050
2025-12-15,600309.SH,69.55,70.19,67.98,70.07,280235,1936904686
2025-12-16,600309.SH,69.75,74.88,69.75,74.22,701134,5120844678
2025-12-17,600309.SH,74.23,76.99,73.85,75.54,506723,3846893662
2025-12-18,600309.SH,75.07,76.08,75.07,75.59,243168,1837134932
2025-12-21,600309.SH,75.59,76.19,75.11,75.79,264728,2004993169
2025-12-22,600309.SH,75.81,76.18,74.5,74.8,259293,1947346579
2025-12-23,600309.SH,74.98,77.37,74.86,77.07,346062,2645889117
2025-12-24,600309.SH,77.09,78.5,76.67,76.71,245153,1895398964
2025-12-25,600309.SH,76.6,78,75.7,76.98,271029,2080354351
2025-12-28,600309.SH,76.92,77.2,75.7,76.15,213800,1633554871
2025-12-29,600309.SH,75.5,77.99,75.02,77,266284,2041406061
2025-12-30,600309.SH,76.8,77.43,76.09,76.68,164028,1257774024
2026-01-04,600309.SH,77.2,78.81,76.23,77.33,261561,2019846152
2026-01-05,600309.SH,77.03,83.38,77.03,82.95,584611,4756657066
2026-01-06,600309.SH,82.25,83.66,81.4,81.93,323223,2667257099
2026-01-07,600309.SH,81.92,81.92,78.43,79.69,465476,3697350416
2026-01-08,600309.SH,80,80.61,78.41,79.35,333619,2643914244
2026-01-11,600309.SH,79.33,79.88,77.66,78.14,375752,2938767156
2026-01-12,600309.SH,78.08,80.13,77.77,78.76,355112,2805735943
2026-01-13,600309.SH,78.67,80.56,77.8,77.8,418676,3303436529
2026-01-14,600309.SH,77.5,80.94,77.31,79.46,399140,3189892339
2026-01-15,600309.SH,80.15,81.18,78,78.72,333612,2643212842
2026-01-18,600309.SH,77.9,82.79,77.39,82.4,507344,4113634694
2026-01-19,600309.SH,82.38,86.97,82.12,86.02,696986,5933750505
2026-01-20,600309.SH,86.2,86.69,83.8,84.08,473915,4009265975
2026-01-21,600309.SH,85.17,86.3,83.8,85.3,454922,3871705025
2026-01-22,600309.SH,85.64,86.46,83.8,84.25,397091,3361923595
2026-01-25,600309.SH,84.25,87.88,83.99,84.97,555122,4774097644
2026-01-26,600309.SH,84.95,87.48,83.53,84.7,447546,3817913823
2026-01-27,600309.SH,84.7,89.98,84.7,87.31,810652,7133732217
2026-01-28,600309.SH,88.1,89.97,86.19,87.6,611522,5361337053
2026-01-29,600309.SH,86.96,89.61,85.19,87.97,491902,4302762967
2026-02-01,600309.SH,86.6,86.96,79.58,80.33,828701,6826489709
2026-02-02,600309.SH,81.68,83.64,81.4,83.34,427001,3528261939
2026-02-03,600309.SH,83.8,85.2,82.98,84.8,312621,2631691799
2026-02-04,600309.SH,85.79,86.39,82.5,83.61,272272,2289647442
2026-02-05,600309.SH,81.94,88.46,81.52,86.7,543633,4686433762
2026-02-08,600309.SH,86.85,88.3,85.66,87.02,342524,2970495575
2026-02-09,600309.SH,86.66,86.66,84.03,86,322745,2749263215
2026-02-10,600309.SH,85.59,89.88,84.78,88.85,497910,4406263055
2026-02-11,600309.SH,88.8,89.52,87.7,88,276028,2440345108
2026-02-12,600309.SH,87.01,87.06,84.65,84.96,342402,2929119601
2026-02-23,600309.SH,86.38,87.39,84.77,87.25,296402,2561819197
2026-02-24,600309.SH,87.88,92.24,87.8,89.71,631195,5724902977
2026-02-25,600309.SH,89.69,92.28,89.26,90.02,416391,3769636852
2026-02-26,600309.SH,90.02,94.28,89.92,93,467425,4319534829
2026-03-01,600309.SH,93.1,95.2,91.88,94.32,513071,4802574204
2026-03-02,600309.SH,95,95.45,90.8,91.09,495287,4586923472
2026-03-03,600309.SH,89.06,90.26,87.24,88.46,441947,3911974654
2026-03-04,600309.SH,89.99,90.45,87.69,89.2,300582,2671502348
2026-03-05,600309.SH,88.65,93.48,87.6,93,380446,3482623084
2026-03-08,600309.SH,93.99,97,89.01,89.96,693148,6380575819
2026-03-09,600309.SH,88.03,89.2,87,88.21,424174,3728419308
2026-03-10,600309.SH,88.21,90.3,84.68,89.45,616565,5358350395
2026-03-11,600309.SH,89.41,90.3,86.5,86.6,529755,4670125122
2026-03-12,600309.SH,86.31,87.98,84.17,84.5,491371,4217892403
2026-03-15,600309.SH,84.1,84.2,78.12,79.43,798539,6392087321
2026-03-16,600309.SH,79.96,82.49,79.88,80.15,436747,3553075232
2026-03-17,600309.SH,80.2,80.88,79.05,80.66,276044,2205209469
2026-03-18,600309.SH,80,80.55,78,78.43,352354,2780692476
2026-03-19,600309.SH,78.42,79.4,77,77,422530,3284093143
2026-03-22,600309.SH,75.43,76.97,73.36,75.01,450661,3388427257
2026-03-23,600309.SH,75.8,76.04,73.55,75.13,318628,2378062981
2026-03-24,600309.SH,76.35,79.34,76.3,78.45,380639,2978711609
2026-03-25,600309.SH,78,80.89,77.6,79.23,336462,2676734858
2026-03-26,600309.SH,78,80.84,77.84,79.98,279932,2234880704
2026-03-29,600309.SH,78.96,80.75,78.9,80.61,262408,2098536143
2026-03-30,600309.SH,80.71,81.2,79.22,79.45,186981,1496956751
2026-03-31,600309.SH,80.9,83.42,80.9,82.87,369321,3038997203
2026-04-01,600309.SH,82.61,83.46,81.9,82.71,219189,1813007948
2026-04-02,600309.SH,83.3,84.28,82.03,82.38,249403,2074026347
2026-04-06,600309.SH,81.8,86.78,81.8,86.27,423610,3622170690
2026-04-07,600309.SH,85,87.01,83.99,86.44,382499,3300166832
2026-04-08,600309.SH,85.91,87.8,85.59,87.59,296315,2577943443
2026-04-09,600309.SH,87.86,89.6,87,89.07,291277,2586887355
2026-04-12,600309.SH,89.07,93.14,88.34,92.2,418485,3803998028
2026-04-13,600309.SH,92.04,92.19,89.06,90.68,402115,3622533110
2026-04-14,600309.SH,89.99,90.98,88.04,89.08,366895,3276216608
2026-04-15,600309.SH,89,91.36,88.89,90.1,267474,2412895943
2026-04-16,600309.SH,89.5,90.2,87.5,87.77,343329,3031170740
2026-04-19,600309.SH,87.5,88.98,86.67,87.54,298399,2614408235
2026-04-20,600309.SH,87.47,88.54,83.04,87.49,422915,3635681090
2026-04-21,600309.SH,87.49,89.75,87.09,87.7,314230,2778260860
2026-04-22,600309.SH,87.7,88.9,86.01,87.65,347921,3051947058
2026-04-23,600309.SH,88.1,90.63,88,89.54,387590,3473108539
2026-04-26,600309.SH,89.5,90.92,88.5,88.97,294399,2634623688
2026-04-27,600309.SH,88.5,90.34,88.4,89.48,254553,2275476215
2026-04-28,600309.SH,89.05,90.45,88.53,90.35,305665,2750184474
2026-04-29,600309.SH,90,90.71,88.51,89.54,232585,2081560109
2026-05-05,600309.SH,89.56,89.77,86.7,89.73,359324,3170217046
2026-05-06,600309.SH,88.66,88.99,83.8,84.8,695208,5937402973
2026-05-07,600309.SH,84.8,85.38,83.41,83.6,325571,2734113727
2026-05-10,600309.SH,83.61,84.35,83.1,83.51,338044,2827899098
2026-05-11,600309.SH,83.48,84.16,82.55,83.29,276571,2303340312
2026-05-12,600309.SH,83.59,83.68,82.5,83.33,244474,2033189386
2026-05-13,600309.SH,83.25,85.65,81.9,81.99,347969,2908157712
2026-05-14,600309.SH,82.4,83.85,81.43,81.81,283048,2333925185
2026-05-17,600309.SH,81.3,81.33,79.13,79.9,347492,2780663355
2026-05-18,600309.SH,80.01,80.2,78.36,79.5,236105,1864504509
2026-05-19,600309.SH,79,79.99,78.03,79,256302,2023230555
2026-05-20,600309.SH,79.32,80.77,77.49,77.49,280952,2218851409
2026-05-21,600309.SH,78,78.5,76.83,77.99,219847,1709829983
2026-05-24,600309.SH,78.5,79.4,76.5,76.85,283844,2204057504
2026-05-25,600309.SH,76.5,77.78,76.1,77.58,273646,2105416487
2026-05-26,600309.SH,76.5,76.51,74.62,75.04,243043,1829629644
2026-05-27,600309.SH,75.04,75.7,72.83,73.85,309961,2288837276
2026-05-28,600309.SH,73.85,74.91,73.11,73.45,261798,1937863847
2026-05-31,600309.SH,73.41,76.44,72.59,75.85,446263,3361836513
2026-06-01,600309.SH,75.85,76,74.36,75.16,300968,2259564386
2026-06-02,600309.SH,75,75.08,73.01,74.17,372697,2751286793
2026-06-03,600309.SH,74.11,74.11,71.79,72.17,350261,2533279477
2026-06-04,600309.SH,72.18,74.68,71.51,72.46,370629,2714362441
2026-06-07,600309.SH,71.43,72.3,69.28,69.75,365739,2575197714
2026-06-08,600309.SH,70.01,70.25,68.34,69.25,308458,2127229573
2026-06-09,600309.SH,68.5,69.59,67.28,67.9,279505,1903384088
2026-06-10,600309.SH,68.53,68.9,65.9,67.15,332944,2228848680
2026-06-11,600309.SH,67.2,72.83,66.8,71.67,602114,4241418179
2026-06-14,600309.SH,73.52,76.48,72.13,73.5,631933,4696203608
2026-06-15,600309.SH,72.5,72.81,69.85,70.07,479165,3398996352
2026-06-16,600309.SH,70,71.12,69,70.79,332980,2328817794
2026-06-17,600309.SH,70.01,70.58,68.4,69.05,348314,2413398157
2026-06-21,600309.SH,69.12,74.5,68.32,74.3,633988,4575181113
2026-06-22,600309.SH,75.59,76.84,72.6,72.8,552641,4133551354
2026-06-23,600309.SH,72.8,76,72.78,74.7,482945,3616207876
2026-06-24,600309.SH,74.01,74.88,71.85,73.61,400889,2940657512
2026-06-25,600309.SH,73.6,75.2,70.93,71.79,352015,2557447882
2026-06-28,600309.SH,71.79,73,69.64,71.93,385794,2754967970
2026-06-29,600309.SH,71.01,71.39,67.28,68.41,621297,4257562768
2026-06-30,600309.SH,67.99,69.58,66,68.29,611325,4129163220
2026-07-01,600309.SH,67.61,70.61,67.55,68.6,450773,3117217148
2026-07-02,600309.SH,69.48,71,68.08,69.18,370634,2566962131
2026-07-05,600309.SH,69.19,73.48,68.45,71.02,471746,3358449959
2026-07-06,600309.SH,73.64,74.41,70.66,71.05,653530,4730950894
2026-07-07,600309.SH,71.5,72.23,69.68,70.02,399325,2825245786
2026-07-08,600309.SH,70.03,70.03,67.41,68.88,413759,2834034341
2026-07-09,600309.SH,68.5,70.16,66.73,68.71,410390,2820229907
2026-07-12,600309.SH,68.71,68.88,66.9,66.95,318228,2151046274
2026-07-13,600309.SH,66.7,69.8,66.48,69.6,377426,2585446821
2026-07-14,600309.SH,69,70.8,68.15,70.09,366456,2549250956
2026-07-15,600309.SH,69.69,70.8,68.24,68.36,357405,2467072314
2026-07-16,600309.SH,68.37,70.91,68.1,70.04,559047,3901730937
2026-07-19,600309.SH,70.07,71.99,68.88,71.99,603339,4274212919
2026-07-20,600309.SH,72,73,70.88,71.75,519522,3731768424
2026-07-21,600309.SH,71.01,74.7,71,74,543595,3990272129
2026-07-22,600309.SH,74,75.94,72.48,75.49,479172,3572897641
2026-07-23,600309.SH,75.35,75.9,73.57,73.75,340328,2534882955
2026-07-26,600309.SH,74.54,74.54,72.37,74.15,280322,2067192069
2026-07-27,600309.SH,74.15,74.6,72.52,74.2,281698,2070215966
2026-07-28,600309.SH,74.58,75.68,72.7,74.49,405257,3012142930
2026-07-29,600309.SH,74.15,76.57,74.1,76.56,437196,3314329353
2026-07-30,600309.SH,75.31,75.4,73.88,74.51,450426,3351676407
2026-08-02,600309.SH,74.28,75.93,73.21,75.3,339598,2543255217
2026-08-03,600309.SH,74.49,75.18,73.23,73.64,342856,2529617922
2026-08-04,600309.SH,73.2,74.58,72.63,74.45,339767,2511593591
2026-08-05,600309.SH,74.12,75.81,74,74.97,333198,2497312204
2026-08-06,600309.SH,74.97,76.8,74.58,75.72,351253,2664984747
2026-08-09,600309.SH,75.5,79.1,75.49,78.01,455399,3549393789
2026-08-10,600309.SH,78.04,79,75.62,75.65,390773,3013651281
2026-08-11,600309.SH,75.69,76.38,74.92,75.06,242213,1828287678
2026-08-12,600309.SH,74.76,74.77,73.05,73.11,350489,2580677326
2026-08-13,600309.SH,73.02,73.9,72.92,73.04,194273,1423528493
2026-08-16,600309.SH,73.21,73.6,72.48,73.13,287963,2100830033
2026-08-17,600309.SH,72.75,74.42,72.7,73.27,284311,2091955897
2026-08-18,600309.SH,73.01,74.48,72.9,73.89,306461,2259285686
2026-08-19,600309.SH,73.41,76.3,73.41,75.16,377171,2838887297
2026-08-20,600309.SH,75,75,73.52,73.98,230568,1706429325
2026-08-23,600309.SH,73.95,74.74,72.6,73.19,233401,1713140028
2026-08-24,600309.SH,74.03,75.43,72.52,72.87,406065,2998733819
2026-08-25,600309.SH,72.51,74.82,71.63,74.49,362093,2666540510
2026-08-26,600309.SH,74.26,76.76,74.01,75.92,364260,2744358759
2026-08-27,600309.SH,75.8,78.18,75.53,78.04,476221,3678448502
2026-08-30,600309.SH,78.25,78.51,75.31,76.32,445471,3396220087
2026-08-31,600309.SH,76.1,78.68,76,77.02,452199,3507788587
2026-09-01,600309.SH,77.3,77.6,75.05,75.18,309484,2341827520
2026-09-02,600309.SH,75.18,77.69,74.91,77.38,406780,3123573312
2026-09-03,600309.SH,77.66,79.28,77.18,77.66,362485,2830056610
2026-09-06,600309.SH,77.66,77.66,75.79,76.74,251211,1922126073
2026-09-07,600309.SH,76.7,78.81,76.25,78.09,329829,2572376892
2026-09-08,600309.SH,77.87,79.06,77.11,78.87,264449,2069157360
2026-09-09,600309.SH,78.99,78.99,76.9,77.15,246833,1916538673
2026-09-10,600309.SH,76.03,76.4,73.12,74.5,336738,2498857171
2026-09-13,600309.SH,74,74.39,72.58,73.51,240647,1765005715
2026-09-14,600309.SH,73.15,74.1,72.88,72.99,185045,1358266689
2026-09-15,600309.SH,73,73.21,69.1,70.78,506759,3581688452
2026-09-16,600309.SH,70,71.09,69.88,70.33,197873,1394348015
2026-09-17,600309.SH,70.33,71.15,69.93,71.15,287433,2028028765
2026-09-20,600309.SH,70.5,70.84,69.95,70.51,266405,1871962471
2026-09-21,600309.SH,70.6,71.19,70.16,70.66,219535,1551469005
2026-09-22,600309.SH,70.66,72.49,69.62,71.6,389831,2769707529
2026-09-23,600309.SH,71.21,71.28,69.23,69.45,294779,2061574030
2026-09-27,600309.SH,69.46,69.99,69,69.4,181574,1259915646
2026-09-28,600309.SH,69.4,69.4,67.01,67.66,267831,1814994889
2026-09-29,600309.SH,67.72,69.29,67.72,68.9,198767,1366019035
2022-08-16,600690.SH,23.65,24.52,23.5,24.32,319190,770079086
2022-08-17,600690.SH,24.29,24.33,23.84,24,203184,488746983
2022-08-18,600690.SH,23.94,24.45,23.93,24.31,217584,529030966
2022-08-21,600690.SH,24.1,24.79,24.07,24.4,243213,596450337
2022-08-22,600690.SH,24,24.43,23.82,24.26,225345,545836957
2022-08-23,600690.SH,24.27,24.48,23.93,24.3,264591,642810219
2022-08-24,600690.SH,24.4,24.49,24.07,24.46,130132,316146474
2022-08-25,600690.SH,24.57,24.6,24.08,24.33,147473,358423435
2022-08-28,600690.SH,24.15,24.75,24.08,24.57,155435,380969576
2022-08-29,600690.SH,24.77,25.45,24.76,25.4,472026,1190530667
2022-08-30,600690.SH,25.36,26.15,25.2,25.87,398628,1027254522
2022-08-31,600690.SH,25.87,26.7,25.79,26.21,526332,1387805778
2022-09-01,600690.SH,26.05,26.15,25.5,25.63,301107,773684374
2022-09-04,600690.SH,25.45,25.79,25,25.58,282180,717458675
2022-09-05,600690.SH,25.77,25.9,25.23,25.69,215235,549055857
2022-09-06,600690.SH,25.69,26,25.61,25.8,255509,660281840
2022-09-07,600690.SH,25.99,26.35,25.76,25.88,213112,554847069
2022-09-08,600690.SH,26.07,26.74,25.78,26.5,338631,895610648
2022-09-12,600690.SH,26.27,26.72,26.17,26.48,203952,540403163
2022-09-13,600690.SH,26.22,26.66,25.77,26.49,214265,565132816
2022-09-14,600690.SH,26.49,27.09,26.41,26.88,326493,877033703
2022-09-15,600690.SH,26.5,26.73,25.99,26.06,332751,872369666
2022-09-18,600690.SH,25.94,26.25,25.69,26.16,205753,535549078
2022-09-19,600690.SH,26.16,26.26,25.65,25.87,243265,629139273
2022-09-20,600690.SH,25.7,25.96,24.9,25.19,421284,1059702151
2022-09-21,600690.SH,24.89,24.95,24.25,24.56,343450,843236609
2022-09-22,600690.SH,24.72,24.92,24.26,24.5,251276,615750221
2022-09-25,600690.SH,24.11,25.2,24.11,24.95,327501,815639075
2022-09-26,600690.SH,24.7,25.69,24.7,25.6,242639,615234043
2022-09-27,600690.SH,25.35,25.8,25.12,25.3,254547,646696566
2022-09-28,600690.SH,25.62,25.64,24.8,24.94,286950,718878221
2022-09-29,600690.SH,25,25.19,24.65,24.77,267703,666209056
2022-10-09,600690.SH,25.22,25.26,24.71,24.81,268755,672530076
2022-10-10,600690.SH,24.95,25,24.5,24.84,186838,463268120
2022-10-11,600690.SH,24.85,25.01,24.03,24.99,164178,404037756
2022-10-12,600690.SH,24.81,24.96,24.07,24.19,197573,480796350
2022-10-13,600690.SH,24.26,25.2,24.24,24.64,267253,663317166
2022-10-16,600690.SH,24.77,24.77,24.2,24.43,224320,547403608
2022-10-17,600690.SH,24.51,25.14,24.51,24.77,256116,635732829
2022-10-18,600690.SH,24.7,24.94,23.44,23.51,350574,838179533
2022-10-19,600690.SH,23.25,23.88,23.18,23.38,234809,551958953
2022-10-20,600690.SH,23.5,23.65,22.99,23.08,214114,497911577
2022-10-23,600690.SH,22.91,23.28,22.1,22.16,368965,826279508
2022-10-24,600690.SH,22.52,22.59,21.96,22.08,265203,588537952
2022-10-25,600690.SH,22.05,22.37,21.61,21.79,321098,704828669
2022-10-26,600690.SH,21.8,22.13,21.61,21.7,297641,649959391
2022-10-27,600690.SH,21.8,21.95,21.19,21.3,263463,567256901
2022-10-30,600690.SH,21.52,21.71,20.71,20.8,437514,921096256
2022-10-31,600690.SH,21,21.45,20.75,21.45,458664,968374110
2022-11-01,600690.SH,21.29,22.13,21.1,21.86,468946,1018792330
2022-11-02,600690.SH,21.74,21.84,21.35,21.42,231802,499258261
2022-11-03,600690.SH,21.41,22.5,21.4,22.22,449429,992395939
2022-11-06,600690.SH,22.08,22.66,22.03,22.45,285876,640719576
2022-11-07,600690.SH,22.46,22.65,22.21,22.49,201607,451179036
2022-11-08,600690.SH,22.48,22.8,22.34,22.42,176530,397639636
2022-11-09,600690.SH,22.15,22.5,22.01,22.36,161701,360371374
2022-11-10,600690.SH,23.34,24.09,22.81,23.68,538107,1261451674
2022-11-13,600690.SH,24.33,25.06,23.9,24.04,580094,1420127481
2022-11-14,600690.SH,24,24.42,23.81,24.15,206156,498527351
2022-11-15,600690.SH,24.13,24.15,23.7,23.98,221602,529894129
2022-11-16,600690.SH,23.85,24.15,23.65,23.94,170558,406639895
2022-11-17,600690.SH,23.98,24.26,23.7,24.02,200332,481757344
2022-11-20,600690.SH,24.01,24.02,23.44,23.6,248723,587627922
2022-11-21,600690.SH,23.77,24.11,23.66,23.91,174105,415421237
2022-11-22,600690.SH,23.92,24.35,23.67,24,184445,443430268
2022-11-23,600690.SH,24.06,24.31,23.7,23.82,107728,257589205
2022-11-24,600690.SH,23.75,24.3,23.75,24.2,187806,453462026
2022-11-27,600690.SH,23.8,23.93,23.15,23.54,265219,620199665
2022-11-28,600690.SH,23.85,24.66,23.85,24.6,504848,1229472019
2022-11-29,600690.SH,24.49,24.79,24.29,24.53,209951,514097208
2022-11-30,600690.SH,24.85,25.06,24.31,24.49,295635,726268734
2022-12-01,600690.SH,24.34,24.48,23.73,24.02,304121,728956555
2022-12-04,600690.SH,24.3,24.9,24.02,24.79,335190,826713856
2022-12-05,600690.SH,24.54,25,24.5,24.79,184745,457227439
2022-12-06,600690.SH,24.78,24.99,24.49,24.54,197827,487838095
2022-12-07,600690.SH,24.56,24.69,24.27,24.6,194688,477220830
2022-12-08,600690.SH,24.8,25.49,24.6,25.45,410623,1032209249
2022-12-11,600690.SH,25,25.2,24.8,24.9,276370,690692150
2022-12-12,600690.SH,24.84,25.05,24.58,24.91,201160,500461578
2022-12-13,600690.SH,24.78,25.19,24.76,24.93,177260,442129641
2022-12-14,600690.SH,24.9,25.36,24.54,24.69,264472,655387031
2022-12-15,600690.SH,24.56,25,24.55,25,187232,465329199
2022-12-18,600690.SH,24.83,25.33,24.66,24.79,211235,525469813
2022-12-19,600690.SH,24.54,24.7,23.89,24.04,220582,534236841
2022-12-20,600690.SH,24.23,24.78,24.05,24.46,226062,553839240
2022-12-21,600690.SH,24.8,24.95,24.4,24.74,192620,476087005
2022-12-22,600690.SH,24.65,24.86,24.36,24.57,160640,394600091
2022-12-25,600690.SH,24.64,24.65,24.14,24.23,161147,392028426
2022-12-26,600690.SH,24.41,25.2,24.23,25.09,250403,623601478
2022-12-27,600690.SH,25.18,25.18,24.7,24.94,184723,460795072
2022-12-28,600690.SH,24.82,24.93,24.45,24.69,154765,381378518
2022-12-29,600690.SH,24.82,24.95,24.46,24.46,210691,518571750
2023-01-02,600690.SH,24.39,24.5,24.01,24.37,286575,695536556
2023-01-03,600690.SH,24.7,25.18,24.33,24.86,333035,828219278
2023-01-04,600690.SH,25.17,25.95,24.97,25.71,400156,1027120430
2023-01-05,600690.SH,25.72,25.94,25.36,25.64,327424,839578468
2023-01-08,600690.SH,25.75,25.87,25.5,25.56,177729,456134058
2023-01-09,600690.SH,25.46,26,25.43,25.75,156341,403378387
2023-01-10,600690.SH,25.75,26.28,25.55,26.08,249388,650940192
2023-01-11,600690.SH,26.06,26.18,25.6,25.74,233021,600195706
2023-01-12,600690.SH,25.9,26.4,25.66,26.39,286116,747021533
2023-01-15,600690.SH,26.38,27.45,26.3,27.22,431369,1163292060
2023-01-16,600690.SH,27.05,27.4,26.71,26.94,265448,714489764
2023-01-17,600690.SH,26.94,27.09,26.49,26.55,190788,508016969
2023-01-18,600690.SH,26.68,26.69,26.11,26.36,223566,587823837
2023-01-19,600690.SH,26.42,26.55,26.09,26.39,240186,633836252
2023-01-29,600690.SH,26.8,26.86,25.99,26.15,345948,913590877
2023-01-30,600690.SH,26.16,26.49,25.62,25.7,300740,778929036
2023-01-31,600690.SH,25.79,26.06,25.58,25.76,324429,834877970
2023-02-01,600690.SH,25.86,26.44,25.71,26.36,359769,941009581
2023-02-02,600690.SH,26,26.25,25.78,25.91,243615,631131222
2023-02-05,600690.SH,25.77,25.89,25.3,25.49,250153,636802060
2023-02-06,600690.SH,25.54,26.2,25.53,25.89,180401,467125075
2023-02-07,600690.SH,25.9,26.31,25.76,26.16,226232,591322885
2023-02-08,600690.SH,26.17,26.5,25.95,26.28,202424,531927248
2023-02-09,600690.SH,26.38,26.42,26.07,26.16,126402,331154998
2023-02-12,600690.SH,26,26.77,26,26.7,213801,568458710
2023-02-13,600690.SH,26.73,26.85,26.56,26.77,138317,369501671
2023-02-14,600690.SH,26.78,26.78,26.16,26.26,177969,468045600
2023-02-15,600690.SH,26.48,26.85,26.1,26.3,218545,580897439
2023-02-16,600690.SH,26.26,26.52,25.88,25.94,136794,358434761
2023-02-19,600690.SH,26.02,27.7,25.97,27.55,478859,1297709652
2023-02-20,600690.SH,27.6,27.69,27.23,27.6,205279,563984713
2023-02-21,600690.SH,27.4,27.6,27.15,27.41,176018,482378593
2023-02-22,600690.SH,27.4,27.85,26.99,27.14,226967,617575780
2023-02-23,600690.SH,27.1,27.14,26.39,26.54,277988,737616315
2023-02-26,600690.SH,26.3,26.51,25.91,26.24,235120,616273177
2023-02-27,600690.SH,26.28,26.55,25.93,26.31,263718,691343091
2023-02-28,600690.SH,26.3,26.65,25.43,26.17,418614,1098270440
2023-03-01,600690.SH,26.03,26.24,25.81,26,344867,896256745
2023-03-02,600690.SH,26.19,26.22,25.8,25.98,272954,708649099
2023-03-05,600690.SH,25.89,25.91,25.21,25.25,367383,932963552
2023-03-06,600690.SH,25.22,25.48,24.65,24.78,315288,789411676
2023-03-07,600690.SH,24.66,24.76,24.34,24.58,237555,583601469
2023-03-08,600690.SH,24.59,24.63,24.08,24.15,324874,788702227
2023-03-09,600690.SH,23.98,24.15,23.5,23.5,312846,742531053
2023-03-12,600690.SH,23.59,24.45,23.59,24.11,416401,1004497575
2023-03-13,600690.SH,24.08,24.1,23.3,23.58,325256,767125726
2023-03-14,600690.SH,23.86,23.92,23.56,23.7,238352,566071527
2023-03-15,600690.SH,23.5,23.83,23.46,23.71,156198,369935255
2023-03-16,600690.SH,23.83,23.96,23.32,23.38,308736,728263156
2023-03-19,600690.SH,23.41,23.63,23.05,23.08,297839,691827277
2023-03-20,600690.SH,23.19,23.95,23.09,23.83,316453,746995531
2023-03-21,600690.SH,23.87,24.09,23.38,23.48,267632,632234294
2023-03-22,600690.SH,23.45,23.62,23.3,23.4,206483,483604082
2023-03-23,600690.SH,23.4,23.56,23.15,23.48,250219,584722591
2023-03-26,600690.SH,23.5,23.71,23.22,23.36,292395,684595573
2023-03-27,600690.SH,23.41,23.5,23.1,23.41,271972,634061175
2023-03-28,600690.SH,23.49,23.56,23.25,23.49,267262,625551637
2023-03-29,600690.SH,23.51,24.39,23.37,24.22,504388,1206155376
2023-03-30,600690.SH,23.8,23.89,22.55,22.68,1304616,2967512085
2023-04-02,600690.SH,22.68,23.1,22.2,22.28,958728,2157500736
2023-04-03,600690.SH,22.39,22.41,21.57,22,734148,1610907512
2023-04-05,600690.SH,21.88,22.3,21.79,22.29,385396,851735498
2023-04-06,600690.SH,22.25,22.7,22.17,22.49,344160,773897680
2023-04-09,600690.SH,22.53,22.65,22.4,22.55,249744,562598360
2023-04-10,600690.SH,22.61,22.99,22.58,22.72,456447,1040531448
2023-04-11,600690.SH,23.5,23.5,22.77,22.99,494817,1136936682
2023-04-12,600690.SH,22.8,22.96,22.64,22.78,317425,722629086
2023-04-13,600690.SH,22.78,23.08,22.72,22.76,282967,646052063
2023-04-16,600690.SH,22.76,23.45,22.73,23.4,563768,1302519661
2023-04-17,600690.SH,23.27,23.64,23.21,23.52,405355,951352109
2023-04-18,600690.SH,23.43,23.5,22.8,22.93,411415,948058244
2023-04-19,600690.SH,22.93,23.65,22.88,23.49,550811,1287684462
2023-04-20,600690.SH,23.4,23.65,23.01,23.05,389940,909124174
2023-04-23,600690.SH,23.05,23.35,22.42,22.61,348782,794906843
2023-04-24,600690.SH,22.65,22.74,22.1,22.49,286415,640370527
2023-04-25,600690.SH,22.48,22.82,22.25,22.46,199785,449020624
2023-04-26,600690.SH,22.54,22.55,22.12,22.45,288791,644596468
2023-04-27,600690.SH,23.25,23.82,23.11,23.7,750115,1764836576
2023-05-03,600690.SH,23.78,23.95,23.46,23.5,409501,967784360
2023-05-04,600690.SH,23.53,23.75,22.51,22.6,434622,988312284
2023-05-07,600690.SH,22.63,22.7,22.12,22.38,361593,807414362
2023-05-08,600690.SH,22.32,22.69,22.17,22.26,347423,777457562
2023-05-09,600690.SH,22.29,22.83,22.17,22.64,274573,620263488
2023-05-10,600690.SH,22.59,22.9,22.33,22.37,221932,500646960
2023-05-11,600690.SH,22.38,22.84,22.3,22.41,283371,638355781
2023-05-14,600690.SH,22.66,22.67,22.03,22.45,346420,771068185
2023-05-15,600690.SH,22.45,22.46,22.21,22.32,212064,472854299
2023-05-16,600690.SH,22.25,22.37,22.05,22.09,226855,503270107
2023-05-17,600690.SH,22.04,22.44,21.9,22.09,278775,617919970
2023-05-18,600690.SH,22.07,22.9,21.85,22.38,419893,944302004
2023-05-21,600690.SH,22.38,23.15,22.33,23.11,398538,913253459
2023-05-22,600690.SH,23.02,23.15,22.85,22.93,238625,548791284
2023-05-23,600690.SH,22.9,22.91,22.28,22.29,276106,621365716
2023-05-24,600690.SH,22.21,22.39,22.15,22.28,167986,373746001
2023-05-25,600690.SH,22.31,22.35,21.82,22.16,209530,461706845
2023-05-28,600690.SH,22.25,22.53,21.81,21.92,307691,679259008
2023-05-29,600690.SH,21.92,22.07,21.4,21.7,326064,706559665
2023-05-30,600690.SH,21.75,21.75,21.2,21.48,301310,645681275
2023-05-31,600690.SH,21.48,21.7,21.25,21.46,235398,506276772
2023-06-01,600690.SH,21.6,22.85,21.5,22.75,691372,1550757489
2023-06-04,600690.SH,22.63,22.9,22.38,22.85,249641,566571854
2023-06-05,600690.SH,22.83,23.28,22.67,22.75,252433,579301261
2023-06-06,600690.SH,22.85,23.1,22.49,22.63,177767,404290459
2023-06-07,600690.SH,22.7,23.14,22.52,23,184185,421634932
2023-06-08,600690.SH,23.12,23.3,22.7,22.8,194183,444026090
2023-06-11,600690.SH,22.68,23.48,22.68,23.31,298099,691463439
2023-06-12,600690.SH,23.2,23.44,23,23.25,187571,434765400
2023-06-13,600690.SH,23.3,23.45,23.14,23.33,244940,571830217
2023-06-14,600690.SH,23.45,23.86,23.38,23.77,357695,848978214
2023-06-15,600690.SH,23.86,24,23.6,23.85,340031,811354486
2023-06-18,600690.SH,23.86,23.86,23.3,23.41,288019,674891296
2023-06-19,600690.SH,23.5,23.92,23.38,23.6,220646,521077904
2023-06-20,600690.SH,23.45,23.77,23.4,23.42,195676,461803208
2023-06-25,600690.SH,23.27,23.56,23.1,23.43,251772,588098806
2023-06-26,600690.SH,23.56,23.95,23.44,23.8,239849,569211732
2023-06-27,600690.SH,23.75,23.98,23.64,23.83,179092,426074470
2023-06-28,600690.SH,23.83,23.89,23.45,23.54,165351,390303111
2023-06-29,600690.SH,23.77,24.02,23.48,23.48,277094,655547216
2023-07-02,600690.SH,23.54,23.8,23.25,23.3,336219,788319134
2023-07-03,600690.SH,23.25,23.43,22.88,23.07,276014,636584343
2023-07-04,600690.SH,23.07,23.12,22.82,22.94,175796,403096002
2023-07-05,600690.SH,22.86,23.39,22.63,22.8,253020,580714086
2023-07-06,600690.SH,22.69,22.94,22.62,22.86,158299,360487772
2023-07-09,600690.SH,23,23.22,22.97,23.13,206935,477632150
2023-07-10,600690.SH,23.4,23.5,23.22,23.34,220415,514725090
2023-07-11,600690.SH,23.36,23.45,23.1,23.18,144908,336918806
2023-07-12,600690.SH,23.26,23.5,23.22,23.32,245731,574740409
2023-07-13,600690.SH,23.4,23.4,22.98,23.05,193375,446614321
2023-07-16,600690.SH,23.04,23.04,22.66,22.82,146886,334134639
2023-07-17,600690.SH,22.8,22.84,22.37,22.8,199444,450435580
2023-07-18,600690.SH,22.63,23.06,22.56,23.06,177356,404717646
2023-07-19,600690.SH,23.01,23.29,22.94,23.12,167025,386840849
2023-07-20,600690.SH,23,23.29,22.88,22.95,176657,406980118
2023-07-23,600690.SH,22.71,22.99,22.6,22.68,152710,347823729
2023-07-24,600690.SH,23,23.93,23,23.85,559111,1324427162
2023-07-25,600690.SH,23.8,23.97,23.67,23.89,167318,398374415
2023-07-26,600690.SH,23.88,24,23.56,23.62,187972,447353021
2023-07-27,600690.SH,23.62,24.6,23.6,24.45,484109,1173271669
2023-07-30,600690.SH,24.88,25.22,24.55,24.7,402359,998402000
2023-07-31,600690.SH,24.71,24.96,24.41,24.57,254334,625874022
2023-08-01,600690.SH,24.57,24.81,24.45,24.57,139715,343805585
2023-08-02,600690.SH,24.55,24.75,24.36,24.7,183489,450775022
2023-08-03,600690.SH,24.85,25.44,24.56,24.6,233563,579615555
2023-08-06,600690.SH,24.6,24.7,24.2,24.34,186822,454791376
2023-08-07,600690.SH,24.17,24.49,24.08,24.21,221601,537186915
2023-08-08,600690.SH,24.18,24.36,24.04,24.1,128666,310921236
2023-08-09,600690.SH,24.02,24.28,23.85,24.19,176155,424351045
2023-08-10,600690.SH,24.22,24.23,23.58,23.6,207794,494225305
2023-08-13,600690.SH,23.4,23.55,22.95,23.27,210516,488367103
2023-08-14,600690.SH,23.3,23.56,23.04,23.44,151148,352812752
2023-08-15,600690.SH,23.21,23.67,23.18,23.4,215856,505885675
2023-08-16,600690.SH,23.2,23.43,23.1,23.37,183656,427414893
2023-08-17,600690.SH,23.2,23.36,22.84,22.91,165022,379752621
2023-08-20,600690.SH,22.88,23,22.56,22.67,166926,380554042
2023-08-21,600690.SH,22.72,22.97,22.53,22.88,212801,483770916
2023-08-22,600690.SH,22.8,23.03,22.37,22.37,206645,466892801
2023-08-23,600690.SH,22.4,23.21,22.4,23,246371,565354465
2023-08-24,600690.SH,22.4,22.79,22.39,22.58,233261,526123261
2023-08-27,600690.SH,23.8,23.98,23.26,23.43,405721,953434331
2023-08-28,600690.SH,23.5,23.53,23.1,23.32,218903,510964501
2023-08-29,600690.SH,23.5,23.59,23.2,23.45,172724,405025571
2023-08-30,600690.SH,23.5,23.84,23.46,23.51,412739,976632818
2023-08-31,600690.SH,23.67,24.45,23.67,24.25,354837,859449362
2023-09-03,600690.SH,24.62,24.87,24.39,24.78,490204,1209563147
2023-09-04,600690.SH,24.68,24.79,24.55,24.72,160981,397627871
2023-09-05,600690.SH,24.59,24.78,24.35,24.61,205749,504501690
2023-09-06,600690.SH,24.59,24.6,24.33,24.49,141122,345177168
2023-09-07,600690.SH,24.44,24.44,24,24.25,127562,308637553
2023-09-10,600690.SH,24.35,24.45,24.04,24.12,134070,324439070
2023-09-11,600690.SH,24.18,24.28,24.04,24.13,146287,353449905
2023-09-12,600690.SH,24.18,24.26,23.98,24.04,159289,383828813
2023-09-13,600690.SH,24.19,24.19,23.9,24,177105,425037126
2023-09-14,600690.SH,24.14,24.19,23.66,23.85,204425,487691300
2023-09-17,600690.SH,23.8,23.93,23.51,23.86,124798,296950838
2023-09-18,600690.SH,23.91,24.07,23.63,24,126149,301355481
2023-09-19,600690.SH,23.97,24.19,23.82,24.11,173747,417613628
2023-09-20,600690.SH,24.11,24.16,23.83,23.93,141753,340233154
2023-09-21,600690.SH,24.08,24.35,23.85,24.23,270821,654993341
2023-09-24,600690.SH,24.48,24.48,23.97,24.01,169765,408750068
2023-09-25,600690.SH,23.91,24.13,23.76,23.87,151108,361394070
2023-09-26,600690.SH,24,24.18,23.78,23.92,182464,436713522
2023-09-27,600690.SH,23.93,24.05,23.54,23.6,217405,514729600
2023-10-08,600690.SH,23.55,23.79,23.32,23.37,169892,397894168
2023-10-09,600690.SH,23.58,23.64,22.96,23.16,192909,446912741
2023-10-10,600690.SH,23.37,23.42,22.9,23.08,152909,353634029
2023-10-11,600690.SH,23.42,23.45,23.14,23.26,120271,280025148
2023-10-12,600690.SH,23.02,23.23,22.95,23.02,118026,271848544
2023-10-15,600690.SH,23.12,23.22,22.78,22.82,164172,375995925
2023-10-16,600690.SH,22.85,23.17,22.71,23.08,158249,364050278
2023-10-17,600690.SH,22.97,23.22,22.92,23.15,139482,322563845
2023-10-18,600690.SH,23.05,23.08,22.61,22.62,176355,401690550
2023-10-19,600690.SH,22.5,22.65,22.4,22.48,135755,305496746
2023-10-22,600690.SH,22.48,22.65,22.09,22.23,133809,298662122
2023-10-23,600690.SH,22.35,22.52,21.93,22.08,231878,512499895
2023-10-24,600690.SH,22.31,22.44,21.98,22.14,248263,550875132
2023-10-25,600690.SH,22.24,22.32,21.98,22.31,118293,262766317
2023-10-26,600690.SH,22.26,22.74,22.19,22.64,152411,343154978
2023-10-29,600690.SH,22.5,22.62,22.26,22.42,249417,558972539
2023-10-30,600690.SH,22.49,22.49,21.96,22.22,304854,675225999
2023-10-31,600690.SH,22.18,22.37,21.99,22.28,203535,452357495
2023-11-01,600690.SH,22.4,22.7,22.3,22.43,177143,398149900
2023-11-02,600690.SH,22.49,22.65,22.45,22.61,183432,413856567
2023-11-05,600690.SH,22.68,22.7,22.21,22.61,353494,793934743
2023-11-06,600690.SH,22.5,22.51,22.32,22.43,180096,403330357
2023-11-07,600690.SH,22.35,22.47,22.2,22.33,188605,421062000
2023-11-08,600690.SH,22.33,22.48,22.23,22.28,153223,342002237
2023-11-09,600690.SH,22.2,22.4,22.16,22.32,145558,324511842
2023-11-12,600690.SH,22.33,22.35,21.7,21.82,381370,833947447
2023-11-13,600690.SH,21.83,22.2,21.81,22.13,241977,534266950
2023-11-14,600690.SH,22.31,22.5,22.2,22.47,170696,382372917
2023-11-15,600690.SH,22.4,22.53,22.24,22.36,115073,257460816
2023-11-16,600690.SH,22.27,22.4,22.05,22.22,155459,344657982
2023-11-19,600690.SH,22.25,22.65,22.1,22.5,246370,552430672
2023-11-20,600690.SH,22.65,22.78,22.5,22.55,161586,365462929
2023-11-21,600690.SH,22.43,22.56,22.32,22.4,95250,213735616
2023-11-22,600690.SH,22.35,22.53,22.2,22.45,132379,296242955
2023-11-23,600690.SH,22.5,22.62,22.42,22.49,124642,280558901
2023-11-26,600690.SH,22.29,22.4,21.79,21.97,294816,648242361
2023-11-27,600690.SH,21.97,22.28,21.87,22.25,179261,396326614
2023-11-28,600690.SH,22.25,22.29,21.81,21.96,170778,375111712
2023-11-29,600690.SH,22.1,22.25,21.84,22.12,184960,409029056
2023-11-30,600690.SH,22.18,22.2,21.35,21.45,407505,878010354
2023-12-03,600690.SH,21.4,21.43,21.16,21.25,182683,388850660
2023-12-04,600690.SH,21.27,21.29,20.88,20.9,219615,461998047
2023-12-05,600690.SH,20.86,21.02,20.72,20.84,153187,319722269
2023-12-06,600690.SH,20.85,20.98,20.65,20.85,206921,430952445
2023-12-07,600690.SH,20.7,21.07,20.65,20.8,269175,562404141
2023-12-10,600690.SH,20.7,20.77,20.41,20.61,491966,1011840780
2023-12-11,600690.SH,20.53,20.84,20.4,20.84,284872,588978538
2023-12-12,600690.SH,20.77,20.77,20.17,20.17,344164,699437177
2023-12-13,600690.SH,20.26,20.4,20.16,20.21,190970,386705597
2023-12-14,600690.SH,20.28,20.56,20.14,20.18,238469,484279345
2023-12-17,600690.SH,20.11,20.38,19.86,20.29,188949,382221159
2023-12-18,600690.SH,20.2,20.42,20.16,20.42,156532,317993969
2023-12-19,600690.SH,20.57,20.59,20.1,20.1,217939,440987288
2023-12-20,600690.SH,20.06,20.39,19.93,20.33,229765,465619140
2023-12-21,600690.SH,20.33,20.95,20.24,20.73,271860,561914264
2023-12-24,600690.SH,20.76,20.89,20.64,20.81,137779,286192601
2023-12-25,600690.SH,20.81,20.81,20.52,20.62,92852,191388705
2023-12-26,600690.SH,20.61,20.74,20.49,20.72,165401,341378697
2023-12-27,600690.SH,20.72,21.13,20.62,21.08,269637,566162906
2023-12-28,600690.SH,21.09,21.33,20.8,21,301425,632806635
2024-01-01,600690.SH,21.05,21.05,20.78,20.79,181758,379291493
2024-01-02,600690.SH,20.73,20.92,20.68,20.76,123581,256351355
2024-01-03,600690.SH,20.71,20.86,20.4,20.8,234247,483365145
2024-01-04,600690.SH,20.7,21.74,20.61,21.41,514857,1104639939
2024-01-07,600690.SH,21.49,21.56,21.18,21.19,275429,587158825
2024-01-08,600690.SH,21.27,21.43,20.99,21.41,202379,430095883
2024-01-09,600690.SH,21.3,21.58,21.22,21.49,211567,453255901
2024-01-10,600690.SH,21.45,21.69,21.31,21.47,181492,390611664
2024-01-11,600690.SH,21.4,21.6,21.32,21.46,128041,274872875
2024-01-14,600690.SH,21.3,21.75,21.3,21.65,154741,334048945
2024-01-15,600690.SH,21.5,21.9,21.43,21.71,220276,477120436
2024-01-16,600690.SH,21.68,21.88,21.45,21.51,370594,804097198
2024-01-17,600690.SH,21.7,21.75,21.13,21.63,386639,828936798
2024-01-18,600690.SH,21.5,21.82,21.42,21.66,287379,623205602
2024-01-21,600690.SH,21.62,21.95,21.43,21.66,441395,961657159
2024-01-22,600690.SH,21.66,21.82,21.21,21.55,283041,609291726
2024-01-23,600690.SH,21.8,22.07,21.6,21.98,362003,790902417
2024-01-24,600690.SH,22.2,22.22,21.84,22.05,272022,599201372
2024-01-25,600690.SH,21.93,22.35,21.9,22.23,269154,595800531
2024-01-28,600690.SH,22.34,22.88,22.32,22.69,358489,811680162
2024-01-29,600690.SH,22.5,22.67,22.3,22.5,279876,630934204
2024-01-30,600690.SH,22.5,22.59,22.25,22.31,281534,631109435
2024-01-31,600690.SH,22.3,22.63,22.2,22.51,246002,552809816
2024-02-01,600690.SH,22.63,23.02,22.1,22.43,430708,976761909
2024-02-04,600690.SH,22.5,22.99,22.36,22.97,550198,1252218457
2024-02-05,600690.SH,22.97,23.84,22.9,23.8,477565,1126829459
2024-02-06,600690.SH,23.87,24,23.29,23.99,511591,1212816488
2024-02-07,600690.SH,23.89,24.09,23.22,23.95,468222,1106469055
2024-02-18,600690.SH,23.95,23.95,23.15,23.58,394998,924898639
2024-02-19,600690.SH,23.56,24.1,23.41,24.05,284305,677508373
2024-02-20,600690.SH,23.92,24.39,23.81,24.06,284321,687735789
2024-02-21,600690.SH,24.05,24.18,23.87,24.1,216310,519446243
2024-02-22,600690.SH,24.09,24.15,23.76,23.89,258573,617907552
2024-02-25,600690.SH,24.08,24.45,23.78,23.81,316034,758063721
2024-02-26,600690.SH,23.6,23.98,23.55,23.94,226308,539231990
2024-02-27,600690.SH,23.87,24.03,23.64,23.79,208441,497263830
2024-02-28,600690.SH,23.79,24.19,23.74,24.09,234498,562910273
2024-02-29,600690.SH,24.09,24.48,23.87,24.4,272490,662947274
2024-03-03,600690.SH,24.5,25.25,24.5,24.55,431182,1068081646
2024-03-04,600690.SH,24.31,24.86,24.28,24.75,253792,625641517
2024-03-05,600690.SH,24.75,24.93,24.55,24.6,258391,639039215
2024-03-06,600690.SH,24.6,25.19,24.5,24.96,316109,789358608
2024-03-07,600690.SH,24.96,25.1,24.6,24.75,246843,610790083
2024-03-10,600690.SH,24.72,24.92,24.31,24.55,236713,580928593
2024-03-11,600690.SH,24.61,24.76,24.19,24.44,350683,855838825
2024-03-12,600690.SH,24.42,24.58,23.98,24.31,279003,675763219
2024-03-13,600690.SH,24.31,24.5,24.17,24.42,272791,664633571
2024-03-14,600690.SH,24.26,24.36,23.72,23.88,362005,864801908
2024-03-17,600690.SH,23.92,24.03,23.45,23.64,429976,1017570736
2024-03-18,600690.SH,23.6,23.84,23.5,23.66,237988,564554812
2024-03-19,600690.SH,23.65,23.83,23.4,23.62,184686,437074659
2024-03-20,600690.SH,23.74,23.76,23.16,23.29,279786,653382175
2024-03-21,600690.SH,23.24,23.41,23.1,23.35,240472,559513284
2024-03-24,600690.SH,23.3,23.75,23.11,23.56,301629,709021034
2024-03-25,600690.SH,23.47,23.68,23.35,23.59,229601,540521325
2024-03-26,600690.SH,23.66,24.16,23.53,23.78,442483,1058511143
2024-03-27,600690.SH,24.2,25.4,23.94,25.08,835266,2073967582
2024-03-28,600690.SH,25,25.33,24.75,24.95,270189,675306261
2024-03-31,600690.SH,25.15,25.82,25.06,25.62,339390,868067752
2024-04-01,600690.SH,25.55,26.09,25.55,25.96,312168,808704492
2024-04-02,600690.SH,25.91,26.6,25.79,26.35,427803,1125328773
2024-04-07,600690.SH,26.52,26.8,26.26,26.39,371999,984861429
2024-04-08,600690.SH,26.5,26.58,26.14,26.14,273837,721351490
2024-04-09,600690.SH,26.26,26.56,26.11,26.21,235537,619551381
2024-04-10,600690.SH,26.02,26.39,26.01,26.38,200154,525141914
2024-04-11,600690.SH,26.57,26.88,26.38,26.51,288282,767824431
2024-04-14,600690.SH,26.51,27.45,26.45,27.19,372575,1010102608
2024-04-15,600690.SH,27.05,27.98,27.05,27.76,458134,1266270382
2024-04-16,600690.SH,27.44,27.95,27.18,27.85,306503,845187640
2024-04-17,600690.SH,27.77,28.8,27.76,28.48,329918,938068240
2024-04-18,600690.SH,28.22,28.79,28.22,28.74,228821,653942110
2024-04-21,600690.SH,28.98,29.41,28.42,28.49,290112,836038056
2024-04-22,600690.SH,28.5,28.78,27.82,28.38,330932,932193905
2024-04-23,600690.SH,28.39,28.55,27.88,28.06,255306,716112080
2024-04-24,600690.SH,28.06,28.55,27.88,28.43,281622,796423726
2024-04-25,600690.SH,28.46,28.87,28.29,28.35,305661,872937420
2024-04-28,600690.SH,28.25,29.22,28.12,28.8,330349,953334086
2024-04-29,600690.SH,29.55,30.94,29.37,30.26,591438,1796563023
2024-05-05,600690.SH,30.76,31.9,30.32,31.71,608707,1906464754
2024-05-06,600690.SH,31.72,31.91,31.23,31.28,376367,1184393180
2024-05-07,600690.SH,31.29,31.55,31.15,31.27,282777,884757374
2024-05-08,600690.SH,31.27,31.68,31.21,31.44,239257,752126181
2024-05-09,600690.SH,31.54,31.56,30.95,31.39,312628,976849963
2024-05-12,600690.SH,31.33,33,30.92,32.9,492894,1594909118
2024-05-13,600690.SH,32.7,32.71,31.71,32.36,454696,1463353865
2024-05-14,600690.SH,32.24,32.77,31.9,32.46,207083,670840837
2024-05-15,600690.SH,32.3,32.36,31.8,32.02,294076,942130756
2024-05-16,600690.SH,32,32.13,30.96,31.58,325419,1020026471
2024-05-19,600690.SH,31.45,31.45,30.3,30.45,504566,1543874161
2024-05-20,600690.SH,30.36,30.73,30.32,30.46,224099,684105052
2024-05-21,600690.SH,30.46,30.48,29.75,29.85,275676,826789606
2024-05-22,600690.SH,29.92,30.2,29.58,30.05,248798,744839831
2024-05-23,600690.SH,29.93,30.26,29.65,30.06,245146,736277912
2024-05-26,600690.SH,30.07,31.09,30.06,30.75,381030,1171358697
2024-05-27,600690.SH,30.75,30.98,30.08,30.15,253736,769114084
2024-05-28,600690.SH,30.15,30.58,30,30.4,202811,614613658
2024-05-29,600690.SH,30.2,30.7,29.99,30.2,247445,749051373
2024-05-30,600690.SH,30.45,30.45,29.54,29.54,298963,893267792
2024-06-02,600690.SH,29.61,30.93,29.61,30.48,323799,985244433
2024-06-03,600690.SH,30.25,30.45,29.73,30.12,247935,744761231
2024-06-04,600690.SH,30.18,30.44,29.83,29.9,194925,586029351
2024-06-05,600690.SH,29.95,31.27,29.76,30.99,347562,1071439606
2024-06-06,600690.SH,30.97,31.05,29.88,30.62,411819,1252492535
2024-06-10,600690.SH,30.2,30.85,30.14,30.64,280238,852568340
2024-06-11,600690.SH,30.68,30.83,30.13,30.38,196754,597005253
2024-06-12,600690.SH,30.4,30.42,29.71,29.93,244201,731820874
2024-06-13,600690.SH,29.61,30.75,29.6,30.65,338342,1030245611
2024-06-16,600690.SH,30.35,30.85,29.96,30.22,226187,685405723
2024-06-17,600690.SH,30.08,30.25,29.57,30.09,227664,680666309
2024-06-18,600690.SH,29.98,30.07,29.29,29.6,262960,776761779
2024-06-19,600690.SH,29.57,29.86,29.35,29.43,221625,654772665
2024-06-20,600690.SH,29.41,29.57,28.87,29.18,323431,941784839
2024-06-23,600690.SH,29.16,29.98,29.06,29.73,306996,910864304
2024-06-24,600690.SH,29.68,30.15,29.52,29.83,263043,785655529
2024-06-25,600690.SH,29.68,29.89,29.2,29.36,207118,608395716
2024-06-26,600690.SH,29.2,29.24,28.11,28.4,556342,1580943932
2024-06-27,600690.SH,28.28,28.62,28.17,28.38,353985,1003887790
2024-06-30,600690.SH,28.38,28.75,27.97,28.39,296491,839739663
2024-07-01,600690.SH,28.29,28.39,27.03,27.26,521657,1431387855
2024-07-02,600690.SH,27.3,27.37,26.59,26.76,331940,891861592
2024-07-03,600690.SH,26.73,26.95,26.36,26.75,320880,856907566
2024-07-04,600690.SH,26.63,26.98,25.78,26.64,441595,1162634468
2024-07-07,600690.SH,26.55,26.72,26.2,26.43,292916,773121426
2024-07-08,600690.SH,26.31,26.42,26.08,26.3,312296,820691181
2024-07-09,600690.SH,26.38,26.9,26.2,26.36,340776,902569650
2024-07-10,600690.SH,26.6,27.2,26.03,26.94,309470,827795084
2024-07-11,600690.SH,27.04,27.64,26.89,27.49,361049,988649859
2024-07-14,600690.SH,27.33,27.36,26.48,26.65,371736,993887621
2024-07-15,600690.SH,26.68,26.9,26.35,26.77,235619,629029545
2024-07-16,600690.SH,26.71,26.8,26.1,26.66,277208,731873767
2024-07-17,600690.SH,26.49,27.07,26.29,26.87,419939,1122614981
2024-07-18,600690.SH,26.68,27.12,26.35,27.02,307656,823009212
2024-07-21,600690.SH,26.9,27.28,26.41,26.6,284474,758530263
2024-07-22,600690.SH,26.6,26.69,25.72,25.8,288376,751604333
2024-07-23,600690.SH,25.79,26.02,25.21,25.33,314877,800213871
2024-07-24,600690.SH,25.35,25.55,25.04,25.29,242877,613617035
2024-07-25,600690.SH,26.8,27.61,26.65,27.39,875140,2368010700
2024-07-28,600690.SH,27.6,27.76,26.7,26.98,418906,1132429010
2024-07-29,600690.SH,26.9,26.94,25.6,25.9,506564,1314689227
2024-07-30,600690.SH,25.87,27.48,25.8,27.29,651248,1763246422
2024-07-31,600690.SH,27.18,27.61,26.8,26.8,416220,1128567030
2024-08-01,600690.SH,26.55,27.12,26.2,26.4,362857,963012398
2024-08-04,600690.SH,26.26,26.99,25.89,25.93,382357,1001926318
2024-08-05,600690.SH,26.04,26.2,25.28,25.48,329089,838228381
2024-08-06,600690.SH,25.49,25.97,25.19,25.5,234247,601060022
2024-08-07,600690.SH,25.38,25.66,25.03,25.38,190317,482978940
2024-08-08,600690.SH,25.4,25.87,25.4,25.42,238963,612383582
2024-08-11,600690.SH,25.48,26.1,25.31,25.79,270303,698419801
2024-08-12,600690.SH,25.8,26.19,25.11,25.38,278363,709718136
2024-08-13,600690.SH,25.32,25.35,24.65,24.94,240230,598248396
2024-08-14,600690.SH,24.86,25.19,24.66,24.92,269575,672601535
2024-08-15,600690.SH,24.18,24.29,23.9,24.24,251598,607411949
2024-08-18,600690.SH,24.18,24.65,23.65,23.91,328457,787789082
2024-08-19,600690.SH,23.96,23.98,23.55,23.74,270157,640686916
2024-08-20,600690.SH,23.6,23.72,23.22,23.52,309835,725975941
2024-08-21,600690.SH,23.5,24.12,23.23,24.07,286087,680327312
2024-08-22,600690.SH,24.08,25.08,24,24.73,513912,1268798659
2024-08-25,600690.SH,25.05,25.14,24.5,24.83,293637,728109829
2024-08-26,600690.SH,24.58,24.79,24.04,24.08,272429,660097311
2024-08-27,600690.SH,24.23,24.72,23.69,23.86,363037,873206486
2024-08-28,600690.SH,23.75,23.92,23.3,23.62,338408,797068635
2024-08-29,600690.SH,23.42,25.33,23.1,24.73,729586,1788051422
2024-09-01,600690.SH,24.65,25.15,24.05,24.42,368042,901812754
2024-09-02,600690.SH,24.25,25.2,24.22,25.18,442557,1103325114
2024-09-03,600690.SH,25.18,25.53,24.93,25.31,420199,1063013991
2024-09-04,600690.SH,25.36,25.65,24.93,25.25,329868,830665307
2024-09-05,600690.SH,25.19,25.68,25.01,25.05,204218,516328325
2024-09-08,600690.SH,25.05,25.05,23.96,24.32,386066,939406442
2024-09-09,600690.SH,24.26,24.62,24,24.28,288573,701519284
2024-09-10,600690.SH,24.18,25.4,23.96,25.1,410910,1028173391
2024-09-11,600690.SH,25.18,25.4,24.78,24.9,239530,599899780
2024-09-12,600690.SH,24.78,25.66,24.69,25.28,353783,898523302
2024-09-17,600690.SH,25.28,26.42,25.16,26.11,408594,1063970641
2024-09-18,600690.SH,26.15,27.1,25.91,26.96,550708,1466809051
2024-09-19,600690.SH,26.88,27.39,26.7,27.23,472766,1281145938
2024-09-22,600690.SH,27.29,28.16,27.22,27.48,366108,1010245495
2024-09-23,600690.SH,28.02,28.1,26.8,27.7,494049,1358214047
2024-09-24,600690.SH,28.29,29.23,28.18,28.44,550430,1580255197
2024-09-25,600690.SH,28.44,29.89,28.27,29.8,420966,1223282132
2024-09-26,600690.SH,30.39,30.69,29.3,30.1,408504,1226662377
2024-09-29,600690.SH,30.48,32.5,29.95,32.15,922372,2873235272
2024-10-07,600690.SH,35.37,35.37,32.31,33.12,1138692,3847961500
2024-10-08,600690.SH,32.99,32.99,30.4,31.14,724583,2293376964
2024-10-09,600690.SH,31.4,32.65,31.13,32.07,660370,2113027397
2024-10-10,600690.SH,32.07,32.3,31.02,31.45,335368,1060391117
2024-10-13,600690.SH,31.57,32.5,31.16,32.18,506745,1621360165
2024-10-14,600690.SH,32.3,32.81,31.42,31.49,414941,1331941900
2024-10-15,600690.SH,31.02,31.37,30.37,30.8,495780,1529335172
2024-10-16,600690.SH,30.98,31.5,30.2,30.28,381345,1172781556
2024-10-17,600690.SH,30.24,31.72,30.05,31.13,449335,1389301669
2024-10-20,600690.SH,31.13,31.8,30.66,31.16,312208,974363717
2024-10-21,600690.SH,31.2,33.17,31.2,32.17,451279,1462503514
2024-10-22,600690.SH,32.17,32.45,31.41,31.57,369329,1175475160
2024-10-23,600690.SH,31.44,31.58,30.96,31.25,195485,610143605
2024-10-24,600690.SH,31.25,31.45,30.8,30.82,239678,742489635
2024-10-27,600690.SH,30.8,30.98,30.4,30.58,318989,975169785
2024-10-28,600690.SH,30.58,31.1,30.4,30.53,278080,852521131
2024-10-29,600690.SH,30.48,31.1,29.52,29.9,453279,1360012777
2024-10-30,600690.SH,30,30.08,28.8,29.22,458992,1338809149
2024-10-31,600690.SH,29.26,29.74,29.09,29.39,280434,826118762
2024-11-03,600690.SH,29.4,29.71,28.96,29.7,259317,762078214
2024-11-04,600690.SH,29.65,29.85,29.05,29.75,341187,1009588894
2024-11-05,600690.SH,29.7,29.71,28.47,28.67,681240,1968714169
2024-11-06,600690.SH,28.27,29.22,28.03,29.22,650754,1866112747
2024-11-07,600690.SH,29.4,29.49,28.57,29.15,640322,1860238365
2024-11-10,600690.SH,28.63,28.86,28.15,28.46,559896,1587688452
2024-11-11,600690.SH,28.46,29.83,28.41,28.89,801476,2348510106
2024-11-12,600690.SH,28.99,30,28.8,29.6,841143,2492560463
2024-11-13,600690.SH,29.48,30.29,29.23,29.93,578537,1731261962
2024-11-14,600690.SH,29.83,30.16,29.07,29.59,500832,1487942141
2024-11-17,600690.SH,29.24,29.68,28.62,28.8,424090,1231310425
2024-11-18,600690.SH,28.84,29.24,28.72,28.95,339875,985039158
2024-11-19,600690.SH,28.88,29.1,28.57,28.93,306458,884393233
2024-11-20,600690.SH,28.95,29.07,28.58,28.8,312768,900097355
2024-11-21,600690.SH,28.77,29.65,28.68,28.9,457001,1337024490
2024-11-24,600690.SH,29.17,29.6,28.01,28.11,408545,1167291092
2024-11-25,600690.SH,28,28.58,27.71,28.29,333193,942044950
2024-11-26,600690.SH,28.29,28.99,28.13,28.77,254704,729283651
2024-11-27,600690.SH,28.8,28.8,27.97,28.2,301720,852161690
2024-11-28,600690.SH,28.19,28.8,28.1,28.33,332434,947877695
2024-12-01,600690.SH,28.21,28.81,27.81,28.65,323120,917337921
2024-12-02,600690.SH,28.53,29,28.29,28.96,346086,992582591
2024-12-03,600690.SH,28.83,29.5,28.35,29.1,463202,1341424173
2024-12-04,600690.SH,29,29.24,28.46,28.58,278873,800153802
2024-12-05,600690.SH,28.58,29.4,28.55,29.24,404396,1176406992
2024-12-08,600690.SH,29.05,29.75,28.51,29.4,381809,1114106061
2024-12-09,600690.SH,30.6,30.85,29.65,29.72,512265,1545835190
2024-12-10,600690.SH,29.67,30.1,29.39,29.45,315859,938136924
2024-12-11,600690.SH,29.4,29.88,29.29,29.62,271072,801045419
2024-12-12,600690.SH,29.41,29.44,28.33,28.4,574134,1642758291
2024-12-15,600690.SH,28.4,28.54,28.12,28.21,357977,1013616551
2024-12-16,600690.SH,28.04,28.73,28.03,28.39,242946,691475276
2024-12-17,600690.SH,28.54,28.72,28.33,28.38,231927,660740522
2024-12-18,600690.SH,28.21,28.67,28,28.5,256369,730244613
2024-12-19,600690.SH,28.52,28.52,28.15,28.16,267080,755230762
2024-12-22,600690.SH,28.17,28.86,28.17,28.69,364801,1045225891
2024-12-23,600690.SH,28.63,29.18,28.5,29.15,297867,863329224
2024-12-24,600690.SH,29.12,29.26,28.5,28.61,358193,1032756028
2024-12-25,600690.SH,28.65,28.68,28.09,28.47,256119,727544421
2024-12-26,600690.SH,28.48,28.55,28.16,28.43,225756,640257043
2024-12-29,600690.SH,28.38,28.82,28.22,28.24,359086,1023224587
2024-12-30,600690.SH,28.24,28.74,28.07,28.47,375771,1071439698
2025-01-01,600690.SH,28.45,29.04,27.99,28.2,568571,1618238609
2025-01-02,600690.SH,28.15,28.55,27.52,27.6,428372,1195989557
2025-01-05,600690.SH,27.52,27.96,27.28,27.68,321475,887847930
2025-01-06,600690.SH,27.65,28.75,27.51,28.51,583081,1658077772
2025-01-07,600690.SH,28.4,29.6,28.21,29.32,643849,1874933237
2025-01-08,600690.SH,29.32,29.65,29.1,29.47,340151,1002655694
2025-01-09,600690.SH,29.45,29.61,28.3,28.41,351045,1007319357
2025-01-12,600690.SH,28.18,28.18,27.07,27.2,538631,1479460525
2025-01-13,600690.SH,27.05,27.51,26.88,27.39,433825,1182549840
2025-01-14,600690.SH,27.38,27.83,26.82,26.87,423507,1153155635
2025-01-15,600690.SH,27.06,27.83,26.92,27.16,521531,1428918672
2025-01-16,600690.SH,27,27.85,26.81,27.56,475448,1302680212
2025-01-19,600690.SH,27.82,28.43,27.68,27.77,378791,1061987575
2025-01-20,600690.SH,27.89,28.04,27.44,27.5,267030,738594070
2025-01-21,600690.SH,27.46,27.49,26.88,27.18,351153,952939968
2025-01-22,600690.SH,27.35,27.54,27.23,27.36,307895,843089487
2025-01-23,600690.SH,27.36,27.78,27.22,27.55,315749,870418663
2025-01-26,600690.SH,27.55,27.98,27.51,27.77,273117,758802073
2025-02-04,600690.SH,27.52,27.66,26.6,26.61,516727,1387740333
2025-02-05,600690.SH,26.61,26.92,26.5,26.75,380078,1014890885
2025-02-06,600690.SH,26.75,26.99,26.4,26.98,483639,1296441916
2025-02-09,600690.SH,27.06,27.18,26.67,27.1,394131,1064638027
2025-02-10,600690.SH,27.29,27.49,26.91,26.98,349272,947171859
2025-02-11,600690.SH,26.96,27,26.44,26.74,551354,1469935667
2025-02-12,600690.SH,26.63,27.06,26.56,26.76,483689,1298357672
2025-02-13,600690.SH,26.82,27,26.56,26.88,337560,904616968
2025-02-16,600690.SH,27,27.07,26.67,26.76,424782,1138578296
2025-02-17,600690.SH,26.76,26.77,26.4,26.48,445582,1181337552
2025-02-18,600690.SH,26.42,26.46,26.12,26.4,452208,1188803250
2025-02-19,600690.SH,26.38,26.6,26.15,26.39,397448,1047903820
2025-02-20,600690.SH,26.46,26.46,25.91,26.17,724479,1887572556
2025-02-23,600690.SH,26.18,26.95,26.1,26.66,693352,1847119626
2025-02-24,600690.SH,26.52,26.57,25.88,25.99,631564,1652672563
2025-02-25,600690.SH,25.99,26.35,25.92,26.11,392114,1023944460
2025-02-26,600690.SH,26.18,26.88,26.13,26.82,812415,2166134174
2025-02-27,600690.SH,26.53,27.17,26.25,26.25,602952,1604113149
2025-03-02,600690.SH,26.32,26.38,25.91,25.93,508328,1327596607
2025-03-03,600690.SH,25.88,26.13,25.79,26,389715,1011687470
2025-03-04,600690.SH,26.04,26.31,25.83,26.22,400674,1045994934
2025-03-05,600690.SH,26.29,26.46,26.09,26.43,437503,1151624456
2025-03-06,600690.SH,26.35,26.65,26.17,26.59,464542,1227069011
2025-03-09,600690.SH,26.95,27.13,26.55,26.82,587801,1576387816
2025-03-10,600690.SH,26.52,27.25,26.5,27.15,546365,1474918990
2025-03-11,600690.SH,27.16,27.19,26.47,26.47,675100,1801193627
2025-03-12,600690.SH,26.47,26.61,26.22,26.36,315900,835473055
2025-03-13,600690.SH,26.38,27.4,26.34,27.3,947525,2563749264
2025-03-16,600690.SH,27.73,27.86,27.38,27.54,549453,1515354058
2025-03-17,600690.SH,27.5,28.38,27.45,27.93,675524,1882787399
2025-03-18,600690.SH,27.88,28.44,27.84,28.14,475217,1337487872
2025-03-19,600690.SH,28.1,28.15,27.68,27.68,339165,944184727
2025-03-20,600690.SH,27.57,28.05,27.38,27.5,381761,1056147916
2025-03-23,600690.SH,27.71,28.47,27.6,28.29,534585,1507159975
2025-03-24,600690.SH,28.22,29.07,28.19,28.2,584833,1670131348
2025-03-25,600690.SH,28.05,28.28,27.8,27.93,345090,964486338
2025-03-26,600690.SH,27.8,28.14,27.6,28.06,289933,810281817
2025-03-27,600690.SH,27.8,27.8,26.92,27.16,808653,2192886392
2025-03-30,600690.SH,27,27.76,26.93,27.34,566582,1556307570
2025-03-31,600690.SH,27.4,27.48,26.88,26.95,494292,1336662026
2025-04-01,600690.SH,26.98,27.22,26.92,27.02,247725,670403570
2025-04-02,600690.SH,26.5,26.54,26.1,26.2,678281,1783119385
2025-04-06,600690.SH,24.48,24.87,23.58,23.58,1007563,2408824417
2025-04-07,600690.SH,23.66,24.75,23.6,24.75,872513,2110151312
2025-04-08,600690.SH,24.26,25.04,23.88,25.04,626099,1527006385
2025-04-09,600690.SH,25.87,25.87,25.06,25.51,490946,1246197337
2025-04-10,600690.SH,25.48,25.48,24.66,25.07,570932,1419973772
2025-04-13,600690.SH,25.15,25.18,24.74,24.77,512171,1273592729
2025-04-14,600690.SH,24.62,25,24.42,24.77,471561,1165198346
2025-04-15,600690.SH,24.7,24.99,24.2,24.99,568043,1388913964
2025-04-16,600690.SH,24.7,24.7,24.47,24.65,457998,1124738475
2025-04-17,600690.SH,24.5,24.74,24.41,24.55,253608,622416791
2025-04-20,600690.SH,24.52,24.89,24.5,24.78,337016,834141645
2025-04-21,600690.SH,24.69,24.86,24.56,24.68,310440,767246445
2025-04-22,600690.SH,24.87,25.25,24.85,24.88,538971,1349925223
2025-04-23,600690.SH,24.9,24.98,24.68,24.78,235389,584233536
2025-04-24,600690.SH,24.85,25.05,24.79,25.02,317097,791669027
2025-04-27,600690.SH,25.03,25.14,24.82,24.96,285599,713129413
2025-04-28,600690.SH,24.92,25.04,24.71,25.04,252228,627835322
2025-04-29,600690.SH,25.03,25.36,24.75,24.79,465924,1163415155
2025-05-05,600690.SH,24.9,25.15,24.77,25.12,395870,990840683
2025-05-06,600690.SH,25.62,25.69,25.08,25.18,429483,1086106572
2025-05-07,600690.SH,25.14,25.5,25.05,25.41,339242,860076378
2025-05-08,600690.SH,25.36,25.53,25.17,25.39,339821,861011082
2025-05-11,600690.SH,25.77,26.23,25.77,26.13,523295,1361947400
2025-05-12,600690.SH,26.5,26.52,25.96,25.99,378412,990647940
2025-05-13,600690.SH,25.95,26.29,25.85,26.13,343615,895451364
2025-05-14,600690.SH,26.13,26.18,25.88,26.02,221675,576726829
2025-05-15,600690.SH,25.9,25.96,25.5,25.68,377361,966386112
2025-05-18,600690.SH,25.59,25.79,25.56,25.72,238007,611341400
2025-05-19,600690.SH,25.73,26.39,25.6,26.3,407394,1063160495
2025-05-20,600690.SH,26.25,26.49,26.12,26.22,300946,791338615
2025-05-21,600690.SH,26.07,26.3,26.01,26.19,238627,623883629
2025-05-22,600690.SH,26.13,26.31,25.76,25.76,318920,830256264
2025-05-25,600690.SH,25.75,25.85,25.44,25.51,232521,595355497
2025-05-26,600690.SH,25.58,25.62,25.2,25.22,250699,635537435
2025-05-27,600690.SH,25.28,25.39,25.02,25.11,248066,624599503
2025-05-28,600690.SH,25.24,25.73,25.23,25.4,371290,948997381
2025-05-29,600690.SH,25.3,25.32,25.03,25.04,245450,617020514
2025-06-02,600690.SH,24.95,25.01,24.65,24.73,424425,1051552649
2025-06-03,600690.SH,24.8,24.92,24.76,24.84,263500,654299300
2025-06-04,600690.SH,24.85,24.92,24.7,24.71,293874,727682719
2025-06-05,600690.SH,24.76,24.87,24.66,24.83,256892,636790805
2025-06-08,600690.SH,24.9,25.1,24.77,24.98,321750,803678130
2025-06-09,600690.SH,25,25.27,24.71,24.88,364964,912406606
2025-06-10,600690.SH,24.87,25.3,24.85,25.15,369934,931810721
2025-06-11,600690.SH,25.09,25.09,24.85,24.97,224313,559865513
2025-06-12,600690.SH,24.8,24.8,24.1,24.44,612778,1497019760
2025-06-15,600690.SH,24.35,24.49,24.27,24.42,214079,521905767
2025-06-16,600690.SH,24.48,24.95,24.46,24.91,428008,1059783624
2025-06-17,600690.SH,24.86,25.19,24.83,25,264047,660581652
2025-06-18,600690.SH,24.95,25.07,24.62,24.7,223823,555722845
2025-06-19,600690.SH,24.7,24.83,24.6,24.65,224074,553391150
2025-06-22,600690.SH,24.47,24.67,24.25,24.55,247002,603548499
2025-06-23,600690.SH,24.55,24.92,24.55,24.72,270180,669099228
2025-06-24,600690.SH,24.78,24.95,24.65,24.93,300900,746151137
2025-06-25,600690.SH,24.93,25.01,24.71,24.72,255856,636046256
2025-06-26,600690.SH,24.8,25.04,24.62,24.84,336200,836527697
2025-06-29,600690.SH,24.88,24.97,24.74,24.78,288423,716025198
2025-06-30,600690.SH,24.8,24.82,24.71,24.76,181018,447867895
2025-07-01,600690.SH,24.77,25.69,24.73,25.58,781438,1979120189
2025-07-02,600690.SH,25.59,25.78,25.33,25.75,381677,976615071
2025-07-03,600690.SH,25.69,26,25.55,25.85,353496,912210771
2025-07-06,600690.SH,25.85,25.91,25.43,25.61,227930,583620434
2025-07-07,600690.SH,25.66,25.7,25.45,25.52,233945,597903610
2025-07-08,600690.SH,25.55,25.73,25.25,25.29,342811,873696250
2025-07-09,600690.SH,25.31,25.46,25.16,25.25,339388,858424833
2025-07-10,600690.SH,25.3,25.76,25.26,25.35,578508,1479579786
2025-07-13,600690.SH,25.41,25.62,25.35,25.41,302637,770991237
2025-07-14,600690.SH,25.53,25.91,25.43,25.8,468830,1204431130
2025-07-15,600690.SH,25.83,26.03,25.62,25.68,263929,678948120
2025-07-16,600690.SH,25.68,26.1,25.63,25.81,383359,991616327
2025-07-17,600690.SH,25.88,25.99,25.63,25.79,327267,843681567
2025-07-20,600690.SH,25.85,26.05,25.78,26.05,395483,1026316496
2025-07-21,600690.SH,26.04,26.85,25.95,26.81,811269,2146204337
2025-07-22,600690.SH,26.81,27.58,26.81,27.5,864213,2360142670
2025-07-23,600690.SH,27.5,27.56,27.04,27.41,640653,1757439435
2025-07-24,600690.SH,26.45,26.49,25.8,25.83,483463,1257337306
2025-07-27,600690.SH,25.83,25.93,25.6,25.65,327617,842714780
2025-07-28,600690.SH,25.61,25.69,25.32,25.41,316034,804220921
2025-07-29,600690.SH,25.43,25.82,25.3,25.58,313418,802353507
2025-07-30,600690.SH,25.57,25.57,24.75,24.84,527178,1317051451
2025-07-31,600690.SH,24.92,25.07,24.79,24.9,243781,607627418
2025-08-03,600690.SH,24.79,25.02,24.77,24.96,199876,498140373
2025-08-04,600690.SH,25.01,25.12,24.83,25.03,236042,590377223
2025-08-05,600690.SH,25.04,25.25,24.91,25.23,346113,870543819
2025-08-06,600690.SH,25.19,25.21,24.95,25.06,271097,679036193
2025-08-07,600690.SH,25.06,25.37,25,25.12,281107,708232454
2025-08-10,600690.SH,25.14,25.2,24.98,25.11,321403,807040945
2025-08-11,600690.SH,25.18,25.87,25.17,25.53,648381,1663174358
2025-08-12,600690.SH,25.67,25.9,25.41,25.5,384627,983091921
2025-08-13,600690.SH,25.5,25.8,25.46,25.51,418826,1073651249
2025-08-14,600690.SH,25.46,25.74,25.2,25.46,515640,1314562589
2025-08-17,600690.SH,25.51,25.71,25.39,25.39,628122,1604282677
2025-08-18,600690.SH,25.57,25.83,25.2,25.2,639355,1625035765
2025-08-19,600690.SH,25.28,25.3,24.91,25.3,542798,1359859612
2025-08-20,600690.SH,25.32,25.73,25.12,25.59,549135,1401265038
2025-08-21,600690.SH,25.68,25.83,25.55,25.78,475493,1220883011
2025-08-24,600690.SH,25.79,26.24,25.79,26.19,524898,1367709593
2025-08-25,600690.SH,26.2,26.49,26.02,26.26,424586,1117040776
2025-08-26,600690.SH,26.26,26.52,25.78,25.78,606832,1590802517
2025-08-27,600690.SH,25.77,26.12,25.61,26,421736,1091489253
2025-08-28,600690.SH,26.6,27.16,26.23,26.26,1090507,2913718877
2025-08-31,600690.SH,26.49,26.8,25.94,25.95,956877,2519983438
2025-09-01,600690.SH,25.99,26.4,25.74,26.3,737354,1932373483
2025-09-02,600690.SH,26.35,26.58,26,26.19,468475,1225247903
2025-09-03,600690.SH,26.11,26.14,25.48,25.69,562470,1449380661
2025-09-04,600690.SH,25.7,26.52,25.65,26.46,680328,1788301972
2025-09-07,600690.SH,26.39,26.82,26.34,26.44,460241,1220247258
2025-09-08,600690.SH,26.58,27,26.36,26.93,583284,1564247740
2025-09-09,600690.SH,26.83,26.88,26.51,26.58,369426,982953543
2025-09-10,600690.SH,26.54,26.63,26.2,26.62,457607,1207401077
2025-09-11,600690.SH,26.74,26.75,26.13,26.19,464513,1225143661
2025-09-14,600690.SH,26.15,26.21,25.9,26,406975,1059042807
2025-09-15,600690.SH,26.03,26.1,25.74,25.92,353666,914835368
2025-09-16,600690.SH,25.91,26.79,25.91,26.78,658331,1740803311
2025-09-17,600690.SH,26.89,26.94,25.93,26.05,556031,1464699369
2025-09-18,600690.SH,26.05,26.44,25.88,26.32,399470,1047086591
2025-09-21,600690.SH,26.16,26.25,25.61,25.7,513237,1326059571
2025-09-22,600690.SH,25.69,25.8,25.31,25.58,441425,1126516860
2025-09-23,600690.SH,25.48,25.9,25.37,25.86,312352,802261775
2025-09-24,600690.SH,25.82,25.83,25.25,25.35,512313,1299698833
2025-09-25,600690.SH,25.27,25.85,25.09,25.72,506027,1294294012
2025-09-28,600690.SH,25.66,25.71,25.22,25.55,472054,1199832889
2025-09-29,600690.SH,25.47,25.49,25.14,25.33,459580,1161505950
2025-10-08,600690.SH,25.1,25.46,24.81,25.44,614811,1545176374
2025-10-09,600690.SH,25.3,25.96,25.23,25.66,570090,1467140668
2025-10-12,600690.SH,25.14,25.26,24.95,25.12,522158,1309679237
2025-10-13,600690.SH,25.18,25.65,25.13,25.42,665111,1690099297
2025-10-14,600690.SH,25.42,25.61,25.16,25.41,417097,1058525464
2025-10-15,600690.SH,25.4,25.46,25.1,25.25,321468,813143802
2025-10-16,600690.SH,25.18,25.5,25.01,25.02,442199,1114095268
2025-10-19,600690.SH,25.26,25.38,25,25.09,324058,814146316
2025-10-20,600690.SH,25.12,25.41,25.06,25.35,421214,1065242728
2025-10-21,600690.SH,25.28,25.7,25.23,25.61,478846,1223690416
2025-10-22,600690.SH,25.56,25.94,25.5,25.76,320678,824306556
2025-10-23,600690.SH,25.76,25.94,25.6,25.63,268131,689513164
2025-10-26,600690.SH,25.73,26.04,25.63,25.9,406431,1053073551
2025-10-27,600690.SH,25.91,25.92,25.51,25.55,360228,923025952
2025-10-28,600690.SH,25.52,25.66,25.37,25.6,215059,548634952
2025-10-29,600690.SH,25.65,26.18,25.62,25.81,461701,1196722899
2025-10-30,600690.SH,26.25,27.09,26.11,26.81,1057631,2818979745
2025-11-02,600690.SH,26.88,27.1,26.56,26.72,424326,1134583459
2025-11-03,600690.SH,26.58,27.08,26.5,26.65,447890,1201615712
2025-11-04,600690.SH,26.5,26.87,26.27,26.7,297089,792771973
2025-11-05,600690.SH,26.65,27.15,26.6,26.96,425398,1147674365
2025-11-06,600690.SH,26.72,26.81,26.49,26.6,286735,763168567
2025-11-09,600690.SH,26.6,27.18,26.45,27.1,412073,1108509559
2025-11-10,600690.SH,26.98,27.17,26.68,26.88,389235,1045740321
2025-11-11,600690.SH,26.99,27.54,26.95,27.2,464326,1266262186
2025-11-12,600690.SH,27.1,27.39,27.01,27.34,313972,853837631
2025-11-13,600690.SH,27.24,27.46,26.88,26.93,313203,849817056
2025-11-16,600690.SH,26.92,27.02,26.42,26.57,240022,638979434
2025-11-17,600690.SH,26.57,26.73,26.25,26.34,206299,545991989
2025-11-18,600690.SH,26.39,26.65,26.32,26.52,201251,533615750
2025-11-19,600690.SH,26.5,27.1,26.41,26.79,286232,769188726
2025-11-20,600690.SH,26.73,27.32,26.66,27.02,528302,1427204257
2025-11-23,600690.SH,27.03,27.28,26.85,26.92,385019,1040637436
2025-11-24,600690.SH,27,27.08,26.72,26.93,272040,732515399
2025-11-25,600690.SH,26.95,27.4,26.82,27.4,363758,988207571
2025-11-26,600690.SH,27.31,27.7,26.79,27.59,524698,1434506584
2025-11-27,600690.SH,27.42,27.64,27.24,27.58,279316,767418164
2025-11-30,600690.SH,27.57,27.7,27.16,27.47,300218,821565609
2025-12-01,600690.SH,27.5,28.16,27.44,27.76,360693,1004523177
2025-12-02,600690.SH,27.8,28.31,27.78,27.93,365424,1024759072
2025-12-03,600690.SH,27.94,28.07,27.56,27.6,302875,840747688
2025-12-04,600690.SH,27.59,27.89,27.3,27.54,351440,967968871
2025-12-07,600690.SH,27.52,27.62,27.01,27.17,381291,1039202227
2025-12-08,600690.SH,27.18,27.21,26.6,26.71,311952,835908226
2025-12-09,600690.SH,26.71,26.97,26.6,26.7,240354,643302857
2025-12-10,600690.SH,26.76,27.02,26.53,26.55,243587,651889508
2025-12-11,600690.SH,26.68,27.02,26.48,26.94,359299,964138075
2025-12-14,600690.SH,26.89,27.68,26.81,27.35,418633,1147449444
2025-12-15,600690.SH,27.36,27.47,27.05,27.19,209343,569568603
2025-12-16,600690.SH,27.1,27.73,26.81,27.49,336742,921149033
2025-12-17,600690.SH,27.45,27.61,27.21,27.41,179904,492625779
2025-12-18,600690.SH,27.41,27.71,27.13,27.51,284655,783074249
2025-12-21,600690.SH,27.52,27.55,27.23,27.33,231929,634636451
2025-12-22,600690.SH,27.33,27.58,27.16,27.21,255086,697346379
2025-12-23,600690.SH,27.19,27.27,26.72,26.84,306380,823417378
2025-12-24,600690.SH,26.8,26.95,26.75,26.88,201193,540435801
2025-12-25,600690.SH,26.88,26.94,26.68,26.74,250585,672070973
2025-12-28,600690.SH,26.88,27.01,26.53,26.58,274368,733798717
2025-12-29,600690.SH,26.53,26.68,26.3,26.54,319143,845375662
2025-12-30,600690.SH,26.54,26.84,26.01,26.09,435737,1142128402
2026-01-04,600690.SH,26.4,26.8,26.26,26.32,433720,1147479190
2026-01-05,600690.SH,26.36,26.5,26.05,26.4,463085,1219732299
2026-01-06,600690.SH,26.35,26.43,26.12,26.3,417893,1096514399
2026-01-07,600690.SH,26.28,26.28,26.01,26.12,396733,1034934562
2026-01-08,600690.SH,26.19,26.25,26.01,26.05,439092,1146022538
2026-01-11,600690.SH,26.08,26.3,25.95,26.2,433555,1132924108
2026-01-12,600690.SH,26.26,26.3,25.87,25.9,489552,1277541589
2026-01-13,600690.SH,25.97,26.12,25.76,25.93,497053,1288742237
2026-01-14,600690.SH,25.82,26.1,25.77,25.82,355495,920090216
2026-01-15,600690.SH,25.91,25.95,25.63,25.7,385509,993653137
2026-01-18,600690.SH,25.65,26.1,25.61,25.94,383460,993537348
2026-01-19,600690.SH,25.94,26.41,25.7,26.38,654241,1714208205
2026-01-20,600690.SH,26.33,26.39,25.86,25.89,536151,1396983984
2026-01-21,600690.SH,25.93,26.02,25.77,25.89,381836,988578629
2026-01-22,600690.SH,25.97,25.99,25.66,25.68,441816,1138839063
2026-01-25,600690.SH,25.68,25.89,25.4,25.6,566655,1454024942
2026-01-26,600690.SH,25.59,25.8,25.47,25.5,349390,896172082
2026-01-27,600690.SH,25.49,25.57,25.03,25.13,692604,1743072556
2026-01-28,600690.SH,25.11,25.63,24.81,25.46,1035598,2604543080
2026-01-29,600690.SH,25.38,25.66,25.04,25.11,487417,1235560058
2026-02-01,600690.SH,25.11,25.52,24.95,25,471015,1188588407
2026-02-02,600690.SH,25.07,25.3,24.99,25.2,388521,977140615
2026-02-03,600690.SH,25.27,26.05,25.22,26.04,740806,1910821225
2026-02-04,600690.SH,26.02,26.49,25.92,26.33,481922,1269699540
2026-02-05,600690.SH,26.3,26.42,25.98,26.07,380534,993719332
2026-02-08,600690.SH,26.1,26.2,25.82,25.96,365218,948014625
2026-02-09,600690.SH,26.04,26.18,25.83,26.15,281849,733927096
2026-02-10,600690.SH,26.19,26.2,25.97,26.03,210726,549279444
2026-02-11,600690.SH,26.04,26.07,25.81,25.89,227747,589876525
2026-02-12,600690.SH,25.88,25.88,25.65,25.7,267152,687601301
2026-02-23,600690.SH,25.98,26.17,25.88,26.02,369127,959286949
2026-02-24,600690.SH,26.02,26.49,25.91,26.11,640970,1679652360
2026-02-25,600690.SH,26.06,26.35,25.93,25.96,356311,930636838
2026-02-26,600690.SH,25.91,25.99,25.67,25.7,389886,1005026119
2026-03-01,600690.SH,25.5,25.64,25.12,25.32,362495,918110216
2026-03-02,600690.SH,25.3,25.49,25.02,25.08,490213,1237347641
2026-03-03,600690.SH,24.98,24.99,24.15,24.54,669435,1638683242
2026-03-04,600690.SH,24.73,24.83,24.52,24.62,288738,712413020
2026-03-05,600690.SH,24.59,24.92,24.57,24.86,246432,610739832
2026-03-08,600690.SH,24.4,24.5,24.2,24.4,394367,960423080
2026-03-09,600690.SH,24.59,24.95,24.43,24.87,405242,1001118523
2026-03-10,600690.SH,24.95,25.43,24.87,25.19,458712,1156704048
2026-03-11,600690.SH,25.21,25.33,24.85,25.24,345769,867884700
2026-03-12,600690.SH,25.1,25.39,25.01,25.08,309915,780724579
2026-03-15,600690.SH,25.09,25.13,24.61,24.93,264206,657677248
2026-03-16,600690.SH,24.99,25.41,24.9,25.08,322996,815305472
2026-03-17,600690.SH,25.1,25.15,24.78,24.94,297528,740414734
2026-03-18,600690.SH,24.7,24.92,24.5,24.55,300712,741604760
2026-03-19,600690.SH,24.55,24.8,24.51,24.51,312460,770029116
2026-03-22,600690.SH,24.38,24.38,23.09,23.44,801075,1883430097
2026-03-23,600690.SH,23.6,23.65,23.16,23.35,479107,1117694518
2026-03-24,600690.SH,23.47,23.75,23.41,23.59,478373,1126637250
2026-03-25,600690.SH,23.59,23.74,23.03,23.11,414416,967275943
2026-03-26,600690.SH,22.5,22.5,21.51,22.23,1278958,2804431785
2026-03-29,600690.SH,21.75,21.75,21.41,21.59,786780,1696391210
2026-03-30,600690.SH,21.6,22.04,21.38,21.38,859916,1862998136
2026-03-31,600690.SH,21.66,21.88,21.53,21.79,690783,1501487302
2026-04-01,600690.SH,21.77,21.78,21.31,21.38,585023,1255125377
2026-04-02,600690.SH,21.4,21.46,21.13,21.15,320931,682187297
2026-04-06,600690.SH,21.14,21.2,20.55,20.67,727072,1509215841
2026-04-07,600690.SH,21,21.2,20.95,21.17,576224,1214922253
2026-04-08,600690.SH,21,21,20.68,20.75,499329,1038170309
2026-04-09,600690.SH,20.79,20.99,20.75,20.88,460315,962518048
2026-04-12,600690.SH,20.72,20.76,20.6,20.74,369019,763412701
2026-04-13,600690.SH,20.86,20.99,20.83,20.94,397060,829701392
2026-04-14,600690.SH,21.06,21.25,20.95,21.05,462582,975587540
2026-04-15,600690.SH,21.06,21.28,21.03,21.06,460420,972048109
2026-04-16,600690.SH,21,21.02,20.74,20.85,445128,926426563
2026-04-19,600690.SH,20.84,20.94,20.75,20.77,450680,938382481
2026-04-20,600690.SH,20.8,20.95,20.5,20.83,687325,1422607435
2026-04-21,600690.SH,20.75,20.82,20.64,20.68,462541,958263970
2026-04-22,600690.SH,20.67,20.71,20.43,20.53,511444,1051661719
2026-04-23,600690.SH,20.5,20.56,20.27,20.48,468874,957805253
2026-04-26,600690.SH,20.48,20.72,20.44,20.52,552433,1136484953
2026-04-27,600690.SH,20.41,21.36,20.34,21.34,1249193,2647450254
2026-04-28,600690.SH,21.38,21.83,21.38,21.64,821626,1777319752
2026-04-29,600690.SH,21.5,21.81,21.4,21.53,506243,1092963470
2026-05-05,600690.SH,21.51,21.66,21.41,21.58,526509,1133022076
2026-05-06,600690.SH,21.71,21.85,21.41,21.44,488350,1053850392
2026-05-07,600690.SH,21.44,21.54,21.32,21.39,380369,813986706
2026-05-10,600690.SH,21.38,21.73,21.11,21.49,888491,1910250701
2026-05-11,600690.SH,21.5,21.59,21.18,21.22,471069,1005999791
2026-05-12,600690.SH,21.23,21.33,20.95,21.08,457674,963477251
2026-05-13,600690.SH,21.29,21.58,21.23,21.28,745392,1595044044
2026-05-14,600690.SH,21.38,21.81,21.12,21.4,796216,1718087242
2026-05-17,600690.SH,21.4,21.4,20.82,21.09,656719,1380161836
2026-05-18,600690.SH,21.09,21.2,20.91,20.98,327701,688866830
2026-05-19,600690.SH,20.92,21.04,20.74,20.88,309378,645415526
2026-05-20,600690.SH,20.9,21.02,20.44,20.44,493968,1023364168
2026-05-21,600690.SH,20.45,20.55,20.13,20.38,451843,918580950
2026-05-24,600690.SH,20.34,20.47,20.18,20.31,291053,591383775
2026-05-25,600690.SH,20.27,20.35,20.15,20.22,298467,603280003
2026-05-26,600690.SH,20.23,20.33,19.91,20.16,428726,860887927
2026-05-27,600690.SH,20.05,20.18,19.93,20.11,319537,640717110
2026-05-28,600690.SH,20.09,21.16,20.06,20.88,834823,1736036402
2026-05-31,600690.SH,20.88,21.17,20.71,21.08,555967,1166834237
2026-06-01,600690.SH,21,21.28,20.8,21.13,408229,857244858
2026-06-02,600690.SH,21,21.01,20.58,20.7,569257,1184767224
2026-06-03,600690.SH,20.63,20.79,20.16,20.36,373162,762825464
2026-06-04,600690.SH,20.36,20.69,20.29,20.31,339541,692757104
2026-06-07,600690.SH,20.17,20.45,20.09,20.17,384520,777837969
2026-06-08,600690.SH,20.15,20.23,19.96,20.07,408509,819212882
2026-06-09,600690.SH,20.08,20.69,20.02,20.42,576166,1176163048
2026-06-10,600690.SH,20.37,21.13,20.32,21.11,770234,1605722996
2026-06-11,600690.SH,20.88,21.26,20.76,21.13,721931,1523058168
2026-06-14,600690.SH,21.2,21.23,20.69,20.97,623387,1303973280
2026-06-15,600690.SH,20.91,20.94,20.56,20.72,455209,942132416
2026-06-16,600690.SH,20.7,20.8,20.42,20.49,343510,706164509
2026-06-17,600690.SH,20.41,20.46,19.45,19.45,903314,1791509069
2026-06-21,600690.SH,19.5,20.11,19.25,19.98,488574,961842204
2026-06-22,600690.SH,20.07,20.33,19.67,19.72,446227,890961383
2026-06-23,600690.SH,19.8,19.84,19.3,19.34,369036,718327487
2026-06-24,600690.SH,19.39,20.17,19.29,19.86,566520,1124243105
2026-06-25,600690.SH,19.89,19.9,19.57,19.72,324767,640963458
2026-06-28,600690.SH,20.12,20.58,19.72,20.42,613699,1245303119
2026-06-29,600690.SH,20.42,20.57,20,20.41,521355,1059670027
2026-06-30,600690.SH,20.48,20.67,20.12,20.3,465941,948080091
2026-07-01,600690.SH,20.3,20.65,20.13,20.42,560593,1141366822
2026-07-02,600690.SH,20.43,20.75,20.36,20.58,492050,1010159120
2026-07-05,600690.SH,20.59,20.75,20.44,20.58,439100,904538135
2026-07-06,600690.SH,20.57,20.57,20.2,20.32,335597,681439110
2026-07-07,600690.SH,20.24,20.45,20.1,20.29,250968,508800486
2026-07-08,600690.SH,20.23,20.25,19.9,20.01,389342,779835881
2026-07-09,600690.SH,20,20.37,19.66,20.35,491714,988919715
2026-07-12,600690.SH,20.18,20.35,20.08,20.25,374848,756870730
2026-07-13,600690.SH,20.21,20.39,20.02,20.33,392656,793634371
2026-07-14,600690.SH,20.21,21.11,20.15,21.02,785299,1631007816
2026-07-15,600690.SH,20.92,21.34,20.89,21.11,533310,1124072856
2026-07-16,600690.SH,21.05,21.25,20.86,20.95,450339,947064199
2026-07-19,600690.SH,20.95,21.48,20.94,21.46,560006,1194074370
2026-07-20,600690.SH,21.45,22.32,21.35,21.85,945219,2074448868
2026-07-21,600690.SH,21.76,21.92,21.54,21.92,490763,1067884013
2026-07-22,600690.SH,21.78,21.88,21.62,21.86,303837,662269327
2026-07-23,600690.SH,21.72,21.86,21.58,21.76,429083,932415747
2026-07-26,600690.SH,21.74,22.04,21.66,21.87,364091,796387525
2026-07-27,600690.SH,21.94,22.45,21.83,22.4,520562,1158415232
2026-07-28,600690.SH,22.36,23.19,22.33,22.98,713771,1636019257
2026-07-29,600690.SH,23,23.49,22.9,23.27,546421,1265926267
2026-07-30,600690.SH,22.9,23.29,22.56,23.19,630971,1449776740
2026-08-02,600690.SH,23.2,23.34,22.85,22.92,465658,1073040764
2026-08-03,600690.SH,22.81,22.89,22.45,22.49,523411,1181288118
2026-08-04,600690.SH,22.48,22.58,22.13,22.34,372166,828441787
2026-08-05,600690.SH,22.32,22.39,21.91,22.12,343025,757638937
2026-08-06,600690.SH,22.12,22.17,21.83,21.93,306026,671527433
2026-08-09,600690.SH,21.95,22.33,21.88,22.25,447050,989565662
2026-08-10,600690.SH,22.1,22.39,22,22,332182,735836773
2026-08-11,600690.SH,21.97,21.99,21.48,21.75,428218,928057458
2026-08-12,600690.SH,21.72,21.98,21.61,21.79,291666,636521807
2026-08-13,600690.SH,21.71,21.89,21.61,21.76,261535,569168273
2026-08-16,600690.SH,21.86,21.91,21.3,21.49,468953,1005407296
2026-08-17,600690.SH,21.41,21.69,21.37,21.65,343137,739336267
2026-08-18,600690.SH,21.59,22.01,21.56,21.97,503545,1100900822
2026-08-19,600690.SH,21.93,22.13,21.75,21.77,423194,926666577
2026-08-20,600690.SH,20.92,21.16,20.74,20.86,394631,826106868
2026-08-23,600690.SH,20.85,21.07,20.75,20.94,419439,878144032
2026-08-24,600690.SH,21.08,21.39,20.96,21.23,328892,698408987
2026-08-25,600690.SH,21.21,21.49,21.1,21.15,241556,514206342
2026-08-26,600690.SH,21.02,21.2,20.96,21.12,283739,597796979
2026-08-27,600690.SH,20.66,21.2,20.59,21.12,367798,771117439
2026-08-30,600690.SH,21.07,21.19,20.95,21.18,277296,583718765
2026-08-31,600690.SH,21.12,21.57,21.08,21.42,351768,754150899
2026-09-01,600690.SH,21.4,21.55,21.26,21.33,223166,476389974
2026-09-02,600690.SH,21.33,21.95,21.3,21.82,455577,991960645
2026-09-03,600690.SH,21.8,22.15,21.66,22,444247,974437008
2026-09-06,600690.SH,21.99,22.1,21.44,21.61,365231,789249313
2026-09-07,600690.SH,21.52,21.63,21.4,21.42,209056,448649666
2026-09-08,600690.SH,21.42,21.45,21.17,21.3,198843,423662870
2026-09-09,600690.SH,21.33,21.41,21.08,21.17,275798,584678376
2026-09-10,600690.SH,21.17,21.2,20.84,21.01,283198,595372074
2026-09-13,600690.SH,21.01,21.19,20.93,21.12,230458,485701134
2026-09-14,600690.SH,21.12,21.35,21.02,21.17,218862,464631727
2026-09-15,600690.SH,21.2,21.23,20.62,20.76,277785,577933082
2026-09-16,600690.SH,20.7,20.84,20.58,20.7,226054,468182816
2026-09-17,600690.SH,20.66,21.06,20.65,20.68,272109,566988481
2026-09-20,600690.SH,20.72,20.76,19.85,19.89,929883,1860506506
2026-09-21,600690.SH,19.89,20.29,19.72,20.2,482987,971461194
2026-09-22,600690.SH,20.17,20.35,20.1,20.2,246451,498555150
2026-09-23,600690.SH,20.2,20.45,20.12,20.14,213787,433429341
2026-09-27,600690.SH,20.19,20.39,20.1,20.16,266841,539292668
2026-09-28,600690.SH,20.21,20.37,19.96,20.21,330402,665610850
2026-09-29,600690.SH,20.2,20.52,20.13,20.42,252191,512752812
2022-08-16,000651.SZ,30.88,31.02,30.44,30.98,293996,906353892.66
2022-08-17,000651.SZ,30.87,30.88,30.4,30.43,341891,1043951429.43
2022-08-18,000651.SZ,30.44,30.75,30.4,30.46,257700,786785996.21
2022-08-21,000651.SZ,30.46,30.75,30.33,30.49,256306,782698442.68
2022-08-22,000651.SZ,30.4,30.41,30.15,30.23,276981,836814097.36
2022-08-23,000651.SZ,30.22,30.33,30.01,30.04,272726,821529227.6
2022-08-24,000651.SZ,30.13,30.36,29.9,30.36,290181,875049212.5
2022-08-25,000651.SZ,30.5,30.6,30.13,30.15,220313,666996591.28
2022-08-28,000651.SZ,29.92,30.37,29.85,30.33,244285,736292833.08
2022-08-29,000651.SZ,30.35,30.73,30.34,30.55,233617,712653756.66
2022-08-30,000651.SZ,31.9,32.15,31.52,31.93,1401503,4468837438.38
2022-08-31,000651.SZ,31.9,33.59,31.83,32.86,1571213,5190350757.36
2022-09-01,000651.SZ,33.1,33.23,32.5,33.02,771270,2538961381.28
2022-09-04,000651.SZ,32.99,33.55,32.81,33.36,591181,1964842055.06
2022-09-05,000651.SZ,33.36,33.5,32.75,33.16,486221,1606598226.84
2022-09-06,000651.SZ,33.1,33.15,32.75,32.97,401412,1321992367.7
2022-09-07,000651.SZ,33.05,33.44,32.91,33.18,316306,1048674100.73
2022-09-08,000651.SZ,33.3,34.95,33.26,34.67,1113250,3822477103.85
2022-09-12,000651.SZ,34.67,35.42,34.46,35.15,813359,2851010739.49
2022-09-13,000651.SZ,34.7,35.04,34.56,34.92,417907,1456450317.87
2022-09-14,000651.SZ,35,35.72,34.8,35.1,666577,2349659387.39
2022-09-15,000651.SZ,35.24,35.64,34.59,34.6,578309,2020198263.57
2022-09-18,000651.SZ,34.66,34.73,33.8,34.46,423704,1456673522.47
2022-09-19,000651.SZ,34.54,34.85,33.68,34.2,421638,1436025188.21
2022-09-20,000651.SZ,34.2,34.49,33.74,34.35,343764,1175255772.63
2022-09-21,000651.SZ,34,34.04,33.1,33.12,528416,1764007999.1
2022-09-22,000651.SZ,33.12,33.45,32.75,33.08,326827,1081572532.05
2022-09-25,000651.SZ,32.77,33.45,32.71,32.86,298664,986077974.92
2022-09-26,000651.SZ,32.8,33.6,32.61,33.45,383660,1275214957.77
2022-09-27,000651.SZ,33.3,33.45,32.94,33,257902,853707049.84
2022-09-28,000651.SZ,33.04,33.25,32.5,32.55,276083,903331342.64
2022-09-29,000651.SZ,32.45,32.82,32.2,32.43,241121,784213094.34
2022-10-09,000651.SZ,32.6,32.82,32.05,32.2,305222,990223537.53
2022-10-10,000651.SZ,32.23,32.33,31.8,31.94,237809,761317997.07
2022-10-11,000651.SZ,31.94,32.29,31.42,32.28,285434,907639645.68
2022-10-12,000651.SZ,32.11,32.19,31.62,31.69,270165,861552984
2022-10-13,000651.SZ,31.76,32.49,31.76,32.39,363451,1172578164.99
2022-10-16,000651.SZ,32.34,32.4,32.05,32.27,287652,926620056.28
2022-10-17,000651.SZ,32.35,32.54,32.16,32.34,268111,866819013.8
2022-10-18,000651.SZ,32.3,32.3,31.08,31.13,478261,1507807186.67
2022-10-19,000651.SZ,31,31.06,30.55,30.66,514780,1582853782.37
2022-10-20,000651.SZ,30.7,30.9,30.4,30.6,289409,887734973.62
2022-10-23,000651.SZ,30.6,30.87,29.94,29.98,511355,1543195833.72
2022-10-24,000651.SZ,29.6,30.18,29.6,29.8,332197,992196034.92
2022-10-25,000651.SZ,29.8,30.25,29.8,30.02,359288,1078674129.73
2022-10-26,000651.SZ,30.28,30.48,30.09,30.41,377643,1143835610.62
2022-10-27,000651.SZ,30.55,30.69,29.96,30.19,480892,1459228263.63
2022-10-30,000651.SZ,29.58,29.92,28.49,28.67,1083033,3132805797.07
2022-10-31,000651.SZ,28.75,29.37,28.6,29.37,646025,1874169160.77
2022-11-01,000651.SZ,29.16,30,29.05,29.55,566733,1669391342.33
2022-11-02,000651.SZ,29.26,29.6,29.18,29.29,327907,962098061.3
2022-11-03,000651.SZ,29.3,30.32,29.3,30.16,535485,1605718550.15
2022-11-06,000651.SZ,30.16,30.49,30.02,30.27,337481,1019600741.07
2022-11-07,000651.SZ,30.3,30.35,29.98,30.14,230928,694922727.48
2022-11-08,000651.SZ,30.25,30.6,30.15,30.26,274566,833638222.68
2022-11-09,000651.SZ,30.01,30.26,29.93,30.12,203774,613111630.34
2022-11-10,000651.SZ,30.75,31.5,30.46,31.11,665086,2060381561.27
2022-11-13,000651.SZ,31.8,32.41,31.61,31.71,749636,2398336011.09
2022-11-14,000651.SZ,31.8,32.17,31.5,31.99,391991,1252336617.45
2022-11-15,000651.SZ,32.02,32.08,31.68,31.73,278932,887834587.88
2022-11-16,000651.SZ,31.67,31.92,31.51,31.75,225406,714269173.45
2022-11-17,000651.SZ,31.83,32.02,31.69,31.76,203125,646632936.98
2022-11-20,000651.SZ,31.55,31.57,31,31.1,282278,878476706.89
2022-11-21,000651.SZ,31.2,31.61,31.08,31.29,219449,687275501.06
2022-11-22,000651.SZ,31.32,31.53,31.18,31.2,183435,574485619.17
2022-11-23,000651.SZ,31.45,31.61,31.18,31.22,154163,482978083.98
2022-11-24,000651.SZ,31.21,31.96,31.2,31.76,349981,1110462202.16
2022-11-27,000651.SZ,31.25,31.53,30.86,31.5,261703,817009080.54
2022-11-28,000651.SZ,32.01,32.61,31.93,32.47,513730,1658978772.02
2022-11-29,000651.SZ,32.43,32.63,31.92,32.17,385711,1242142347.79
2022-11-30,000651.SZ,32.5,32.77,32.36,32.42,365439,1187271476.67
2022-12-01,000651.SZ,32.25,32.36,32.09,32.23,259460,836470935.03
2022-12-04,000651.SZ,32.49,32.94,32.48,32.88,370531,1215476571.38
2022-12-05,000651.SZ,32.77,33.31,32.55,32.94,351583,1159982480.47
2022-12-06,000651.SZ,32.93,33.35,32.7,33.12,384985,1273056316.23
2022-12-07,000651.SZ,33.15,33.31,32.91,33.01,247186,817959963.88
2022-12-08,000651.SZ,33.09,34.1,32.98,33.88,686804,2304109729.27
2022-12-11,000651.SZ,33.79,33.94,33.27,33.28,374208,1256353586.74
2022-12-12,000651.SZ,33.47,33.6,33.31,33.37,240632,803646375.91
2022-12-13,000651.SZ,33.36,33.66,32.99,33.4,373874,1246848388.22
2022-12-14,000651.SZ,33.36,33.71,32.88,33.01,278524,921951277.99
2022-12-15,000651.SZ,32.82,33.26,32.78,33.26,306233,1013812022.92
2022-12-18,000651.SZ,33.22,33.65,32.73,32.82,264173,875081107.32
2022-12-19,000651.SZ,32.75,32.9,32.06,32.3,241272,781725229.8
2022-12-20,000651.SZ,32.24,32.67,32.24,32.43,190634,618308607.27
2022-12-21,000651.SZ,32.58,33.37,32.58,32.94,310063,1023161476.38
2022-12-22,000651.SZ,32.77,33.09,32.56,32.78,133523,438291964.15
2022-12-25,000651.SZ,32.8,32.81,32.31,32.35,190077,616557291.89
2022-12-26,000651.SZ,32.47,32.97,32.26,32.63,226464,739779462.87
2022-12-27,000651.SZ,32.44,32.8,32.31,32.57,309398,1007976114.69
2022-12-28,000651.SZ,32.5,32.52,32.01,32.16,253494,815934409.74
2022-12-29,000651.SZ,32.24,32.49,32.21,32.32,192641,623204689
2023-01-02,000651.SZ,32.52,32.78,32.16,32.5,264450,857203474.09
2023-01-03,000651.SZ,32.52,33.34,32.44,33.31,415944,1376299367.64
2023-01-04,000651.SZ,33.61,34.45,33.5,34.2,508894,1733431275.45
2023-01-05,000651.SZ,34.16,34.4,33.91,34.1,309166,1053069733.42
2023-01-08,000651.SZ,34,34.28,33.97,34.09,243099,829238871.93
2023-01-09,000651.SZ,34.1,34.39,33.81,34.12,189744,648148450.27
2023-01-10,000651.SZ,34.12,34.5,33.93,34.43,315975,1084532714.07
2023-01-11,000651.SZ,34.31,34.44,34.06,34.12,178706,611164530.82
2023-01-12,000651.SZ,34.2,34.5,34.12,34.45,248451,853583446.16
2023-01-15,000651.SZ,34.61,36,34.52,35.48,691190,2443086448.06
2023-01-16,000651.SZ,35.44,35.55,35.14,35.45,287753,1017964726.39
2023-01-17,000651.SZ,35.4,35.64,34.94,35.21,242364,853027493.8
2023-01-18,000651.SZ,34.99,35.17,34.72,35.1,198208,692956465.23
2023-01-19,000651.SZ,35.16,35.4,34.91,35.05,228960,802935939.29
2023-01-29,000651.SZ,35.7,35.75,34.98,35.05,406011,1431756651.31
2023-01-30,000651.SZ,35.05,35.27,34.5,34.63,276693,963487230.05
2023-01-31,000651.SZ,34.8,35.08,34.64,34.95,273695,954296679.77
2023-02-01,000651.SZ,34.96,35.06,34.75,34.88,300857,1049190456.34
2023-02-02,000651.SZ,34.7,34.77,34.45,34.7,227968,788485486.2
2023-02-05,000651.SZ,34.51,34.52,33.82,33.84,335208,1140037078.01
2023-02-06,000651.SZ,34.04,34.47,33.98,34.42,228762,784539740.71
2023-02-07,000651.SZ,34.49,34.84,34.15,34.29,200065,689358452.38
2023-02-08,000651.SZ,34.1,34.44,34.01,34.35,207620,711646331.9
2023-02-09,000651.SZ,34.38,34.39,34.1,34.27,152728,523507993.43
2023-02-12,000651.SZ,34.31,34.74,34.16,34.71,286386,987660445.65
2023-02-13,000651.SZ,34.78,34.92,34.6,34.87,192682,670015186.44
2023-02-14,000651.SZ,34.85,34.9,34.44,34.54,167134,577757678.09
2023-02-15,000651.SZ,34.54,34.79,33.93,34.15,281351,968714064.96
2023-02-16,000651.SZ,34.15,34.35,33.95,33.97,181938,621456149.38
2023-02-19,000651.SZ,33.97,35.2,33.97,35.15,523420,1822339522.66
2023-02-20,000651.SZ,35.4,36.29,35.33,36.14,813050,2920138337.59
2023-02-21,000651.SZ,36.08,36.27,35.76,36.08,326660,1176963005.69
2023-02-22,000651.SZ,36.22,37.31,36.22,37.03,813705,3014292022.42
2023-02-23,000651.SZ,36.87,37,36.38,36.56,369261,1352140214.94
2023-02-26,000651.SZ,35.24,35.45,34.54,35.21,391829,1376848522.18
2023-02-27,000651.SZ,35.35,35.74,34.93,35.52,349954,1237336463.87
2023-02-28,000651.SZ,35.52,36.59,35.41,36.42,519705,1882938245.46
2023-03-01,000651.SZ,36.18,36.9,36.12,36.61,457584,1676275922.1
2023-03-02,000651.SZ,36.9,37.53,36.8,36.97,455732,1690430394.73
2023-03-05,000651.SZ,36.98,37.35,36.48,36.91,421124,1556527309.4
2023-03-06,000651.SZ,36.8,37.01,36.16,36.24,414115,1512768970.84
2023-03-07,000651.SZ,36.06,36.59,36,36.49,264508,962114236.77
2023-03-08,000651.SZ,36.73,36.8,36.3,36.62,275033,1009001335.36
2023-03-09,000651.SZ,36.45,36.55,35.57,35.61,360106,1294371651.69
2023-03-12,000651.SZ,35.61,37.12,35.53,37.11,633486,2321045501.75
2023-03-13,000651.SZ,37,37.6,36.59,36.94,610731,2269712345.17
2023-03-14,000651.SZ,37.01,37.65,36.92,37.45,369051,1378304181.23
2023-03-15,000651.SZ,37.2,37.7,37,37.3,375702,1406362389.76
2023-03-16,000651.SZ,37.65,37.96,37.31,37.51,388876,1463969892.26
2023-03-19,000651.SZ,37.49,37.7,36.83,37.1,311754,1158701862.84
2023-03-20,000651.SZ,37.03,37.69,36.98,37.62,315311,1183366151.14
2023-03-21,000651.SZ,37.68,37.77,37.06,37.21,263488,982422968.29
2023-03-22,000651.SZ,37.19,37.5,36.95,37.14,331012,1231631548.47
2023-03-23,000651.SZ,37.01,37.04,36.6,36.86,319514,1177943450.55
2023-03-26,000651.SZ,36.87,36.92,36.2,36.38,370441,1350143941.15
2023-03-27,000651.SZ,36.41,36.72,36.01,36.4,282253,1027278619.78
2023-03-28,000651.SZ,36.43,36.55,36.02,36.15,213239,772096709.22
2023-03-29,000651.SZ,36.2,37.54,35.83,37.23,546578,2005354003.46
2023-03-30,000651.SZ,37.03,37.3,36.71,36.75,331766,1226454623.67
2023-04-02,000651.SZ,36.85,37.48,36.73,37.26,296209,1101948259.53
2023-04-03,000651.SZ,37.12,37.26,36.8,37.03,241679,894596325.65
2023-04-05,000651.SZ,37.04,37.06,36.5,36.75,241197,884473175.43
2023-04-06,000651.SZ,36.75,37.56,36.66,37.29,327833,1223357475.5
2023-04-09,000651.SZ,37.29,37.77,37.02,37.75,317368,1193801199.43
2023-04-10,000651.SZ,37.95,39.4,37.88,39.4,953641,3728690731.93
2023-04-11,000651.SZ,39.42,39.7,39.15,39.4,397237,1565796850.54
2023-04-12,000651.SZ,39.26,39.26,38.39,38.52,318527,1231928665.64
2023-04-13,000651.SZ,38.58,38.7,38.25,38.4,213932,822639039.9
2023-04-16,000651.SZ,38.75,40.34,38.7,40.26,775150,3083784769.24
2023-04-17,000651.SZ,40.42,41.18,40.25,40.58,559068,2275236560.91
2023-04-18,000651.SZ,40.58,40.99,39.94,40.02,409883,1655582272.58
2023-04-19,000651.SZ,40.63,41.9,40.5,41.81,754388,3135979072.4
2023-04-20,000651.SZ,42,42.38,40.94,41.02,458350,1905363433.46
2023-04-23,000651.SZ,41.59,42.62,41.1,41.29,657239,2745696781.85
2023-04-24,000651.SZ,41.3,41.39,40.06,40.84,585689,2380660539.41
2023-04-25,000651.SZ,40.53,40.65,39.53,40,468778,1869597261.48
2023-04-26,000651.SZ,39.98,40.19,39.49,39.8,428931,1710418686.14
2023-04-27,000651.SZ,40.2,40.37,39.02,39.34,690283,2717033086.46
2023-05-03,000651.SZ,36,36.5,35.41,35.42,2129350,7577271735.62
2023-05-04,000651.SZ,35.4,35.88,34.77,35.15,1108025,3900066283.65
2023-05-07,000651.SZ,35.3,35.44,34.33,34.61,1019334,3527983125
2023-05-08,000651.SZ,34.59,35.19,34.5,34.67,697920,2429885987.11
2023-05-09,000651.SZ,34.5,34.81,33.88,34.59,491426,1692227822.63
2023-05-10,000651.SZ,34.51,34.67,34,34.01,533238,1822353714.59
2023-05-11,000651.SZ,34.01,34.77,33.97,34.27,504535,1737222742.58
2023-05-14,000651.SZ,34.29,34.62,33.9,34.47,407477,1396326950.25
2023-05-15,000651.SZ,34.4,34.4,33.73,33.86,550402,1867813199.15
2023-05-16,000651.SZ,33.94,34.04,33.51,34.02,383674,1296412012.05
2023-05-17,000651.SZ,33.97,34.74,33.88,34.34,457687,1574163782.84
2023-05-18,000651.SZ,34.13,35.12,34.01,34.82,488819,1698208741.07
2023-05-21,000651.SZ,34.7,35.56,34.58,35.2,498286,1754067938.57
2023-05-22,000651.SZ,35.21,35.41,35.03,35.05,287584,1012599415.47
2023-05-23,000651.SZ,35.02,35.2,34.4,34.49,267336,928735849.6
2023-05-24,000651.SZ,34.42,34.42,33.99,34.34,331930,1133263849.79
2023-05-25,000651.SZ,34.28,34.47,33.91,34.4,185680,634553908.03
2023-05-28,000651.SZ,34.39,34.66,33.71,34.03,286433,973886487.09
2023-05-29,000651.SZ,34.03,34.03,33.32,33.61,445193,1493859343.44
2023-05-30,000651.SZ,33.62,33.67,32.72,32.98,502144,1658777410.96
2023-05-31,000651.SZ,32.9,33.01,32.51,32.53,431927,1411900023.88
2023-06-01,000651.SZ,32.72,34.25,32.72,34.09,787532,2651395235.66
2023-06-04,000651.SZ,34.09,34.24,33.5,34.17,307786,1043893176.01
2023-06-05,000651.SZ,34.09,34.78,33.86,34.09,389516,1338578010.17
2023-06-06,000651.SZ,34.55,34.89,34.15,34.47,427479,1477768400.66
2023-06-07,000651.SZ,34.43,35.63,34.26,35.49,616882,2166445653.22
2023-06-08,000651.SZ,36.5,36.64,35.13,35.2,469562,1670930340.58
2023-06-11,000651.SZ,35.22,36.41,35.17,36.08,569983,2045844612.58
2023-06-12,000651.SZ,36.08,36.58,35.89,36.07,377054,1363381264.85
2023-06-13,000651.SZ,36.21,37.08,36.15,36.62,538706,1979494645.41
2023-06-14,000651.SZ,36.95,37.24,36.66,37.04,513268,1897082362.82
2023-06-15,000651.SZ,37.11,37.28,36.48,37.1,540704,1993666320.2
2023-06-18,000651.SZ,36.9,36.93,35.98,36.04,438848,1588106004.38
2023-06-19,000651.SZ,36.11,37.3,36.11,36.37,422341,1547661948.24
2023-06-20,000651.SZ,36.3,36.8,36.03,36.16,267247,971750750.16
2023-06-25,000651.SZ,36.3,36.73,35.85,35.97,417846,1514880137.55
2023-06-26,000651.SZ,35.97,37.1,35.73,36.88,574058,2107543660.61
2023-06-27,000651.SZ,37,37.68,37,37.3,528169,1974855560.31
2023-06-28,000651.SZ,37.47,37.58,36.75,36.79,255453,943486394.13
2023-06-29,000651.SZ,36.94,36.97,36.48,36.51,293174,1073991315.89
2023-07-02,000651.SZ,36.52,37.65,36.4,37.4,423551,1578330100.45
2023-07-03,000651.SZ,37.4,37.55,36.63,36.88,341075,1260331736.57
2023-07-04,000651.SZ,36.92,37.09,36.55,36.95,258595,951679817.95
2023-07-05,000651.SZ,36.81,37.46,36.64,36.69,219540,810400557.8
2023-07-06,000651.SZ,36.65,36.7,36.3,36.48,201280,734243944.42
2023-07-09,000651.SZ,36.6,36.9,36.42,36.67,201833,740391855.98
2023-07-10,000651.SZ,36.7,37.2,36.58,37.09,214229,792359934.86
2023-07-11,000651.SZ,37.09,37.55,36.9,37.22,271782,1014181345.24
2023-07-12,000651.SZ,37.25,37.63,37.05,37.22,241596,901870423.93
2023-07-13,000651.SZ,37.28,37.3,36.6,36.74,266626,980952840.98
2023-07-16,000651.SZ,36.78,37,36.52,36.88,138162,508009882.37
2023-07-17,000651.SZ,36.9,37.45,36.66,37.24,273926,1016132765.49
2023-07-18,000651.SZ,37.24,37.58,37.16,37.51,237285,888042927.56
2023-07-19,000651.SZ,37.51,37.8,37.25,37.25,190745,717042765.42
2023-07-20,000651.SZ,37.53,37.61,36.9,37.03,182040,674997695.81
2023-07-23,000651.SZ,36.8,36.99,36.46,36.62,174374,638716695.04
2023-07-24,000651.SZ,36.99,38.88,36.99,38.7,754218,2874756554.27
2023-07-25,000651.SZ,38.55,39.04,38.51,38.86,333581,1295618410.09
2023-07-26,000651.SZ,38.86,39,38.06,38.19,244283,939058908.35
2023-07-27,000651.SZ,38.15,39.06,38.15,38.8,406538,1577185469.32
2023-07-30,000651.SZ,39.01,39.5,38.63,38.76,358654,1397895367.38
2023-07-31,000651.SZ,38.66,39.05,38.23,38.45,250984,967707194.59
2023-08-01,000651.SZ,38.45,38.65,38.18,38.29,204371,783937568.11
2023-08-02,000651.SZ,38.1,38.38,38,38.22,192608,735404886.39
2023-08-03,000651.SZ,38.39,39.08,38.38,38.44,218254,842579032.2
2023-08-06,000651.SZ,38.36,38.53,37.9,38.05,211649,805481627.98
2023-08-07,000651.SZ,37.9,38.2,37.76,37.9,191267,726274745.41
2023-08-08,000651.SZ,37.15,37.2,36.83,36.96,223227,826115884.04
2023-08-09,000651.SZ,37.02,37.1,35.98,36.55,390136,1419756585.35
2023-08-10,000651.SZ,36.55,36.55,35.8,35.91,272622,983703165.33
2023-08-13,000651.SZ,35.66,35.9,34.96,35.82,329677,1167358686.12
2023-08-14,000651.SZ,35.78,36.05,35.52,35.74,187405,670578842.25
2023-08-15,000651.SZ,35.67,36,35.35,35.82,155662,555995406.47
2023-08-16,000651.SZ,35.53,36.04,35.2,36.02,153318,548346500.94
2023-08-17,000651.SZ,36.02,36.08,35.33,35.48,222488,791312698.92
2023-08-20,000651.SZ,35.5,35.59,34.61,34.61,339625,1188863140.2
2023-08-21,000651.SZ,34.76,34.99,34.34,34.5,317056,1098254327.05
2023-08-22,000651.SZ,34.67,34.82,34.19,34.23,229941,791934928.03
2023-08-23,000651.SZ,34.23,34.97,34.15,34.77,226564,784975994.01
2023-08-24,000651.SZ,34.53,34.86,34.37,34.65,165705,573151967.61
2023-08-27,000651.SZ,36.09,36.5,34.39,34.53,504452,1768290449.37
2023-08-28,000651.SZ,34.46,34.88,34.25,34.79,330157,1144798893.9
2023-08-29,000651.SZ,34.94,35.55,34.81,35.12,401751,1412637414.08
2023-08-30,000651.SZ,35.64,36.02,35.43,35.79,544819,1950317671.51
2023-08-31,000651.SZ,35.9,36.78,35.9,36.69,417004,1523440652.91
2023-09-03,000651.SZ,37,37.33,36.74,37.21,368210,1365426562.75
2023-09-04,000651.SZ,37.21,37.23,36.83,36.96,218167,806515403.23
2023-09-05,000651.SZ,36.9,36.9,36.45,36.73,215785,791055275.02
2023-09-06,000651.SZ,36.7,36.83,36.41,36.59,175885,643740413.14
2023-09-07,000651.SZ,36.45,36.55,35.92,36.06,161466,583225153.57
2023-09-10,000651.SZ,36.17,36.5,35.96,36.22,224256,811897738.03
2023-09-11,000651.SZ,36.22,36.75,36.03,36.55,196902,719438091.63
2023-09-12,000651.SZ,36.45,36.6,36.18,36.27,138152,501986150.91
2023-09-13,000651.SZ,36.36,36.4,35.98,36.28,153926,556719385.74
2023-09-14,000651.SZ,36.35,36.46,35.81,35.96,258232,931018817.81
2023-09-17,000651.SZ,35.84,36.16,35.61,36.15,150710,542834693.07
2023-09-18,000651.SZ,36.1,36.1,35.89,36.1,193349,695960718.25
2023-09-19,000651.SZ,36.2,36.75,35.8,36.6,220253,802487566.76
2023-09-20,000651.SZ,36.5,36.55,36.11,36.14,165173,598805931.19
2023-09-21,000651.SZ,36.33,36.73,36.01,36.71,205127,748274478.71
2023-09-24,000651.SZ,36.83,36.92,36.5,36.65,166675,611583209.09
2023-09-25,000651.SZ,36.63,36.89,36.5,36.55,100309,367412189.33
2023-09-26,000651.SZ,36.46,36.85,36.43,36.5,169859,621843630.51
2023-09-27,000651.SZ,36.53,36.65,36.25,36.3,152029,552509311.16
2023-10-08,000651.SZ,36.2,36.77,35.84,36.6,247568,901912870.6
2023-10-09,000651.SZ,36.73,36.85,35.08,35.25,460552,1639098479.11
2023-10-10,000651.SZ,35.29,35.81,35.03,35.07,236528,834496789.34
2023-10-11,000651.SZ,35.35,35.48,34.95,35.16,258560,908956456.95
2023-10-12,000651.SZ,35,35.05,34.63,34.81,210475,731449981.33
2023-10-15,000651.SZ,34.8,34.88,34.51,34.58,180946,626341119.71
2023-10-16,000651.SZ,34.59,34.85,34.5,34.79,164409,571050599.73
2023-10-17,000651.SZ,34.7,34.7,34.31,34.39,193291,666267009.7
2023-10-18,000651.SZ,34.16,34.31,33.69,33.71,307275,1041200498.55
2023-10-19,000651.SZ,33.63,33.88,33.48,33.58,211862,712895194.8
2023-10-22,000651.SZ,33.58,33.8,33.11,33.45,178963,598522618.36
2023-10-23,000651.SZ,33.6,33.68,33.21,33.55,260261,870049199.63
2023-10-24,000651.SZ,33.99,34.05,33.42,33.49,264354,889649499.83
2023-10-25,000651.SZ,33.4,33.65,33.15,33.39,205711,685589803.44
2023-10-26,000651.SZ,33.88,34.42,33.55,34.22,456033,1551851204.68
2023-10-29,000651.SZ,34.1,34.27,33.81,34.05,301714,1024941837.21
2023-10-30,000651.SZ,34.28,34.28,33.82,33.93,259423,881387502.23
2023-10-31,000651.SZ,33.85,34.05,33.71,33.84,202899,686718880.89
2023-11-01,000651.SZ,33.87,34.42,33.85,34.03,298788,1018357231.89
2023-11-02,000651.SZ,34.03,34.16,33.86,34.01,244876,833080838
2023-11-05,000651.SZ,34.15,34.18,33.84,34.08,342397,1164921201.03
2023-11-06,000651.SZ,34,34.02,33.66,33.79,283820,959310694.01
2023-11-07,000651.SZ,33.8,33.88,33.5,33.67,315615,1063059458.47
2023-11-08,000651.SZ,33.67,33.83,33.58,33.7,196691,662691150.94
2023-11-09,000651.SZ,33.7,33.7,33.37,33.48,220590,737889765.63
2023-11-12,000651.SZ,33.33,33.48,32.32,32.57,577977,1887277481.34
2023-11-13,000651.SZ,32.41,32.84,32.2,32.78,302183,985908323.9
2023-11-14,000651.SZ,32.98,33.02,32.7,32.85,260261,854392765.05
2023-11-15,000651.SZ,32.8,32.85,32.45,32.61,203309,662865371.29
2023-11-16,000651.SZ,32.4,32.57,32.26,32.5,221672,717893453.26
2023-11-19,000651.SZ,32.5,32.97,32.21,32.79,292388,955070591.97
2023-11-20,000651.SZ,32.86,33.26,32.8,32.87,294220,972407448.06
2023-11-21,000651.SZ,32.78,32.92,32.66,32.75,200535,657519522.81
2023-11-22,000651.SZ,32.75,33,32.53,32.96,219398,718352202.45
2023-11-23,000651.SZ,32.96,33.13,32.8,33,209527,691097915.97
2023-11-26,000651.SZ,33,33,32.58,32.77,231489,757426392.49
2023-11-27,000651.SZ,32.75,32.96,32.65,32.89,160681,527270628.76
2023-11-28,000651.SZ,32.85,32.93,32.63,32.88,179580,588995772.05
2023-11-29,000651.SZ,32.77,33.08,32.77,32.95,197210,649914618.37
2023-11-30,000651.SZ,32.98,33,32.23,32.5,347277,1127729799.62
2023-12-03,000651.SZ,32.46,32.93,32.38,32.8,248306,813234426.6
2023-12-04,000651.SZ,32.73,32.96,32.47,32.47,228866,749468140.23
2023-12-05,000651.SZ,32.43,32.69,32.34,32.42,213777,694729359.6
2023-12-06,000651.SZ,32.5,33.08,32.45,32.82,306857,1006689049.24
2023-12-07,000651.SZ,32.8,33.03,32.71,32.88,217174,714933424.53
2023-12-10,000651.SZ,32.71,32.97,32.36,32.84,281106,918210492.87
2023-12-11,000651.SZ,32.78,33.37,32.72,33.28,301160,998459135.83
2023-12-12,000651.SZ,33.3,33.3,32.82,32.96,233944,771494328.31
2023-12-13,000651.SZ,33,33.4,33,33.14,284164,943744169
2023-12-14,000651.SZ,33.25,33.35,33.06,33.1,261698,868127074.49
2023-12-17,000651.SZ,32.95,33.38,32.64,33.17,210997,698998872.58
2023-12-18,000651.SZ,33.16,33.18,32.91,33.15,161785,534402794.63
2023-12-19,000651.SZ,32.78,32.8,30.78,30.8,1241106,3884586023.49
2023-12-20,000651.SZ,31.1,31.86,31.06,31.49,913251,2869808381.48
2023-12-21,000651.SZ,31.32,32.32,31.29,32.04,581120,1855875804.68
2023-12-24,000651.SZ,32.07,32.24,31.85,31.95,281843,902465455.79
2023-12-25,000651.SZ,31.95,32.34,31.68,31.77,230865,736632433.97
2023-12-26,000651.SZ,31.81,32.1,31.68,32.05,276425,882879713.6
2023-12-27,000651.SZ,32.2,32.44,31.98,32.31,380343,1226246305.72
2023-12-28,000651.SZ,32.21,32.34,31.92,32.17,329147,1055454739.27
2024-01-01,000651.SZ,32.17,32.2,31.96,32.03,253797,814257174.52
2024-01-02,000651.SZ,32,32.08,31.7,31.8,254469,810315013.15
2024-01-03,000651.SZ,31.9,32.01,31.45,31.95,333398,1057458411.45
2024-01-04,000651.SZ,32.05,33.29,31.62,32.98,832157,2738167636.02
2024-01-07,000651.SZ,33.12,33.21,32.85,32.9,415911,1372722050.09
2024-01-08,000651.SZ,32.81,33.55,32.65,33.49,438208,1454959636.83
2024-01-09,000651.SZ,33.35,33.84,33.28,33.67,366486,1233441572.36
2024-01-10,000651.SZ,33.66,33.82,33.42,33.59,284089,955075100.15
2024-01-11,000651.SZ,33.5,33.83,33.42,33.62,224013,753931821.3
2024-01-14,000651.SZ,33.45,33.95,33.42,33.84,295681,996815724.5
2024-01-15,000651.SZ,33.74,34.24,33.61,34.11,288817,981985129.61
2024-01-16,000651.SZ,33.98,34.17,33.66,33.67,254044,862978614.67
2024-01-17,000651.SZ,33.45,33.8,32.83,33.64,425999,1415827045.65
2024-01-18,000651.SZ,33.5,33.75,33.36,33.55,221193,742171248.79
2024-01-21,000651.SZ,33.51,33.73,32.8,33,374868,1252130523
2024-01-22,000651.SZ,33.01,33.15,32.73,32.95,342016,1126417759.11
2024-01-23,000651.SZ,33.16,33.7,32.96,33.65,324248,1081791120.13
2024-01-24,000651.SZ,33.65,33.81,33.41,33.66,343032,1153568899.04
2024-01-25,000651.SZ,33.61,33.77,33.2,33.66,402429,1348398856.33
2024-01-28,000651.SZ,34.97,35.25,34.41,35.06,825997,2881709947.28
2024-01-29,000651.SZ,34.8,35.57,34.67,35.15,595593,2096921935.78
2024-01-30,000651.SZ,34.98,35.67,34.91,35.25,572176,2026993048.41
2024-01-31,000651.SZ,35.18,35.49,35.01,35.28,396452,1399336815.11
2024-02-01,000651.SZ,35.2,35.84,34.63,35.6,572033,2029392736.28
2024-02-04,000651.SZ,35.35,36.16,35.13,36.08,680969,2434258295.16
2024-02-05,000651.SZ,35.9,36.8,35.55,35.9,771546,2786260236.21
2024-02-06,000651.SZ,35.91,36.88,35.47,36.8,770418,2793901512.5
2024-02-07,000651.SZ,36.8,36.94,35.96,36.14,570544,2075374688.46
2024-02-18,000651.SZ,36.48,37,36.16,36.98,496454,1822315594.67
2024-02-19,000651.SZ,37,38,36.94,37.96,512567,1932836783.29
2024-02-20,000651.SZ,37.9,38.35,37.61,37.87,476226,1811420029.02
2024-02-21,000651.SZ,37.7,38.3,37.6,38.28,314746,1199293232.89
2024-02-22,000651.SZ,38.35,38.41,37.9,38.12,341738,1304163891.46
2024-02-25,000651.SZ,38.66,39.34,38.61,38.88,487607,1898772035
2024-02-26,000651.SZ,38.76,39,38.52,38.88,351050,1361036932.17
2024-02-27,000651.SZ,38.87,39.19,38.55,38.8,351334,1366592263.19
2024-02-28,000651.SZ,38.8,39.19,38.7,39.05,339440,1323366861.9
2024-02-29,000651.SZ,39.08,40.02,38.94,40.01,492351,1959057808.2
2024-03-03,000651.SZ,40.4,41,39.84,40.07,512992,2069842376.94
2024-03-04,000651.SZ,39.99,40.26,39.54,40.2,415342,1656369540.05
2024-03-05,000651.SZ,40.18,40.58,40.05,40.12,279657,1127135011.81
2024-03-06,000651.SZ,40.44,41.17,40.31,40.95,442306,1809719828.07
2024-03-07,000651.SZ,40.96,41.16,40.57,40.97,262474,1074163111.78
2024-03-10,000651.SZ,40.97,41.25,40.05,40.47,444828,1797670198.3
2024-03-11,000651.SZ,40.46,40.46,38.9,39.26,834673,3279867071.54
2024-03-12,000651.SZ,39.19,39.56,38.93,39.48,419753,1649612350.65
2024-03-13,000651.SZ,39.33,40.03,39.31,39.55,348136,1383580808.98
2024-03-14,000651.SZ,39.59,39.61,38.51,38.82,485509,1885101523.86
2024-03-17,000651.SZ,38.84,38.89,38.02,38.3,523705,2005747361.53
2024-03-18,000651.SZ,38.25,38.57,38.1,38.28,308844,1185571317
2024-03-19,000651.SZ,38.26,38.46,37.75,38.25,316233,1206997723.24
2024-03-20,000651.SZ,38.3,38.39,37.8,37.92,311924,1185099232.2
2024-03-21,000651.SZ,37.9,38.25,37.77,38.14,294905,1122536771.85
2024-03-24,000651.SZ,38.01,38.62,37.85,38.16,336788,1288353421.89
2024-03-25,000651.SZ,38.14,38.33,37.8,38.1,335209,1274359377.76
2024-03-26,000651.SZ,38.02,39.08,38.02,38.67,458120,1776774056.14
2024-03-27,000651.SZ,38.95,39.5,38.38,39.2,460441,1799386683.22
2024-03-28,000651.SZ,39.1,39.45,38.88,39.31,235858,926421709.71
2024-03-31,000651.SZ,39.5,40.28,39.46,40.12,385076,1540677171.58
2024-04-01,000651.SZ,40,40.39,39.81,39.99,309175,1240313639.8
2024-04-02,000651.SZ,39.96,40.48,39.86,40.37,255374,1025866808.06
2024-04-07,000651.SZ,40.36,40.36,39.4,39.57,367134,1458182185.5
2024-04-08,000651.SZ,39.5,39.6,38.05,38.1,587518,2267107751.78
2024-04-09,000651.SZ,38.08,38.65,37.8,37.92,374312,1425725310.28
2024-04-10,000651.SZ,37.79,38,37.45,37.9,288705,1090571254.06
2024-04-11,000651.SZ,37.95,38.55,37.77,38.18,328349,1255809586.59
2024-04-14,000651.SZ,38.33,39.43,38.19,39.4,466934,1819645631.08
2024-04-15,000651.SZ,39.26,39.76,38.87,39.38,432950,1704342327.43
2024-04-16,000651.SZ,39.13,39.58,38.4,39.57,373531,1459215247.58
2024-04-17,000651.SZ,39.45,40.6,39.31,40,498592,1999878416.96
2024-04-18,000651.SZ,39.71,40.13,39.64,39.94,273686,1090933254.39
2024-04-21,000651.SZ,39.92,40.47,39.39,39.57,312519,1246349957
2024-04-22,000651.SZ,39.38,39.55,38.67,39.15,286777,1119334123.64
2024-04-23,000651.SZ,39.01,39.2,38.5,38.87,235063,910431121.73
2024-04-24,000651.SZ,38.8,39.17,38.7,38.95,161404,628726438.2
2024-04-25,000651.SZ,39.09,39.55,38.91,39.5,296995,1167130289
2024-04-28,000651.SZ,39.56,40.96,39.1,40.51,525006,2114122810.06
2024-04-29,000651.SZ,41,42.75,40.55,42.12,980636,4110016581.67
2024-05-05,000651.SZ,42.6,43.73,42.31,43.41,754279,3246585020.89
2024-05-06,000651.SZ,43.09,43.31,42.65,42.67,421694,1806835842.33
2024-05-07,000651.SZ,42.63,42.84,42.15,42.2,301918,1280662523.81
2024-05-08,000651.SZ,42.31,42.75,42.1,42.68,293784,1248872223.66
2024-05-09,000651.SZ,42.7,43.36,42.67,43.22,396756,1710119174.74
2024-05-12,000651.SZ,43.38,43.83,42.85,43.58,341803,1485770427.31
2024-05-13,000651.SZ,43.55,43.57,42.24,42.64,395549,1689021332.64
2024-05-14,000651.SZ,42.4,43.21,42.38,42.76,249568,1069075619.68
2024-05-15,000651.SZ,42.7,42.74,42.16,42.34,316833,1343345296.88
2024-05-16,000651.SZ,42.3,42.45,41.52,42.25,425708,1784032261.55
2024-05-19,000651.SZ,42.33,42.71,41.72,41.88,375277,1574083945.81
2024-05-20,000651.SZ,41.8,42.01,41.5,41.8,351661,1469636041.87
2024-05-21,000651.SZ,41.85,41.86,41.41,41.56,256623,1068081497.34
2024-05-22,000651.SZ,41.56,41.57,40.95,41.22,345157,1420892784.26
2024-05-23,000651.SZ,41,41.48,40.9,41.17,230410,950667756.16
2024-05-26,000651.SZ,41.13,42.13,41.06,41.92,397296,1659208522.29
2024-05-27,000651.SZ,41.92,42.04,41.36,41.56,256027,1064316981.72
2024-05-28,000651.SZ,41.5,41.74,41.18,41.18,256846,1061813315.39
2024-05-29,000651.SZ,41.1,41.5,40.95,41.1,201416,830258144.7
2024-05-30,000651.SZ,41.35,41.46,40.7,40.7,269973,1106477952.8
2024-06-02,000651.SZ,40.73,41.7,40.62,41.48,313903,1298433922.15
2024-06-03,000651.SZ,41.35,41.71,40.88,41.58,240686,996117848.34
2024-06-04,000651.SZ,41.59,41.89,40.85,40.9,259017,1065750791.44
2024-06-05,000651.SZ,40.78,41.85,40.76,41.51,401031,1661926702.2
2024-06-06,000651.SZ,41.35,41.62,40.78,41.1,319127,1310109909.03
2024-06-10,000651.SZ,40.95,41.29,40.08,40.57,375883,1523082825.22
2024-06-11,000651.SZ,40.44,40.88,39.98,40.71,233907,946880583.03
2024-06-12,000651.SZ,40.71,41.02,40.2,40.23,264388,1070999925.1
2024-06-13,000651.SZ,40.24,40.95,40.09,40.93,316202,1285798634.84
2024-06-16,000651.SZ,40.7,41.12,40.22,40.36,301089,1221575955.51
2024-06-17,000651.SZ,40.25,40.5,40,40.41,189857,764353398.63
2024-06-18,000651.SZ,40.31,40.35,39.47,39.98,291053,1162166294.6
2024-06-19,000651.SZ,39.95,40.16,39.56,39.77,235288,937216434.76
2024-06-20,000651.SZ,39.7,39.94,39.33,39.71,247595,981032643.34
2024-06-23,000651.SZ,39.55,40.23,39.5,40.05,291104,1163397987.53
2024-06-24,000651.SZ,39.95,40.86,39.82,40.43,284573,1148476815.38
2024-06-25,000651.SZ,40.43,40.6,39.81,39.91,253622,1014654828.21
2024-06-26,000651.SZ,39.77,39.91,38.91,39.48,373421,1467359869.52
2024-06-27,000651.SZ,39.23,39.7,39.05,39.22,278755,1096024976.65
2024-06-30,000651.SZ,39.02,39.5,38.75,38.9,275961,1075062388.23
2024-07-01,000651.SZ,38.8,38.89,38.05,38.26,398884,1530319495.89
2024-07-02,000651.SZ,38.23,38.46,38.02,38.13,244245,932290181.3
2024-07-03,000651.SZ,38.15,38.7,37.82,38.02,370594,1415892842.92
2024-07-04,000651.SZ,38.01,38.24,37.2,37.7,390273,1466749485.59
2024-07-07,000651.SZ,37.67,38,37.43,37.95,272603,1031477101.79
2024-07-08,000651.SZ,37.98,38.46,37.73,38.38,301847,1151948245.58
2024-07-09,000651.SZ,38.38,38.55,37.66,37.88,295701,1123625131.84
2024-07-10,000651.SZ,38.18,38.78,38.02,38.68,333476,1283249678.07
2024-07-11,000651.SZ,38.5,39.05,38.38,38.87,336148,1302936693.62
2024-07-14,000651.SZ,38.86,38.99,38.41,38.63,211502,818208130.35
2024-07-15,000651.SZ,38.65,38.75,38.13,38.48,252866,970876291.74
2024-07-16,000651.SZ,38.3,38.54,37.8,38.41,323609,1233750584.85
2024-07-17,000651.SZ,38.23,39.41,38.11,39.36,424681,1654792999.72
2024-07-18,000651.SZ,39.27,39.3,38.8,39.25,254267,994455937.67
2024-07-21,000651.SZ,39.2,39.4,38.71,38.86,242172,942196727.48
2024-07-22,000651.SZ,38.83,38.91,38.1,38.1,234763,899514232.09
2024-07-23,000651.SZ,38.07,38.1,37,37.16,370313,1384293749.63
2024-07-24,000651.SZ,37.08,37.57,36.74,37.39,265089,988651087.48
2024-07-25,000651.SZ,38.99,39.93,38.9,39.83,938741,3707523769.09
2024-07-28,000651.SZ,40.07,40.35,39.5,39.83,354714,1412188704.12
2024-07-29,000651.SZ,39.7,39.72,38.66,38.99,374062,1458120881.24
2024-07-30,000651.SZ,38.86,40.21,38.69,40.02,435185,1730900043.09
2024-07-31,000651.SZ,39.82,40.97,39.82,40.62,426966,1734176628.38
2024-08-01,000651.SZ,40.49,41.03,40.09,40.65,305269,1241507672.42
2024-08-04,000651.SZ,40.6,41.79,40.55,41.11,614862,2544711757.97
2024-08-05,000651.SZ,41.11,41.49,40.29,40.68,356468,1448654364.74
2024-08-06,000651.SZ,40.58,40.7,40.06,40.47,261813,1058640608.41
2024-08-07,000651.SZ,40.46,40.75,40.26,40.48,226216,917057128.15
2024-08-08,000651.SZ,40.48,40.72,40.22,40.3,189369,765911250.74
2024-08-11,000651.SZ,40.11,40.75,40.07,40.33,174851,706857997.49
2024-08-12,000651.SZ,40.38,40.45,39.73,40.23,194762,779962114.67
2024-08-13,000651.SZ,40.23,40.32,39.82,40.12,129686,520578959.78
2024-08-14,000651.SZ,40.06,40.84,39.85,40.52,260145,1053634918.48
2024-08-15,000651.SZ,40.65,41.15,40.45,41.02,235086,961449832.8
2024-08-18,000651.SZ,40.82,41.39,40.41,40.74,249513,1016628361.34
2024-08-19,000651.SZ,40.74,41.06,40.31,40.96,236226,964487997.15
2024-08-20,000651.SZ,40.8,41.18,40.51,40.83,187463,765399524.25
2024-08-21,000651.SZ,41,41.39,40.79,41.26,324861,1336132088.78
2024-08-22,000651.SZ,41.27,42.18,41.12,42.04,457705,1916764127.43
2024-08-25,000651.SZ,42.18,42.3,41.68,42.07,347870,1461531749.83
2024-08-26,000651.SZ,42.03,42.03,41.63,41.77,314714,1314722788.29
2024-08-27,000651.SZ,39.45,39.5,38.36,38.8,405557,1572103895.36
2024-08-28,000651.SZ,38.79,39.45,38.78,38.81,277056,1081762732.06
2024-08-29,000651.SZ,38.66,40.38,38.36,39.7,470828,1860482980.89
2024-09-01,000651.SZ,39.8,40.58,39.61,40.05,432074,1734116870.28
2024-09-02,000651.SZ,40.01,40.83,40.01,40.63,297735,1206841622.3
2024-09-03,000651.SZ,40.52,40.9,40.23,40.53,251925,1022771809.75
2024-09-04,000651.SZ,40.53,40.88,39.95,40.34,233588,940340084.61
2024-09-05,000651.SZ,40.33,40.53,39.94,39.96,167399,673025196.08
2024-09-08,000651.SZ,39.95,39.95,38.83,38.9,305816,1196141649.91
2024-09-09,000651.SZ,38.9,39.28,38.82,39,169145,660565386.68
2024-09-10,000651.SZ,38.86,39.58,38.56,39.09,234141,918150009.06
2024-09-11,000651.SZ,39.02,39.24,38.28,38.66,288480,1115446812.36
2024-09-12,000651.SZ,38.67,39.57,38.61,39.24,263329,1035043051.97
2024-09-17,000651.SZ,39.27,40.57,39.19,40.52,351814,1416195925.31
2024-09-18,000651.SZ,40,40.71,39.61,40.65,325759,1317774229.27
2024-09-19,000651.SZ,40.7,41.2,40.52,41.07,318398,1302790830.6
2024-09-22,000651.SZ,41.07,41.63,40.94,41.43,266905,1106013411.89
2024-09-23,000651.SZ,41.85,41.85,40.6,41.48,526593,2169296117.03
2024-09-24,000651.SZ,41.99,43.08,41.95,42.48,647684,2762994159.39
2024-09-25,000651.SZ,42.7,44.4,42.45,44.38,601930,2616721643.95
2024-09-26,000651.SZ,45.12,45.5,43.55,44.4,912502,4050941073.69
2024-09-29,000651.SZ,45.51,48.12,45.5,47.94,1386869,6506594536.19
2024-10-07,000651.SZ,52.73,52.73,49.21,51.5,1294674,6643599313.42
2024-10-08,000651.SZ,50.45,50.45,46.85,47.93,1105212,5375039058.75
2024-10-09,000651.SZ,48.17,50.43,48.17,49.65,735228,3643807844.4
2024-10-10,000651.SZ,49.66,49.87,48.22,48.59,427100,2093846032.82
2024-10-13,000651.SZ,48.66,50.38,48.66,49.84,538686,2675835906.34
2024-10-14,000651.SZ,49.78,49.99,48.53,48.57,356013,1751669430.72
2024-10-15,000651.SZ,47.98,48.06,46.88,47.47,454361,2159666387.64
2024-10-16,000651.SZ,47.68,48.27,46.57,46.61,386123,1827620325.14
2024-10-17,000651.SZ,46.49,47.98,46.24,47.3,470059,2210219452.41
2024-10-20,000651.SZ,47.3,47.37,46.24,47,474467,2221273465.54
2024-10-21,000651.SZ,46.98,48.44,46.8,47.78,422341,2016156144.29
2024-10-22,000651.SZ,47.88,48.43,47.58,47.93,326939,1570175152.92
2024-10-23,000651.SZ,47.66,47.93,47.21,47.38,194601,924132755.27
2024-10-24,000651.SZ,47.3,47.38,46.8,46.99,261745,1230949489.75
2024-10-27,000651.SZ,46.99,47.33,46.37,46.76,279107,1305473346.57
2024-10-28,000651.SZ,46.81,47.34,46.51,46.59,282159,1320107682.45
2024-10-29,000651.SZ,46.59,47.03,45.41,45.78,408391,1875972876.36
2024-10-30,000651.SZ,44.5,44.7,43.08,43.5,1049915,4576391088.7
2024-10-31,000651.SZ,43.5,43.95,43.2,43.52,542050,2362698224.43
2024-11-03,000651.SZ,43.6,43.66,42.86,43.3,545477,2353259445.15
2024-11-04,000651.SZ,43.3,43.97,42.82,43.9,631994,2749383594.95
2024-11-05,000651.SZ,43.8,43.81,42.67,42.84,799865,3453068248.75
2024-11-06,000651.SZ,42.66,44.26,42.53,44.26,799968,3479303735.49
2024-11-07,000651.SZ,44.6,45.12,43.8,44.25,813827,3611196091.24
2024-11-10,000651.SZ,43.92,43.94,43.17,43.75,566057,2461615709.46
2024-11-11,000651.SZ,43.75,44.95,43.53,43.7,660718,2921160426.22
2024-11-12,000651.SZ,43.57,44.22,43.5,43.92,453492,1989134112.88
2024-11-13,000651.SZ,43.6,44.44,43.29,43.72,459934,2023483638.75
2024-11-14,000651.SZ,43.65,43.86,42.89,43.12,424108,1839025066.11
2024-11-17,000651.SZ,43.16,43.5,42.7,42.87,340397,1467672248.68
2024-11-18,000651.SZ,42.87,43.06,42.51,42.93,291528,1248385921.13
2024-11-19,000651.SZ,42.85,42.85,42.56,42.73,295771,1262410434.18
2024-11-20,000651.SZ,42.66,42.69,42,42.31,396281,1672811222.25
2024-11-21,000651.SZ,42.26,42.66,41.25,41.3,508145,2130305592.02
2024-11-24,000651.SZ,41.3,41.77,40.8,40.97,423571,1743305566.99
2024-11-25,000651.SZ,40.84,41.42,40.51,41.18,394506,1620126630.94
2024-11-26,000651.SZ,41.29,42.09,41.16,42.09,432240,1803907214.19
2024-11-27,000651.SZ,42.06,42.19,41.5,41.6,263825,1101489346.63
2024-11-28,000651.SZ,41.61,42.21,41.51,42.08,346381,1455893214.21
2024-12-01,000651.SZ,42.08,42.15,41.4,42.04,391868,1639135591.82
2024-12-02,000651.SZ,41.92,42.4,41.85,42.35,348412,1469976470.93
2024-12-03,000651.SZ,42.38,43.39,42.07,42.63,536984,2297996487.26
2024-12-04,000651.SZ,42.65,43.05,42.23,42.32,304191,1292423428.1
2024-12-05,000651.SZ,42.3,42.66,42.11,42.27,384860,1632092918.45
2024-12-08,000651.SZ,42.28,42.63,41.61,42.35,353740,1494133323.01
2024-12-09,000651.SZ,43.52,44.19,42.92,42.98,759261,3306086992.16
2024-12-10,000651.SZ,42.92,43.6,42.81,43.31,326087,1413448882.67
2024-12-11,000651.SZ,43.21,43.55,43.05,43.46,323960,1403211432.79
2024-12-12,000651.SZ,43.31,43.4,42.75,43,435002,1872578613.23
2024-12-15,000651.SZ,42.86,43.44,42.71,42.88,309204,1328674019.35
2024-12-16,000651.SZ,42.86,43.53,42.76,43,334839,1447104375.62
2024-12-17,000651.SZ,43.19,43.56,43.13,43.45,297198,1290565468.62
2024-12-18,000651.SZ,43.3,43.99,43.17,43.65,434387,1898655823.01
2024-12-19,000651.SZ,43.65,43.95,43.2,43.26,350966,1530168146.81
2024-12-22,000651.SZ,43.32,44.7,43.31,44.49,693206,3069252490.8
2024-12-23,000651.SZ,44.52,46.11,44.52,45.58,700826,3192368932.86
2024-12-24,000651.SZ,45.75,45.99,45.21,45.44,400878,1828234471.23
2024-12-25,000651.SZ,45.45,45.63,45,45.44,324527,1470693812.96
2024-12-26,000651.SZ,45.44,45.62,44.61,45.06,379156,1704866921.53
2024-12-29,000651.SZ,45.06,45.96,45.06,45.57,388822,1775014142.24
2024-12-30,000651.SZ,45.6,45.95,45.23,45.45,424767,1937415745.53
2025-01-01,000651.SZ,46.48,47.48,46,46.34,952532,4449784976.21
2025-01-02,000651.SZ,46.38,47.32,45.6,45.74,527086,2436435046.42
2025-01-05,000651.SZ,45.94,46.52,45.28,46.02,542128,2489906993.3
2025-01-06,000651.SZ,45.81,46.36,45.1,45.65,444061,2032272814.6
2025-01-07,000651.SZ,45.6,47.38,45.45,47.24,778213,3639432912.39
2025-01-08,000651.SZ,47.3,47.65,46.71,47.5,454126,2148119227.07
2025-01-09,000651.SZ,47.34,47.76,46.25,46.4,371613,1734493428.78
2025-01-12,000651.SZ,45.8,45.97,44.69,44.9,421112,1903557018.62
2025-01-13,000651.SZ,44.86,45.87,44.79,45.64,315822,1434156900.8
2025-01-14,000651.SZ,45.52,46.84,45.46,46.09,328817,1521038271.39
2025-01-15,000651.SZ,46.3,47.14,46.12,46.3,297938,1386882882.38
2025-01-16,000651.SZ,46.15,46.39,45.54,46,245895,1131875331.99
2025-01-19,000651.SZ,46.02,46.38,44.7,45.08,618773,2797125718.01
2025-01-20,000651.SZ,45.38,45.4,44.62,44.76,300011,1345248908.11
2025-01-21,000651.SZ,44.66,44.74,43.55,44.06,396856,1746974884.37
2025-01-22,000651.SZ,44.25,44.82,44.1,44.27,375098,1667303256.59
2025-01-23,000651.SZ,44.27,44.88,43.93,44.46,331517,1475277189.85
2025-01-26,000651.SZ,44.47,45.27,44.47,44.89,283540,1274083766.08
2025-02-04,000651.SZ,44.54,44.8,43.74,43.83,344665,1514802179.23
2025-02-05,000651.SZ,43.87,44.04,43.33,43.64,343097,1495055072.32
2025-02-06,000651.SZ,43.68,44.27,43.31,44.12,401399,1763199894.38
2025-02-09,000651.SZ,44.12,44.24,43.65,43.88,305898,1341233006.29
2025-02-10,000651.SZ,43.97,44.14,43.45,43.66,291797,1275546261.92
2025-02-11,000651.SZ,43.65,43.88,43.33,43.76,270728,1178412798.74
2025-02-12,000651.SZ,43.7,44.05,43.56,43.82,338051,1483436136.28
2025-02-13,000651.SZ,43.7,44.27,43.7,43.99,281229,1238280266.68
2025-02-16,000651.SZ,43.81,43.99,43.28,43.67,371431,1615024282.43
2025-02-17,000651.SZ,43.5,43.59,42.93,43.03,430422,1859047194.44
2025-02-18,000651.SZ,43.04,43.09,41.76,41.94,950387,3997869746.85
2025-02-19,000651.SZ,41.85,41.98,41.33,41.85,624175,2599789535.85
2025-02-20,000651.SZ,41.84,41.84,40.84,41.36,819511,3373474394.38
2025-02-23,000651.SZ,41.16,41.58,40.9,41.27,537526,2218449804.74
2025-02-24,000651.SZ,41.18,41.19,40.4,40.5,666442,2712820413.29
2025-02-25,000651.SZ,40.5,41.06,40.5,40.92,489297,1995742497.18
2025-02-26,000651.SZ,40.95,41.61,40.94,41.43,737997,3052301704.88
2025-02-27,000651.SZ,41.38,41.87,40.81,40.85,613728,2531151570.6
2025-03-02,000651.SZ,40.84,41.02,40.45,40.56,419939,1709210134.66
2025-03-03,000651.SZ,41.95,42.45,41.58,41.69,1100128,4626447415.97
2025-03-04,000651.SZ,41.73,42.2,41.44,42.06,519028,2176708623.25
2025-03-05,000651.SZ,42.15,42.2,41.69,42.11,453774,1906837452.46
2025-03-06,000651.SZ,41.99,42.22,41.74,41.86,314475,1317345207.53
2025-03-09,000651.SZ,41.86,42.25,41.55,42.25,365831,1535238478.75
2025-03-10,000651.SZ,41.9,42.51,41.86,42.35,348545,1469626137.52
2025-03-11,000651.SZ,42.36,42.4,41.93,42.12,329320,1388249580.26
2025-03-12,000651.SZ,42.1,42.92,42.02,42.53,507058,2161809154.67
2025-03-13,000651.SZ,42.54,43.4,42.54,43.2,516622,2227574499.41
2025-03-16,000651.SZ,43.3,43.57,43.08,43.3,355248,1537736632.7
2025-03-17,000651.SZ,43.46,44.16,43.22,43.77,431629,1885623887.61
2025-03-18,000651.SZ,43.85,43.9,43.33,43.61,293419,1278430688.84
2025-03-19,000651.SZ,43.57,43.66,42.69,42.71,439162,1889067247.25
2025-03-20,000651.SZ,42.79,43.86,42.79,43.74,708548,3087674416.31
2025-03-23,000651.SZ,44.47,45.29,44.17,44.98,848866,3814449608.29
2025-03-24,000651.SZ,44.96,45.6,44.9,45.16,536152,2424960662.97
2025-03-25,000651.SZ,45,45.36,44.55,44.95,368421,1652034765.06
2025-03-26,000651.SZ,44.99,45.42,44.8,45.19,297439,1342752242.93
2025-03-27,000651.SZ,45.19,45.54,44.97,45.28,312834,1417042006.07
2025-03-30,000651.SZ,45.35,46.23,45.2,45.46,438529,2009314133.41
2025-03-31,000651.SZ,45.33,45.5,44.8,45.13,357329,1614126072.92
2025-04-01,000651.SZ,45.13,46,45,45.17,316120,1435118537.24
2025-04-02,000651.SZ,44.75,45.4,44.55,45.35,401416,1808260635.65
2025-04-06,000651.SZ,43.2,44.68,42.2,43.3,927198,4030308608.24
2025-04-07,000651.SZ,43.28,44.69,42.91,44.62,755973,3327610337.62
2025-04-08,000651.SZ,44.17,45.2,43.83,44.87,551325,2462959792.35
2025-04-09,000651.SZ,44.71,44.95,44.25,44.81,436562,1949505011.89
2025-04-10,000651.SZ,44.6,45.12,44.13,45.1,304089,1361064692.91
2025-04-13,000651.SZ,45.1,45.15,43.6,43.89,669546,2954928329.8
2025-04-14,000651.SZ,43.89,44.97,43.56,44.86,517243,2304662178.47
2025-04-15,000651.SZ,44.68,45.37,44.48,45.28,340481,1530820444.86
2025-04-16,000651.SZ,45.13,45.13,44.62,44.98,202413,909520810.33
2025-04-17,000651.SZ,44.87,45.5,44.73,45.3,225438,1019872405.31
2025-04-20,000651.SZ,45.25,45.4,44.91,45.19,206954,934991605.6
2025-04-21,000651.SZ,45.17,45.99,45.03,45.55,216665,986446708.18
2025-04-22,000651.SZ,45.7,45.75,45.15,45.29,221352,1006597595.89
2025-04-23,000651.SZ,45.29,45.54,45,45.4,204351,925443213.38
2025-04-24,000651.SZ,45.31,45.53,45.09,45.22,233137,1054750380.16
2025-04-27,000651.SZ,46.81,47.3,46.25,46.55,863704,4046000946.33
2025-04-28,000651.SZ,46.73,46.85,45.85,46.27,337779,1560746362.08
2025-04-29,000651.SZ,46.35,46.4,45.52,45.56,330523,1514036455.28
2025-05-05,000651.SZ,45.89,46.06,45.31,45.47,391608,1783798632.05
2025-05-06,000651.SZ,45.98,46.35,45.8,46.1,406180,1872997541.48
2025-05-07,000651.SZ,46.19,46.65,46.11,46.52,267160,1241304184.67
2025-05-08,000651.SZ,46.68,47.18,46.53,47,317424,1492819464.22
2025-05-11,000651.SZ,47.18,47.3,46.78,46.9,335059,1572471336.23
2025-05-12,000651.SZ,47,47.14,46.81,46.98,248680,1167331549.08
2025-05-13,000651.SZ,47,47.22,46.64,46.9,331514,1555756469.85
2025-05-14,000651.SZ,46.07,46.27,45.75,46.2,288515,1328591251.69
2025-05-15,000651.SZ,46.21,46.31,45.45,45.58,310925,1419612106.33
2025-05-18,000651.SZ,45.7,45.88,45.48,45.71,220715,1008131233.62
2025-05-19,000651.SZ,45.75,47,45.68,47,470337,2189829257.24
2025-05-20,000651.SZ,46.9,47.27,46.75,46.87,211477,993620021.44
2025-05-21,000651.SZ,46.88,47.31,46.88,47.08,228984,1077781757.85
2025-05-22,000651.SZ,47.01,47.43,46.45,46.56,327489,1536083929.63
2025-05-25,000651.SZ,46.57,46.7,45.88,46.04,257221,1186480283.95
2025-05-26,000651.SZ,46.05,46.5,46.05,46.18,178543,826245233.47
2025-05-27,000651.SZ,46.36,46.76,45.93,46.68,231387,1075443860.45
2025-05-28,000651.SZ,46.6,46.79,46,46.06,352637,1628706117.38
2025-05-29,000651.SZ,46.07,46.54,45.86,46.42,318707,1474547578.72
2025-06-02,000651.SZ,46.23,46.34,44.8,44.98,733643,3314112394.39
2025-06-03,000651.SZ,45.05,45.59,44.99,45.32,305373,1382826199.9
2025-06-04,000651.SZ,45.38,45.5,44.83,44.94,356489,1603307535.71
2025-06-05,000651.SZ,45.03,45.08,44.85,44.87,222152,998633300.75
2025-06-08,000651.SZ,45,45.15,44.65,44.82,274460,1229052587.23
2025-06-09,000651.SZ,44.82,45.07,44.56,44.65,339236,1518074752.59
2025-06-10,000651.SZ,44.62,44.94,44.55,44.77,226642,1014722777.29
2025-06-11,000651.SZ,44.89,44.99,44.54,44.86,270084,1208650694.23
2025-06-12,000651.SZ,44.71,45.04,44.65,44.92,352205,1579504548.92
2025-06-15,000651.SZ,44.92,45.15,44.58,44.6,304698,1363049192.42
2025-06-16,000651.SZ,44.61,44.72,44.34,44.45,256593,1142203684.37
2025-06-17,000651.SZ,44.49,44.85,44.4,44.48,212106,945371391.5
2025-06-18,000651.SZ,44.46,44.54,44.04,44.08,275096,1216983698.06
2025-06-19,000651.SZ,44.08,44.66,44.03,44.64,248254,1104057155.65
2025-06-22,000651.SZ,44.6,44.72,44.2,44.42,290724,1290335717.35
2025-06-23,000651.SZ,44.49,45,44.49,44.9,298954,1341941176.66
2025-06-24,000651.SZ,44.93,45.49,44.77,45.37,303185,1369156251.82
2025-06-25,000651.SZ,45.52,45.79,45.37,45.5,252527,1151071481.6
2025-06-26,000651.SZ,45.57,45.92,45.13,45.22,323097,1471819551.87
2025-06-29,000651.SZ,45.23,45.54,44.87,44.92,321622,1448606965.11
2025-06-30,000651.SZ,45.05,45.48,44.85,45.45,242454,1096683969.49
2025-07-01,000651.SZ,45.55,46.72,45.49,46.41,542096,2510495844.25
2025-07-02,000651.SZ,46.6,46.67,46.25,46.53,217130,1009129138.36
2025-07-03,000651.SZ,46.53,46.84,46.3,46.74,196170,915277878.05
2025-07-06,000651.SZ,46.9,46.94,46.38,46.49,189802,883494027.23
2025-07-07,000651.SZ,46.49,46.92,46.38,46.6,256018,1195231042.7
2025-07-08,000651.SZ,46.62,46.68,46.11,46.2,274919,1275124560.98
2025-07-09,000651.SZ,46.2,46.52,45.95,46.34,209383,968829195.98
2025-07-10,000651.SZ,46.5,47.15,46.45,46.95,318348,1494825588.96
2025-07-13,000651.SZ,47.14,47.68,47.02,47.25,305755,1449274849.16
2025-07-14,000651.SZ,47.37,48.09,47.15,47.95,397741,1899605093.28
2025-07-15,000651.SZ,48.09,48.09,47.34,47.48,279249,1328279571.9
2025-07-16,000651.SZ,47.48,48.05,47.4,47.56,225690,1076853663.54
2025-07-17,000651.SZ,47.8,47.9,47.54,47.88,210739,1005963291.19
2025-07-20,000651.SZ,47.89,48.08,47.39,47.55,269500,1283868233.61
2025-07-21,000651.SZ,47.53,47.92,47.44,47.89,299742,1429157495.64
2025-07-22,000651.SZ,47.94,48.47,47.92,48.15,263583,1271321139.2
2025-07-23,000651.SZ,48.18,48.24,47.63,47.79,316143,1511025338.84
2025-07-24,000651.SZ,46.5,47.59,46.5,46.8,621993,2915516401.97
2025-07-27,000651.SZ,46.94,47.1,46.59,46.63,382201,1787484712.11
2025-07-28,000651.SZ,46.65,46.78,46.01,46.12,427601,1977627238.02
2025-07-29,000651.SZ,46.14,46.66,46.04,46.37,320217,1485063024.43
2025-07-30,000651.SZ,46.38,46.4,45.5,45.62,447717,2048763765.2
2025-07-31,000651.SZ,45.72,46.05,45.63,45.89,234001,1072991265.3
2025-08-03,000651.SZ,45.88,46.25,45.75,46.12,210786,970597561.21
2025-08-04,000651.SZ,46.15,46.79,45.93,46.72,277894,1292384736.85
2025-08-05,000651.SZ,46.82,46.98,46.61,46.9,255528,1195891318.84
2025-08-06,000651.SZ,46.8,47.15,46.67,47,264711,1242505458.68
2025-08-07,000651.SZ,47.04,47.61,46.9,47.44,280780,1330702727.67
2025-08-10,000651.SZ,47.44,47.55,47.06,47.23,244309,1153959693.59
2025-08-11,000651.SZ,47.3,48.3,47.19,47.88,450653,2161625921.5
2025-08-12,000651.SZ,48,48.12,47.64,47.73,272882,1304027200.28
2025-08-13,000651.SZ,47.79,48.24,47.7,47.7,302763,1452267997.11
2025-08-14,000651.SZ,47.67,47.82,47.23,47.79,351231,1670821115.15
2025-08-17,000651.SZ,47.79,48.25,47.51,47.65,370442,1768894377.57
2025-08-18,000651.SZ,47.78,48.15,46.85,47.06,634121,2990236717.02
2025-08-19,000651.SZ,46.8,47.19,46.58,47.18,469446,2203682930.62
2025-08-20,000651.SZ,46.91,47.05,46.06,46.64,765658,3568330417.04
2025-08-21,000651.SZ,46.98,47.19,46.53,47.11,816583,3829295315.37
2025-08-24,000651.SZ,47.25,48.1,47.1,48.1,762382,3634953483.93
2025-08-25,000651.SZ,48,48.23,47.72,48.04,508961,2443015424.57
2025-08-26,000651.SZ,48.06,48.35,47.23,47.24,693532,3313272437.53
2025-08-27,000651.SZ,47.24,47.7,46.94,47.25,697028,3292087078.87
2025-08-28,000651.SZ,43.38,43.38,42.11,42.6,2541970,10860336786.73
2025-08-31,000651.SZ,42.59,42.59,41.35,41.41,1615705,6741851463.68
2025-09-01,000651.SZ,41.25,41.85,41.11,41.52,855871,3550285585.35
2025-09-02,000651.SZ,42.25,42.46,41.5,41.54,822526,3434722120.24
2025-09-03,000651.SZ,41.5,41.55,41,41.19,703630,2900310235.78
2025-09-04,000651.SZ,41.15,41.4,41.01,41.36,643465,2650536771.38
2025-09-07,000651.SZ,41.5,41.72,41.27,41.42,627318,2600069326.09
2025-09-08,000651.SZ,41.44,41.67,41.26,41.34,666714,2763193802.57
2025-09-09,000651.SZ,41.32,41.37,41.11,41.16,491112,2023251595.18
2025-09-10,000651.SZ,41.17,41.39,41.01,41.37,528172,2173796449.42
2025-09-11,000651.SZ,41.38,41.45,41.02,41.05,660884,2722505542.17
2025-09-14,000651.SZ,41.04,41.05,40.68,40.94,492795,2012642285.55
2025-09-15,000651.SZ,40.89,40.89,40.5,40.5,555725,2256583688.22
2025-09-16,000651.SZ,40.46,40.83,40.37,40.79,525926,2136326500.16
2025-09-17,000651.SZ,40.7,40.87,40.08,40.21,580312,2346320115.66
2025-09-18,000651.SZ,40.11,40.46,40.01,40.44,393409,1583195857.42
2025-09-21,000651.SZ,40.3,40.33,39.7,39.83,582027,2322154502.55
2025-09-22,000651.SZ,39.8,40.03,39.46,39.64,434244,1723357527.68
2025-09-23,000651.SZ,39.65,40.04,39.43,39.99,363780,1448981726.18
2025-09-24,000651.SZ,39.88,39.9,39.45,39.5,468991,1857372585.9
2025-09-25,000651.SZ,39.51,40.05,39.3,39.85,450108,1788343094.03
2025-09-28,000651.SZ,39.85,40.05,39.45,39.94,410191,1628579197.56
2025-09-29,000651.SZ,39.96,40,39.66,39.72,395376,1572376370.71
2025-10-08,000651.SZ,39.73,40.38,39.4,40.38,638098,2543021330.39
2025-10-09,000651.SZ,40.18,40.84,40.03,40.41,609576,2469698374.82
2025-10-12,000651.SZ,39.8,40.6,39.59,40.45,565693,2268779182.34
2025-10-13,000651.SZ,40.45,40.79,40.1,40.58,557711,2261968772.13
2025-10-14,000651.SZ,40.65,40.95,40.45,40.82,438870,1790310725
2025-10-15,000651.SZ,40.82,40.94,40.6,40.77,397469,1618938797.93
2025-10-16,000651.SZ,40.73,41.05,40.17,40.22,451804,1833060233.3
2025-10-19,000651.SZ,40.36,40.78,40.23,40.77,394715,1600009493.98
2025-10-20,000651.SZ,40.77,40.86,40.45,40.69,354372,1442346028.69
2025-10-21,000651.SZ,40.58,40.81,40.52,40.57,307743,1250401262.79
2025-10-22,000651.SZ,40.55,40.64,40.21,40.53,331124,1338043367.73
2025-10-23,000651.SZ,40.53,40.75,40.44,40.5,292380,1185827906.75
2025-10-26,000651.SZ,40.53,41.14,40.51,40.97,616525,2522404577.96
2025-10-27,000651.SZ,40.97,41.15,40.67,40.72,338061,1378729084.29
2025-10-28,000651.SZ,40.72,40.72,40.52,40.69,287433,1167340749.79
2025-10-29,000651.SZ,40.61,40.79,40.41,40.47,439596,1782629301.46
2025-10-30,000651.SZ,39.79,40.03,39.52,39.75,921556,3666645833.78
2025-11-02,000651.SZ,39.65,39.84,39.2,39.52,613444,2416098282.38
2025-11-03,000651.SZ,39.5,39.92,39.41,39.71,398198,1581033854.81
2025-11-04,000651.SZ,39.55,39.88,39.45,39.72,281070,1116210035.89
2025-11-05,000651.SZ,39.71,40.05,39.65,39.99,347531,1387911304.43
2025-11-06,000651.SZ,39.95,40.08,39.88,40.02,244832,979334368.22
2025-11-09,000651.SZ,40.1,40.88,40.09,40.86,640991,2605209450.28
2025-11-10,000651.SZ,40.9,41.09,40.75,40.92,468453,1916064153.9
2025-11-11,000651.SZ,40.93,41.35,40.93,41.15,580158,2389716804.24
2025-11-12,000651.SZ,41.15,41.32,40.75,41,441638,1807279174.95
2025-11-13,000651.SZ,40.87,41.13,40.61,40.62,351223,1433919234.73
2025-11-16,000651.SZ,40.62,40.62,40.06,40.19,366440,1474977098.88
2025-11-17,000651.SZ,40.19,40.46,40.05,40.11,265683,1069136101.82
2025-11-18,000651.SZ,40.1,40.29,40,40.16,218006,875626449.96
2025-11-19,000651.SZ,40.18,40.64,40.06,40.35,332902,1345880532.39
2025-11-20,000651.SZ,40.18,40.72,39.97,40.25,550949,2218464826.02
2025-11-23,000651.SZ,40.26,40.42,40.01,40.11,355301,1427143468.85
2025-11-24,000651.SZ,40.16,40.2,39.72,40.07,413435,1650903639.94
2025-11-25,000651.SZ,40.07,40.38,40.02,40.33,319655,1285253244.3
2025-11-26,000651.SZ,40.25,40.48,40.04,40.33,295930,1191840274.82
2025-11-27,000651.SZ,40.28,40.39,40.11,40.36,204371,823012373.69
2025-11-30,000651.SZ,40.42,40.85,40.32,40.85,408828,1662495213.01
2025-12-01,000651.SZ,40.85,41.06,40.66,40.9,320498,1309293683.23
2025-12-02,000651.SZ,40.85,41.15,40.76,40.81,371873,1524469882.62
2025-12-03,000651.SZ,40.78,41.17,40.7,40.94,264627,1084266565.49
2025-12-04,000651.SZ,40.94,41.09,40.65,40.87,274382,1120758570.55
2025-12-07,000651.SZ,40.88,41.05,40.62,40.68,328105,1338254292.78
2025-12-08,000651.SZ,40.72,40.84,40.3,40.35,292293,1183740572.54
2025-12-09,000651.SZ,40.3,40.51,40.15,40.37,258695,1043151123.95
2025-12-10,000651.SZ,40.51,41.08,40.48,40.65,455941,1859381214.63
2025-12-11,000651.SZ,40.72,40.95,40.58,40.75,487137,1988362913.46
2025-12-14,000651.SZ,40.91,41.06,40.83,40.87,360059,1475417477.72
2025-12-15,000651.SZ,40.78,40.91,40.7,40.85,251553,1026692914.31
2025-12-16,000651.SZ,40.84,41.2,40.64,41.1,424250,1740260247.18
2025-12-17,000651.SZ,41.1,41.1,40.83,40.96,247356,1012493590.94
2025-12-18,000651.SZ,40.99,41.15,40.86,41.14,307976,1263638449.6
2025-12-21,000651.SZ,41.14,41.16,40.85,40.88,345820,1414848051.73
2025-12-22,000651.SZ,40.87,41.15,40.77,40.9,330872,1355000137.57
2025-12-23,000651.SZ,40.81,40.92,40.65,40.76,286647,1167661550.9
2025-12-24,000651.SZ,40.73,41.04,40.66,40.91,264079,1079985128.77
2025-12-25,000651.SZ,40.88,40.94,40.71,40.76,259173,1057441482.2
2025-12-28,000651.SZ,40.76,41.12,40.64,40.72,392741,1605652379
2025-12-29,000651.SZ,40.66,40.76,40.37,40.53,383899,1555084605.11
2025-12-30,000651.SZ,40.56,40.81,40.15,40.22,502973,2027975876.95
2026-01-04,000651.SZ,40.34,40.8,40.22,40.76,496729,2013848009.6
2026-01-05,000651.SZ,40.77,40.86,40.65,40.82,395447,1612142948.97
2026-01-06,000651.SZ,40.82,40.82,40.42,40.44,423632,1716288750.11
2026-01-07,000651.SZ,40.43,40.48,40.28,40.44,270930,1094487854.31
2026-01-08,000651.SZ,40.43,40.53,40.36,40.48,292909,1184787573.61
2026-01-11,000651.SZ,40.47,40.58,40.26,40.53,393084,1588322791.83
2026-01-12,000651.SZ,40.6,40.65,40.25,40.33,461470,1865582633.5
2026-01-13,000651.SZ,40.31,40.39,40.16,40.2,454446,1829561991.73
2026-01-14,000651.SZ,40.2,40.33,40.1,40.12,324847,1304905550.34
2026-01-15,000651.SZ,40.22,40.48,40.22,40.35,459310,1851791291.09
2026-01-18,000651.SZ,40.36,40.64,40.36,40.53,414366,1678735458.99
2026-01-19,000651.SZ,40.54,41.35,40.46,41.28,906361,3720424858.5
2026-01-20,000651.SZ,41.3,41.34,40.65,40.77,662525,2709673027.65
2026-01-21,000651.SZ,40.79,41.05,40.58,40.85,471743,1928287009.08
2026-01-22,000651.SZ,39.97,39.97,39.4,39.43,685535,2710525410.23
2026-01-25,000651.SZ,39.43,39.58,39.02,39.07,628567,2463838287.07
2026-01-26,000651.SZ,39.1,39.3,38.89,38.91,461231,1802727725.84
2026-01-27,000651.SZ,38.91,38.91,38.28,38.33,722084,2775619623.57
2026-01-28,000651.SZ,38.27,38.97,37.99,38.88,747272,2868814686.63
2026-01-29,000651.SZ,38.85,39.19,38.63,38.7,449104,1747213865.79
2026-02-01,000651.SZ,38.6,39.08,38.5,38.54,367220,1424235221.12
2026-02-02,000651.SZ,38.53,38.79,38.18,38.36,376331,1442955437.89
2026-02-03,000651.SZ,38.26,38.88,38.18,38.88,379664,1466888421.5
2026-02-04,000651.SZ,38.75,39,38.63,38.92,346115,1343643648.88
2026-02-05,000651.SZ,38.8,38.99,38.52,38.56,298606,1153263734.44
2026-02-08,000651.SZ,38.61,38.7,38.54,38.62,238335,919641403.37
2026-02-09,000651.SZ,38.62,38.83,38.54,38.8,232275,898718547.68
2026-02-10,000651.SZ,38.78,38.86,38.69,38.72,182239,706297155.12
2026-02-11,000651.SZ,38.64,38.7,38.39,38.43,271633,1044139633.05
2026-02-12,000651.SZ,38.43,38.52,38.26,38.37,197194,757267268.79
2026-02-23,000651.SZ,38.6,38.65,38.38,38.43,252061,968711847.58
2026-02-24,000651.SZ,38.48,38.78,38.42,38.49,338465,1306946251.74
2026-02-25,000651.SZ,37.5,37.94,37.5,37.59,843414,3175378982.77
2026-02-26,000651.SZ,37.58,37.67,37.22,37.45,472218,1767400434.42
2026-03-01,000651.SZ,37.3,37.36,37.01,37.2,452751,1682670708.02
2026-03-02,000651.SZ,37.19,37.45,37.01,37.09,457098,1699063588.01
2026-03-03,000651.SZ,37,37.03,36.6,36.89,429859,1580902094.65
2026-03-04,000651.SZ,36.93,37.12,36.93,37.04,241403,893557061.88
2026-03-05,000651.SZ,37,37.43,36.85,37.4,266635,991301856.97
2026-03-08,000651.SZ,37.2,37.48,37.03,37.33,300943,1120759413.91
2026-03-09,000651.SZ,37.37,37.74,37.34,37.74,285654,1072450803
2026-03-10,000651.SZ,37.75,37.87,37.54,37.8,276145,1041527498.53
2026-03-11,000651.SZ,37.7,37.92,37.58,37.88,239997,905740993.1
2026-03-12,000651.SZ,37.88,38.66,37.8,38.6,593264,2277902663.29
2026-03-15,000651.SZ,38.5,38.9,38.39,38.78,422740,1637781202.46
2026-03-16,000651.SZ,38.9,39.2,38.83,38.94,438065,1710460040.43
2026-03-17,000651.SZ,38.94,39.05,38.71,39.02,353550,1374608874.49
2026-03-18,000651.SZ,38.8,38.98,38.44,38.56,312052,1207171579.22
2026-03-19,000651.SZ,38.55,38.77,38.13,38.22,447600,1717253687.28
2026-03-22,000651.SZ,37.72,37.75,36.83,36.94,553679,2058913574.66
2026-03-23,000651.SZ,37.15,37.69,37.02,37.6,333400,1245504739.82
2026-03-24,000651.SZ,37.68,38.15,37.55,38.13,261142,990516783.12
2026-03-25,000651.SZ,38.16,38.35,37.9,37.94,192844,734511604.08
2026-03-26,000651.SZ,37.61,38.01,37.48,37.88,191947,726440920.33
2026-03-29,000651.SZ,37.51,37.76,37.4,37.65,213032,800867963.62
2026-03-30,000651.SZ,37.65,38.37,37.65,37.82,306434,1165908093.63
2026-03-31,000651.SZ,38.07,38.13,37.83,38.02,192769,732243270.05
2026-04-01,000651.SZ,38,38.01,37.7,37.85,196462,743233958.11
2026-04-02,000651.SZ,37.81,37.91,37.38,37.47,172135,646629951.72
2026-04-06,000651.SZ,37.48,37.51,37.07,37.33,208341,775656492.03
2026-04-07,000651.SZ,37.64,37.86,37.6,37.8,285021,1075869149.47
2026-04-08,000651.SZ,37.6,37.78,37.21,37.32,254752,952135812.23
2026-04-09,000651.SZ,37.29,37.44,37.15,37.34,171312,639939705.08
2026-04-12,000651.SZ,37.28,37.28,37.04,37.16,184075,683305357.72
2026-04-13,000651.SZ,37.2,37.35,37.1,37.28,201059,747700875.52
2026-04-14,000651.SZ,37.33,37.46,37.21,37.39,223352,834462048.39
2026-04-15,000651.SZ,37.4,37.52,37.23,37.32,219375,818475410.82
2026-04-16,000651.SZ,37.25,37.25,36.93,36.95,389504,1440862485.94
2026-04-19,000651.SZ,36.93,37.01,36.8,36.94,269786,995994349.16
2026-04-20,000651.SZ,36.98,37.2,36.88,36.91,276517,1023172300.99
2026-04-21,000651.SZ,36.91,36.95,36.61,36.94,227739,838683088.05
2026-04-22,000651.SZ,36.95,37.08,36.78,36.96,225089,830889312.63
2026-04-23,000651.SZ,36.81,37.16,36.71,37.11,308383,1141101913.13
2026-04-26,000651.SZ,37.01,37.85,36.98,37.51,451724,1694388405.29
2026-04-27,000651.SZ,37.41,38.47,37.36,38.44,725043,2755183336.41
2026-04-28,000651.SZ,39.99,40.88,39.6,40.47,2007041,8098172737.91
2026-04-29,000651.SZ,40.49,40.86,40.05,40.05,764382,3084996599.17
2026-05-05,000651.SZ,40,40.15,39.51,39.95,617800,2456659973.45
2026-05-06,000651.SZ,39.9,40.27,39.75,39.89,437508,1747721639.82
2026-05-07,000651.SZ,39.85,40.19,39.77,39.91,387756,1550905021
2026-05-10,000651.SZ,39.85,40.7,39.6,40.46,679354,2746551242.34
2026-05-11,000651.SZ,40.45,40.85,40.22,40.34,464725,1882458840.74
2026-05-12,000651.SZ,40.29,40.56,40.08,40.3,337820,1360917807.52
2026-05-13,000651.SZ,40.25,40.59,40.12,40.22,373002,1505627121.15
2026-05-14,000651.SZ,40.09,40.68,39.92,40.28,489796,1981438232.85
2026-05-17,000651.SZ,40.24,40.6,39.61,39.71,402091,1607481149.89
2026-05-18,000651.SZ,39.7,39.9,39.45,39.56,400946,1587822667.33
2026-05-19,000651.SZ,39.56,39.72,39.16,39.51,342672,1353385815.56
2026-05-20,000651.SZ,39.51,39.6,38.82,38.86,362240,1420574383.08
2026-05-21,000651.SZ,38.9,38.99,38.42,38.74,386700,1495945910.61
2026-05-24,000651.SZ,38.74,39.12,38.4,38.63,325133,1261335416.87
2026-05-25,000651.SZ,38.6,39,38.47,38.88,336834,1302961285.85
2026-05-26,000651.SZ,38.8,39.08,38.24,38.61,384820,1483103981.22
2026-05-27,000651.SZ,38.4,38.49,37.8,37.88,376929,1432603891.98
2026-05-28,000651.SZ,38,39.38,38,39.17,694772,2713373140.61
2026-05-31,000651.SZ,38.9,39.29,38.63,39.09,486477,1898417139.44
2026-06-01,000651.SZ,39.09,39.73,39,39.52,462828,1826653782.53
2026-06-02,000651.SZ,39.52,39.68,39.33,39.5,298355,1178242325.62
2026-06-03,000651.SZ,39.5,39.86,38.8,38.88,390448,1531421749.62
2026-06-04,000651.SZ,38.7,39.27,38.42,38.46,367641,1424485747.4
2026-06-07,000651.SZ,38.21,38.59,37.93,38.11,342635,1310397167.56
2026-06-08,000651.SZ,38.02,38.08,37.59,37.88,397146,1501129048.25
2026-06-09,000651.SZ,37.86,38.39,37.62,38.2,347450,1323611744.57
2026-06-10,000651.SZ,38.13,38.65,37.99,38.5,384456,1474382447.29
2026-06-11,000651.SZ,38.35,38.63,38.1,38.53,461327,1772432563.12
2026-06-14,000651.SZ,38.53,38.54,37.65,37.86,659123,2496546585.25
2026-06-15,000651.SZ,37.82,37.82,37.27,37.29,471443,1763657295.34
2026-06-16,000651.SZ,37.33,37.4,37.02,37.15,365021,1354371903.61
2026-06-17,000651.SZ,37.1,37.29,36.64,36.72,551841,2034804550.41
2026-06-21,000651.SZ,36.73,37.36,36.27,36.99,509442,1878313418.53
2026-06-22,000651.SZ,37.2,37.64,36.95,37.28,466967,1736587193.38
2026-06-23,000651.SZ,37,37.28,36.7,37.11,347526,1286222529.27
2026-06-24,000651.SZ,37.06,37.65,36.97,37.16,572196,2133144794.11
2026-06-25,000651.SZ,37.17,37.34,36.8,37.02,448351,1663026474.16
2026-06-28,000651.SZ,37.45,38.19,37.05,37.92,697858,2631487549.69
2026-06-29,000651.SZ,38,38.4,37.27,37.5,575456,2164930622.99
2026-06-30,000651.SZ,37.54,37.77,36.83,37.46,597155,2225863692.09
2026-07-01,000651.SZ,37.5,38.25,37.5,38,646581,2453608761.33
2026-07-02,000651.SZ,38.21,38.87,37.93,38.33,589543,2264188102.14
2026-07-05,000651.SZ,38.33,39.1,38.06,39,619011,2395884044.8
2026-07-06,000651.SZ,38.82,38.94,38.3,38.4,401209,1543157518.01
2026-07-07,000651.SZ,38.3,38.7,38.08,38.54,306971,1180437144.21
2026-07-08,000651.SZ,38.4,38.41,38.05,38.24,292163,1115583386.3
2026-07-09,000651.SZ,38.18,38.48,37.75,38.25,386632,1475262144.54
2026-07-12,000651.SZ,38.2,38.86,38.12,38.71,495073,1913299397.08
2026-07-13,000651.SZ,38.63,39.19,38.63,39.18,498962,1942817893.26
2026-07-14,000651.SZ,39.04,39.88,39,39.83,579601,2294782157.72
2026-07-15,000651.SZ,39.78,40.07,39.61,39.83,408548,1627220077.19
2026-07-16,000651.SZ,39.83,40.31,39.68,39.95,683106,2733162509.32
2026-07-19,000651.SZ,39.8,40.8,39.73,40.58,763952,3074303677.07
2026-07-20,000651.SZ,40.55,41.09,40.11,40.59,777215,3159029141.95
2026-07-21,000651.SZ,40.45,40.92,40.11,40.86,519754,2108344327.1
2026-07-22,000651.SZ,40.65,40.95,40.48,40.57,398837,1623492147.46
2026-07-23,000651.SZ,40.59,40.9,40.46,40.46,394941,1606931657.12
2026-07-26,000651.SZ,40.43,40.68,40.22,40.39,359255,1451920838.3
2026-07-27,000651.SZ,40.39,40.84,40.3,40.8,388250,1577744401.06
2026-07-28,000651.SZ,40.79,41.9,40.79,41.65,744511,3094922775.57
2026-07-29,000651.SZ,41.6,42.48,41.4,42.47,670717,2822839432.8
2026-07-30,000651.SZ,41.99,42.3,41.43,42.3,738180,3087871466.88
2026-08-02,000651.SZ,42.18,42.28,40.91,40.96,805995,3333678654.4
2026-08-03,000651.SZ,40.93,40.96,40.21,40.52,687914,2785769327.46
2026-08-04,000651.SZ,40.52,40.65,39.82,40.27,510622,2047070531.64
2026-08-05,000651.SZ,40.22,40.51,40.02,40.25,367555,1476771500.49
2026-08-06,000651.SZ,40.29,40.36,39.8,40.1,389207,1561655595.17
2026-08-09,000651.SZ,40.08,40.7,39.87,40.67,417269,1687830936.37
2026-08-10,000651.SZ,40.63,40.8,40.37,40.54,319291,1296816684.28
2026-08-11,000651.SZ,40.5,40.54,40,40.23,281714,1132135336.53
2026-08-12,000651.SZ,40.13,40.45,40.05,40.24,264332,1063723498.86
2026-08-13,000651.SZ,40.15,40.2,39.9,39.9,331245,1325954217.59
2026-08-16,000651.SZ,40,40.09,39.61,39.89,325670,1297326489.14
2026-08-17,000651.SZ,39.88,40.26,39.72,40.06,295120,1179611368.24
2026-08-18,000651.SZ,40.38,41.49,40.29,41.32,757196,3110084339.99
2026-08-19,000651.SZ,41.25,41.57,41,41.42,385718,1595944400.15
2026-08-20,000651.SZ,41.43,41.73,41.24,41.24,434807,1801513600.34
2026-08-23,000651.SZ,41.26,41.69,41.04,41.45,555473,2304463784.96
2026-08-24,000651.SZ,41.46,41.98,41.41,41.62,485757,2024059699.09
2026-08-25,000651.SZ,41.66,41.95,41.45,41.58,538508,2243748994.36
2026-08-26,000651.SZ,38.91,39.57,38.28,39.27,779464,3052435514.92
2026-08-27,000651.SZ,39.1,39.17,38.58,39,494873,1919618302.4
2026-08-30,000651.SZ,38.9,39.21,38.73,38.95,378658,1473700515.93
2026-08-31,000651.SZ,38.95,39.12,38.55,38.55,445687,1733759295.51
2026-09-01,000651.SZ,38.63,38.76,38.45,38.48,306207,1181562330.85
2026-09-02,000651.SZ,38.48,39.09,38.39,38.74,321542,1247905495.97
2026-09-03,000651.SZ,38.8,39.15,38.6,38.98,332311,1295686175.41
2026-09-06,000651.SZ,38.98,39.28,38.78,38.9,314117,1224479114.43
2026-09-07,000651.SZ,38.9,38.94,38.29,38.29,453526,1743924326.88
2026-09-08,000651.SZ,38.35,39.03,38.24,38.87,352183,1365525371.87
2026-09-09,000651.SZ,38.95,39.17,38.78,38.95,214961,837820434.71
2026-09-10,000651.SZ,38.88,38.99,38.62,38.74,298007,1156226987.17
2026-09-13,000651.SZ,38.76,39.07,38.66,38.71,219099,849877432.38
2026-09-14,000651.SZ,38.66,38.79,38.3,38.3,238303,917875461.28
2026-09-15,000651.SZ,38.31,38.49,37.99,38.1,337582,1287735995.91
2026-09-16,000651.SZ,38,38.26,37.93,37.98,270483,1029392167.69
2026-09-17,000651.SZ,38.03,38.58,37.97,38.56,298742,1146677861.77
2026-09-20,000651.SZ,38.55,38.55,37.83,38,489873,1862620594.05
2026-09-21,000651.SZ,37.9,38.32,37.81,38.18,343804,1312807287.82
2026-09-22,000651.SZ,38.2,38.43,38.15,38.36,172293,660324220.59
2026-09-23,000651.SZ,38.23,38.73,38.23,38.5,252413,972664117.26
2026-09-27,000651.SZ,38.5,38.68,38.21,38.4,241449,926076638.39
2026-09-28,000651.SZ,38.38,38.53,38.03,38.1,214760,820380769.51
2026-09-29,000651.SZ,38.13,38.3,37.97,38.28,185156,706432059.51
2022-08-16,600050.SH,3.54,3.57,3.5,3.56,798296,282397555
2022-08-17,600050.SH,3.55,3.55,3.51,3.52,692264,244432950
2022-08-18,600050.SH,3.52,3.61,3.51,3.58,1227368,439370930
2022-08-21,600050.SH,3.57,3.64,3.57,3.58,971940,349978204
2022-08-22,600050.SH,3.58,3.58,3.54,3.55,634166,225654948
2022-08-23,600050.SH,3.54,3.57,3.5,3.5,664585,234633611
2022-08-24,600050.SH,3.51,3.54,3.5,3.53,548796,193036735
2022-08-25,600050.SH,3.54,3.55,3.52,3.53,469814,166013751
2022-08-28,600050.SH,3.5,3.53,3.49,3.52,476549,167240518
2022-08-29,600050.SH,3.51,3.58,3.5,3.58,792413,282177657
2022-08-30,600050.SH,3.57,3.58,3.53,3.55,776454,275536869
2022-08-31,600050.SH,3.54,3.58,3.53,3.54,689788,245390520
2022-09-01,600050.SH,3.54,3.55,3.52,3.53,553176,195303740
2022-09-04,600050.SH,3.53,3.56,3.51,3.56,558570,197706667
2022-09-05,600050.SH,3.57,3.6,3.55,3.58,655663,234862926
2022-09-06,600050.SH,3.58,3.58,3.54,3.55,481208,171071666
2022-09-07,600050.SH,3.56,3.59,3.54,3.58,541161,193302108
2022-09-08,600050.SH,3.57,3.64,3.56,3.6,1021462,368929693
2022-09-12,600050.SH,3.6,3.62,3.58,3.59,632721,227879956
2022-09-13,600050.SH,3.57,3.57,3.54,3.54,665399,236381972
2022-09-14,600050.SH,3.55,3.61,3.53,3.56,866410,309458225
2022-09-15,600050.SH,3.55,3.56,3.47,3.48,1061482,371663059
2022-09-18,600050.SH,3.47,3.48,3.42,3.45,729105,251520662
2022-09-19,600050.SH,3.45,3.47,3.43,3.43,460311,158513827
2022-09-20,600050.SH,3.43,3.45,3.38,3.44,591262,201940922
2022-09-21,600050.SH,3.42,3.43,3.4,3.42,436284,148969058
2022-09-22,600050.SH,3.42,3.5,3.4,3.48,1052906,365755989
2022-09-25,600050.SH,3.47,3.48,3.35,3.36,1035940,353278502
2022-09-26,600050.SH,3.36,3.41,3.35,3.41,488368,164993708
2022-09-27,600050.SH,3.4,3.41,3.37,3.37,515699,174895800
2022-09-28,600050.SH,3.39,3.41,3.32,3.34,594999,200045468
2022-09-29,600050.SH,3.33,3.37,3.32,3.35,443487,148695350
2022-10-09,600050.SH,3.36,3.43,3.35,3.38,900137,306222138
2022-10-10,600050.SH,3.38,3.41,3.36,3.37,588191,198875279
2022-10-11,600050.SH,3.37,3.43,3.36,3.42,598109,202973859
2022-10-12,600050.SH,3.41,3.44,3.39,3.43,554898,189395172
2022-10-13,600050.SH,3.43,3.46,3.42,3.43,617053,212167347
2022-10-16,600050.SH,3.42,3.44,3.41,3.43,572273,196139650
2022-10-17,600050.SH,3.44,3.45,3.41,3.42,492164,168640394
2022-10-18,600050.SH,3.42,3.42,3.38,3.38,492131,166845414
2022-10-19,600050.SH,3.38,3.41,3.37,3.41,557854,189537876
2022-10-20,600050.SH,3.41,3.45,3.4,3.44,763182,262199762
2022-10-23,600050.SH,3.44,3.47,3.36,3.36,739909,251993188
2022-10-24,600050.SH,3.36,3.38,3.34,3.34,692954,232425737
2022-10-25,600050.SH,3.35,3.39,3.34,3.35,545497,183331534
2022-10-26,600050.SH,3.36,3.39,3.35,3.38,540000,182124802
2022-10-27,600050.SH,3.37,3.38,3.33,3.34,665285,222962839
2022-10-30,600050.SH,3.34,3.4,3.32,3.36,977577,328402427
2022-10-31,600050.SH,3.36,3.42,3.35,3.41,960161,325103692
2022-11-01,600050.SH,3.41,3.75,3.39,3.75,2974495,1069516576
2022-11-02,600050.SH,3.86,3.99,3.65,3.71,8427926,3209464847
2022-11-03,600050.SH,3.65,3.67,3.56,3.65,5012064,1810003995
2022-11-06,600050.SH,3.61,3.62,3.56,3.58,2725350,976497535
2022-11-07,600050.SH,3.58,3.59,3.52,3.54,2019516,714634528
2022-11-08,600050.SH,3.47,3.49,3.45,3.45,1359016,471531780
2022-11-09,600050.SH,3.44,3.48,3.41,3.46,1774138,610586148
2022-11-10,600050.SH,3.49,3.51,3.45,3.47,1998842,694545802
2022-11-13,600050.SH,3.46,3.49,3.44,3.46,1385647,480182900
2022-11-14,600050.SH,3.45,3.56,3.44,3.54,2708401,947576651
2022-11-15,600050.SH,3.53,3.65,3.52,3.59,2642010,950101318
2022-11-16,600050.SH,3.58,3.66,3.58,3.65,2237689,812111407
2022-11-17,600050.SH,3.69,3.85,3.68,3.78,4206501,1586613636
2022-11-20,600050.SH,3.77,3.79,3.68,3.71,2301853,855356345
2022-11-21,600050.SH,3.72,4.08,3.71,4.08,4987483,1970701028
2022-11-22,600050.SH,4.15,4.19,3.96,3.99,8822961,3593963619
2022-11-23,600050.SH,3.89,3.94,3.8,3.8,5213744,2011404116
2022-11-24,600050.SH,3.82,4.18,3.82,4.17,10343136,4230630215
2022-11-27,600050.SH,4.06,4.22,4.01,4.18,7531948,3108039043
2022-11-28,600050.SH,4.15,4.26,4.06,4.14,5620266,2326960037
2022-11-29,600050.SH,4.13,4.55,4.13,4.41,9053266,3948822929
2022-11-30,600050.SH,4.41,4.85,4.35,4.72,11550824,5453223212
2022-12-01,600050.SH,4.68,4.79,4.64,4.74,6107107,2878258130
2022-12-04,600050.SH,4.8,5.21,4.78,5.2,9826833,5003260242
2022-12-05,600050.SH,5.12,5.15,4.93,4.97,9521252,4787697753
2022-12-06,600050.SH,4.97,5.25,4.91,5.09,9406392,4762706371
2022-12-07,600050.SH,5.01,5.12,4.88,5.09,6695763,3334757713
2022-12-08,600050.SH,5.02,5.06,4.94,4.95,4968916,2480031608
2022-12-11,600050.SH,4.91,5.22,4.91,5.08,6997812,3572216004
2022-12-12,600050.SH,5.05,5.13,4.91,4.94,4539349,2269150867
2022-12-13,600050.SH,4.93,4.96,4.68,4.77,6717344,3211516310
2022-12-14,600050.SH,4.82,4.94,4.74,4.79,4733358,2286311184
2022-12-15,600050.SH,4.8,4.84,4.69,4.84,4056226,1938916290
2022-12-18,600050.SH,4.76,4.76,4.48,4.56,6160839,2831151919
2022-12-19,600050.SH,4.53,4.62,4.46,4.52,4094722,1851647551
2022-12-20,600050.SH,4.49,4.56,4.46,4.53,2770713,1252029961
2022-12-21,600050.SH,4.57,4.72,4.49,4.54,4209814,1933835181
2022-12-22,600050.SH,4.48,4.81,4.46,4.8,5699019,2667812683
2022-12-25,600050.SH,4.74,4.81,4.69,4.78,3181481,1508373748
2022-12-26,600050.SH,4.81,4.94,4.72,4.81,3146953,1515928741
2022-12-27,600050.SH,4.76,4.81,4.56,4.6,4824242,2248771397
2022-12-28,600050.SH,4.56,4.57,4.46,4.51,3266691,1473185474
2022-12-29,600050.SH,4.56,4.56,4.47,4.48,2145509,967633627
2023-01-02,600050.SH,4.48,4.93,4.48,4.93,6991185,3343360144
2023-01-03,600050.SH,4.99,5.05,4.89,5.02,6270811,3116288396
2023-01-04,600050.SH,4.99,5.22,4.99,5.07,5858581,2998796956
2023-01-05,600050.SH,5.06,5.07,4.94,4.99,3132034,1562800315
2023-01-08,600050.SH,4.98,5.01,4.88,4.98,3246943,1608309963
2023-01-09,600050.SH,4.95,5.02,4.9,4.98,2571948,1277203449
2023-01-10,600050.SH,4.97,5.12,4.93,4.96,3127401,1572092043
2023-01-11,600050.SH,4.94,5.14,4.92,5.11,3870406,1951987042
2023-01-12,600050.SH,5.07,5.14,4.99,5.06,3227926,1631185353
2023-01-15,600050.SH,5.06,5.1,4.98,5.02,2944490,1483388195
2023-01-16,600050.SH,4.99,5.04,4.94,4.95,2094947,1043011730
2023-01-17,600050.SH,4.95,5.12,4.91,5.07,3392366,1713260397
2023-01-18,600050.SH,5.04,5.18,5.02,5.17,4324306,2205098045
2023-01-19,600050.SH,5.19,5.62,5.17,5.53,7470132,4101536946
2023-01-29,600050.SH,5.54,5.6,5.29,5.33,5766525,3109202012
2023-01-30,600050.SH,5.3,5.35,5.19,5.23,3248649,1707194206
2023-01-31,600050.SH,5.24,5.3,5.2,5.28,3044557,1598227999
2023-02-01,600050.SH,5.25,5.37,5.19,5.2,3383030,1782848094
2023-02-02,600050.SH,5.18,5.29,5.1,5.24,3028224,1572753649
2023-02-05,600050.SH,5.18,5.2,5.01,5.03,4285525,2178078411
2023-02-06,600050.SH,5.04,5.07,5,5.02,1969351,990387127
2023-02-07,600050.SH,5.02,5.03,4.83,4.85,3973615,1944737687
2023-02-08,600050.SH,4.83,4.98,4.81,4.94,3529082,1731117311
2023-02-09,600050.SH,4.92,5.03,4.89,4.98,2760072,1368138228
2023-02-12,600050.SH,4.95,5.08,4.95,5.04,2879354,1445830124
2023-02-13,600050.SH,5.04,5.09,4.92,4.96,2427031,1209982040
2023-02-14,600050.SH,4.99,5.19,4.97,5.05,4704391,2392076900
2023-02-15,600050.SH,5.01,5.49,5.01,5.21,8060534,4257679546
2023-02-16,600050.SH,5.2,5.26,4.92,4.92,4705817,2378562707
2023-02-19,600050.SH,4.94,5.35,4.92,5.29,6862278,3584964466
2023-02-20,600050.SH,5.28,5.47,5.23,5.47,6365055,3411466647
2023-02-21,600050.SH,5.4,5.42,5.26,5.31,4569963,2431655600
2023-02-22,600050.SH,5.3,5.31,5.15,5.19,3364494,1756988735
2023-02-23,600050.SH,5.17,5.22,5.1,5.16,2877051,1483277142
2023-02-26,600050.SH,5.13,5.18,5.03,5.09,2259957,1154791672
2023-02-27,600050.SH,5.21,5.43,5.17,5.28,5539343,2922657999
2023-02-28,600050.SH,5.25,5.81,5.24,5.81,11822124,6762183322
2023-03-01,600050.SH,5.86,5.99,5.78,5.95,10907875,6423958227
2023-03-02,600050.SH,5.87,6.24,5.78,6.07,9727726,5875970758
2023-03-05,600050.SH,6.1,6.29,5.96,6.05,7580079,4630382885
2023-03-06,600050.SH,6,6.16,5.83,5.88,6916131,4147973846
2023-03-07,600050.SH,5.81,6.08,5.81,6.07,5676451,3367935051
2023-03-08,600050.SH,5.91,6.2,5.77,6,9607805,5713306500
2023-03-09,600050.SH,5.93,6.09,5.72,5.74,8470695,4974801151
2023-03-12,600050.SH,5.7,6.15,5.7,6.05,9772588,5815878733
2023-03-13,600050.SH,6.04,6.45,5.99,6.18,11362472,7013810247
2023-03-14,600050.SH,6.2,6.27,5.93,6,7333750,4414789672
2023-03-15,600050.SH,5.94,6.04,5.83,5.86,5303086,3135517613
2023-03-16,600050.SH,5.87,6.15,5.82,6.15,8369208,5062314621
2023-03-19,600050.SH,6.12,6.16,5.54,5.56,10775842,6310560047
2023-03-20,600050.SH,5.55,5.68,5.46,5.58,5886643,3270864468
2023-03-21,600050.SH,5.55,5.7,5.47,5.67,4104084,2307093237
2023-03-22,600050.SH,5.62,5.78,5.55,5.77,5139013,2916497994
2023-03-23,600050.SH,5.7,5.72,5.42,5.5,7285023,4019088657
2023-03-26,600050.SH,5.48,5.52,5.27,5.4,5283443,2842841298
2023-03-27,600050.SH,5.4,5.6,5.4,5.53,5407062,2978198397
2023-03-28,600050.SH,5.51,5.51,5.3,5.46,4779032,2579099224
2023-03-29,600050.SH,5.41,5.51,5.21,5.29,5107879,2717174220
2023-03-30,600050.SH,5.29,5.46,5.27,5.42,4168612,2240375782
2023-04-02,600050.SH,5.38,5.6,5.31,5.56,6051663,3307628769
2023-04-03,600050.SH,5.55,5.84,5.52,5.7,7405415,4215523774
2023-04-05,600050.SH,5.63,5.63,5.5,5.57,4227893,2349674759
2023-04-06,600050.SH,5.53,5.67,5.53,5.56,3003268,1674923916
2023-04-09,600050.SH,5.57,5.7,5.49,5.55,3788515,2118888442
2023-04-10,600050.SH,5.53,5.55,5.39,5.51,3373911,1845105374
2023-04-11,600050.SH,5.49,5.95,5.47,5.93,8407530,4864192269
2023-04-12,600050.SH,5.86,5.91,5.67,5.75,4625376,2682483311
2023-04-13,600050.SH,5.75,5.93,5.71,5.8,3735917,2168287280
2023-04-16,600050.SH,5.75,5.94,5.68,5.88,4225619,2469774117
2023-04-17,600050.SH,5.85,6.13,5.75,6.07,5858122,3484942332
2023-04-18,600050.SH,5.95,5.98,5.7,5.73,8939279,5186426251
2023-04-19,600050.SH,5.7,5.77,5.6,5.72,4683600,2667326315
2023-04-20,600050.SH,5.71,5.76,5.5,5.51,4974481,2788049337
2023-04-23,600050.SH,5.51,5.58,5.43,5.48,3207661,1767546807
2023-04-24,600050.SH,5.48,5.52,5.34,5.47,3673898,1995456625
2023-04-25,600050.SH,5.43,5.46,5.27,5.32,3066244,1639370070
2023-04-26,600050.SH,5.3,5.39,5.26,5.35,2544738,1359918442
2023-04-27,600050.SH,5.35,5.45,5.33,5.44,2637710,1423296340
2023-05-03,600050.SH,5.4,5.49,5.33,5.44,3036201,1642261111
2023-05-04,600050.SH,5.55,5.67,5.43,5.49,3998678,2217336940
2023-05-07,600050.SH,5.48,5.73,5.44,5.66,5179438,2903984828
2023-05-08,600050.SH,5.64,5.66,5.47,5.48,4046919,2250024488
2023-05-09,600050.SH,5.45,5.55,5.38,5.46,2529125,1379015579
2023-05-10,600050.SH,5.47,5.48,5.31,5.35,2376727,1274513292
2023-05-11,600050.SH,5.34,5.42,5.23,5.26,2169825,1152084162
2023-05-14,600050.SH,5.25,5.26,5,5.16,3672652,1872989256
2023-05-15,600050.SH,5.16,5.22,5.07,5.1,1841638,946385674
2023-05-16,600050.SH,5.05,5.07,4.94,4.99,2843804,1417245243
2023-05-17,600050.SH,4.99,5.1,4.98,5.03,2022852,1019511437
2023-05-18,600050.SH,5.03,5.06,4.96,4.99,1654046,828375814
2023-05-21,600050.SH,5,5.03,4.97,4.98,1350695,675027072
2023-05-22,600050.SH,5,5,4.83,4.85,2564558,1251669197
2023-05-23,600050.SH,4.84,4.85,4.75,4.77,2174404,1042259485
2023-05-24,600050.SH,4.76,4.82,4.65,4.76,3107961,1465068068
2023-05-25,600050.SH,4.74,4.81,4.71,4.77,2112216,1007332205
2023-05-28,600050.SH,4.8,4.88,4.78,4.81,2302227,1111380979
2023-05-29,600050.SH,4.79,4.91,4.77,4.91,2590934,1260597682
2023-05-30,600050.SH,4.89,4.97,4.86,4.92,1897773,934049932
2023-05-31,600050.SH,4.9,5.05,4.88,5.02,2540804,1268273041
2023-06-01,600050.SH,5.03,5.12,5.01,5.05,1830683,924568118
2023-06-04,600050.SH,5.04,5.12,5.03,5.06,1647403,835935262
2023-06-05,600050.SH,5.05,5.14,5.02,5.04,2049860,1043667733
2023-06-06,600050.SH,5.05,5.12,5.01,5.11,1930124,981648204
2023-06-07,600050.SH,5.1,5.2,5.04,5.18,2396751,1234602708
2023-06-08,600050.SH,5.17,5.31,5.14,5.31,4045313,2113206839
2023-06-11,600050.SH,5.22,5.27,5.15,5.22,3030387,1580350506
2023-06-12,600050.SH,5.18,5.22,5.1,5.17,2147267,1107370179
2023-06-13,600050.SH,5.16,5.19,5.08,5.1,1864194,955057390
2023-06-14,600050.SH,5.13,5.16,5.05,5.07,1480923,754758930
2023-06-15,600050.SH,5.08,5.12,5.05,5.07,1442669,734079799
2023-06-18,600050.SH,5.07,5.24,5.03,5.2,2523575,1299525117
2023-06-19,600050.SH,5.18,5.19,5.04,5.05,2296815,1171240086
2023-06-20,600050.SH,5.04,5.05,4.83,4.83,2681729,1313261535
2023-06-25,600050.SH,4.8,4.85,4.73,4.75,2040744,975687512
2023-06-26,600050.SH,4.76,4.97,4.74,4.93,2216358,1083916704
2023-06-27,600050.SH,4.92,4.92,4.76,4.83,1910714,921115352
2023-06-28,600050.SH,4.8,4.86,4.76,4.83,1815636,874490132
2023-06-29,600050.SH,4.81,4.87,4.76,4.8,2057385,988274467
2023-07-02,600050.SH,4.8,4.97,4.77,4.91,2392328,1163814644
2023-07-03,600050.SH,4.89,4.93,4.87,4.9,1233928,604039152
2023-07-04,600050.SH,4.9,4.98,4.82,4.83,1574672,767215499
2023-07-05,600050.SH,4.82,4.87,4.79,4.81,1223041,588999348
2023-07-06,600050.SH,4.76,4.76,4.67,4.69,1674699,788068098
2023-07-09,600050.SH,4.7,4.72,4.65,4.68,1032286,483757370
2023-07-10,600050.SH,4.69,4.74,4.68,4.72,1097987,516981323
2023-07-11,600050.SH,4.72,4.75,4.58,4.58,1769027,822462260
2023-07-12,600050.SH,4.61,4.66,4.6,4.65,1732532,802472315
2023-07-13,600050.SH,4.66,5.12,4.66,5.12,7637567,3804470525
2023-07-16,600050.SH,5.25,5.33,5.18,5.28,7808785,4107290516
2023-07-17,600050.SH,5.17,5.35,5.16,5.27,4722927,2485001983
2023-07-18,600050.SH,5.25,5.29,5.19,5.23,3005213,1570663880
2023-07-19,600050.SH,5.24,5.27,5.09,5.12,3234656,1670966852
2023-07-20,600050.SH,5.11,5.18,5.07,5.14,2179070,1116385857
2023-07-23,600050.SH,5.09,5.3,5.06,5.18,2651288,1378608734
2023-07-24,600050.SH,5.28,5.33,5.16,5.23,3002024,1565802506
2023-07-25,600050.SH,5.23,5.23,5.11,5.14,1840103,948882793
2023-07-26,600050.SH,5.11,5.16,5.06,5.08,1960483,1000682138
2023-07-27,600050.SH,5.06,5.33,5.05,5.3,4398072,2301045026
2023-07-30,600050.SH,5.34,5.34,5.13,5.16,4618142,2403054580
2023-07-31,600050.SH,5.15,5.18,5.08,5.14,2737934,1403045969
2023-08-01,600050.SH,5.13,5.14,5.07,5.1,1544148,787393089
2023-08-02,600050.SH,5.08,5.12,5.06,5.1,1545690,786438980
2023-08-03,600050.SH,5.11,5.61,5.1,5.48,9697659,5285652418
2023-08-06,600050.SH,5.36,5.42,5.27,5.3,5181247,2755892538
2023-08-07,600050.SH,5.32,5.38,5.26,5.28,3052643,1618783918
2023-08-08,600050.SH,5.28,5.3,5.21,5.24,2313472,1213314041
2023-08-09,600050.SH,5.26,5.35,5.22,5.32,3533670,1872254614
2023-08-10,600050.SH,5.29,5.55,5.25,5.26,5916134,3199093262
2023-08-13,600050.SH,5.16,5.46,5.12,5.4,5071813,2713630337
2023-08-14,600050.SH,5.38,5.42,5.27,5.32,2809287,1496823940
2023-08-15,600050.SH,5.3,5.31,5.09,5.18,3202847,1662962519
2023-08-16,600050.SH,5.15,5.22,5.08,5.2,2443193,1261355145
2023-08-17,600050.SH,5.18,5.22,5.05,5.06,2603774,1330701240
2023-08-20,600050.SH,5.06,5.22,5.04,5.11,2780510,1432026447
2023-08-21,600050.SH,5.22,5.56,5.2,5.5,8684897,4705895479
2023-08-22,600050.SH,5.45,5.55,5.4,5.42,4664803,2551788443
2023-08-23,600050.SH,5.46,5.48,5.24,5.26,4637225,2469411202
2023-08-24,600050.SH,5.17,5.2,5.1,5.12,3898936,2005485631
2023-08-27,600050.SH,5.38,5.45,5.2,5.23,4483220,2376859990
2023-08-28,600050.SH,5.21,5.43,5.19,5.32,3703838,1972445213
2023-08-29,600050.SH,5.31,5.35,5.16,5.25,3628242,1900488470
2023-08-30,600050.SH,5.22,5.27,5.15,5.21,2319164,1208027441
2023-08-31,600050.SH,5.21,5.24,5.16,5.2,1632883,847432846
2023-09-03,600050.SH,5.23,5.39,5.18,5.31,3221862,1706570328
2023-09-04,600050.SH,5.28,5.29,5.18,5.19,2262915,1179026223
2023-09-05,600050.SH,5.18,5.19,5.12,5.18,1951396,1005435235
2023-09-06,600050.SH,5.13,5.19,5.12,5.14,1775205,914267710
2023-09-07,600050.SH,5.13,5.2,5.12,5.18,1737506,897935830
2023-09-10,600050.SH,5.19,5.23,5.15,5.18,1799968,933102529
2023-09-11,600050.SH,5.17,5.23,5.15,5.2,1809815,938181712
2023-09-12,600050.SH,5.18,5.2,5.1,5.17,1906623,981745345
2023-09-13,600050.SH,5.17,5.29,5.15,5.21,2752840,1438055726
2023-09-14,600050.SH,5.2,5.26,5.16,5.17,2182942,1134312142
2023-09-17,600050.SH,5.16,5.17,5.1,5.11,2043769,1046524213
2023-09-18,600050.SH,5.1,5.12,5.07,5.1,1368302,697423756
2023-09-19,600050.SH,5.09,5.12,5.07,5.08,971842,494639704
2023-09-20,600050.SH,5.07,5.1,5.05,5.05,1154193,585590772
2023-09-21,600050.SH,5.05,5.12,5.01,5.11,1908501,966807721
2023-09-24,600050.SH,5.09,5.11,5.07,5.08,1094985,556736137
2023-09-25,600050.SH,5.07,5.09,4.89,4.91,2923117,1452501600
2023-09-26,600050.SH,4.9,4.94,4.89,4.91,1274085,626330967
2023-09-27,600050.SH,4.92,4.94,4.86,4.91,1241946,608403484
2023-10-08,600050.SH,4.9,4.99,4.85,4.96,1744173,862192774
2023-10-09,600050.SH,4.97,5.01,4.92,4.94,1063614,526749943
2023-10-10,600050.SH,4.96,4.97,4.91,4.92,929047,458975003
2023-10-11,600050.SH,4.95,5.1,4.94,5.03,2379079,1195705342
2023-10-12,600050.SH,5,5.02,4.95,4.98,1297368,645921775
2023-10-15,600050.SH,4.98,5.03,4.96,4.98,1092148,544896264
2023-10-16,600050.SH,4.99,5.1,4.97,5.07,1992542,1008030095
2023-10-17,600050.SH,5.05,5.06,5,5.02,1168956,587750259
2023-10-18,600050.SH,5.01,5.02,4.88,4.89,1788953,884110008
2023-10-19,600050.SH,4.87,4.88,4.69,4.72,2034038,968805425
2023-10-22,600050.SH,4.68,4.77,4.64,4.72,1418010,667162857
2023-10-23,600050.SH,4.72,4.75,4.63,4.68,1626658,760918215
2023-10-24,600050.SH,4.69,4.69,4.47,4.51,3842488,1749314216
2023-10-25,600050.SH,4.47,4.52,4.4,4.51,2254165,1004849213
2023-10-26,600050.SH,4.48,4.55,4.46,4.53,1863983,840021714
2023-10-29,600050.SH,4.5,4.53,4.41,4.46,2183488,972012587
2023-10-30,600050.SH,4.46,4.5,4.44,4.46,1489065,665448635
2023-10-31,600050.SH,4.47,4.49,4.42,4.44,1235060,548713766
2023-11-01,600050.SH,4.44,4.46,4.4,4.41,1452136,643012508
2023-11-02,600050.SH,4.41,4.46,4.4,4.45,1347282,598207782
2023-11-05,600050.SH,4.47,4.49,4.43,4.48,1934443,863829666
2023-11-06,600050.SH,4.47,4.51,4.43,4.48,1639576,732787205
2023-11-07,600050.SH,4.47,4.53,4.46,4.51,1767115,795194513
2023-11-08,600050.SH,4.5,4.57,4.48,4.49,1326418,598002120
2023-11-09,600050.SH,4.46,4.48,4.42,4.45,1156544,513989110
2023-11-12,600050.SH,4.46,4.53,4.44,4.51,1638348,737013184
2023-11-13,600050.SH,4.51,4.55,4.5,4.54,1235937,559381126
2023-11-14,600050.SH,4.57,4.58,4.51,4.53,1037409,470879307
2023-11-15,600050.SH,4.52,4.53,4.46,4.47,1140103,511196150
2023-11-16,600050.SH,4.46,4.48,4.42,4.47,1367454,607722421
2023-11-19,600050.SH,4.46,4.49,4.43,4.47,1088487,485043713
2023-11-20,600050.SH,4.47,4.51,4.45,4.46,1494875,669962630
2023-11-21,600050.SH,4.46,4.63,4.45,4.51,3359995,1524644112
2023-11-22,600050.SH,4.5,4.55,4.46,4.53,1875619,845617827
2023-11-23,600050.SH,4.54,4.6,4.5,4.51,1801324,818113486
2023-11-26,600050.SH,4.51,4.52,4.41,4.43,1868767,828875106
2023-11-27,600050.SH,4.43,4.43,4.34,4.37,1951922,856017799
2023-11-28,600050.SH,4.38,4.39,4.33,4.35,1081773,470750450
2023-11-29,600050.SH,4.35,4.42,4.33,4.39,1521807,667633581
2023-11-30,600050.SH,4.39,4.47,4.35,4.46,1924879,851701136
2023-12-03,600050.SH,4.47,4.5,4.44,4.45,1208894,540771461
2023-12-04,600050.SH,4.44,4.45,4.36,4.37,1192955,526020774
2023-12-05,600050.SH,4.36,4.37,4.24,4.29,1731616,741043754
2023-12-06,600050.SH,4.28,4.34,4.26,4.29,1140329,490102358
2023-12-07,600050.SH,4.24,4.4,4.22,4.34,2321532,1003851557
2023-12-10,600050.SH,4.33,4.39,4.28,4.38,1518789,658126031
2023-12-11,600050.SH,4.36,4.43,4.35,4.42,1245378,548287135
2023-12-12,600050.SH,4.4,4.43,4.37,4.38,955617,420274429
2023-12-13,600050.SH,4.38,4.45,4.37,4.37,1109586,488804404
2023-12-14,600050.SH,4.36,4.39,4.33,4.33,1166439,508378828
2023-12-17,600050.SH,4.32,4.37,4.3,4.33,1037611,450296429
2023-12-18,600050.SH,4.32,4.35,4.28,4.33,961536,415181988
2023-12-19,600050.SH,4.33,4.35,4.26,4.27,1021534,440245167
2023-12-20,600050.SH,4.25,4.29,4.24,4.27,1066873,454834213
2023-12-21,600050.SH,4.26,4.34,4.25,4.27,1746792,747971934
2023-12-24,600050.SH,4.27,4.28,4.19,4.21,1111694,469031069
2023-12-25,600050.SH,4.21,4.24,4.18,4.22,978854,413019855
2023-12-26,600050.SH,4.23,4.38,4.21,4.36,2333853,1002328914
2023-12-27,600050.SH,4.33,4.4,4.31,4.37,2387526,1040962252
2023-12-28,600050.SH,4.35,4.42,4.33,4.38,1801269,788458312
2024-01-01,600050.SH,4.38,4.42,4.28,4.29,2524216,1089890198
2024-01-02,600050.SH,4.27,4.33,4.26,4.32,1248959,537368406
2024-01-03,600050.SH,4.31,4.35,4.23,4.28,1693300,724509840
2024-01-04,600050.SH,4.27,4.32,4.23,4.25,1419314,606476282
2024-01-07,600050.SH,4.23,4.25,4.18,4.19,1437195,604960720
2024-01-08,600050.SH,4.2,4.21,4.04,4.07,2457929,1007234768
2024-01-09,600050.SH,4.05,4.05,3.99,3.99,1466860,588694206
2024-01-10,600050.SH,3.99,4.03,3.95,4.02,1330522,531024271
2024-01-11,600050.SH,4,4.06,3.99,4,979231,393889355
2024-01-14,600050.SH,3.98,4.07,3.97,4.05,1315690,531255567
2024-01-15,600050.SH,4.04,4.07,4.01,4.07,1147720,464175652
2024-01-16,600050.SH,4.05,4.08,4.01,4.01,1307218,529892275
2024-01-17,600050.SH,4,4.06,3.9,4.04,2244683,891772724
2024-01-18,600050.SH,4.01,4.06,3.99,4.04,1474646,593810721
2024-01-21,600050.SH,4.04,4.06,3.95,3.99,1717063,690524111
2024-01-22,600050.SH,3.98,3.99,3.93,3.97,1395720,553084584
2024-01-23,600050.SH,3.98,4.14,3.98,4.12,2785773,1129851383
2024-01-24,600050.SH,4.13,4.53,4.12,4.53,8449036,3757276811
2024-01-25,600050.SH,4.49,4.59,4.47,4.55,6910287,3128445194
2024-01-28,600050.SH,4.53,4.83,4.52,4.57,6683271,3111717828
2024-01-29,600050.SH,4.56,4.71,4.54,4.55,4532361,2096296444
2024-01-30,600050.SH,4.52,4.65,4.47,4.52,3741106,1700168435
2024-01-31,600050.SH,4.47,4.53,4.41,4.45,3185164,1422516473
2024-02-01,600050.SH,4.45,4.54,4.28,4.45,4010282,1782933388
2024-02-04,600050.SH,4.39,4.48,4.33,4.43,3463130,1527590201
2024-02-05,600050.SH,4.41,4.53,4.3,4.47,3913853,1732327726
2024-02-06,600050.SH,4.46,4.57,4.42,4.56,3970107,1781624833
2024-02-07,600050.SH,4.53,4.57,4.5,4.56,3014420,1367388732
2024-02-18,600050.SH,4.56,4.7,4.51,4.69,3694130,1704432382
2024-02-19,600050.SH,4.7,4.78,4.63,4.74,3104939,1465667237
2024-02-20,600050.SH,4.69,4.86,4.67,4.73,3438932,1639209766
2024-02-21,600050.SH,4.79,5,4.79,4.9,4152141,2033354646
2024-02-22,600050.SH,4.9,4.92,4.81,4.86,3034769,1472202266
2024-02-25,600050.SH,4.85,4.86,4.72,4.73,2886028,1377165305
2024-02-26,600050.SH,4.71,4.86,4.7,4.83,2646740,1266358609
2024-02-27,600050.SH,4.86,4.87,4.7,4.71,3071434,1469133152
2024-02-28,600050.SH,4.68,4.8,4.67,4.8,2536671,1206715184
2024-02-29,600050.SH,4.8,4.88,4.77,4.84,2562797,1238317579
2024-03-03,600050.SH,4.85,4.9,4.81,4.86,2450665,1191256831
2024-03-04,600050.SH,4.86,4.94,4.81,4.84,2549838,1240154717
2024-03-05,600050.SH,4.83,4.86,4.81,4.81,1852132,894596980
2024-03-06,600050.SH,4.8,4.81,4.71,4.72,2330658,1107850762
2024-03-07,600050.SH,4.72,4.83,4.71,4.83,1980965,946391807
2024-03-10,600050.SH,4.81,4.83,4.74,4.78,1930675,921012468
2024-03-11,600050.SH,4.78,4.79,4.65,4.67,2656788,1249341557
2024-03-12,600050.SH,4.66,4.69,4.59,4.63,1836897,851026175
2024-03-13,600050.SH,4.63,4.67,4.58,4.62,1500502,694759375
2024-03-14,600050.SH,4.61,4.62,4.57,4.61,1395413,641457964
2024-03-17,600050.SH,4.62,4.73,4.61,4.72,2139305,1001961287
2024-03-18,600050.SH,4.71,4.72,4.63,4.64,1524945,711822726
2024-03-19,600050.SH,4.68,4.75,4.63,4.71,2351803,1105776295
2024-03-20,600050.SH,4.69,4.8,4.69,4.72,2129084,1008857316
2024-03-21,600050.SH,4.71,4.73,4.62,4.66,1717415,800174329
2024-03-24,600050.SH,4.64,4.71,4.62,4.63,1672816,780369850
2024-03-25,600050.SH,4.61,4.64,4.59,4.62,1273371,587226323
2024-03-26,600050.SH,4.61,4.67,4.55,4.58,1919785,883327209
2024-03-27,600050.SH,4.59,4.66,4.57,4.61,1863503,859118578
2024-03-28,600050.SH,4.6,4.68,4.59,4.67,1495150,694130556
2024-03-31,600050.SH,4.68,4.8,4.67,4.74,2011023,953251088
2024-04-01,600050.SH,4.73,4.77,4.7,4.72,1357321,641959912
2024-04-02,600050.SH,4.71,4.72,4.67,4.67,1036531,486089687
2024-04-07,600050.SH,4.65,4.72,4.61,4.68,1793149,838247002
2024-04-08,600050.SH,4.67,4.69,4.58,4.61,1689649,779934037
2024-04-09,600050.SH,4.59,4.65,4.54,4.56,1485000,681020172
2024-04-10,600050.SH,4.54,4.62,4.53,4.55,1325717,606832358
2024-04-11,600050.SH,4.55,4.58,4.5,4.52,1445303,655535370
2024-04-14,600050.SH,4.52,4.74,4.51,4.73,3627880,1693580523
2024-04-15,600050.SH,4.72,4.77,4.68,4.73,2966982,1403350606
2024-04-16,600050.SH,4.71,4.83,4.64,4.82,3238613,1537863692
2024-04-17,600050.SH,4.8,4.94,4.78,4.84,3191449,1550223131
2024-04-18,600050.SH,4.81,4.88,4.8,4.84,2052523,992307878
2024-04-21,600050.SH,4.84,4.88,4.74,4.76,2200190,1055184373
2024-04-22,600050.SH,4.77,4.8,4.69,4.71,1907142,905289816
2024-04-23,600050.SH,4.71,4.74,4.68,4.73,1204253,567515030
2024-04-24,600050.SH,4.72,4.74,4.69,4.74,1131224,533963523
2024-04-25,600050.SH,4.73,4.79,4.72,4.76,1992673,948983702
2024-04-28,600050.SH,4.77,4.78,4.67,4.69,3052108,1434722542
2024-04-29,600050.SH,4.69,4.77,4.68,4.69,2237621,1057003526
2024-05-05,600050.SH,4.73,4.74,4.65,4.66,2730751,1278746148
2024-05-06,600050.SH,4.67,4.69,4.65,4.67,1404403,655352274
2024-05-07,600050.SH,4.66,4.67,4.62,4.64,1305603,606106764
2024-05-08,600050.SH,4.63,4.66,4.62,4.64,1479353,686069101
2024-05-09,600050.SH,4.64,4.7,4.63,4.67,1962643,916739896
2024-05-12,600050.SH,4.65,4.69,4.62,4.66,1725783,803796586
2024-05-13,600050.SH,4.67,4.68,4.63,4.64,1209348,561672919
2024-05-14,600050.SH,4.64,4.64,4.58,4.59,1423796,655158754
2024-05-15,600050.SH,4.6,4.61,4.56,4.58,1516951,694321745
2024-05-16,600050.SH,4.58,4.64,4.56,4.64,1722025,791902760
2024-05-19,600050.SH,4.62,4.67,4.62,4.66,1912972,888036560
2024-05-20,600050.SH,4.65,4.68,4.64,4.67,1247727,581821617
2024-05-21,600050.SH,4.67,4.7,4.65,4.69,1642918,769762889
2024-05-22,600050.SH,4.7,4.7,4.63,4.64,1352531,630547263
2024-05-23,600050.SH,4.63,4.67,4.6,4.61,1231012,571149907
2024-05-26,600050.SH,4.63,4.7,4.6,4.7,1789261,834419701
2024-05-27,600050.SH,4.69,4.72,4.63,4.64,1391062,650314372
2024-05-28,600050.SH,4.64,4.65,4.58,4.59,1417562,653769190
2024-05-29,600050.SH,4.58,4.61,4.56,4.58,1226292,562263913
2024-05-30,600050.SH,4.58,4.61,4.57,4.57,1209355,554730872
2024-06-02,600050.SH,4.57,4.62,4.56,4.59,1350785,620328353
2024-06-03,600050.SH,4.58,4.6,4.53,4.6,1345399,614973664
2024-06-04,600050.SH,4.59,4.59,4.53,4.54,1089488,496844988
2024-06-05,600050.SH,4.54,4.57,4.52,4.52,1272387,577642644
2024-06-06,600050.SH,4.54,4.57,4.52,4.57,1238477,562812748
2024-06-10,600050.SH,4.55,4.59,4.47,4.47,1795130,811127869
2024-06-11,600050.SH,4.49,4.49,4.37,4.42,2327017,1026912293
2024-06-12,600050.SH,4.42,4.45,4.4,4.43,1283482,568592342
2024-06-13,600050.SH,4.42,4.51,4.41,4.51,1788823,801007377
2024-06-16,600050.SH,4.5,4.55,4.48,4.51,1352448,611538904
2024-06-17,600050.SH,4.51,4.55,4.5,4.55,940208,426128279
2024-06-18,600050.SH,4.55,4.6,4.54,4.57,1253657,574049844
2024-06-19,600050.SH,4.57,4.59,4.5,4.52,1260023,570613621
2024-06-20,600050.SH,4.52,4.58,4.5,4.57,1331127,606142326
2024-06-23,600050.SH,4.57,4.59,4.54,4.55,1247434,569623751
2024-06-24,600050.SH,4.54,4.58,4.46,4.5,1436001,648719342
2024-06-25,600050.SH,4.5,4.53,4.44,4.52,1251949,561200748
2024-06-26,600050.SH,4.51,4.61,4.5,4.59,2048728,937796093
2024-06-27,600050.SH,4.58,4.71,4.57,4.7,2623749,1221380173
2024-06-30,600050.SH,4.7,4.73,4.67,4.68,1670867,784381028
2024-07-01,600050.SH,4.68,4.76,4.68,4.74,1934387,915270521
2024-07-02,600050.SH,4.74,4.81,4.72,4.77,1772119,844232496
2024-07-03,600050.SH,4.76,4.8,4.71,4.72,1465830,695337144
2024-07-04,600050.SH,4.72,4.76,4.66,4.72,1606420,756211221
2024-07-07,600050.SH,4.71,4.76,4.71,4.72,1309226,620138916
2024-07-08,600050.SH,4.74,4.79,4.67,4.77,1665296,790694390
2024-07-09,600050.SH,4.75,4.8,4.72,4.73,1310689,621981013
2024-07-10,600050.SH,4.75,4.79,4.72,4.75,1338901,635722873
2024-07-11,600050.SH,4.74,4.8,4.72,4.78,1440318,687356469
2024-07-14,600050.SH,4.77,4.85,4.76,4.81,1696071,816603461
2024-07-15,600050.SH,4.8,4.82,4.77,4.81,1256177,602324782
2024-07-16,600050.SH,4.81,4.82,4.72,4.74,1784996,849950205
2024-07-17,600050.SH,4.72,4.83,4.71,4.81,1948814,932394936
2024-07-18,600050.SH,4.76,4.8,4.72,4.8,1776879,846185742
2024-07-21,600050.SH,4.8,4.81,4.71,4.75,1561603,741671590
2024-07-22,600050.SH,4.75,4.8,4.73,4.74,1422237,678733871
2024-07-23,600050.SH,4.72,4.83,4.71,4.79,1993563,952715894
2024-07-24,600050.SH,4.79,4.82,4.69,4.73,1868133,885019284
2024-07-25,600050.SH,4.73,4.74,4.6,4.65,1932644,897557619
2024-07-28,600050.SH,4.63,4.78,4.62,4.75,1699652,801007383
2024-07-29,600050.SH,4.75,4.8,4.73,4.78,1231874,587194931
2024-07-30,600050.SH,4.8,4.8,4.69,4.7,2404214,1133225477
2024-07-31,600050.SH,4.68,4.78,4.68,4.72,1861641,881218456
2024-08-01,600050.SH,4.72,4.8,4.7,4.76,2033948,969804207
2024-08-04,600050.SH,4.75,4.78,4.65,4.66,1814722,852885427
2024-08-05,600050.SH,4.67,4.7,4.53,4.59,1892500,869137596
2024-08-06,600050.SH,4.59,4.64,4.57,4.57,962926,442830790
2024-08-07,600050.SH,4.56,4.62,4.55,4.59,854463,392562570
2024-08-08,600050.SH,4.59,4.62,4.52,4.52,1211071,551758117
2024-08-11,600050.SH,4.53,4.53,4.44,4.46,1026640,460154102
2024-08-12,600050.SH,4.46,4.49,4.45,4.47,967331,432311615
2024-08-13,600050.SH,4.48,4.53,4.46,4.5,1057053,475640734
2024-08-14,600050.SH,4.51,4.56,4.46,4.53,1291446,584709824
2024-08-15,600050.SH,4.57,4.74,4.56,4.73,3231696,1514208767
2024-08-18,600050.SH,4.74,4.79,4.72,4.79,1863960,888750554
2024-08-19,600050.SH,4.8,4.8,4.74,4.76,1263161,601430406
2024-08-20,600050.SH,4.76,4.79,4.72,4.76,1153830,550234691
2024-08-21,600050.SH,4.76,4.8,4.74,4.76,1248644,596034942
2024-08-22,600050.SH,4.77,4.83,4.74,4.79,1449278,694224586
2024-08-25,600050.SH,4.79,4.82,4.75,4.79,1122252,536812618
2024-08-26,600050.SH,4.78,4.82,4.77,4.81,1272622,611294313
2024-08-27,600050.SH,4.81,4.82,4.76,4.79,1098238,526050524
2024-08-28,600050.SH,4.79,4.8,4.67,4.68,1411941,665741354
2024-08-29,600050.SH,4.67,4.71,4.64,4.64,1947818,910329934
2024-09-01,600050.SH,4.65,4.67,4.59,4.63,1255210,582598497
2024-09-02,600050.SH,4.63,4.68,4.6,4.67,1117722,518802624
2024-09-03,600050.SH,4.66,4.71,4.65,4.68,1075376,503953056
2024-09-04,600050.SH,4.68,4.7,4.6,4.62,1253780,579633226
2024-09-05,600050.SH,4.62,4.68,4.61,4.61,865499,401402120
2024-09-08,600050.SH,4.61,4.63,4.52,4.55,1182222,538692206
2024-09-09,600050.SH,4.54,4.58,4.54,4.56,853305,389243502
2024-09-10,600050.SH,4.55,4.56,4.48,4.5,1013778,457095065
2024-09-11,600050.SH,4.51,4.52,4.45,4.47,1092521,488833015
2024-09-12,600050.SH,4.47,4.53,4.46,4.47,822665,369843205
2024-09-17,600050.SH,4.47,4.5,4.44,4.48,944653,422663148
2024-09-18,600050.SH,4.49,4.5,4.43,4.47,1310995,585151528
2024-09-19,600050.SH,4.47,4.52,4.45,4.49,1495197,669379758
2024-09-22,600050.SH,4.49,4.52,4.47,4.49,1069850,480488479
2024-09-23,600050.SH,4.51,4.7,4.5,4.7,2374139,1093413219
2024-09-24,600050.SH,4.73,4.89,4.72,4.8,3024410,1456834934
2024-09-25,600050.SH,4.79,4.93,4.78,4.93,2586455,1255226783
2024-09-26,600050.SH,4.97,5.04,4.86,4.97,1838253,908711832
2024-09-29,600050.SH,5.06,5.39,5.03,5.35,6023754,3141201481
2024-10-07,600050.SH,5.88,5.89,5.31,5.54,7207306,4016208794
2024-10-08,600050.SH,5.45,5.45,5.14,5.17,4674426,2478456610
2024-10-09,600050.SH,5.22,5.61,5.22,5.41,5749177,3139824572
2024-10-10,600050.SH,5.35,5.37,5.08,5.13,3652340,1905343726
2024-10-13,600050.SH,5.15,5.29,5.14,5.25,2484878,1295241059
2024-10-14,600050.SH,5.23,5.32,5.16,5.16,2063985,1082120844
2024-10-15,600050.SH,5.1,5.21,5.08,5.16,1698190,875171402
2024-10-16,600050.SH,5.17,5.21,5.05,5.07,1852405,950036789
2024-10-17,600050.SH,5.06,5.23,5.01,5.17,2523118,1292523712
2024-10-20,600050.SH,5.18,5.19,5.1,5.16,2741345,1406908606
2024-10-21,600050.SH,5.15,5.16,5.07,5.14,2244180,1147459584
2024-10-22,600050.SH,5.18,5.26,5.12,5.14,3213980,1663502594
2024-10-23,600050.SH,5.12,5.13,5.02,5.05,2418126,1221694985
2024-10-24,600050.SH,5.03,5.08,5.02,5.06,1668427,841955053
2024-10-27,600050.SH,5.04,5.22,5.03,5.16,2802452,1437754045
2024-10-28,600050.SH,5.16,5.18,5.07,5.11,1930138,987328751
2024-10-29,600050.SH,5.03,5.03,4.97,5.01,1597072,799108899
2024-10-30,600050.SH,5,5.03,4.96,4.99,1900179,948520899
2024-10-31,600050.SH,4.99,5.1,4.97,5.04,2931890,1482116865
2024-11-03,600050.SH,5.05,5.05,4.96,5.04,1860027,930594055
2024-11-04,600050.SH,5.04,5.15,5.04,5.15,3028461,1546765687
2024-11-05,600050.SH,5.15,5.28,5.14,5.17,2798134,1452404590
2024-11-06,600050.SH,5.14,5.29,5.13,5.29,2951832,1537802305
2024-11-07,600050.SH,5.3,5.34,5.15,5.19,3109038,1626142411
2024-11-10,600050.SH,5.18,5.23,5.13,5.22,2463273,1276751352
2024-11-11,600050.SH,5.21,5.21,5.07,5.09,2975773,1528415851
2024-11-12,600050.SH,5.05,5.6,5.05,5.46,12781016,6986930412
2024-11-13,600050.SH,5.32,5.7,5.26,5.47,11018125,6009117017
2024-11-14,600050.SH,5.4,6.02,5.4,5.81,16820485,9724362938
2024-11-17,600050.SH,5.8,6.2,5.63,5.8,17121587,10090550036
2024-11-18,600050.SH,5.64,5.68,5.34,5.48,13135740,7190256617
2024-11-19,600050.SH,5.4,5.53,5.35,5.48,7555785,4117015676
2024-11-20,600050.SH,5.46,5.51,5.31,5.37,6257146,3370254146
2024-11-21,600050.SH,5.38,5.46,5.2,5.2,6346926,3384883804
2024-11-24,600050.SH,5.22,5.24,5.08,5.11,4780738,2462316781
2024-11-25,600050.SH,5.12,5.2,5.09,5.1,4022545,2063590900
2024-11-26,600050.SH,5.08,5.23,5.06,5.22,4791789,2468845149
2024-11-27,600050.SH,5.19,5.2,5.11,5.12,3380376,1738704184
2024-11-28,600050.SH,5.14,5.2,5.12,5.15,3610099,1863703094
2024-12-01,600050.SH,5.11,5.17,5.11,5.15,4100223,2104255003
2024-12-02,600050.SH,5.14,5.18,5.1,5.17,3851015,1979363625
2024-12-03,600050.SH,5.15,5.24,5.12,5.19,4999356,2592884027
2024-12-04,600050.SH,5.17,5.28,5.15,5.17,3869747,2008867569
2024-12-05,600050.SH,5.16,5.22,5.16,5.2,3319762,1724272862
2024-12-08,600050.SH,5.21,5.45,5.19,5.35,6778881,3625430856
2024-12-09,600050.SH,5.4,5.44,5.28,5.3,5643486,3019450600
2024-12-10,600050.SH,5.29,5.31,5.25,5.29,3114647,1644047413
2024-12-11,600050.SH,5.28,5.33,5.25,5.33,3536573,1874575941
2024-12-12,600050.SH,5.3,5.31,5.22,5.22,5542409,2915672081
2024-12-15,600050.SH,5.23,5.32,5.22,5.25,4724902,2493531322
2024-12-16,600050.SH,5.24,5.35,5.22,5.24,4262606,2251924590
2024-12-17,600050.SH,5.29,5.38,5.26,5.32,4617105,2458613222
2024-12-18,600050.SH,5.27,5.39,5.25,5.36,4280397,2278657985
2024-12-19,600050.SH,5.34,5.36,5.26,5.27,3527728,1866819173
2024-12-22,600050.SH,5.26,5.37,5.25,5.31,4159130,2214218009
2024-12-23,600050.SH,5.29,5.35,5.29,5.35,3130858,1666503454
2024-12-24,600050.SH,5.36,5.56,5.35,5.44,6754089,3683292566
2024-12-25,600050.SH,5.46,5.46,5.32,5.39,4453455,2387697715
2024-12-26,600050.SH,5.36,5.4,5.34,5.37,2987777,1602805661
2024-12-29,600050.SH,5.35,5.41,5.34,5.41,3411848,1836788007
2024-12-30,600050.SH,5.4,5.44,5.31,5.31,4499627,2412493227
2025-01-01,600050.SH,5.31,5.31,4.99,5.02,6316935,3236422041
2025-01-02,600050.SH,5.01,5.03,4.88,4.92,3751284,1855921731
2025-01-05,600050.SH,4.91,4.91,4.79,4.86,3178947,1540996524
2025-01-06,600050.SH,4.84,4.9,4.83,4.9,2056171,1000082258
2025-01-07,600050.SH,4.88,4.93,4.81,4.91,2996819,1461333333
2025-01-08,600050.SH,4.88,4.9,4.84,4.86,1624933,791510459
2025-01-09,600050.SH,4.85,4.86,4.78,4.78,1828469,881602649
2025-01-12,600050.SH,4.73,4.77,4.7,4.74,1722224,814704320
2025-01-13,600050.SH,4.75,4.85,4.74,4.85,2146643,1033564612
2025-01-14,600050.SH,4.84,4.89,4.81,4.82,1378119,667306020
2025-01-15,600050.SH,4.84,4.89,4.82,4.85,1796687,872366924
2025-01-16,600050.SH,4.85,4.88,4.82,4.86,1291526,627180957
2025-01-19,600050.SH,4.89,4.9,4.83,4.83,1492491,725807411
2025-01-20,600050.SH,4.86,4.87,4.81,4.82,1437196,693977161
2025-01-21,600050.SH,4.81,4.82,4.77,4.8,1610838,772950930
2025-01-22,600050.SH,4.84,4.91,4.83,4.83,2333288,1136485527
2025-01-23,600050.SH,4.82,4.88,4.82,4.87,1638454,796112416
2025-01-26,600050.SH,4.87,4.92,4.86,4.89,1991362,974443571
2025-02-04,600050.SH,4.92,5.05,4.86,4.99,3569536,1766739487
2025-02-05,600050.SH,5.07,5.16,4.99,5.13,5076416,2582950027
2025-02-06,600050.SH,5.09,5.46,5.05,5.23,8556285,4473293540
2025-02-09,600050.SH,5.44,5.64,5.39,5.46,13380589,7363221943
2025-02-10,600050.SH,5.4,5.62,5.39,5.48,7475724,4114109464
2025-02-11,600050.SH,5.44,5.53,5.42,5.5,4708411,2581675804
2025-02-12,600050.SH,5.51,5.59,5.47,5.5,4701389,2604569079
2025-02-13,600050.SH,5.48,6.05,5.41,5.98,15929592,9303873185
2025-02-16,600050.SH,6.15,6.58,6.08,6.51,21644720,13685428379
2025-02-17,600050.SH,6.55,6.57,6.25,6.42,17830106,11441441787
2025-02-18,600050.SH,6.41,6.72,6.29,6.44,14800968,9611700609
2025-02-19,600050.SH,6.34,6.45,6.18,6.2,10935287,6877299918
2025-02-20,600050.SH,6.36,6.82,6.33,6.82,15382829,10195727247
2025-02-23,600050.SH,6.88,6.93,6.6,6.73,16572511,11227418085
2025-02-24,600050.SH,6.53,6.76,6.49,6.63,9009093,5965230333
2025-02-25,600050.SH,6.8,6.85,6.51,6.61,7312310,4845634195
2025-02-26,600050.SH,6.57,6.67,6.28,6.38,7896356,5077445602
2025-02-27,600050.SH,6.34,6.42,6.16,6.25,7152211,4496561007
2025-03-02,600050.SH,6.33,6.39,6.17,6.22,5745427,3613997431
2025-03-03,600050.SH,6.14,6.23,6.09,6.18,5601391,3443325452
2025-03-04,600050.SH,6.2,6.28,6.16,6.26,4719211,2937733596
2025-03-05,600050.SH,6.4,6.69,6.36,6.53,10042225,6524468298
2025-03-06,600050.SH,6.5,6.57,6.37,6.41,4877378,3147974696
2025-03-09,600050.SH,6.4,6.4,6.19,6.22,4112163,2567325686
2025-03-10,600050.SH,6.13,6.21,6.11,6.21,2889070,1780670804
2025-03-11,600050.SH,6.23,6.4,6.12,6.23,5157915,3218009496
2025-03-12,600050.SH,6.18,6.24,6.08,6.13,3238687,1987039150
2025-03-13,600050.SH,6.11,6.25,6.1,6.2,3301013,2041406487
2025-03-16,600050.SH,6.18,6.2,6.11,6.15,2929481,1800508635
2025-03-17,600050.SH,6.25,6.37,6.18,6.21,4786457,2987719733
2025-03-18,600050.SH,6.13,6.14,5.74,5.77,11358768,6670957540
2025-03-19,600050.SH,5.77,5.79,5.69,5.71,4761207,2724463321
2025-03-20,600050.SH,5.7,5.75,5.62,5.7,5022475,2856257924
2025-03-23,600050.SH,5.65,5.69,5.62,5.68,3277821,1852990604
2025-03-24,600050.SH,5.67,5.67,5.58,5.61,2823992,1586963737
2025-03-25,600050.SH,5.62,5.65,5.6,5.62,2154182,1211641571
2025-03-26,600050.SH,5.62,5.67,5.59,5.59,2790656,1568545171
2025-03-27,600050.SH,5.6,5.61,5.54,5.57,2299123,1280187158
2025-03-30,600050.SH,5.54,5.58,5.51,5.56,2274501,1262729139
2025-03-31,600050.SH,5.56,5.58,5.54,5.56,1830236,1017461968
2025-04-01,600050.SH,5.55,5.61,5.53,5.58,1949607,1086587757
2025-04-02,600050.SH,5.54,5.64,5.52,5.59,2716967,1520933213
2025-04-06,600050.SH,5.38,5.4,5.03,5.2,6548816,3412855588
2025-04-07,600050.SH,5.19,5.35,5.18,5.34,4548456,2397520735
2025-04-08,600050.SH,5.3,5.48,5.25,5.46,4959798,2673931217
2025-04-09,600050.SH,5.52,5.53,5.4,5.43,3618618,1972547803
2025-04-10,600050.SH,5.43,5.43,5.36,5.41,2606201,1407021901
2025-04-13,600050.SH,5.43,5.44,5.39,5.42,2183176,1181322145
2025-04-14,600050.SH,5.41,5.42,5.35,5.41,2251718,1211975152
2025-04-15,600050.SH,5.39,5.47,5.36,5.47,3376333,1828902700
2025-04-16,600050.SH,5.45,5.48,5.4,5.44,2213403,1203582188
2025-04-17,600050.SH,5.41,5.44,5.38,5.44,1516431,820602272
2025-04-20,600050.SH,5.43,5.48,5.41,5.44,1440069,784799999
2025-04-21,600050.SH,5.44,5.46,5.39,5.4,1833629,993517676
2025-04-22,600050.SH,5.41,5.42,5.33,5.34,2661462,1425741309
2025-04-23,600050.SH,5.34,5.37,5.31,5.33,1831173,976905657
2025-04-24,600050.SH,5.34,5.36,5.31,5.32,1642972,874910026
2025-04-27,600050.SH,5.31,5.37,5.28,5.35,2102966,1121269195
2025-04-28,600050.SH,5.35,5.36,5.32,5.34,1278644,683019326
2025-04-29,600050.SH,5.34,5.36,5.31,5.32,1488351,793771788
2025-05-05,600050.SH,5.34,5.48,5.32,5.48,3726514,2019842707
2025-05-06,600050.SH,5.55,5.57,5.43,5.48,2908479,1590128544
2025-05-07,600050.SH,5.46,5.48,5.44,5.46,1792217,978024321
2025-05-08,600050.SH,5.46,5.48,5.43,5.43,1636604,892591898
2025-05-11,600050.SH,5.45,5.49,5.44,5.48,1948545,1064858262
2025-05-12,600050.SH,5.49,5.52,5.43,5.44,1849496,1010327284
2025-05-13,600050.SH,5.44,5.54,5.42,5.54,3347349,1835702717
2025-05-14,600050.SH,5.52,5.54,5.43,5.44,3021391,1651244211
2025-05-15,600050.SH,5.42,5.43,5.35,5.38,2499769,1344859070
2025-05-18,600050.SH,5.37,5.42,5.35,5.42,1728027,930773743
2025-05-19,600050.SH,5.4,5.5,5.39,5.47,2495890,1361607793
2025-05-20,600050.SH,5.47,5.48,5.43,5.46,1443187,787537225
2025-05-21,600050.SH,5.44,5.46,5.41,5.43,1326860,719993210
2025-05-22,600050.SH,5.42,5.47,5.37,5.38,2114703,1147375782
2025-05-25,600050.SH,5.37,5.45,5.37,5.4,1667317,901751043
2025-05-26,600050.SH,5.39,5.45,5.38,5.42,1848958,1002069622
2025-05-27,600050.SH,5.41,5.44,5.32,5.33,2367350,1270760948
2025-05-28,600050.SH,5.32,5.4,5.31,5.4,2090904,1123194064
2025-05-29,600050.SH,5.38,5.39,5.33,5.36,1516766,812331935
2025-06-02,600050.SH,5.32,5.34,5.3,5.33,1901815,1012227721
2025-06-03,600050.SH,5.34,5.35,5.32,5.34,1513440,807401887
2025-06-04,600050.SH,5.34,5.39,5.31,5.38,2278807,1220710698
2025-06-05,600050.SH,5.37,5.42,5.35,5.42,1833473,988323640
2025-06-08,600050.SH,5.42,5.44,5.37,5.39,2365905,1277048987
2025-06-09,600050.SH,5.39,5.4,5.3,5.31,2863365,1527620699
2025-06-10,600050.SH,5.31,5.34,5.29,5.31,2437575,1294063515
2025-06-11,600050.SH,5.3,5.31,5.26,5.27,2184222,1151567673
2025-06-12,600050.SH,5.26,5.28,5.23,5.27,2117131,1112053643
2025-06-15,600050.SH,5.25,5.28,5.24,5.27,1389580,730877415
2025-06-16,600050.SH,5.27,5.32,5.25,5.31,1942605,1028481893
2025-06-17,600050.SH,5.3,5.32,5.27,5.29,1230316,651462992
2025-06-18,600050.SH,5.28,5.3,5.21,5.23,1911558,1001675206
2025-06-19,600050.SH,5.23,5.26,5.22,5.25,1303476,683024625
2025-06-22,600050.SH,5.23,5.3,5.22,5.28,1775081,933811345
2025-06-23,600050.SH,5.28,5.35,5.27,5.33,2117977,1127583385
2025-06-24,600050.SH,5.34,5.39,5.32,5.38,2314334,1239810765
2025-06-25,600050.SH,5.38,5.4,5.34,5.35,1732582,930631039
2025-06-26,600050.SH,5.31,5.37,5.3,5.31,1991470,1061792301
2025-06-29,600050.SH,5.3,5.38,5.29,5.34,1787751,954325746
2025-06-30,600050.SH,5.35,5.36,5.33,5.35,1160696,620376118
2025-07-01,600050.SH,5.34,5.36,5.32,5.33,1135145,605849667
2025-07-02,600050.SH,5.34,5.35,5.3,5.33,1258401,670248217
2025-07-03,600050.SH,5.33,5.36,5.31,5.34,1366675,729550479
2025-07-06,600050.SH,5.33,5.36,5.32,5.35,1182289,631529810
2025-07-07,600050.SH,5.35,5.39,5.34,5.38,1456487,781408483
2025-07-08,600050.SH,5.38,5.47,5.37,5.43,3395037,1844808216
2025-07-09,600050.SH,5.43,5.5,5.41,5.41,2803997,1526277552
2025-07-10,600050.SH,5.41,5.48,5.41,5.41,2800581,1524869967
2025-07-13,600050.SH,5.41,5.47,5.4,5.43,2441153,1325150588
2025-07-14,600050.SH,5.42,5.45,5.38,5.44,2292538,1241327774
2025-07-15,600050.SH,5.44,5.47,5.41,5.42,1579338,859321609
2025-07-16,600050.SH,5.42,5.43,5.37,5.38,2357843,1270592717
2025-07-17,600050.SH,5.39,5.53,5.38,5.45,4369105,2384552613
2025-07-20,600050.SH,5.47,5.51,5.45,5.48,2481681,1359130786
2025-07-21,600050.SH,5.48,5.5,5.44,5.49,2675010,1462986813
2025-07-22,600050.SH,5.5,5.57,5.48,5.5,3975218,2195936056
2025-07-23,600050.SH,5.5,5.53,5.46,5.53,3072054,1689594438
2025-07-24,600050.SH,5.52,5.53,5.46,5.47,2752518,1510868618
2025-07-27,600050.SH,5.47,5.48,5.4,5.43,3260053,1769651850
2025-07-28,600050.SH,5.41,5.44,5.38,5.44,2303200,1246484331
2025-07-29,600050.SH,5.42,5.47,5.39,5.42,3007322,1632007022
2025-07-30,600050.SH,5.41,5.42,5.34,5.36,3341517,1795408464
2025-07-31,600050.SH,5.36,5.41,5.3,5.32,2658757,1421746955
2025-08-03,600050.SH,5.29,5.33,5.28,5.32,1466546,778543476
2025-08-04,600050.SH,5.33,5.39,5.31,5.38,2600951,1392221597
2025-08-05,600050.SH,5.37,5.38,5.32,5.34,2669011,1426351190
2025-08-06,600050.SH,5.35,5.37,5.33,5.35,1820780,973944411
2025-08-07,600050.SH,5.35,5.4,5.34,5.37,2048176,1100050875
2025-08-10,600050.SH,5.37,5.38,5.34,5.36,2195027,1176434883
2025-08-11,600050.SH,5.36,5.41,5.35,5.39,2575618,1386961329
2025-08-12,600050.SH,5.43,5.47,5.39,5.44,4323702,2351301322
2025-08-13,600050.SH,5.44,5.47,5.38,5.38,3345323,1816196650
2025-08-14,600050.SH,5.37,5.44,5.35,5.4,3373259,1820586021
2025-08-17,600050.SH,5.42,5.62,5.41,5.52,7677920,4251881359
2025-08-18,600050.SH,5.54,5.57,5.47,5.47,4320667,2382050532
2025-08-19,600050.SH,5.46,5.51,5.4,5.51,4403716,2397515095
2025-08-20,600050.SH,5.5,5.79,5.48,5.66,10540988,5988062777
2025-08-21,600050.SH,5.63,5.95,5.59,5.89,11842830,6835835895
2025-08-24,600050.SH,5.87,5.9,5.71,5.82,10743034,6231066888
2025-08-25,600050.SH,5.78,5.85,5.76,5.79,4868218,2820862212
2025-08-26,600050.SH,5.81,5.82,5.65,5.65,6468007,3714179361
2025-08-27,600050.SH,5.65,5.81,5.64,5.77,6688745,3830267141
2025-08-28,600050.SH,5.75,5.76,5.68,5.7,4342818,2485102049
2025-08-31,600050.SH,5.75,5.78,5.67,5.7,4002144,2285669782
2025-09-01,600050.SH,5.69,5.7,5.55,5.61,4581178,2570303711
2025-09-02,600050.SH,5.61,5.61,5.45,5.49,4035157,2227079169
2025-09-03,600050.SH,5.46,5.48,5.35,5.39,5588838,3015875048
2025-09-04,600050.SH,5.4,5.4,5.34,5.39,4090644,2196108542
2025-09-07,600050.SH,5.38,5.76,5.36,5.65,11403357,6344059656
2025-09-08,600050.SH,5.61,5.62,5.47,5.47,8616784,4765844570
2025-09-09,600050.SH,5.55,5.95,5.52,5.76,15881348,9160416707
2025-09-10,600050.SH,5.68,5.77,5.62,5.77,10194500,5803989198
2025-09-11,600050.SH,5.75,5.79,5.67,5.68,6853747,3912295116
2025-09-14,600050.SH,5.66,5.67,5.56,5.58,4547586,2545716547
2025-09-15,600050.SH,5.57,5.61,5.52,5.58,3603624,2004779335
2025-09-16,600050.SH,5.57,5.72,5.53,5.62,5043602,2824149475
2025-09-17,600050.SH,5.59,5.61,5.45,5.47,5344779,2956170004
2025-09-18,600050.SH,5.47,5.52,5.42,5.42,3674672,2009844461
2025-09-21,600050.SH,5.45,5.49,5.42,5.47,2651684,1445072396
2025-09-22,600050.SH,5.47,5.48,5.37,5.42,3485292,1885337159
2025-09-23,600050.SH,5.4,5.5,5.37,5.48,2981529,1626922257
2025-09-24,600050.SH,5.47,5.47,5.42,5.45,2400783,1307489611
2025-09-25,600050.SH,5.43,5.45,5.41,5.41,2168461,1177345712
2025-09-28,600050.SH,5.41,5.47,5.37,5.46,2858065,1548385136
2025-09-29,600050.SH,5.45,5.51,5.43,5.5,3160341,1728676715
2025-10-08,600050.SH,5.48,5.6,5.46,5.58,4168684,2307835311
2025-10-09,600050.SH,5.56,5.58,5.52,5.53,2992346,1660834256
2025-10-12,600050.SH,5.38,5.53,5.36,5.53,4319383,2359146145
2025-10-13,600050.SH,5.53,5.59,5.5,5.52,3760587,2086045564
2025-10-14,600050.SH,5.52,5.55,5.45,5.51,2708080,1489548323
2025-10-15,600050.SH,5.51,5.52,5.47,5.5,2246805,1234623236
2025-10-16,600050.SH,5.5,5.54,5.43,5.44,2969984,1631142325
2025-10-19,600050.SH,5.46,5.5,5.44,5.47,1876480,1025265023
2025-10-20,600050.SH,5.47,5.51,5.46,5.5,2257076,1239449734
2025-10-21,600050.SH,5.48,5.55,5.47,5.54,2406172,1327854439
2025-10-22,600050.SH,5.55,5.57,5.49,5.55,2727049,1507982201
2025-10-23,600050.SH,5.47,5.48,5.42,5.43,2479491,1350154636
2025-10-26,600050.SH,5.44,5.5,5.44,5.49,3038414,1663704002
2025-10-27,600050.SH,5.49,5.5,5.45,5.46,2185300,1195764639
2025-10-28,600050.SH,5.46,5.49,5.44,5.49,1921227,1050054461
2025-10-29,600050.SH,5.48,5.52,5.44,5.46,2663877,1460808501
2025-10-30,600050.SH,5.46,5.47,5.4,5.42,2583160,1400779308
2025-11-02,600050.SH,5.42,5.44,5.39,5.43,1577320,853541048
2025-11-03,600050.SH,5.42,5.46,5.4,5.43,1874294,1018131653
2025-11-04,600050.SH,5.41,5.45,5.38,5.44,1906443,1034357300
2025-11-05,600050.SH,5.44,5.49,5.43,5.47,1962397,1073839806
2025-11-06,600050.SH,5.46,5.52,5.45,5.51,2204483,1213059698
2025-11-09,600050.SH,5.51,5.53,5.49,5.53,1800805,991843040
2025-11-10,600050.SH,5.52,5.53,5.49,5.5,1627065,896241096
2025-11-11,600050.SH,5.51,5.52,5.46,5.48,2126214,1168054156
2025-11-12,600050.SH,5.47,5.49,5.43,5.45,2803611,1528700715
2025-11-13,600050.SH,5.44,5.46,5.42,5.42,1805526,982270188
2025-11-16,600050.SH,5.41,5.43,5.39,5.41,1906855,1029943939
2025-11-17,600050.SH,5.4,5.43,5.39,5.4,1617765,875534912
2025-11-18,600050.SH,5.4,5.44,5.39,5.41,1676744,908777340
2025-11-19,600050.SH,5.42,5.52,5.41,5.49,3301109,1809206610
2025-11-20,600050.SH,5.46,5.48,5.37,5.38,3035437,1645747407
2025-11-23,600050.SH,5.4,5.44,5.38,5.43,1920150,1040589114
2025-11-24,600050.SH,5.44,5.46,5.42,5.44,1459102,793811441
2025-11-25,600050.SH,5.44,5.48,5.43,5.45,1566528,855205606
2025-11-26,600050.SH,5.45,5.46,5.42,5.42,1302135,707889983
2025-11-27,600050.SH,5.43,5.43,5.39,5.4,1498753,809794718
2025-11-30,600050.SH,5.41,5.45,5.4,5.45,1506051,816917851
2025-12-01,600050.SH,5.44,5.48,5.43,5.45,1407461,767276248
2025-12-02,600050.SH,5.45,5.46,5.39,5.4,1455966,788255200
2025-12-03,600050.SH,5.4,5.41,5.35,5.36,2061867,1106899888
2025-12-04,600050.SH,5.35,5.36,5.28,5.35,2421454,1287458356
2025-12-07,600050.SH,5.35,5.37,5.32,5.33,1709720,915070298
2025-12-08,600050.SH,5.33,5.34,5.27,5.28,1539945,815832812
2025-12-09,600050.SH,5.27,5.28,5.22,5.26,1568934,822867333
2025-12-10,600050.SH,5.26,5.27,5.21,5.22,1380529,722323093
2025-12-11,600050.SH,5.21,5.23,5.17,5.23,2071963,1076719853
2025-12-14,600050.SH,5.19,5.21,5.16,5.16,1593801,825635065
2025-12-15,600050.SH,5.15,5.16,5.07,5.11,1765583,900630964
2025-12-16,600050.SH,5.11,5.15,5.08,5.14,1373008,701658725
2025-12-17,600050.SH,5.11,5.14,5.1,5.13,883085,452623724
2025-12-18,600050.SH,5.14,5.19,5.13,5.17,1279616,661833831
2025-12-21,600050.SH,5.17,5.19,5.14,5.14,1147311,591611506
2025-12-22,600050.SH,5.13,5.14,5.1,5.11,1001849,513323989
2025-12-23,600050.SH,5.11,5.15,5.1,5.13,898216,460221989
2025-12-24,600050.SH,5.13,5.15,5.12,5.14,814191,418378772
2025-12-25,600050.SH,5.14,5.15,5.11,5.14,1184070,607953073
2025-12-28,600050.SH,5.13,5.14,5.1,5.11,1136357,581873131
2025-12-29,600050.SH,5.1,5.12,5.07,5.09,1402537,713751623
2025-12-30,600050.SH,5.08,5.12,5.08,5.11,1077673,549984800
2026-01-04,600050.SH,5.13,5.16,5.11,5.16,1919288,985728254
2026-01-05,600050.SH,5.15,5.23,5.14,5.22,2116987,1097722610
2026-01-06,600050.SH,5.22,5.22,5.15,5.16,1783373,923204010
2026-01-07,600050.SH,5.15,5.33,5.13,5.25,3727488,1947686498
2026-01-08,600050.SH,5.22,5.49,5.22,5.42,6526418,3520838034
2026-01-11,600050.SH,5.42,5.53,5.42,5.49,6472538,3545421199
2026-01-12,600050.SH,5.48,5.49,5.35,5.37,4704299,2543483652
2026-01-13,600050.SH,5.35,5.45,5.31,5.34,3610161,1944419201
2026-01-14,600050.SH,5.31,5.33,5.22,5.24,3087399,1623659916
2026-01-15,600050.SH,5.25,5.27,5.13,5.15,3103355,1607430731
2026-01-18,600050.SH,5.13,5.18,5.11,5.15,2268637,1167483256
2026-01-19,600050.SH,5.15,5.15,5.11,5.14,2329001,1195180041
2026-01-20,600050.SH,5.13,5.14,5.07,5.08,3323151,1696071839
2026-01-21,600050.SH,5.09,5.13,5.08,5.09,2524366,1287917955
2026-01-22,600050.SH,5.1,5.13,5.09,5.12,2746437,1403455028
2026-01-25,600050.SH,5.12,5.16,5.09,5.1,2974447,1522666128
2026-01-26,600050.SH,5.1,5.11,5.06,5.07,2458515,1249336128
2026-01-27,600050.SH,5.08,5.21,5.08,5.15,5615192,2892391394
2026-01-28,600050.SH,5.13,5.17,5.1,5.15,3609807,1852943751
2026-01-29,600050.SH,5.12,5.17,5.07,5.11,2665140,1363798703
2026-02-01,600050.SH,4.99,5,4.83,4.83,5577816,2730110818
2026-02-02,600050.SH,4.86,4.87,4.78,4.81,2559739,1231105010
2026-02-03,600050.SH,4.8,4.87,4.78,4.87,2072918,1001151746
2026-02-04,600050.SH,4.85,4.89,4.84,4.88,1869918,909579698
2026-02-05,600050.SH,4.86,4.87,4.83,4.84,1460995,708793291
2026-02-08,600050.SH,4.86,4.87,4.84,4.86,1350958,655863682
2026-02-09,600050.SH,4.86,4.88,4.84,4.87,1451147,705314038
2026-02-10,600050.SH,4.87,4.89,4.85,4.86,1094636,532980272
2026-02-11,600050.SH,4.87,4.88,4.83,4.84,1402242,680342961
2026-02-12,600050.SH,4.84,4.86,4.8,4.8,1567002,756118341
2026-02-23,600050.SH,4.83,4.86,4.81,4.85,1340958,648719014
2026-02-24,600050.SH,4.85,4.93,4.85,4.88,2130078,1042899493
2026-02-25,600050.SH,4.89,4.91,4.85,4.88,1561154,761215620
2026-02-26,600050.SH,4.87,4.92,4.86,4.92,1616453,791176530
2026-03-01,600050.SH,4.88,4.95,4.86,4.93,2300974,1130770064
2026-03-02,600050.SH,4.92,4.97,4.88,4.89,2956789,1457658757
2026-03-03,600050.SH,4.86,4.88,4.8,4.85,2636513,1276251366
2026-03-04,600050.SH,4.86,4.98,4.85,4.95,2887433,1419895187
2026-03-05,600050.SH,4.94,4.97,4.91,4.97,1536957,759400555
2026-03-08,600050.SH,4.92,4.99,4.89,4.97,2175846,1076292257
2026-03-09,600050.SH,4.99,4.99,4.93,4.96,1585166,785695512
2026-03-10,600050.SH,4.96,5.05,4.95,5.04,2389233,1199242271
2026-03-11,600050.SH,5.03,5.04,4.99,5.03,1521999,764089233
2026-03-12,600050.SH,5.01,5.12,5,5.07,3167282,1606669299
2026-03-15,600050.SH,5.09,5.09,5.02,5.03,1879903,949578187
2026-03-16,600050.SH,5.04,5.06,4.97,4.98,1959322,983566192
2026-03-17,600050.SH,4.99,5,4.93,4.98,1696393,841259451
2026-03-18,600050.SH,4.95,5,4.94,4.96,1812564,900239416
2026-03-19,600050.SH,4.92,4.92,4.68,4.69,5572366,2652295629
2026-03-22,600050.SH,4.64,4.64,4.44,4.47,3377926,1526605034
2026-03-23,600050.SH,4.49,4.55,4.45,4.54,1785497,802898727
2026-03-24,600050.SH,4.53,4.57,4.52,4.55,1569307,713366085
2026-03-25,600050.SH,4.54,4.56,4.48,4.49,1313600,592953562
2026-03-26,600050.SH,4.46,4.5,4.44,4.49,1113249,498812068
2026-03-29,600050.SH,4.45,4.47,4.38,4.46,1662280,737441196
2026-03-30,600050.SH,4.45,4.53,4.44,4.45,1467137,658471466
2026-03-31,600050.SH,4.5,4.51,4.47,4.48,1131108,507294223
2026-04-01,600050.SH,4.47,4.48,4.41,4.43,1213585,538370818
2026-04-02,600050.SH,4.43,4.48,4.43,4.46,1424701,634773387
2026-04-06,600050.SH,4.47,4.49,4.46,4.47,847657,379371585
2026-04-07,600050.SH,4.5,4.57,4.5,4.57,1893368,859205457
2026-04-08,600050.SH,4.55,4.55,4.5,4.52,1081871,489453031
2026-04-09,600050.SH,4.53,4.59,4.52,4.56,1315079,600557771
2026-04-12,600050.SH,4.55,4.57,4.53,4.56,862786,392981984
2026-04-13,600050.SH,4.56,4.58,4.55,4.58,921711,420586367
2026-04-14,600050.SH,4.58,4.6,4.57,4.57,1193522,547204191
2026-04-15,600050.SH,4.58,4.6,4.55,4.6,1399075,639363186
2026-04-16,600050.SH,4.6,4.7,4.59,4.64,2325971,1082025053
2026-04-19,600050.SH,4.63,4.64,4.59,4.59,1483184,683532451
2026-04-20,600050.SH,4.58,4.66,4.57,4.66,1506426,698119639
2026-04-21,600050.SH,4.59,4.6,4.49,4.5,3430736,1555208668
2026-04-22,600050.SH,4.5,4.51,4.47,4.5,1677893,754198217
2026-04-23,600050.SH,4.49,4.5,4.47,4.49,1130654,507403650
2026-04-26,600050.SH,4.48,4.51,4.46,4.5,1123498,503338684
2026-04-27,600050.SH,4.5,4.55,4.48,4.53,1471769,664424135
2026-04-28,600050.SH,4.52,4.55,4.51,4.54,1465272,664034471
2026-04-29,600050.SH,4.53,4.57,4.52,4.52,1384035,628740837
2026-05-05,600050.SH,4.53,4.54,4.44,4.45,2667056,1191506449
2026-05-06,600050.SH,4.46,4.5,4.44,4.49,1909777,853627770
2026-05-07,600050.SH,4.47,4.55,4.47,4.52,1731754,780472610
2026-05-10,600050.SH,4.52,4.75,4.46,4.72,5420958,2508675961
2026-05-11,600050.SH,4.68,4.73,4.62,4.64,2767149,1294761390
2026-05-12,600050.SH,4.64,4.81,4.58,4.74,4351655,2046597177
2026-05-13,600050.SH,4.73,4.78,4.68,4.72,2843675,1344840812
2026-05-14,600050.SH,4.72,4.77,4.63,4.66,2295189,1078252061
2026-05-17,600050.SH,4.77,5,4.76,4.92,6724450,3275495498
2026-05-18,600050.SH,4.87,5.11,4.82,4.95,6440248,3205439011
2026-05-19,600050.SH,4.9,4.9,4.72,4.74,3766466,1804120125
2026-05-20,600050.SH,4.75,4.76,4.54,4.55,4018607,1864423018
2026-05-21,600050.SH,4.55,4.56,4.42,4.46,3922953,1753664412
2026-05-24,600050.SH,4.45,4.47,4.43,4.46,1865876,829106390
2026-05-25,600050.SH,4.45,4.48,4.42,4.45,1777154,788808528
2026-05-26,600050.SH,4.44,4.45,4.32,4.38,2757585,1205622088
2026-05-27,600050.SH,4.35,4.38,4.31,4.35,1521230,660281332
2026-05-28,600050.SH,4.34,4.39,4.33,4.35,1698550,740426315
2026-05-31,600050.SH,4.35,4.42,4.33,4.4,1748707,766213749
2026-06-01,600050.SH,4.39,4.43,4.38,4.42,1159787,511540457
2026-06-02,600050.SH,4.42,4.43,4.36,4.37,1528916,670337799
2026-06-03,600050.SH,4.36,4.37,4.3,4.3,1539388,665594921
2026-06-04,600050.SH,4.31,4.37,4.29,4.34,1315818,571437163
2026-06-07,600050.SH,4.3,4.38,4.28,4.31,1960667,845307507
2026-06-08,600050.SH,4.3,4.32,4.28,4.31,967811,415916256
2026-06-09,600050.SH,4.3,4.41,4.3,4.38,2060848,901991376
2026-06-10,600050.SH,4.35,4.37,4.31,4.36,1455026,632086760
2026-06-11,600050.SH,4.37,4.42,4.33,4.37,2120920,929499628
2026-06-14,600050.SH,4.39,4.43,4.37,4.4,1559941,685706365
2026-06-15,600050.SH,4.39,4.4,4.35,4.37,1208857,528646022
2026-06-16,600050.SH,4.36,4.37,4.3,4.35,1579279,683756336
2026-06-17,600050.SH,4.33,4.35,4.26,4.28,1717412,737356139
2026-06-21,600050.SH,4.27,4.35,4.18,4.32,1889670,805990372
2026-06-22,600050.SH,4.31,4.37,4.27,4.28,1531551,661778384
2026-06-23,600050.SH,4.27,4.29,4.18,4.18,1679321,707346136
2026-06-24,600050.SH,4.17,4.2,4.12,4.13,1432696,594453427
2026-06-25,600050.SH,4.1,4.1,4.04,4.05,1201579,488282001
2026-06-28,600050.SH,4.03,4.06,3.93,4.02,1577323,631595991
2026-06-29,600050.SH,4.01,4.04,3.96,4,1310884,522979199
2026-06-30,600050.SH,4,4.09,3.98,4.08,1471217,596390648
2026-07-01,600050.SH,4.08,4.11,4.03,4.06,1498081,609852688
2026-07-02,600050.SH,4.06,4.1,4.04,4.07,1149296,467451890
2026-07-05,600050.SH,4.06,4.11,4.03,4.11,1228375,500849572
2026-07-06,600050.SH,4.1,4.1,4.03,4.05,1121691,454709902
2026-07-07,600050.SH,4.04,4.09,4.02,4.09,1271619,517508072
2026-07-08,600050.SH,4.07,4.15,4.04,4.1,1685956,687333017
2026-07-09,600050.SH,4.09,4.29,4.07,4.2,2710193,1139393725
2026-07-12,600050.SH,4.16,4.23,4.15,4.2,1682025,705484776
2026-07-13,600050.SH,4.18,4.21,4.15,4.21,1704365,712768903
2026-07-14,600050.SH,4.19,4.28,4.18,4.27,1663454,706594506
2026-07-15,600050.SH,4.25,4.29,4.24,4.28,1475944,629623076
2026-07-16,600050.SH,4.26,4.31,4.24,4.26,2103760,899983920
2026-07-19,600050.SH,4.26,4.4,4.26,4.4,3218302,1402015714
2026-07-20,600050.SH,4.44,4.44,4.35,4.39,2375028,1043539486
2026-07-21,600050.SH,4.38,4.41,4.33,4.4,1893083,827176907
2026-07-22,600050.SH,4.38,4.43,4.38,4.42,1139539,501780933
2026-07-23,600050.SH,4.43,4.45,4.39,4.42,1418291,626430860
2026-07-26,600050.SH,4.45,4.45,4.38,4.38,1347730,593374925
2026-07-27,600050.SH,4.38,4.44,4.34,4.44,1932079,850181812
2026-07-28,600050.SH,4.44,4.46,4.41,4.42,1461000,647731380
2026-07-29,600050.SH,4.42,4.48,4.41,4.48,2021212,899646718
2026-07-30,600050.SH,4.45,4.47,4.39,4.46,2015663,892801297
2026-08-02,600050.SH,4.45,4.52,4.44,4.51,2201184,988849956
2026-08-03,600050.SH,4.5,4.54,4.46,4.47,1708810,767760001
2026-08-04,600050.SH,4.46,4.47,4.38,4.39,1844829,813401759
2026-08-05,600050.SH,4.38,4.43,4.35,4.38,1623001,711410488
2026-08-06,600050.SH,4.37,4.38,4.28,4.3,2053133,883600233
2026-08-09,600050.SH,4.29,4.37,4.27,4.33,1269218,550102127
2026-08-10,600050.SH,4.33,4.34,4.3,4.32,903805,390356122
2026-08-11,600050.SH,4.31,4.32,4.27,4.3,1204663,516703364
2026-08-12,600050.SH,4.31,4.36,4.29,4.3,1432426,619069594
2026-08-13,600050.SH,4.3,4.36,4.3,4.34,1280672,555428120
2026-08-16,600050.SH,4.34,4.36,4.31,4.32,1159254,501563931
2026-08-17,600050.SH,4.32,4.33,4.28,4.3,1026260,441626382
2026-08-18,600050.SH,4.18,4.18,4.1,4.17,2641982,1094232097
2026-08-19,600050.SH,4.15,4.26,4.14,4.25,1890004,794590955
2026-08-20,600050.SH,4.23,4.29,4.21,4.22,980444,415321768
2026-08-23,600050.SH,4.21,4.27,4.21,4.25,1191701,506560448
2026-08-24,600050.SH,4.25,4.34,4.24,4.33,1415697,610075600
2026-08-25,600050.SH,4.32,4.34,4.3,4.31,780007,336960398
2026-08-26,600050.SH,4.31,4.32,4.27,4.29,906317,388587432
2026-08-27,600050.SH,4.28,4.29,4.25,4.28,747892,319214100
2026-08-30,600050.SH,4.28,4.3,4.23,4.3,1043179,445545359
2026-08-31,600050.SH,4.29,4.34,4.28,4.32,1188167,512517344
2026-09-01,600050.SH,4.33,4.34,4.28,4.29,1163643,500206779
2026-09-02,600050.SH,4.29,4.31,4.25,4.26,1349636,577408858
2026-09-03,600050.SH,4.26,4.3,4.24,4.25,1034088,441823787
2026-09-06,600050.SH,4.26,4.28,4.21,4.22,1068706,452219288
2026-09-07,600050.SH,4.23,4.26,4.22,4.24,780696,331454786
2026-09-08,600050.SH,4.24,4.26,4.19,4.21,1101458,463850205
2026-09-09,600050.SH,4.2,4.21,4.17,4.2,986602,413629300
2026-09-10,600050.SH,4.2,4.22,4.15,4.21,1699710,712010972
2026-09-13,600050.SH,4.2,4.26,4.19,4.22,1141806,481883832
2026-09-14,600050.SH,4.22,4.23,4.18,4.18,931628,391296673
2026-09-15,600050.SH,4.17,4.19,4.13,4.17,964960,401226339
2026-09-16,600050.SH,4.17,4.22,4.16,4.2,907818,380436168
2026-09-17,600050.SH,4.2,4.29,4.19,4.22,1433608,607909846
2026-09-20,600050.SH,4.22,4.23,4.19,4.23,892778,375461395
2026-09-21,600050.SH,4.22,4.25,4.2,4.21,914227,385602100
2026-09-22,600050.SH,4.21,4.22,4.17,4.17,835437,349704933
2026-09-23,600050.SH,4.17,4.17,4.13,4.15,1011953,419673943
2026-09-27,600050.SH,4.14,4.15,4.09,4.13,1067875,439859445
2026-09-28,600050.SH,4.12,4.19,4.11,4.17,1115512,463629569
2026-09-29,600050.SH,4.17,4.25,4.16,4.23,1391370,585713905
2022-08-16,601012.SH,60.11,61.23,59.76,60.61,568322,3451521773
2022-08-17,601012.SH,61.1,61.74,60.63,60.93,597909,3653974634
2022-08-18,601012.SH,60.88,60.88,55.92,56.12,2060662,11805893746
2022-08-21,601012.SH,54.89,54.9,52.09,53.41,2157949,11499256648
2022-08-22,601012.SH,53.42,55.55,53.42,54.2,1216969,6618376678
2022-08-23,601012.SH,54.19,54.19,52.38,52.68,801354,4252953111
2022-08-24,601012.SH,53.21,53.7,52,52.85,848502,4488515436
2022-08-25,601012.SH,53.13,53.8,52.84,53.06,667886,3556473102
2022-08-28,601012.SH,52.17,53.98,51.87,53.41,627256,3341097965
2022-08-29,601012.SH,53.45,53.78,52.3,52.8,565857,2988106431
2022-08-30,601012.SH,52.45,53.07,50.83,51.2,892495,4602954293
2022-08-31,601012.SH,51.3,52.17,51.22,51.65,533746,2763635597
2022-09-01,601012.SH,51.63,51.9,50.5,50.95,502147,2563631969
2022-09-04,601012.SH,50.78,51.29,49.8,50.49,577164,2910545446
2022-09-05,601012.SH,50.88,53.3,50.06,53.16,1014903,5304717802
2022-09-06,601012.SH,53,54.28,52.71,53.46,713986,3842027239
2022-09-07,601012.SH,53.56,54.28,53,53.39,433171,2318732972
2022-09-08,601012.SH,53.75,53.78,52.39,53.18,440943,2332712620
2022-09-12,601012.SH,53.62,53.8,52.28,53.27,490469,2596031517
2022-09-13,601012.SH,52.55,53.52,52.47,52.55,378898,2001975750
2022-09-14,601012.SH,52.7,53.02,48.5,48.66,1227742,6114269592
2022-09-15,601012.SH,48.66,49.3,48.3,48.3,592733,2894756037
2022-09-18,601012.SH,48.29,49,47.47,48.12,601664,2885633078
2022-09-19,601012.SH,48.85,50.65,48.85,50.04,650144,3251547769
2022-09-20,601012.SH,49.92,50.4,49.13,49.19,426386,2117558887
2022-09-21,601012.SH,48.7,49.77,47.95,49.18,347408,1704428786
2022-09-22,601012.SH,48.8,49.78,48.28,48.54,364646,1780360928
2022-09-25,601012.SH,48.05,49.79,47.9,48.8,508412,2489454332
2022-09-26,601012.SH,48.72,49.6,48.3,48.99,409249,1998378065
2022-09-27,601012.SH,49.05,50.05,47.9,47.9,505131,2470768789
2022-09-28,601012.SH,48.56,50.3,48.3,50.08,1006289,4998200449
2022-09-29,601012.SH,49.78,50.15,47.8,47.91,682745,3323563189
2022-10-09,601012.SH,48.25,48.4,45.76,45.89,576219,2679649512
2022-10-10,601012.SH,45.85,46.96,45.45,46.51,453284,2100616386
2022-10-11,601012.SH,46.79,48.75,45.08,48.38,747352,3497421394
2022-10-12,601012.SH,48.22,48.66,46.89,47,586110,2790192907
2022-10-13,601012.SH,48.77,51.7,48.02,51.22,1509223,7588160635
2022-10-16,601012.SH,50.5,50.75,49.11,50.45,862329,4313162734
2022-10-17,601012.SH,50.5,51.28,49.7,50.05,640500,3224643601
2022-10-18,601012.SH,49.6,50.26,48.88,49.13,507676,2508901791
2022-10-19,601012.SH,48.3,48.44,46.85,47.18,728716,3454094001
2022-10-20,601012.SH,46.95,47.7,46.27,47.5,628505,2957506854
2022-10-23,601012.SH,46.99,47.61,45.18,45.88,775947,3590767689
2022-10-24,601012.SH,46.1,49.1,46.09,48.7,1152769,5528064606
2022-10-25,601012.SH,48.9,50.3,48.29,49.93,815215,4040059324
2022-10-26,601012.SH,50.99,52.18,50.35,50.35,902625,4625099787
2022-10-27,601012.SH,50.25,50.87,48.9,49.25,578297,2876476339
2022-10-30,601012.SH,49,49.55,47.62,47.98,643909,3121113105
2022-10-31,601012.SH,48.51,51.1,48.48,51.05,963913,4836044679
2022-11-01,601012.SH,50.49,52.36,50.25,51.56,839330,4319704412
2022-11-02,601012.SH,51.8,53.36,49.91,50.12,1114930,5718115317
2022-11-03,601012.SH,50.42,52.63,50.04,52.4,1032293,5355406928
2022-11-06,601012.SH,51.98,52.5,51.45,52.11,706372,3675547850
2022-11-07,601012.SH,52.11,52.23,50.89,51.32,488579,2506862868
2022-11-08,601012.SH,51.33,51.33,49.6,49.96,610637,3059615401
2022-11-09,601012.SH,49.01,49.31,48.02,48.36,760251,3686003571
2022-11-10,601012.SH,50.18,50.37,47.8,48.34,1198304,5836039549
2022-11-13,601012.SH,48.34,48.58,47,47.35,932592,4435893602
2022-11-14,601012.SH,47.43,48.25,47.16,47.97,1053630,5026287057
2022-11-15,601012.SH,47.85,47.85,46.5,46.65,1091583,5132416171
2022-11-16,601012.SH,46.66,46.72,45.72,46.47,831643,3828332588
2022-11-17,601012.SH,46.9,47.9,46.12,47,915013,4330786523
2022-11-20,601012.SH,47.58,47.94,47,47.75,718740,3419607830
2022-11-21,601012.SH,47.75,47.75,46.4,46.56,707473,3313857129
2022-11-22,601012.SH,46.39,47.8,46.04,47.59,843601,3980504855
2022-11-23,601012.SH,47.8,47.8,47.1,47.15,467791,2215107178
2022-11-24,601012.SH,47,47,45.66,45.73,752850,3456733207
2022-11-27,601012.SH,44.3,44.97,44.03,44.59,678617,3016934257
2022-11-28,601012.SH,44.59,45.45,44.37,44.96,647975,2910527222
2022-11-29,601012.SH,44.96,45.78,44.68,45.78,666446,3025002653
2022-11-30,601012.SH,46.51,47.5,46.51,47.01,965438,4543057814
2022-12-01,601012.SH,46.9,48.4,46.69,47.98,996173,4774896836
2022-12-04,601012.SH,47.9,47.93,46,46.36,1243510,5786696452
2022-12-05,601012.SH,46,46.55,45.49,45.86,849680,3897823765
2022-12-06,601012.SH,45.52,46.44,45.28,45.93,588115,2710572713
2022-12-07,601012.SH,45.98,47.17,45.88,46.5,689254,3214286025
2022-12-08,601012.SH,46.22,46.65,46.01,46.3,705759,3260858385
2022-12-11,601012.SH,46,46.18,45.36,45.49,506671,2312372333
2022-12-12,601012.SH,45.4,45.72,44.8,44.9,550343,2480051237
2022-12-13,601012.SH,44.78,45.28,44.25,44.63,589626,2628313251
2022-12-14,601012.SH,44.4,45.19,44.3,45.18,508112,2275752113
2022-12-15,601012.SH,45,45.06,44.3,44.63,485311,2162305373
2022-12-18,601012.SH,44.5,45.27,44.36,44.6,454995,2038604701
2022-12-19,601012.SH,44.55,44.88,44.04,44.8,512263,2276086652
2022-12-20,601012.SH,44.6,44.69,43.55,43.61,514995,2266710525
2022-12-21,601012.SH,43.55,43.6,40.48,40.86,1483831,6146677326
2022-12-22,601012.SH,40.2,41.09,39.88,40.54,706320,2845628393
2022-12-25,601012.SH,40.21,42.23,39.5,42,841835,3480750587
2022-12-26,601012.SH,42,42.75,41.77,42.39,627867,2656951174
2022-12-27,601012.SH,42.03,43.1,41.71,42.8,682583,2904246278
2022-12-28,601012.SH,42.6,43.38,42.41,42.62,415419,1778084670
2022-12-29,601012.SH,42.85,43.29,42.05,42.26,533643,2269837811
2023-01-02,601012.SH,42.06,42.38,40.95,42.03,735040,3067024452
2023-01-03,601012.SH,42.12,42.19,40.43,40.65,920432,3770403422
2023-01-04,601012.SH,40.88,41.65,40.61,41.07,883682,3629623858
2023-01-05,601012.SH,41.15,43.58,41.15,42.67,1586926,6808257111
2023-01-08,601012.SH,42.9,43.08,42.11,42.27,789351,3356704065
2023-01-09,601012.SH,42.88,43.4,42.26,42.57,959537,4105434896
2023-01-10,601012.SH,42.96,43.16,42.3,42.4,764342,3264290150
2023-01-11,601012.SH,42.59,43.93,42.48,43.39,1208814,5251753058
2023-01-12,601012.SH,44.25,44.3,42.81,43.4,855409,3710122294
2023-01-15,601012.SH,43.4,44.45,42.86,44,962582,4221534374
2023-01-16,601012.SH,44.1,44.55,43.7,44.28,660657,2917159096
2023-01-17,601012.SH,44.7,45.5,44.23,44.73,855964,3840111057
2023-01-18,601012.SH,44.31,44.99,44.22,44.73,622343,2778735209
2023-01-19,601012.SH,45.15,47.15,45.13,47.15,1452329,6748289962
2023-01-29,601012.SH,48.35,48.56,47.5,48,1424248,6859257403
2023-01-30,601012.SH,48.1,48.82,47.98,48.15,924163,4465740315
2023-01-31,601012.SH,48.48,48.78,47.83,48.69,870384,4203974416
2023-02-01,601012.SH,48.7,49.48,48.32,48.65,855060,4180582235
2023-02-02,601012.SH,48.37,48.37,46.2,47.01,1122505,5278838432
2023-02-05,601012.SH,46.58,46.85,45.8,46.4,654827,3022893579
2023-02-06,601012.SH,46.72,46.79,45.81,46.04,518159,2392084765
2023-02-07,601012.SH,46.06,46.44,45.81,45.88,397545,1829622546
2023-02-08,601012.SH,45.4,46.33,45.3,46.24,564883,2597848804
2023-02-09,601012.SH,46.24,46.24,45.15,45.38,587483,2673747825
2023-02-12,601012.SH,45.4,45.8,45.1,45.62,476689,2170518460
2023-02-13,601012.SH,45.8,45.85,44.92,45.44,578539,2615525826
2023-02-14,601012.SH,45.62,46.3,45.08,45.24,566251,2581315291
2023-02-15,601012.SH,45.1,45.6,44.15,44.44,689098,3099747920
2023-02-16,601012.SH,44.3,44.68,43.31,43.37,713726,3127003785
2023-02-19,601012.SH,43.38,44.29,42.9,44.12,664807,2893884679
2023-02-20,601012.SH,44.2,45.56,44,45.19,733577,3288794928
2023-02-21,601012.SH,44.88,45.27,44.3,44.37,513847,2294479330
2023-02-22,601012.SH,44.62,46.1,44.56,45.79,1032691,4707853471
2023-02-23,601012.SH,45.85,45.85,44.63,44.71,627646,2824730568
2023-02-26,601012.SH,44.3,45.1,44,44.2,460659,2047017354
2023-02-27,601012.SH,44.22,44.55,43.54,44.24,485977,2137203053
2023-02-28,601012.SH,44.24,44.44,43.88,44.14,481804,2126098694
2023-03-01,601012.SH,44.31,44.44,43.36,43.4,554786,2426053947
2023-03-02,601012.SH,43.41,43.83,43.26,43.36,368385,1600723964
2023-03-05,601012.SH,43.52,45.34,43.1,45.02,1086459,4823252432
2023-03-06,601012.SH,44.9,45.28,44.23,44.44,638597,2848335436
2023-03-07,601012.SH,44.25,45.13,43.53,43.86,580596,2562340116
2023-03-08,601012.SH,43.99,44.1,43,43.02,552415,2389827792
2023-03-09,601012.SH,42.28,42.55,41.95,42.12,576167,2430854168
2023-03-12,601012.SH,41.92,42.78,41.71,41.99,548397,2311789028
2023-03-13,601012.SH,42.22,42.25,40.88,41.88,727826,3023175646
2023-03-14,601012.SH,42.23,43.35,41.96,42.24,586538,2492932721
2023-03-15,601012.SH,41.8,41.95,39.87,40,1147345,4655310119
2023-03-16,601012.SH,40.44,40.68,39.18,39.33,953803,3792663098
2023-03-19,601012.SH,39.08,39.73,38.4,39.21,805148,3148980826
2023-03-20,601012.SH,39.04,39.5,38.62,39.45,714590,2788823424
2023-03-21,601012.SH,39.8,39.97,39.05,39.38,710497,2805450003
2023-03-22,601012.SH,39.01,39.52,39.01,39.51,419817,1649362093
2023-03-23,601012.SH,39.59,40.29,39.21,40.05,701578,2801708515
2023-03-26,601012.SH,40.2,40.7,39.74,40.29,656190,2639927513
2023-03-27,601012.SH,40.59,40.59,39.85,39.85,426592,1707068071
2023-03-28,601012.SH,40.11,40.74,39.93,40.03,460434,1851672596
2023-03-29,601012.SH,40.01,40.58,39.7,40.51,697912,2813220439
2023-03-30,601012.SH,40.55,40.97,40.35,40.41,559306,2270277549
2023-04-02,601012.SH,40.75,41.12,40.12,40.63,619964,2518115664
2023-04-03,601012.SH,40.69,40.69,39.75,40.19,669443,2678956498
2023-04-05,601012.SH,40,40.47,39.88,40.29,442387,1774400429
2023-04-06,601012.SH,40.28,40.98,40.08,40.47,471161,1912241528
2023-04-09,601012.SH,40.72,41.26,40.48,41.23,635905,2604302777
2023-04-10,601012.SH,41.49,41.5,40.38,40.46,770475,3134487790
2023-04-11,601012.SH,40.4,40.4,39.5,39.61,703167,2794776310
2023-04-12,601012.SH,39.71,40.09,39.28,39.38,503231,1993140281
2023-04-13,601012.SH,39.12,39.8,38.52,39.26,659555,2587382887
2023-04-16,601012.SH,39.18,39.75,39.02,39.62,536460,2118102885
2023-04-17,601012.SH,39.87,40.35,39.69,40.01,632503,2532040966
2023-04-18,601012.SH,40.07,40.13,38.87,38.93,847151,3316621785
2023-04-19,601012.SH,38.8,38.85,37.3,37.61,1201776,4547548371
2023-04-20,601012.SH,37.56,38.31,37.05,37.44,938918,3534855794
2023-04-23,601012.SH,37.27,37.3,36,36.23,895487,3258702229
2023-04-24,601012.SH,36.14,36.49,34.87,35.01,963182,3400448225
2023-04-25,601012.SH,34.98,37.25,34.7,36.26,1171709,4241878374
2023-04-26,601012.SH,36.28,36.39,35.2,35.97,792084,2825318697
2023-04-27,601012.SH,35.5,35.73,34.45,34.87,1505959,5256435706
2023-05-03,601012.SH,34.59,35.04,34.03,34.09,1037905,3566181762
2023-05-04,601012.SH,33.9,33.9,32.87,33.16,1243025,4134979218
2023-05-07,601012.SH,33.22,33.8,32.9,33.53,824772,2752822163
2023-05-08,601012.SH,33.7,33.74,32.98,33.03,742795,2467768797
2023-05-09,601012.SH,32.9,33.58,32.72,33.41,756436,2511216032
2023-05-10,601012.SH,33.64,34.19,33.2,33.75,827173,2794777595
2023-05-11,601012.SH,33.7,33.85,32.75,32.8,795790,2632738662
2023-05-14,601012.SH,32.8,33.83,32.8,33.83,920957,3088262127
2023-05-15,601012.SH,33.85,34.2,33.48,33.64,689477,2329331018
2023-05-16,601012.SH,34.01,34.35,33.45,33.65,644931,2177000579
2023-05-17,601012.SH,33.53,33.61,32.9,33.08,645587,2139815414
2023-05-18,601012.SH,32.99,33,32.62,32.96,604209,1982730804
2023-05-21,601012.SH,32.82,33.55,32.75,33.35,665845,2210809614
2023-05-22,601012.SH,33.2,33.69,32.86,32.9,610428,2024011562
2023-05-23,601012.SH,32.77,33.74,32.45,33.11,1153224,3820680994
2023-05-24,601012.SH,32.71,33.14,32.15,32.44,1394121,4544351658
2023-05-25,601012.SH,32.13,32.13,30.88,31.49,1433733,4489110018
2023-05-28,601012.SH,31.74,31.74,30.02,30.25,1575557,4791851635
2023-05-29,601012.SH,30,30.25,29.01,29.5,1656125,4881820766
2023-05-30,601012.SH,29.4,29.57,28.78,28.82,1143334,3313375499
2023-05-31,601012.SH,28.82,29.08,28.6,28.63,948460,2733247894
2023-06-01,601012.SH,28.8,29.44,28.55,29.24,1075963,3136148389
2023-06-04,601012.SH,29.2,29.31,28.34,28.41,1080632,3095760290
2023-06-05,601012.SH,28.39,28.39,27.64,27.66,1142122,3185390666
2023-06-06,601012.SH,28.06,28.28,27.28,27.5,937724,2591066173
2023-06-07,601012.SH,27.5,27.84,27.32,27.34,922439,2541337212
2023-06-08,601012.SH,27.3,27.77,27.01,27.6,1161069,3196323205
2023-06-11,601012.SH,27.54,28.08,27.18,27.82,1000098,2771123739
2023-06-12,601012.SH,27.7,27.96,27.48,27.75,751987,2080492205
2023-06-13,601012.SH,27.76,27.88,27.32,27.32,943960,2600302020
2023-06-14,601012.SH,27.32,29.27,27.23,29.18,2690277,7642940566
2023-06-15,601012.SH,29.24,29.75,29,29.63,2113631,6219801113
2023-06-18,601012.SH,29.33,29.33,28.55,28.98,1198558,3462429940
2023-06-19,601012.SH,28.81,29.15,28.56,28.73,879686,2533980105
2023-06-20,601012.SH,28.65,29.06,27.97,27.99,1153692,3281017932
2023-06-25,601012.SH,27.69,28.55,27.36,28.01,1065610,2969480797
2023-06-26,601012.SH,28.05,28.75,27.65,28.18,1000901,2823086142
2023-06-27,601012.SH,28.13,29.42,27.91,29.32,2176752,6310237819
2023-06-28,601012.SH,29.35,29.88,28.82,28.85,1673196,4897457037
2023-06-29,601012.SH,28.77,29.18,28.43,28.67,1395801,4017050293
2023-07-02,601012.SH,28.67,29.3,28.57,28.88,1150346,3329319984
2023-07-03,601012.SH,28.89,29.05,28.6,28.82,867536,2497224482
2023-07-04,601012.SH,28.82,28.82,28.1,28.15,970809,2753408960
2023-07-05,601012.SH,28.02,28.18,27.7,27.89,684205,1910525414
2023-07-06,601012.SH,27.75,27.83,27.32,27.36,759088,2087565631
2023-07-09,601012.SH,27.58,29.74,27.5,29.69,2877002,8392411402
2023-07-10,601012.SH,29.65,29.65,28.89,29.24,1321400,3853372340
2023-07-11,601012.SH,29.23,30.98,28.71,30.55,2847735,8599331681
2023-07-12,601012.SH,30.58,31.31,30.4,30.67,1872847,5750139118
2023-07-13,601012.SH,30.48,30.85,29.99,30.04,1488010,4501547319
2023-07-16,601012.SH,29.76,30.19,29.56,29.79,820016,2442225177
2023-07-17,601012.SH,30,30.08,29.26,29.5,882322,2600239433
2023-07-18,601012.SH,29.5,29.52,29.06,29.24,645722,1886337313
2023-07-19,601012.SH,29.35,30.27,29.09,29.56,1529136,4533131818
2023-07-20,601012.SH,29.3,29.45,28.6,28.69,1419514,4108657000
2023-07-23,601012.SH,28.47,28.79,28.19,28.34,647688,1841754220
2023-07-24,601012.SH,28.78,29.47,28.65,29.22,1262073,3680517625
2023-07-25,601012.SH,29.13,29.67,28.99,29.29,1006554,2952125389
2023-07-26,601012.SH,29.18,29.38,28.57,28.65,1116833,3232654920
2023-07-27,601012.SH,28.51,29.65,28.32,29.5,1375671,4011861437
2023-07-30,601012.SH,29.8,30.49,29.7,29.85,1427263,4284580271
2023-07-31,601012.SH,29.85,30.04,29.13,29.3,1180557,3477943851
2023-08-01,601012.SH,29.31,29.47,29,29.09,732258,2134347186
2023-08-02,601012.SH,29.88,30.88,29.79,30.85,2945021,8985302113
2023-08-03,601012.SH,31.17,31.2,30.46,30.76,1879515,5793661287
2023-08-06,601012.SH,30.77,30.88,30.3,30.51,946483,2879540930
2023-08-07,601012.SH,30.81,30.9,29.88,30.23,1150000,3475408734
2023-08-08,601012.SH,30.02,30.41,29.99,30.11,838304,2528543708
2023-08-09,601012.SH,30.02,30.48,30.02,30.21,816090,2467101833
2023-08-10,601012.SH,30.15,30.15,29.4,29.42,1013200,3011237243
2023-08-13,601012.SH,29.02,29.32,28.77,29.31,876983,2548216659
2023-08-14,601012.SH,29.21,29.28,28.27,28.39,1252730,3581741597
2023-08-15,601012.SH,28.2,28.57,27.91,27.94,893105,2513336043
2023-08-16,601012.SH,27.71,28.27,27.52,28.18,751079,2097194770
2023-08-17,601012.SH,28.1,28.48,27.9,27.91,893521,2519992054
2023-08-20,601012.SH,27.59,27.71,27.01,27.01,1106150,3020626559
2023-08-21,601012.SH,27.15,27.25,25.39,25.84,2449604,6357169944
2023-08-22,601012.SH,25.55,25.66,24.79,24.81,1334327,3364687283
2023-08-23,601012.SH,24.81,26.09,24.81,25.76,1535240,3932404569
2023-08-24,601012.SH,25.56,25.9,25.31,25.53,764178,1954007718
2023-08-27,601012.SH,27.5,27.55,26.28,26.48,1881840,5057315453
2023-08-28,601012.SH,26.48,27.26,26.42,27.1,1241333,3348455115
2023-08-29,601012.SH,27.13,27.44,26.75,26.85,1012262,2734086791
2023-08-30,601012.SH,26.81,26.96,26.42,26.55,726659,1935398295
2023-08-31,601012.SH,26.71,26.8,26.43,26.58,486866,1292837165
2023-09-03,601012.SH,26.8,27.08,26.34,27.04,995681,2673181359
2023-09-04,601012.SH,26.88,28.45,26.68,28.1,2203438,6101814324
2023-09-05,601012.SH,27.73,28.38,27.6,27.87,1537743,4290199689
2023-09-06,601012.SH,27.65,27.65,26.74,26.74,1182367,3206173540
2023-09-07,601012.SH,26.6,26.81,26.2,26.32,760728,2009039339
2023-09-10,601012.SH,26.15,26.87,26,26.66,938103,2484803883
2023-09-11,601012.SH,26.48,27.15,26.3,26.85,953259,2549099537
2023-09-12,601012.SH,26.71,26.99,26.31,26.41,595155,1581734077
2023-09-13,601012.SH,26.41,26.48,26.02,26.13,574964,1506241855
2023-09-14,601012.SH,26.29,26.7,26.07,26.26,849233,2238194451
2023-09-17,601012.SH,26.09,26.73,25.78,26.32,719635,1895927723
2023-09-18,601012.SH,26.24,26.27,25.85,25.95,628649,1633045260
2023-09-19,601012.SH,26.03,26.12,25.65,25.74,496994,1283810819
2023-09-20,601012.SH,25.59,25.79,25.38,25.38,616572,1573694066
2023-09-21,601012.SH,25.2,25.98,25.18,25.95,948143,2430765787
2023-09-24,601012.SH,25.8,26.35,25.72,26.18,859498,2240496531
2023-09-25,601012.SH,26.1,26.43,26.06,26.14,629863,1651556553
2023-09-26,601012.SH,26.14,27.98,26.11,27.74,2397488,6569522908
2023-09-27,601012.SH,27.72,27.94,27.25,27.28,1333713,3669438036
2023-10-08,601012.SH,27.15,27.36,26.78,27.1,923188,2499365827
2023-10-09,601012.SH,27.1,27.24,26.69,26.71,751150,2018932509
2023-10-10,601012.SH,26.98,27.6,26.85,26.96,979007,2659249558
2023-10-11,601012.SH,27.16,27.42,26.85,27.32,1021259,2775269446
2023-10-12,601012.SH,26.98,26.98,26.57,26.8,847959,2264826037
2023-10-15,601012.SH,26.64,27.08,26.17,26.33,795213,2109172218
2023-10-16,601012.SH,26.45,26.52,26.07,26.22,556290,1461519893
2023-10-17,601012.SH,26.21,26.21,25.81,25.87,525816,1362958248
2023-10-18,601012.SH,25.61,25.96,25.4,25.46,768497,1967808636
2023-10-19,601012.SH,25.27,25.76,25.17,25.55,918720,2344863075
2023-10-22,601012.SH,25.3,25.34,24.47,24.7,984356,2443261753
2023-10-23,601012.SH,24.7,24.88,24.24,24.7,822169,2019425714
2023-10-24,601012.SH,24.91,25.1,24.54,24.65,816099,2025264429
2023-10-25,601012.SH,24.06,24.18,23.36,23.9,1325663,3144111382
2023-10-26,601012.SH,23.58,25.07,23.55,24.98,1338117,3272042799
2023-10-29,601012.SH,24.72,25.38,24.65,25.16,960139,2406053716
2023-10-30,601012.SH,23.97,24.53,23.94,24.13,1554971,3760351672
2023-10-31,601012.SH,23.95,24.08,23.23,23.33,1552874,3653692188
2023-11-01,601012.SH,23.25,23.39,22.4,22.41,1768632,4032721244
2023-11-02,601012.SH,22.4,23.03,22.38,22.87,1285267,2933232088
2023-11-05,601012.SH,23.04,23.76,23.02,23.45,1422177,3334656164
2023-11-06,601012.SH,23.46,23.5,23.07,23.43,963845,2241677535
2023-11-07,601012.SH,23.35,23.73,23.21,23.42,990709,2323813301
2023-11-08,601012.SH,23.28,24.56,23.2,24.24,2343945,5675198292
2023-11-09,601012.SH,24.02,24.04,23.53,23.53,1247917,2954913312
2023-11-12,601012.SH,23.7,24.07,23.56,23.84,893799,2125224008
2023-11-13,601012.SH,23.92,24.14,23.58,23.73,1063104,2528189498
2023-11-14,601012.SH,24.18,24.64,23.98,24.39,1802203,4388281024
2023-11-15,601012.SH,24.21,24.24,23.7,23.71,1223517,2919005575
2023-11-16,601012.SH,23.51,23.6,23.35,23.59,815409,1913708561
2023-11-19,601012.SH,23.58,23.68,23.2,23.49,767486,1796891969
2023-11-20,601012.SH,23.57,23.74,23.26,23.29,886264,2083796038
2023-11-21,601012.SH,23.16,23.26,22.79,22.79,822508,1889651351
2023-11-22,601012.SH,22.78,22.94,22.6,22.88,705213,1605082333
2023-11-23,601012.SH,22.84,22.84,22.5,22.52,711019,1606269172
2023-11-26,601012.SH,22.5,22.5,21.82,21.87,1053338,2314160457
2023-11-27,601012.SH,21.77,21.97,21.6,21.9,695859,1516713166
2023-11-28,601012.SH,21.9,21.95,21.4,21.46,833084,1795537037
2023-11-29,601012.SH,21.41,21.62,21.19,21.23,758319,1619503172
2023-11-30,601012.SH,21.1,21.29,20.88,21.21,942753,1987593611
2023-12-03,601012.SH,21.22,21.37,21.06,21.06,639287,1352736166
2023-12-04,601012.SH,21.01,21.28,20.59,20.61,935813,1960918832
2023-12-05,601012.SH,20.5,21.3,20.46,21.1,1128598,2375564526
2023-12-06,601012.SH,20.95,21,20.63,20.78,841149,1747690036
2023-12-07,601012.SH,20.96,21,20.6,20.73,703117,1462786866
2023-12-10,601012.SH,20.49,20.84,20.21,20.8,960102,1964585569
2023-12-11,601012.SH,20.75,21.04,20.69,20.82,710170,1479629370
2023-12-12,601012.SH,20.6,20.77,20.28,20.29,725731,1486211330
2023-12-13,601012.SH,20.5,20.83,20.31,20.33,652686,1338634084
2023-12-14,601012.SH,20.48,21.08,20.48,20.68,1580292,3286300138
2023-12-17,601012.SH,20.53,20.68,20.15,20.19,790445,1607566044
2023-12-18,601012.SH,20.13,20.6,20.01,20.37,880685,1791144879
2023-12-19,601012.SH,20.46,20.57,20.27,20.28,723129,1474750757
2023-12-20,601012.SH,20.13,21.45,20.08,21.28,2466195,5202143498
2023-12-21,601012.SH,21.15,21.54,20.91,21.22,1478760,3135909898
2023-12-24,601012.SH,21.24,21.36,21.04,21.28,692299,1466873184
2023-12-25,601012.SH,21.22,21.22,20.86,20.98,727846,1529795804
2023-12-26,601012.SH,20.98,21.06,20.48,20.68,812305,1676695270
2023-12-27,601012.SH,20.61,22.75,20.51,22.75,3118579,6888607315
2023-12-28,601012.SH,23.2,23.2,22.72,22.9,2651051,6085166247
2024-01-01,601012.SH,22.61,22.89,22.2,22.2,1588620,3561320754
2024-01-02,601012.SH,22.2,22.58,22.09,22.39,1292435,2882721820
2024-01-03,601012.SH,22.28,22.3,21.75,21.98,1113381,2444688691
2024-01-04,601012.SH,21.86,22.25,21.37,21.58,1134272,2472077498
2024-01-07,601012.SH,21.41,22.18,21.36,21.61,1181357,2572504539
2024-01-08,601012.SH,21.62,22.87,21.44,22.24,2073670,4612609293
2024-01-09,601012.SH,22,22.8,21.86,22.23,1677315,3755500025
2024-01-10,601012.SH,22.02,22.5,21.92,22.36,1577210,3504532528
2024-01-11,601012.SH,22.2,22.8,22.03,22.11,1566502,3505886714
2024-01-14,601012.SH,21.9,22.28,21.76,21.84,1074905,2358263661
2024-01-15,601012.SH,21.7,22.33,21.58,22.12,1334890,2938793848
2024-01-16,601012.SH,22,22,21.28,21.3,1160138,2507187825
2024-01-17,601012.SH,21.06,22.82,21.01,22.8,3176700,7033198433
2024-01-18,601012.SH,22.64,22.78,22.1,22.1,1772037,3958954246
2024-01-21,601012.SH,22,22.2,21.41,21.72,1565631,3418198049
2024-01-22,601012.SH,21.69,22.55,21.46,22.06,1591781,3518887773
2024-01-23,601012.SH,22.09,22.19,21.11,21.78,1663238,3595040079
2024-01-24,601012.SH,21.66,22.3,21.36,22.3,1566291,3424201706
2024-01-25,601012.SH,22.05,22.42,21.82,21.96,1155542,2551259029
2024-01-28,601012.SH,21.7,21.71,20.4,20.4,2056406,4295463545
2024-01-29,601012.SH,20.27,20.68,20.18,20.23,980927,2001228177
2024-01-30,601012.SH,20.15,20.46,19.35,19.35,1549702,3060176664
2024-01-31,601012.SH,19.09,20.09,19.09,19.59,1124291,2212673585
2024-02-01,601012.SH,19.5,19.72,18.21,18.87,1449100,2748174116
2024-02-04,601012.SH,18.8,18.86,17.6,18.17,1501729,2740768426
2024-02-05,601012.SH,18.11,19.64,18.04,19.6,1645098,3142216366
2024-02-06,601012.SH,19.66,20.11,19.42,19.77,1663560,3295976579
2024-02-07,601012.SH,19.9,20.36,19.9,20.21,1231190,2478967593
2024-02-18,601012.SH,20.21,20.35,20,20.19,975210,1962738592
2024-02-19,601012.SH,20.18,20.18,19.74,19.98,884672,1757737151
2024-02-20,601012.SH,19.81,20.74,19.68,20.4,1357139,2757569346
2024-02-21,601012.SH,20.3,20.99,20.3,20.62,1011049,2082462224
2024-02-22,601012.SH,20.62,21.09,20.62,20.88,1154068,2411162032
2024-02-25,601012.SH,20.9,20.99,20.55,20.68,924065,1917118519
2024-02-26,601012.SH,20.6,21,20.51,21,1024840,2128543456
2024-02-27,601012.SH,21.22,21.84,20.62,20.62,1810174,3852192703
2024-02-28,601012.SH,20.45,21.25,20.36,21.24,1393513,2920787468
2024-02-29,601012.SH,21.5,21.68,21.09,21.6,1621201,3475248721
2024-03-03,601012.SH,21.56,21.98,21.37,21.53,1416728,3061363899
2024-03-04,601012.SH,21.3,21.33,20.85,21.02,1355563,2850175247
2024-03-05,601012.SH,21,21.84,20.74,21.43,1553089,3313587664
2024-03-06,601012.SH,21.3,21.48,20.8,20.8,1098269,2315713399
2024-03-07,601012.SH,20.82,21.65,20.82,21.53,1679072,3595525702
2024-03-10,601012.SH,21.98,22.34,21.58,22.16,2170452,4767220656
2024-03-11,601012.SH,22.22,22.56,22.06,22.32,1712245,3815728131
2024-03-12,601012.SH,22.26,22.26,21.84,21.89,1256993,2764116455
2024-03-13,601012.SH,21.89,21.98,21.33,21.55,1106537,2394231759
2024-03-14,601012.SH,21.46,21.56,21.12,21.41,933108,1987194354
2024-03-17,601012.SH,21.44,21.67,21.31,21.67,1085902,2336927185
2024-03-18,601012.SH,21.49,21.83,21.15,21.15,1363185,2916690370
2024-03-19,601012.SH,21.12,21.39,20.92,21.11,939267,1983439091
2024-03-20,601012.SH,21.03,21.16,20.77,20.85,995082,2079052565
2024-03-21,601012.SH,20.72,20.78,20.07,20.09,1369151,2776339340
2024-03-24,601012.SH,20,20.29,19.87,19.94,802298,1609005780
2024-03-25,601012.SH,20,20.34,19.9,20.22,853894,1715647130
2024-03-26,601012.SH,20.21,20.21,19.54,19.54,913705,1811244817
2024-03-27,601012.SH,19.54,19.83,19.51,19.61,704293,1384672899
2024-03-28,601012.SH,19.65,19.77,19.28,19.51,728304,1420515920
2024-03-31,601012.SH,19.66,20.17,19.62,20.15,1019119,2038910511
2024-04-01,601012.SH,20.15,20.26,19.8,20.05,883542,1766602099
2024-04-02,601012.SH,19.95,20.09,19.79,19.85,588427,1170345857
2024-04-07,601012.SH,19.8,19.8,19.4,19.41,732661,1431786921
2024-04-08,601012.SH,19.4,19.78,19.37,19.67,617601,1213041343
2024-04-09,601012.SH,19.67,19.69,19.08,19.17,675196,1302305275
2024-04-10,601012.SH,19.09,19.23,18.84,19.02,605962,1154142990
2024-04-11,601012.SH,19.02,19.09,18.53,18.56,759589,1421011642
2024-04-14,601012.SH,18.55,19.04,18.51,18.69,802284,1506081290
2024-04-15,601012.SH,18.67,18.67,18.16,18.2,730718,1339533054
2024-04-16,601012.SH,18.23,18.6,18.23,18.6,709027,1309818550
2024-04-17,601012.SH,18.54,18.92,18.22,18.79,858203,1602270218
2024-04-18,601012.SH,18.68,18.68,18.25,18.45,900729,1658497546
2024-04-21,601012.SH,19,19.68,18.99,19.25,1682037,3255373716
2024-04-22,601012.SH,19.04,19.33,18.73,18.78,919244,1739279979
2024-04-23,601012.SH,18.8,18.84,18.35,18.5,703404,1300237522
2024-04-24,601012.SH,18.4,18.58,18.1,18.27,765376,1399919826
2024-04-25,601012.SH,18.2,18.7,18.15,18.62,977970,1814623706
2024-04-28,601012.SH,18.64,19.33,18.61,19,1294736,2460590224
2024-04-29,601012.SH,18.6,18.7,18.11,18.2,1808807,3306061395
2024-05-05,601012.SH,18.3,18.68,18.3,18.51,1119969,2074242531
2024-05-06,601012.SH,18.4,18.77,18.23,18.77,1016165,1886072659
2024-05-07,601012.SH,18.77,18.77,18.5,18.51,676018,1255470468
2024-05-08,601012.SH,18.59,19.3,18.57,18.96,1463899,2789006257
2024-05-09,601012.SH,18.92,18.92,18.51,18.62,1054451,1965177639
2024-05-12,601012.SH,18.6,19.09,18.31,18.92,1227827,2308094699
2024-05-13,601012.SH,18.99,19,18.72,18.83,664370,1250412006
2024-05-14,601012.SH,18.83,19.05,18.65,18.67,572771,1075756255
2024-05-15,601012.SH,18.61,18.67,18.4,18.54,707683,1311818671
2024-05-16,601012.SH,18.35,18.62,18.16,18.62,792745,1456614251
2024-05-19,601012.SH,18.5,18.74,18.45,18.5,623633,1157588691
2024-05-20,601012.SH,18.47,18.49,18.26,18.3,531462,973606667
2024-05-21,601012.SH,18.51,19.86,18.51,19.56,3006932,5765513882
2024-05-22,601012.SH,19.5,19.55,18.86,18.93,1773080,3394936375
2024-05-23,601012.SH,18.86,19.3,18.72,18.76,1130400,2145871399
2024-05-26,601012.SH,18.78,18.86,18.28,18.53,976756,1800967636
2024-05-27,601012.SH,18.44,18.7,18.37,18.49,675229,1247997775
2024-05-28,601012.SH,18.69,19.39,18.69,19,1900741,3645745737
2024-05-29,601012.SH,19.11,19.3,18.83,18.9,977197,1856844567
2024-05-30,601012.SH,18.92,18.95,18.57,18.59,831091,1552557291
2024-06-02,601012.SH,18.54,18.56,18.35,18.52,697638,1286583824
2024-06-03,601012.SH,18.44,18.65,18.3,18.63,666170,1231272622
2024-06-04,601012.SH,18.4,18.42,18.21,18.28,728484,1334767802
2024-06-05,601012.SH,18.25,18.45,17.11,17.18,1921234,3376060586
2024-06-06,601012.SH,17.05,17.28,16.54,16.74,1636189,2739495927
2024-06-10,601012.SH,16.61,16.69,16.41,16.59,764391,1266989618
2024-06-11,601012.SH,16.65,16.68,16.46,16.65,671136,1113468906
2024-06-12,601012.SH,16.65,16.73,16.48,16.51,659708,1093118058
2024-06-13,601012.SH,16.52,16.79,16.25,16.72,833054,1386972976
2024-06-16,601012.SH,16.72,16.88,16.45,16.72,660026,1101457019
2024-06-17,601012.SH,16.69,16.94,16.65,16.74,573195,961572891
2024-06-18,601012.SH,16.74,16.74,16.33,16.36,747914,1229311837
2024-06-19,601012.SH,16.3,16.3,15.57,15.58,1336040,2114995523
2024-06-20,601012.SH,15.58,15.98,15.46,15.46,1057762,1656667322
2024-06-23,601012.SH,15.33,15.46,15,15.03,1014950,1541305225
2024-06-24,601012.SH,15.02,15.17,14.31,14.44,1540082,2251920621
2024-06-25,601012.SH,14.44,14.7,14.23,14.66,1142670,1654972376
2024-06-26,601012.SH,14.53,14.62,14.26,14.26,832928,1197505307
2024-06-27,601012.SH,14.28,14.44,13.98,14.02,1017958,1445147114
2024-06-30,601012.SH,14.01,14.19,13.77,14.05,845070,1180658759
2024-07-01,601012.SH,13.98,14.08,13.78,13.82,758389,1053524534
2024-07-02,601012.SH,13.77,14.01,13.61,13.85,842532,1163233797
2024-07-03,601012.SH,13.87,13.91,13.45,13.46,850241,1154990920
2024-07-04,601012.SH,13.4,13.67,13.34,13.51,785472,1060008206
2024-07-07,601012.SH,13.39,13.39,13.02,13.09,970123,1275748237
2024-07-08,601012.SH,13.06,13.23,12.78,13.16,1489449,1937575320
2024-07-09,601012.SH,12.89,14,12.81,13.56,2164120,2942658170
2024-07-10,601012.SH,13.8,14.61,13.71,14.22,2246284,3193918854
2024-07-11,601012.SH,14.11,14.4,14.07,14.18,1221876,1737603228
2024-07-14,601012.SH,14.08,14.09,13.73,13.89,806089,1118632993
2024-07-15,601012.SH,13.8,14.08,13.7,14.07,886039,1233759733
2024-07-16,601012.SH,14.24,14.35,14.04,14.1,979030,1387114496
2024-07-17,601012.SH,13.95,14.17,13.81,14.11,829137,1160895097
2024-07-18,601012.SH,14.01,14.5,13.95,14.39,1080921,1542319214
2024-07-21,601012.SH,14.28,14.6,14.25,14.38,912639,1316820492
2024-07-22,601012.SH,14.33,14.47,14,14.02,704374,1001641776
2024-07-23,601012.SH,13.95,14.13,13.58,13.65,761657,1048446683
2024-07-24,601012.SH,13.55,14.28,13.51,13.98,1168353,1636616592
2024-07-25,601012.SH,13.92,14.23,13.82,14.14,740024,1042080400
2024-07-28,601012.SH,14.14,14.17,13.8,13.83,652203,906148619
2024-07-29,601012.SH,13.83,14.06,13.74,13.88,541009,749656952
2024-07-30,601012.SH,13.88,14.5,13.78,14.5,1198319,1711856167
2024-07-31,601012.SH,14.48,14.57,14.28,14.37,684848,985603978
2024-08-01,601012.SH,14.31,14.54,14.18,14.22,682352,977642917
2024-08-04,601012.SH,14.18,14.88,14.07,14.09,1378180,1996329778
2024-08-05,601012.SH,14.35,14.68,14.25,14.45,1188742,1718248810
2024-08-06,601012.SH,14.4,14.4,14.12,14.23,809462,1151181241
2024-08-07,601012.SH,14.2,14.35,14.06,14.15,639032,905747461
2024-08-08,601012.SH,14.2,14.26,13.81,13.81,748010,1045273754
2024-08-11,601012.SH,14.05,14.23,13.86,13.93,665171,930598240
2024-08-12,601012.SH,13.85,14.18,13.67,14.01,687898,957666632
2024-08-13,601012.SH,14.02,14.3,13.81,13.82,536963,748831833
2024-08-14,601012.SH,13.75,14.24,13.65,14.07,872144,1219783240
2024-08-15,601012.SH,14.06,14.1,13.7,13.72,686269,949536519
2024-08-18,601012.SH,13.71,13.71,13.47,13.48,543377,735997544
2024-08-19,601012.SH,13.55,13.58,13.25,13.3,497856,666636336
2024-08-20,601012.SH,13.25,13.41,13.21,13.22,408566,543335694
2024-08-21,601012.SH,13.25,13.32,12.84,12.88,628548,816112102
2024-08-22,601012.SH,12.86,13.01,12.79,12.9,380219,490883241
2024-08-25,601012.SH,12.92,13.23,12.91,12.99,529781,691398180
2024-08-26,601012.SH,13.02,13.56,12.7,13.23,1182387,1560061210
2024-08-27,601012.SH,13,13.33,12.8,13.14,880040,1144573875
2024-08-28,601012.SH,13.1,13.76,13.05,13.56,1252032,1681021266
2024-08-29,601012.SH,13.42,14.03,13.36,13.81,1473592,2024480108
2024-09-01,601012.SH,13.66,13.86,13.19,13.19,1031474,1386609640
2024-09-02,601012.SH,13.19,13.62,13.1,13.51,838967,1128573716
2024-09-03,601012.SH,13.46,13.9,13.44,13.67,968834,1328252740
2024-09-04,601012.SH,13.66,14.04,13.66,13.76,912878,1266618014
2024-09-05,601012.SH,13.76,13.76,13.48,13.53,450701,611884045
2024-09-08,601012.SH,13.44,13.59,13.25,13.31,560562,750079454
2024-09-09,601012.SH,13.3,13.37,13.03,13.13,576793,759058414
2024-09-10,601012.SH,13.03,13.45,13.03,13.36,742788,986430133
2024-09-11,601012.SH,13.33,13.92,13.29,13.43,1084668,1483005238
2024-09-12,601012.SH,13.43,13.56,13.14,13.14,528441,702573447
2024-09-17,601012.SH,13.13,13.19,12.87,12.96,558842,724535112
2024-09-18,601012.SH,13.04,13.51,12.85,13.32,849573,1126781661
2024-09-19,601012.SH,13.29,13.29,12.71,12.8,1339026,1723833529
2024-09-22,601012.SH,12.77,12.87,12.71,12.73,558584,712384070
2024-09-23,601012.SH,12.98,13.6,12.85,13.59,2308343,3067870682
2024-09-24,601012.SH,13.8,14.1,13.71,13.74,1739525,2418916448
2024-09-25,601012.SH,13.67,14.57,13.65,14.56,1785396,2528859957
2024-09-26,601012.SH,14.8,16,14.79,15.96,2011263,3112951174
2024-09-29,601012.SH,16.9,17.56,16.51,17.56,3959534,6817840793
2024-10-07,601012.SH,19.32,19.32,18.01,19.28,4912179,9315052949
2024-10-08,601012.SH,18.6,18.6,17.35,17.35,3333855,5958697374
2024-10-09,601012.SH,17.03,17.68,16.58,16.95,2025098,3468415805
2024-10-10,601012.SH,16.7,16.82,15.99,16.2,1605255,2624754416
2024-10-13,601012.SH,16.35,16.92,16.13,16.75,1698001,2808827279
2024-10-14,601012.SH,16.48,16.79,16.3,16.3,1187263,1963020925
2024-10-15,601012.SH,16.05,16.2,15.81,15.93,1122728,1794073983
2024-10-16,601012.SH,15.95,16.1,15.59,15.61,1082216,1714793397
2024-10-17,601012.SH,15.55,16.54,15.45,16.45,1816296,2900552385
2024-10-20,601012.SH,16.58,18,16.58,17.51,2982512,5173065245
2024-10-21,601012.SH,17.3,18.78,16.91,18.38,3415573,6083088682
2024-10-22,601012.SH,18.38,20.22,17.94,19.58,4956261,9517227564
2024-10-23,601012.SH,19.7,19.73,18.54,18.6,2822279,5360615295
2024-10-24,601012.SH,18.6,20.46,18.59,20.46,4809354,9636191051
2024-10-27,601012.SH,20.88,20.88,19.63,20.08,4251654,8535400530
2024-10-28,601012.SH,20.5,21.15,19.16,19.24,3643362,7241822670
2024-10-29,601012.SH,19,19.85,18.85,19.25,2068691,3984188417
2024-10-30,601012.SH,19.8,20.1,19.4,19.74,3051038,6047425601
2024-10-31,601012.SH,19.63,19.8,18.9,19.01,2139439,4116409990
2024-11-03,601012.SH,19.01,19.42,18.93,19.26,1332710,2554980762
2024-11-04,601012.SH,19.2,19.79,19,19.63,1707408,3326352847
2024-11-05,601012.SH,19.63,19.97,19.08,19.21,2150696,4193886605
2024-11-06,601012.SH,18.71,19.19,18.39,19.18,2047551,3856961665
2024-11-07,601012.SH,19.25,19.75,19.11,19.23,1739102,3373517689
2024-11-10,601012.SH,19.08,20.18,19.03,20.02,2400596,4752825093
2024-11-11,601012.SH,20.07,21.17,19.91,20.1,2921409,5999069500
2024-11-12,601012.SH,19.8,20.18,19.68,20.08,1544078,3070609819
2024-11-13,601012.SH,20.3,20.34,19.16,19.19,1419299,2785287620
2024-11-14,601012.SH,19.19,19.38,18.5,18.52,1421013,2694306667
2024-11-17,601012.SH,18.49,18.76,18.11,18.21,1087823,1997738213
2024-11-18,601012.SH,18.34,18.73,17.89,18.64,980804,1798205881
2024-11-19,601012.SH,18.65,18.71,18.35,18.6,745677,1381754452
2024-11-20,601012.SH,18.98,19.15,18.45,18.61,964469,1806966949
2024-11-21,601012.SH,18.5,18.57,17.71,17.75,1048358,1902125473
2024-11-24,601012.SH,17.7,17.92,17.55,17.81,711744,1263982359
2024-11-25,601012.SH,17.99,18.55,17.9,18,937228,1709683460
2024-11-26,601012.SH,18.05,18.39,17.87,18.35,754879,1367008140
2024-11-27,601012.SH,18.2,18.76,18.14,18.27,688243,1268653008
2024-11-28,601012.SH,18.3,18.64,18.18,18.5,810694,1495120558
2024-12-01,601012.SH,18.18,18.45,17.77,18.43,1022824,1862712745
2024-12-02,601012.SH,18.55,18.69,18.25,18.48,774523,1426455960
2024-12-03,601012.SH,18.36,18.5,17.9,17.93,841096,1523541153
2024-12-04,601012.SH,17.78,18,17.78,17.94,521150,931582332
2024-12-05,601012.SH,17.95,17.96,17.38,17.85,1070963,1896650647
2024-12-08,601012.SH,17.86,17.9,17.55,17.63,712009,1260159814
2024-12-09,601012.SH,18.16,18.24,17.56,17.62,935928,1673014321
2024-12-10,601012.SH,17.55,17.78,17.53,17.69,555535,981421663
2024-12-11,601012.SH,17.57,17.87,17.52,17.78,617914,1094649199
2024-12-12,601012.SH,17.69,17.69,17.01,17.02,1262503,2179286417
2024-12-15,601012.SH,17.09,17.16,16.74,16.86,743620,1255440826
2024-12-16,601012.SH,16.75,16.85,16.6,16.68,665760,1112520077
2024-12-17,601012.SH,16.79,16.83,16.58,16.63,485289,810443880
2024-12-18,601012.SH,16.4,16.74,16.25,16.62,649769,1073593550
2024-12-19,601012.SH,16.63,16.69,16.31,16.34,752484,1238069616
2024-12-22,601012.SH,16.31,16.6,16.2,16.24,829532,1356910143
2024-12-23,601012.SH,16.22,16.59,16.2,16.39,802712,1319262920
2024-12-24,601012.SH,16.65,16.69,16.31,16.36,555859,914200229
2024-12-25,601012.SH,16.42,16.42,16.13,16.19,582441,945650138
2024-12-26,601012.SH,16.23,16.32,16.05,16.15,610831,990279529
2024-12-29,601012.SH,16.17,16.27,16.02,16.24,572914,925326617
2024-12-30,601012.SH,16.2,16.4,15.7,15.71,871134,1390268494
2025-01-01,601012.SH,15.7,15.8,15.3,15.43,828253,1287616503
2025-01-02,601012.SH,15.43,15.56,14.97,15,722007,1101114343
2025-01-05,601012.SH,15,15.28,14.91,15.17,648292,979232009
2025-01-06,601012.SH,15.05,15.27,15.02,15.24,466371,707882488
2025-01-07,601012.SH,15.24,15.28,14.81,15.09,600621,903552090
2025-01-08,601012.SH,15,15.17,14.93,14.98,507011,761659148
2025-01-09,601012.SH,14.95,15,14.46,14.46,639163,938941440
2025-01-12,601012.SH,14.35,14.72,14.29,14.63,532879,776602990
2025-01-13,601012.SH,14.7,15.15,14.6,15.11,673008,1004866708
2025-01-14,601012.SH,15.06,15.75,14.88,15.26,1109179,1697709224
2025-01-15,601012.SH,15.2,15.6,15.17,15.4,723885,1112620997
2025-01-16,601012.SH,15.19,15.63,15.09,15.16,747099,1139120440
2025-01-19,601012.SH,15.22,15.35,15.13,15.14,502214,764214989
2025-01-20,601012.SH,15.2,15.24,14.72,14.8,663244,986145005
2025-01-21,601012.SH,14.75,14.76,14.44,14.61,541160,788366302
2025-01-22,601012.SH,14.68,14.94,14.52,14.53,685033,1008420686
2025-01-23,601012.SH,14.5,15.04,14.46,14.96,872513,1292681977
2025-01-26,601012.SH,14.96,15.29,14.8,14.9,636604,954286489
2025-02-04,601012.SH,15.01,15.28,14.86,15.08,644033,969896083
2025-02-05,601012.SH,15.01,15.44,14.81,15.43,820770,1250605841
2025-02-06,601012.SH,15.44,16.55,15.4,16.23,1985331,3195290593
2025-02-09,601012.SH,16.3,16.3,15.78,16.03,1211385,1929731046
2025-02-10,601012.SH,16.08,16.14,15.58,15.68,981806,1543449901
2025-02-11,601012.SH,15.7,15.85,15.56,15.85,802595,1260615368
2025-02-12,601012.SH,15.8,15.91,15.7,15.72,702440,1110070261
2025-02-13,601012.SH,15.71,16.02,15.68,15.81,631708,1001485234
2025-02-16,601012.SH,15.71,16.16,15.71,16.04,1019101,1629038807
2025-02-17,601012.SH,16.06,16.36,15.79,15.83,1140964,1838039504
2025-02-18,601012.SH,15.7,16.66,15.68,16.35,1477535,2401647540
2025-02-19,601012.SH,16.34,16.34,15.97,16.04,875437,1407786861
2025-02-20,601012.SH,16.09,16.25,15.96,16.15,748501,1206176997
2025-02-23,601012.SH,16.15,16.47,16.05,16.36,975912,1590802955
2025-02-24,601012.SH,16.23,16.7,16.16,16.45,1283760,2115512292
2025-02-25,601012.SH,16.63,17.49,16.56,17.43,2507746,4279579459
2025-02-26,601012.SH,17.49,17.5,16.84,17.1,1502630,2568978065
2025-02-27,601012.SH,17.1,17.3,16.64,16.71,1129931,1915809517
2025-03-02,601012.SH,16.7,17.3,16.7,17.01,1284771,2196117440
2025-03-03,601012.SH,16.95,17.49,16.8,17.43,1419206,2454627943
2025-03-04,601012.SH,17.37,17.37,16.88,17.06,1033170,1761565352
2025-03-05,601012.SH,17.17,17.26,16.91,17.13,922565,1577909152
2025-03-06,601012.SH,17.13,17.55,16.85,17.35,1487507,2563603535
2025-03-09,601012.SH,17.41,17.55,17.07,17.22,899868,1554372682
2025-03-10,601012.SH,17,17.33,16.8,17.33,850214,1452929871
2025-03-11,601012.SH,17.3,17.39,17,17.03,656330,1124377462
2025-03-12,601012.SH,17.1,17.13,16.72,16.81,616051,1039732835
2025-03-13,601012.SH,16.89,17.65,16.83,17.52,1886004,3280948686
2025-03-16,601012.SH,17.7,17.99,17.55,17.67,1059270,1878658779
2025-03-17,601012.SH,17.67,17.97,17.63,17.9,871548,1551810019
2025-03-18,601012.SH,17.86,17.86,17.58,17.66,671857,1188455117
2025-03-19,601012.SH,17.6,17.69,17.37,17.43,646356,1131237530
2025-03-20,601012.SH,17.45,17.53,17.05,17.06,809685,1394690756
2025-03-23,601012.SH,17.08,17.23,16.85,17.05,676386,1151645829
2025-03-24,601012.SH,17.1,17.47,16.99,17.17,670000,1155843974
2025-03-25,601012.SH,17.1,17.65,17.03,17.36,771096,1342127283
2025-03-26,601012.SH,17.27,17.33,17.01,17.04,583444,998057210
2025-03-27,601012.SH,17.01,17.25,16.86,16.87,481766,818938803
2025-03-30,601012.SH,16.82,16.83,15.8,15.85,1379344,2227587397
2025-03-31,601012.SH,15.85,16.21,15.71,16.04,664933,1063764206
2025-04-01,601012.SH,15.99,16.13,15.92,15.96,447381,716440082
2025-04-02,601012.SH,15.65,16.09,15.56,15.76,512428,811316063
2025-04-06,601012.SH,15,15,14.18,14.18,1536996,2208421130
2025-04-07,601012.SH,14.39,14.65,14.25,14.52,1206513,1736527369
2025-04-08,601012.SH,14.34,14.71,14.01,14.71,1008112,1453952422
2025-04-09,601012.SH,15.29,15.33,14.91,15.03,827022,1243323650
2025-04-10,601012.SH,14.98,14.98,14.73,14.8,790303,1172564272
2025-04-13,601012.SH,14.94,15.15,14.9,14.9,661354,991448454
2025-04-14,601012.SH,14.89,14.91,14.66,14.73,481224,709303445
2025-04-15,601012.SH,14.75,14.98,14.4,14.98,693183,1008031182
2025-04-16,601012.SH,14.8,15.02,14.71,14.97,540622,804286565
2025-04-17,601012.SH,14.88,14.95,14.77,14.85,324964,482603371
2025-04-20,601012.SH,14.8,14.92,14.72,14.87,332404,493156315
2025-04-21,601012.SH,14.86,14.93,14.66,14.8,391064,578932672
2025-04-22,601012.SH,14.85,15.07,14.82,14.9,510571,762252905
2025-04-23,601012.SH,14.92,15.13,14.71,14.71,550098,818367524
2025-04-24,601012.SH,14.71,14.98,14.66,14.89,498582,738475260
2025-04-27,601012.SH,14.89,15.25,14.83,14.95,702947,1056992522
2025-04-28,601012.SH,14.95,15.11,14.83,14.86,378794,566080849
2025-04-29,601012.SH,14.7,15.04,14.61,14.7,681103,1008039346
2025-05-05,601012.SH,14.82,15.14,14.75,15.03,845791,1269076687
2025-05-06,601012.SH,15.34,15.37,14.96,15.1,611189,921366124
2025-05-07,601012.SH,15.01,15.35,14.98,15.27,664883,1013941618
2025-05-08,601012.SH,15.28,15.28,14.92,14.92,530921,797244309
2025-05-11,601012.SH,15.09,15.39,15.08,15.39,993463,1517265367
2025-05-12,601012.SH,15.64,16.13,15.53,15.63,1557886,2465768378
2025-05-13,601012.SH,15.49,15.65,15.31,15.53,761181,1176080371
2025-05-14,601012.SH,15.49,15.49,15.09,15.09,664507,1010161820
2025-05-15,601012.SH,15.08,15.18,15.05,15.15,437808,661757848
2025-05-18,601012.SH,15.1,15.13,14.91,15.09,362780,545336701
2025-05-19,601012.SH,15.1,15.12,14.97,15.11,301169,453421117
2025-05-20,601012.SH,15.12,15.23,15.05,15.13,406988,617024153
2025-05-21,601012.SH,15.08,15.12,14.97,15.01,302190,454481130
2025-05-22,601012.SH,15,15.22,14.92,14.92,459956,692593713
2025-05-25,601012.SH,14.93,15.15,14.9,14.99,367201,550921118
2025-05-26,601012.SH,14.91,14.98,14.38,14.44,1124005,1633303771
2025-05-27,601012.SH,14.46,14.49,14.31,14.35,389556,560052880
2025-05-28,601012.SH,14.35,14.54,14.31,14.53,433851,626880166
2025-05-29,601012.SH,14.49,14.53,14.37,14.38,505110,728441639
2025-06-02,601012.SH,14.32,14.42,14.24,14.35,327643,469992048
2025-06-03,601012.SH,14.4,14.55,14.39,14.48,388053,561672358
2025-06-04,601012.SH,14.48,14.54,14.4,14.5,308763,446328806
2025-06-05,601012.SH,14.51,14.54,14.41,14.47,355120,513919733
2025-06-08,601012.SH,14.26,14.57,14.07,14.48,833834,1197979083
2025-06-09,601012.SH,14.43,14.64,14.27,14.3,685466,989361101
2025-06-10,601012.SH,14.32,14.72,14.32,14.72,979797,1435315923
2025-06-11,601012.SH,14.61,14.79,14.58,14.74,513902,756075947
2025-06-12,601012.SH,14.68,14.72,14.38,14.42,602918,874908405
2025-06-15,601012.SH,14.43,14.69,14.41,14.64,513633,748669103
2025-06-16,601012.SH,14.65,14.68,14.48,14.58,342227,497606694
2025-06-17,601012.SH,14.54,14.68,14.49,14.59,361010,526557421
2025-06-18,601012.SH,14.53,14.72,14.32,14.33,521590,756133678
2025-06-19,601012.SH,14.45,14.79,14.2,14.24,837560,1212495276
2025-06-22,601012.SH,14.15,14.43,14.08,14.29,504395,717926979
2025-06-23,601012.SH,14.29,14.53,14.29,14.51,694026,1002883775
2025-06-24,601012.SH,14.55,14.66,14.36,14.64,775007,1125039221
2025-06-25,601012.SH,14.59,14.79,14.47,14.47,644642,942710353
2025-06-26,601012.SH,14.48,14.88,14.48,14.57,724788,1063024012
2025-06-29,601012.SH,14.81,15.2,14.81,15.02,1083195,1621976530
2025-06-30,601012.SH,14.93,14.95,14.75,14.86,634919,942363553
2025-07-01,601012.SH,14.96,15.61,14.93,15.56,2098823,3215872899
2025-07-02,601012.SH,15.56,15.67,15.33,15.54,1090592,1687486007
2025-07-03,601012.SH,15.8,15.95,15.5,15.57,1293983,2028999626
2025-07-06,601012.SH,15.45,15.64,15.41,15.47,516644,800112618
2025-07-07,601012.SH,15.41,16.5,15.4,16.47,2229803,3603593421
2025-07-08,601012.SH,16.35,16.75,16.27,16.37,1489941,2462427050
2025-07-09,601012.SH,16.3,16.82,16.3,16.46,1658549,2752068610
2025-07-10,601012.SH,16.53,16.56,16.24,16.25,1176010,1919925271
2025-07-13,601012.SH,16.2,16.38,16.07,16.16,892635,1444926449
2025-07-14,601012.SH,16.15,16.26,15.87,16.02,932186,1493745062
2025-07-15,601012.SH,16.02,16.07,15.75,15.91,842282,1336311192
2025-07-16,601012.SH,16.18,16.36,15.96,16.21,1208869,1953775775
2025-07-17,601012.SH,16.1,16.4,16,16.07,805956,1301639696
2025-07-20,601012.SH,16.1,16.36,16.04,16.31,806403,1309532199
2025-07-21,601012.SH,16.28,16.65,16.18,16.57,1220462,2007611624
2025-07-22,601012.SH,16.66,16.72,16.34,16.36,1041350,1720972204
2025-07-23,601012.SH,16.27,16.88,16.25,16.88,1243338,2069868451
2025-07-24,601012.SH,16.88,16.88,16.47,16.52,910427,1513165941
2025-07-27,601012.SH,16.4,16.59,16.25,16.41,755500,1239477502
2025-07-28,601012.SH,16.41,16.56,16.26,16.56,784202,1288865023
2025-07-29,601012.SH,16.57,16.72,16.31,16.38,853001,1409445113
2025-07-30,601012.SH,16.26,16.3,15.68,15.76,1284359,2045926013
2025-07-31,601012.SH,15.77,16.17,15.77,15.92,730065,1166848956
2025-08-03,601012.SH,15.78,15.87,15.59,15.78,660555,1036215323
2025-08-04,601012.SH,15.77,15.92,15.69,15.92,550174,869796099
2025-08-05,601012.SH,15.86,16.02,15.78,15.94,432354,687706352
2025-08-06,601012.SH,16,16.09,15.77,15.84,479716,762028498
2025-08-07,601012.SH,15.84,16.03,15.76,15.82,614651,976494489
2025-08-10,601012.SH,15.86,16.1,15.8,16.01,691001,1103728328
2025-08-11,601012.SH,16,16.01,15.75,15.84,689978,1091781724
2025-08-12,601012.SH,15.85,15.95,15.76,15.83,733355,1161049476
2025-08-13,601012.SH,15.83,15.86,15.52,15.56,874926,1374152542
2025-08-14,601012.SH,15.52,16.18,15.5,16.16,1556808,2488498436
2025-08-17,601012.SH,16.3,16.6,16.22,16.31,1575418,2587967729
2025-08-18,601012.SH,16.37,16.45,15.96,15.97,1252399,2023846783
2025-08-19,601012.SH,16.21,16.4,15.88,16.2,1391076,2244340968
2025-08-20,601012.SH,16.13,16.47,16.09,16.2,1026525,1669520799
2025-08-21,601012.SH,16.2,16.58,16.12,16.52,1351351,2220132731
2025-08-24,601012.SH,16.52,16.98,16.49,16.77,1864899,3121220247
2025-08-25,601012.SH,16.79,17.04,16.58,16.85,1384401,2339696846
2025-08-26,601012.SH,16.86,17.34,16.55,16.55,1523300,2580395397
2025-08-27,601012.SH,16.51,17.04,16.41,16.89,1605178,2692371996
2025-08-28,601012.SH,16.93,17.3,16.79,17.17,1777315,3040019681
2025-08-31,601012.SH,17.14,17.14,16.8,17.08,1416226,2399715327
2025-09-01,601012.SH,17.08,17.47,16.62,16.74,1672306,2840008508
2025-09-02,601012.SH,16.81,17.29,16.76,17.18,2597913,4450596885
2025-09-03,601012.SH,17.17,18.1,17.11,17.4,3386705,5975921430
2025-09-04,601012.SH,17.48,18.2,17.3,18.1,3382855,6071716055
2025-09-07,601012.SH,18.39,18.45,17.85,17.99,2176145,3922496632
2025-09-08,601012.SH,17.81,18.05,17.53,17.61,1468569,2603150424
2025-09-09,601012.SH,17.5,17.58,17,17.2,1537669,2648424099
2025-09-10,601012.SH,17.14,17.36,17.01,17.28,1099614,1891692039
2025-09-11,601012.SH,17.29,17.36,16.98,17.12,1096567,1881430322
2025-09-14,601012.SH,17.13,17.5,17.1,17.16,1067449,1843544711
2025-09-15,601012.SH,17.29,17.5,16.85,17.05,1198009,2045195615
2025-09-16,601012.SH,17,17.47,16.82,17.3,1323768,2279274111
2025-09-17,601012.SH,17.31,17.4,16.64,16.82,1539047,2622599869
2025-09-18,601012.SH,16.82,17.11,16.78,16.9,1101386,1869844831
2025-09-21,601012.SH,16.9,16.91,16.43,16.6,1068424,1771746495
2025-09-22,601012.SH,16.55,16.7,16.07,16.29,1034342,1687496776
2025-09-23,601012.SH,16.28,17.4,16.18,17.4,1804191,3038409287
2025-09-24,601012.SH,17.38,18.05,17.23,17.76,2260227,4013782259
2025-09-25,601012.SH,17.65,17.83,17.48,17.5,964188,1698219493
2025-09-28,601012.SH,17.48,17.7,17.39,17.58,1170919,2053870973
2025-09-29,601012.SH,17.59,18.05,17.46,18,1692377,3014925216
2025-10-08,601012.SH,18.05,19.11,17.87,18.88,2753407,5131257215
2025-10-09,601012.SH,18.97,19.22,18.26,18.4,1888725,3528008334
2025-10-12,601012.SH,17.65,18.29,17.63,18.13,1574472,2824417781
2025-10-13,601012.SH,18.4,19.94,18.4,19.28,5569401,10927964906
2025-10-14,601012.SH,19.27,20.24,18.84,19.72,4612512,9042907864
2025-10-15,601012.SH,19.65,20.35,19.51,20.25,3560639,7120042855
2025-10-16,601012.SH,20.09,20.74,19.52,19.7,3394179,6805387264
2025-10-19,601012.SH,19.65,19.67,18.92,19.06,2182747,4185835833
2025-10-20,601012.SH,19.08,19.26,18.93,19.01,1405833,2680751281
2025-10-21,601012.SH,19.17,19.39,18.72,18.77,1371236,2597092644
2025-10-22,601012.SH,18.65,19.11,18.38,19.04,1747565,3274446752
2025-10-23,601012.SH,19.05,19.48,18.69,18.84,1426308,2710507388
2025-10-26,601012.SH,19,19.38,18.87,19.06,1647106,3152114268
2025-10-27,601012.SH,19.19,19.22,18.76,18.9,1164186,2207676661
2025-10-28,601012.SH,18.9,20.79,18.81,20.79,3900066,7852274544
2025-10-29,601012.SH,21.01,22.14,21,21.51,4925438,10673662671
2025-10-30,601012.SH,21.41,22.24,21,21.11,3190614,6863229668
2025-11-02,601012.SH,21.37,21.88,21.2,21.76,2898192,6249206921
2025-11-03,601012.SH,21.78,21.93,21.18,21.35,1957380,4212139097
2025-11-04,601012.SH,21.01,22.52,20.73,21.85,3303288,7153463684
2025-11-05,601012.SH,21.85,22.16,21.42,21.77,2216458,4818581107
2025-11-06,601012.SH,21.64,23.3,21.64,22.43,4223350,9584105295
2025-11-09,601012.SH,22.88,23.57,22.6,22.8,4031035,9280405739
2025-11-10,601012.SH,22.8,23.09,22.41,22.44,2808371,6387793972
2025-11-11,601012.SH,22.3,22.3,20.22,20.79,5223453,10945020730
2025-11-12,601012.SH,20.8,21.64,20.69,21.3,3219396,6821922566
2025-11-13,601012.SH,21,23.11,20.8,21.88,4048317,8888797854
2025-11-16,601012.SH,22,22.1,21.26,21.69,2312457,4997065752
2025-11-17,601012.SH,21.54,21.88,21.01,21.15,1734624,3693621417
2025-11-18,601012.SH,21.15,21.44,20.64,21.2,1962514,4120662266
2025-11-19,601012.SH,21.2,21.3,20,20.1,2338839,4822149607
2025-11-20,601012.SH,19.7,19.9,18.81,18.84,2871240,5515259064
2025-11-23,601012.SH,19.02,19.09,18.51,18.76,1615064,3026319105
2025-11-24,601012.SH,18.91,19.23,18.8,18.98,1377797,2619061640
2025-11-25,601012.SH,19.12,19.2,18.7,18.81,1474896,2791746110
2025-11-26,601012.SH,18.76,19.07,18.52,18.58,1570441,2953523047
2025-11-27,601012.SH,18.49,18.72,18.35,18.57,1259892,2337017110
2025-11-30,601012.SH,18.7,18.85,18.5,18.75,1274347,2380406032
2025-12-01,601012.SH,18.65,18.66,18.25,18.31,1262765,2319595364
2025-12-02,601012.SH,18.3,18.34,17.98,18.02,1120542,2028587487
2025-12-03,601012.SH,17.87,18.03,17.8,17.91,868697,1555532232
2025-12-04,601012.SH,17.92,18.07,17.81,18.02,1028738,1849427406
2025-12-07,601012.SH,17.99,18.17,17.9,18.08,1083150,1956004320
2025-12-08,601012.SH,18.06,18.26,17.9,18.2,1500690,2715269483
2025-12-09,601012.SH,18.29,18.54,17.8,18.2,1718834,3112585783
2025-12-10,601012.SH,18.16,18.26,17.86,17.88,1009356,1822141144
2025-12-11,601012.SH,17.95,18.25,17.86,18.19,1297538,2349187324
2025-12-14,601012.SH,18.15,18.37,17.96,18,1204152,2188971476
2025-12-15,601012.SH,17.99,17.99,17.3,17.46,1333841,2338261249
2025-12-16,601012.SH,17.49,17.82,17.44,17.78,912024,1607351227
2025-12-17,601012.SH,17.7,17.9,17.61,17.7,699344,1243572701
2025-12-18,601012.SH,17.71,18.41,17.71,18.08,1389156,2517253951
2025-12-21,601012.SH,18.09,18.28,18.09,18.11,900951,1635920071
2025-12-22,601012.SH,18.12,18.18,17.92,18.02,853749,1540542116
2025-12-23,601012.SH,17.94,18.23,17.77,18.13,870313,1570606116
2025-12-24,601012.SH,18.04,18.31,17.95,18.27,955618,1734543765
2025-12-25,601012.SH,18.84,19.33,18.7,19.02,2752732,5236282801
2025-12-28,601012.SH,19.03,19.18,18.61,18.7,1529933,2885659169
2025-12-29,601012.SH,18.55,18.75,18.4,18.44,982510,1817628693
2025-12-30,601012.SH,18.42,18.54,18.17,18.2,1020767,1868825732
2026-01-04,601012.SH,18.43,18.5,18.23,18.49,1063532,1958453795
2026-01-05,601012.SH,18.49,18.88,18.45,18.83,1479925,2771718349
2026-01-06,601012.SH,18.83,18.85,18.56,18.65,1471045,2746859052
2026-01-07,601012.SH,18.53,18.93,18.39,18.77,1536377,2873301340
2026-01-08,601012.SH,18.61,18.77,18.28,18.39,2290187,4231356213
2026-01-11,601012.SH,18.1,19.45,18.02,19.23,3643823,6919241186
2026-01-12,601012.SH,19.23,19.23,18.42,18.5,2785582,5201821676
2026-01-13,601012.SH,18.43,19.07,18.37,18.59,2553127,4786478140
2026-01-14,601012.SH,18.5,18.99,18.4,18.5,1601094,2981575224
2026-01-15,601012.SH,18.61,18.95,18.47,18.73,1948506,3645110363
2026-01-18,601012.SH,18.4,18.59,17.8,18.32,2287426,4184561250
2026-01-19,601012.SH,18.23,18.39,17.3,17.38,3165550,5578437512
2026-01-20,601012.SH,17.31,17.47,17.1,17.22,1535783,2658057827
2026-01-21,601012.SH,17.2,17.93,17.15,17.59,1915604,3360706958
2026-01-22,601012.SH,17.61,19.35,17.61,19.35,4985971,9394050972
2026-01-25,601012.SH,19.83,20.05,18.98,19.09,5367875,10439391593
2026-01-26,601012.SH,18.8,19.39,18.36,19.2,3864283,7306070379
2026-01-27,601012.SH,19.16,19.44,18.8,18.82,2584340,4916577972
2026-01-28,601012.SH,18.68,19.3,18.6,18.77,2754552,5210968053
2026-01-29,601012.SH,18.58,18.82,17.71,17.88,2916513,5264912030
2026-02-01,601012.SH,18.16,18.25,17.61,17.64,1710968,3067558742
2026-02-02,601012.SH,17.83,18.58,17.83,18.57,2831263,5170147381
2026-02-03,601012.SH,18.4,19.44,18.3,19.31,4094587,7779064977
2026-02-04,601012.SH,19.01,19.01,18.16,18.23,3258250,6013712042
2026-02-05,601012.SH,18.05,18.67,18,18.36,2111974,3887739122
2026-02-08,601012.SH,18.78,19.75,18.74,19.18,4288200,8275472542
2026-02-09,601012.SH,19,19.28,18.77,18.81,2262494,4280477047
2026-02-10,601012.SH,18.8,18.99,18.55,18.59,1581104,2959090907
2026-02-11,601012.SH,18.59,18.65,18.4,18.49,1429808,2647753652
2026-02-12,601012.SH,18.4,18.44,18.1,18.13,1484024,2707298690
2026-02-23,601012.SH,18.35,18.43,18.19,18.28,1304719,2391080125
2026-02-24,601012.SH,18.32,18.62,18.29,18.57,1423625,2628915859
2026-02-25,601012.SH,18.54,18.54,18.16,18.27,1354565,2475716261
2026-02-26,601012.SH,18.17,18.5,18.16,18.32,1156079,2120773487
2026-03-01,601012.SH,17.97,18.55,17.9,18.12,1636287,2976079934
2026-03-02,601012.SH,18.2,18.73,17.9,17.99,2277338,4166800912
2026-03-03,601012.SH,17.61,18.06,17.58,17.66,1559401,2771722872
2026-03-04,601012.SH,17.93,18,17.71,17.76,1194523,2130166382
2026-03-05,601012.SH,17.76,18.08,17.58,18,1203234,2154129920
2026-03-08,601012.SH,18.01,18.49,17.92,18.39,2062755,3764605465
2026-03-09,601012.SH,18.25,18.62,18.1,18.56,1828340,3357305878
2026-03-10,601012.SH,18.55,18.95,18.39,18.79,2311936,4333875458
2026-03-11,601012.SH,18.74,19.07,18.46,18.94,2500821,4690086895
2026-03-12,601012.SH,18.92,19.47,18.78,18.87,3419483,6538240298
2026-03-15,601012.SH,18.95,19.19,18.61,18.68,2013163,3784642047
2026-03-16,601012.SH,18.77,19.43,18.76,18.79,2710532,5173834238
2026-03-17,601012.SH,18.76,18.97,18.29,18.54,1835009,3402104019
2026-03-18,601012.SH,18.35,18.79,18.31,18.52,1718597,3195484336
2026-03-19,601012.SH,18.5,19.6,18.42,18.99,4469588,8522747284
2026-03-22,601012.SH,19.05,19.4,18.69,18.81,4026907,7694518391
2026-03-23,601012.SH,18.94,19.2,17.77,19.04,3900516,7216531581
2026-03-24,601012.SH,18.81,19.18,18.73,18.89,2632037,4980370423
2026-03-25,601012.SH,18.89,19.06,18.31,18.37,2458952,4577231092
2026-03-26,601012.SH,18.1,18.74,18.08,18.52,2075887,3819551092
2026-03-29,601012.SH,18.4,18.57,17.8,17.96,2173172,3916247299
2026-03-30,601012.SH,17.9,18.02,17.53,17.54,1600191,2842679053
2026-03-31,601012.SH,17.72,18.03,17.54,17.89,1349022,2398083291
2026-04-01,601012.SH,17.8,17.8,17.31,17.36,1348218,2361042861
2026-04-02,601012.SH,17.3,17.35,16.61,16.66,1811129,3057167201
2026-04-06,601012.SH,16.66,16.74,16.39,16.7,1120803,1858517890
2026-04-07,601012.SH,16.92,17.42,16.83,17.32,1659255,2846702533
2026-04-08,601012.SH,17.06,17.22,16.87,16.92,1119971,1901557997
2026-04-09,601012.SH,17.06,17.27,16.96,17.12,1170602,2007435124
2026-04-12,601012.SH,17,18.02,16.95,17.68,2163953,3790707315
2026-04-13,601012.SH,17.59,17.63,17.35,17.55,1316761,2303441650
2026-04-14,601012.SH,17.59,17.66,17.36,17.38,989936,1732878734
2026-04-15,601012.SH,17.45,17.54,17.35,17.51,907077,1584881031
2026-04-16,601012.SH,17.45,17.52,17.23,17.44,1073344,1866684287
2026-04-19,601012.SH,17.44,17.8,17.35,17.65,1351470,2376243054
2026-04-20,601012.SH,17.65,17.79,17.48,17.59,905297,1593667052
2026-04-21,601012.SH,17.5,17.66,17.4,17.55,788201,1382718187
2026-04-22,601012.SH,17.69,17.79,17.37,17.53,1255806,2208322354
2026-04-23,601012.SH,17.51,17.56,17.26,17.39,975037,1695872844
2026-04-26,601012.SH,17.3,17.43,17.12,17.14,1090042,1875866995
2026-04-27,601012.SH,17.03,17.21,16.89,16.95,977873,1664112757
2026-04-28,601012.SH,16.28,16.59,15.82,16.55,2455954,3992226560
2026-04-29,601012.SH,16.37,16.68,16.37,16.46,1315054,2167954847
2026-05-05,601012.SH,16.53,16.65,16.39,16.55,1459022,2408376086
2026-05-06,601012.SH,16.54,16.82,16.51,16.55,1475967,2453039029
2026-05-07,601012.SH,16.54,16.55,16.22,16.36,1602816,2621482231
2026-05-10,601012.SH,16.35,16.75,16.33,16.61,1809608,3002893118
2026-05-11,601012.SH,16.65,16.91,16.38,16.7,1973452,3281304288
2026-05-12,601012.SH,16.51,16.82,16.45,16.78,1433680,2393881568
2026-05-13,601012.SH,16.79,17.04,16.3,16.3,2094691,3490763287
2026-05-14,601012.SH,16.28,16.28,15.55,15.6,2457676,3870130809
2026-05-17,601012.SH,15.45,15.46,15.05,15.14,1553263,2364623510
2026-05-18,601012.SH,15.15,15.32,15.01,15.24,1188545,1798613429
2026-05-19,601012.SH,15.26,15.65,15.08,15.35,1373087,2109013586
2026-05-20,601012.SH,15.36,15.46,14.74,14.79,1518486,2300599121
2026-05-21,601012.SH,14.95,15.1,14.73,15.04,1084894,1617887906
2026-05-24,601012.SH,15.04,15.08,14.73,14.85,1124445,1667808837
2026-05-25,601012.SH,14.77,14.84,14.39,14.6,1464137,2131353894
2026-05-26,601012.SH,14.61,15.12,14.31,14.36,1835594,2691220296
2026-05-27,601012.SH,14.26,14.42,14.1,14.35,1233381,1758281784
2026-05-28,601012.SH,14.33,14.33,13.85,13.89,1614465,2265276517
2026-05-31,601012.SH,13.86,14.08,13.65,13.68,1394094,1924818824
2026-06-01,601012.SH,13.7,13.76,13.25,13.48,1455342,1950269645
2026-06-02,601012.SH,13.48,13.81,13.38,13.42,1437242,1957606911
2026-06-03,601012.SH,13.33,13.52,13.19,13.34,1060962,1416611361
2026-06-04,601012.SH,13.34,13.43,13.03,13.13,1259114,1666002901
2026-06-07,601012.SH,12.9,13.05,12.39,12.44,1793661,2275619620
2026-06-08,601012.SH,12.67,12.96,12.22,12.94,1714808,2169128577
2026-06-09,601012.SH,12.72,14.22,12.65,14.08,2554960,3396036389
2026-06-10,601012.SH,13.75,13.9,13.42,13.64,2419388,3297899977
2026-06-11,601012.SH,13.63,13.87,13.42,13.46,1869736,2557192087
2026-06-14,601012.SH,13.42,13.48,13.2,13.38,1296218,1731258228
2026-06-15,601012.SH,13.3,13.52,13.23,13.3,1191302,1591257809
2026-06-16,601012.SH,13.35,13.45,13.01,13.07,1259561,1655192956
2026-06-17,601012.SH,13,13.07,12.71,12.84,1337774,1725873116
2026-06-21,601012.SH,12.77,13.34,12.56,13.23,1754736,2265816111
2026-06-22,601012.SH,13.18,13.2,12.6,12.61,1356821,1746654003
2026-06-23,601012.SH,12.58,12.67,12.31,12.45,1084906,1351641792
2026-06-24,601012.SH,12.41,12.9,12.31,12.61,1499162,1886012644
2026-06-25,601012.SH,12.8,13.43,12.63,12.67,2263439,2940941957
2026-06-28,601012.SH,12.51,12.93,12.44,12.81,1563830,1990323021
2026-06-29,601012.SH,12.73,13.34,12.7,13.12,1683359,2209286829
2026-06-30,601012.SH,13.13,13.54,12.76,13.19,2046392,2682552381
2026-07-01,601012.SH,13.01,13.21,12.76,12.78,1541651,2000344024
2026-07-02,601012.SH,12.8,12.85,12.53,12.55,1245429,1573591667
2026-07-05,601012.SH,12.5,12.63,12.34,12.35,988767,1231836358
2026-07-06,601012.SH,12.36,12.42,12.21,12.21,859203,1057095839
2026-07-07,601012.SH,12.15,12.19,11.73,11.74,1239336,1471499816
2026-07-08,601012.SH,11.7,11.85,11.51,11.83,1033902,1209059724
2026-07-09,601012.SH,11.89,12.42,11.8,12.11,1376751,1668151008
2026-07-12,601012.SH,12.14,12.14,11.62,11.63,1051808,1237628893
2026-07-13,601012.SH,11.62,11.73,11.45,11.73,792765,916370359
2026-07-14,601012.SH,11.55,12.18,11.41,12,1480984,1764738187
2026-07-15,601012.SH,11.88,12.02,11.8,11.86,936401,1112805160
2026-07-16,601012.SH,11.81,11.98,11.7,11.75,1034578,1225036456
2026-07-19,601012.SH,11.75,12.03,11.7,12,1231704,1462382005
2026-07-20,601012.SH,12.14,12.14,11.8,11.93,1048630,1247505506
2026-07-21,601012.SH,11.87,12.69,11.8,12.57,2499703,3111244121
2026-07-22,601012.SH,12.6,12.82,12.45,12.8,1411502,1786328167
2026-07-23,601012.SH,12.82,12.82,12.38,12.42,1044716,1309127985
2026-07-26,601012.SH,12.69,12.69,12.37,12.64,856526,1076114956
2026-07-27,601012.SH,12.52,12.75,12.49,12.68,771746,974959555
2026-07-28,601012.SH,12.86,13.06,12.51,12.81,1468053,1884320497
2026-07-29,601012.SH,12.7,13.28,12.69,13.02,1534032,1998593358
2026-07-30,601012.SH,12.88,13.09,12.85,12.99,943520,1227218726
2026-08-02,601012.SH,13,13.37,12.98,13.28,1477367,1951928118
2026-08-03,601012.SH,13.18,13.24,13.04,13.07,1104881,1449150810
2026-08-04,601012.SH,13.05,13.09,12.86,12.97,1116056,1448337042
2026-08-05,601012.SH,12.87,12.97,12.64,12.74,1085497,1386191342
2026-08-06,601012.SH,12.75,13.18,12.75,12.93,1475549,1911237685
2026-08-09,601012.SH,12.87,13.06,12.82,12.94,775235,1003418864
2026-08-10,601012.SH,12.94,12.99,12.78,12.79,797428,1026677115
2026-08-11,601012.SH,12.79,13.18,12.71,13.14,1381615,1797734978
2026-08-12,601012.SH,13.05,13.12,12.68,12.7,1313257,1690314678
2026-08-13,601012.SH,12.72,12.8,12.56,12.65,776622,982501828
2026-08-16,601012.SH,12.75,12.9,12.66,12.83,770030,986731327
2026-08-17,601012.SH,12.78,12.94,12.67,12.84,774085,992985180
2026-08-18,601012.SH,12.75,12.77,12.35,12.45,985160,1231598255
2026-08-19,601012.SH,12.45,12.6,12.36,12.41,544122,678074165
2026-08-20,601012.SH,12.36,12.58,12.33,12.42,544476,678302545
2026-08-23,601012.SH,12.4,12.53,12.13,12.15,614089,753205549
2026-08-24,601012.SH,12.09,12.19,12.02,12.17,466846,565592876
2026-08-25,601012.SH,12.18,12.4,12.17,12.28,566889,697982519
2026-08-26,601012.SH,12.21,12.24,11.96,12.15,707543,854901524
2026-08-27,601012.SH,12.1,12.47,12.09,12.43,872055,1076081496
2026-08-30,601012.SH,12.29,12.34,11.93,12.07,1186217,1428808733
2026-08-31,601012.SH,12.04,12.14,11.98,12.07,716279,864627450
2026-09-01,601012.SH,12.03,12.04,11.75,11.75,816532,964842222
2026-09-02,601012.SH,11.76,11.83,11.68,11.7,503513,590914417
2026-09-03,601012.SH,11.68,11.92,11.68,11.77,706947,836274218
2026-09-06,601012.SH,11.8,11.91,11.69,11.88,519102,613953695
2026-09-07,601012.SH,11.86,11.99,11.83,11.88,560147,666797597
2026-09-08,601012.SH,11.9,11.94,11.78,11.83,418029,494840020
2026-09-09,601012.SH,11.8,11.8,11.68,11.7,402225,470993805
2026-09-10,601012.SH,11.64,11.64,11.27,11.32,851657,968690266
2026-09-13,601012.SH,11.3,11.37,11.17,11.33,440612,496848627
2026-09-14,601012.SH,11.28,11.35,11.06,11.08,594805,664910328
2026-09-15,601012.SH,11.01,11.07,10.88,11,733608,805971618
2026-09-16,601012.SH,10.93,11.03,10.89,10.99,521705,571881494
2026-09-17,601012.SH,11.06,11.24,11.04,11.23,749066,835348881
2026-09-20,601012.SH,11.2,11.4,11.18,11.36,632967,714348924
2026-09-21,601012.SH,11.39,11.49,11.35,11.38,670084,764688477
2026-09-22,601012.SH,11.38,11.56,11.32,11.41,627390,719901435
2026-09-23,601012.SH,11.4,11.41,11.03,11.04,708728,790780263
2026-09-27,601012.SH,11.07,11.21,10.75,10.81,860859,939497174
2026-09-28,601012.SH,10.81,10.94,10.8,10.89,475736,518276993
2026-09-29,601012.SH,10.97,11.34,10.87,11.21,877874,976682131
