date,symbol,open,high,low,close,volume
2022-08-16,600036.SH,34,34.33,33.54,34.24,453955
2022-08-17,600036.SH,34.13,34.17,33.44,33.72,507344
2022-08-18,600036.SH,33.48,34.15,33.46,33.85,428450
2022-08-21,600036.SH,33.54,34.12,33.5,33.62,525635
2022-08-22,600036.SH,33.59,33.6,33.02,33.1,539657
2022-08-23,600036.SH,33.14,33.44,32.8,32.84,589659
2022-08-24,600036.SH,32.9,33.77,32.59,33.69,650739
2022-08-25,600036.SH,33.7,34.04,33.33,33.7,549683
2022-08-28,600036.SH,33.31,33.82,33.11,33.28,389014
2022-08-29,600036.SH,33.11,33.87,33.08,33.79,590877
2022-08-30,600036.SH,33.54,35.24,33.47,35.05,1665451
2022-08-31,600036.SH,34.86,35.04,34.49,34.5,607421
2022-09-01,600036.SH,34.6,34.9,34.12,34.32,476635
2022-09-04,600036.SH,34.25,34.39,33.56,34.23,467372
2022-09-05,600036.SH,34.32,34.75,33.5,33.62,877561
2022-09-06,600036.SH,33.35,33.48,33.06,33.38,625220
2022-09-07,600036.SH,33.37,33.53,33.25,33.3,416672
2022-09-08,600036.SH,33.45,34.76,33.38,34.5,1351666
2022-09-12,600036.SH,34.45,35.65,34.29,35.35,1438611
2022-09-13,600036.SH,34.9,35.3,34.71,34.86,560786
2022-09-14,600036.SH,35.15,36.06,35.15,36.01,1340950
2022-09-15,600036.SH,35.69,36,34.92,34.95,865161
2022-09-18,600036.SH,34.89,35.32,34.75,35.09,449981
2022-09-19,600036.SH,35.1,35.19,34.35,34.54,504346
2022-09-20,600036.SH,34.45,34.88,33.86,34.41,530389
2022-09-21,600036.SH,34,34.25,33.91,34.17,385146
2022-09-22,600036.SH,34,34.66,34,34.36,366437
2022-09-25,600036.SH,34.02,34.52,33.84,33.95,525491
2022-09-26,600036.SH,33.89,34.05,33.44,33.9,475414
2022-09-27,600036.SH,33.79,34,33.42,33.67,487299
2022-09-28,600036.SH,33.99,34.32,33,33.15,617859
2022-09-29,600036.SH,33.26,33.95,33.12,33.65,539717
2022-10-09,600036.SH,32.99,33.09,31.25,31.8,1277991
2022-10-10,600036.SH,31.79,32.07,31.31,31.4,618664
2022-10-11,600036.SH,31.25,31.3,30.05,30.95,1173700
2022-10-12,600036.SH,30.47,30.56,29.7,29.89,1350381
2022-10-13,600036.SH,30.3,31.22,30.1,31.08,1269197
2022-10-16,600036.SH,30.7,31.18,30.54,31.02,646310
2022-10-17,600036.SH,31.3,31.38,30.7,30.8,562814
2022-10-18,600036.SH,30.72,31.07,30.21,30.26,528275
2022-10-19,600036.SH,30,30.45,29.88,30.07,551154
2022-10-20,600036.SH,30.15,30.27,29.5,29.58,728711
2022-10-23,600036.SH,29.39,29.49,28,28.02,1451458
2022-10-24,600036.SH,28.02,28.47,27.81,28.19,860282
2022-10-25,600036.SH,27.98,28.32,27.76,27.93,754022
2022-10-26,600036.SH,28.2,28.44,27.9,27.94,762866
2022-10-27,600036.SH,27.6,28,26.99,27.18,949464
2022-10-30,600036.SH,26.9,27.13,26.3,26.82,953033
2022-10-31,600036.SH,27.1,28.25,27.01,28.19,1059019
2022-11-01,600036.SH,28.16,28.7,27.85,28.42,728361
2022-11-02,600036.SH,28.35,28.38,27.88,28.05,501722
2022-11-03,600036.SH,28.05,29.25,27.99,29.08,926830
2022-11-06,600036.SH,28.8,29.43,28.62,29.16,545380
2022-11-07,600036.SH,29.2,29.38,28.94,29.15,439782
2022-11-08,600036.SH,29.15,29.55,29,29.18,463060
2022-11-09,600036.SH,29,29.3,28.77,29.19,400046
2022-11-10,600036.SH,30.1,31.8,29.71,31.24,1688717
2022-11-13,600036.SH,32.5,33.69,32.33,33.14,2049685
2022-11-14,600036.SH,33.15,33.83,32.75,33.28,913305
2022-11-15,600036.SH,33.26,33.48,32.86,33.38,614594
2022-11-16,600036.SH,33.3,33.3,32,32.31,1037152
2022-11-17,600036.SH,32.29,32.68,31.83,32.07,562732
2022-11-20,600036.SH,31.6,31.97,31.05,31.87,479104
2022-11-21,600036.SH,32.07,32.88,31.8,32.45,654167
2022-11-22,600036.SH,32.33,32.95,32.15,32.22,577644
2022-11-23,600036.SH,32.6,32.87,32.08,32.22,406301
2022-11-24,600036.SH,32.21,33.22,32.18,33.02,830122
2022-11-27,600036.SH,32.1,32.11,31.45,31.96,809377
2022-11-28,600036.SH,32.79,34.91,32.75,34.86,1753187
2022-11-29,600036.SH,34.33,35.44,34.2,34.96,873325
2022-11-30,600036.SH,35.9,36.5,34.85,35,831397
2022-12-01,600036.SH,35,35,34.16,34.39,598462
2022-12-04,600036.SH,34.97,36.1,34.61,36.1,1050604
2022-12-05,600036.SH,35.91,35.98,35.42,35.85,651104
2022-12-06,600036.SH,35.8,35.95,35.3,35.32,564606
2022-12-07,600036.SH,35.25,35.77,35.16,35.45,443552
2022-12-08,600036.SH,35.8,36.93,35.63,36.75,958163
2022-12-11,600036.SH,36.41,36.6,35.68,35.79,606262
2022-12-12,600036.SH,35.73,36.26,35.61,36.14,382904
2022-12-13,600036.SH,36.14,37.04,36.02,36.91,644362
2022-12-14,600036.SH,36.62,36.96,36.22,36.33,403403
2022-12-15,600036.SH,36.3,37.2,36.3,37.09,607820
2022-12-18,600036.SH,37.1,37.34,36.25,36.5,547843
2022-12-19,600036.SH,36.24,36.55,35.3,35.72,702911
2022-12-20,600036.SH,35.99,36.23,35.71,35.95,330498
2022-12-21,600036.SH,36.53,36.85,36.25,36.5,359715
2022-12-22,600036.SH,36.29,36.8,36.15,36.37,330584
2022-12-25,600036.SH,36.35,36.8,35.89,35.95,360474
2022-12-26,600036.SH,36.45,36.98,36.33,36.67,367907
2022-12-27,600036.SH,36.67,37.52,36.58,37.33,528860
2022-12-28,600036.SH,36.9,37.32,36.65,37.23,513629
2022-12-29,600036.SH,37.34,37.63,37.19,37.26,523228
2023-01-02,600036.SH,37.08,37.78,36.53,37.58,606266
2023-01-03,600036.SH,37.78,38.83,37.53,38.65,836454
2023-01-04,600036.SH,38.99,39.27,38.4,38.5,619085
2023-01-05,600036.SH,38.66,38.93,37.89,38.38,590007
2023-01-08,600036.SH,38.41,39.1,38.41,38.8,499149
2023-01-09,600036.SH,38.78,38.8,38.16,38.25,541972
2023-01-10,600036.SH,38.38,39.18,38.14,38.92,541707
2023-01-11,600036.SH,39.11,39.15,38.73,39.05,304349
2023-01-12,600036.SH,39.07,39.66,38.97,39.66,463767
2023-01-15,600036.SH,40,41.14,39.8,40.47,880469
2023-01-16,600036.SH,40.45,40.94,40.28,40.68,432047
2023-01-17,600036.SH,40.65,40.95,40.23,40.38,294675
2023-01-18,600036.SH,40.2,40.8,39.92,40.65,472490
2023-01-19,600036.SH,40.98,41.1,40.68,41.05,413403
2023-01-29,600036.SH,42.55,42.63,41.85,42.03,1007007
2023-01-30,600036.SH,42.35,42.35,41.21,41.21,642312
2023-01-31,600036.SH,41.64,41.69,39.95,40.54,916791
2023-02-01,600036.SH,40.7,40.75,39.55,40.03,727233
2023-02-02,600036.SH,39.79,39.79,39.01,39.3,638164
2023-02-05,600036.SH,38.72,38.74,37.88,38.35,731001
2023-02-06,600036.SH,38.5,38.94,38.16,38.41,426571
2023-02-07,600036.SH,38.5,38.92,38.36,38.49,317065
2023-02-08,600036.SH,38.42,38.89,38.32,38.49,498175
2023-02-09,600036.SH,38.3,38.39,37.9,38.16,411026
2023-02-12,600036.SH,37.9,37.98,37.07,37.72,825181
2023-02-13,600036.SH,37.78,38.06,37.51,38,486077
2023-02-14,600036.SH,38,38.09,37,37.17,771048
2023-02-15,600036.SH,37.2,37.85,37.02,37.27,654152
2023-02-16,600036.SH,37.15,37.38,36.68,36.71,575813
2023-02-19,600036.SH,36.82,38.51,36.82,38.49,1080228
2023-02-20,600036.SH,38.43,38.82,38.13,38.69,530465
2023-02-21,600036.SH,38.46,38.6,38.14,38.16,383091
2023-02-22,600036.SH,38.16,38.77,38.16,38.27,370638
2023-02-23,600036.SH,38.17,38.25,37.4,37.46,533690
2023-02-26,600036.SH,37.27,37.58,37.09,37.16,449334
2023-02-27,600036.SH,37.17,37.48,36.85,37.31,378226
2023-02-28,600036.SH,37.25,38.34,37.2,38.25,571194
2023-03-01,600036.SH,38.04,38.5,37.77,38.25,349070
2023-03-02,600036.SH,38.5,38.77,37.9,38.25,357114
2023-03-05,600036.SH,38.02,38.23,36.91,37,810519
2023-03-06,600036.SH,36.89,37.48,36.41,36.56,737411
2023-03-07,600036.SH,36.25,36.32,35.8,36,616584
2023-03-08,600036.SH,36,36.08,35.5,35.58,539996
2023-03-09,600036.SH,35.05,35.66,34.95,35.03,558454
2023-03-12,600036.SH,34.92,35.38,34.71,35.05,584205
2023-03-13,600036.SH,34.68,34.93,34.34,34.58,626668
2023-03-14,600036.SH,35.15,35.71,34.88,34.88,676384
2023-03-15,600036.SH,34.5,35.15,34.21,34.65,403895
2023-03-16,600036.SH,35.02,35.37,34.02,34.36,832716
2023-03-19,600036.SH,34.44,34.91,34.02,34.12,520725
2023-03-20,600036.SH,34.21,34.5,34.01,34.23,367475
2023-03-21,600036.SH,34.52,34.73,34.28,34.54,459867
2023-03-22,600036.SH,34.4,35.34,34.32,35.2,542146
2023-03-23,600036.SH,34.98,34.98,34.23,34.43,678718
2023-03-26,600036.SH,34.6,34.6,34.05,34.21,449836
2023-03-27,600036.SH,34.41,34.72,34.18,34.4,533234
2023-03-28,600036.SH,34.61,34.7,34.1,34.12,418630
2023-03-29,600036.SH,34.15,34.39,33.71,34.35,562290
2023-03-30,600036.SH,34.36,34.82,34.14,34.27,577794
2023-04-02,600036.SH,34.31,34.45,33.98,34.37,504675
2023-04-03,600036.SH,34.38,34.42,34.06,34.28,487821
2023-04-05,600036.SH,34.17,34.17,33.73,33.8,486796
2023-04-06,600036.SH,33.85,34.26,33.75,34.14,394141
2023-04-09,600036.SH,34.15,34.3,33.97,34.24,330159
2023-04-10,600036.SH,34.24,34.34,33.63,33.73,733992
2023-04-11,600036.SH,33.89,33.95,33.66,33.74,416128
2023-04-12,600036.SH,33.65,34.24,33.25,34.01,634305
2023-04-13,600036.SH,34.2,34.79,34.02,34.39,693923
2023-04-16,600036.SH,34.32,35.2,34.1,35.2,893730
2023-04-17,600036.SH,35.21,36.35,35.12,35.68,942715
2023-04-18,600036.SH,35.84,35.84,35.3,35.5,510886
2023-04-19,600036.SH,35.6,35.74,34.86,34.99,680915
2023-04-20,600036.SH,34.99,35.18,34.43,34.5,531591
2023-04-23,600036.SH,34.52,34.69,33.51,33.6,729874
2023-04-24,600036.SH,33.61,34.14,33.51,34.03,512213
2023-04-25,600036.SH,33.8,33.96,33.35,33.82,496501
2023-04-26,600036.SH,32.97,32.99,32.14,32.63,1559279
2023-04-27,600036.SH,32.46,33.75,32.41,33.6,940213
2023-05-03,600036.SH,33.29,34.4,32.83,34.13,725433
2023-05-04,600036.SH,34.18,35.06,34.15,34.69,800890
2023-05-07,600036.SH,34.86,35.95,34.64,35.6,1064266
2023-05-08,600036.SH,35.68,36.1,34.96,34.99,985530
2023-05-09,600036.SH,34.9,35.12,34.29,34.4,638374
2023-05-10,600036.SH,34.6,35.33,34.4,34.45,445803
2023-05-11,600036.SH,34.47,34.55,34,34.04,459366
2023-05-14,600036.SH,34.09,34.85,33.71,34.7,528095
2023-05-15,600036.SH,34.95,35.2,34.57,34.82,385248
2023-05-16,600036.SH,34.81,35.13,34.43,34.5,396376
2023-05-17,600036.SH,34.73,34.84,34.21,34.45,329012
2023-05-18,600036.SH,34.35,34.45,33.94,33.95,392990
2023-05-21,600036.SH,33.98,34.34,33.98,34.2,296934
2023-05-22,600036.SH,34.21,34.38,33.6,33.6,346921
2023-05-23,600036.SH,33.59,33.59,32.93,32.93,463999
2023-05-24,600036.SH,32.76,32.76,32.16,32.42,706051
2023-05-25,600036.SH,32.44,32.86,32.22,32.74,294624
2023-05-28,600036.SH,32.95,32.95,32.44,32.69,387301
2023-05-29,600036.SH,32.69,32.9,32.36,32.64,340072
2023-05-30,600036.SH,32.6,32.8,32.24,32.3,525414
2023-05-31,600036.SH,32.31,32.5,32.02,32.06,472399
2023-06-01,600036.SH,32.22,33.1,32.2,33.07,558856
2023-06-04,600036.SH,33.07,33.27,32.84,33.04,312730
2023-06-05,600036.SH,33.04,33.8,32.98,33.07,386634
2023-06-06,600036.SH,33.25,33.61,33.16,33.3,338906
2023-06-07,600036.SH,33.32,34.22,33.22,34.08,549615
2023-06-08,600036.SH,34.05,34.25,33.74,33.74,415109
2023-06-11,600036.SH,33.73,33.92,33.38,33.73,406774
2023-06-12,600036.SH,33.56,33.94,33.5,33.73,231246
2023-06-13,600036.SH,33.93,34.04,33.39,33.39,382633
2023-06-14,600036.SH,33.5,33.79,33.31,33.72,369537
2023-06-15,600036.SH,33.86,34.04,33.75,33.93,426806
2023-06-18,600036.SH,33.91,33.91,33.56,33.58,278961
2023-06-19,600036.SH,33.5,33.56,33.1,33.19,307649
2023-06-20,600036.SH,33.06,33.64,33,33.17,427866
2023-06-25,600036.SH,32.93,33.1,32.42,32.61,432103
2023-06-26,600036.SH,32.63,33.01,32.44,32.82,345715
2023-06-27,600036.SH,32.81,33.18,32.72,33.05,333818
2023-06-28,600036.SH,33.05,33.18,32.67,32.68,258548
2023-06-29,600036.SH,32.73,33,32.64,32.76,293613
2023-07-02,600036.SH,32.9,33.76,32.8,33.72,453668
2023-07-03,600036.SH,33.6,33.6,33.36,33.51,224087
2023-07-04,600036.SH,33.5,33.5,32.84,33.03,413072
2023-07-05,600036.SH,33.03,33.12,32.51,32.58,407842
2023-07-06,600036.SH,32.5,32.58,32.29,32.31,472794
2023-07-09,600036.SH,32.52,32.69,32.33,32.45,272077
2023-07-10,600036.SH,32.73,32.8,32.47,32.71,329167
2023-07-11,600036.SH,32.72,33.44,32.72,33.2,632049
2023-07-12,600036.SH,31.99,32,31.45,31.85,563850
2023-07-13,600036.SH,31.94,32.19,31.78,31.93,347521
2023-07-16,600036.SH,31.77,31.78,31.43,31.65,262003
2023-07-17,600036.SH,31.65,31.77,31.39,31.46,316389
2023-07-18,600036.SH,31.29,31.64,31.26,31.58,240296
2023-07-19,600036.SH,31.77,32.1,31.6,31.69,272394
2023-07-20,600036.SH,31.8,31.98,31.61,31.8,315669
2023-07-23,600036.SH,31.46,31.73,31.4,31.45,239122
2023-07-24,600036.SH,32,33.35,32,33.27,1261621
2023-07-25,600036.SH,33.27,33.73,33.07,33.35,501751
2023-07-26,600036.SH,33.5,33.82,33.2,33.66,548489
2023-07-27,600036.SH,33.49,35.29,33.41,35.1,1256288
2023-07-30,600036.SH,35.52,36.04,35.01,35.56,1162756
2023-07-31,600036.SH,35.53,35.58,34.77,34.99,660096
2023-08-01,600036.SH,34.16,34.82,33.77,34.03,915358
2023-08-02,600036.SH,34.02,34.78,33.87,34.68,509294
2023-08-03,600036.SH,35.08,35.5,34.72,34.88,812642
2023-08-06,600036.SH,34.75,34.78,34.28,34.5,344672
2023-08-07,600036.SH,34.33,34.65,33.81,34.15,502283
2023-08-08,600036.SH,34.02,34.31,33.95,34.02,386833
2023-08-09,600036.SH,33.9,34.25,33.8,34.14,287725
2023-08-10,600036.SH,34.16,34.47,33.15,33.15,606240
2023-08-13,600036.SH,32.8,32.83,32.25,32.46,667073
2023-08-14,600036.SH,32.46,32.64,32.15,32.36,582959
2023-08-15,600036.SH,32.15,32.25,31.88,31.97,580152
2023-08-16,600036.SH,31.78,31.87,31.49,31.79,646076
2023-08-17,600036.SH,31.75,32.63,31.75,31.88,674595
2023-08-20,600036.SH,31.81,31.84,31.13,31.13,809575
2023-08-21,600036.SH,31.21,31.47,31,31.32,601070
2023-08-22,600036.SH,31.2,31.44,30.85,30.85,560744
2023-08-23,600036.SH,31,31.15,30.8,31.06,412256
2023-08-24,600036.SH,31,31.85,30.9,31.56,647471
2023-08-27,600036.SH,33.3,33.93,32.03,32.26,1405094
2023-08-28,600036.SH,32.26,32.44,31.77,32.04,721170
2023-08-29,600036.SH,32.19,32.19,31.55,31.66,639802
2023-08-30,600036.SH,31.8,32.08,31.49,31.55,503220
2023-08-31,600036.SH,31.95,32.63,31.88,32.27,697526
2023-09-03,600036.SH,32.58,33.61,32.47,33.53,1104299
2023-09-04,600036.SH,33.3,33.44,32.97,33.11,447323
2023-09-05,600036.SH,33.1,33.46,32.77,33.36,546740
2023-09-06,600036.SH,33.31,33.31,33.01,33.14,358702
2023-09-07,600036.SH,33,33.26,32.95,33.17,298501
2023-09-10,600036.SH,33.13,33.29,32.91,32.91,632874
2023-09-11,600036.SH,32.9,33.05,32.82,32.88,277591
2023-09-12,600036.SH,32.95,33.08,32.66,32.75,298915
2023-09-13,600036.SH,32.95,33.19,32.85,33.07,437344
2023-09-14,600036.SH,33.3,33.42,32.8,32.96,439602
2023-09-17,600036.SH,32.87,33.05,32.7,33.02,360402
2023-09-18,600036.SH,33,33,32.72,32.96,384653
2023-09-19,600036.SH,32.86,32.86,32.63,32.73,309318
2023-09-20,600036.SH,32.75,32.81,32.37,32.37,390319
2023-09-21,600036.SH,32.59,33.37,32.32,33.34,712833
2023-09-24,600036.SH,33.28,33.28,32.9,33,456515
2023-09-25,600036.SH,32.93,33.08,32.75,32.8,322024
2023-09-26,600036.SH,32.9,33.09,32.75,32.82,352467
2023-09-27,600036.SH,33.02,33.14,32.75,32.97,388565
2023-10-08,600036.SH,32.7,32.7,32.38,32.58,361343
2023-10-09,600036.SH,33.12,33.13,32.59,32.59,342637
2023-10-10,600036.SH,32.84,32.85,32.4,32.45,376091
2023-10-11,600036.SH,32.99,33.33,32.78,33.07,617460
2023-10-12,600036.SH,32.78,32.88,32.51,32.61,410372
2023-10-15,600036.SH,32.58,32.66,32.24,32.31,286774
2023-10-16,600036.SH,32.39,32.6,32.22,32.52,286229
2023-10-17,600036.SH,32.49,32.64,32.41,32.49,249317
2023-10-18,600036.SH,32.4,32.4,31.52,31.57,604293
2023-10-19,600036.SH,31.49,31.81,31.4,31.65,372589
2023-10-22,600036.SH,31.59,31.65,31,31.23,393802
2023-10-23,600036.SH,31.38,31.41,31.04,31.3,365527
2023-10-24,600036.SH,31.6,31.75,31.2,31.42,375693
2023-10-25,600036.SH,31.36,31.75,31.26,31.5,287030
2023-10-26,600036.SH,31.45,31.65,31.15,31.53,391453
2023-10-29,600036.SH,31.01,31.13,30.55,30.9,838501
2023-10-30,600036.SH,30.74,30.99,30.61,30.76,528016
2023-10-31,600036.SH,30.8,30.88,30.43,30.45,529897
2023-11-01,600036.SH,30.6,30.81,30.51,30.68,364668
2023-11-02,600036.SH,30.68,31.04,30.6,30.99,439569
2023-11-05,600036.SH,31.15,31.35,30.96,31.14,519824
2023-11-06,600036.SH,31.14,31.14,30.65,30.8,516241
2023-11-07,600036.SH,30.74,30.78,30.5,30.6,445183
2023-11-08,600036.SH,30.55,30.78,30.52,30.66,327650
2023-11-09,600036.SH,30.5,30.56,30.1,30.16,516965
2023-11-12,600036.SH,30.17,30.27,29.61,29.82,634243
2023-11-13,600036.SH,29.87,30.2,29.86,30.2,448343
2023-11-14,600036.SH,30.45,30.77,30.39,30.64,601940
2023-11-15,600036.SH,30.67,30.77,30.37,30.54,315720
2023-11-16,600036.SH,30.46,30.52,30.1,30.33,432453
2023-11-19,600036.SH,30.34,30.59,30.14,30.58,369227
2023-11-20,600036.SH,30.75,30.87,30.37,30.43,488545
2023-11-21,600036.SH,30.3,30.41,30.15,30.16,273705
2023-11-22,600036.SH,30.02,30.21,29.95,30.14,299794
2023-11-23,600036.SH,30.06,30.1,29.93,30,291163
2023-11-26,600036.SH,30,30.03,29.29,29.4,581020
2023-11-27,600036.SH,29.41,29.49,29.04,29.16,475165
2023-11-28,600036.SH,29.2,29.24,28.68,28.8,620638
2023-11-29,600036.SH,28.8,28.98,28.6,28.79,551560
2023-11-30,600036.SH,28.72,28.74,28.07,28.26,882736
2023-12-03,600036.SH,28.27,28.46,28.02,28.08,557878
2023-12-04,600036.SH,28.06,28.07,27.5,27.51,618902
2023-12-05,600036.SH,27.56,27.96,27.45,27.76,611259
2023-12-06,600036.SH,27.77,27.94,27.29,27.81,594967
2023-12-07,600036.SH,27.7,27.95,27.5,27.5,533498
2023-12-10,600036.SH,27.25,27.85,26.9,27.76,758086
2023-12-11,600036.SH,27.7,28.07,27.61,28.05,504201
2023-12-12,600036.SH,27.92,27.92,27.2,27.22,671239
2023-12-13,600036.SH,27.44,27.64,27.03,27.03,445268
2023-12-14,600036.SH,27.47,28.05,27.2,27.23,980687
2023-12-17,600036.SH,27,27.38,26.9,27.28,477164
2023-12-18,600036.SH,27.2,27.35,27.02,27.29,376574
2023-12-19,600036.SH,27.31,27.41,27.06,27.06,531128
2023-12-20,600036.SH,26.98,27.75,26.92,27.71,759105
2023-12-21,600036.SH,27.78,27.85,27.41,27.61,623644
2023-12-24,600036.SH,27.6,27.72,27.42,27.53,419034
2023-12-25,600036.SH,27.49,27.49,27.16,27.27,365257
2023-12-26,600036.SH,27.33,27.37,27.05,27.3,410637
2023-12-27,600036.SH,27.25,28.13,27.25,27.99,1061063
2023-12-28,600036.SH,27.9,28.05,27.77,27.82,655773
2024-01-01,600036.SH,27.95,27.96,27.56,27.58,542195
2024-01-02,600036.SH,27.58,27.84,27.52,27.77,433956
2024-01-03,600036.SH,27.76,27.83,27.36,27.81,637102
2024-01-04,600036.SH,27.75,28.78,27.62,28.29,1190633
2024-01-07,600036.SH,28.17,28.59,27.95,28.13,816821
2024-01-08,600036.SH,28.12,28.28,27.9,28.17,558663
2024-01-09,600036.SH,28.02,28.35,28.02,28.05,453640
2024-01-10,600036.SH,28,28.57,27.85,28.38,735318
2024-01-11,600036.SH,28.26,28.78,28.26,28.54,577832
2024-01-14,600036.SH,28.5,28.94,28.37,28.77,482452
2024-01-15,600036.SH,28.63,29.13,28.6,29.13,853440
2024-01-16,600036.SH,29.12,29.58,29.03,29.19,1308601
2024-01-17,600036.SH,28.94,29.68,28.6,29.58,1295126
2024-01-18,600036.SH,29.37,29.9,29.14,29.73,968616
2024-01-21,600036.SH,29.76,30.5,29.7,30.25,1549703
2024-01-22,600036.SH,30.01,30.35,29.8,29.99,886056
2024-01-23,600036.SH,30.15,30.29,29.38,30.09,974892
2024-01-24,600036.SH,30.31,31,30.18,30.9,1234509
2024-01-25,600036.SH,30.92,31.35,30.66,31.12,1009916
2024-01-28,600036.SH,31.2,31.6,31.17,31.35,838824
2024-01-29,600036.SH,31.2,31.5,30.78,31,743999
2024-01-30,600036.SH,30.92,31.19,30.59,30.71,808949
2024-01-31,600036.SH,30.67,30.84,30.2,30.42,859700
2024-02-01,600036.SH,30.45,30.66,29.64,30.23,987292
2024-02-04,600036.SH,30.23,30.95,30.06,30.71,1063979
2024-02-05,600036.SH,30.71,31.35,30.6,31.33,1062158
2024-02-06,600036.SH,31.42,31.48,30.81,31.31,1110511
2024-02-07,600036.SH,31.31,31.45,31.02,31.4,873004
2024-02-18,600036.SH,31.99,31.99,31.41,31.62,875490
2024-02-19,600036.SH,31.62,31.62,31.29,31.4,606405
2024-02-20,600036.SH,31.4,33.39,31.35,33,1528656
2024-02-21,600036.SH,32.81,32.95,32.39,32.8,752760
2024-02-22,600036.SH,32.81,33.4,32.62,32.95,639849
2024-02-25,600036.SH,32.86,33.06,32.08,32.25,666390
2024-02-26,600036.SH,32.24,32.4,31.99,32.18,543492
2024-02-27,600036.SH,32.29,32.29,31.6,32.02,683708
2024-02-28,600036.SH,31.89,32.2,31.85,32.04,498928
2024-02-29,600036.SH,31.92,32.08,31.75,31.94,427174
2024-03-03,600036.SH,31.76,31.87,31.47,31.52,591350
2024-03-04,600036.SH,31.42,32.21,31.31,32.18,894029
2024-03-05,600036.SH,32.14,32.26,31.87,31.87,516102
2024-03-06,600036.SH,31.87,32.13,31.78,32,519492
2024-03-07,600036.SH,31.89,32.01,31.55,31.67,441071
2024-03-10,600036.SH,31.55,31.75,31.2,31.48,738538
2024-03-11,600036.SH,31.42,32.15,31.28,31.95,769254
2024-03-12,600036.SH,31.96,31.99,31.43,31.52,469387
2024-03-13,600036.SH,31.46,31.72,31.16,31.25,508175
2024-03-14,600036.SH,31.24,31.42,31,31.18,520781
2024-03-17,600036.SH,31.15,31.34,31,31.13,461898
2024-03-18,600036.SH,31.1,31.11,30.73,30.8,547025
2024-03-19,600036.SH,30.8,31.2,30.66,31.18,498272
2024-03-20,600036.SH,31.17,31.76,31.05,31.55,646761
2024-03-21,600036.SH,31.53,31.55,30.9,31.2,552879
2024-03-24,600036.SH,31.11,31.51,30.92,31.35,483759
2024-03-25,600036.SH,31.8,32.66,31.73,32.4,1244308
2024-03-26,600036.SH,32.29,32.65,32.21,32.3,782085
2024-03-27,600036.SH,32.34,32.5,32.07,32.18,694745
2024-03-28,600036.SH,32.1,32.64,32.07,32.2,514001
2024-03-31,600036.SH,32.18,32.85,32.18,32.64,570152
2024-04-01,600036.SH,32.7,32.92,32.44,32.55,536619
2024-04-02,600036.SH,32.54,32.63,32.23,32.23,498082
2024-04-07,600036.SH,32.24,32.56,32.03,32.4,477291
2024-04-08,600036.SH,32.5,32.63,32.31,32.31,384772
2024-04-09,600036.SH,32.19,32.68,32.19,32.49,504014
2024-04-10,600036.SH,32.31,32.42,32.13,32.3,443748
2024-04-11,600036.SH,32.28,32.47,32.06,32.12,478204
2024-04-14,600036.SH,32.1,33,32.09,32.83,764645
2024-04-15,600036.SH,32.71,32.97,32.45,32.75,741556
2024-04-16,600036.SH,32.69,33.49,32.47,33.3,948212
2024-04-17,600036.SH,33.26,34.1,33.19,33.65,1006574
2024-04-18,600036.SH,33.56,33.84,33.42,33.62,540384
2024-04-21,600036.SH,33.78,34.19,33.05,33.34,607535
2024-04-22,600036.SH,33.3,33.82,33.23,33.38,512452
2024-04-23,600036.SH,33.38,33.55,33.1,33.46,443384
2024-04-24,600036.SH,33.44,34.4,33.38,34.4,919482
2024-04-25,600036.SH,34.4,34.87,34.22,34.48,954899
2024-04-28,600036.SH,34.4,35.16,34.2,34.88,818064
2024-04-29,600036.SH,34.4,34.58,34.05,34.31,868042
2024-05-05,600036.SH,35.1,35.36,34.72,34.88,1000705
2024-05-06,600036.SH,34.88,34.95,34.63,34.87,473849
2024-05-07,600036.SH,34.82,34.96,34.55,34.57,412862
2024-05-08,600036.SH,34.6,34.93,34.6,34.84,512391
2024-05-09,600036.SH,34.84,35.85,34.8,35.62,940366
2024-05-12,600036.SH,35.44,36.07,35.33,35.91,747800
2024-05-13,600036.SH,35.89,36.13,35.2,35.34,687779
2024-05-14,600036.SH,35.33,35.44,34.69,35.05,674944
2024-05-15,600036.SH,35.08,36.45,35,36.25,1291476
2024-05-16,600036.SH,36.3,36.9,36.06,36.85,916879
2024-05-19,600036.SH,36.85,37,36.09,36.38,914250
2024-05-20,600036.SH,36.36,36.52,36.13,36.24,445999
2024-05-21,600036.SH,36.22,36.38,35.76,36.06,664477
2024-05-22,600036.SH,35.9,36.01,35.32,35.5,924585
2024-05-23,600036.SH,35.3,35.48,34.66,34.74,870440
2024-05-26,600036.SH,34.85,35.21,34.75,35.14,570938
2024-05-27,600036.SH,35.1,35.33,34.72,34.83,476191
2024-05-28,600036.SH,34.75,35.06,34.46,34.57,491041
2024-05-29,600036.SH,34.45,34.9,34.18,34.34,559245
2024-05-30,600036.SH,34.53,34.6,34.28,34.28,508932
2024-06-02,600036.SH,34.22,34.38,33.92,34.15,608111
2024-06-03,600036.SH,34.15,34.68,34.1,34.54,533788
2024-06-04,600036.SH,34.68,34.7,33.89,33.99,691041
2024-06-05,600036.SH,34.09,34.2,33.78,34,677241
2024-06-06,600036.SH,34.05,34.25,33.65,33.99,678266
2024-06-10,600036.SH,33.78,33.97,33.12,33.36,690448
2024-06-11,600036.SH,33.35,33.36,32.95,33.09,511381
2024-06-12,600036.SH,33.2,33.22,32.72,32.82,550184
2024-06-13,600036.SH,32.82,34.02,32.82,33.81,991674
2024-06-16,600036.SH,33.6,33.8,33.39,33.73,457682
2024-06-17,600036.SH,33.86,34.3,33.62,33.71,453675
2024-06-18,600036.SH,33.71,34.4,33.66,34.15,585937
2024-06-19,600036.SH,34.16,34.23,33.9,34.01,392467
2024-06-20,600036.SH,33.88,34.08,33.49,33.7,523963
2024-06-23,600036.SH,33.79,34.22,33.49,34.07,692590
2024-06-24,600036.SH,34.07,34.47,33.97,34.3,638160
2024-06-25,600036.SH,34.18,34.36,33.95,34.06,452638
2024-06-26,600036.SH,33.96,34.34,33.83,34.26,555173
2024-06-27,600036.SH,34.2,34.48,34.04,34.19,525749
2024-06-30,600036.SH,34.19,34.4,33.95,34.36,472239
2024-07-01,600036.SH,34.38,35.25,34.36,35.08,868771
2024-07-02,600036.SH,35.01,35.09,34.31,34.46,691373
2024-07-03,600036.SH,34.54,35.04,34.48,34.71,696919
2024-07-04,600036.SH,34.71,34.83,33.66,33.88,967783
2024-07-07,600036.SH,33.85,34.23,33.71,33.99,545730
2024-07-08,600036.SH,33.99,34.55,33.72,34.47,621037
2024-07-09,600036.SH,34.47,35,34.45,34.68,726314
2024-07-10,600036.SH,33.08,33.13,32.79,32.9,732389
2024-07-11,600036.SH,33.01,34.08,33.01,34,944904
2024-07-14,600036.SH,34,34.05,33.72,33.78,474604
2024-07-15,600036.SH,33.76,33.89,33.46,33.79,455793
2024-07-16,600036.SH,33.7,34.19,33.65,34.07,577954
2024-07-17,600036.SH,34.07,34.25,33.76,34.09,598627
2024-07-18,600036.SH,34,34.3,33.59,34.25,810072
2024-07-21,600036.SH,34.17,34.17,33.09,33.34,808206
2024-07-22,600036.SH,33.34,33.71,33.23,33.34,538755
2024-07-23,600036.SH,33.45,33.58,33.03,33.18,482453
2024-07-24,600036.SH,33.22,33.32,32.37,32.83,762079
2024-07-25,600036.SH,32.8,33.04,32.11,32.37,601462
2024-07-28,600036.SH,32.38,32.65,32.2,32.45,413475
2024-07-29,600036.SH,32.4,32.59,32.15,32.42,390782
2024-07-30,600036.SH,32.42,33,32.25,32.73,595370
2024-07-31,600036.SH,32.73,32.85,32.27,32.71,409139
2024-08-01,600036.SH,32.42,32.6,32.23,32.28,386130
2024-08-04,600036.SH,32.2,32.52,32.05,32.1,584420
2024-08-05,600036.SH,32.36,32.39,31.51,31.7,514389
2024-08-06,600036.SH,31.73,31.9,31.55,31.58,390732
2024-08-07,600036.SH,31.61,31.98,31.38,31.93,394600
2024-08-08,600036.SH,31.97,32.58,31.81,32.33,482748
2024-08-11,600036.SH,32.3,32.34,31.93,32.12,318943
2024-08-12,600036.SH,32.1,32.23,31.76,31.94,282378
2024-08-13,600036.SH,31.9,32.14,31.81,31.86,282446
2024-08-14,600036.SH,31.85,32.92,31.65,32.76,739790
2024-08-15,600036.SH,32.75,33.25,32.72,33.15,418503
2024-08-18,600036.SH,33.25,33.5,33.03,33.42,422843
2024-08-19,600036.SH,33.45,33.6,33.16,33.48,423729
2024-08-20,600036.SH,33.3,33.43,32.82,33.24,378101
2024-08-21,600036.SH,33.28,33.55,33.18,33.3,382864
2024-08-22,600036.SH,33.27,33.85,33.07,33.7,465587
2024-08-25,600036.SH,33.7,33.84,33.47,33.77,351175
2024-08-26,600036.SH,33.77,33.94,33.53,33.7,387209
2024-08-27,600036.SH,33.83,33.98,33.44,33.68,415232
2024-08-28,600036.SH,33.59,33.77,32.9,32.93,516388
2024-08-29,600036.SH,32.8,33.11,32.12,32.15,1112230
2024-09-01,600036.SH,32,32.38,31.84,31.93,558021
2024-09-02,600036.SH,32.01,32.08,31.4,31.62,505752
2024-09-03,600036.SH,31.53,31.93,31.35,31.36,380526
2024-09-04,600036.SH,31.36,31.44,30.9,31.2,542063
2024-09-05,600036.SH,31.25,31.74,31.2,31.25,383182
2024-09-08,600036.SH,30.98,30.99,30.04,30.24,871073
2024-09-09,600036.SH,30.25,30.43,29.94,30.19,476024
2024-09-10,600036.SH,30.14,30.2,29.93,30.08,415794
2024-09-11,600036.SH,30.1,30.5,29.94,30.23,410267
2024-09-12,600036.SH,30.28,30.9,30,30.6,495974
2024-09-17,600036.SH,30.61,31.2,30.61,31.11,418540
2024-09-18,600036.SH,31.2,31.23,30.63,30.82,451191
2024-09-19,600036.SH,30.82,31.11,30.66,30.94,487418
2024-09-22,600036.SH,30.85,31.49,30.84,31.39,344609
2024-09-23,600036.SH,31.68,33.14,31.67,33.13,1361218
2024-09-24,600036.SH,33.85,34.49,33.7,34.15,1856243
2024-09-25,600036.SH,34.16,35.38,33.91,35.38,1745330
2024-09-26,600036.SH,36.11,36.5,34.91,35.63,745458
2024-09-29,600036.SH,36.35,38,35.92,37.61,2561013
2024-10-07,600036.SH,41.37,41.37,38.82,40,2973039
2024-10-08,600036.SH,39.7,39.72,37.01,37.01,1855932
2024-10-09,600036.SH,37.4,39.5,37.4,38.73,1433298
2024-10-10,600036.SH,38.73,39.22,38.03,38.43,903476
2024-10-13,600036.SH,39.01,39.8,38.69,39.33,1292938
2024-10-14,600036.SH,39.17,39.99,38.5,38.5,955977
2024-10-15,600036.SH,38.15,39.5,38.13,39.5,1012548
2024-10-16,600036.SH,39.53,39.79,38.49,38.49,848922
2024-10-17,600036.SH,38.51,39.43,38.21,39.05,928194
2024-10-20,600036.SH,39.15,39.15,38.5,38.85,717539
2024-10-21,600036.SH,38.84,39.6,38.75,39.17,600526
2024-10-22,600036.SH,39.06,39.94,39.02,39.66,627100
2024-10-23,600036.SH,39.55,39.68,39.14,39.31,336312
2024-10-24,600036.SH,39.25,39.49,39.06,39.1,447931
2024-10-27,600036.SH,39.01,39.1,38.28,38.52,664641
2024-10-28,600036.SH,38.6,39.1,38.41,38.6,514682
2024-10-29,600036.SH,38.51,38.9,37.61,37.88,703408
2024-10-30,600036.SH,37.8,37.99,36.91,37.36,850393
2024-10-31,600036.SH,37.44,38.3,37.38,38.01,703102
2024-11-03,600036.SH,38.1,38.75,37.41,38.75,646612
2024-11-04,600036.SH,38.43,39.1,38.4,39.08,628745
2024-11-05,600036.SH,39,39.08,38.15,38.56,648336
2024-11-06,600036.SH,38.42,39.58,38.38,39.57,743472
2024-11-07,600036.SH,39.68,39.85,38.75,38.8,745368
2024-11-10,600036.SH,38.3,38.7,37.89,38.33,703146
2024-11-11,600036.SH,38.19,38.84,37.51,37.59,893289
2024-11-12,600036.SH,37.59,37.98,37.51,37.82,485304
2024-11-13,600036.SH,37.66,38.48,37.53,38.06,676440
2024-11-14,600036.SH,38.08,38.57,37.81,37.82,699277
2024-11-17,600036.SH,38.05,38.66,37.8,37.9,763448
2024-11-18,600036.SH,37.91,38.18,37.45,37.72,521249
2024-11-19,600036.SH,37.8,37.85,37.4,37.48,451291
2024-11-20,600036.SH,37.48,37.66,37.27,37.43,350336
2024-11-21,600036.SH,37.43,37.55,36.36,36.45,690491
2024-11-24,600036.SH,36.7,36.86,36.12,36.22,534095
2024-11-25,600036.SH,36.03,36.58,35.84,36.39,459421
2024-11-26,600036.SH,36.39,36.68,36.11,36.6,392077
2024-11-27,600036.SH,36.6,36.85,36.18,36.47,451939
2024-11-28,600036.SH,36.59,37,36.31,36.34,664380
2024-12-01,600036.SH,36.45,36.68,36.2,36.51,424652
2024-12-02,600036.SH,36.65,37.22,36.38,37.12,721986
2024-12-03,600036.SH,37.09,37.09,36.53,36.81,620511
2024-12-04,600036.SH,36.66,37.36,36.61,36.91,568949
2024-12-05,600036.SH,37.01,37.82,37.01,37.7,877236
2024-12-08,600036.SH,37.59,37.99,37.35,37.7,492995
2024-12-09,600036.SH,38.8,38.99,38.4,38.6,1038953
2024-12-10,600036.SH,38.54,38.79,38.23,38.3,517709
2024-12-11,600036.SH,38.29,38.83,38.21,38.8,586889
2024-12-12,600036.SH,38.45,38.6,37.28,37.3,1117983
2024-12-15,600036.SH,37.35,37.78,37.32,37.74,640316
2024-12-16,600036.SH,37.54,38.16,37.54,37.85,603104
2024-12-17,600036.SH,38.02,38.66,37.86,38.52,805855
2024-12-18,600036.SH,38.38,38.53,38,38.02,611196
2024-12-19,600036.SH,38.05,38.28,37.86,37.91,542150
2024-12-22,600036.SH,37.99,38.7,37.98,38.35,902692
2024-12-23,600036.SH,38.35,39.29,38.32,39.22,993428
2024-12-24,600036.SH,39.23,39.56,38.99,39.4,755913
2024-12-25,600036.SH,39.4,39.54,39.01,39.48,539252
2024-12-26,600036.SH,39.48,39.64,38.78,39.34,700320
2024-12-29,600036.SH,39.34,39.8,39.25,39.62,678845
2024-12-30,600036.SH,39.56,39.9,39.3,39.3,643717
2025-01-01,600036.SH,39.35,39.5,38.34,38.51,642001
2025-01-02,600036.SH,38.6,39.04,38.54,38.66,682583
2025-01-05,600036.SH,38.9,39.1,38.13,39.05,617159
2025-01-06,600036.SH,38.97,39.15,38.61,38.9,492752
2025-01-07,600036.SH,38.83,39.55,38.82,39.28,751481
2025-01-08,600036.SH,39.4,39.43,38.83,39,447083
2025-01-09,600036.SH,39.34,39.45,38.81,38.98,481425
2025-01-12,600036.SH,38.93,39.15,38.54,39.07,606323
2025-01-13,600036.SH,39.09,39.97,38.9,39.85,708012
2025-01-14,600036.SH,39.99,41,39.89,40.64,796701
2025-01-15,600036.SH,40.65,41.15,40.53,40.99,592594
2025-01-16,600036.SH,40.96,41.16,40.13,40.71,475901
2025-01-19,600036.SH,40.98,41.07,40.11,40.12,542575
2025-01-20,600036.SH,40.32,40.51,40.01,40.14,400685
2025-01-21,600036.SH,40.14,40.16,39.32,39.45,588912
2025-01-22,600036.SH,39.67,40.23,39.52,39.83,606618
2025-01-23,600036.SH,39.66,40.55,39.46,40.26,574652
2025-01-26,600036.SH,40.58,40.97,40.55,40.65,526060
2025-02-04,600036.SH,40.85,40.9,39.9,40,504789
2025-02-05,600036.SH,40,40.38,39.73,40.2,466088
2025-02-06,600036.SH,40.1,40.4,39.96,40.2,521066
2025-02-09,600036.SH,40.2,40.92,39.96,40.6,581806
2025-02-10,600036.SH,40.75,41.04,40.64,40.98,457771
2025-02-11,600036.SH,40.96,41.66,40.56,41.62,603591
2025-02-12,600036.SH,41.65,41.95,41.34,41.71,462207
2025-02-13,600036.SH,41.69,42.03,41.52,42.03,498737
2025-02-16,600036.SH,41.99,41.99,41.36,41.72,536126
2025-02-17,600036.SH,41.51,42.48,41.51,42.05,546665
2025-02-18,600036.SH,42,42.15,41.76,41.98,374702
2025-02-19,600036.SH,42,42.09,41.68,41.85,407675
2025-02-20,600036.SH,41.96,41.99,41.22,41.4,595256
2025-02-23,600036.SH,41.39,41.75,41.1,41.27,571107
2025-02-24,600036.SH,41.15,41.44,40.91,41.03,507321
2025-02-25,600036.SH,41.13,41.7,41.05,41.48,476447
2025-02-26,600036.SH,41.6,42.4,41.28,42.38,622597
2025-02-27,600036.SH,42.38,42.66,42.05,42.05,705424
2025-03-02,600036.SH,42.12,42.62,41.95,42.05,470149
2025-03-03,600036.SH,41.91,42.1,41.77,41.8,317245
2025-03-04,600036.SH,41.96,42.91,41.75,42.89,632037
2025-03-05,600036.SH,42.89,43.1,42.45,42.96,572053
2025-03-06,600036.SH,42.9,43.8,42.85,43.57,605413
2025-03-09,600036.SH,43.49,43.58,42.82,43.07,508750
2025-03-10,600036.SH,42.77,43.64,42.71,43.51,565741
2025-03-11,600036.SH,43.5,43.86,43.25,43.54,418258
2025-03-12,600036.SH,43.6,44.38,43.5,43.84,585539
2025-03-13,600036.SH,44,45.47,43.94,45.16,911275
2025-03-16,600036.SH,45.32,45.5,44.98,45.04,654210
2025-03-17,600036.SH,45.29,45.38,44.82,45.14,428220
2025-03-18,600036.SH,45.28,46.1,45.1,46.02,670706
2025-03-19,600036.SH,45.92,45.92,44.78,45.24,678656
2025-03-20,600036.SH,45.12,45.34,44.52,44.7,675412
2025-03-23,600036.SH,44.55,45.19,44.55,45.05,449576
2025-03-24,600036.SH,45,45.5,44.95,45.09,356872
2025-03-25,600036.SH,44.5,44.59,42.61,42.66,1578326
2025-03-26,600036.SH,42.75,43.74,42.74,43.26,827951
2025-03-27,600036.SH,43.3,43.45,43.06,43.22,386184
2025-03-30,600036.SH,43.21,43.78,42.61,43.29,539569
2025-03-31,600036.SH,43.28,43.29,42.75,42.87,389360
2025-04-01,600036.SH,42.87,43.15,42.68,42.73,331202
2025-04-02,600036.SH,42.02,42.85,42.02,42.65,464166
2025-04-06,600036.SH,40.94,42,39.39,40.83,1815633
2025-04-07,600036.SH,40.78,41.2,40.44,41.15,1610477
2025-04-08,600036.SH,40.6,41.02,40.3,40.46,973969
2025-04-09,600036.SH,40.99,41.45,40.55,41.1,743789
2025-04-10,600036.SH,41.11,41.69,40.81,41.51,583057
2025-04-13,600036.SH,41.68,41.91,41.41,41.48,482160
2025-04-14,600036.SH,41.49,42.29,41.45,42.1,614564
2025-04-15,600036.SH,41.98,42.58,41.82,42.25,576294
2025-04-16,600036.SH,42.12,42.36,41.85,42.12,405793
2025-04-17,600036.SH,42.13,42.79,42.05,42.75,435001
2025-04-20,600036.SH,42.66,43.08,42.28,42.28,416466
2025-04-21,600036.SH,42.31,42.54,42.01,42.01,433788
2025-04-22,600036.SH,42.3,42.3,41.77,41.99,467744
2025-04-23,600036.SH,42,42.38,41.95,42.21,413652
2025-04-24,600036.SH,42.29,42.55,42.04,42.08,424350
2025-04-27,600036.SH,42.15,42.56,42.03,42.35,386973
2025-04-28,600036.SH,42.35,42.65,42,42,457699
2025-04-29,600036.SH,41.64,41.64,40.51,40.74,1172682
2025-05-05,600036.SH,40.9,41.41,40.51,41.37,666410
2025-05-06,600036.SH,41.79,42.23,41.31,42.02,712914
2025-05-07,600036.SH,42.01,43.42,42,42.8,833810
2025-05-08,600036.SH,42.8,43.6,42.8,43.48,668155
2025-05-11,600036.SH,43.45,44.4,43.11,43.8,848974
2025-05-12,600036.SH,44.09,44.65,43.85,44.56,699124
2025-05-13,600036.SH,44.55,45.3,44.32,44.81,712790
2025-05-14,600036.SH,44.83,45.38,44.65,44.92,684600
2025-05-15,600036.SH,44.75,44.98,44.03,44.27,619655
2025-05-18,600036.SH,44.2,44.46,43.75,43.84,502817
2025-05-19,600036.SH,44.03,44.61,43.87,43.9,500535
2025-05-20,600036.SH,43.95,44.37,43.84,43.9,499200
2025-05-21,600036.SH,43.9,44.56,43.75,44.51,565656
2025-05-22,600036.SH,44.51,44.68,43.9,44.05,541460
2025-05-25,600036.SH,43.89,44.17,43.63,43.8,456100
2025-05-26,600036.SH,43.8,44.15,43.67,43.74,363750
2025-05-27,600036.SH,43.78,44.05,43.6,43.68,300355
2025-05-28,600036.SH,43.7,43.95,43.45,43.47,492990
2025-05-29,600036.SH,43.55,43.88,43.35,43.43,571391
2025-06-02,600036.SH,43.5,44.43,43.5,43.97,503685
2025-06-03,600036.SH,44.05,44.27,43.9,44.06,373417
2025-06-04,600036.SH,44.06,44.42,44,44.37,421317
2025-06-05,600036.SH,44.45,44.71,44.3,44.47,373499
2025-06-08,600036.SH,44.6,44.68,44.21,44.6,474774
2025-06-09,600036.SH,44.57,45.05,44.45,44.67,528349
2025-06-10,600036.SH,44.72,45.68,44.72,45.31,776761
2025-06-11,600036.SH,45.4,45.65,45.1,45.23,452391
2025-06-12,600036.SH,45.24,45.35,44.95,45.18,474081
2025-06-15,600036.SH,45.08,45.81,44.95,45.78,414474
2025-06-16,600036.SH,45.88,46.05,45.71,45.98,474209
2025-06-17,600036.SH,45.92,46.07,45.65,45.85,426429
2025-06-18,600036.SH,45.84,46.06,45.37,45.63,513454
2025-06-19,600036.SH,45.73,46.18,45.55,45.99,448157
2025-06-22,600036.SH,45.9,46.34,45.43,46.25,538931
2025-06-23,600036.SH,46.31,47,46.18,46.75,655815
2025-06-24,600036.SH,46.75,47.5,46.59,47.5,607680
2025-06-25,600036.SH,47.49,47.88,47.05,47.88,590201
2025-06-26,600036.SH,47.85,47.87,46.04,46.22,954143
2025-06-29,600036.SH,46.13,46.29,45.77,45.95,624614
2025-06-30,600036.SH,45.96,46.67,45.92,46.45,450613
2025-07-01,600036.SH,46.7,47.16,46.45,46.9,518563
2025-07-02,600036.SH,46.9,46.95,46.34,46.61,556226
2025-07-03,600036.SH,46.6,47.5,46.4,47.07,678948
2025-07-06,600036.SH,47.07,47.3,46.7,47.2,567427
2025-07-07,600036.SH,47.28,47.67,47.1,47.62,637421
2025-07-08,600036.SH,47.5,47.77,47.13,47.13,614566
2025-07-09,600036.SH,47.1,48.55,47.1,48.24,1219784
2025-07-10,600036.SH,46.28,46.5,45.62,45.64,1184443
2025-07-13,600036.SH,45.65,46.09,45.44,45.57,648484
2025-07-14,600036.SH,45.77,45.92,44.8,45.22,666206
2025-07-15,600036.SH,45.26,45.54,44.88,45.11,468186
2025-07-16,600036.SH,45.1,45.33,44.91,45,416895
2025-07-17,600036.SH,45.05,45.16,44.74,45.05,543431
2025-07-20,600036.SH,45.05,45.23,44.83,44.85,566412
2025-07-21,600036.SH,44.85,44.98,44.21,44.94,922319
2025-07-22,600036.SH,44.97,45.7,44.96,45.12,853249
2025-07-23,600036.SH,45.21,45.36,44.8,44.88,826620
2025-07-24,600036.SH,44.84,45.17,44.75,44.83,696264
2025-07-27,600036.SH,44.8,45.16,44.41,44.44,635127
2025-07-28,600036.SH,44.44,44.8,44.14,44.14,785813
2025-07-29,600036.SH,44.17,44.75,43.93,44.42,725461
2025-07-30,600036.SH,44.4,44.56,43.85,44.48,733195
2025-07-31,600036.SH,44.5,44.97,44.35,44.42,594621
2025-08-03,600036.SH,44.31,44.97,44.31,44.9,498008
2025-08-04,600036.SH,44.78,45.4,44.64,45.25,555258
2025-08-05,600036.SH,45.29,45.73,45.11,45.12,430296
2025-08-06,600036.SH,45.12,45.6,44.96,45.15,440643
2025-08-07,600036.SH,45.2,45.28,44.53,44.53,456422
2025-08-10,600036.SH,44.53,44.63,44.1,44.1,536724
2025-08-11,600036.SH,44.13,44.48,44,44,562252
2025-08-12,600036.SH,44.14,44.25,43.49,43.54,876737
2025-08-13,600036.SH,43.55,43.94,43.5,43.78,676352
2025-08-14,600036.SH,43.66,43.74,43.3,43.3,932957
2025-08-17,600036.SH,43.1,43.67,42.89,43.51,926397
2025-08-18,600036.SH,43.45,43.7,43.29,43.4,574119
2025-08-19,600036.SH,43.3,43.63,43.15,43.45,547240
2025-08-20,600036.SH,43.5,43.59,43.23,43.47,578540
2025-08-21,600036.SH,43.47,43.48,43.04,43.26,794496
2025-08-24,600036.SH,43.32,43.87,43.11,43.87,907390
2025-08-25,600036.SH,43.89,44.02,43.42,43.52,755722
2025-08-26,600036.SH,43.5,43.66,43,43,758141
2025-08-27,600036.SH,43.02,43.3,42.6,42.98,822426
2025-08-28,600036.SH,42.98,43.99,42.89,42.89,1360879
2025-08-31,600036.SH,42.62,42.64,41.88,41.98,1276333
2025-09-01,600036.SH,41.86,43.5,41.86,43.44,1452141
2025-09-02,600036.SH,43.44,43.57,42.7,42.9,818406
2025-09-03,600036.SH,42.81,43.32,42.14,43.05,935363
2025-09-04,600036.SH,43,43.02,42.53,42.76,572328
2025-09-07,600036.SH,42.7,43.1,42.37,42.43,851682
2025-09-08,600036.SH,42.42,42.88,42.4,42.83,589527
2025-09-09,600036.SH,42.8,43.15,42.56,43,471387
2025-09-10,600036.SH,43.13,43.33,42.78,43.3,650731
2025-09-11,600036.SH,43.38,43.47,42.42,42.54,823140
2025-09-14,600036.SH,42.48,42.79,42.11,42.22,699491
2025-09-15,600036.SH,42.32,42.43,41.66,41.75,859051
2025-09-16,600036.SH,41.76,42.19,41.7,41.76,572363
2025-09-17,600036.SH,41.78,41.84,40.8,40.83,1003522
2025-09-18,600036.SH,40.8,41.53,40.55,41,836563
2025-09-21,600036.SH,41.15,41.37,40.8,40.92,656110
2025-09-22,600036.SH,40.98,41.75,40.63,41.55,938851
2025-09-23,600036.SH,41.5,41.89,41.29,41.32,643900
2025-09-24,600036.SH,41.32,41.36,40.81,40.82,666949
2025-09-25,600036.SH,40.81,41,40.3,40.8,682767
2025-09-28,600036.SH,40.77,41.29,40.36,40.68,835551
2025-09-29,600036.SH,40.65,40.79,40.41,40.41,700025
2025-10-08,600036.SH,40.21,40.44,39.82,40.33,972320
2025-10-09,600036.SH,40.3,40.65,40.13,40.18,955050
2025-10-12,600036.SH,39.76,40.3,39.7,40.11,1065936
2025-10-13,600036.SH,40.09,41.49,39.83,41.26,1733827
2025-10-14,600036.SH,41.25,41.57,41.01,41.5,1062767
2025-10-15,600036.SH,41.5,41.99,41.13,41.93,1062488
2025-10-16,600036.SH,41.88,42.22,41.38,41.59,829827
2025-10-19,600036.SH,41.61,41.79,41.1,41.42,649477
2025-10-20,600036.SH,41.49,42.1,41.49,41.98,759931
2025-10-21,600036.SH,41.98,42.2,41.73,41.95,551334
2025-10-22,600036.SH,41.95,42.49,41.78,42.24,713174
2025-10-23,600036.SH,42.35,42.45,41.85,41.95,698832
2025-10-26,600036.SH,41.9,41.97,41.42,41.59,988949
2025-10-27,600036.SH,41.62,41.72,41.23,41.6,705951
2025-10-28,600036.SH,41.53,41.53,40.69,40.77,910988
2025-10-29,600036.SH,40.8,41.36,40.73,41.2,1131538
2025-10-30,600036.SH,41.26,41.3,40.84,40.89,702607
2025-11-02,600036.SH,41.14,41.97,41.06,41.79,921981
2025-11-03,600036.SH,41.84,43.11,41.81,43.01,1340036
2025-11-04,600036.SH,43.1,43.47,42.75,42.8,731714
2025-11-05,600036.SH,42.65,42.89,42.31,42.34,871973
2025-11-06,600036.SH,42.4,42.72,42.28,42.51,593191
2025-11-09,600036.SH,42.45,42.88,42.28,42.72,532369
2025-11-10,600036.SH,42.69,43.04,42.52,42.96,544671
2025-11-11,600036.SH,43.12,43.36,42.93,42.93,587929
2025-11-12,600036.SH,42.97,43.3,42.74,43.21,587980
2025-11-13,600036.SH,43.24,43.59,43.18,43.25,518210
2025-11-16,600036.SH,43.1,43.2,42.5,42.65,610674
2025-11-17,600036.SH,42.56,42.91,42.44,42.88,517439
2025-11-18,600036.SH,42.88,43.5,42.8,43.22,511696
2025-11-19,600036.SH,43.22,43.79,43.05,43.23,585852
2025-11-20,600036.SH,43.24,43.55,42.76,43,791264
2025-11-23,600036.SH,43.1,43.21,42.51,42.63,678549
2025-11-24,600036.SH,42.66,43.3,42.44,43.25,666409
2025-11-25,600036.SH,43.34,43.63,42.97,43.25,451072
2025-11-26,600036.SH,43.18,43.39,42.6,43.19,621434
2025-11-27,600036.SH,43.1,43.12,42.82,42.95,494658
2025-11-30,600036.SH,43.08,43.47,42.93,43.44,567919
2025-12-01,600036.SH,43.44,43.65,43.22,43.38,406735
2025-12-02,600036.SH,43.27,43.58,43,43.01,468960
2025-12-03,600036.SH,43.05,43.42,43.01,43.22,361207
2025-12-04,600036.SH,43.25,43.55,42.91,43.45,548906
2025-12-07,600036.SH,43.44,43.64,43.07,43.18,580039
2025-12-08,600036.SH,43.18,43.3,42.83,43.04,465939
2025-12-09,600036.SH,43.08,43.08,41.55,41.7,1083157
2025-12-10,600036.SH,41.86,42.05,41.41,41.68,846231
2025-12-11,600036.SH,41.75,41.83,41.48,41.74,717625
2025-12-14,600036.SH,41.74,42.28,41.63,41.8,562666
2025-12-15,600036.SH,41.78,42.13,41.43,41.7,566176
2025-12-16,600036.SH,41.6,41.85,41.23,41.52,631267
2025-12-17,600036.SH,41.54,42.42,41.4,42.37,768119
2025-12-18,600036.SH,42.37,42.48,41.91,41.99,573823
2025-12-21,600036.SH,42.08,42.13,41.71,41.77,524740
2025-12-22,600036.SH,41.74,42.04,41.66,41.91,606510
2025-12-23,600036.SH,41.93,41.99,41.55,41.83,536305
2025-12-24,600036.SH,41.93,42.08,41.7,41.78,499214
2025-12-25,600036.SH,41.79,41.88,41.62,41.7,508810
2025-12-28,600036.SH,41.66,41.93,41.42,41.87,682551
2025-12-29,600036.SH,41.9,42.48,41.78,42.28,834783
2025-12-30,600036.SH,42.24,42.33,41.92,42.1,554142
2026-01-04,600036.SH,42.48,42.8,42.27,42.35,840830
2026-01-05,600036.SH,42.45,42.79,42.09,42.73,923715
2026-01-06,600036.SH,42.75,43.02,42.14,42.15,880560
2026-01-07,600036.SH,42.2,42.25,41.3,41.58,1115727
2026-01-08,600036.SH,41.54,41.76,41.12,41.3,985471
2026-01-11,600036.SH,41.3,41.43,41,41.12,1186641
2026-01-12,600036.SH,41.2,41.38,41.03,41.13,1159365
2026-01-13,600036.SH,41.13,41.17,40.06,40.07,1917744
2026-01-14,600036.SH,40.11,40.42,40,40.11,1217271
2026-01-15,600036.SH,39.49,39.5,38.65,38.72,1525245
2026-01-18,600036.SH,38.73,38.92,38.5,38.55,988703
2026-01-19,600036.SH,38.57,39.13,38.51,38.73,1113873
2026-01-20,600036.SH,38.92,38.94,38.18,38.24,1215000
2026-01-21,600036.SH,38.27,38.58,37.8,37.85,1877546
2026-01-22,600036.SH,37.85,38.17,37.38,37.5,1892113
2026-01-25,600036.SH,37.5,38.3,37.31,38.02,2166794
2026-01-26,600036.SH,38.06,38.51,37.87,38.1,1572406
2026-01-27,600036.SH,38.12,38.44,37.7,37.8,2041667
2026-01-28,600036.SH,37.88,38.65,37.55,38.53,1999982
2026-01-29,600036.SH,38.53,39.17,38.53,38.67,1660843
2026-02-01,600036.SH,38.88,39.3,38.41,38.45,1384979
2026-02-02,600036.SH,38.67,38.67,38.14,38.3,842792
2026-02-03,600036.SH,38.3,39.02,38.26,39.01,1021316
2026-02-04,600036.SH,38.94,39.92,38.91,39.71,1218895
2026-02-05,600036.SH,39.7,39.95,39.31,39.6,802980
2026-02-08,600036.SH,39.6,39.74,39.33,39.48,658949
2026-02-09,600036.SH,39.49,39.56,39.31,39.34,495965
2026-02-10,600036.SH,39.36,39.45,39.2,39.4,528817
2026-02-11,600036.SH,39.4,39.42,38.73,38.99,777526
2026-02-12,600036.SH,38.95,39.09,38.63,38.71,705370
2026-02-23,600036.SH,39.2,39.41,38.82,38.94,754674
2026-02-24,600036.SH,38.9,39.15,38.72,38.78,723971
2026-02-25,600036.SH,38.8,39.02,38.5,38.7,593325
2026-02-26,600036.SH,38.75,38.95,38.64,38.75,637035
2026-03-01,600036.SH,38.6,38.87,38.42,38.67,685473
2026-03-02,600036.SH,38.66,39.55,38.56,39.18,1384656
2026-03-03,600036.SH,39.01,39.03,38.01,38.6,1151939
2026-03-04,600036.SH,38.66,39.24,38.63,39.15,783370
2026-03-05,600036.SH,39.1,39.32,38.95,39.2,465957
2026-03-08,600036.SH,38.9,39.18,38.75,38.79,766775
2026-03-09,600036.SH,38.94,39.24,38.8,39.22,613717
2026-03-10,600036.SH,39.3,39.5,38.95,39.5,689407
2026-03-11,600036.SH,39.45,39.58,39.33,39.5,527723
2026-03-12,600036.SH,39.46,40.05,39.35,39.76,765277
2026-03-15,600036.SH,39.77,40.04,39.64,39.91,610945
2026-03-16,600036.SH,39.89,40.36,39.83,40.12,656229
2026-03-17,600036.SH,40.13,40.32,39.79,39.92,705831
2026-03-18,600036.SH,39.88,40.04,39.7,39.77,650247
2026-03-19,600036.SH,39.85,40.08,39.66,39.75,615803
2026-03-22,600036.SH,39.58,39.7,38.55,38.68,957738
2026-03-23,600036.SH,38.8,39.32,38.73,39.25,616336
2026-03-24,600036.SH,39.33,39.4,38.94,39.26,653817
2026-03-25,600036.SH,39.15,39.69,39.14,39.56,616790
2026-03-26,600036.SH,39.5,39.7,39.25,39.44,468007
2026-03-29,600036.SH,39.24,39.57,39.13,39.48,646054
2026-03-30,600036.SH,39.54,39.73,39.28,39.32,663097
2026-03-31,600036.SH,39.56,40.04,39.42,39.82,881526
2026-04-01,600036.SH,39.86,39.92,39.58,39.76,534630
2026-04-02,600036.SH,39.76,39.82,39.36,39.4,464485
2026-04-06,600036.SH,39.39,39.6,38.96,38.99,528367
2026-04-07,600036.SH,39.5,39.64,39.19,39.62,669498
2026-04-08,600036.SH,39.48,39.52,39.12,39.26,535854
2026-04-09,600036.SH,39.32,39.38,39.13,39.21,543202
2026-04-12,600036.SH,39.13,39.16,38.92,38.98,525145
2026-04-13,600036.SH,39,39.18,38.95,39.13,503999
2026-04-14,600036.SH,39.25,39.92,39.22,39.9,1052104
2026-04-15,600036.SH,39.9,40.15,39.75,39.91,617258
2026-04-16,600036.SH,39.85,39.9,39.5,39.52,587925
2026-04-19,600036.SH,39.5,39.9,39.33,39.87,588776
2026-04-20,600036.SH,39.91,40.15,39.86,39.87,545949
2026-04-21,600036.SH,39.87,40.03,39.62,39.74,507595
2026-04-22,600036.SH,39.72,39.86,39.52,39.81,569489
2026-04-23,600036.SH,39.74,39.8,39.36,39.38,629414
2026-04-26,600036.SH,39.52,39.99,39.32,39.38,926168
2026-04-27,600036.SH,39.38,39.63,39.26,39.6,669305
2026-04-28,600036.SH,38.91,39.02,38.34,38.5,2533117
2026-04-29,600036.SH,38.4,38.51,38.12,38.27,1169574
2026-05-05,600036.SH,38.29,38.35,37.82,38,1431771
2026-05-06,600036.SH,38.05,38.16,37.94,37.95,790090
2026-05-07,600036.SH,38.03,38.18,37.9,37.94,869539
2026-05-10,600036.SH,37.95,37.98,37.7,37.97,925489
2026-05-11,600036.SH,37.98,38.14,37.86,37.9,967299
2026-05-12,600036.SH,37.96,38.09,37.85,37.88,718304
2026-05-13,600036.SH,37.81,38.02,37.73,37.81,867868
2026-05-14,600036.SH,37.81,37.97,37.61,37.65,821738
2026-05-17,600036.SH,37.65,37.66,37.35,37.47,707684
2026-05-18,600036.SH,37.48,37.74,37.34,37.37,719910
2026-05-19,600036.SH,37.37,37.44,37.17,37.17,693184
2026-05-20,600036.SH,37.18,37.34,37.11,37.15,725200
2026-05-21,600036.SH,37.1,37.33,36.97,37.02,797617
2026-05-24,600036.SH,37.01,37.26,36.9,36.94,710668
2026-05-25,600036.SH,36.94,37.29,36.9,37,706203
2026-05-26,600036.SH,37.01,37.19,36.78,37,845146
2026-05-27,600036.SH,37.05,37.43,36.97,37.12,995791
2026-05-28,600036.SH,37.1,38.04,36.93,38.01,1531384
2026-05-31,600036.SH,38,38.2,37.8,38.2,961379
2026-06-01,600036.SH,38.16,38.88,38.05,38.8,1256970
2026-06-02,600036.SH,38.81,38.81,38.25,38.5,881275
2026-06-03,600036.SH,38.4,38.65,37.99,38.1,738841
2026-06-04,600036.SH,38.18,38.7,38.11,38.58,778709
2026-06-07,600036.SH,38.4,38.76,38.36,38.5,769478
2026-06-08,600036.SH,38.5,38.64,38.4,38.49,664500
2026-06-09,600036.SH,38.45,39.08,38.38,38.9,935861
2026-06-10,600036.SH,38.93,39.09,38.57,38.73,594454
2026-06-11,600036.SH,38.59,39.35,38.34,39.34,1119834
2026-06-14,600036.SH,39.21,39.37,38.73,38.95,977404
2026-06-15,600036.SH,38.81,38.89,38.41,38.57,789669
2026-06-16,600036.SH,38.68,38.85,38.14,38.23,660452
2026-06-17,600036.SH,38.15,38.2,37.26,37.26,1003461
2026-06-21,600036.SH,37.01,37.9,36.95,37.65,1100768
2026-06-22,600036.SH,37.65,38.19,37.35,37.4,1008007
2026-06-23,600036.SH,37.49,37.58,36.75,36.76,1236166
2026-06-24,600036.SH,36.73,36.99,36.2,36.23,1181162
2026-06-25,600036.SH,36.38,36.47,35.88,36,1055410
2026-06-28,600036.SH,35.9,36.72,35.4,36.42,1080735
2026-06-29,600036.SH,36.37,36.39,35.35,35.5,1099038
2026-06-30,600036.SH,35.52,36.12,35.28,35.91,891221
2026-07-01,600036.SH,36.28,36.8,36.13,36.6,944614
2026-07-02,600036.SH,36.67,37.06,36.35,36.83,853124
2026-07-05,600036.SH,36.7,37.76,36.52,37.73,971544
2026-07-06,600036.SH,37.72,37.86,37.3,37.55,652587
2026-07-07,600036.SH,37.36,37.97,37.15,37.94,767135
2026-07-08,600036.SH,37.7,37.81,37.37,37.55,765646
2026-07-09,600036.SH,36.61,36.92,36.33,36.88,793772
2026-07-12,600036.SH,36.81,37.4,36.71,37.25,933085
2026-07-13,600036.SH,37.1,37.24,36.82,37.18,804154
2026-07-14,600036.SH,37,37.96,36.75,37.76,1154626
2026-07-15,600036.SH,37.7,38.12,37.5,37.67,766899
2026-07-16,600036.SH,37.76,38.2,37.68,38.02,1158584
2026-07-19,600036.SH,37.95,38.91,37.89,38.91,1433610
2026-07-20,600036.SH,39.18,39.4,37.9,37.99,1560127
2026-07-21,600036.SH,37.85,38.71,37.63,38.71,1084546
2026-07-22,600036.SH,38.68,38.99,38.45,38.91,794938
2026-07-23,600036.SH,39.18,39.25,38.9,39.2,982960
2026-07-26,600036.SH,39.12,39.24,38.69,39,715846
2026-07-27,600036.SH,39.17,39.59,38.95,39.59,1050187
2026-07-28,600036.SH,39.98,40.07,39.49,39.66,1148712
2026-07-29,600036.SH,39.66,40.55,39.55,40.55,1374580
2026-07-30,600036.SH,39.85,40.17,39.04,39.62,1491550
2026-08-02,600036.SH,39.88,40.42,39.8,40.36,1217493
2026-08-03,600036.SH,40.16,40.16,39.21,39.28,1104999
2026-08-04,600036.SH,39.18,39.48,38.72,38.94,960454
2026-08-05,600036.SH,39,39.15,38.47,38.97,853755
2026-08-06,600036.SH,38.9,39.1,38.48,38.8,779647
2026-08-09,600036.SH,38.79,39.27,38.7,38.91,651758
2026-08-10,600036.SH,39,39.2,38.77,38.95,500770
2026-08-11,600036.SH,38.95,38.97,38.56,38.7,557489
2026-08-12,600036.SH,38.59,38.81,38.5,38.77,501985
2026-08-13,600036.SH,38.65,38.75,38.46,38.46,486802
2026-08-16,600036.SH,38.35,38.46,38.06,38.2,656744
2026-08-17,600036.SH,38.15,38.36,38.03,38.29,601361
2026-08-18,600036.SH,38.55,39.15,38.4,39.15,1248939
2026-08-19,600036.SH,38.8,39.07,38.47,38.86,747857
2026-08-20,600036.SH,38.8,39.1,38.76,38.9,514219
2026-08-23,600036.SH,38.87,39.7,38.77,39.58,1045783
2026-08-24,600036.SH,39.7,39.92,39.42,39.5,634183
2026-08-25,600036.SH,39.41,39.98,39.38,39.8,646455
2026-08-26,600036.SH,39.63,39.94,39.32,39.58,614592
2026-08-27,600036.SH,39.46,39.55,39.23,39.35,481033
2026-08-30,600036.SH,39.51,40.28,39.5,40.12,1136251
2026-08-31,600036.SH,40.04,40.88,39.9,40.86,1147661
2026-09-01,600036.SH,40.9,41,40.63,40.87,648611
2026-09-02,600036.SH,40.76,41.36,40.52,41.07,768716
2026-09-03,600036.SH,41.05,41.78,40.95,41.69,845229
2026-09-06,600036.SH,41.65,41.76,41.03,41.07,738683
2026-09-07,600036.SH,41.01,41.38,40.81,40.9,493102
2026-09-08,600036.SH,40.85,41.22,40.75,41,432074
2026-09-09,600036.SH,41,41.67,40.8,41.57,660003
2026-09-10,600036.SH,41.75,41.75,41.05,41.35,737983
2026-09-13,600036.SH,41.34,41.83,41.16,41.83,746067
2026-09-14,600036.SH,41.78,41.78,41.01,41.1,567794
2026-09-15,600036.SH,41.15,41.41,40.52,40.92,538019
2026-09-16,600036.SH,40.9,40.95,40.45,40.6,554798
2026-09-17,600036.SH,40.53,40.92,40.43,40.59,485204
2026-09-20,600036.SH,40.65,41.12,40.36,41.04,540374
2026-09-21,600036.SH,40.97,41.02,40.62,40.82,433421
2026-09-22,600036.SH,40.83,41.17,40.54,40.6,418345
2026-09-23,600036.SH,40.6,41.14,40.58,40.69,503524
2026-09-27,600036.SH,40.67,41.08,40.38,40.64,543918
2026-09-28,600036.SH,40.49,40.78,40.22,40.51,449346
2026-09-29,600036.SH,40.59,41.38,40.52,41.26,699871
2022-08-16,601318.SH,41.05,41.48,40.72,41.29,375722
2022-08-17,601318.SH,41.15,41.18,40.76,40.81,294080
2022-08-18,601318.SH,40.7,41.26,40.62,40.97,324629
2022-08-21,601318.SH,40.85,41.39,40.8,41.15,339719
2022-08-22,601318.SH,41.02,41.15,40.68,40.72,331480
2022-08-23,601318.SH,41.35,42.44,41.35,41.61,1157330
2022-08-24,601318.SH,41.85,43.23,41.68,43.1,1105726
2022-08-25,601318.SH,43.11,43.32,42.52,43.12,726726
2022-08-28,601318.SH,42.8,43.22,42.49,43.07,449893
2022-08-29,601318.SH,42.98,43.29,42.51,42.89,388929
2022-08-30,601318.SH,42.71,44.27,42.66,43.84,842238
2022-08-31,601318.SH,43.6,44.13,43.41,43.65,455213
2022-09-01,601318.SH,43.89,44.28,43.26,43.7,449145
2022-09-04,601318.SH,43.5,43.9,43.02,43.8,417491
2022-09-05,601318.SH,43.9,44.45,43.52,43.9,449772
2022-09-06,601318.SH,43.6,43.81,43.16,43.6,376411
2022-09-07,601318.SH,43.84,44.25,43.66,43.84,321298
2022-09-08,601318.SH,43.99,44.78,43.85,44.69,577867
2022-09-12,601318.SH,44.68,45.37,44.35,45.06,529663
2022-09-13,601318.SH,44.53,45.18,44.51,44.65,355084
2022-09-14,601318.SH,44.67,45.6,44.66,45.09,594442
2022-09-15,601318.SH,44.82,44.97,43.87,43.93,624920
2022-09-18,601318.SH,43.92,44.48,43.56,43.93,405383
2022-09-19,601318.SH,44.15,44.19,43.12,43.24,357650
2022-09-20,601318.SH,43.1,43.46,42.9,43.15,303537
2022-09-21,601318.SH,42.6,42.83,42.41,42.48,376230
2022-09-22,601318.SH,42.41,43.44,42.41,43.02,375326
2022-09-25,601318.SH,42.74,43.32,42.42,42.49,307124
2022-09-26,601318.SH,42.43,42.74,42.27,42.44,312291
2022-09-27,601318.SH,42.2,42.5,41.85,41.89,422044
2022-09-28,601318.SH,42.23,42.34,41.15,41.32,426558
2022-09-29,601318.SH,41.35,41.98,41.35,41.58,331619
2022-10-09,601318.SH,41.58,42.18,41.38,41.43,413876
2022-10-10,601318.SH,41.67,41.87,41.12,41.2,269317
2022-10-11,601318.SH,41.21,42,40.8,41.92,362473
2022-10-12,601318.SH,41.8,41.9,41.2,41.36,383846
2022-10-13,601318.SH,41.75,42.33,41.62,41.94,434417
2022-10-16,601318.SH,41.71,42.15,41.56,42.1,341425
2022-10-17,601318.SH,42.4,42.44,41.67,41.75,416357
2022-10-18,601318.SH,41.65,41.98,41.26,41.27,364361
2022-10-19,601318.SH,40.4,40.49,39.9,40.01,450214
2022-10-20,601318.SH,40.1,40.25,39.5,39.65,457377
2022-10-23,601318.SH,39.66,39.93,37.61,37.7,951252
2022-10-24,601318.SH,37.58,38.38,37.16,37.72,553549
2022-10-25,601318.SH,37.54,38.15,37.51,37.67,498395
2022-10-26,601318.SH,37.71,38.09,37.55,37.66,457497
2022-10-27,601318.SH,37.51,37.7,36.73,36.73,507692
2022-10-30,601318.SH,36.39,36.67,35.9,36.15,562034
2022-10-31,601318.SH,36.45,37.48,36.37,37.46,565665
2022-11-01,601318.SH,37.29,37.6,37.13,37.4,450385
2022-11-02,601318.SH,37.18,37.3,36.7,36.93,349335
2022-11-03,601318.SH,36.93,38.65,36.91,38.31,692055
2022-11-06,601318.SH,38,39.18,37.92,38.79,574810
2022-11-07,601318.SH,38.79,39,38.38,38.69,370483
2022-11-08,601318.SH,38.79,38.89,38.29,38.37,267687
2022-11-09,601318.SH,38,38.7,37.78,38.46,323175
2022-11-10,601318.SH,39.44,40.97,39.32,40.33,1046676
2022-11-13,601318.SH,41.66,42.12,41.21,41.6,1216680
2022-11-14,601318.SH,41.48,42.95,41.31,42.49,934424
2022-11-15,601318.SH,42.62,42.82,42.27,42.3,596528
2022-11-16,601318.SH,42.29,42.75,41.95,42.56,503980
2022-11-17,601318.SH,42.68,42.81,42.06,42.16,392464
2022-11-20,601318.SH,41.75,41.75,40.66,41.21,511185
2022-11-21,601318.SH,41.2,42.38,41,41.97,471814
2022-11-22,601318.SH,42.02,42.44,41.76,41.77,449620
2022-11-23,601318.SH,42.21,42.38,41.67,41.8,249076
2022-11-24,601318.SH,41.78,42.95,41.75,42.75,597960
2022-11-27,601318.SH,41.63,41.84,40.99,41.41,510315
2022-11-28,601318.SH,42.32,44.9,42.32,44.78,1753205
2022-11-29,601318.SH,44.82,46.17,44.6,44.95,1165016
2022-11-30,601318.SH,45.98,46.29,44.68,44.83,859327
2022-12-01,601318.SH,44.82,45,44,44.62,607787
2022-12-04,601318.SH,45.55,47.31,45.35,47.28,1380436
2022-12-05,601318.SH,47.28,47.68,46.74,47.44,878273
2022-12-06,601318.SH,47.44,47.48,46.37,46.7,831455
2022-12-07,601318.SH,46.38,47.2,46.3,47.15,448364
2022-12-08,601318.SH,47.07,47.88,46.7,47.6,709579
2022-12-11,601318.SH,47.2,47.28,46.08,46.17,656471
2022-12-12,601318.SH,46.46,47.09,46.3,46.7,423663
2022-12-13,601318.SH,47.08,47.11,46.14,46.89,346973
2022-12-14,601318.SH,46.8,47.09,45.8,46.43,404021
2022-12-15,601318.SH,46.11,47.01,46.07,46.9,421348
2022-12-18,601318.SH,46.9,47.27,45.45,45.77,505896
2022-12-19,601318.SH,45.56,45.88,44.58,44.93,495245
2022-12-20,601318.SH,45.1,45.6,44.94,45.26,297896
2022-12-21,601318.SH,46,46.18,45.65,45.88,353462
2022-12-22,601318.SH,45.53,46.01,45.32,45.64,306472
2022-12-25,601318.SH,45.64,45.88,44.66,44.66,403282
2022-12-26,601318.SH,45.27,45.95,45.03,45.58,347793
2022-12-27,601318.SH,45.43,46.45,45.3,46.28,456267
2022-12-28,601318.SH,45.95,46.01,45.11,45.82,469576
2022-12-29,601318.SH,46,47.2,46,47,553005
2023-01-02,601318.SH,46.59,47.26,46.06,47.15,602304
2023-01-03,601318.SH,47.3,48.63,47.3,48.53,869496
2023-01-04,601318.SH,49.2,49.5,48.5,48.93,737048
2023-01-05,601318.SH,49.5,49.83,49.05,49.74,780346
2023-01-08,601318.SH,50,50.95,49.7,50.91,881857
2023-01-09,601318.SH,50.9,50.91,49.14,49.21,837949
2023-01-10,601318.SH,49.5,51,49.44,50.7,966895
2023-01-11,601318.SH,50.9,51.11,50.43,50.91,600256
2023-01-12,601318.SH,51.2,52.35,51.05,52.35,896257
2023-01-15,601318.SH,52.52,53.48,51.49,52.09,1229794
2023-01-16,601318.SH,51.96,52.07,51,51.5,698873
2023-01-17,601318.SH,51.5,51.87,51.16,51.55,419603
2023-01-18,601318.SH,51.4,51.87,51.15,51.81,510461
2023-01-19,601318.SH,52.1,52.24,51.5,52.1,497069
2023-01-29,601318.SH,53.59,53.6,51.48,51.48,857579
2023-01-30,601318.SH,51.76,52.28,50.85,50.98,612418
2023-01-31,601318.SH,51.55,51.75,50.41,51.35,565301
2023-02-01,601318.SH,51.6,51.6,50.4,50.83,636217
2023-02-02,601318.SH,50.5,50.55,48.9,49.6,927310
2023-02-05,601318.SH,48.8,48.86,47.72,48.16,921595
2023-02-06,601318.SH,48.5,48.84,48.2,48.7,444363
2023-02-07,601318.SH,48.75,49.19,48.38,48.5,347190
2023-02-08,601318.SH,48.5,49.55,48.39,49.32,564907
2023-02-09,601318.SH,49.46,49.55,49.01,49.3,309173
2023-02-12,601318.SH,49.19,49.3,48.29,49.25,457973
2023-02-13,601318.SH,49.3,49.9,49.17,49.9,370402
2023-02-14,601318.SH,49.84,49.89,48.71,48.88,461027
2023-02-15,601318.SH,49.08,50.05,49,49.2,576891
2023-02-16,601318.SH,49.2,49.83,48.71,48.8,417519
2023-02-19,601318.SH,48.85,49.99,48.75,49.95,664285
2023-02-20,601318.SH,49.86,50.12,49.45,50.01,426660
2023-02-21,601318.SH,49.5,49.96,49.11,49.18,446046
2023-02-22,601318.SH,49,49.7,48.81,48.98,385254
2023-02-23,601318.SH,48.89,49.01,48.11,48.2,446548
2023-02-26,601318.SH,48,48.39,47.78,47.8,467917
2023-02-27,601318.SH,48.01,48.28,47.51,48.2,380417
2023-02-28,601318.SH,48.02,50,48.01,49.99,724323
2023-03-01,601318.SH,49.97,50.46,49.72,50.2,380889
2023-03-02,601318.SH,50.48,50.66,49.85,50.28,284133
2023-03-05,601318.SH,50,50.17,48.45,48.58,773237
2023-03-06,601318.SH,48.55,49.2,47.75,47.91,587302
2023-03-07,601318.SH,47.55,47.61,46.99,47.23,527417
2023-03-08,601318.SH,47.38,47.38,46.47,46.64,518325
2023-03-09,601318.SH,46.06,46.65,46,46,457092
2023-03-12,601318.SH,46,46.79,45.91,46.5,399483
2023-03-13,601318.SH,46.22,46.22,45.39,45.46,490733
2023-03-14,601318.SH,46.03,46.66,45.78,45.95,443643
2023-03-15,601318.SH,44.9,45.83,44.75,45.23,789609
2023-03-16,601318.SH,45.81,46.96,45.81,46.2,950191
2023-03-19,601318.SH,46,46.58,45.56,45.58,719244
2023-03-20,601318.SH,45.89,46.4,45.78,46.01,446659
2023-03-21,601318.SH,46.25,46.77,46.22,46.5,552251
2023-03-22,601318.SH,46.3,46.89,46.3,46.88,554274
2023-03-23,601318.SH,46.8,46.8,46.06,46.2,437694
2023-03-26,601318.SH,46.26,46.33,45.5,45.99,362173
2023-03-27,601318.SH,46.09,46.38,45.68,45.88,283324
2023-03-28,601318.SH,46.33,46.58,45.4,45.42,409020
2023-03-29,601318.SH,45.51,45.7,44.94,45.48,450030
2023-03-30,601318.SH,45.6,46.3,45.38,45.6,524540
2023-04-02,601318.SH,45.55,45.9,45.29,45.68,451215
2023-04-03,601318.SH,45.67,45.86,45.23,45.57,473486
2023-04-05,601318.SH,45.55,45.55,45.03,45.08,361627
2023-04-06,601318.SH,45.29,45.78,45.15,45.63,326336
2023-04-09,601318.SH,45.73,46.27,45.5,46.06,527369
2023-04-10,601318.SH,46.02,46.3,45.63,45.66,543094
2023-04-11,601318.SH,45.8,46.08,45.45,45.6,460938
2023-04-12,601318.SH,45.3,45.37,44.81,45.12,569479
2023-04-13,601318.SH,45.35,45.97,45.2,45.49,428919
2023-04-16,601318.SH,45.33,47.48,45.02,47.48,1036161
2023-04-17,601318.SH,47.2,49.08,47.13,48.62,1310275
2023-04-18,601318.SH,48.55,48.9,48.27,48.4,497165
2023-04-19,601318.SH,48.41,48.95,48.12,48.79,476734
2023-04-20,601318.SH,48.6,48.69,46.63,46.74,811976
2023-04-23,601318.SH,46.88,47.75,46.2,46.4,587482
2023-04-24,601318.SH,46.54,47.08,45.88,46.09,617583
2023-04-25,601318.SH,45.86,46.25,45.66,45.79,505147
2023-04-26,601318.SH,46.98,50.37,46.81,50.37,2570645
2023-04-27,601318.SH,50.61,52.65,50.28,51.8,2149502
2023-05-03,601318.SH,50.77,54.35,50.59,53.7,1837641
2023-05-04,601318.SH,54,55,53.24,53.83,1264107
2023-05-07,601318.SH,53.99,55.08,53.51,54.92,1504054
2023-05-08,601318.SH,54.92,56,53.37,53.48,1461587
2023-05-09,601318.SH,53.48,53.86,52.11,52.31,1055610
2023-05-10,601318.SH,52.9,53.47,52.16,52.35,593884
2023-05-11,601318.SH,52.33,52.5,51.17,51.27,626681
2023-05-14,601318.SH,51.28,53.87,50.78,53.71,1113754
2023-05-15,601318.SH,53.67,53.82,52.8,53.2,644969
2023-05-16,601318.SH,52.79,52.85,51.58,51.91,642552
2023-05-17,601318.SH,51.8,52.85,51.53,51.82,555166
2023-05-18,601318.SH,51.21,51.7,50.8,51.04,554236
2023-05-21,601318.SH,51,51.85,50.8,51.42,498812
2023-05-22,601318.SH,51.4,51.67,49.9,49.9,685386
2023-05-23,601318.SH,49.86,49.9,48.4,48.47,713134
2023-05-24,601318.SH,48.38,48.75,47.9,48.4,525529
2023-05-25,601318.SH,48.39,48.88,47.81,48.44,403366
2023-05-28,601318.SH,48.63,48.75,47.8,48.04,484344
2023-05-29,601318.SH,48.05,48.33,47.42,47.99,570291
2023-05-30,601318.SH,47.7,47.79,47,47,610689
2023-05-31,601318.SH,47.05,47.93,46.9,47.45,518074
2023-06-01,601318.SH,47.88,49.2,47.83,49.1,832840
2023-06-04,601318.SH,48.76,48.93,48.23,48.51,466456
2023-06-05,601318.SH,48.34,49.93,48.25,48.76,644502
2023-06-06,601318.SH,49.4,49.69,48.77,49.01,425436
2023-06-07,601318.SH,48.92,49.96,48.68,49.67,572284
2023-06-08,601318.SH,49.67,49.95,49.41,49.48,428043
2023-06-11,601318.SH,49.46,49.94,48.89,49.57,476457
2023-06-12,601318.SH,49.48,49.7,48.75,49.63,440029
2023-06-13,601318.SH,48.57,48.91,47.87,48.05,553664
2023-06-14,601318.SH,48.3,49.1,47.87,48.42,473440
2023-06-15,601318.SH,48.7,48.84,48.1,48.6,534142
2023-06-18,601318.SH,48.46,48.48,47.33,47.5,642164
2023-06-19,601318.SH,47.5,47.75,46.8,46.89,615333
2023-06-20,601318.SH,46.61,47.25,46.48,46.64,381031
2023-06-25,601318.SH,46.3,46.37,45.7,45.93,485350
2023-06-26,601318.SH,45.92,46.63,45.75,46.3,480933
2023-06-27,601318.SH,46.15,46.55,45.93,46.54,356070
2023-06-28,601318.SH,46.55,46.79,46.13,46.3,265735
2023-06-29,601318.SH,46.2,46.87,46.19,46.4,326971
2023-07-02,601318.SH,46.44,48.35,46.38,48.18,697781
2023-07-03,601318.SH,48.19,48.23,47.7,47.95,297441
2023-07-04,601318.SH,47.89,47.99,47.28,47.35,264061
2023-07-05,601318.SH,47.03,48.16,47.02,47.3,402580
2023-07-06,601318.SH,47,47.69,46.98,47.21,364421
2023-07-09,601318.SH,47.63,47.69,46.51,46.61,368164
2023-07-10,601318.SH,46.8,47.42,46.8,47.2,268886
2023-07-11,601318.SH,47.2,47.95,47.08,47.29,354393
2023-07-12,601318.SH,47.72,48.75,47.65,48.62,648768
2023-07-13,601318.SH,49.02,49.09,48.41,48.64,366358
2023-07-16,601318.SH,48.37,48.45,47.88,48.05,304707
2023-07-17,601318.SH,48.28,48.29,47.46,47.6,283183
2023-07-18,601318.SH,47.3,47.86,47.3,47.77,321116
2023-07-19,601318.SH,47.9,48.2,47.32,47.42,301378
2023-07-20,601318.SH,47.31,47.75,46.8,46.97,446791
2023-07-23,601318.SH,46.8,46.99,46.5,46.62,315980
2023-07-24,601318.SH,47.7,49.68,47.7,49.55,1413279
2023-07-25,601318.SH,49.18,49.64,48.98,49.46,515441
2023-07-26,601318.SH,49.59,50.58,49.41,49.88,703735
2023-07-27,601318.SH,49.5,52.36,49.41,51.93,1277908
2023-07-30,601318.SH,52.98,53.68,52.3,52.6,1274855
2023-07-31,601318.SH,52.5,53,51.44,51.74,670614
2023-08-01,601318.SH,51.6,52.56,50.93,51.41,608798
2023-08-02,601318.SH,51.41,52.6,51.11,52.41,654944
2023-08-03,601318.SH,53.23,53.85,51.9,51.9,1051653
2023-08-06,601318.SH,51.38,51.77,51.2,51.7,436896
2023-08-07,601318.SH,51.47,51.69,50.46,51.26,523263
2023-08-08,601318.SH,51.08,51.58,50.95,51.26,372853
2023-08-09,601318.SH,51.05,51.47,50.88,51.36,299263
2023-08-10,601318.SH,51.3,51.41,49.35,49.37,748921
2023-08-13,601318.SH,48.3,48.82,48.28,48.53,604721
2023-08-14,601318.SH,48.52,49.08,48.02,48.68,521837
2023-08-15,601318.SH,48.32,48.94,48.13,48.35,476604
2023-08-16,601318.SH,48.01,48.18,47.33,47.91,598274
2023-08-17,601318.SH,47.9,49,47.52,47.52,636663
2023-08-20,601318.SH,47.4,47.49,46.67,46.67,628081
2023-08-21,601318.SH,46.9,47.3,46.47,47,518495
2023-08-22,601318.SH,46.72,47.1,46.39,46.46,476239
2023-08-23,601318.SH,46.53,47.01,46.19,46.5,418637
2023-08-24,601318.SH,46.31,47.38,46.25,47.01,417635
2023-08-27,601318.SH,50.5,50.53,47.78,48.11,1090108
2023-08-28,601318.SH,48.04,48.97,47.89,48.56,573806
2023-08-29,601318.SH,48.88,48.99,47.9,48.25,600123
2023-08-30,601318.SH,48.63,49.55,48.51,48.79,639538
2023-08-31,601318.SH,49.35,50.5,49.26,50.1,855756
2023-09-03,601318.SH,50.45,51.9,50.44,51.45,921931
2023-09-04,601318.SH,51.2,51.2,50.13,50.2,506244
2023-09-05,601318.SH,50,51.19,49.88,51.03,514362
2023-09-06,601318.SH,50.71,50.88,50.16,50.22,403291
2023-09-07,601318.SH,50.03,50.45,49.8,50.12,273667
2023-09-10,601318.SH,50.38,50.77,49.85,50.36,491515
2023-09-11,601318.SH,50.1,50.15,49.49,49.95,361144
2023-09-12,601318.SH,50.14,50.22,49.22,49.5,433989
2023-09-13,601318.SH,49.64,49.8,48.99,49.19,391312
2023-09-14,601318.SH,49.49,50.12,49,49.2,557532
2023-09-17,601318.SH,48.92,49.48,48.7,49.3,295267
2023-09-18,601318.SH,49.28,49.35,49.02,49.28,266524
2023-09-19,601318.SH,49.26,49.26,48.58,48.89,328733
2023-09-20,601318.SH,48.7,48.86,48.37,48.49,335480
2023-09-21,601318.SH,48.5,50.33,48.37,50.33,663006
2023-09-24,601318.SH,50.01,50.1,49.03,49.06,499759
2023-09-25,601318.SH,49.05,49.34,48.52,48.56,400930
2023-09-26,601318.SH,48.6,48.99,48.5,48.66,324863
2023-09-27,601318.SH,48.83,48.88,48.15,48.3,421466
2023-10-08,601318.SH,48,48.27,47.52,48.07,394012
2023-10-09,601318.SH,48.28,48.53,47.52,47.6,330777
2023-10-10,601318.SH,47.85,47.97,47.51,47.69,325297
2023-10-11,601318.SH,48.87,48.89,48.21,48.43,448710
2023-10-12,601318.SH,47.87,48.28,47.67,47.97,261270
2023-10-15,601318.SH,47.85,48.13,47.41,47.54,319003
2023-10-16,601318.SH,47.8,47.98,47.46,47.68,270142
2023-10-17,601318.SH,47.51,47.77,47.38,47.39,325690
2023-10-18,601318.SH,47.11,47.16,46.01,46.05,694085
2023-10-19,601318.SH,45.6,46.09,45.55,45.84,481776
2023-10-22,601318.SH,45.79,46.2,45.5,45.94,387068
2023-10-23,601318.SH,46.03,46.5,45.68,46.1,432311
2023-10-24,601318.SH,45.98,46,45.43,45.51,374463
2023-10-25,601318.SH,45.3,45.8,45.25,45.7,280986
2023-10-26,601318.SH,45.19,45.54,44.55,45.18,618850
2023-10-29,601318.SH,45.19,45.49,44.81,45.31,455498
2023-10-30,601318.SH,45.42,45.93,45.18,45.46,423089
2023-10-31,601318.SH,45.79,45.88,45.02,45.11,378012
2023-11-01,601318.SH,45.21,45.59,45.01,45.06,292248
2023-11-02,601318.SH,45.19,45.31,44.89,45.24,386407
2023-11-05,601318.SH,45.6,46.17,45.51,46.06,562463
2023-11-06,601318.SH,45.88,45.9,45.24,45.3,520543
2023-11-07,601318.SH,45.3,45.43,44.55,44.63,703734
2023-11-08,601318.SH,44,44.2,42.86,43.28,1504542
2023-11-09,601318.SH,42.9,42.9,42.03,42.35,1049965
2023-11-12,601318.SH,42.3,42.44,42.06,42.39,493091
2023-11-13,601318.SH,42.55,42.81,42.39,42.61,558200
2023-11-14,601318.SH,43.12,43.61,42.88,43.36,728706
2023-11-15,601318.SH,43.13,43.35,42.77,42.87,386089
2023-11-16,601318.SH,42.63,42.82,42.33,42.66,404728
2023-11-19,601318.SH,42.71,43.05,42.48,42.91,324987
2023-11-20,601318.SH,42.91,43.55,42.91,43.07,432503
2023-11-21,601318.SH,42.95,43.05,42.71,42.73,249251
2023-11-22,601318.SH,42.69,43.05,42.51,43.05,263803
2023-11-23,601318.SH,43,43.03,42.63,42.69,280449
2023-11-26,601318.SH,42.6,42.64,41.61,41.85,585460
2023-11-27,601318.SH,41.8,42.06,41.58,41.67,372261
2023-11-28,601318.SH,41.67,41.73,40.5,40.75,679047
2023-11-29,601318.SH,40.67,41.07,40.62,40.8,388572
2023-11-30,601318.SH,40.65,41.18,40.3,41.02,486961
2023-12-03,601318.SH,40.85,41.27,40.31,40.38,399870
2023-12-04,601318.SH,40.12,40.17,39.51,39.53,506428
2023-12-05,601318.SH,39.5,39.75,39.29,39.53,433324
2023-12-06,601318.SH,39.36,39.72,38.88,39.34,501004
2023-12-07,601318.SH,39.25,39.63,39.19,39.19,378912
2023-12-10,601318.SH,39,39.71,38.56,39.6,555114
2023-12-11,601318.SH,39.42,39.81,39.25,39.79,358213
2023-12-12,601318.SH,39.7,39.7,38.89,38.89,412856
2023-12-13,601318.SH,39.23,39.47,38.69,38.7,332368
2023-12-14,601318.SH,39.15,39.56,38.73,38.79,507912
2023-12-17,601318.SH,38.4,38.85,38.31,38.61,329987
2023-12-18,601318.SH,38.58,38.98,38.4,38.71,332249
2023-12-19,601318.SH,38.71,38.9,38.43,38.45,299482
2023-12-20,601318.SH,38.26,38.97,38.13,38.8,424163
2023-12-21,601318.SH,38.76,39.38,38.68,39.1,424737
2023-12-24,601318.SH,39.05,39.28,38.91,39.18,203255
2023-12-25,601318.SH,39.18,39.18,38.82,39.1,199146
2023-12-26,601318.SH,39.1,39.16,38.68,39,295938
2023-12-27,601318.SH,39,40.35,38.85,40.26,609526
2023-12-28,601318.SH,40.06,40.44,40.05,40.3,341078
2024-01-01,601318.SH,40.3,40.31,39.46,39.47,437592
2024-01-02,601318.SH,39.47,39.66,39.19,39.4,363822
2024-01-03,601318.SH,39.36,39.58,38.66,38.9,467392
2024-01-04,601318.SH,38.85,39.58,38.68,38.97,499202
2024-01-07,601318.SH,38.97,39.17,38.22,38.45,514732
2024-01-08,601318.SH,38.45,38.58,38.2,38.38,370651
2024-01-09,601318.SH,38.29,38.45,37.82,37.82,441303
2024-01-10,601318.SH,37.8,38.66,37.62,38.43,381571
2024-01-11,601318.SH,38.19,38.54,38.03,38.03,303001
2024-01-14,601318.SH,37.87,38.49,37.7,38.17,327022
2024-01-15,601318.SH,38.04,38.76,37.94,38.7,544963
2024-01-16,601318.SH,38.46,38.55,38.01,38.01,561229
2024-01-17,601318.SH,37.75,39.03,37.64,38.99,861544
2024-01-18,601318.SH,38.8,39.34,38.55,39.2,639744
2024-01-21,601318.SH,39.07,39.93,38.97,39.48,961099
2024-01-22,601318.SH,39.2,39.71,38.7,39.36,601721
2024-01-23,601318.SH,39.66,40.3,39.08,40.17,761151
2024-01-24,601318.SH,40.15,41.51,40,41.15,986581
2024-01-25,601318.SH,41.05,41.34,40.65,41.25,785925
2024-01-28,601318.SH,41.26,41.69,40.92,40.98,620785
2024-01-29,601318.SH,40.6,40.91,40.17,40.19,570640
2024-01-30,601318.SH,40.15,40.85,39.99,40.51,557014
2024-01-31,601318.SH,40.12,40.63,39.93,40.3,490925
2024-02-01,601318.SH,40.3,40.55,39,40.1,690773
2024-02-04,601318.SH,40,40.99,39.68,40.68,806148
2024-02-05,601318.SH,40.67,41.68,40.37,41.56,823835
2024-02-06,601318.SH,41.69,42.4,41.35,42.38,916154
2024-02-07,601318.SH,42.52,42.95,42.15,42.78,768747
2024-02-18,601318.SH,42.99,43.08,42.52,42.73,544134
2024-02-19,601318.SH,42.65,42.67,42.1,42.35,469355
2024-02-20,601318.SH,42.18,44.3,42.02,43.59,1112492
2024-02-21,601318.SH,43.36,43.74,43.21,43.7,517452
2024-02-22,601318.SH,43.68,44.45,43.6,44.07,644217
2024-02-25,601318.SH,43.9,43.91,42.9,42.95,616196
2024-02-26,601318.SH,42.82,43.15,42.7,43.12,429013
2024-02-27,601318.SH,43.19,43.28,42.65,42.65,535764
2024-02-28,601318.SH,42.52,43.07,42.5,42.9,455092
2024-02-29,601318.SH,42.8,43.09,42.52,42.99,445774
2024-03-03,601318.SH,42.73,42.82,42.2,42.34,545047
2024-03-04,601318.SH,42.15,42.88,42.05,42.81,623437
2024-03-05,601318.SH,42.79,42.91,42.46,42.5,342763
2024-03-06,601318.SH,42.77,43.46,42.73,43.06,648962
2024-03-07,601318.SH,42.87,43.2,42.55,42.88,372494
2024-03-10,601318.SH,42.78,43.28,42.74,43.16,435973
2024-03-11,601318.SH,43.17,43.88,42.88,43.81,679206
2024-03-12,601318.SH,43.73,43.76,42.57,42.63,701216
2024-03-13,601318.SH,42.37,42.89,42.3,42.45,360890
2024-03-14,601318.SH,42.51,42.64,42.02,42.48,398675
2024-03-17,601318.SH,42.35,42.66,42.07,42.56,416263
2024-03-18,601318.SH,42.4,42.4,41.8,41.83,486015
2024-03-19,601318.SH,41.75,42.05,41.68,41.92,283617
2024-03-20,601318.SH,42.09,42.43,41.81,42.03,414976
2024-03-21,601318.SH,41.03,41.13,40.25,40.56,1125504
2024-03-24,601318.SH,40.45,40.88,40.35,40.44,437601
2024-03-25,601318.SH,40.44,40.95,40.44,40.9,402991
2024-03-26,601318.SH,40.78,40.98,40.65,40.65,346190
2024-03-27,601318.SH,40.6,41.26,40.45,40.69,432340
2024-03-28,601318.SH,40.78,41.24,40.69,40.81,335122
2024-03-31,601318.SH,40.95,41.25,40.9,41.25,387063
2024-04-01,601318.SH,41.19,41.46,40.91,41,399966
2024-04-02,601318.SH,40.9,41.05,40.5,40.5,463640
2024-04-07,601318.SH,40.28,40.43,39.88,40.22,435902
2024-04-08,601318.SH,40.27,40.48,40.1,40.11,293924
2024-04-09,601318.SH,39.99,40.07,39.1,39.2,667545
2024-04-10,601318.SH,39.03,39.14,38.61,38.95,443214
2024-04-11,601318.SH,38.8,38.99,37.67,37.78,918947
2024-04-14,601318.SH,37.78,38.5,37.68,38.36,771609
2024-04-15,601318.SH,38.36,38.79,38.08,38.28,626747
2024-04-16,601318.SH,38.27,39.02,38.01,38.95,594585
2024-04-17,601318.SH,38.9,40.3,38.81,39.7,846089
2024-04-18,601318.SH,39.47,39.78,39.2,39.42,368395
2024-04-21,601318.SH,39.49,40.09,39.49,39.83,391228
2024-04-22,601318.SH,39.82,40.1,39.61,39.89,342653
2024-04-23,601318.SH,40.39,40.7,40.11,40.6,549964
2024-04-24,601318.SH,40.52,41.28,40.3,41.06,582178
2024-04-25,601318.SH,40.99,41.78,40.81,41.53,694276
2024-04-28,601318.SH,41.5,42.88,41.41,42.08,875455
2024-04-29,601318.SH,42.08,42.16,41.32,41.36,518190
2024-05-05,601318.SH,43.15,43.28,42.37,42.49,1062747
2024-05-06,601318.SH,42.5,42.79,42.19,42.59,528152
2024-05-07,601318.SH,42.45,42.7,41.88,41.95,447335
2024-05-08,601318.SH,41.87,42.58,41.86,42.34,413541
2024-05-09,601318.SH,42.6,43.18,42.52,42.93,677670
2024-05-12,601318.SH,42.51,42.89,42.17,42.65,493481
2024-05-13,601318.SH,42.65,42.8,42.15,42.31,396512
2024-05-14,601318.SH,42.28,42.3,41.66,41.84,399119
2024-05-15,601318.SH,42.2,43.39,41.96,43.05,934782
2024-05-16,601318.SH,43.6,45.2,43.45,45.2,1894580
2024-05-19,601318.SH,45.7,46.07,44.83,45.46,1479453
2024-05-20,601318.SH,45.08,45.54,45.02,45.4,551096
2024-05-21,601318.SH,45.3,46.05,45.15,45.4,751337
2024-05-22,601318.SH,44.92,45.17,44.52,44.78,635923
2024-05-23,601318.SH,44.55,44.8,43.86,43.89,541286
2024-05-26,601318.SH,44,44.39,43.88,44.1,412742
2024-05-27,601318.SH,44.16,44.35,43.62,43.76,421922
2024-05-28,601318.SH,43.59,44.13,43.36,43.47,439423
2024-05-29,601318.SH,43.31,43.66,42.9,43.15,393955
2024-05-30,601318.SH,43.4,44.1,43.06,43.07,482492
2024-06-02,601318.SH,42.99,43.46,42.61,43.13,446518
2024-06-03,601318.SH,43.08,43.51,43.01,43.27,398178
2024-06-04,601318.SH,43.26,43.28,42.94,43.08,361880
2024-06-05,601318.SH,43.2,43.33,42.37,42.45,542621
2024-06-06,601318.SH,42.6,42.78,42,42.12,421394
2024-06-10,601318.SH,41.91,42.19,41.6,41.83,422363
2024-06-11,601318.SH,41.83,41.9,41.36,41.4,398340
2024-06-12,601318.SH,41.58,41.66,41.19,41.3,320428
2024-06-13,601318.SH,41.19,42.19,41.16,41.87,635624
2024-06-16,601318.SH,41.6,41.83,41.38,41.58,384727
2024-06-17,601318.SH,41.7,42.05,41.57,41.73,353452
2024-06-18,601318.SH,41.74,42.19,41.61,42,410640
2024-06-19,601318.SH,41.99,42.07,41.51,41.51,364790
2024-06-20,601318.SH,41.49,41.82,41.32,41.67,385055
2024-06-23,601318.SH,41.53,42.05,41.22,41.8,445928
2024-06-24,601318.SH,41.79,42.12,41.44,41.55,382836
2024-06-25,601318.SH,41.48,41.82,41.29,41.65,265061
2024-06-26,601318.SH,41.51,41.64,41.25,41.42,367975
2024-06-27,601318.SH,41.35,41.9,41.26,41.36,399345
2024-06-30,601318.SH,41.41,41.67,40.64,41.62,474198
2024-07-01,601318.SH,41.41,42.75,41.4,42.17,568857
2024-07-02,601318.SH,42.18,42.43,41.91,42.27,295748
2024-07-03,601318.SH,42.26,42.56,41.96,41.98,324851
2024-07-04,601318.SH,41.95,42.26,40.98,41.12,526718
2024-07-07,601318.SH,40.9,41.36,40.68,40.84,339548
2024-07-08,601318.SH,40.83,41.59,40.46,41.52,381403
2024-07-09,601318.SH,41.07,41.93,41.07,41.86,361273
2024-07-10,601318.SH,42.27,42.49,41.91,41.94,375570
2024-07-11,601318.SH,42,42.86,42,42.68,495697
2024-07-14,601318.SH,42.6,42.98,42.48,42.53,354848
2024-07-15,601318.SH,42,42.11,40.68,41.19,939985
2024-07-16,601318.SH,41.25,42.42,41.25,42.29,778406
2024-07-17,601318.SH,42.19,42.64,41.96,42.37,513624
2024-07-18,601318.SH,42.37,43.15,42.2,43.03,610775
2024-07-21,601318.SH,43.1,43.22,42.64,43,440562
2024-07-22,601318.SH,42.96,43.23,42.78,42.79,459790
2024-07-23,601318.SH,42.8,43.03,42.35,42.56,386095
2024-07-24,601318.SH,42.49,42.82,42.23,42.57,440474
2024-07-25,601318.SH,41.15,41.7,40.75,41.09,510378
2024-07-28,601318.SH,41.08,41.63,41.01,41.32,305650
2024-07-29,601318.SH,41.28,41.45,41.06,41.33,296922
2024-07-30,601318.SH,41.34,42.6,41.25,42.56,580878
2024-07-31,601318.SH,42.42,42.85,42.26,42.51,325140
2024-08-01,601318.SH,42.23,42.41,41.7,41.82,331373
2024-08-04,601318.SH,41.7,42.54,41.69,42,430509
2024-08-05,601318.SH,42.37,42.48,40.64,40.9,634343
2024-08-06,601318.SH,40.92,41.11,40.68,40.7,299781
2024-08-07,601318.SH,40.75,41.15,40.41,40.82,236432
2024-08-08,601318.SH,40.99,41.24,40.61,40.61,261785
2024-08-11,601318.SH,40.53,40.73,40.31,40.62,152199
2024-08-12,601318.SH,40.62,40.81,40.51,40.78,166506
2024-08-13,601318.SH,40.81,40.94,40.49,40.49,206504
2024-08-14,601318.SH,40.51,41.67,40.22,41.32,534167
2024-08-15,601318.SH,41.32,41.75,41.25,41.61,269574
2024-08-18,601318.SH,41.61,42.17,41.59,42.07,287912
2024-08-19,601318.SH,42.15,42.17,41.7,41.92,293763
2024-08-20,601318.SH,41.98,42.08,41.41,41.97,236174
2024-08-21,601318.SH,41.96,42.25,41.64,41.71,304977
2024-08-22,601318.SH,42.04,43.46,41.93,43.35,994234
2024-08-25,601318.SH,43.46,43.64,43.05,43.35,475806
2024-08-26,601318.SH,43.28,43.55,42.96,43.15,339647
2024-08-27,601318.SH,43.24,43.38,42.93,43.19,348395
2024-08-28,601318.SH,43.18,43.56,42.46,42.62,476945
2024-08-29,601318.SH,42.71,44.53,42.71,44.03,1100006
2024-09-01,601318.SH,43.88,44.17,43.45,43.45,513171
2024-09-02,601318.SH,43.61,43.62,43.08,43.21,368220
2024-09-03,601318.SH,43.22,43.64,42.45,42.64,409949
2024-09-04,601318.SH,42.63,43.51,42.61,43.42,466511
2024-09-05,601318.SH,43.42,43.98,43.16,43.25,390258
2024-09-08,601318.SH,43.08,43.25,42.55,42.68,401725
2024-09-09,601318.SH,42.75,43.05,42.29,42.66,293656
2024-09-10,601318.SH,42.64,42.92,42.37,42.52,274074
2024-09-11,601318.SH,42.73,42.77,41.82,42.6,410839
2024-09-12,601318.SH,42.56,43.4,42.5,42.89,344396
2024-09-17,601318.SH,43,43.79,42.93,43.7,432638
2024-09-18,601318.SH,43.72,44.1,43.32,44.03,466500
2024-09-19,601318.SH,43.98,44.29,43.74,44.15,532924
2024-09-22,601318.SH,44.13,44.4,43.86,44.09,295240
2024-09-23,601318.SH,44.6,46.5,44.47,46.5,1208992
2024-09-24,601318.SH,47.6,48.2,47.25,47.36,1382985
2024-09-25,601318.SH,47.59,50.44,47.2,50.42,1637653
2024-09-26,601318.SH,51.9,52.16,50.7,51.9,1394877
2024-09-29,601318.SH,54.48,57.09,54.4,57.09,2621254
2024-10-07,601318.SH,62.8,62.8,59.1,61.73,3961043
2024-10-08,601318.SH,60,60,55.65,55.7,2855096
2024-10-09,601318.SH,56.63,60.59,56.31,58.5,2226730
2024-10-10,601318.SH,57.8,59.86,57.03,57.54,1312124
2024-10-13,601318.SH,58.39,59.24,57.55,58.67,1177738
2024-10-14,601318.SH,58.58,59.28,57.09,57.19,1027900
2024-10-15,601318.SH,56.78,57.83,56.61,57.38,855016
2024-10-16,601318.SH,57.9,58.8,56.97,57,783575
2024-10-17,601318.SH,56.08,58.35,54.75,57.18,1494662
2024-10-20,601318.SH,57.4,57.47,56.18,56.9,875313
2024-10-21,601318.SH,56.8,58.2,56.58,57.06,846011
2024-10-22,601318.SH,57.2,59.3,56.9,58.31,1191927
2024-10-23,601318.SH,57.9,58.48,57.63,58.1,512730
2024-10-24,601318.SH,58.01,58.48,57.56,57.7,539445
2024-10-27,601318.SH,57.78,58.06,57.08,57.5,578810
2024-10-28,601318.SH,57.5,58.46,57.44,57.63,620100
2024-10-29,601318.SH,57.49,57.91,55.68,55.97,907479
2024-10-30,601318.SH,55.96,56.8,55.4,55.92,757630
2024-10-31,601318.SH,56.15,57,56,56.15,650139
2024-11-03,601318.SH,56.17,56.97,55.93,56.97,530740
2024-11-04,601318.SH,56.82,58.88,56.28,58.75,1201144
2024-11-05,601318.SH,58.89,59.05,56.95,57.49,1262518
2024-11-06,601318.SH,57,61,56.9,60.84,1864263
2024-11-07,601318.SH,61.2,61.49,59.01,59.12,1322990
2024-11-10,601318.SH,58.13,58.52,57.52,58.4,917160
2024-11-11,601318.SH,58.4,58.97,56.88,57.01,962893
2024-11-12,601318.SH,56.7,57.5,56.62,57.19,618245
2024-11-13,601318.SH,57.19,58.09,56.9,57,663232
2024-11-14,601318.SH,56.9,57.48,55.8,55.8,780597
2024-11-17,601318.SH,56.1,57.16,55.38,55.76,684296
2024-11-18,601318.SH,56,56.12,55.1,55.61,528193
2024-11-19,601318.SH,55.62,55.8,55.2,55.46,469971
2024-11-20,601318.SH,55.49,55.67,55.12,55.49,410245
2024-11-21,601318.SH,55.47,55.47,53,53.03,1006808
2024-11-24,601318.SH,53,53.25,52.14,52.57,702698
2024-11-25,601318.SH,52.5,53.27,52.37,53.05,407618
2024-11-26,601318.SH,53.06,53.6,52.79,53.55,444464
2024-11-27,601318.SH,53.57,53.99,52.83,53.17,425502
2024-11-28,601318.SH,53.15,54.42,53.04,53.25,563571
2024-12-01,601318.SH,53.2,54.23,53.18,54.01,449606
2024-12-02,601318.SH,53.85,54.61,53.55,54.43,470058
2024-12-03,601318.SH,54.18,54.34,53.71,53.93,381887
2024-12-04,601318.SH,53.69,54.05,53.49,53.68,295889
2024-12-05,601318.SH,53.79,55.69,53.78,55.12,789837
2024-12-08,601318.SH,54.95,55.3,54.45,54.83,510463
2024-12-09,601318.SH,56.9,57.18,55.5,55.62,1000984
2024-12-10,601318.SH,55.61,55.93,54.88,54.9,504784
2024-12-11,601318.SH,54.96,55.85,54.7,55.58,526336
2024-12-12,601318.SH,55.2,55.21,53.68,53.74,887096
2024-12-15,601318.SH,53.71,53.99,52.93,53.12,658592
2024-12-16,601318.SH,52.9,53.47,52.74,53.01,537694
2024-12-17,601318.SH,53.33,53.68,52.88,52.94,504461
2024-12-18,601318.SH,52.6,52.94,52.35,52.89,405496
2024-12-19,601318.SH,52.89,53.23,52.52,52.62,461965
2024-12-22,601318.SH,52.62,53.48,52.62,53.1,555505
2024-12-23,601318.SH,53.08,53.83,53,53.78,495609
2024-12-24,601318.SH,53.81,54.31,53.57,53.9,417399
2024-12-25,601318.SH,53.89,53.94,53.36,53.45,379222
2024-12-26,601318.SH,53.45,53.75,52.71,53.27,537757
2024-12-29,601318.SH,53.22,53.9,53.21,53.9,533438
2024-12-30,601318.SH,53.79,54.02,52.65,52.65,677118
2025-01-01,601318.SH,52.7,52.73,50.39,50.71,948579
2025-01-02,601318.SH,51,51.09,50.08,50.3,551352
2025-01-05,601318.SH,50.55,50.62,49.83,50.34,413490
2025-01-06,601318.SH,50.19,50.36,49.81,50.17,392787
2025-01-07,601318.SH,50.18,50.58,49.55,50.3,510383
2025-01-08,601318.SH,50.26,50.41,49.8,49.81,400821
2025-01-09,601318.SH,49.82,50.08,48.9,48.95,522704
2025-01-12,601318.SH,48.48,48.8,48.1,48.59,511393
2025-01-13,601318.SH,48.59,49.58,48.5,49.36,615774
2025-01-14,601318.SH,49.25,49.66,48.91,49.11,458029
2025-01-15,601318.SH,49.3,49.75,48.93,49.25,415761
2025-01-16,601318.SH,49.1,49.57,48.77,49.38,460747
2025-01-19,601318.SH,49.72,50.3,49.66,49.81,491736
2025-01-20,601318.SH,50.2,50.39,49.66,49.9,409951
2025-01-21,601318.SH,49.72,49.92,48.85,48.95,530780
2025-01-22,601318.SH,49.82,51.45,49.78,50.37,969105
2025-01-23,601318.SH,50.18,51.37,50.1,50.86,616779
2025-01-26,601318.SH,51.03,51.62,50.81,50.85,524547
2025-02-04,601318.SH,50.98,51,49.67,49.72,583072
2025-02-05,601318.SH,49.73,50.5,49.68,50.25,415037
2025-02-06,601318.SH,50.18,51.44,49.84,50.88,725812
2025-02-09,601318.SH,50.89,51.36,50.8,50.9,431815
2025-02-10,601318.SH,51.2,51.24,50.37,50.52,381844
2025-02-11,601318.SH,50.52,51.12,50.18,51.08,446994
2025-02-12,601318.SH,50.92,51.78,50.81,51.02,590363
2025-02-13,601318.SH,50.99,51.86,50.8,51.7,599772
2025-02-16,601318.SH,51.83,52.38,51.41,51.84,625710
2025-02-17,601318.SH,51.67,52.18,51.2,51.31,650082
2025-02-18,601318.SH,51.19,51.83,51.02,51.45,464426
2025-02-19,601318.SH,51.23,51.31,50.66,50.78,515385
2025-02-20,601318.SH,50.99,51.5,50.46,51.2,668761
2025-02-23,601318.SH,51.2,52.48,51.05,52,835823
2025-02-24,601318.SH,51.5,52.1,50.85,50.98,642429
2025-02-25,601318.SH,51.1,51.78,51.03,51.62,536578
2025-02-26,601318.SH,51.78,51.8,51.12,51.62,547240
2025-02-27,601318.SH,51.4,51.65,50.38,50.38,805268
2025-03-02,601318.SH,50.55,50.82,50.06,50.33,423161
2025-03-03,601318.SH,50.08,50.29,50,50.08,372432
2025-03-04,601318.SH,50.18,50.55,50.01,50.38,455072
2025-03-05,601318.SH,50.77,51.93,50.53,51.64,1045821
2025-03-06,601318.SH,51.6,51.84,51.32,51.5,481479
2025-03-09,601318.SH,51.51,51.66,50.78,51.25,611283
2025-03-10,601318.SH,50.71,51.5,50.6,51.5,529147
2025-03-11,601318.SH,51.5,51.6,51.01,51.15,470578
2025-03-12,601318.SH,51.15,51.55,50.93,51.14,411448
2025-03-13,601318.SH,51.33,53.89,51.21,53.47,1502449
2025-03-16,601318.SH,53.47,53.62,53.1,53.38,605172
2025-03-17,601318.SH,53.7,54.19,53.64,53.76,587740
2025-03-18,601318.SH,53.68,54.3,53.57,54.07,509874
2025-03-19,601318.SH,54.05,54.06,52.23,52.49,1140723
2025-03-20,601318.SH,52.4,52.66,51.68,51.75,795715
2025-03-23,601318.SH,51.82,52.28,51.82,52.13,508657
2025-03-24,601318.SH,52.15,52.21,51.82,51.96,344402
2025-03-25,601318.SH,51.98,52.09,51.72,51.72,403995
2025-03-26,601318.SH,51.71,52.45,51.53,52.06,432169
2025-03-27,601318.SH,52.2,52.37,51.85,51.96,353664
2025-03-30,601318.SH,51.9,52.25,51.39,51.63,468390
2025-03-31,601318.SH,51.6,51.86,51.41,51.62,394321
2025-04-01,601318.SH,51.58,51.96,51.53,51.86,283274
2025-04-02,601318.SH,51.39,52,51.38,51.48,373348
2025-04-06,601318.SH,49.3,49.77,47,48.56,1727558
2025-04-07,601318.SH,48.55,49.26,48.1,49.26,1117530
2025-04-08,601318.SH,48.8,49.25,48.36,48.93,737907
2025-04-09,601318.SH,49.36,49.8,49.21,49.48,657915
2025-04-10,601318.SH,49.48,49.54,48.98,49.35,450121
2025-04-13,601318.SH,49.6,49.85,49.44,49.48,387484
2025-04-14,601318.SH,49.48,49.97,49.26,49.83,407762
2025-04-15,601318.SH,49.72,50.17,49.4,49.88,467924
2025-04-16,601318.SH,49.69,50.28,49.58,50.16,377043
2025-04-17,601318.SH,50.05,50.66,49.95,50.44,338811
2025-04-20,601318.SH,50.4,50.61,50.2,50.28,263784
2025-04-21,601318.SH,50.2,50.79,50.12,50.57,355098
2025-04-22,601318.SH,50.76,50.95,50.46,50.7,298773
2025-04-23,601318.SH,50.7,51.48,50.7,51.22,423839
2025-04-24,601318.SH,51.24,51.59,51.22,51.33,368499
2025-04-27,601318.SH,50.42,51.34,50.03,51.21,518666
2025-04-28,601318.SH,51.17,51.64,50.86,51,337540
2025-04-29,601318.SH,51.1,51.55,50.68,50.71,377944
2025-05-05,601318.SH,51,51.15,50.55,50.8,391512
2025-05-06,601318.SH,51.42,51.63,51.03,51.18,420640
2025-05-07,601318.SH,51.01,52.35,50.9,51.96,671350
2025-05-08,601318.SH,51.91,52.16,51.75,51.75,290709
2025-05-11,601318.SH,52.23,52.75,52,52.6,577372
2025-05-12,601318.SH,52.79,52.79,52.25,52.46,403920
2025-05-13,601318.SH,52.45,55.18,52.34,54.69,1577230
2025-05-14,601318.SH,54.39,54.8,54.1,54.25,569303
2025-05-15,601318.SH,54.05,54.44,53.38,53.39,466130
2025-05-18,601318.SH,53.29,53.73,53.2,53.3,324266
2025-05-19,601318.SH,53.45,54.18,53.4,53.68,352669
2025-05-20,601318.SH,53.7,54.4,53.7,53.85,333066
2025-05-21,601318.SH,53.76,53.99,53.53,53.84,240658
2025-05-22,601318.SH,53.81,54.46,53.17,53.23,430491
2025-05-25,601318.SH,53.16,54.15,53,53.4,388130
2025-05-26,601318.SH,53.4,53.86,53.3,53.4,255725
2025-05-27,601318.SH,53.4,53.69,53.12,53.29,261698
2025-05-28,601318.SH,53.3,53.83,53.09,53.52,348683
2025-05-29,601318.SH,53.37,53.69,52.85,53.28,417239
2025-06-02,601318.SH,53.21,54.11,53,53.85,453738
2025-06-03,601318.SH,53.61,54.15,53.61,53.76,430897
2025-06-04,601318.SH,53.77,54.18,53.66,53.99,419100
2025-06-05,601318.SH,54,54.12,53.35,53.41,408553
2025-06-08,601318.SH,53.55,53.94,53.5,53.72,397887
2025-06-09,601318.SH,53.71,54.1,53.31,53.43,467079
2025-06-10,601318.SH,53.4,54.65,53.4,54.46,681830
2025-06-11,601318.SH,54.3,55.33,54.03,54.81,589999
2025-06-12,601318.SH,54.83,54.9,54.28,54.48,480229
2025-06-15,601318.SH,54.33,54.58,54.06,54.32,496771
2025-06-16,601318.SH,54.3,54.51,53.94,54.23,506289
2025-06-17,601318.SH,54.18,54.28,53.3,53.81,469364
2025-06-18,601318.SH,53.69,53.8,53.12,53.2,401881
2025-06-19,601318.SH,53.19,54.86,53.19,54.74,847430
2025-06-22,601318.SH,54.5,55.25,54.26,55.1,614705
2025-06-23,601318.SH,55.21,56.97,55.2,56.79,1040798
2025-06-24,601318.SH,56.8,58,56.58,57.88,1046131
2025-06-25,601318.SH,57.79,58.08,57.47,57.58,500740
2025-06-26,601318.SH,57.58,58.13,56.61,56.96,667632
2025-06-29,601318.SH,55.5,55.95,55.13,55.48,564782
2025-06-30,601318.SH,55.66,55.89,55.3,55.7,352746
2025-07-01,601318.SH,55.7,56.01,55.35,55.81,395629
2025-07-02,601318.SH,55.9,56.2,55.66,55.8,325101
2025-07-03,601318.SH,55.7,57.39,55.43,56.57,654544
2025-07-06,601318.SH,56.59,56.8,56.06,56.43,321763
2025-07-07,601318.SH,56.4,56.78,56.11,56.45,343460
2025-07-08,601318.SH,56.45,56.78,55.88,55.9,395463
2025-07-09,601318.SH,55.9,57.58,55.81,57.13,828882
2025-07-10,601318.SH,57,59.02,56.96,57.71,1076429
2025-07-13,601318.SH,57.69,58.24,57.57,57.57,449058
2025-07-14,601318.SH,57.75,57.96,56.98,57.1,441726
2025-07-15,601318.SH,57.17,57.24,56.21,56.83,481825
2025-07-16,601318.SH,56.7,57.06,56.68,56.81,277123
2025-07-17,601318.SH,56.95,57.45,56.86,57.07,436240
2025-07-20,601318.SH,57.15,57.75,56.9,57.19,466733
2025-07-21,601318.SH,57.19,57.2,56.1,56.7,695203
2025-07-22,601318.SH,56.84,58.38,56.81,58,869407
2025-07-23,601318.SH,57.97,59,57.71,58.64,707737
2025-07-24,601318.SH,58.3,58.55,57.82,58.08,508335
2025-07-27,601318.SH,58.2,60.2,58.2,60.09,1221217
2025-07-28,601318.SH,60.06,60.28,59.37,59.49,566092
2025-07-29,601318.SH,59.48,61.33,59.35,60.71,921993
2025-07-30,601318.SH,60.41,60.5,58.38,58.69,827601
2025-07-31,601318.SH,58.68,59.06,58.08,58.2,488786
2025-08-03,601318.SH,58.1,58.34,57.85,58.21,360078
2025-08-04,601318.SH,58.3,59.41,58.2,59.14,482956
2025-08-05,601318.SH,59.14,59.64,58.82,59.06,324469
2025-08-06,601318.SH,59.11,59.46,58.53,58.88,327972
2025-08-07,601318.SH,58.88,58.9,58.22,58.54,397933
2025-08-10,601318.SH,58.77,59.14,58.47,58.47,431869
2025-08-11,601318.SH,58.47,59.07,58.47,58.75,426985
2025-08-12,601318.SH,58.92,59.4,58.46,58.61,728453
2025-08-13,601318.SH,58.8,60.6,58.77,59.62,1022768
2025-08-14,601318.SH,59.6,60.45,59,59.8,892968
2025-08-17,601318.SH,59.92,60.35,59.34,59.34,957263
2025-08-18,601318.SH,59.77,60.18,58.08,58.2,954810
2025-08-19,601318.SH,58.09,59.2,57.69,59.2,762725
2025-08-20,601318.SH,59.2,59.96,58.91,59.62,574601
2025-08-21,601318.SH,59.51,60.51,59.44,60.5,780974
2025-08-24,601318.SH,60.6,61.05,60.11,61,670113
2025-08-25,601318.SH,60.9,61,60.45,60.52,491986
2025-08-26,601318.SH,60.38,60.45,58.69,58.69,1064558
2025-08-27,601318.SH,58.75,59.12,58.31,58.84,636105
2025-08-28,601318.SH,58.95,61.1,58.94,59.88,1080309
2025-08-31,601318.SH,59.79,59.79,58.33,58.51,948525
2025-09-01,601318.SH,58.5,58.8,58.22,58.66,649036
2025-09-02,601318.SH,58.94,59.1,57.36,57.78,714746
2025-09-03,601318.SH,57.77,57.97,57.06,57.5,727436
2025-09-04,601318.SH,57.5,58.06,57.03,57.9,558184
2025-09-07,601318.SH,57.76,58.04,57.32,57.7,487733
2025-09-08,601318.SH,57.76,58.29,57.55,58,518911
2025-09-09,601318.SH,57.77,58.16,57.62,57.87,308470
2025-09-10,601318.SH,57.9,58.69,57.6,58.69,595072
2025-09-11,601318.SH,58.98,59.2,57.5,57.68,735376
2025-09-14,601318.SH,57.65,57.99,57.09,57.33,546842
2025-09-15,601318.SH,57.35,57.45,56.5,56.62,685714
2025-09-16,601318.SH,56.66,56.97,56.45,56.57,684652
2025-09-17,601318.SH,56.64,56.67,55.11,55.28,1012074
2025-09-18,601318.SH,55.29,56,55,55.1,543321
2025-09-21,601318.SH,55.37,55.65,55,55.15,374438
2025-09-22,601318.SH,55.03,55.79,54.74,55.02,612961
2025-09-23,601318.SH,55.29,55.75,54.95,55.29,503174
2025-09-24,601318.SH,55.28,55.39,55.03,55.09,514296
2025-09-25,601318.SH,55.02,55.55,54.66,55.22,548622
2025-09-28,601318.SH,55.18,57.32,55.03,56.01,1035110
2025-09-29,601318.SH,55.8,56.2,55,55.11,767082
2025-10-08,601318.SH,55.04,55.28,54.25,55.04,824067
2025-10-09,601318.SH,54.73,55.97,54.73,55.54,641465
2025-10-12,601318.SH,54.51,55.33,54.51,55.1,609656
2025-10-13,601318.SH,55.58,56.68,55.52,56.48,1022940
2025-10-14,601318.SH,56.48,57.97,56.3,57.81,837046
2025-10-15,601318.SH,57.68,58.58,57.61,58.02,681478
2025-10-16,601318.SH,58,58.48,57.17,57.28,677493
2025-10-19,601318.SH,58.33,58.57,57.45,57.9,526695
2025-10-20,601318.SH,57.93,58.92,57.93,58.08,762200
2025-10-21,601318.SH,58,58.5,57.93,58.21,379893
2025-10-22,601318.SH,58.22,58.87,58.09,58.75,503501
2025-10-23,601318.SH,58.14,58.49,57.75,57.88,558242
2025-10-26,601318.SH,58,58.39,57.5,57.75,685004
2025-10-27,601318.SH,57.79,58.23,57.62,57.76,491305
2025-10-28,601318.SH,58.6,59.7,58.49,58.95,1044432
2025-10-29,601318.SH,59.3,60.1,58.58,58.65,745713
2025-10-30,601318.SH,58.99,58.99,57.8,57.83,572542
2025-11-02,601318.SH,58.27,58.7,57.86,58.31,411430
2025-11-03,601318.SH,58.35,59.13,58.2,58.94,518126
2025-11-04,601318.SH,58.4,58.84,57.92,58.32,402158
2025-11-05,601318.SH,58.35,59.28,58.34,58.9,547346
2025-11-06,601318.SH,58.78,59.15,58.66,58.89,371910
2025-11-09,601318.SH,58.85,59.4,58.44,59.3,529487
2025-11-10,601318.SH,59.3,59.5,58.81,59.2,362504
2025-11-11,601318.SH,59.3,60.79,59.3,60.03,1490246
2025-11-12,601318.SH,60.29,61.38,60.29,60.88,890187
2025-11-13,601318.SH,60.85,62.27,60.65,60.65,752741
2025-11-16,601318.SH,60.69,61,59.46,59.83,560197
2025-11-17,601318.SH,59.67,60.15,59.48,59.62,445712
2025-11-18,601318.SH,59.8,61.12,59.71,60.37,705865
2025-11-19,601318.SH,60.6,61.15,60.03,60.2,394491
2025-11-20,601318.SH,60,60.1,58.88,58.91,685580
2025-11-23,601318.SH,59.16,59.2,58.35,58.4,534709
2025-11-24,601318.SH,58.68,59.82,58.23,59.47,487771
2025-11-25,601318.SH,59.66,60.22,59.32,59.78,434693
2025-11-26,601318.SH,59.5,59.73,58.7,59.34,505701
2025-11-27,601318.SH,59.21,59.29,58.51,58.99,433558
2025-11-30,601318.SH,58.91,59.18,58.41,58.63,445804
2025-12-01,601318.SH,58.8,59.4,58.45,58.8,373837
2025-12-02,601318.SH,58.75,59.02,58.15,58.35,335494
2025-12-03,601318.SH,58.35,58.55,58.21,58.55,217664
2025-12-04,601318.SH,58.65,62.2,58.55,61.99,1377948
2025-12-07,601318.SH,62.04,63.8,62,63.4,1029979
2025-12-08,601318.SH,63.4,63.69,62.42,62.45,483731
2025-12-09,601318.SH,62.66,63.06,62.13,62.55,448822
2025-12-10,601318.SH,62.8,63.36,62.17,62.53,477963
2025-12-11,601318.SH,62.56,64.09,62.41,63.91,1091760
2025-12-14,601318.SH,63.68,67.44,63.52,67.08,1546643
2025-12-15,601318.SH,66.71,68.11,66.16,67,1056821
2025-12-16,601318.SH,67.05,68.63,66.65,68.05,962118
2025-12-17,601318.SH,67.88,68.58,67.59,68.5,563606
2025-12-18,601318.SH,68.15,68.78,67.6,68.75,638476
2025-12-21,601318.SH,68.7,69.27,68.2,68.54,556942
2025-12-22,601318.SH,68.56,70.24,68.35,69.49,765720
2025-12-23,601318.SH,69.17,69.38,68.35,69.03,511320
2025-12-24,601318.SH,69,71.98,68.98,70.8,777898
2025-12-25,601318.SH,70.44,71.96,70.43,71.16,657017
2025-12-28,601318.SH,71,71.66,69.79,69.88,655665
2025-12-29,601318.SH,69.75,70.23,68.39,68.8,1046674
2025-12-30,601318.SH,68.78,69.23,68.15,68.4,458069
2026-01-04,601318.SH,69.2,73,69.2,72.36,1228831
2026-01-05,601318.SH,72.4,74.88,72.4,74.32,1468516
2026-01-06,601318.SH,73.89,74.7,73.29,73.45,919695
2026-01-07,601318.SH,73.37,73.4,69.66,70.38,1685392
2026-01-08,601318.SH,70.6,71.28,68.24,69,2063348
2026-01-11,601318.SH,68.9,69,67.22,67.55,1851661
2026-01-12,601318.SH,67.8,69.98,67.78,68.2,1502151
2026-01-13,601318.SH,68.35,68.93,66.82,67,1431109
2026-01-14,601318.SH,66.9,68.38,66.69,67.41,1066614
2026-01-15,601318.SH,67.6,67.94,65.8,66.33,1356100
2026-01-18,601318.SH,66.28,66.95,65.91,66.3,838681
2026-01-19,601318.SH,66.35,67.77,66.11,66.6,988500
2026-01-20,601318.SH,66.64,67.18,65.65,65.85,935402
2026-01-21,601318.SH,66.13,66.58,64.52,64.8,1143922
2026-01-22,601318.SH,65.2,65.48,63.66,63.9,1407699
2026-01-25,601318.SH,64,66.25,63.77,64.14,2013846
2026-01-26,601318.SH,64.31,66.35,64.27,65.31,1508841
2026-01-27,601318.SH,65.87,66.05,64.43,64.75,1992854
2026-01-28,601318.SH,65.03,68.03,64.53,68,2755713
2026-01-29,601318.SH,68.01,68.69,66.39,66.75,1603228
2026-02-01,601318.SH,66.35,68.33,65.73,66.02,1354549
2026-02-02,601318.SH,66.9,67.4,65.62,66.58,1033225
2026-02-03,601318.SH,66.45,67.45,66.23,67.4,877403
2026-02-04,601318.SH,67.17,67.99,66.16,67.35,908191
2026-02-05,601318.SH,66.88,67.61,66.42,66.9,749275
2026-02-08,601318.SH,67.45,69.1,67.11,68.7,1021237
2026-02-09,601318.SH,68.71,68.8,67.8,68.19,548735
2026-02-10,601318.SH,68.25,68.68,67.06,67.5,618032
2026-02-11,601318.SH,67.6,67.68,66.35,66.54,646372
2026-02-12,601318.SH,66.15,66.35,65.06,65.29,840772
2026-02-23,601318.SH,65.77,66.25,64.37,64.5,800053
2026-02-24,601318.SH,64.7,65.74,64.7,65.05,683556
2026-02-25,601318.SH,65.5,65.53,63.29,63.5,1036146
2026-02-26,601318.SH,63.6,63.74,63.06,63.09,633012
2026-03-01,601318.SH,62.41,63.11,61.7,62.35,1010862
2026-03-02,601318.SH,62.45,63.72,61.93,62.57,1095535
2026-03-03,601318.SH,62.2,62.56,60.65,61.79,1008134
2026-03-04,601318.SH,62.01,62.72,61.8,62.08,546365
2026-03-05,601318.SH,61.79,63.35,61.66,62.67,574633
2026-03-08,601318.SH,61.44,61.52,60.01,61.4,930368
2026-03-09,601318.SH,61.86,62.38,61.72,62.09,462184
2026-03-10,601318.SH,62.09,62.91,61.8,62.55,517270
2026-03-11,601318.SH,62.15,62.43,61.22,61.6,668542
2026-03-12,601318.SH,61.37,61.87,61.08,61.2,458041
2026-03-15,601318.SH,61.2,61.36,60.1,60.48,818596
2026-03-16,601318.SH,60.59,62.8,60.58,61.84,901850
2026-03-17,601318.SH,61.87,62.32,61.5,61.89,490471
2026-03-18,601318.SH,61.2,61.29,60.4,60.62,684722
2026-03-19,601318.SH,60.8,60.9,59.7,59.74,620767
2026-03-22,601318.SH,58.9,59,57.24,57.47,1253823
2026-03-23,601318.SH,58,58.34,57.5,58.12,681870
2026-03-24,601318.SH,58.5,59.36,58.42,58.79,562389
2026-03-25,601318.SH,58.78,58.78,56.53,56.8,1011896
2026-03-26,601318.SH,56.86,57.39,56.42,56.95,834379
2026-03-29,601318.SH,56.34,56.55,55.84,56.33,737544
2026-03-30,601318.SH,56.29,57.69,56.21,56.78,764114
2026-03-31,601318.SH,57.58,58.29,57.54,58.18,684035
2026-04-01,601318.SH,58,58,57.16,57.26,459794
2026-04-02,601318.SH,57.58,57.77,57.24,57.25,343678
2026-04-06,601318.SH,57.3,57.55,56.41,56.69,503858
2026-04-07,601318.SH,58,59.65,58,59.45,1121527
2026-04-08,601318.SH,59,59,58.3,58.74,570201
2026-04-09,601318.SH,59,59.84,58.78,58.82,637912
2026-04-12,601318.SH,58.2,58.21,57.61,57.75,684544
2026-04-13,601318.SH,58.23,59.2,58.13,58.97,675142
2026-04-14,601318.SH,59.4,59.72,58.61,58.7,513713
2026-04-15,601318.SH,58.71,59.03,58.25,58.52,544368
2026-04-16,601318.SH,58.4,58.4,57.61,57.92,612324
2026-04-19,601318.SH,57.87,58.67,57.74,58.54,633437
2026-04-20,601318.SH,58.54,59.11,58.03,58.03,544020
2026-04-21,601318.SH,58.03,58.6,57.65,58.03,579570
2026-04-22,601318.SH,57.98,58.58,57.53,57.88,661174
2026-04-23,601318.SH,57.71,57.97,57.06,57.78,554002
2026-04-26,601318.SH,57.8,58.55,57.46,57.55,640671
2026-04-27,601318.SH,57.47,58.11,57.2,57.63,624602
2026-04-28,601318.SH,57.62,59.59,57.59,59.43,1609315
2026-04-29,601318.SH,59.12,60.6,59.12,59.37,1063010
2026-05-05,601318.SH,59.38,59.84,59.05,59.36,905083
2026-05-06,601318.SH,59.6,61.11,59.6,60.04,1313748
2026-05-07,601318.SH,59.9,60.26,59.74,60.06,732049
2026-05-10,601318.SH,59.78,60.55,59.26,60.1,961991
2026-05-11,601318.SH,60.1,60.5,59.25,59.4,690007
2026-05-12,601318.SH,59.32,59.62,57.63,58.04,1034345
2026-05-13,601318.SH,58.26,58.52,56.85,56.9,907187
2026-05-14,601318.SH,56.98,57.14,55.29,55.5,1181904
2026-05-17,601318.SH,55.4,55.46,54.4,54.89,810415
2026-05-18,601318.SH,55.01,55.21,54.12,54.48,839122
2026-05-19,601318.SH,54.4,54.4,53.83,54.11,743889
2026-05-20,601318.SH,54.45,55.33,53.68,53.76,1035931
2026-05-21,601318.SH,54.11,54.2,53.47,53.68,669699
2026-05-24,601318.SH,53.83,54.98,53.58,54.22,867977
2026-05-25,601318.SH,54.15,55.1,53.89,54.27,910010
2026-05-26,601318.SH,54.28,54.29,53.06,53.27,862011
2026-05-27,601318.SH,53.26,53.4,52.15,52.47,875600
2026-05-28,601318.SH,52.59,53.68,52.51,53.5,1000113
2026-05-31,601318.SH,53.49,54.1,53.15,53.85,775307
2026-06-01,601318.SH,53.86,54.55,53.62,54.08,784941
2026-06-02,601318.SH,54.06,54.2,53.5,53.7,625066
2026-06-03,601318.SH,53.61,54.08,53.04,53.23,576226
2026-06-04,601318.SH,53.3,54.58,53.24,53.48,937165
2026-06-07,601318.SH,53.06,53.96,52.9,53.38,720540
2026-06-08,601318.SH,53.18,54.05,53.15,53.93,710030
2026-06-09,601318.SH,52.25,53.48,52.1,53.22,903235
2026-06-10,601318.SH,53.22,53.97,52.35,52.64,647641
2026-06-11,601318.SH,52.46,54.24,52.11,54.01,1102953
2026-06-14,601318.SH,54.3,55.96,53.8,54.23,1010577
2026-06-15,601318.SH,53.99,54.09,52.75,52.99,812508
2026-06-16,601318.SH,53.24,53.34,52.5,52.76,653906
2026-06-17,601318.SH,52.59,52.64,49.37,49.38,2178321
2026-06-21,601318.SH,49.39,52.29,48.66,51.98,1724972
2026-06-22,601318.SH,51.46,52.43,50.11,50.4,1220116
2026-06-23,601318.SH,50.69,50.88,49.03,49.12,1094158
2026-06-24,601318.SH,48.75,50.46,48.56,49.3,1214523
2026-06-25,601318.SH,49.29,49.49,47.2,47.23,1426441
2026-06-28,601318.SH,47.3,48.87,46.9,48.6,1089609
2026-06-29,601318.SH,48.3,48.94,47.35,47.74,949813
2026-06-30,601318.SH,47.6,50.09,47.19,49.53,1386217
2026-07-01,601318.SH,49.35,50.2,48.8,48.92,920130
2026-07-02,601318.SH,49.5,49.78,48.31,49.09,803331
2026-07-05,601318.SH,49.05,50.2,48.81,50.1,944956
2026-07-06,601318.SH,49.93,50.22,49.17,49.29,697675
2026-07-07,601318.SH,49.36,49.8,48.96,49.54,540995
2026-07-08,601318.SH,49.26,49.61,48.91,49.49,662369
2026-07-09,601318.SH,49.47,49.97,48.97,49.48,764946
2026-07-12,601318.SH,49.36,49.73,49.11,49.53,716524
2026-07-13,601318.SH,49.5,49.76,48.5,49.6,979873
2026-07-14,601318.SH,49.58,51.2,49.45,50.95,1286694
2026-07-15,601318.SH,50.7,51.29,50.24,50.67,812799
2026-07-16,601318.SH,50.66,51.45,50.58,50.7,1072327
2026-07-19,601318.SH,50.72,53.27,50.71,53.23,1754451
2026-07-20,601318.SH,53.68,54.65,52.51,52.89,1599795
2026-07-21,601318.SH,52.44,53.98,52.01,53.95,1074273
2026-07-22,601318.SH,53.8,54.59,53.45,54.3,739547
2026-07-23,601318.SH,54.58,54.6,53.6,54.02,852622
2026-07-26,601318.SH,54.27,54.27,53.03,53.41,651424
2026-07-27,601318.SH,53.6,54.2,53.1,54.2,660820
2026-07-28,601318.SH,54.47,54.7,53.71,54.3,871119
2026-07-29,601318.SH,54.06,55.8,54.06,55.8,1058458
2026-07-30,601318.SH,54.91,55.03,54.2,54.9,1055130
2026-08-02,601318.SH,54.8,55.58,54.7,55.55,754694
2026-08-03,601318.SH,55.35,55.39,53.88,53.93,915895
2026-08-04,601318.SH,53.94,54.24,53.15,54.02,733965
2026-08-05,601318.SH,54,54.21,53.16,53.5,661675
2026-08-06,601318.SH,53.49,53.68,53.17,53.38,498638
2026-08-09,601318.SH,53.28,53.66,53.2,53.32,595323
2026-08-10,601318.SH,53.3,53.44,52.5,52.55,646895
2026-08-11,601318.SH,52.5,52.92,52.21,52.6,532104
2026-08-12,601318.SH,52.49,52.98,52.31,52.8,524006
2026-08-13,601318.SH,52.67,52.77,51.75,51.75,642788
2026-08-16,601318.SH,51.75,51.99,51.51,51.8,502143
2026-08-17,601318.SH,51.8,51.84,51.17,51.32,579000
2026-08-18,601318.SH,51.66,52.08,51.28,52.08,789826
2026-08-19,601318.SH,51.85,52.15,51.6,52.14,495295
2026-08-20,601318.SH,53.01,53.59,52.8,53.35,1115990
2026-08-23,601318.SH,53.34,55.22,53.3,54.92,1307614
2026-08-24,601318.SH,55.06,55.42,54.65,55.01,739290
2026-08-25,601318.SH,54.87,56.38,54.66,56.13,1053437
2026-08-26,601318.SH,55.88,56.13,55.45,55.87,646568
2026-08-27,601318.SH,55.76,55.96,55.26,55.85,497474
2026-08-30,601318.SH,55.92,56.17,55.68,55.82,545928
2026-08-31,601318.SH,55.78,57.44,55.41,57.23,1080897
2026-09-01,601318.SH,57.11,57.48,56.47,56.63,600534
2026-09-02,601318.SH,56.6,58.58,56.5,58,1087120
2026-09-03,601318.SH,57.88,58.99,57.88,58.24,783552
2026-09-06,601318.SH,58.24,58.45,56.18,56.36,1117289
2026-09-07,601318.SH,56,56.8,55.68,55.7,700768
2026-09-08,601318.SH,55.7,56.57,55.57,56.26,524222
2026-09-09,601318.SH,55.5,55.74,55.05,55.52,444353
2026-09-10,601318.SH,55.4,55.47,54.35,54.83,602246
2026-09-13,601318.SH,54.78,55.35,54.29,54.73,486235
2026-09-14,601318.SH,54.9,54.92,53.76,53.9,494594
2026-09-15,601318.SH,53.89,54.16,53.1,53.51,560308
2026-09-16,601318.SH,53.4,53.7,53.16,53.35,393564
2026-09-17,601318.SH,53.32,53.8,53.03,53.37,611667
2026-09-20,601318.SH,53.3,54,52.88,53.98,590786
2026-09-21,601318.SH,53.98,54.51,53.56,54.46,579117
2026-09-22,601318.SH,54.35,54.47,53.85,53.87,396792
2026-09-23,601318.SH,53.8,53.92,53.15,53.25,540459
2026-09-27,601318.SH,53.09,53.4,52.19,52.4,711945
2026-09-28,601318.SH,52.47,52.74,52.22,52.5,430801
2026-09-29,601318.SH,52.68,53.49,52.41,53.29,558842
2022-08-16,600519.SH,1930,1930,1895,1918,18361
2022-08-17,600519.SH,1908,1913.08,1881.07,1895.5,23168
2022-08-18,600519.SH,1898,1908.35,1888,1895.01,13544
2022-08-21,600519.SH,1885.01,1907,1881.38,1893.98,15427
2022-08-22,600519.SH,1898.6,1898.6,1867,1870.01,23756
2022-08-23,600519.SH,1869.99,1875.23,1851,1854.2,18728
2022-08-24,600519.SH,1859,1888,1854.2,1885,21925
2022-08-25,600519.SH,1900,1912,1886,1898,23142
2022-08-28,600519.SH,1883,1899.97,1874,1878.82,13570
2022-08-29,600519.SH,1882.35,1885,1854.2,1870,18235
2022-08-30,600519.SH,1860.1,1925.56,1860.01,1924,44692
2022-08-31,600519.SH,1912.15,1916,1880.89,1880.89,26845
2022-09-01,600519.SH,1889.94,1892.96,1866.17,1875,19391
2022-09-04,600519.SH,1862.64,1869,1820,1835,36822
2022-09-05,600519.SH,1835.36,1848.2,1825,1845,20830
2022-09-06,600519.SH,1835.03,1837.66,1811.01,1818.01,28306
2022-09-07,600519.SH,1820,1832,1815,1815,16591
2022-09-08,600519.SH,1825,1852,1816,1844.79,27090
2022-09-12,600519.SH,1880,1888.38,1858.23,1879,28693
2022-09-13,600519.SH,1864.01,1880,1863,1869,16042
2022-09-14,600519.SH,1870,1893.12,1869.96,1880,20810
2022-09-15,600519.SH,1871.8,1885.6,1855.11,1859,24121
2022-09-18,600519.SH,1855,1888.59,1852.88,1871.64,18584
2022-09-19,600519.SH,1869.98,1884.6,1858.55,1878,14116
2022-09-20,600519.SH,1876.67,1883,1848,1848,20995
2022-09-21,600519.SH,1840,1841.02,1816.85,1820.81,22704
2022-09-22,600519.SH,1820.81,1855,1820.81,1834.43,28288
2022-09-25,600519.SH,1820,1888,1819.98,1863,35135
2022-09-26,600519.SH,1868.86,1897,1851.11,1888,28820
2022-09-27,600519.SH,1880.5,1899.4,1874.01,1883,21446
2022-09-28,600519.SH,1897.98,1902.18,1871.13,1880.35,21590
2022-09-29,600519.SH,1898.62,1901.99,1866,1872.5,21289
2022-10-09,600519.SH,1890,1891,1780.2,1786,48584
2022-10-10,600519.SH,1789,1806,1760,1779.99,32047
2022-10-11,600519.SH,1773.66,1779,1708,1760,48195
2022-10-12,600519.SH,1720.46,1735,1697,1699.99,63969
2022-10-13,600519.SH,1710,1755,1701.94,1737.61,46520
2022-10-16,600519.SH,1726,1727.99,1697.8,1718.5,33550
2022-10-17,600519.SH,1725,1730,1701,1705.83,28083
2022-10-18,600519.SH,1701.98,1701.98,1648,1648,60121
2022-10-19,600519.SH,1621,1668.43,1611,1643.5,42778
2022-10-20,600519.SH,1640,1647.8,1610,1624,38907
2022-10-23,600519.SH,1570,1589,1488.01,1501.28,132098
2022-10-24,600519.SH,1479.42,1515,1472,1479.75,81362
2022-10-25,600519.SH,1488.8,1514.99,1460,1464.08,81781
2022-10-26,600519.SH,1480,1487.98,1383.85,1401,107106
2022-10-27,600519.SH,1390.77,1406,1358.71,1360,93143
2022-10-30,600519.SH,1350,1382.01,1333,1350,71847
2022-10-31,600519.SH,1359,1469.4,1359,1462.01,118766
2022-11-01,600519.SH,1460,1506,1436,1471.96,79777
2022-11-02,600519.SH,1443.57,1462.5,1428.1,1439.5,45160
2022-11-03,600519.SH,1437.96,1527.77,1437.96,1516.57,80008
2022-11-06,600519.SH,1494.05,1518.48,1486.59,1507.11,42698
2022-11-07,600519.SH,1508,1517.99,1468.96,1484.88,39325
2022-11-08,600519.SH,1483.95,1488.88,1450,1459.9,36090
2022-11-09,600519.SH,1444,1485,1435.15,1475,37720
2022-11-10,600519.SH,1528,1544.45,1494.98,1528.15,73947
2022-11-13,600519.SH,1543.5,1563.53,1528,1533,57370
2022-11-14,600519.SH,1532,1598.97,1521,1588,56318
2022-11-15,600519.SH,1581,1598,1568,1585.25,26848
2022-11-16,600519.SH,1590.5,1596.3,1552.88,1567,30580
2022-11-17,600519.SH,1576,1584,1556,1567.13,23609
2022-11-20,600519.SH,1541.35,1541.35,1498.53,1519.98,39096
2022-11-21,600519.SH,1517.44,1559.74,1516.11,1539.95,29901
2022-11-22,600519.SH,1528,1557,1521.04,1549,22177
2022-11-23,600519.SH,1559,1568.88,1513.98,1519.99,27687
2022-11-24,600519.SH,1520.51,1532,1510,1522.01,18621
2022-11-27,600519.SH,1484.78,1515,1451,1509.88,47723
2022-11-28,600519.SH,1569.56,1600,1551,1599,73420
2022-11-29,600519.SH,1587.12,1604,1585,1599,31497
2022-11-30,600519.SH,1660,1680,1630.79,1630.8,51358
2022-12-01,600519.SH,1635,1652.99,1621.2,1633.88,23884
2022-12-04,600519.SH,1668,1679,1649,1664.9,36127
2022-12-05,600519.SH,1655,1726.9,1652,1688,44147
2022-12-06,600519.SH,1677.81,1720,1670.03,1684,35526
2022-12-07,600519.SH,1682,1695,1665,1687.02,19730
2022-12-08,600519.SH,1692,1730,1682,1730,39215
2022-12-11,600519.SH,1715.86,1766,1715,1739.02,34755
2022-12-12,600519.SH,1737,1760.69,1730,1750,21385
2022-12-13,600519.SH,1743,1780.8,1743,1770.87,29098
2022-12-14,600519.SH,1805,1816,1780,1786.99,30634
2022-12-15,600519.SH,1773.25,1791,1743,1786.87,33303
2022-12-18,600519.SH,1798.8,1798.8,1760.17,1773,24987
2022-12-19,600519.SH,1765.33,1765.33,1682.45,1715,46198
2022-12-20,600519.SH,1724,1739,1717.65,1739,22816
2022-12-21,600519.SH,1756.7,1783,1745,1768,23175
2022-12-22,600519.SH,1752.4,1782,1745,1771,17319
2022-12-25,600519.SH,1771,1771,1735.02,1742.06,21384
2022-12-26,600519.SH,1738,1747.15,1725.5,1733,17905
2022-12-27,600519.SH,1745.88,1747,1708.01,1733,21438
2022-12-28,600519.SH,1717,1726.99,1701.05,1719,22418
2022-12-29,600519.SH,1736,1752.99,1727,1727,25333
2023-01-02,600519.SH,1731.2,1738.43,1706.01,1730.01,26034
2023-01-03,600519.SH,1730,1738.7,1716,1725.01,20416
2023-01-04,600519.SH,1737,1801,1733,1801,47943
2023-01-05,600519.SH,1806.12,1811.9,1787,1803.77,24904
2023-01-08,600519.SH,1835,1849.98,1807.82,1841.2,30977
2023-01-09,600519.SH,1839.06,1864.5,1830.5,1854.45,22732
2023-01-10,600519.SH,1856,1860,1836.84,1844.95,22720
2023-01-11,600519.SH,1848,1856,1833,1834,17193
2023-01-12,600519.SH,1844.18,1888,1840,1887,31940
2023-01-15,600519.SH,1886,1935,1881,1912.9,36848
2023-01-16,600519.SH,1913.16,1923,1895,1908,21299
2023-01-17,600519.SH,1914,1925.3,1890,1893,21063
2023-01-18,600519.SH,1892.5,1892.52,1866,1880.21,23439
2023-01-19,600519.SH,1889.19,1898.25,1858,1860.01,25609
2023-01-29,600519.SH,1909,1909,1880,1888,35923
2023-01-30,600519.SH,1896.5,1899.95,1833.07,1845.76,32991
2023-01-31,600519.SH,1854.98,1859,1811.4,1844.97,33974
2023-02-01,600519.SH,1848.38,1859,1826,1836.11,29759
2023-02-02,600519.SH,1820,1826,1795.68,1818,34945
2023-02-05,600519.SH,1780,1795,1760,1795,42661
2023-02-06,600519.SH,1808.08,1808.8,1787.73,1797,24322
2023-02-07,600519.SH,1800.01,1805.97,1775,1784,16676
2023-02-08,600519.SH,1778,1829.75,1775.01,1818,29754
2023-02-09,600519.SH,1810.1,1818.49,1801.05,1810,17985
2023-02-12,600519.SH,1810,1874.5,1810,1856.35,38147
2023-02-13,600519.SH,1856.46,1857.4,1835,1843.79,19566
2023-02-14,600519.SH,1843.78,1855.3,1835.81,1841,18177
2023-02-15,600519.SH,1841.34,1887,1828,1861.82,33246
2023-02-16,600519.SH,1850.16,1873,1820.05,1820.78,26443
2023-02-19,600519.SH,1821,1878.8,1817.2,1875,29669
2023-02-20,600519.SH,1874,1874,1851,1867,18751
2023-02-21,600519.SH,1855.01,1863.9,1831.8,1836,21869
2023-02-22,600519.SH,1840,1848.8,1805.25,1818,21881
2023-02-23,600519.SH,1810.11,1810.19,1782.18,1788,24635
2023-02-26,600519.SH,1778.5,1815,1775.02,1810.41,22065
2023-02-27,600519.SH,1819,1822.01,1783.3,1813.74,23952
2023-02-28,600519.SH,1813,1848,1803.23,1838.53,24458
2023-03-01,600519.SH,1829,1838.99,1821.1,1828,13144
2023-03-02,600519.SH,1839.77,1841.61,1802.48,1818.04,16198
2023-03-05,600519.SH,1818.18,1818.5,1796.77,1807.14,20646
2023-03-06,600519.SH,1805.98,1816.6,1788,1788.3,22785
2023-03-07,600519.SH,1780.02,1785.94,1761.12,1770.42,22764
2023-03-08,600519.SH,1768,1785,1740,1770.02,27612
2023-03-09,600519.SH,1751.57,1781,1750,1750,21161
2023-03-12,600519.SH,1751,1775,1749,1762,20560
2023-03-13,600519.SH,1763.78,1779.88,1738.5,1766,23705
2023-03-14,600519.SH,1778.37,1784.88,1750.12,1750.92,19213
2023-03-15,600519.SH,1740,1770,1739.01,1751.99,17646
2023-03-16,600519.SH,1770,1775.89,1736,1742,27023
2023-03-19,600519.SH,1751,1755,1728,1729.6,20491
2023-03-20,600519.SH,1735,1785.85,1723.97,1775,31142
2023-03-21,600519.SH,1780,1793,1765.55,1773.35,15330
2023-03-22,600519.SH,1766,1791.11,1765.01,1774.86,17356
2023-03-23,600519.SH,1769.08,1783.6,1766,1778.62,12770
2023-03-26,600519.SH,1778.6,1778.6,1756,1767.79,15296
2023-03-27,600519.SH,1770,1790,1765.02,1781.8,17261
2023-03-28,600519.SH,1799,1800,1785.07,1790,15393
2023-03-29,600519.SH,1793,1805,1779,1800,19257
2023-03-30,600519.SH,1825,1848,1819,1820,27446
2023-04-02,600519.SH,1825,1827.77,1800.08,1802.07,21417
2023-04-03,600519.SH,1812,1815.17,1787,1814.59,20066
2023-04-05,600519.SH,1805,1815.9,1788.22,1796.96,14874
2023-04-06,600519.SH,1795,1806.01,1788.34,1790.99,13525
2023-04-09,600519.SH,1790.88,1790.88,1744,1771.7,29418
2023-04-10,600519.SH,1793,1793,1744,1745.5,29209
2023-04-11,600519.SH,1747.26,1750,1692.82,1694.1,51105
2023-04-12,600519.SH,1690,1723.59,1684.01,1723,29543
2023-04-13,600519.SH,1726,1733,1704.8,1713.42,21232
2023-04-16,600519.SH,1740,1753,1728,1753,30467
2023-04-17,600519.SH,1753,1769,1746.02,1758,18314
2023-04-18,600519.SH,1762,1765.5,1750,1759,14601
2023-04-19,600519.SH,1760.11,1765,1729,1741.88,19885
2023-04-20,600519.SH,1746,1748.08,1721.28,1725.47,18518
2023-04-23,600519.SH,1721,1722,1701,1705,20231
2023-04-24,600519.SH,1706,1735.98,1702,1730.38,20583
2023-04-25,600519.SH,1744,1761,1720,1743.91,27892
2023-04-26,600519.SH,1748,1770,1730,1757.92,25605
2023-04-27,600519.SH,1763.01,1782.77,1753.97,1760.52,26225
2023-05-03,600519.SH,1769,1777.67,1736,1749.9,27466
2023-05-04,600519.SH,1766,1766,1736.39,1750,20714
2023-05-07,600519.SH,1768.32,1769,1717.17,1720.52,33171
2023-05-08,600519.SH,1715,1739.98,1707.07,1722,29378
2023-05-09,600519.SH,1715.19,1736,1715,1725,20773
2023-05-10,600519.SH,1731,1735,1715,1717.07,15246
2023-05-11,600519.SH,1715,1729.88,1705.01,1706.4,19460
2023-05-14,600519.SH,1702,1717,1691.2,1716.3,25740
2023-05-15,600519.SH,1713.99,1719.99,1697,1703.29,22224
2023-05-16,600519.SH,1708,1713,1699.01,1701,16777
2023-05-17,600519.SH,1704.99,1705.4,1690,1691,19219
2023-05-18,600519.SH,1671,1704.33,1655.55,1699.5,26741
2023-05-21,600519.SH,1690.01,1752,1690,1746,41284
2023-05-22,600519.SH,1753.99,1754,1724.55,1724.55,16894
2023-05-23,600519.SH,1732.33,1733.55,1710.11,1710.9,18479
2023-05-24,600519.SH,1705.99,1710,1690,1701,22466
2023-05-25,600519.SH,1702,1705,1675.01,1690.56,18291
2023-05-28,600519.SH,1697,1698.35,1678,1689,17771
2023-05-29,600519.SH,1689,1698.89,1658.56,1668.29,26453
2023-05-30,600519.SH,1661.01,1665.72,1626.67,1628.9,36957
2023-05-31,600519.SH,1618,1674.99,1618,1635.92,28645
2023-06-01,600519.SH,1645,1673.15,1636.11,1670.6,25058
2023-06-04,600519.SH,1666.16,1682.88,1663,1665,16201
2023-06-05,600519.SH,1670,1684,1651.55,1666.99,19914
2023-06-06,600519.SH,1672.99,1678.8,1650,1650.9,17890
2023-06-07,600519.SH,1655.83,1675,1650.01,1668,14703
2023-06-08,600519.SH,1671.99,1677.97,1666,1666,17580
2023-06-11,600519.SH,1666.02,1708,1661.52,1696,27029
2023-06-12,600519.SH,1693.88,1704.61,1685,1699,14663
2023-06-13,600519.SH,1719,1734.24,1706.21,1726.88,31506
2023-06-14,600519.SH,1730.34,1755.65,1723,1755,25223
2023-06-15,600519.SH,1757,1800,1750.1,1797.69,37918
2023-06-18,600519.SH,1790,1797.95,1738,1744,31700
2023-06-19,600519.SH,1740,1765,1735,1743.46,20947
2023-06-20,600519.SH,1740,1756.6,1735,1735.83,17721
2023-06-25,600519.SH,1720.11,1730,1695,1709,23993
2023-06-26,600519.SH,1709.99,1719.7,1700.09,1711.05,15174
2023-06-27,600519.SH,1713.18,1734,1711,1728.38,18574
2023-06-28,600519.SH,1731,1734.99,1713.01,1713.71,14231
2023-06-29,600519.SH,1700,1708.99,1686.48,1691,20459
2023-07-02,600519.SH,1699,1725.28,1692,1724.1,19139
2023-07-03,600519.SH,1724.2,1734.44,1718.08,1730.6,12472
2023-07-04,600519.SH,1730,1731.97,1700,1715.38,14745
2023-07-05,600519.SH,1709.16,1733,1700,1702.98,15141
2023-07-06,600519.SH,1701,1708.99,1690,1690.03,15167
2023-07-09,600519.SH,1705,1714.96,1700,1700.9,13477
2023-07-10,600519.SH,1710,1715.17,1702.1,1710,12583
2023-07-11,600519.SH,1713.04,1723,1711.33,1713.8,13285
2023-07-12,600519.SH,1721.99,1745.41,1719.01,1738.4,25807
2023-07-13,600519.SH,1756,1758.5,1741.2,1753,18550
2023-07-16,600519.SH,1751,1751,1726.6,1729.97,14336
2023-07-17,600519.SH,1733.58,1734.51,1721,1722.8,14738
2023-07-18,600519.SH,1715.01,1728,1713.8,1723,12483
2023-07-19,600519.SH,1727.99,1748.98,1722,1724,16693
2023-07-20,600519.SH,1731.88,1772.5,1726,1771.3,39377
2023-07-23,600519.SH,1750.52,1771.15,1750.52,1771.15,19713
2023-07-24,600519.SH,1800,1828.88,1799.99,1828.55,43086
2023-07-25,600519.SH,1828.55,1835.99,1815.08,1828.55,19611
2023-07-26,600519.SH,1836,1854.79,1828.7,1838.03,20340
2023-07-27,600519.SH,1832,1900,1828.01,1897,39018
2023-07-30,600519.SH,1908,1935,1874,1880.58,45379
2023-07-31,600519.SH,1878.01,1906.95,1877.89,1889,19231
2023-08-01,600519.SH,1883.4,1890,1866.8,1880,18509
2023-08-02,600519.SH,1870,1890,1850.5,1878.47,21543
2023-08-03,600519.SH,1887.82,1906.52,1882,1893.47,24574
2023-08-06,600519.SH,1880.95,1898,1871.03,1887.93,23892
2023-08-07,600519.SH,1880.03,1893.71,1864.08,1890,17736
2023-08-08,600519.SH,1890,1905,1882.96,1890.28,18523
2023-08-09,600519.SH,1882,1889,1862.3,1875,18436
2023-08-10,600519.SH,1885,1885.4,1833.88,1834,26786
2023-08-13,600519.SH,1810,1824.98,1796,1803,23731
2023-08-14,600519.SH,1809,1818,1801.01,1812.98,14818
2023-08-15,600519.SH,1807.58,1823.35,1806,1820,13184
2023-08-16,600519.SH,1806.08,1834,1801.55,1828.05,17290
2023-08-17,600519.SH,1831.99,1834.99,1802.59,1802.59,17023
2023-08-20,600519.SH,1793,1813.99,1790.07,1791,18912
2023-08-21,600519.SH,1800.99,1802.56,1771.02,1788,26650
2023-08-22,600519.SH,1797,1800,1770.08,1774,19912
2023-08-23,600519.SH,1779.62,1828,1775,1816.3,26055
2023-08-24,600519.SH,1808.79,1837.77,1806.01,1824.98,18831
2023-08-27,600519.SH,1898.58,1898.58,1831.88,1834.97,41052
2023-08-28,600519.SH,1828,1869.08,1828,1851.33,28950
2023-08-29,600519.SH,1867.9,1868,1843.66,1856,19812
2023-08-30,600519.SH,1860,1860,1841.01,1847,14820
2023-08-31,600519.SH,1852.83,1865.47,1846.03,1851.05,13145
2023-09-03,600519.SH,1862.6,1879.94,1853.53,1866,23871
2023-09-04,600519.SH,1868,1868,1856.8,1858.7,15659
2023-09-05,600519.SH,1858,1866.66,1849.01,1861,11121
2023-09-06,600519.SH,1852.6,1856.89,1831.19,1838,16982
2023-09-07,600519.SH,1834.94,1834.94,1814.95,1818.5,12212
2023-09-10,600519.SH,1808,1840,1808,1822.17,15926
2023-09-11,600519.SH,1826.6,1826.98,1816.02,1819.96,12168
2023-09-12,600519.SH,1829.92,1829.92,1800.05,1819.91,19501
2023-09-13,600519.SH,1822.53,1826.98,1806,1818.69,17505
2023-09-14,600519.SH,1819,1819.78,1781.3,1781.99,28431
2023-09-17,600519.SH,1776.31,1829.5,1773,1829.2,32559
2023-09-18,600519.SH,1822.2,1829,1808,1826.94,14990
2023-09-19,600519.SH,1822,1830,1818.05,1824,12502
2023-09-20,600519.SH,1818.01,1822,1798.39,1798.39,19489
2023-09-21,600519.SH,1805.63,1849.96,1792.41,1849,34390
2023-09-24,600519.SH,1847.5,1848,1826.59,1832.38,13979
2023-09-25,600519.SH,1828,1834.88,1813.1,1816,15762
2023-09-26,600519.SH,1815,1833.5,1802.8,1814,20880
2023-09-27,600519.SH,1824.98,1824.98,1797.8,1798.55,20538
2023-10-08,600519.SH,1796.94,1796.94,1764.9,1777,29763
2023-10-09,600519.SH,1782.89,1798.98,1768,1770,20284
2023-10-10,600519.SH,1784.65,1784.65,1768,1778.5,21945
2023-10-11,600519.SH,1797.9,1798.23,1777.2,1786,14865
2023-10-12,600519.SH,1770.88,1778.01,1738.19,1751,25028
2023-10-15,600519.SH,1750.98,1756,1722.45,1729.9,20790
2023-10-16,600519.SH,1739,1739.44,1716,1726,14945
2023-10-17,600519.SH,1718.8,1742,1717.18,1728,20318
2023-10-18,600519.SH,1700,1700.03,1626.03,1630,73492
2023-10-19,600519.SH,1630,1655,1616.25,1645,45376
2023-10-22,600519.SH,1629.97,1660,1621.6,1643.98,25234
2023-10-23,600519.SH,1648,1653.36,1621.21,1642.95,29861
2023-10-24,600519.SH,1670.11,1698,1667.02,1677.5,36179
2023-10-25,600519.SH,1667,1688,1662.01,1672.23,22386
2023-10-26,600519.SH,1664,1691.88,1660.6,1676.71,34262
2023-10-29,600519.SH,1669,1688.88,1669,1681,24086
2023-10-30,600519.SH,1680,1690,1667.85,1684.58,19859
2023-10-31,600519.SH,1850,1850,1773.79,1780.99,93143
2023-11-01,600519.SH,1795,1795,1776.06,1779.5,27908
2023-11-02,600519.SH,1780,1814.89,1774,1811.24,30176
2023-11-05,600519.SH,1820,1823.79,1801.12,1812,25524
2023-11-06,600519.SH,1805,1810,1784.08,1791.17,19582
2023-11-07,600519.SH,1784.05,1803.8,1782.87,1798.34,14546
2023-11-08,600519.SH,1790.11,1799,1783,1794.11,12800
2023-11-09,600519.SH,1780.55,1788,1773.1,1775.84,16466
2023-11-12,600519.SH,1772.28,1784.88,1756.98,1764,18370
2023-11-13,600519.SH,1764,1774.99,1760.01,1765.27,12817
2023-11-14,600519.SH,1779,1782.89,1767,1772.93,18435
2023-11-15,600519.SH,1774,1776,1760.05,1760.05,12558
2023-11-16,600519.SH,1752,1759,1737.9,1753.42,21714
2023-11-19,600519.SH,1755,1769.5,1736.66,1762.5,18608
2023-11-20,600519.SH,1783.42,1798,1770.1,1790,30098
2023-11-21,600519.SH,1783.3,1794.35,1780.54,1781.51,12665
2023-11-22,600519.SH,1778.3,1788,1771,1786,11550
2023-11-23,600519.SH,1789,1789,1775,1777,13085
2023-11-26,600519.SH,1773.3,1773.3,1755,1763,16261
2023-11-27,600519.SH,1761,1773.88,1758,1769.04,14520
2023-11-28,600519.SH,1768,1776,1758,1774.71,17149
2023-11-29,600519.SH,1776.72,1794.76,1771.08,1791.5,21353
2023-11-30,600519.SH,1789.31,1789.7,1748,1760.28,33051
2023-12-03,600519.SH,1760.28,1761.83,1745.28,1750.71,18440
2023-12-04,600519.SH,1748.78,1748.88,1708.02,1709,29903
2023-12-05,600519.SH,1702.63,1719.47,1701.13,1703,23851
2023-12-06,600519.SH,1704,1709.08,1687.3,1700,25042
2023-12-07,600519.SH,1700,1708.84,1692.22,1704.92,26288
2023-12-10,600519.SH,1690,1704,1657,1698,36831
2023-12-11,600519.SH,1687.6,1709.99,1684,1709.99,21011
2023-12-12,600519.SH,1705.22,1705.72,1657.08,1660,38789
2023-12-13,600519.SH,1665.96,1669.87,1635.02,1635.9,40672
2023-12-14,600519.SH,1648.23,1677.77,1644.01,1645,37093
2023-12-17,600519.SH,1640,1663.33,1635,1662,19897
2023-12-18,600519.SH,1665,1679.87,1645.09,1675,22207
2023-12-19,600519.SH,1658,1660,1643,1649.79,23092
2023-12-20,600519.SH,1640.01,1672.32,1640.01,1670,29012
2023-12-21,600519.SH,1669.7,1679.1,1658.01,1670.65,21667
2023-12-24,600519.SH,1671,1678.6,1668,1672,12471
2023-12-25,600519.SH,1672.5,1674.9,1657.5,1670,14771
2023-12-26,600519.SH,1668,1677.15,1661,1667.06,16056
2023-12-27,600519.SH,1670.99,1727.99,1667.06,1724.99,38338
2023-12-28,600519.SH,1720,1749.58,1720,1726,27539
2024-01-01,600519.SH,1715,1718.19,1678.1,1685.01,32156
2024-01-02,600519.SH,1681.11,1695.22,1676.33,1694,20229
2024-01-03,600519.SH,1693,1693,1662.93,1669,21551
2024-01-04,600519.SH,1661.33,1678.66,1652.11,1663.36,20243
2024-01-07,600519.SH,1661,1662,1640.01,1643.99,25586
2024-01-08,600519.SH,1641.01,1652.32,1635.07,1641,24412
2024-01-09,600519.SH,1641.1,1659.46,1638,1641.5,17351
2024-01-10,600519.SH,1640.1,1657.94,1638.06,1646.57,16441
2024-01-11,600519.SH,1639.97,1651.26,1639.4,1643.06,11603
2024-01-14,600519.SH,1635,1654.97,1634.45,1640,17854
2024-01-15,600519.SH,1638.5,1647,1624.94,1639.43,25903
2024-01-16,600519.SH,1630,1635.48,1577,1577,51633
2024-01-17,600519.SH,1574,1612.8,1555.55,1610.87,60440
2024-01-18,600519.SH,1608.87,1638.01,1600.88,1635,46378
2024-01-21,600519.SH,1629,1643,1618.88,1642,46946
2024-01-22,600519.SH,1632.01,1639.95,1609,1619,34835
2024-01-23,600519.SH,1629,1633.84,1603.56,1626,33216
2024-01-24,600519.SH,1626.82,1641,1622,1638,31206
2024-01-25,600519.SH,1630.36,1644.1,1623,1637.32,26955
2024-01-28,600519.SH,1640.3,1660.58,1640.29,1650,31421
2024-01-29,600519.SH,1649.98,1649.98,1610,1613,30866
2024-01-30,600519.SH,1613,1619.97,1598.13,1604.91,29649
2024-01-31,600519.SH,1605.5,1623.89,1601,1610.03,26485
2024-02-01,600519.SH,1615,1627.78,1581,1596,39382
2024-02-04,600519.SH,1596,1637.44,1595.25,1630.01,53130
2024-02-05,600519.SH,1630.01,1685.48,1626.1,1676,52472
2024-02-06,600519.SH,1681.03,1714.59,1661.61,1710.99,52601
2024-02-07,600519.SH,1720.01,1725,1685,1706,46757
2024-02-18,600519.SH,1737.87,1737.93,1688,1695.43,36977
2024-02-19,600519.SH,1697.36,1697.36,1656.56,1670,34470
2024-02-20,600519.SH,1666.02,1731,1662,1717.66,46154
2024-02-21,600519.SH,1707.5,1723.01,1700.53,1718.38,22794
2024-02-22,600519.SH,1711.11,1724.38,1700.02,1714.09,27306
2024-02-25,600519.SH,1708,1708.74,1685.02,1694.98,27318
2024-02-26,600519.SH,1683,1692.92,1678,1689.5,22080
2024-02-27,600519.SH,1688.92,1696.57,1674.01,1681.55,31867
2024-02-28,600519.SH,1681.55,1696.5,1679.2,1695,24758
2024-02-29,600519.SH,1690,1694.97,1676.68,1685.06,26868
2024-03-03,600519.SH,1679,1680.99,1670.05,1676.3,26485
2024-03-04,600519.SH,1670.81,1697,1666.68,1695.1,36238
2024-03-05,600519.SH,1691,1695,1678.02,1680.55,22142
2024-03-06,600519.SH,1680,1689.8,1678,1683.63,21599
2024-03-07,600519.SH,1680.56,1686.68,1670.05,1671.43,22156
2024-03-10,600519.SH,1675,1698.88,1673.18,1694.49,29895
2024-03-11,600519.SH,1693.94,1749.1,1690.5,1745,54227
2024-03-12,600519.SH,1739.97,1748,1720.1,1727.45,26500
2024-03-13,600519.SH,1719,1734.84,1711.5,1716.63,19405
2024-03-14,600519.SH,1712.5,1732.4,1712,1717.49,17834
2024-03-17,600519.SH,1715,1719.85,1699,1708.26,26055
2024-03-18,600519.SH,1703,1719.94,1693.11,1708.02,23948
2024-03-19,600519.SH,1703.36,1713.68,1700.23,1709.6,15249
2024-03-20,600519.SH,1708.1,1719,1704.5,1709,16596
2024-03-21,600519.SH,1705.03,1708.99,1688,1701.35,25456
2024-03-24,600519.SH,1698.54,1698.77,1680.58,1689.01,24473
2024-03-25,600519.SH,1687.46,1712.8,1687.46,1709.29,28069
2024-03-26,600519.SH,1705,1712,1699,1701,18113
2024-03-27,600519.SH,1695,1718,1693.2,1701.64,24642
2024-03-28,600519.SH,1701.64,1710.99,1698.1,1702.9,13457
2024-03-31,600519.SH,1709.99,1734,1708.7,1721.33,27131
2024-04-01,600519.SH,1722,1724.99,1705.05,1713.99,25449
2024-04-02,600519.SH,1734,1739.44,1710.02,1715.11,29046
2024-04-07,600519.SH,1695,1696,1662.6,1666.66,59167
2024-04-08,600519.SH,1660.67,1673,1658.45,1662.22,25590
2024-04-09,600519.SH,1662.27,1664.99,1645,1647.98,27631
2024-04-10,600519.SH,1640.11,1650,1634.69,1648,22766
2024-04-11,600519.SH,1651,1664,1634.03,1634.03,26744
2024-04-14,600519.SH,1635.01,1675.61,1634.98,1672.98,35818
2024-04-15,600519.SH,1665.49,1679.56,1659,1670,26266
2024-04-16,600519.SH,1668,1675.2,1658,1667,24819
2024-04-17,600519.SH,1659.01,1682.98,1658.18,1670.78,26568
2024-04-18,600519.SH,1660.78,1668.5,1641.28,1646.64,23500
2024-04-21,600519.SH,1654,1678.88,1645,1675.06,29951
2024-04-22,600519.SH,1675,1695,1675,1692.28,24980
2024-04-23,600519.SH,1696.98,1699.91,1683.33,1693.6,17086
2024-04-24,600519.SH,1690.33,1695.6,1682.25,1693.04,14476
2024-04-25,600519.SH,1694,1714,1693.98,1709.43,30996
2024-04-28,600519.SH,1696.95,1728,1693.82,1704,41332
2024-04-29,600519.SH,1705.01,1729.88,1705,1705,30760
2024-05-05,600519.SH,1733.97,1765,1727,1760.2,59909
2024-05-06,600519.SH,1765.79,1777.8,1756.68,1770,24925
2024-05-07,600519.SH,1769.69,1769.97,1755.67,1763.97,14769
2024-05-08,600519.SH,1758,1764.98,1750,1756,22387
2024-05-09,600519.SH,1761.1,1767.88,1733.99,1738.98,26207
2024-05-12,600519.SH,1732.02,1732.66,1701.22,1706,37662
2024-05-13,600519.SH,1705.99,1713.27,1700.01,1701.98,21274
2024-05-14,600519.SH,1702.58,1708,1698.59,1700,15739
2024-05-15,600519.SH,1705,1709.88,1690,1704.5,29680
2024-05-16,600519.SH,1700.01,1716.58,1700,1715,28924
2024-05-19,600519.SH,1717.99,1732.99,1708.11,1709,31426
2024-05-20,600519.SH,1708,1709.73,1698.16,1705,16293
2024-05-21,600519.SH,1703,1709.96,1691,1697.71,20286
2024-05-22,600519.SH,1700,1706.38,1690.08,1692.01,18885
2024-05-23,600519.SH,1693,1695,1677,1677.08,20217
2024-05-26,600519.SH,1678,1687.45,1668.01,1670.12,25098
2024-05-27,600519.SH,1670.4,1675.17,1663,1664.64,23521
2024-05-28,600519.SH,1666,1680,1665,1674,19651
2024-05-29,600519.SH,1675,1675.38,1649,1649,32208
2024-05-30,600519.SH,1650.5,1663.5,1648.45,1648.45,21857
2024-06-02,600519.SH,1650,1650.92,1635.11,1639.39,30261
2024-06-03,600519.SH,1640.5,1656,1636.55,1653.2,20841
2024-06-04,600519.SH,1652,1658.68,1643.03,1644,19056
2024-06-05,600519.SH,1643.66,1651.99,1635.91,1639.81,25610
2024-06-06,600519.SH,1646.13,1646.18,1619.01,1619.18,33525
2024-06-10,600519.SH,1602.99,1605,1567,1569,70247
2024-06-11,600519.SH,1570,1590,1570,1571.68,33171
2024-06-12,600519.SH,1576.77,1576.89,1553.15,1555.01,36186
2024-06-13,600519.SH,1555,1563.96,1520.46,1555,59514
2024-06-16,600519.SH,1532.29,1548.77,1511.01,1541.5,48318
2024-06-17,600519.SH,1530.89,1554.54,1516.68,1521.5,41258
2024-06-18,600519.SH,1497.99,1504,1482.1,1501,41262
2024-06-19,600519.SH,1500,1516.01,1498,1500.1,24711
2024-06-20,600519.SH,1500.5,1504.98,1470.22,1471,43320
2024-06-23,600519.SH,1423,1488.99,1414.01,1476.55,63840
2024-06-24,600519.SH,1477,1502.99,1477,1486.65,42098
2024-06-25,600519.SH,1480,1501.07,1477.8,1489.22,29570
2024-06-26,600519.SH,1492,1493.97,1468,1490.49,32822
2024-06-27,600519.SH,1480,1494.49,1464,1467.39,38582
2024-06-30,600519.SH,1468.88,1472.99,1428,1440.38,32161
2024-07-01,600519.SH,1433,1498,1433,1490.7,51853
2024-07-02,600519.SH,1499,1513.01,1488.02,1500,31573
2024-07-03,600519.SH,1505,1512,1481.13,1485.74,24380
2024-07-04,600519.SH,1479,1493.18,1450,1453,38829
2024-07-07,600519.SH,1443,1457.77,1419.14,1420,39527
2024-07-08,600519.SH,1420,1454.89,1410.1,1438.03,33621
2024-07-09,600519.SH,1439.25,1465.88,1435,1437.59,23763
2024-07-10,600519.SH,1449.97,1469,1440.21,1462.09,29020
2024-07-11,600519.SH,1473.01,1486.4,1465.45,1478.82,23386
2024-07-14,600519.SH,1470,1488,1470,1474.9,19176
2024-07-15,600519.SH,1476,1482,1465.05,1476,20316
2024-07-16,600519.SH,1476.1,1503,1470.02,1501.4,34311
2024-07-17,600519.SH,1499.5,1515,1492.53,1497.51,28870
2024-07-18,600519.SH,1490.81,1529.18,1484.01,1525.62,38943
2024-07-21,600519.SH,1525.03,1529.98,1491.65,1499,28543
2024-07-22,600519.SH,1499,1501,1455,1455,30944
2024-07-23,600519.SH,1450.2,1463.7,1435,1440.02,24123
2024-07-24,600519.SH,1440.02,1448,1420.01,1430.49,28347
2024-07-25,600519.SH,1430.49,1437.72,1410.9,1422.19,32354
2024-07-28,600519.SH,1415,1421.99,1398,1398.02,30869
2024-07-29,600519.SH,1385.98,1390.27,1361.3,1379.99,51779
2024-07-30,600519.SH,1373.1,1427.27,1373.1,1421.28,43272
2024-07-31,600519.SH,1418,1420,1384.7,1386.16,32038
2024-08-01,600519.SH,1373.6,1396.97,1373.6,1385.45,21928
2024-08-04,600519.SH,1388.88,1426,1385.52,1410.01,37736
2024-08-05,600519.SH,1422,1424,1394.01,1404.7,27444
2024-08-06,600519.SH,1405.5,1421.99,1398.3,1415.5,20622
2024-08-07,600519.SH,1411,1448.18,1409,1430.69,25131
2024-08-08,600519.SH,1460.03,1469,1436.8,1436.8,30138
2024-08-11,600519.SH,1430,1443,1426.58,1436.1,13632
2024-08-12,600519.SH,1433,1435,1412.01,1423.01,16308
2024-08-13,600519.SH,1423.01,1424.9,1412.02,1413.3,13414
2024-08-14,600519.SH,1405.03,1435.99,1403.95,1426.89,23039
2024-08-15,600519.SH,1426.79,1435.92,1417.01,1431.2,16455
2024-08-18,600519.SH,1432,1458.88,1425,1425.44,20433
2024-08-19,600519.SH,1429.9,1429.93,1414,1422.72,18591
2024-08-20,600519.SH,1420,1427.98,1415.69,1417.58,15092
2024-08-21,600519.SH,1416,1420,1400.01,1410.05,19527
2024-08-22,600519.SH,1408,1423.5,1406.12,1414.99,15320
2024-08-25,600519.SH,1417,1423.86,1403.15,1412,15628
2024-08-26,600519.SH,1412,1413,1401.11,1404.07,13657
2024-08-27,600519.SH,1404.07,1406,1375,1389,31664
2024-08-28,600519.SH,1380,1418,1380,1413.3,27472
2024-08-29,600519.SH,1413,1458.07,1405,1443.19,38739
2024-09-01,600519.SH,1430,1438,1395,1395,34135
2024-09-02,600519.SH,1398,1414.98,1393.02,1410,17888
2024-09-03,600519.SH,1402,1419.19,1399.74,1400,14211
2024-09-04,600519.SH,1400.5,1407,1397,1404.88,14503
2024-09-05,600519.SH,1405,1406,1398,1398,10321
2024-09-08,600519.SH,1380.01,1393.71,1370.08,1375,28638
2024-09-09,600519.SH,1370.02,1393,1370.02,1378,19803
2024-09-10,600519.SH,1375.6,1385.88,1365,1380,20996
2024-09-11,600519.SH,1380,1385,1334.91,1335.06,47948
2024-09-12,600519.SH,1331,1332,1297.3,1304.13,56005
2024-09-17,600519.SH,1300,1300.01,1266.66,1266.9,46185
2024-09-18,600519.SH,1262,1292.88,1245.83,1261,59988
2024-09-19,600519.SH,1261.5,1273.9,1250.03,1263.92,39982
2024-09-22,600519.SH,1268,1293.5,1260.66,1261.54,45550
2024-09-23,600519.SH,1285.09,1373,1265.09,1372.6,100413
2024-09-24,600519.SH,1400.05,1427,1396.71,1399,73954
2024-09-25,600519.SH,1399.96,1529.87,1396,1529,97278
2024-09-26,600519.SH,1600,1629.2,1565.36,1629.2,87922
2024-09-29,600519.SH,1692,1759.88,1652,1748,157293
2024-10-07,600519.SH,1910,1910,1680.18,1723,194709
2024-10-08,600519.SH,1700,1700,1590,1595.15,120197
2024-10-09,600519.SH,1622.26,1668.08,1591,1640,74603
2024-10-10,600519.SH,1615.4,1639.96,1590,1604.99,41915
2024-10-13,600519.SH,1613,1620.63,1581.17,1601.99,44812
2024-10-14,600519.SH,1599,1600.99,1553.01,1554.25,43571
2024-10-15,600519.SH,1540.88,1549.8,1510,1522.5,46664
2024-10-16,600519.SH,1537,1537.66,1493.41,1494.6,39460
2024-10-17,600519.SH,1493,1567.84,1478.96,1541,68619
2024-10-20,600519.SH,1541.21,1549.97,1521.21,1528.8,42008
2024-10-21,600519.SH,1526.56,1560.18,1524.2,1543,36269
2024-10-22,600519.SH,1544.11,1576.95,1532,1567.5,40088
2024-10-23,600519.SH,1561,1575,1545.01,1552.2,23923
2024-10-24,600519.SH,1547,1574.79,1546.01,1558.85,27745
2024-10-27,600519.SH,1560,1565,1522.23,1565,39121
2024-10-28,600519.SH,1560,1580,1530,1531.62,41166
2024-10-29,600519.SH,1525,1551.19,1523.41,1532,32006
2024-10-30,600519.SH,1532.15,1540,1520,1527.79,29957
2024-10-31,600519.SH,1521,1545.13,1520.8,1533.75,32284
2024-11-03,600519.SH,1544.93,1550,1528.06,1548.2,29093
2024-11-04,600519.SH,1540,1577.7,1536.01,1576.99,45640
2024-11-05,600519.SH,1575,1588.99,1561.22,1571,37631
2024-11-06,600519.SH,1562.46,1653.5,1562.3,1649.14,74739
2024-11-07,600519.SH,1660.89,1667.11,1601.01,1609.97,60771
2024-11-10,600519.SH,1590,1609.95,1567.19,1598.01,43854
2024-11-11,600519.SH,1589,1623,1573.95,1577.2,49223
2024-11-12,600519.SH,1568,1586.66,1561.28,1578.5,29125
2024-11-13,600519.SH,1570,1594.45,1565.65,1573.8,29248
2024-11-14,600519.SH,1569,1583.8,1553,1559,33761
2024-11-17,600519.SH,1562,1575.99,1555,1559,27092
2024-11-18,600519.SH,1565,1569.37,1525,1541.92,33266
2024-11-19,600519.SH,1543,1553.97,1531.3,1544.81,21345
2024-11-20,600519.SH,1543.87,1548.99,1532,1545.13,18262
2024-11-21,600519.SH,1541.15,1547.77,1507.82,1507.82,33436
2024-11-24,600519.SH,1511,1532,1496.67,1498.57,33186
2024-11-25,600519.SH,1498.57,1518.88,1488.88,1509,25745
2024-11-26,600519.SH,1509,1522.15,1505,1519.05,25934
2024-11-27,600519.SH,1522,1524.99,1502,1518,23952
2024-11-28,600519.SH,1517,1555,1513.21,1525.74,36088
2024-12-01,600519.SH,1526,1529.99,1515.1,1525,26820
2024-12-02,600519.SH,1524,1528.9,1516.08,1526.74,24807
2024-12-03,600519.SH,1520.07,1523.66,1510,1520,23924
2024-12-04,600519.SH,1510.86,1517.86,1510,1511,16141
2024-12-05,600519.SH,1513,1538.9,1508.07,1521.01,32040
2024-12-08,600519.SH,1522.02,1529.72,1513.2,1518.8,19800
2024-12-09,600519.SH,1570,1579.73,1545.18,1546.59,60312
2024-12-10,600519.SH,1540,1555,1530.98,1535.6,29671
2024-12-11,600519.SH,1532.02,1566,1529,1565.8,41937
2024-12-12,600519.SH,1550.01,1554.99,1518.88,1519,49512
2024-12-15,600519.SH,1521,1529,1510.71,1527.2,32537
2024-12-16,600519.SH,1525.99,1569,1521.01,1558,54172
2024-12-17,600519.SH,1557.97,1577,1547.1,1571.5,41162
2024-12-18,600519.SH,1565.14,1567.93,1550.33,1551.01,24809
2024-12-19,600519.SH,1531.13,1541.8,1520.02,1522,28158
2024-12-22,600519.SH,1523,1538,1517,1526.45,21603
2024-12-23,600519.SH,1525,1544,1521.59,1538.82,22105
2024-12-24,600519.SH,1538.8,1538.8,1526.1,1530,17123
2024-12-25,600519.SH,1534,1538.78,1523,1527.79,18287
2024-12-26,600519.SH,1528.9,1536,1519.5,1528.97,20759
2024-12-29,600519.SH,1533.97,1543.96,1525,1525,25130
2024-12-30,600519.SH,1525.4,1545,1522.01,1524,39354
2025-01-01,600519.SH,1524,1524.49,1480,1488,50029
2025-01-02,600519.SH,1494.5,1494.99,1467.01,1475,32628
2025-01-05,600519.SH,1453,1462.66,1432.8,1440,44255
2025-01-06,600519.SH,1444.66,1451.89,1439,1440.2,24221
2025-01-07,600519.SH,1440,1451.82,1426.66,1442.5,35258
2025-01-08,600519.SH,1448.99,1464.58,1432.98,1444,29706
2025-01-09,600519.SH,1447.1,1451.95,1436,1436,21872
2025-01-12,600519.SH,1425,1444.44,1422.01,1443.98,21083
2025-01-13,600519.SH,1444.95,1478.68,1442,1472.5,30957
2025-01-14,600519.SH,1467,1474.6,1460.01,1471.27,18399
2025-01-15,600519.SH,1474,1482.66,1442,1446.38,26342
2025-01-16,600519.SH,1446.39,1461,1446.38,1454.75,18309
2025-01-19,600519.SH,1461,1489.79,1460,1474.8,31410
2025-01-20,600519.SH,1481,1482,1465,1468.15,16856
2025-01-21,600519.SH,1463.27,1467.95,1438,1441,28294
2025-01-22,600519.SH,1449.97,1468,1438,1443,27125
2025-01-23,600519.SH,1442,1447.79,1430.31,1436,31360
2025-01-26,600519.SH,1437,1443.97,1427.02,1434.99,29356
2025-02-04,600519.SH,1440,1443,1402.21,1403.8,40757
2025-02-05,600519.SH,1400.01,1421.99,1400.01,1412.84,27356
2025-02-06,600519.SH,1413.68,1442.68,1403.41,1436,37242
2025-02-09,600519.SH,1438,1440,1427.09,1431.51,20840
2025-02-10,600519.SH,1434.95,1435.96,1415.9,1418,23573
2025-02-11,600519.SH,1418,1445,1416.88,1443,25476
2025-02-12,600519.SH,1443.02,1475.25,1434.51,1465.06,43385
2025-02-13,600519.SH,1465.06,1477,1458.22,1475,27100
2025-02-16,600519.SH,1481,1494.98,1467.1,1471.62,32471
2025-02-17,600519.SH,1470,1492.99,1462.08,1475,27800
2025-02-18,600519.SH,1475.05,1494.44,1464.9,1491,32393
2025-02-19,600519.SH,1483,1491.97,1473.39,1474,23750
2025-02-20,600519.SH,1480,1496.73,1473.01,1488.21,36418
2025-02-23,600519.SH,1488,1499.52,1474,1479.07,34744
2025-02-24,600519.SH,1470.01,1473.39,1452,1454,28387
2025-02-25,600519.SH,1455.45,1464.96,1445,1460.01,26366
2025-02-26,600519.SH,1460.02,1489.9,1454,1485.56,49762
2025-02-27,600519.SH,1485.5,1528.38,1482,1500.79,56129
2025-03-02,600519.SH,1502.6,1520.99,1481.5,1487.02,31596
2025-03-03,600519.SH,1485,1486,1465.21,1470.11,25211
2025-03-04,600519.SH,1472,1474,1460.1,1466.37,24605
2025-03-05,600519.SH,1474,1510.2,1472.08,1505.98,42168
2025-03-06,600519.SH,1503,1528.36,1503,1521,37991
2025-03-09,600519.SH,1519.81,1526.88,1506.14,1522.9,31369
2025-03-10,600519.SH,1517,1548.68,1512,1548.68,39776
2025-03-11,600519.SH,1546.96,1549.68,1526.35,1542.58,29604
2025-03-12,600519.SH,1544,1555.5,1530.88,1537.77,25724
2025-03-13,600519.SH,1547.66,1628.01,1541,1628.01,92913
2025-03-16,600519.SH,1657,1657.99,1626.88,1637.86,54689
2025-03-17,600519.SH,1645.04,1652,1621.7,1624,31613
2025-03-18,600519.SH,1624.29,1648,1623,1635.71,27390
2025-03-19,600519.SH,1635.71,1637.6,1595.07,1604,36737
2025-03-20,600519.SH,1599,1612.2,1568.83,1573.75,33614
2025-03-23,600519.SH,1570,1589.66,1562.38,1583,25566
2025-03-24,600519.SH,1588,1592.8,1566.66,1575.5,17674
2025-03-25,600519.SH,1572.77,1582.58,1571,1576,14324
2025-03-26,600519.SH,1576,1598.25,1573.38,1589,17956
2025-03-27,600519.SH,1590.93,1593,1576,1585.21,16228
2025-03-30,600519.SH,1580.98,1586.96,1560.06,1561,21085
2025-03-31,600519.SH,1564,1569.89,1552.21,1556.02,18556
2025-04-01,600519.SH,1558,1567.8,1545.5,1549.02,21674
2025-04-02,600519.SH,1530,1586,1529.01,1568.88,35481
2025-04-06,600519.SH,1520.01,1536.85,1462,1500,101953
2025-04-07,600519.SH,1513,1545,1495,1545,73876
2025-04-08,600519.SH,1525.02,1556.8,1520.55,1541.04,55630
2025-04-09,600519.SH,1550.99,1555,1528,1549,38620
2025-04-10,600519.SH,1579.97,1579.97,1545,1568.98,32634
2025-04-13,600519.SH,1560.97,1566,1551.53,1551.99,21711
2025-04-14,600519.SH,1552,1565,1545,1558,21489
2025-04-15,600519.SH,1552,1576,1537,1559.17,31156
2025-04-16,600519.SH,1554,1576.5,1549.99,1570,23846
2025-04-17,600519.SH,1566,1575,1556,1565.94,20298
2025-04-20,600519.SH,1565.5,1565.5,1551,1551,18057
2025-04-21,600519.SH,1550,1556.3,1543.21,1548.8,18432
2025-04-22,600519.SH,1559,1559.22,1545,1552,18669
2025-04-23,600519.SH,1552,1560.68,1548.98,1552.25,14872
2025-04-24,600519.SH,1557.1,1561.2,1550,1550,14765
2025-04-27,600519.SH,1552,1555,1546.6,1550,14660
2025-04-28,600519.SH,1550,1552.54,1532.02,1544,18922
2025-04-29,600519.SH,1549.99,1566.66,1546.3,1547,25754
2025-05-05,600519.SH,1559,1559,1544.33,1550.2,18300
2025-05-06,600519.SH,1570,1570,1550.2,1555,27462
2025-05-07,600519.SH,1553,1592.78,1549.83,1578.19,33481
2025-05-08,600519.SH,1578.99,1597.45,1575.05,1591.18,23672
2025-05-11,600519.SH,1598,1618.93,1596.61,1604.5,24735
2025-05-12,600519.SH,1608.92,1608.92,1585.11,1590.3,21258
2025-05-13,600519.SH,1590,1645,1588.18,1634.99,39460
2025-05-14,600519.SH,1634.8,1643.59,1624.13,1632.01,24733
2025-05-15,600519.SH,1633.99,1636.99,1614.13,1614.13,22935
2025-05-18,600519.SH,1596,1600,1573.88,1578.98,38063
2025-05-19,600519.SH,1580,1594.8,1575.1,1586,19522
2025-05-20,600519.SH,1585,1595.94,1580.97,1580.97,19795
2025-05-21,600519.SH,1580.99,1584.99,1570.1,1580,15090
2025-05-22,600519.SH,1575.2,1587.9,1571.66,1572.6,21537
2025-05-25,600519.SH,1570,1574.63,1545,1550.5,27087
2025-05-26,600519.SH,1551,1558.6,1543.51,1543.9,17752
2025-05-27,600519.SH,1543.99,1546.46,1533,1537,16266
2025-05-28,600519.SH,1540,1555,1532,1540,21860
2025-05-29,600519.SH,1540.15,1545,1515.24,1522,31239
2025-06-02,600519.SH,1508.01,1519,1505.02,1509,28979
2025-06-03,600519.SH,1510.5,1523,1509.22,1509.96,23008
2025-06-04,600519.SH,1514,1516,1502.2,1514,23214
2025-06-05,600519.SH,1513.8,1518.97,1503,1506.39,25023
2025-06-08,600519.SH,1505.02,1508.7,1485.68,1486.11,44959
2025-06-09,600519.SH,1486,1492,1474.8,1475.01,30492
2025-06-10,600519.SH,1476.8,1494,1476.1,1480,30893
2025-06-11,600519.SH,1480,1483.87,1454.1,1459,49904
2025-06-12,600519.SH,1444.41,1449.97,1425.06,1426.95,59113
2025-06-15,600519.SH,1401.2,1425.04,1401.18,1422.29,42888
2025-06-16,600519.SH,1420,1427,1412.18,1427,27232
2025-06-17,600519.SH,1440,1443.44,1421.01,1425,30761
2025-06-18,600519.SH,1426,1433.67,1417.18,1426,24501
2025-06-19,600519.SH,1423.58,1441.14,1420.2,1428.66,34816
2025-06-22,600519.SH,1420,1433,1405.18,1420,26723
2025-06-23,600519.SH,1423.35,1451.68,1423.35,1437.2,36312
2025-06-24,600519.SH,1439.11,1449.2,1420.51,1435.86,41050
2025-06-25,600519.SH,1415,1428,1410.08,1420,34860
2025-06-26,600519.SH,1420.01,1423,1403.09,1403.09,38250
2025-06-29,600519.SH,1403.5,1413.23,1402,1409.52,30457
2025-06-30,600519.SH,1409,1411.94,1403.31,1405.1,19878
2025-07-01,600519.SH,1409.5,1414.8,1400,1409.6,26218
2025-07-02,600519.SH,1412,1422.69,1408,1415.6,24413
2025-07-03,600519.SH,1415.7,1431.89,1410.01,1422.22,28767
2025-07-06,600519.SH,1422.28,1423.5,1410.01,1410.7,23855
2025-07-07,600519.SH,1410.71,1420,1410.7,1416.11,18674
2025-07-08,600519.SH,1415,1429.97,1414.17,1418.88,27745
2025-07-09,600519.SH,1418.97,1436.18,1410.4,1426.5,38725
2025-07-10,600519.SH,1423.16,1458,1423.16,1427,57243
2025-07-13,600519.SH,1430,1434.98,1421.6,1423.6,27781
2025-07-14,600519.SH,1420.98,1422.93,1408.32,1411,35406
2025-07-15,600519.SH,1410.01,1417.49,1409.95,1411.03,21286
2025-07-16,600519.SH,1413.98,1423.01,1412.88,1416.35,23106
2025-07-17,600519.SH,1420,1437.81,1416.38,1437,41823
2025-07-20,600519.SH,1436.99,1446.8,1435,1443,26203
2025-07-21,600519.SH,1444,1466.6,1440.68,1464.98,42119
2025-07-22,600519.SH,1469,1495,1468.95,1475.5,45045
2025-07-23,600519.SH,1476,1499,1475,1491.5,38804
2025-07-24,600519.SH,1491.4,1491.4,1453,1455,41911
2025-07-27,600519.SH,1453,1454.99,1436.3,1438.66,38586
2025-07-28,600519.SH,1439.6,1448.79,1435.01,1439,26304
2025-07-29,600519.SH,1444,1457.16,1437,1449.44,31868
2025-07-30,600519.SH,1443,1444.87,1418,1421.67,51798
2025-07-31,600519.SH,1421.87,1425.96,1414,1417,29636
2025-08-03,600519.SH,1415,1419.8,1414,1419,18688
2025-08-04,600519.SH,1421,1429.94,1417.11,1427.74,25342
2025-08-05,600519.SH,1429,1429,1419.3,1423.88,23699
2025-08-06,600519.SH,1423.88,1427.7,1420.06,1422.35,28001
2025-08-07,600519.SH,1423.05,1426.5,1418,1420.97,18655
2025-08-10,600519.SH,1423.5,1451.99,1423,1445,47159
2025-08-11,600519.SH,1449,1465.07,1436,1437.04,42019
2025-08-12,600519.SH,1425,1433.68,1420,1420.05,65528
2025-08-13,600519.SH,1420.94,1447.51,1420.94,1426.99,48129
2025-08-14,600519.SH,1426.01,1428.66,1420.22,1422.08,47582
2025-08-17,600519.SH,1426.99,1436.64,1423.1,1428.5,47378
2025-08-18,600519.SH,1433.5,1446.66,1432,1438,46372
2025-08-19,600519.SH,1438,1452.8,1430.02,1450,45805
2025-08-20,600519.SH,1453.45,1454.99,1443.65,1448.25,30891
2025-08-21,600519.SH,1448.88,1464,1444.77,1463.95,44971
2025-08-24,600519.SH,1470.01,1496,1466,1490.33,65325
2025-08-25,600519.SH,1490.32,1494.23,1480.01,1481.61,39602
2025-08-26,600519.SH,1481.88,1484.93,1448,1448,56006
2025-08-27,600519.SH,1447.97,1456.1,1438.77,1446.1,39282
2025-08-28,600519.SH,1453,1482.58,1452,1480,62256
2025-08-31,600519.SH,1482.2,1488,1465.7,1476.1,45123
2025-09-01,600519.SH,1478.66,1509,1478,1491.3,56688
2025-09-02,600519.SH,1491,1503.5,1466,1480.55,45045
2025-09-03,600519.SH,1472,1479.3,1460.47,1472.66,47747
2025-09-04,600519.SH,1471,1486.97,1464,1483,37388
2025-09-07,600519.SH,1483,1506.44,1477.5,1501.23,51383
2025-09-08,600519.SH,1505,1509.95,1493.42,1505,35743
2025-09-09,600519.SH,1506.66,1529.95,1496,1522.01,49663
2025-09-10,600519.SH,1522.01,1526.02,1508.5,1523.5,37239
2025-09-11,600519.SH,1526,1538.02,1510.53,1516,33722
2025-09-14,600519.SH,1515.87,1517.48,1501.5,1515.1,25827
2025-09-15,600519.SH,1515.1,1520.99,1496.21,1499.98,32718
2025-09-16,600519.SH,1499.99,1510.28,1490.01,1493,30331
2025-09-17,600519.SH,1492,1497.8,1463.5,1467.96,49721
2025-09-18,600519.SH,1467.99,1475.5,1457.01,1467.97,32637
2025-09-21,600519.SH,1465.09,1467.97,1450.01,1453.35,34947
2025-09-22,600519.SH,1450.5,1457.5,1440,1447.42,38663
2025-09-23,600519.SH,1434.07,1456.78,1434.07,1442,30744
2025-09-24,600519.SH,1442.83,1445.21,1436,1439,33870
2025-09-25,600519.SH,1441.18,1447.11,1428.01,1435,45121
2025-09-28,600519.SH,1439.38,1469.99,1435,1460.86,53684
2025-09-29,600519.SH,1460,1460.76,1440,1443.99,39364
2025-10-08,600519.SH,1436,1439.38,1420,1436.78,54918
2025-10-09,600519.SH,1437.6,1439.94,1427.5,1430,36001
2025-10-12,600519.SH,1415.7,1422.85,1415.12,1419.2,46069
2025-10-13,600519.SH,1429.99,1464,1429.99,1451.02,66672
2025-10-14,600519.SH,1450.98,1463,1445.08,1462,42785
2025-10-15,600519.SH,1461.92,1484.95,1458.88,1484.91,45730
2025-10-16,600519.SH,1483.1,1488,1454.03,1455,38086
2025-10-19,600519.SH,1455,1469.5,1454.88,1457.93,25950
2025-10-20,600519.SH,1459,1469.94,1455.5,1462.26,25443
2025-10-21,600519.SH,1462.08,1465.73,1456,1458.7,18195
2025-10-22,600519.SH,1455,1468.8,1447.2,1467.98,29322
2025-10-23,600519.SH,1467.95,1478.88,1449.34,1450,38226
2025-10-26,600519.SH,1440,1452.49,1435.99,1440.41,37102
2025-10-27,600519.SH,1442,1451.2,1441.1,1445,27124
2025-10-28,600519.SH,1440.02,1446.55,1430.04,1431.9,33937
2025-10-29,600519.SH,1421.81,1436.63,1421.81,1426.74,47456
2025-10-30,600519.SH,1422,1435.98,1420.11,1430.01,35694
2025-11-02,600519.SH,1431,1448,1420.1,1435,34548
2025-11-03,600519.SH,1435.1,1435.78,1423.78,1429,26566
2025-11-04,600519.SH,1425.89,1430.99,1420.01,1420.08,34475
2025-11-05,600519.SH,1430,1441.45,1429.99,1435.13,38348
2025-11-06,600519.SH,1435.11,1439.78,1431.11,1433.33,18861
2025-11-09,600519.SH,1435,1463.69,1434.98,1462.3,49452
2025-11-10,600519.SH,1462,1462.18,1447,1458.99,26692
2025-11-11,600519.SH,1459.98,1478.36,1459.21,1465.15,32992
2025-11-12,600519.SH,1462.12,1473.58,1458,1470.38,31179
2025-11-13,600519.SH,1470,1478.95,1456.3,1456.6,27473
2025-11-16,600519.SH,1454,1473,1445.79,1471,34462
2025-11-17,600519.SH,1470.7,1486.07,1469,1476,34205
2025-11-18,600519.SH,1474,1479.53,1469.96,1471.01,22045
2025-11-19,600519.SH,1472,1479.9,1465.03,1467.11,24002
2025-11-20,600519.SH,1470.5,1480,1456,1466.6,42607
2025-11-23,600519.SH,1467,1471,1451.13,1452,33607
2025-11-24,600519.SH,1458,1458,1444.5,1444.65,28441
2025-11-25,600519.SH,1448.88,1453.49,1443.58,1449.15,20306
2025-11-26,600519.SH,1449.5,1450,1439.04,1447.3,22287
2025-11-27,600519.SH,1446.5,1455.5,1443,1450.5,23211
2025-11-30,600519.SH,1451,1462.27,1442,1448,27333
2025-12-01,600519.SH,1448,1451.92,1435.02,1436.03,25047
2025-12-02,600519.SH,1435.81,1435.97,1428,1429.1,23573
2025-12-03,600519.SH,1429.1,1432.5,1418.38,1423.98,29075
2025-12-04,600519.SH,1423.98,1433.09,1419.5,1430.01,25402
2025-12-07,600519.SH,1429.2,1436.67,1418,1418.22,33603
2025-12-08,600519.SH,1418.23,1421,1400.05,1401.01,42634
2025-12-09,600519.SH,1400,1402.8,1383.18,1402.8,33133
2025-12-10,600519.SH,1406.66,1411.99,1401.55,1411.99,22385
2025-12-11,600519.SH,1418,1425,1413.57,1420.65,37159
2025-12-14,600519.SH,1439.59,1439.99,1425.57,1426,33359
2025-12-15,600519.SH,1426.2,1428.78,1415,1422,23964
2025-12-16,600519.SH,1425,1439.94,1417.68,1433.1,31382
2025-12-17,600519.SH,1433.5,1438.88,1426.11,1431,17830
2025-12-18,600519.SH,1410,1412.45,1401.01,1410,26509
2025-12-21,600519.SH,1410,1414.14,1406.58,1408.26,20426
2025-12-22,600519.SH,1408.26,1412.93,1397.19,1407.86,24507
2025-12-23,600519.SH,1404.99,1406.36,1400,1400.9,25187
2025-12-24,600519.SH,1405,1419.48,1401.38,1414.17,23386
2025-12-25,600519.SH,1414.17,1419.14,1410,1414.13,17803
2025-12-28,600519.SH,1414.13,1414.13,1401,1402,26308
2025-12-29,600519.SH,1401,1401.9,1386,1389.72,33792
2025-12-30,600519.SH,1390,1394,1377.17,1377.18,34766
2026-01-04,600519.SH,1385,1431.88,1385,1426,70949
2026-01-05,600519.SH,1432.55,1436.97,1416.53,1428.01,39586
2026-01-06,600519.SH,1432.88,1435,1420.2,1423.36,29684
2026-01-07,600519.SH,1423.33,1423.36,1408.14,1412.3,29135
2026-01-08,600519.SH,1417,1428.6,1416.01,1419.1,29848
2026-01-11,600519.SH,1419.1,1431,1417.1,1423.23,36083
2026-01-12,600519.SH,1426.79,1429.52,1408.99,1411,39169
2026-01-13,600519.SH,1411,1422.25,1396.18,1398.01,51758
2026-01-14,600519.SH,1396.02,1402.83,1388.58,1388.89,40907
2026-01-15,600519.SH,1395,1397.5,1380,1382,55121
2026-01-18,600519.SH,1381.9,1387.49,1375,1376,42286
2026-01-19,600519.SH,1379.5,1381.58,1372.05,1373.55,36484
2026-01-20,600519.SH,1373.56,1374.4,1350,1351.06,64516
2026-01-21,600519.SH,1352.01,1361.76,1337.48,1340.06,59011
2026-01-22,600519.SH,1340.1,1348,1332.47,1337,61949
2026-01-25,600519.SH,1340.51,1355,1325.12,1342,80166
2026-01-26,600519.SH,1344.98,1353.7,1338,1343.01,48416
2026-01-27,600519.SH,1343.04,1346.71,1322.01,1323.69,76218
2026-01-28,600519.SH,1335,1445,1329.06,1437.72,189534
2026-01-29,600519.SH,1435,1435,1401,1401,94480
2026-02-01,600519.SH,1425,1458.58,1411.62,1427,85724
2026-02-02,600519.SH,1445,1476.81,1443.03,1474.92,86321
2026-02-03,600519.SH,1485,1533.27,1474,1525,109123
2026-02-04,600519.SH,1520,1565,1515,1555,91623
2026-02-05,600519.SH,1555,1568,1505.88,1515.01,78965
2026-02-08,600519.SH,1518,1542.88,1513.49,1524.96,51168
2026-02-09,600519.SH,1524.97,1524.97,1496.5,1504.8,39576
2026-02-10,600519.SH,1504.8,1514,1496,1504.33,30928
2026-02-11,600519.SH,1500.2,1502.82,1473.36,1486.6,46246
2026-02-12,600519.SH,1486.6,1507.8,1470.58,1485.3,41679
2026-02-23,600519.SH,1521,1524.4,1463.6,1466.8,41913
2026-02-24,600519.SH,1470,1509.66,1467.88,1491.66,36881
2026-02-25,600519.SH,1486.6,1489.49,1464.67,1466.21,32958
2026-02-26,600519.SH,1466.99,1476.21,1455.02,1455.02,32160
2026-03-01,600519.SH,1450,1457,1436.66,1440.11,35454
2026-03-02,600519.SH,1440.1,1452.87,1422.13,1426.19,45891
2026-03-03,600519.SH,1415,1423,1392.09,1401.18,48014
2026-03-04,600519.SH,1406,1412.96,1395,1399.04,30505
2026-03-05,600519.SH,1395,1407.5,1388,1402,29154
2026-03-08,600519.SH,1390,1404.9,1383.2,1397,37442
2026-03-09,600519.SH,1404.9,1409.49,1398,1401.88,24626
2026-03-10,600519.SH,1402.99,1405.99,1398.02,1400,24457
2026-03-11,600519.SH,1395,1403.95,1391.01,1392,27586
2026-03-12,600519.SH,1392.48,1417.62,1392,1413.64,33608
2026-03-15,600519.SH,1420,1466,1420,1460.18,60086
2026-03-16,600519.SH,1468,1498.07,1461.19,1485,49454
2026-03-17,600519.SH,1489,1496.5,1463.15,1468.8,35551
2026-03-18,600519.SH,1472.96,1473,1446,1452.87,30319
2026-03-19,600519.SH,1452.96,1462.5,1439,1445,26132
2026-03-22,600519.SH,1433.33,1435,1400.03,1408.07,47256
2026-03-23,600519.SH,1416,1417.59,1400.18,1407.33,28562
2026-03-24,600519.SH,1410.11,1417.87,1401.01,1410.27,26093
2026-03-25,600519.SH,1409,1413.9,1400.3,1401.18,23093
2026-03-26,600519.SH,1400,1426,1396.66,1416.02,30087
2026-03-29,600519.SH,1407,1431,1402.52,1420,28685
2026-03-30,600519.SH,1468,1479.93,1448.41,1450,61691
2026-03-31,600519.SH,1464.49,1469.99,1452.88,1459.44,29125
2026-04-01,600519.SH,1459.44,1464.88,1452.1,1459.88,21064
2026-04-02,600519.SH,1459.54,1469.96,1455,1460,20194
2026-04-06,600519.SH,1460.05,1470,1435.05,1440.02,24152
2026-04-07,600519.SH,1460,1469.08,1452.13,1465.02,33836
2026-04-08,600519.SH,1465.02,1465.02,1447.5,1460.49,20705
2026-04-09,600519.SH,1459.14,1459.71,1441.1,1453.96,28866
2026-04-12,600519.SH,1444,1446.5,1433,1443.31,25214
2026-04-13,600519.SH,1442.6,1448.6,1435,1446.9,24233
2026-04-14,600519.SH,1444.98,1470.79,1442,1467.5,34553
2026-04-15,600519.SH,1467.45,1477.41,1460,1462.84,24513
2026-04-16,600519.SH,1400,1421,1399.87,1407.24,96825
2026-04-19,600519.SH,1403,1413.94,1400,1410.89,36451
2026-04-20,600519.SH,1411,1419.9,1410,1412.01,21754
2026-04-21,600519.SH,1415,1419,1404.98,1409.5,26916
2026-04-22,600519.SH,1408,1419.7,1405.1,1419,37701
2026-04-23,600519.SH,1413.1,1458.88,1413.1,1458.49,55455
2026-04-26,600519.SH,1420,1420,1402.2,1403.2,72798
2026-04-27,600519.SH,1402,1409.39,1400.11,1405,34004
2026-04-28,600519.SH,1405,1409.75,1400.28,1401.17,34813
2026-04-29,600519.SH,1400,1401.17,1380,1384.79,52753
2026-05-05,600519.SH,1365.1,1379,1360.05,1375,47806
2026-05-06,600519.SH,1375,1388,1370.01,1371.05,40461
2026-05-07,600519.SH,1371.66,1382.77,1370,1372.99,33369
2026-05-10,600519.SH,1372.89,1372.89,1361,1361.33,57135
2026-05-11,600519.SH,1362,1363.58,1350.5,1354.55,50837
2026-05-12,600519.SH,1354.5,1358.6,1338,1344.09,56968
2026-05-13,600519.SH,1338,1369.06,1335.18,1342.17,55244
2026-05-14,600519.SH,1335.15,1339.28,1327.11,1332.95,58184
2026-05-17,600519.SH,1336,1342.68,1319.61,1323,49661
2026-05-18,600519.SH,1321.9,1329.99,1318,1324.3,43255
2026-05-19,600519.SH,1321,1332.99,1314,1315,47487
2026-05-20,600519.SH,1312.98,1323.52,1311,1311,38868
2026-05-21,600519.SH,1310.95,1311.91,1290.12,1290.2,49157
2026-05-24,600519.SH,1287,1304.79,1277,1285.88,46353
2026-05-25,600519.SH,1285.35,1289.89,1270.01,1273.38,45932
2026-05-26,600519.SH,1268.02,1319,1250.1,1303,82728
2026-05-27,600519.SH,1290,1304,1271,1275.98,45890
2026-05-28,600519.SH,1270.6,1329,1270,1326,76478
2026-05-31,600519.SH,1327,1327,1301.31,1309.6,43845
2026-06-01,600519.SH,1306,1326.36,1301,1307.22,36362
2026-06-02,600519.SH,1304,1304,1276,1281.91,52477
2026-06-03,600519.SH,1278.99,1288.99,1266.69,1268,33506
2026-06-04,600519.SH,1278,1283,1267.74,1272.86,31304
2026-06-07,600519.SH,1272,1278,1260,1262.98,30828
2026-06-08,600519.SH,1262.99,1263,1252.55,1256,27860
2026-06-09,600519.SH,1252.08,1282,1250.21,1275.88,39244
2026-06-10,600519.SH,1272.12,1282.88,1266.91,1279,25352
2026-06-11,600519.SH,1271.18,1295,1265.01,1291.91,50495
2026-06-14,600519.SH,1292.7,1292.7,1270.1,1271.1,41586
2026-06-15,600519.SH,1267.01,1267.88,1255,1255.67,34970
2026-06-16,600519.SH,1258,1259.77,1238.56,1240,44803
2026-06-17,600519.SH,1235,1238.87,1211.22,1215,57472
2026-06-21,600519.SH,1214.31,1252.8,1205,1241.41,58251
2026-06-22,600519.SH,1239,1264,1217,1222.45,58004
2026-06-23,600519.SH,1222.65,1241.87,1207.51,1207.68,45335
2026-06-24,600519.SH,1207,1227,1200,1212.1,48446
2026-06-25,600519.SH,1199,1199,1168.1,1168.63,50066
2026-06-28,600519.SH,1169,1215,1151.01,1194.96,66878
2026-06-29,600519.SH,1187,1195.67,1176,1185.49,39608
2026-06-30,600519.SH,1180.1,1196.8,1166.33,1193.01,42474
2026-07-01,600519.SH,1193.01,1215.52,1190.51,1203,50870
2026-07-02,600519.SH,1205.24,1210.14,1185,1194.45,34268
2026-07-05,600519.SH,1186,1215,1180,1206.91,40970
2026-07-06,600519.SH,1200,1202,1188.11,1188.8,27365
2026-07-07,600519.SH,1188.77,1200.98,1177,1199.3,25776
2026-07-08,600519.SH,1191,1191.99,1178,1182.19,34096
2026-07-09,600519.SH,1182.2,1204.98,1170.28,1204.98,52213
2026-07-12,600519.SH,1197.12,1215,1190.19,1210.99,41983
2026-07-13,600519.SH,1208.99,1226.87,1205,1214.88,43527
2026-07-14,600519.SH,1203.66,1256.6,1198.66,1251.06,71944
2026-07-15,600519.SH,1252,1267.97,1245.05,1258.99,47611
2026-07-16,600519.SH,1269.01,1269.33,1238.98,1253,58417
2026-07-19,600519.SH,1270,1329,1266,1327.5,106151
2026-07-20,600519.SH,1338.98,1344.7,1296.87,1308,77148
2026-07-21,600519.SH,1300,1308,1283.24,1305,65181
2026-07-22,600519.SH,1299.8,1303,1285.43,1292.01,33918
2026-07-23,600519.SH,1305,1309.21,1286.2,1297.41,35699
2026-07-26,600519.SH,1308,1308,1279.58,1289.5,31990
2026-07-27,600519.SH,1299,1320,1289.52,1320,53135
2026-07-28,600519.SH,1333.83,1343.48,1312.06,1321,62330
2026-07-29,600519.SH,1323,1362,1322,1361.76,71873
2026-07-30,600519.SH,1330.03,1355.72,1325.77,1350.6,55128
2026-08-02,600519.SH,1350.6,1363.35,1346,1358.98,36147
2026-08-03,600519.SH,1350.06,1350.94,1328.36,1328.36,37450
2026-08-04,600519.SH,1328.36,1333.8,1303.5,1306.45,42689
2026-08-05,600519.SH,1310,1314.4,1300.01,1308.55,25463
2026-08-06,600519.SH,1308.66,1315.28,1301,1309.22,24976
2026-08-09,600519.SH,1325,1359.97,1318.08,1348.86,62686
2026-08-10,600519.SH,1348,1352.65,1338,1346.5,27073
2026-08-11,600519.SH,1346.5,1356.88,1332.51,1343,35060
2026-08-12,600519.SH,1338,1359.6,1337,1355.29,32353
2026-08-13,600519.SH,1355,1359,1338.14,1341.99,29853
2026-08-16,600519.SH,1295,1301,1280.34,1293.09,78430
2026-08-17,600519.SH,1291,1302.9,1285.17,1297.99,38723
2026-08-18,600519.SH,1300,1308.88,1290.5,1307.88,37548
2026-08-19,600519.SH,1299.8,1306.88,1291,1291.5,25332
2026-08-20,600519.SH,1291.5,1291.5,1272.01,1272.83,33472
2026-08-23,600519.SH,1271.01,1313.8,1270.33,1304.66,48440
2026-08-24,600519.SH,1311.89,1317,1301.11,1304,21111
2026-08-25,600519.SH,1300,1314.45,1295,1302.8,21731
2026-08-26,600519.SH,1304,1305,1288,1292.3,24767
2026-08-27,600519.SH,1289,1297.89,1288,1297.4,16126
2026-08-30,600519.SH,1297.99,1305,1286,1299.52,23248
2026-08-31,600519.SH,1295,1307.99,1286.1,1299.56,32664
2026-09-01,600519.SH,1302.8,1303,1291.2,1297.5,20308
2026-09-02,600519.SH,1297.5,1305,1293.02,1298.88,17748
2026-09-03,600519.SH,1295.88,1338.86,1295.6,1330,45416
2026-09-06,600519.SH,1324,1333.6,1312.66,1316.01,25250
2026-09-07,600519.SH,1318,1323,1309.05,1309.3,17534
2026-09-08,600519.SH,1305.01,1309.3,1286.68,1290.88,32226
2026-09-09,600519.SH,1291,1294.99,1282,1285.13,18900
2026-09-10,600519.SH,1285.15,1286.15,1263.01,1275.16,34801
2026-09-13,600519.SH,1277.27,1285.53,1270.36,1277.96,16571
2026-09-14,600519.SH,1281,1284.5,1271.28,1272.75,13762
2026-09-15,600519.SH,1273.93,1274.98,1254.1,1258,26235
2026-09-16,600519.SH,1257.98,1267.6,1254,1266.98,17554
2026-09-17,600519.SH,1262.99,1265.88,1256.1,1257.12,24891
2026-09-20,600519.SH,1259,1259.95,1250.8,1252.57,25017
2026-09-21,600519.SH,1252.15,1265.88,1248.1,1253.8,24573
2026-09-22,600519.SH,1255.03,1271.5,1250.89,1251.24,30981
2026-09-23,600519.SH,1250.01,1256.13,1231.05,1237,31239
2026-09-27,600519.SH,1236,1244.01,1228.1,1243.88,28218
2026-09-28,600519.SH,1244.6,1245.87,1230.88,1235.58,26366
2026-09-29,600519.SH,1239.53,1268,1236.05,1258.62,38331
2022-08-16,000333.SZ,52.66,53.88,52.11,53.43,238435
2022-08-17,000333.SZ,53.1,53.25,52.41,52.62,140885
2022-08-18,000333.SZ,52.68,52.81,52.25,52.61,132153
2022-08-21,000333.SZ,52.46,53.55,52.29,53.04,238176
2022-08-22,000333.SZ,52.95,53.1,52,52.12,220349
2022-08-23,000333.SZ,52.1,52.18,51.31,51.39,215842
2022-08-24,000333.SZ,51.39,52.41,50.97,52.23,209893
2022-08-25,000333.SZ,52.48,52.66,51.89,52.23,160406
2022-08-28,000333.SZ,51.6,52.87,51.51,52.28,164561
2022-08-29,000333.SZ,52.49,53.21,52.08,52.3,202708
2022-08-30,000333.SZ,52.1,53.65,52.09,53.24,462838
2022-08-31,000333.SZ,53.23,55.5,53.23,55.11,642105
2022-09-01,000333.SZ,55.11,55.11,53.17,53.65,367460
2022-09-04,000333.SZ,53.1,54,52.88,53.8,190275
2022-09-05,000333.SZ,53.81,54.21,53.4,53.46,177962
2022-09-06,000333.SZ,53.67,53.69,52.98,53.05,209953
2022-09-07,000333.SZ,53.05,53.75,53.05,53.37,153657
2022-09-08,000333.SZ,53.37,55.63,53.26,55.44,523881
2022-09-12,000333.SZ,55.44,56.9,55.07,56.49,346024
2022-09-13,000333.SZ,55.5,56.25,55.4,55.93,187473
2022-09-14,000333.SZ,55.89,57.2,55.69,56.34,289698
2022-09-15,000333.SZ,55.99,56.1,54.9,55.12,259940
2022-09-18,000333.SZ,54.67,55.44,54.12,54.98,203600
2022-09-19,000333.SZ,54.85,55.1,53.3,53.52,350660
2022-09-20,000333.SZ,54.43,54.46,52.34,52.85,267752
2022-09-21,000333.SZ,52.74,52.75,51.29,51.5,401432
2022-09-22,000333.SZ,51.11,51.89,51,51.34,175176
2022-09-25,000333.SZ,51,52,50.89,51.05,205533
2022-09-26,000333.SZ,51.15,51.88,50.3,51.68,247650
2022-09-27,000333.SZ,51.5,51.77,51.1,51.17,135577
2022-09-28,000333.SZ,51.47,51.76,50.3,50.5,253195
2022-09-29,000333.SZ,50.13,50.57,49.31,49.31,355638
2022-10-09,000333.SZ,49.31,49.99,48.46,48.7,260145
2022-10-10,000333.SZ,48.69,48.85,48,48.37,220037
2022-10-11,000333.SZ,48.05,48.3,47,48.27,240971
2022-10-12,000333.SZ,47.99,48,47.01,47.06,277454
2022-10-13,000333.SZ,47.25,48.25,47.1,47.99,313388
2022-10-16,000333.SZ,47.71,47.85,47.3,47.67,235017
2022-10-17,000333.SZ,47.98,48.15,47.33,47.44,270086
2022-10-18,000333.SZ,47.36,47.36,45.17,45.22,556549
2022-10-19,000333.SZ,44.8,45.28,43.86,44.38,366478
2022-10-20,000333.SZ,44.39,44.78,43.77,44,272432
2022-10-23,000333.SZ,43.7,44.32,42.3,42.39,459169
2022-10-24,000333.SZ,42.8,42.95,41.98,42.02,414401
2022-10-25,000333.SZ,42.2,43.21,42.16,42.46,362814
2022-10-26,000333.SZ,42.7,43,42.3,42.58,226403
2022-10-27,000333.SZ,42.21,42.38,40.62,40.76,401750
2022-10-30,000333.SZ,40.73,40.8,40.1,40.18,345535
2022-10-31,000333.SZ,40.58,41.6,40.09,41.6,480671
2022-11-01,000333.SZ,41.4,42.6,41.22,42.08,380199
2022-11-02,000333.SZ,41.8,41.87,41.2,41.58,288535
2022-11-03,000333.SZ,41.63,43.35,41.58,43.09,457491
2022-11-06,000333.SZ,43,43.26,42.51,43.06,331596
2022-11-07,000333.SZ,43.12,43.29,42.58,43,305582
2022-11-08,000333.SZ,43.39,43.85,42.95,43.04,229904
2022-11-09,000333.SZ,42.75,42.98,42.53,42.97,223054
2022-11-10,000333.SZ,44.53,46.2,43.71,45.63,828835
2022-11-13,000333.SZ,47.92,49.11,47.3,47.8,1000204
2022-11-14,000333.SZ,48.5,49.58,47.7,49.07,512288
2022-11-15,000333.SZ,49.4,49.4,48.16,48.46,259926
2022-11-16,000333.SZ,48.39,49.1,47.68,47.96,192846
2022-11-17,000333.SZ,48.36,48.54,47.68,47.97,160676
2022-11-20,000333.SZ,47.47,47.47,46.24,46.34,345234
2022-11-21,000333.SZ,46.4,47.04,45.9,46.3,235692
2022-11-22,000333.SZ,46.23,46.54,46.02,46.28,142552
2022-11-23,000333.SZ,46.75,47.2,45.78,45.91,213800
2022-11-24,000333.SZ,45.91,47.09,45.83,46.69,246975
2022-11-27,000333.SZ,45.68,46.45,45.23,46.29,226551
2022-11-28,000333.SZ,48,48.78,46.92,48.42,389287
2022-11-29,000333.SZ,48.18,48.98,47.49,47.87,272876
2022-11-30,000333.SZ,48.81,49.33,48.27,48.31,276045
2022-12-01,000333.SZ,48.04,48.6,47.76,48.04,170150
2022-12-04,000333.SZ,48.49,50,48.4,49.7,361068
2022-12-05,000333.SZ,49.69,50.66,49.02,50,325270
2022-12-06,000333.SZ,50,51.68,49.5,51.25,436564
2022-12-07,000333.SZ,51.35,52.48,50.84,51.75,390780
2022-12-08,000333.SZ,51.96,54.33,51.81,54.3,699406
2022-12-11,000333.SZ,53.7,54.97,53.3,54.43,466633
2022-12-12,000333.SZ,54.21,54.4,53.65,53.95,306193
2022-12-13,000333.SZ,53.45,55.06,53.45,54.89,260850
2022-12-14,000333.SZ,54.9,55.8,53.25,53.63,278043
2022-12-15,000333.SZ,53.28,54.15,52.77,54,197450
2022-12-18,000333.SZ,54,54.38,53.28,53.68,160764
2022-12-19,000333.SZ,53,53.09,51.55,51.57,272454
2022-12-20,000333.SZ,51.29,52.49,51.29,51.68,130742
2022-12-21,000333.SZ,51.94,53.28,51.77,52.2,228123
2022-12-22,000333.SZ,51.98,53.15,51.43,52.38,163439
2022-12-25,000333.SZ,52.68,52.88,51.36,51.5,153879
2022-12-26,000333.SZ,51.79,53.03,51.41,52.94,173391
2022-12-27,000333.SZ,52.43,52.75,51.9,52.05,163229
2022-12-28,000333.SZ,51.62,52.19,51.02,51.73,119951
2022-12-29,000333.SZ,51.8,52.5,51.7,51.8,127733
2023-01-02,000333.SZ,52,52.23,51.23,51.88,163628
2023-01-03,000333.SZ,51.69,53.83,51.65,53.75,261341
2023-01-04,000333.SZ,54,54.99,53.95,54.91,294217
2023-01-05,000333.SZ,54.97,55.16,53.91,54.01,195001
2023-01-08,000333.SZ,54.1,54.45,53.4,54.11,204277
2023-01-09,000333.SZ,53.99,54.4,53.43,53.5,154340
2023-01-10,000333.SZ,53.45,55.18,53.4,54.5,214610
2023-01-11,000333.SZ,54.3,55,54.01,54.77,145818
2023-01-12,000333.SZ,54.87,56,54.5,55.95,265803
2023-01-15,000333.SZ,56.03,58.36,56.02,57.7,330181
2023-01-16,000333.SZ,57.69,58.18,57.15,58,188114
2023-01-17,000333.SZ,58,58.5,57.37,57.6,130358
2023-01-18,000333.SZ,57.46,57.55,56.7,57.38,194679
2023-01-19,000333.SZ,57.46,57.84,56.96,57.08,108608
2023-01-29,000333.SZ,57.44,58.08,55.59,55.65,256196
2023-01-30,000333.SZ,55.4,56.15,55,55.2,232598
2023-01-31,000333.SZ,55.29,55.99,54.45,55.5,267247
2023-02-01,000333.SZ,55.45,55.6,53.62,53.96,367678
2023-02-02,000333.SZ,53.7,53.95,52.86,53.31,208300
2023-02-05,000333.SZ,52.81,52.81,51.08,51.25,421857
2023-02-06,000333.SZ,51.36,51.7,51.1,51.5,209009
2023-02-07,000333.SZ,51.39,51.5,50.86,51.01,191018
2023-02-08,000333.SZ,50.8,51.73,50.49,51.53,227383
2023-02-09,000333.SZ,51.35,51.75,51.29,51.62,139889
2023-02-12,000333.SZ,51.5,52.58,51.03,52.44,306391
2023-02-13,000333.SZ,52.45,52.65,51.81,52.21,214375
2023-02-14,000333.SZ,52.2,52.21,51.18,51.35,179488
2023-02-15,000333.SZ,51.1,51.75,50.8,51.28,216987
2023-02-16,000333.SZ,51.05,51.5,51.02,51.38,158066
2023-02-19,000333.SZ,51.5,53.69,51.11,53.3,383136
2023-02-20,000333.SZ,53.3,53.8,52.73,53.54,256493
2023-02-21,000333.SZ,53,53.18,52.41,52.78,229115
2023-02-22,000333.SZ,52.79,53.88,52.79,53.37,240107
2023-02-23,000333.SZ,53.18,53.39,52.82,52.98,169278
2023-02-26,000333.SZ,52.6,52.98,51.86,52.4,169471
2023-02-27,000333.SZ,52.02,53.14,52.02,52.46,194045
2023-02-28,000333.SZ,52.51,54.99,52.51,54.62,432975
2023-03-01,000333.SZ,54.6,55.68,54.15,54.85,255490
2023-03-02,000333.SZ,55.25,55.84,54.66,55.2,197415
2023-03-05,000333.SZ,54.84,55,53.81,53.83,259357
2023-03-06,000333.SZ,53.84,54.37,52.7,52.86,194738
2023-03-07,000333.SZ,52.65,52.8,52.07,52.29,144948
2023-03-08,000333.SZ,52.29,53.25,52.27,52.7,130131
2023-03-09,000333.SZ,52.24,52.5,51.02,51.15,192134
2023-03-12,000333.SZ,51.01,52.24,51,52.06,194837
2023-03-13,000333.SZ,51.72,51.91,50.7,51.15,165011
2023-03-14,000333.SZ,51.5,51.63,50.4,50.46,209456
2023-03-15,000333.SZ,50.08,50.39,49.65,50.04,121820
2023-03-16,000333.SZ,50.5,51.18,50.06,50.33,201231
2023-03-19,000333.SZ,50.18,51.13,50.1,50.44,163015
2023-03-20,000333.SZ,50.55,52.14,50.55,52.1,231466
2023-03-21,000333.SZ,52.2,52.27,51.3,51.7,135542
2023-03-22,000333.SZ,51.48,52,51.39,51.82,123790
2023-03-23,000333.SZ,51.82,52.17,51.64,52.09,132776
2023-03-26,000333.SZ,52.09,52.46,51.7,51.85,127683
2023-03-27,000333.SZ,51.7,52.08,51.06,51.09,128679
2023-03-28,000333.SZ,51.38,51.57,51.1,51.4,128030
2023-03-29,000333.SZ,51.35,54.8,51.3,54.47,571574
2023-03-30,000333.SZ,54.11,54.62,53.36,53.81,277888
2023-04-02,000333.SZ,55,55.4,54.2,54.69,373915
2023-04-03,000333.SZ,54.5,54.72,53.75,54.63,179891
2023-04-05,000333.SZ,54.42,55,53.75,54.02,152435
2023-04-06,000333.SZ,53.91,55.27,53.91,54.68,158641
2023-04-09,000333.SZ,54.4,55.06,54.01,54.76,156493
2023-04-10,000333.SZ,54.41,56.37,54.4,55.84,324366
2023-04-11,000333.SZ,55.84,56.75,55.4,55.5,223025
2023-04-12,000333.SZ,55.05,55.29,54.14,54.14,182595
2023-04-13,000333.SZ,54.18,54.65,53.83,53.94,142124
2023-04-16,000333.SZ,53.91,55.58,53.89,55.42,262280
2023-04-17,000333.SZ,55.2,57.4,55.17,56.78,387063
2023-04-18,000333.SZ,56.78,57.25,56.05,56.08,191887
2023-04-19,000333.SZ,56.18,58.04,56.18,57.04,367949
2023-04-20,000333.SZ,57.4,58.6,56.75,56.85,398924
2023-04-23,000333.SZ,56.2,58.75,56.01,57.03,339921
2023-04-24,000333.SZ,57,58.04,55.65,57.65,429621
2023-04-25,000333.SZ,57.02,57.35,55.97,56.7,239342
2023-04-26,000333.SZ,56.17,57.75,56.17,57.26,157771
2023-04-27,000333.SZ,57.25,57.35,56.21,56.78,156906
2023-05-03,000333.SZ,57.22,58.45,55.85,56.58,268566
2023-05-04,000333.SZ,56.4,56.4,54.08,55.33,342123
2023-05-07,000333.SZ,55.33,55.99,54.47,55.01,208722
2023-05-08,000333.SZ,54.8,55.56,54.01,54.8,181394
2023-05-09,000333.SZ,54.5,56,53.88,55.4,174626
2023-05-10,000333.SZ,55.55,56.72,55.34,55.45,126225
2023-05-11,000333.SZ,55.33,57.49,55.31,55.82,165590
2023-05-14,000333.SZ,55.86,56.74,55.01,56.59,140666
2023-05-15,000333.SZ,56.59,57.24,55.11,55.35,136126
2023-05-16,000333.SZ,55.22,56.4,54.81,55.02,90763
2023-05-17,000333.SZ,55.15,55.42,54.55,55,110695
2023-05-18,000333.SZ,54.66,56.86,54.66,55.8,203843
2023-05-21,000333.SZ,55.8,56.95,55.8,56.71,151998
2023-05-22,000333.SZ,56.69,56.95,55.88,55.95,155851
2023-05-23,000333.SZ,55.82,55.89,53.5,53.6,266742
2023-05-24,000333.SZ,53.4,54.49,52.68,54.01,171434
2023-05-25,000333.SZ,54.01,54.45,53.48,54.26,111661
2023-05-28,000333.SZ,54.27,54.69,53.08,53.45,174334
2023-05-29,000333.SZ,53.45,53.66,51.79,52.33,320846
2023-05-30,000333.SZ,52.59,52.7,51.1,51.33,280650
2023-05-31,000333.SZ,49.02,49.8,48.53,48.89,348935
2023-06-01,000333.SZ,50,52.1,49.99,51.8,499392
2023-06-04,000333.SZ,52.51,54.15,51.59,53.94,399400
2023-06-05,000333.SZ,53.94,55.31,53.05,54.21,342618
2023-06-06,000333.SZ,55.5,55.77,54.49,55.25,369087
2023-06-07,000333.SZ,55.7,57.11,55.2,56.89,475531
2023-06-08,000333.SZ,57.5,57.76,55.77,56.11,410652
2023-06-11,000333.SZ,56.12,57.82,55.7,57.35,396210
2023-06-12,000333.SZ,57.26,57.77,56.26,56.61,248501
2023-06-13,000333.SZ,57.23,57.98,56.62,57.08,360007
2023-06-14,000333.SZ,57.26,58.58,57.01,58,312765
2023-06-15,000333.SZ,58.4,58.99,57.4,58.35,300061
2023-06-18,000333.SZ,58,58.14,56.7,56.81,289110
2023-06-19,000333.SZ,56.92,58.92,56.8,57.58,243810
2023-06-20,000333.SZ,58,59.6,57.4,58.28,451303
2023-06-25,000333.SZ,59.83,59.95,57.8,58.14,335581
2023-06-26,000333.SZ,58.22,60.15,57.88,59.69,481237
2023-06-27,000333.SZ,59.45,60.52,59.21,59.7,327901
2023-06-28,000333.SZ,59.72,59.79,58.22,59.14,276783
2023-06-29,000333.SZ,59.23,59.82,58.56,58.92,264876
2023-07-02,000333.SZ,58.88,60.38,58.33,59.06,318762
2023-07-03,000333.SZ,59.28,59.6,58.12,58.9,219446
2023-07-04,000333.SZ,59.09,59.33,58.42,59.12,187016
2023-07-05,000333.SZ,59.13,59.75,58.3,58.37,169577
2023-07-06,000333.SZ,58.04,58.59,57.2,57.75,293796
2023-07-09,000333.SZ,57.82,57.93,56.04,56.63,320860
2023-07-10,000333.SZ,56.8,57.08,56.4,56.66,158028
2023-07-11,000333.SZ,56.9,58.08,56.4,57.09,187815
2023-07-12,000333.SZ,57.2,58.32,57.2,57.8,169307
2023-07-13,000333.SZ,57.75,58.27,57.02,57.46,105000
2023-07-16,000333.SZ,57.2,57.2,56.3,57.13,90425
2023-07-17,000333.SZ,57.4,57.4,55.67,56.74,239882
2023-07-18,000333.SZ,56.89,58.35,56.67,58.13,278044
2023-07-19,000333.SZ,57.9,58.65,57.44,57.53,140516
2023-07-20,000333.SZ,57.55,58.08,56.99,57.13,120709
2023-07-23,000333.SZ,57.13,57.36,56.13,56.77,115888
2023-07-24,000333.SZ,57.86,59.28,57.8,58.98,376481
2023-07-25,000333.SZ,58.81,59.54,58.48,58.58,187526
2023-07-26,000333.SZ,58.55,59.12,58.35,58.48,151970
2023-07-27,000333.SZ,58.7,59.82,58.11,59.74,240041
2023-07-30,000333.SZ,60.95,61.3,59.15,59.32,325183
2023-07-31,000333.SZ,59.32,59.69,58.13,58.25,204186
2023-08-01,000333.SZ,58.1,58.82,57.77,58.3,235436
2023-08-02,000333.SZ,57.98,58.2,56.99,57.98,233629
2023-08-03,000333.SZ,58.3,58.99,57.81,57.92,196637
2023-08-06,000333.SZ,57.79,58.19,57.34,57.88,153707
2023-08-07,000333.SZ,57.5,57.55,56.96,57,136355
2023-08-08,000333.SZ,57.19,57.7,57.04,57.56,151434
2023-08-09,000333.SZ,57.21,57.3,55.5,56.35,385305
2023-08-10,000333.SZ,56.29,56.45,55.14,55.18,255333
2023-08-13,000333.SZ,54.5,55.57,54.28,55.44,195167
2023-08-14,000333.SZ,55.31,55.56,54.6,55.16,163704
2023-08-15,000333.SZ,54.8,55.36,54.36,55.23,153587
2023-08-16,000333.SZ,54.9,55.94,54.53,55.84,152165
2023-08-17,000333.SZ,55.78,55.85,54.63,54.79,134638
2023-08-20,000333.SZ,54.61,55.36,54.35,54.38,131172
2023-08-21,000333.SZ,54.3,54.68,53.41,54.37,230543
2023-08-22,000333.SZ,54.12,54.66,53.6,53.72,157983
2023-08-23,000333.SZ,53.99,55.45,53.5,55.05,255836
2023-08-24,000333.SZ,54.95,55.99,54.52,55.26,164728
2023-08-27,000333.SZ,57.3,57.98,55.78,56.16,288004
2023-08-28,000333.SZ,55.88,56.49,55.55,56.05,217871
2023-08-29,000333.SZ,56.04,57.18,55.71,56.82,233664
2023-08-30,000333.SZ,57.3,57.8,56.48,56.51,280838
2023-08-31,000333.SZ,57,58.5,56.99,57.93,266506
2023-09-03,000333.SZ,58.5,58.8,57.62,58.22,200900
2023-09-04,000333.SZ,58.26,58.49,57.61,57.78,153090
2023-09-05,000333.SZ,57.51,58,56.88,57.18,208883
2023-09-06,000333.SZ,57.09,57.12,56.5,56.57,136399
2023-09-07,000333.SZ,56.74,56.83,55.81,56.08,84002
2023-09-10,000333.SZ,56.31,56.88,56.01,56.43,140721
2023-09-11,000333.SZ,56.42,57.72,56.3,57.21,164034
2023-09-12,000333.SZ,57.1,57.54,56.7,57,107434
2023-09-13,000333.SZ,57.01,57.26,56.26,56.55,102895
2023-09-14,000333.SZ,56.64,56.69,55.3,55.79,164512
2023-09-17,000333.SZ,55.8,56.59,55.21,56.1,144278
2023-09-18,000333.SZ,55.99,56.15,55.45,56.05,123661
2023-09-19,000333.SZ,56.03,57.24,55.73,56.89,213801
2023-09-20,000333.SZ,56.88,56.88,56.02,56.32,167691
2023-09-21,000333.SZ,56.59,57.11,56.17,57.05,221702
2023-09-24,000333.SZ,56.89,56.89,56.23,56.63,166432
2023-09-25,000333.SZ,56.76,57.2,56,56,189349
2023-09-26,000333.SZ,56,56.66,55.43,56.19,188109
2023-09-27,000333.SZ,56.39,56.5,55.41,55.48,170976
2023-10-08,000333.SZ,55.46,56.11,54.9,55.76,286595
2023-10-09,000333.SZ,55.49,55.77,54.42,54.77,214996
2023-10-10,000333.SZ,54.75,55.89,54.5,54.77,204184
2023-10-11,000333.SZ,55,55.48,54.61,55.28,176042
2023-10-12,000333.SZ,55.19,55.44,54.53,54.99,129960
2023-10-15,000333.SZ,54.8,55.41,54.8,55.08,150202
2023-10-16,000333.SZ,55.08,55.99,55.05,55.88,168302
2023-10-17,000333.SZ,55.68,55.89,55.21,55.47,106371
2023-10-18,000333.SZ,55.29,55.29,54.18,54.23,201961
2023-10-19,000333.SZ,53.94,54.06,52.88,53.18,210898
2023-10-22,000333.SZ,53,53.63,52.71,53.25,168644
2023-10-23,000333.SZ,53.01,53.49,52.2,53.18,250198
2023-10-24,000333.SZ,53.79,54.01,52.14,52.42,258565
2023-10-25,000333.SZ,52.22,52.72,52.03,52.51,151655
2023-10-26,000333.SZ,52.36,54,52.21,53.74,253188
2023-10-29,000333.SZ,53.33,54.64,53.33,54.5,164885
2023-10-30,000333.SZ,54.3,54.3,52.7,52.92,238072
2023-10-31,000333.SZ,52.81,53.46,52.7,53.01,189338
2023-11-01,000333.SZ,53,54.41,52.81,53.18,200855
2023-11-02,000333.SZ,53.12,53.35,52.72,52.8,177406
2023-11-05,000333.SZ,53,53.3,52.7,53.14,249182
2023-11-06,000333.SZ,53.1,53.28,52.58,53.1,188982
2023-11-07,000333.SZ,52.65,52.99,52.51,52.85,213857
2023-11-08,000333.SZ,52.88,53.33,52.35,52.45,141469
2023-11-09,000333.SZ,52.3,52.86,52.25,52.7,130271
2023-11-12,000333.SZ,52.64,52.64,50.68,51.06,382916
2023-11-13,000333.SZ,51.02,51.42,50.8,51.09,248028
2023-11-14,000333.SZ,51.44,51.76,50.95,51.54,196363
2023-11-15,000333.SZ,51.4,52.19,51.31,51.75,216055
2023-11-16,000333.SZ,51.6,51.97,51.21,51.86,135134
2023-11-19,000333.SZ,51.54,52.9,51.54,52.43,182191
2023-11-20,000333.SZ,52.62,53.19,52.45,52.45,158459
2023-11-21,000333.SZ,52.45,52.6,51.9,52.15,97869
2023-11-22,000333.SZ,52.15,52.93,51.85,52.76,101034
2023-11-23,000333.SZ,52.8,52.85,52.07,52.48,157245
2023-11-26,000333.SZ,52.43,52.43,51.75,51.97,159225
2023-11-27,000333.SZ,52.2,52.8,51.53,52.53,217876
2023-11-28,000333.SZ,52.53,52.58,51.72,52.01,124265
2023-11-29,000333.SZ,51.81,52,51.41,51.67,128619
2023-11-30,000333.SZ,52.3,52.36,50.33,50.55,316050
2023-12-03,000333.SZ,50.48,50.79,49.84,50.09,220587
2023-12-04,000333.SZ,50.09,50.19,49.22,49.22,225103
2023-12-05,000333.SZ,49.06,49.65,48.75,49.18,191141
2023-12-06,000333.SZ,49.36,50.49,49.22,50.22,250219
2023-12-07,000333.SZ,50.18,51.08,50.09,50.34,218113
2023-12-10,000333.SZ,49.85,51.4,49.22,51.02,252015
2023-12-11,000333.SZ,51.5,51.55,50.72,51,172048
2023-12-12,000333.SZ,50.9,50.99,50.51,50.69,128587
2023-12-13,000333.SZ,50.91,51.47,50.58,50.89,165634
2023-12-14,000333.SZ,50.51,51.1,50.3,50.33,204702
2023-12-17,000333.SZ,50.03,51.18,49.75,51.09,223075
2023-12-18,000333.SZ,51.08,51.08,50.46,50.75,169545
2023-12-19,000333.SZ,50.75,51.4,50.52,51.03,254170
2023-12-20,000333.SZ,51.22,52.28,50.87,52.02,274212
2023-12-21,000333.SZ,51.91,52.99,51.7,52.77,227281
2023-12-24,000333.SZ,52.62,53.25,52.43,52.67,113150
2023-12-25,000333.SZ,52.62,53.23,52.53,52.8,161523
2023-12-26,000333.SZ,52.78,53.7,52.72,53.6,203069
2023-12-27,000333.SZ,53.44,54.16,53.25,54.05,247280
2023-12-28,000333.SZ,54.07,54.98,53.72,54.63,259373
2024-01-01,000333.SZ,54.63,55.05,54.2,54.56,239057
2024-01-02,000333.SZ,54.59,54.8,54.1,54.45,206897
2024-01-03,000333.SZ,54.66,55.32,54.45,55.25,267025
2024-01-04,000333.SZ,55.2,56.08,54.85,55.6,300429
2024-01-07,000333.SZ,55.6,55.6,54.62,55,278097
2024-01-08,000333.SZ,54.71,55.33,54.11,55.17,216070
2024-01-09,000333.SZ,55.17,55.77,54.84,55.22,178208
2024-01-10,000333.SZ,55.22,55.49,54.73,55,212369
2024-01-11,000333.SZ,54.9,55.71,54.58,55,243611
2024-01-14,000333.SZ,54.84,55.98,54.66,55.88,191241
2024-01-15,000333.SZ,55.61,56.95,55.1,56.92,337304
2024-01-16,000333.SZ,56.63,57.29,56.37,56.37,269141
2024-01-17,000333.SZ,56.79,56.99,55.08,56.4,390231
2024-01-18,000333.SZ,56,56.6,55.86,56.14,299370
2024-01-21,000333.SZ,55.88,56.66,55.08,55.34,359803
2024-01-22,000333.SZ,55.52,56.69,54.8,56.38,288485
2024-01-23,000333.SZ,56.15,57.44,56.02,57.19,264637
2024-01-24,000333.SZ,57.3,57.49,56.24,56.35,249636
2024-01-25,000333.SZ,56.35,57.75,56.35,57.51,327457
2024-01-28,000333.SZ,57.9,59.48,57.69,58.69,374987
2024-01-29,000333.SZ,58.7,59.2,58,58.22,273733
2024-01-30,000333.SZ,57.91,58.94,57.42,58.25,255442
2024-01-31,000333.SZ,58.23,59.46,58,58.81,303402
2024-02-01,000333.SZ,58.5,58.88,57.31,58.25,289505
2024-02-04,000333.SZ,58,59.6,57.82,59.45,461603
2024-02-05,000333.SZ,59.26,60.79,59.02,59.95,379464
2024-02-06,000333.SZ,59.29,61.17,59.03,61.11,461959
2024-02-07,000333.SZ,61.29,62.36,59.98,60.29,347232
2024-02-18,000333.SZ,61.7,61.7,59.81,60.6,356959
2024-02-19,000333.SZ,60.3,61.79,59.67,61.7,296309
2024-02-20,000333.SZ,61,62.55,60.68,61.71,277972
2024-02-21,000333.SZ,61.21,61.79,61.03,61.35,192591
2024-02-22,000333.SZ,61.68,62.1,59.32,59.62,430936
2024-02-25,000333.SZ,59.85,61.5,59.85,60.3,340977
2024-02-26,000333.SZ,60.59,61.99,60.1,61.92,280148
2024-02-27,000333.SZ,62,62.31,60.95,61.82,253674
2024-02-28,000333.SZ,62,63.48,61.75,62.63,489210
2024-02-29,000333.SZ,63.5,64.51,62.88,64.47,328449
2024-03-03,000333.SZ,65,66,63.5,64.6,373844
2024-03-04,000333.SZ,64.65,65.4,63.45,65.04,355253
2024-03-05,000333.SZ,64.9,65.53,64.3,64.51,219230
2024-03-06,000333.SZ,64.45,66.65,64.2,65.8,306340
2024-03-07,000333.SZ,65.87,66.49,64.88,66.1,261254
2024-03-10,000333.SZ,66.09,66.1,64.56,65.42,280270
2024-03-11,000333.SZ,65.35,65.35,63.05,64.13,507399
2024-03-12,000333.SZ,63.66,64.33,63,64.07,327232
2024-03-13,000333.SZ,63.86,64.75,63.6,64.5,315317
2024-03-14,000333.SZ,64.39,64.5,63.3,64.02,254639
2024-03-17,000333.SZ,63.88,63.89,62.35,62.36,425011
2024-03-18,000333.SZ,62.2,63.12,62.17,62.6,297946
2024-03-19,000333.SZ,62.2,62.5,61.4,61.88,377909
2024-03-20,000333.SZ,61.91,62.04,60.13,60.55,391892
2024-03-21,000333.SZ,60.56,62.65,60.5,62.62,431568
2024-03-24,000333.SZ,62.19,63.66,61.78,62.9,269033
2024-03-25,000333.SZ,62.31,63.25,62.31,62.72,253537
2024-03-26,000333.SZ,62.53,64.88,62.51,63.67,348428
2024-03-27,000333.SZ,64.23,65.39,63.18,64.58,451854
2024-03-28,000333.SZ,64.58,65.73,63.66,64.22,254689
2024-03-31,000333.SZ,64.5,66.28,64.1,66.22,327712
2024-04-01,000333.SZ,66,66.53,65.75,66.25,226536
2024-04-02,000333.SZ,66.2,66.9,65.98,66.73,206265
2024-04-07,000333.SZ,66.72,66.85,64.67,65.32,324345
2024-04-08,000333.SZ,65,65.6,64.82,65.04,194783
2024-04-09,000333.SZ,64.87,66.2,64.56,65.17,180820
2024-04-10,000333.SZ,64.95,65.95,64.61,65.07,190048
2024-04-11,000333.SZ,64.99,65.6,64.58,64.89,217344
2024-04-14,000333.SZ,64.89,67,64.71,66.84,317837
2024-04-15,000333.SZ,66.78,68.77,66.57,68.31,391914
2024-04-16,000333.SZ,68,68.8,66.98,68.58,245496
2024-04-17,000333.SZ,68.58,71.33,68.38,70,395421
2024-04-18,000333.SZ,69.43,70.58,69.43,70,288123
2024-04-21,000333.SZ,70.2,71.19,69.5,69.98,289438
2024-04-22,000333.SZ,69.83,70,67.59,68.39,382179
2024-04-23,000333.SZ,68.34,68.64,66.75,67.9,307830
2024-04-24,000333.SZ,67.13,68.56,67.13,68.24,220333
2024-04-25,000333.SZ,68.25,68.65,67.42,68.37,242257
2024-04-28,000333.SZ,68.3,68.88,67.23,68.2,332264
2024-04-29,000333.SZ,66.84,71.15,66.8,69.78,571318
2024-05-05,000333.SZ,70.5,71.46,69.65,71.01,461799
2024-05-06,000333.SZ,70.81,72.33,70.62,71.1,304315
2024-05-07,000333.SZ,70.5,71.34,70.39,70.75,176620
2024-05-08,000333.SZ,71,72.34,70.62,71.85,285718
2024-05-09,000333.SZ,72.2,72.33,71.34,71.88,224879
2024-05-12,000333.SZ,71.88,72.99,70.7,72.71,271674
2024-05-13,000333.SZ,72.68,72.89,70.2,70.84,399236
2024-05-14,000333.SZ,68.5,70.1,68.11,69.76,301895
2024-05-15,000333.SZ,69.76,69.8,68.8,69.34,246004
2024-05-16,000333.SZ,68.78,69.5,66.52,68.03,418483
2024-05-19,000333.SZ,67.01,67.88,66.21,66.57,426430
2024-05-20,000333.SZ,66.27,67.3,66.2,66.55,243588
2024-05-21,000333.SZ,66.34,66.54,65.31,65.41,261052
2024-05-22,000333.SZ,65.4,66.19,65,65.74,240961
2024-05-23,000333.SZ,65.4,66.98,65.1,66.62,259270
2024-05-26,000333.SZ,66.5,68.28,65.54,67.59,305462
2024-05-27,000333.SZ,67.6,67.78,66.5,67.03,191737
2024-05-28,000333.SZ,66.6,67.2,65.5,65.85,241321
2024-05-29,000333.SZ,65.71,66.19,65.14,65.18,193586
2024-05-30,000333.SZ,65.19,65.57,64.55,64.76,261294
2024-06-02,000333.SZ,64.88,66.3,64.27,65.02,357556
2024-06-03,000333.SZ,64.99,64.99,63.4,64.68,306212
2024-06-04,000333.SZ,64.55,65.2,63.8,63.92,283319
2024-06-05,000333.SZ,63.8,66.03,63.8,65.76,436037
2024-06-06,000333.SZ,65.2,65.45,63.71,65.16,400646
2024-06-10,000333.SZ,64.5,66.5,64.18,65,336897
2024-06-11,000333.SZ,64.84,65.74,64.53,65.16,257072
2024-06-12,000333.SZ,65.31,65.45,63.66,63.92,274850
2024-06-13,000333.SZ,63.51,65.76,63.5,65.61,379244
2024-06-16,000333.SZ,65.76,65.76,64.18,64.53,253358
2024-06-17,000333.SZ,64.3,65.19,63.67,64.84,218675
2024-06-18,000333.SZ,64.77,65.08,62.8,64,347000
2024-06-19,000333.SZ,63.9,64.75,63.54,64.47,280858
2024-06-20,000333.SZ,64.49,64.75,63.5,63.95,241537
2024-06-23,000333.SZ,63.71,65.55,63.61,64.88,307991
2024-06-24,000333.SZ,64.85,65.79,64.52,65.29,253092
2024-06-25,000333.SZ,65.01,65.39,63.91,64.25,238314
2024-06-26,000333.SZ,64.05,64.48,63.47,64.1,274095
2024-06-27,000333.SZ,63.5,64.79,63.48,64.5,251956
2024-06-30,000333.SZ,64.29,65.38,63.6,64.09,195283
2024-07-01,000333.SZ,63.7,64.2,62.8,63,291813
2024-07-02,000333.SZ,63.05,63.68,62.74,63.03,181208
2024-07-03,000333.SZ,63.2,65.2,63.2,64.6,277531
2024-07-04,000333.SZ,64.5,65.15,63,64,264796
2024-07-07,000333.SZ,63.6,64.72,63.17,64.23,194436
2024-07-08,000333.SZ,63.81,64.67,63.62,64.1,216645
2024-07-09,000333.SZ,64.54,65.06,63.81,63.81,158469
2024-07-10,000333.SZ,63.85,64.45,62.52,63.9,271827
2024-07-11,000333.SZ,63.79,65.2,63.64,65,245741
2024-07-14,000333.SZ,64.78,65.16,64.36,64.94,170459
2024-07-15,000333.SZ,64.63,64.96,63.75,64.27,204068
2024-07-16,000333.SZ,64.04,64.38,61.66,62.83,464628
2024-07-17,000333.SZ,62.01,64.46,62.01,63.9,345325
2024-07-18,000333.SZ,63.36,63.78,62.89,63.6,217970
2024-07-21,000333.SZ,63.45,64.64,63.32,63.63,199303
2024-07-22,000333.SZ,63.63,63.79,62.38,62.38,185378
2024-07-23,000333.SZ,62.01,62.72,59.64,60.08,455473
2024-07-24,000333.SZ,59.52,60.09,58.9,59.4,301092
2024-07-25,000333.SZ,62.83,62.99,61.4,62.84,577402
2024-07-28,000333.SZ,62.3,63.21,62.16,62.88,207128
2024-07-29,000333.SZ,62.51,62.77,60.6,61.06,225758
2024-07-30,000333.SZ,60.73,63.86,60.73,63.76,401747
2024-07-31,000333.SZ,63.8,64.67,63.41,63.58,244068
2024-08-01,000333.SZ,63.3,64.28,62.57,62.99,202615
2024-08-04,000333.SZ,62.54,64.3,61.56,61.65,354768
2024-08-05,000333.SZ,61.61,62.26,59.52,59.92,384932
2024-08-06,000333.SZ,59.92,61.38,59.24,60.7,252986
2024-08-07,000333.SZ,60.42,61.48,60.21,60.96,142319
2024-08-08,000333.SZ,60.85,61.7,60.33,60.5,138024
2024-08-11,000333.SZ,60.5,62.14,60.31,61.38,169492
2024-08-12,000333.SZ,61.38,62.11,60.92,61.36,98351
2024-08-13,000333.SZ,61.36,61.49,60.6,60.9,112278
2024-08-14,000333.SZ,60.7,61.35,60.29,61,191633
2024-08-15,000333.SZ,60.81,61.9,60.67,61.74,180670
2024-08-18,000333.SZ,61.69,63.15,61.67,62.36,172753
2024-08-19,000333.SZ,63.48,63.49,61.76,63.02,257810
2024-08-20,000333.SZ,62.71,63.7,62.33,63.16,211871
2024-08-21,000333.SZ,63.13,64.49,62.72,64.09,249787
2024-08-22,000333.SZ,64,65.96,63.88,65.46,290471
2024-08-25,000333.SZ,65.94,66.65,64.9,66.32,339582
2024-08-26,000333.SZ,66,66.48,65.49,65.99,241138
2024-08-27,000333.SZ,65.98,66.15,64.57,64.93,265430
2024-08-28,000333.SZ,64.42,65.31,63.95,63.95,232856
2024-08-29,000333.SZ,63.48,65.81,63.38,64.75,333863
2024-09-01,000333.SZ,64.5,66.52,64.44,65.23,260759
2024-09-02,000333.SZ,65.01,66.48,65,65.97,242379
2024-09-03,000333.SZ,65.86,66.7,65.36,65.48,274996
2024-09-04,000333.SZ,64.95,65.4,63.48,63.59,432123
2024-09-05,000333.SZ,63.6,64.55,62.9,63.02,233202
2024-09-08,000333.SZ,61.35,62.2,60.68,61.09,548406
2024-09-09,000333.SZ,60.48,61.64,60.48,60.75,401110
2024-09-10,000333.SZ,60.52,62.08,59.7,61.66,419218
2024-09-11,000333.SZ,61.8,62.85,61.66,62.37,276169
2024-09-12,000333.SZ,62.05,63.78,61.59,63.51,321490
2024-09-17,000333.SZ,63.62,65.71,63.4,65.25,295026
2024-09-18,000333.SZ,62.3,65.73,62.3,65.28,476115
2024-09-19,000333.SZ,64.91,66.3,64.76,66.06,398013
2024-09-22,000333.SZ,66.46,67.89,66.2,67.6,391621
2024-09-23,000333.SZ,67.6,68.25,66.2,68.04,500902
2024-09-24,000333.SZ,68.21,71.5,68.21,70.11,627661
2024-09-25,000333.SZ,70,73.68,69.79,73.56,501342
2024-09-26,000333.SZ,74.75,76.4,71.15,73,857448
2024-09-29,000333.SZ,73.16,76.9,72.03,76.06,1251665
2024-10-07,000333.SZ,83.67,83.67,78.73,80.19,1352393
2024-10-08,000333.SZ,78.4,79.32,74.02,75.01,895501
2024-10-09,000333.SZ,75.95,79.38,75.87,78.3,673034
2024-10-10,000333.SZ,78,78.23,75.9,76.77,380602
2024-10-13,000333.SZ,77.03,79.29,76.6,79,462828
2024-10-14,000333.SZ,79,79,76,76,375833
2024-10-15,000333.SZ,74.7,75.5,73.73,75.24,342829
2024-10-16,000333.SZ,75.24,75.53,72.9,73.08,394376
2024-10-17,000333.SZ,73.08,76.2,72.65,75.01,427851
2024-10-20,000333.SZ,75.35,75.98,73.28,74.08,343229
2024-10-21,000333.SZ,74.35,76.96,74.14,76.5,404060
2024-10-22,000333.SZ,76.6,77.78,76,76.38,268313
2024-10-23,000333.SZ,76.11,76.46,75.3,75.64,171087
2024-10-24,000333.SZ,75.42,75.86,74.77,75.27,210573
2024-10-27,000333.SZ,75.49,75.58,74.01,74.87,280591
2024-10-28,000333.SZ,74.61,75.5,73.8,74.07,297272
2024-10-29,000333.SZ,73.7,74.35,72.12,72.75,404137
2024-10-30,000333.SZ,72.97,73.69,71.1,71.42,500469
2024-10-31,000333.SZ,71.44,73,70.38,72.25,416515
2024-11-03,000333.SZ,72.14,73.37,71.7,72.84,232316
2024-11-04,000333.SZ,72.5,73.48,71.21,73.13,416967
2024-11-05,000333.SZ,73.14,73.14,70.97,71.17,525931
2024-11-06,000333.SZ,70.35,72.1,69.89,72.1,547746
2024-11-07,000333.SZ,72.66,73.76,71.1,72.58,593374
2024-11-10,000333.SZ,71.23,71.84,70.82,71.6,442079
2024-11-11,000333.SZ,71.91,74.89,71.79,72.39,575477
2024-11-12,000333.SZ,72.48,74.3,72.46,73.4,458417
2024-11-13,000333.SZ,73.48,74.89,72.33,73.64,408435
2024-11-14,000333.SZ,73.15,74.11,71.85,72.25,342825
2024-11-17,000333.SZ,72.17,72.98,70.83,71.05,319386
2024-11-18,000333.SZ,71.05,71.75,70.7,71.31,226652
2024-11-19,000333.SZ,71.38,71.65,70.74,71.43,226371
2024-11-20,000333.SZ,71.37,71.39,70.55,70.84,216528
2024-11-21,000333.SZ,70.83,72.82,70.22,70.39,388458
2024-11-24,000333.SZ,70.11,72.38,70.11,70.39,385868
2024-11-25,000333.SZ,70.11,71.2,69.35,70.6,274188
2024-11-26,000333.SZ,70.32,71.5,69.74,71.32,264825
2024-11-27,000333.SZ,72,72,69.76,70.19,323290
2024-11-28,000333.SZ,69.68,70.77,69.55,70.13,277501
2024-12-01,000333.SZ,70.15,70.53,69.23,70.08,357906
2024-12-02,000333.SZ,70,70,69.4,69.85,313174
2024-12-03,000333.SZ,69.88,71.99,69.6,71.49,531955
2024-12-04,000333.SZ,71.6,72.88,71.42,71.72,367645
2024-12-05,000333.SZ,71.78,73.13,71.51,72.85,456778
2024-12-08,000333.SZ,72.01,73.88,71.31,73.13,413219
2024-12-09,000333.SZ,76.51,76.66,73.79,73.84,555133
2024-12-10,000333.SZ,73.7,75.33,73.6,75.1,335434
2024-12-11,000333.SZ,75.2,75.75,74.37,75.56,286398
2024-12-12,000333.SZ,75.2,75.23,73.33,74,370633
2024-12-15,000333.SZ,74.1,74.45,72.65,73.22,280471
2024-12-16,000333.SZ,73.2,74.68,72.81,73.67,278873
2024-12-17,000333.SZ,73.66,74.58,73.58,74.1,225785
2024-12-18,000333.SZ,73.86,75.23,73.24,74.44,253553
2024-12-19,000333.SZ,74.43,74.79,73.66,74,209397
2024-12-22,000333.SZ,74,75.25,73.95,74.61,226029
2024-12-23,000333.SZ,74.4,76.38,74.4,76.25,344141
2024-12-24,000333.SZ,76.3,76.6,75.04,75.54,227339
2024-12-25,000333.SZ,75.26,76.24,74.65,75.98,242143
2024-12-26,000333.SZ,75.98,76.05,74.8,75.42,198421
2024-12-29,000333.SZ,75,76.18,74.92,75.32,221827
2024-12-30,000333.SZ,75.1,76.05,74.69,75.22,307660
2025-01-01,000333.SZ,75.4,77.2,75,75.32,413671
2025-01-02,000333.SZ,75,76.06,73.9,74.69,296422
2025-01-05,000333.SZ,74.68,76.28,74.28,75.38,306810
2025-01-06,000333.SZ,75,76.76,74.5,75.93,251785
2025-01-07,000333.SZ,75.51,77.66,75.43,77.58,406930
2025-01-08,000333.SZ,77.7,79,77.2,78.73,345987
2025-01-09,000333.SZ,78.73,78.89,76.37,76.37,271096
2025-01-12,000333.SZ,75.61,76.02,73.93,74.3,255846
2025-01-13,000333.SZ,74.3,75.35,73.43,74.62,288584
2025-01-14,000333.SZ,74.64,75.77,73.6,73.82,256635
2025-01-15,000333.SZ,73.99,75.45,73.9,74.09,262330
2025-01-16,000333.SZ,74.08,74.87,73.63,74.35,159288
2025-01-19,000333.SZ,75.1,76.74,74.88,74.89,296993
2025-01-20,000333.SZ,75.26,75.29,74.22,74.4,162863
2025-01-21,000333.SZ,74.38,74.38,72.28,73,322180
2025-01-22,000333.SZ,73.4,73.92,72.4,73.41,270087
2025-01-23,000333.SZ,73.01,73.64,72.55,72.82,304861
2025-01-26,000333.SZ,72.86,74.3,72.62,73.88,280115
2025-02-04,000333.SZ,73.4,73.69,71.68,72.21,363511
2025-02-05,000333.SZ,72.18,72.56,71.43,72.27,285675
2025-02-06,000333.SZ,72.4,73.44,71.67,73.44,355350
2025-02-09,000333.SZ,73.32,73.33,72.5,73.01,318650
2025-02-10,000333.SZ,73.44,73.86,72.61,73.7,300440
2025-02-11,000333.SZ,73.46,73.59,72.68,73.28,228073
2025-02-12,000333.SZ,73,73.39,72.13,72.14,410664
2025-02-13,000333.SZ,72.12,72.69,71.9,72.49,234351
2025-02-16,000333.SZ,72.25,72.47,71.25,72.04,402358
2025-02-17,000333.SZ,71.99,72.65,71.53,71.9,293465
2025-02-18,000333.SZ,71.3,71.97,71,71.45,337150
2025-02-19,000333.SZ,71.41,71.71,71.06,71.23,314202
2025-02-20,000333.SZ,71.02,71.23,70.2,70.59,553390
2025-02-23,000333.SZ,70.65,71.5,70.28,70.89,469377
2025-02-24,000333.SZ,70.5,70.67,68.98,69.03,565999
2025-02-25,000333.SZ,68.71,70.16,68.7,70.12,404124
2025-02-26,000333.SZ,71,72.71,70.63,72.48,652482
2025-02-27,000333.SZ,72.75,73.5,72.1,73.05,506479
2025-03-02,000333.SZ,72.7,72.99,70.85,71,405918
2025-03-03,000333.SZ,71.28,72.47,71.28,71.97,300420
2025-03-04,000333.SZ,71.9,72.15,71.2,71.75,286186
2025-03-05,000333.SZ,71.91,71.97,70.42,71.14,402399
2025-03-06,000333.SZ,71.12,71.24,70.26,70.79,314827
2025-03-09,000333.SZ,70.81,71.26,70.51,71.07,273440
2025-03-10,000333.SZ,70.5,71.44,70.3,70.93,252825
2025-03-11,000333.SZ,70.98,70.98,70.1,70.1,301301
2025-03-12,000333.SZ,70.01,70.65,69.81,70.01,252622
2025-03-13,000333.SZ,70.03,72.1,69.82,71.87,425450
2025-03-16,000333.SZ,72.52,72.52,71.6,71.88,347333
2025-03-17,000333.SZ,72,76.1,71.61,74.98,779314
2025-03-18,000333.SZ,77.23,77.94,75.03,76.51,1066261
2025-03-19,000333.SZ,76.4,76.85,75.1,75.17,585693
2025-03-20,000333.SZ,74.77,76.43,74.77,75.28,384528
2025-03-23,000333.SZ,74.88,76.5,74.82,76.06,387348
2025-03-24,000333.SZ,76.81,77.5,76.37,76.86,324186
2025-03-25,000333.SZ,76.47,77.4,75.87,76.79,237069
2025-03-26,000333.SZ,76.79,77.5,76.32,76.5,257215
2025-03-27,000333.SZ,76.21,77.18,75.68,76.87,249114
2025-03-30,000333.SZ,76.9,80.5,76.9,78.5,689684
2025-03-31,000333.SZ,78.1,78.78,75.2,75.39,551817
2025-04-01,000333.SZ,75.35,76.79,75.19,75.96,268536
2025-04-02,000333.SZ,74.6,74.83,73.15,73.36,565989
2025-04-06,000333.SZ,68.22,69.47,66.02,67.18,880897
2025-04-07,000333.SZ,68,70.5,67.79,70.23,744733
2025-04-08,000333.SZ,69.19,70.5,68.42,69.67,578840
2025-04-09,000333.SZ,70.6,71.59,70.13,71.09,450849
2025-04-10,000333.SZ,70.52,70.74,69.63,70.49,295626
2025-04-13,000333.SZ,70.72,70.9,69.71,69.92,348835
2025-04-14,000333.SZ,70.1,71.83,69.69,71.48,343667
2025-04-15,000333.SZ,71.19,71.48,70.37,71,266729
2025-04-16,000333.SZ,70.74,71.17,70.34,70.95,195913
2025-04-17,000333.SZ,70.95,71.33,70.47,70.92,154484
2025-04-20,000333.SZ,70.78,71.61,70.5,71.39,177514
2025-04-21,000333.SZ,71.3,72.23,71.21,71.72,226155
2025-04-22,000333.SZ,72.1,72.42,71.8,71.85,225869
2025-04-23,000333.SZ,72.4,73.19,71.96,72.95,231808
2025-04-24,000333.SZ,72.95,73,72.38,72.75,170972
2025-04-27,000333.SZ,73.39,73.58,72.8,73.23,239660
2025-04-28,000333.SZ,73.26,74.37,72.86,74.2,234974
2025-04-29,000333.SZ,75,75.12,73.45,73.62,478100
2025-05-05,000333.SZ,74.23,74.38,73.1,74.05,346412
2025-05-06,000333.SZ,74.77,75.18,74,74.36,300281
2025-05-07,000333.SZ,74.35,75.64,73.88,75,277076
2025-05-08,000333.SZ,74.99,76.03,74.71,75.8,245639
2025-05-11,000333.SZ,76.1,76.74,75.9,76.58,272239
2025-05-12,000333.SZ,77,77.2,76.44,77.11,255278
2025-05-13,000333.SZ,76.9,77.55,76.13,77.09,292496
2025-05-14,000333.SZ,76.66,77.07,76.32,76.5,204902
2025-05-15,000333.SZ,76.21,76.84,75.57,76.6,238660
2025-05-18,000333.SZ,76.44,77.72,76.29,77.58,263086
2025-05-19,000333.SZ,77.53,79.1,77.48,78.67,277995
2025-05-20,000333.SZ,78.5,79.44,78.47,78.8,205438
2025-05-21,000333.SZ,78.73,79.56,78.31,79.36,234034
2025-05-22,000333.SZ,79.36,80.48,78.72,78.89,299746
2025-05-25,000333.SZ,78.72,79.19,77.61,78.27,241689
2025-05-26,000333.SZ,78.2,78.89,78.02,78.48,206449
2025-05-27,000333.SZ,78.98,80.1,78.7,79.32,240449
2025-05-28,000333.SZ,79.07,79.49,78.36,78.98,251677
2025-05-29,000333.SZ,78.74,79.51,78.3,79.06,215733
2025-06-02,000333.SZ,79.05,79.05,75.67,75.91,561908
2025-06-03,000333.SZ,75.78,76.58,75.5,75.56,367554
2025-06-04,000333.SZ,75.44,75.9,75.05,75.25,235803
2025-06-05,000333.SZ,75.37,75.83,75.1,75.7,275559
2025-06-08,000333.SZ,75.25,75.58,74.07,75.4,466956
2025-06-09,000333.SZ,75.63,76.5,75.05,75.05,321074
2025-06-10,000333.SZ,75.2,75.8,74.83,75.49,263083
2025-06-11,000333.SZ,72.51,72.68,71.53,72.2,347029
2025-06-12,000333.SZ,71.6,72.16,71,71.48,300452
2025-06-15,000333.SZ,71.6,71.8,70.85,71.26,250205
2025-06-16,000333.SZ,71.8,73.08,71.8,72.06,326395
2025-06-17,000333.SZ,72.19,72.64,72.02,72.1,175288
2025-06-18,000333.SZ,72.2,72.41,71.13,71.33,211253
2025-06-19,000333.SZ,71.35,72.38,71.26,72.38,229864
2025-06-22,000333.SZ,72,72.33,71.46,71.72,210545
2025-06-23,000333.SZ,72.1,73.34,72,72.8,270501
2025-06-24,000333.SZ,72.8,73.33,72.3,73.18,243275
2025-06-25,000333.SZ,73,73.59,72.75,73.1,226726
2025-06-26,000333.SZ,73.06,73.19,72.22,72.28,223640
2025-06-29,000333.SZ,72.25,72.58,71.98,72.2,193023
2025-06-30,000333.SZ,72.28,72.35,71.8,72.11,186252
2025-07-01,000333.SZ,72.11,73.1,71.81,72.5,266155
2025-07-02,000333.SZ,72.79,72.95,72.34,72.89,179369
2025-07-03,000333.SZ,72.88,73.84,72.6,73.48,211462
2025-07-06,000333.SZ,73.2,73.45,72.33,72.55,215453
2025-07-07,000333.SZ,72.55,72.7,72.07,72.22,256867
2025-07-08,000333.SZ,72.07,72.35,71.8,71.8,272053
2025-07-09,000333.SZ,71.84,71.97,71.33,71.68,231514
2025-07-10,000333.SZ,71.74,72.8,71.69,72.48,320554
2025-07-13,000333.SZ,72.47,73.21,71.98,73.1,233739
2025-07-14,000333.SZ,73.11,73.5,72.81,73.21,249010
2025-07-15,000333.SZ,73.47,74.09,72.8,72.89,206888
2025-07-16,000333.SZ,72.75,73.43,72.6,72.63,247300
2025-07-17,000333.SZ,72.87,73.28,72.52,72.83,219512
2025-07-20,000333.SZ,72.61,72.96,72.4,72.55,308971
2025-07-21,000333.SZ,72.58,73.22,72.26,73.19,357204
2025-07-22,000333.SZ,73.2,73.85,73.18,73.5,369872
2025-07-23,000333.SZ,73.7,73.95,73.09,73.51,290699
2025-07-24,000333.SZ,73.4,73.4,72.55,72.76,244562
2025-07-27,000333.SZ,72.82,72.92,71.8,71.94,377736
2025-07-28,000333.SZ,71.94,72.07,71.02,71.24,398369
2025-07-29,000333.SZ,71.49,72.74,71.2,72.11,411325
2025-07-30,000333.SZ,72,72.02,69.88,70.19,694777
2025-07-31,000333.SZ,70.2,70.97,70.1,70.79,286447
2025-08-03,000333.SZ,70.55,71,70.2,70.94,197766
2025-08-04,000333.SZ,71.11,71.51,70.68,71.38,191748
2025-08-05,000333.SZ,71.38,71.78,70.99,71.7,221358
2025-08-06,000333.SZ,71.51,71.93,71.21,71.48,203616
2025-08-07,000333.SZ,71.4,71.83,71.29,71.58,201184
2025-08-10,000333.SZ,71.3,71.82,71.19,71.76,179124
2025-08-11,000333.SZ,71.75,72.44,71.6,71.93,240476
2025-08-12,000333.SZ,71.98,72.29,71.6,71.82,253847
2025-08-13,000333.SZ,71.8,73.05,71.72,72.33,455149
2025-08-14,000333.SZ,72.33,72.4,71.81,72.3,274700
2025-08-17,000333.SZ,72.31,72.56,71.61,71.84,542998
2025-08-18,000333.SZ,73.2,73.63,72.2,72.68,537603
2025-08-19,000333.SZ,72.21,72.32,71.51,72.22,403770
2025-08-20,000333.SZ,72.09,72.5,71.66,71.92,338014
2025-08-21,000333.SZ,71.97,72.19,71.65,72.09,391389
2025-08-24,000333.SZ,72.12,73.85,72.12,73.52,700234
2025-08-25,000333.SZ,73.52,74.28,73.31,73.8,462938
2025-08-26,000333.SZ,73.89,74.55,72.69,72.71,488419
2025-08-27,000333.SZ,72.71,73.97,72.51,73.5,432987
2025-08-28,000333.SZ,73.5,74.84,73.39,73.71,567669
2025-08-31,000333.SZ,75,75.84,73.52,74.03,776259
2025-09-01,000333.SZ,74.21,76.4,73.99,76.16,805909
2025-09-02,000333.SZ,76.55,77.14,74.95,75.62,504881
2025-09-03,000333.SZ,75.98,76,74.42,75.59,443539
2025-09-04,000333.SZ,75.81,76.69,75.44,76.22,464252
2025-09-07,000333.SZ,76.67,78.08,76.5,77.03,550294
2025-09-08,000333.SZ,77.02,77.6,76.35,77.18,383150
2025-09-09,000333.SZ,77,77.27,76.4,77.02,271542
2025-09-10,000333.SZ,76.9,77.27,75.9,77.02,459605
2025-09-11,000333.SZ,76.95,77.69,75.41,75.57,591171
2025-09-14,000333.SZ,75.2,75.95,74.5,75.17,480680
2025-09-15,000333.SZ,75.13,75.2,74.05,74.46,456028
2025-09-16,000333.SZ,74.41,75.43,74.17,74.35,577227
2025-09-17,000333.SZ,74.6,75.35,73.19,73.74,600840
2025-09-18,000333.SZ,73.41,74.59,73.21,74.35,388478
2025-09-21,000333.SZ,74.81,74.9,72.9,73.26,479740
2025-09-22,000333.SZ,73.25,73.65,72.72,73.53,421477
2025-09-23,000333.SZ,73.51,74.35,72.95,74.1,306285
2025-09-24,000333.SZ,73.3,73.75,72.55,72.84,478607
2025-09-25,000333.SZ,73.04,74.7,72.89,74.2,476983
2025-09-28,000333.SZ,74.43,74.55,73.05,73.73,465939
2025-09-29,000333.SZ,73.7,73.71,72.55,72.66,506108
2025-10-08,000333.SZ,72.35,72.97,71.38,72.63,615939
2025-10-09,000333.SZ,72.45,73.73,72.1,72.83,433305
2025-10-12,000333.SZ,71.38,72.11,71.02,71.81,481605
2025-10-13,000333.SZ,72,73.15,71.69,72.6,519095
2025-10-14,000333.SZ,72.8,73.49,72.6,72.92,376333
2025-10-15,000333.SZ,73.2,73.69,72.52,73.18,346780
2025-10-16,000333.SZ,72.7,73.59,72.64,72.8,276491
2025-10-19,000333.SZ,73.09,73.4,72.39,72.87,297557
2025-10-20,000333.SZ,72.9,73.26,72.58,72.91,283947
2025-10-21,000333.SZ,72.8,73.99,72.61,73.88,393298
2025-10-22,000333.SZ,73.8,74.95,73.68,74.89,347633
2025-10-23,000333.SZ,74.89,75,74.46,74.61,244838
2025-10-26,000333.SZ,74.74,75.35,74.37,74.88,340553
2025-10-27,000333.SZ,74.61,74.92,74.13,74.41,233658
2025-10-28,000333.SZ,74.25,74.42,73.5,74.4,273587
2025-10-29,000333.SZ,74.5,76.1,74.5,75.3,499653
2025-10-30,000333.SZ,75.2,76.83,75.1,76.4,509742
2025-11-02,000333.SZ,76.39,76.95,75.18,75.39,281970
2025-11-03,000333.SZ,75.12,75.79,74.9,75.16,302606
2025-11-04,000333.SZ,75,76.39,74.3,75.94,266151
2025-11-05,000333.SZ,75.94,77.43,75.94,77.03,355111
2025-11-06,000333.SZ,77.27,77.27,76.11,76.2,264420
2025-11-09,000333.SZ,76.26,77.55,75.95,77.33,391008
2025-11-10,000333.SZ,77.33,77.39,76.68,77.23,227708
2025-11-11,000333.SZ,77.23,80.55,77.23,79.49,737847
2025-11-12,000333.SZ,79.2,80,78.69,79.6,333370
2025-11-13,000333.SZ,79.5,80.42,79.05,79.23,273127
2025-11-16,000333.SZ,79.23,79.39,77.91,78.42,261095
2025-11-17,000333.SZ,78.29,78.66,77,77.4,235904
2025-11-18,000333.SZ,77.38,78.09,77.02,77.4,214415
2025-11-19,000333.SZ,77.5,78.88,77.03,77.94,261929
2025-11-20,000333.SZ,77.1,79.29,77.1,78.75,439495
2025-11-23,000333.SZ,78.6,79.48,78.25,78.56,367739
2025-11-24,000333.SZ,78.99,79,77.61,78.7,291012
2025-11-25,000333.SZ,78.69,80,78.41,79.8,320728
2025-11-26,000333.SZ,79.6,80.73,78.95,79.8,316461
2025-11-27,000333.SZ,79.8,80.07,79.33,79.86,181267
2025-11-30,000333.SZ,79.8,80.2,79.17,80,303520
2025-12-01,000333.SZ,80.1,81.66,80.01,81.56,378049
2025-12-02,000333.SZ,81.55,82.88,81.26,82.17,368660
2025-12-03,000333.SZ,82.13,83.17,81.77,81.89,289180
2025-12-04,000333.SZ,81.89,82.59,81.7,82.23,246165
2025-12-07,000333.SZ,83,83.1,81.04,81.81,273365
2025-12-08,000333.SZ,81.5,81.56,79.94,80.2,356479
2025-12-09,000333.SZ,79.98,80.62,79.7,80.07,245720
2025-12-10,000333.SZ,80.12,80.56,79.18,79.3,272945
2025-12-11,000333.SZ,79.35,79.98,79.2,79.32,328959
2025-12-14,000333.SZ,79.69,81.1,79.45,80.41,365547
2025-12-15,000333.SZ,80.25,80.85,79.84,79.96,214231
2025-12-16,000333.SZ,79.71,80.92,79.38,80.47,230282
2025-12-17,000333.SZ,80.27,80.61,79.51,79.83,214098
2025-12-18,000333.SZ,79.85,79.9,78.8,79.45,278018
2025-12-21,000333.SZ,79.3,79.79,78.9,79.16,245037
2025-12-22,000333.SZ,79.38,80.31,79.02,79.65,254680
2025-12-23,000333.SZ,79.43,79.94,78.76,78.8,217047
2025-12-24,000333.SZ,78.52,78.88,78.18,78.59,226758
2025-12-25,000333.SZ,78.59,79.07,78.55,78.87,214107
2025-12-28,000333.SZ,78.79,79.72,78.25,78.41,256974
2025-12-29,000333.SZ,78.16,79.38,78.12,78.85,213622
2025-12-30,000333.SZ,78.87,80.28,77.85,78.15,287758
2026-01-04,000333.SZ,80.04,80.5,78.25,78.68,442947
2026-01-05,000333.SZ,78.58,79.49,77.39,78.84,454525
2026-01-06,000333.SZ,78.99,79.58,78.06,79.37,401968
2026-01-07,000333.SZ,79.37,79.48,78.31,79.03,312537
2026-01-08,000333.SZ,79.6,79.95,79.3,79.77,341081
2026-01-11,000333.SZ,79.78,79.79,77.81,78.62,525014
2026-01-12,000333.SZ,77.9,78,76.1,76.2,945712
2026-01-13,000333.SZ,76.2,77.63,75.91,77.15,539684
2026-01-14,000333.SZ,77.46,78.05,76.89,77.22,360314
2026-01-15,000333.SZ,77.25,77.85,77.15,77.31,371869
2026-01-18,000333.SZ,77.37,78.14,77.05,77.62,336374
2026-01-19,000333.SZ,77.66,79.37,77.2,79,455358
2026-01-20,000333.SZ,78.96,78.96,77.55,77.78,368086
2026-01-21,000333.SZ,78.25,78.26,77.37,77.49,344041
2026-01-22,000333.SZ,77.57,77.79,76.71,76.78,373707
2026-01-25,000333.SZ,76.8,77.87,76.02,76.35,473132
2026-01-26,000333.SZ,76.4,77.1,75.92,76.1,325807
2026-01-27,000333.SZ,76.09,76.36,75,75.34,628937
2026-01-28,000333.SZ,75.7,78.08,75.47,77.88,622441
2026-01-29,000333.SZ,77.6,79,77.4,77.59,532508
2026-02-01,000333.SZ,77.6,78.48,77,77.85,345916
2026-02-02,000333.SZ,77.8,78.89,77.43,77.91,345037
2026-02-03,000333.SZ,78.1,79.88,78.01,79.81,389103
2026-02-04,000333.SZ,79.83,81.16,79.63,80.45,429198
2026-02-05,000333.SZ,80.43,80.8,79.4,79.54,312566
2026-02-08,000333.SZ,79.18,79.34,78.41,79.16,334670
2026-02-09,000333.SZ,79.21,80.28,78.88,80.19,306184
2026-02-10,000333.SZ,80,80.21,79.6,79.69,198066
2026-02-11,000333.SZ,79.46,80.06,79.3,79.8,188784
2026-02-12,000333.SZ,79.51,80,78.91,79.05,255102
2026-02-23,000333.SZ,80.2,80.6,79.52,79.52,252514
2026-02-24,000333.SZ,80.28,80.77,79.29,79.7,285524
2026-02-25,000333.SZ,80.15,80.2,78.75,79.25,253271
2026-02-26,000333.SZ,79.03,79.5,78.5,78.64,201604
2026-03-01,000333.SZ,78,78.06,76.7,77.45,274786
2026-03-02,000333.SZ,77.46,77.64,76.5,76.56,288000
2026-03-03,000333.SZ,76,76.52,75.37,76.16,284934
2026-03-04,000333.SZ,76.6,76.99,76.12,76.27,196872
2026-03-05,000333.SZ,76.22,76.72,75.76,76.52,206629
2026-03-08,000333.SZ,75.73,76.1,75.02,75.41,259478
2026-03-09,000333.SZ,75.75,76.84,75.75,76.6,209086
2026-03-10,000333.SZ,76.6,77.72,76.1,77.39,251358
2026-03-11,000333.SZ,77.3,77.75,76.93,77.4,193305
2026-03-12,000333.SZ,76.95,77.46,76.65,76.86,187293
2026-03-15,000333.SZ,76.52,76.88,75.68,76.64,205600
2026-03-16,000333.SZ,76.98,77.6,76.6,76.6,214075
2026-03-17,000333.SZ,76.74,77.3,76.3,77.06,200716
2026-03-18,000333.SZ,76.43,76.98,75.93,76,232729
2026-03-19,000333.SZ,75.92,76.15,75.12,75.12,219126
2026-03-22,000333.SZ,73.95,73.97,72.35,73.37,462008
2026-03-23,000333.SZ,73.73,74.42,72.8,74.23,267147
2026-03-24,000333.SZ,74.5,74.97,73.95,74.8,184964
2026-03-25,000333.SZ,74.89,75.54,74.18,74.32,177085
2026-03-26,000333.SZ,72.9,74.95,72.8,74.78,319125
2026-03-29,000333.SZ,73.35,74,71.77,72.1,456227
2026-03-30,000333.SZ,75.05,77.32,74.31,76.35,694915
2026-03-31,000333.SZ,76.5,77.4,76.34,76.84,273616
2026-04-01,000333.SZ,76.85,77.84,76.58,77.37,326318
2026-04-02,000333.SZ,77.3,77.35,76.2,76.35,172773
2026-04-06,000333.SZ,76.35,76.7,75.62,76.12,163826
2026-04-07,000333.SZ,76.95,77.25,76.35,76.73,286804
2026-04-08,000333.SZ,76.4,77.02,75.9,76.52,235024
2026-04-09,000333.SZ,76.52,76.74,76.06,76.41,258373
2026-04-12,000333.SZ,76.03,76.47,75.58,75.78,182375
2026-04-13,000333.SZ,76.06,76.55,75.5,76.55,195782
2026-04-14,000333.SZ,76.55,77.88,76.2,77.49,318451
2026-04-15,000333.SZ,77.77,78.44,77.4,77.9,238078
2026-04-16,000333.SZ,78.18,79.25,77.84,78.65,277352
2026-04-19,000333.SZ,78.4,79.9,78.05,79.58,276700
2026-04-20,000333.SZ,79.75,80.08,79.2,79.5,238793
2026-04-21,000333.SZ,79.5,79.63,78.87,79.3,202782
2026-04-22,000333.SZ,79.29,80.15,78.73,79.85,299432
2026-04-23,000333.SZ,79.56,80.2,79.46,79.66,217880
2026-04-26,000333.SZ,79.24,80.15,79.01,79.5,258512
2026-04-27,000333.SZ,79.45,80.8,79.18,80.45,304729
2026-04-28,000333.SZ,80.55,81.94,80.45,81.31,331108
2026-04-29,000333.SZ,81,82.15,80.61,81.1,354433
2026-05-05,000333.SZ,79.7,80.88,79.15,80.44,360419
2026-05-06,000333.SZ,80,80.98,79.77,79.81,372176
2026-05-07,000333.SZ,79.65,81.09,79.32,80.4,282423
2026-05-10,000333.SZ,80.14,82.45,79.58,80.67,436444
2026-05-11,000333.SZ,80.66,81.17,79.73,80.09,357756
2026-05-12,000333.SZ,79.96,80.95,79.63,80.38,328497
2026-05-13,000333.SZ,80.39,82.08,80.39,81.81,389267
2026-05-14,000333.SZ,81.45,83.3,80.75,82.57,426609
2026-05-17,000333.SZ,82.68,83.44,82.08,82.83,377354
2026-05-18,000333.SZ,82.83,82.84,80.5,81,335818
2026-05-19,000333.SZ,80.72,82.16,80.08,81.5,301597
2026-05-20,000333.SZ,82.15,83.15,81.5,81.5,311813
2026-05-21,000333.SZ,81.67,82,79.89,80.28,309848
2026-05-24,000333.SZ,80,80.14,78.79,79.81,231275
2026-05-25,000333.SZ,79.8,80.7,79.43,79.55,244953
2026-05-26,000333.SZ,79.53,80.28,78.87,80.03,255888
2026-05-27,000333.SZ,79.6,79.78,78.61,78.95,241998
2026-05-28,000333.SZ,78.92,81.26,78.5,80.85,429729
2026-05-31,000333.SZ,80.32,82,80.29,81.7,376711
2026-06-01,000333.SZ,81.26,82.79,81.22,82.6,263177
2026-06-02,000333.SZ,82.3,82.7,81.56,82.61,230326
2026-06-03,000333.SZ,82.05,83.48,81.8,82.42,243658
2026-06-04,000333.SZ,82.3,83.3,81.6,81.69,209494
2026-06-07,000333.SZ,81.39,83.75,80.88,82.85,367031
2026-06-08,000333.SZ,82.5,82.99,81.75,82.36,220992
2026-06-09,000333.SZ,82.5,84.88,81.47,83.9,386973
2026-06-10,000333.SZ,83.66,85.9,83.4,85.35,521437
2026-06-11,000333.SZ,84.5,84.66,82.55,83.23,429353
2026-06-14,000333.SZ,82.95,82.98,80.5,80.93,432926
2026-06-15,000333.SZ,80.97,80.99,78.56,78.96,415239
2026-06-16,000333.SZ,78.97,79.85,78.54,79.22,334472
2026-06-17,000333.SZ,79.23,79.49,77.8,78,363668
2026-06-21,000333.SZ,77.33,79.15,76.9,78.28,306710
2026-06-22,000333.SZ,78.17,79.62,77.82,78.07,360891
2026-06-23,000333.SZ,78.5,78.7,76,76.63,384878
2026-06-24,000333.SZ,76.64,78.37,76.2,76.5,411490
2026-06-25,000333.SZ,76.88,78.94,76.61,78.55,449534
2026-06-28,000333.SZ,75.79,77.99,75.14,77.27,743258
2026-06-29,000333.SZ,76.52,78.66,75.31,75.53,577509
2026-06-30,000333.SZ,76.01,77.6,73.62,77.4,502242
2026-07-01,000333.SZ,77.61,79.26,76.98,77.01,561468
2026-07-02,000333.SZ,77.5,79.9,77.31,77.96,557803
2026-07-05,000333.SZ,78.6,80.15,78,80,503837
2026-07-06,000333.SZ,79.43,80.35,78.65,79.12,340654
2026-07-07,000333.SZ,78.75,79.96,78.33,79.41,315459
2026-07-08,000333.SZ,79,79.59,78,79.33,301215
2026-07-09,000333.SZ,79.14,79.3,77.86,78.99,279619
2026-07-12,000333.SZ,78.5,80.67,78.42,80.4,470416
2026-07-13,000333.SZ,80.43,82,79.91,81.18,457503
2026-07-14,000333.SZ,81.17,82.76,80.58,82.67,332211
2026-07-15,000333.SZ,82.15,83.45,81.8,81.8,362382
2026-07-16,000333.SZ,82.31,83.45,81.34,82.71,462795
2026-07-19,000333.SZ,81.23,84.5,81.11,84.3,547048
2026-07-20,000333.SZ,84.15,85.75,83.61,84.27,459099
2026-07-21,000333.SZ,84.04,84.8,83.51,84.8,326917
2026-07-22,000333.SZ,84.67,85.18,84.27,84.77,191238
2026-07-23,000333.SZ,84.75,85.2,84.11,84.5,237911
2026-07-26,000333.SZ,84.03,84.55,83.2,84.13,228192
2026-07-27,000333.SZ,84.12,85.92,84.01,85.37,336711
2026-07-28,000333.SZ,85.35,87.5,85.1,87.01,478144
2026-07-29,000333.SZ,87.01,89.5,86.5,88.95,461498
2026-07-30,000333.SZ,87.01,87.79,84.51,87.6,475045
2026-08-02,000333.SZ,87.39,87.97,85.65,85.9,336693
2026-08-03,000333.SZ,85.99,86.2,84.66,85.14,381121
2026-08-04,000333.SZ,85,85.6,84.28,85.47,291297
2026-08-05,000333.SZ,85.5,86,84.8,85.32,208696
2026-08-06,000333.SZ,85.26,85.33,82.97,83.5,400168
2026-08-09,000333.SZ,83.5,86.07,83.12,85.3,311419
2026-08-10,000333.SZ,85.26,86.12,85.03,85.62,195092
2026-08-11,000333.SZ,85.18,85.37,84.16,84.34,219285
2026-08-12,000333.SZ,84.19,84.57,83.8,84.19,199750
2026-08-13,000333.SZ,83.77,84.3,83,83.03,223924
2026-08-16,000333.SZ,83.15,83.28,82.39,82.61,188452
2026-08-17,000333.SZ,82.8,83.89,82.39,83.58,227070
2026-08-18,000333.SZ,83.51,84.78,83.38,84.72,334067
2026-08-19,000333.SZ,84.78,85.53,83.95,85.38,263355
2026-08-20,000333.SZ,85.38,85.99,84.25,84.3,180211
2026-08-23,000333.SZ,84.11,86.35,84.05,85.99,276683
2026-08-24,000333.SZ,86.2,87.4,86.03,86.69,253055
2026-08-25,000333.SZ,86.03,87.26,86.02,86.39,166377
2026-08-26,000333.SZ,86,86.56,85.4,86.18,219219
2026-08-27,000333.SZ,86.5,86.98,85.42,86.23,169362
2026-08-30,000333.SZ,86.6,87.98,86.12,87.73,267918
2026-08-31,000333.SZ,87.9,88.41,87,87.49,184260
2026-09-01,000333.SZ,87.37,87.89,86.68,86.98,123201
2026-09-02,000333.SZ,87.25,88.5,86.56,87.25,148596
2026-09-03,000333.SZ,87,88.28,86.02,87.57,179524
2026-09-06,000333.SZ,87.54,87.7,85.96,86.27,228905
2026-09-07,000333.SZ,85.88,86.38,84.68,85.15,229435
2026-09-08,000333.SZ,85,86.04,84.44,86.02,179786
2026-09-09,000333.SZ,85.99,86.6,85.4,86.2,204987
2026-09-10,000333.SZ,86.2,86.9,85.95,86.26,222863
2026-09-13,000333.SZ,86.29,87.4,86.26,86.8,180951
2026-09-14,000333.SZ,86.7,88.1,86.44,87.23,196776
2026-09-15,000333.SZ,87,87.41,84.51,85,298455
2026-09-16,000333.SZ,85.25,85.28,84.16,85.04,180134
2026-09-17,000333.SZ,84.9,85.04,83.88,84.4,260873
2026-09-20,000333.SZ,84.08,84.18,80.68,80.9,616908
2026-09-21,000333.SZ,80.71,82.62,80.24,82.54,375197
2026-09-22,000333.SZ,82.51,82.84,82.05,82.47,170237
2026-09-23,000333.SZ,82.18,83.05,82.05,82.65,143155
2026-09-27,000333.SZ,82.18,82.97,81.27,82,256573
2026-09-28,000333.SZ,81.66,82.44,81.2,81.66,227067
2026-09-29,000333.SZ,81.66,81.8,79.31,80.1,401712
2022-08-16,600276.SH,36.3,36.86,36.15,36.63,258070
2022-08-17,600276.SH,36.42,36.6,35.72,36.04,274331
2022-08-18,600276.SH,35.89,36.39,35.8,35.9,232145
2022-08-21,600276.SH,34.51,35.53,33.6,35.04,604420
2022-08-22,600276.SH,35.03,35.63,34.43,34.62,327830
2022-08-23,600276.SH,34.62,35.25,34.46,34.48,279635
2022-08-24,600276.SH,34.54,35.14,33.89,34.99,263564
2022-08-25,600276.SH,35.09,35.33,34.7,34.77,212095
2022-08-28,600276.SH,34.15,34.61,34.05,34.23,176266
2022-08-29,600276.SH,34.26,34.57,33.4,33.67,309316
2022-08-30,600276.SH,33.42,34.99,33.38,34.66,356546
2022-08-31,600276.SH,34.65,34.86,34.09,34.34,242547
2022-09-01,600276.SH,34.49,35.18,33.7,33.9,266194
2022-09-04,600276.SH,33.8,34.1,33.3,33.73,222204
2022-09-05,600276.SH,33.93,34.2,33.62,33.88,180244
2022-09-06,600276.SH,33.6,33.72,33.16,33.43,247838
2022-09-07,600276.SH,33.6,34.4,33.5,33.73,274555
2022-09-08,600276.SH,33.66,34.87,33.66,34.78,414174
2022-09-12,600276.SH,34.8,35.65,34.58,35.52,362340
2022-09-13,600276.SH,35.09,35.82,34.72,35.68,291787
2022-09-14,600276.SH,35.89,35.99,35.4,35.49,275193
2022-09-15,600276.SH,35.5,35.68,34.73,34.83,316296
2022-09-18,600276.SH,34.92,35.32,34.41,34.69,200495
2022-09-19,600276.SH,34.71,34.96,33.95,34.13,202237
2022-09-20,600276.SH,34.13,34.23,33.25,33.43,290762
2022-09-21,600276.SH,33.1,33.57,32.33,32.64,312046
2022-09-22,600276.SH,32.5,33.66,32.36,32.93,341931
2022-09-25,600276.SH,32.93,33.3,31.88,31.9,345768
2022-09-26,600276.SH,32.02,33.7,31.9,33.65,464681
2022-09-27,600276.SH,33.63,33.99,33.21,33.47,297010
2022-09-28,600276.SH,33.89,35.94,33.59,34.97,582714
2022-09-29,600276.SH,34.96,35.59,34.7,35.1,342588
2022-10-09,600276.SH,35,35.35,34.23,34.26,312171
2022-10-10,600276.SH,34.55,34.58,33.85,34.1,199416
2022-10-11,600276.SH,34,34.12,32.12,33.25,418962
2022-10-12,600276.SH,33.1,34.97,32.95,34.54,397854
2022-10-13,600276.SH,35,37.99,34.95,37.99,950157
2022-10-16,600276.SH,38.23,40.4,38.23,39.55,1415941
2022-10-17,600276.SH,39.55,40.15,38.78,39.46,827033
2022-10-18,600276.SH,39.45,39.82,38.5,39,550168
2022-10-19,600276.SH,38.56,40.66,38.5,39.18,861646
2022-10-20,600276.SH,38.7,40.18,38.6,39.97,701746
2022-10-23,600276.SH,40,40.37,38.78,38.98,676905
2022-10-24,600276.SH,38.66,39.07,37.42,38.12,505045
2022-10-25,600276.SH,38.11,40.3,38.09,39.72,734058
2022-10-26,600276.SH,39.72,40.15,39.2,39.72,507586
2022-10-27,600276.SH,39.6,40.39,38.83,38.95,560422
2022-10-30,600276.SH,38.16,40.5,38.15,40.2,736431
2022-10-31,600276.SH,40.08,41.58,39.53,41.49,834856
2022-11-01,600276.SH,41.2,43.21,40.89,41.98,944808
2022-11-02,600276.SH,41.55,42.56,41.07,42.09,509935
2022-11-03,600276.SH,41.8,42.56,41.65,41.8,533436
2022-11-06,600276.SH,41.75,42.08,41.21,41.99,481563
2022-11-07,600276.SH,41.96,41.96,40.53,40.7,586386
2022-11-08,600276.SH,40.7,41.4,40.43,40.75,331978
2022-11-09,600276.SH,40.5,41.15,40.03,40.19,319877
2022-11-10,600276.SH,41.04,41.46,39.22,39.22,678497
2022-11-13,600276.SH,39.34,41.13,39.27,40.76,568397
2022-11-14,600276.SH,40.77,40.78,39.75,40.24,480043
2022-11-15,600276.SH,40.24,41.58,39.63,40.5,476331
2022-11-16,600276.SH,40.3,41.11,40,40.4,277683
2022-11-17,600276.SH,40.49,41.3,40.19,40.27,349113
2022-11-20,600276.SH,39.8,41.08,39.2,40.79,418371
2022-11-21,600276.SH,40.83,41.75,39.77,39.92,408100
2022-11-22,600276.SH,39.69,39.89,39.06,39.5,279883
2022-11-23,600276.SH,39.62,40.11,38.81,39.37,284075
2022-11-24,600276.SH,39.18,39.8,38.8,39.63,248639
2022-11-27,600276.SH,38.9,39.47,38.61,39.18,260135
2022-11-28,600276.SH,39.42,40.22,39.09,40.05,275733
2022-11-29,600276.SH,40.05,40.3,39.6,39.83,293264
2022-11-30,600276.SH,40.22,40.96,39.8,40.47,379558
2022-12-01,600276.SH,40.43,40.91,40.23,40.5,250603
2022-12-04,600276.SH,40.5,40.86,39.6,39.88,453317
2022-12-05,600276.SH,39.7,40.5,39.68,39.88,274308
2022-12-06,600276.SH,39.8,40.88,39.34,40.58,396003
2022-12-07,600276.SH,40.57,40.58,38.86,38.87,612777
2022-12-08,600276.SH,38.94,39.3,38.7,38.82,409827
2022-12-11,600276.SH,38.9,39.55,38.5,38.88,376900
2022-12-12,600276.SH,38.89,39,37.86,38.38,384600
2022-12-13,600276.SH,38.38,38.58,37.8,38.44,262941
2022-12-14,600276.SH,38.18,38.8,37.86,37.96,212865
2022-12-15,600276.SH,37.81,38.05,37.71,38,249092
2022-12-18,600276.SH,38.08,38.24,37.08,37.19,291345
2022-12-19,600276.SH,37.17,37.48,36.5,36.51,278438
2022-12-20,600276.SH,36.51,36.69,35.93,36.14,251313
2022-12-21,600276.SH,36.45,37.35,36.26,36.63,356206
2022-12-22,600276.SH,36.31,36.93,36.2,36.75,216845
2022-12-25,600276.SH,36.71,38,36.68,37.56,316402
2022-12-26,600276.SH,37.88,37.89,36.88,37.07,320140
2022-12-27,600276.SH,36.99,37.85,36.92,37.4,247495
2022-12-28,600276.SH,37.25,38.31,37.05,38.13,357508
2022-12-29,600276.SH,38.17,38.85,38.17,38.53,282411
2023-01-02,600276.SH,38.62,39.05,38.11,38.44,257565
2023-01-03,600276.SH,38.63,38.99,38.41,38.77,257668
2023-01-04,600276.SH,39,39.87,38.71,39.55,408464
2023-01-05,600276.SH,39.7,39.84,39.21,39.31,200107
2023-01-08,600276.SH,39.28,39.8,38.77,39.55,328360
2023-01-09,600276.SH,39.53,39.9,39.3,39.38,374508
2023-01-10,600276.SH,39.38,39.65,38.33,38.45,531573
2023-01-11,600276.SH,38.47,38.54,37.74,37.79,495277
2023-01-12,600276.SH,38.45,39.51,37.84,39.27,708163
2023-01-15,600276.SH,39.27,43.2,39.27,43.13,1378805
2023-01-16,600276.SH,42.79,43.33,41.88,42.18,844312
2023-01-17,600276.SH,42.28,42.66,41.33,41.57,541313
2023-01-18,600276.SH,42.16,44.77,41.66,43.64,1094864
2023-01-19,600276.SH,43.68,44.88,43.39,43.54,532465
2023-01-29,600276.SH,43.9,44.44,43.09,43.25,496623
2023-01-30,600276.SH,43.27,43.8,42.14,42.21,409176
2023-01-31,600276.SH,42.23,42.7,41.98,42.64,396414
2023-02-01,600276.SH,42.7,44.1,42.45,43,653487
2023-02-02,600276.SH,43.07,43.59,42.72,42.8,498018
2023-02-05,600276.SH,42.8,42.97,41.9,42.49,379173
2023-02-06,600276.SH,42.39,43.18,41.84,42.1,307633
2023-02-07,600276.SH,42.19,43.5,42.15,42.96,423949
2023-02-08,600276.SH,42.82,43.87,42.67,43.65,373022
2023-02-09,600276.SH,43.64,43.96,43.23,43.6,279700
2023-02-12,600276.SH,44.31,45.99,44.31,44.97,652677
2023-02-13,600276.SH,44.93,45.4,44.54,45.22,329763
2023-02-14,600276.SH,45.2,45.53,44.45,44.81,269470
2023-02-15,600276.SH,44.8,45.07,43.31,43.79,458815
2023-02-16,600276.SH,43.7,44.9,43.38,44.17,395716
2023-02-19,600276.SH,44.16,45.45,43.69,45.22,459923
2023-02-20,600276.SH,45.02,45.44,44.3,44.5,337434
2023-02-21,600276.SH,44.4,44.8,44,44.11,222477
2023-02-22,600276.SH,44.02,44.32,43.18,43.52,337062
2023-02-23,600276.SH,43.39,44.19,43.09,43.19,238178
2023-02-26,600276.SH,42.9,43.4,42.6,43.13,270401
2023-02-27,600276.SH,43.23,44.43,42.92,43.5,328495
2023-02-28,600276.SH,43.43,44.14,43.18,43.77,265213
2023-03-01,600276.SH,43.49,43.77,42.88,43.19,230686
2023-03-02,600276.SH,43.16,43.98,43.1,43.4,190156
2023-03-05,600276.SH,43.5,43.76,43.08,43.42,210869
2023-03-06,600276.SH,43.4,43.8,42.11,42.12,334387
2023-03-07,600276.SH,42.11,42.33,41.59,41.96,270510
2023-03-08,600276.SH,41.93,42.23,41.7,41.73,176774
2023-03-09,600276.SH,41.36,42.21,41.33,41.86,208268
2023-03-12,600276.SH,41.53,41.9,41.21,41.42,254689
2023-03-13,600276.SH,41.42,42.46,41.28,41.48,331395
2023-03-14,600276.SH,41.85,42.27,41.26,41.38,212096
2023-03-15,600276.SH,41.15,41.95,41.06,41.19,184248
2023-03-16,600276.SH,41.55,41.79,40.7,40.82,387716
2023-03-19,600276.SH,40.88,41.09,40.09,40.4,335133
2023-03-20,600276.SH,40.35,41.78,40.35,41.6,333897
2023-03-21,600276.SH,41.61,42.76,41.61,42.63,331144
2023-03-22,600276.SH,42.59,42.96,42.29,42.67,262656
2023-03-23,600276.SH,42.6,42.87,41.63,41.7,259856
2023-03-26,600276.SH,41.7,43.3,40.9,43.28,469301
2023-03-27,600276.SH,43.09,43.2,42.32,43,261611
2023-03-28,600276.SH,43.35,43.46,42.78,43.16,183576
2023-03-29,600276.SH,43.16,43.25,42.51,43.01,206747
2023-03-30,600276.SH,43.01,43.44,42.5,42.82,220698
2023-04-02,600276.SH,42.65,43.18,42.4,42.56,244114
2023-04-03,600276.SH,42.56,43.16,42.1,43.15,338527
2023-04-05,600276.SH,43.2,43.25,42.3,42.78,280353
2023-04-06,600276.SH,42.79,45.3,42.79,45.15,670009
2023-04-09,600276.SH,45.15,46.69,44.9,46.27,662720
2023-04-10,600276.SH,46.2,46.66,45.72,46.01,327026
2023-04-11,600276.SH,46.1,47.35,45.56,45.63,336009
2023-04-12,600276.SH,45.63,47.75,45.47,47.35,646011
2023-04-13,600276.SH,47.94,48.63,47,47.72,604880
2023-04-16,600276.SH,47.8,50.3,47.8,49.29,803312
2023-04-17,600276.SH,49.3,49.7,48.38,48.93,376306
2023-04-18,600276.SH,48.8,49.2,48.41,48.66,267820
2023-04-19,600276.SH,48.5,48.91,47.53,47.8,414766
2023-04-20,600276.SH,47.8,48.35,47.32,47.32,408355
2023-04-23,600276.SH,47.33,49.32,47.33,48.35,603105
2023-04-24,600276.SH,48.35,48.96,47.28,47.98,438672
2023-04-25,600276.SH,48,48.77,47.02,48.2,360255
2023-04-26,600276.SH,48.18,48.75,47.41,48.2,400538
2023-04-27,600276.SH,48.2,48.95,47.83,48.65,282983
2023-05-03,600276.SH,48.55,49.9,48.48,49.27,432507
2023-05-04,600276.SH,49.38,49.48,47.08,47.47,422608
2023-05-07,600276.SH,47.47,47.6,46.07,46.51,468052
2023-05-08,600276.SH,46.39,46.82,45.7,45.93,289536
2023-05-09,600276.SH,46,46.7,45.65,46.35,251665
2023-05-10,600276.SH,46.35,47.99,46.21,46.43,286218
2023-05-11,600276.SH,46.44,46.87,45.37,45.51,363767
2023-05-14,600276.SH,45.51,47.61,45.5,47.44,326025
2023-05-15,600276.SH,49.1,49.71,48.7,49.13,588846
2023-05-16,600276.SH,49.25,49.35,48.16,48.5,271331
2023-05-17,600276.SH,48.5,48.87,47.78,48.02,229022
2023-05-18,600276.SH,48.08,49.75,48.08,49.13,341093
2023-05-21,600276.SH,49.18,50.2,48.33,48.7,291330
2023-05-22,600276.SH,48.75,49.9,48.74,49.1,328983
2023-05-23,600276.SH,49.1,49.18,47.63,47.96,287120
2023-05-24,600276.SH,47.67,48.25,47.18,48.06,183705
2023-05-25,600276.SH,47.95,49.05,47.89,48.4,174986
2023-05-28,600276.SH,48.45,49.03,47.83,48.3,218625
2023-05-29,600276.SH,48.3,49.2,47.3,48.29,347627
2023-05-30,600276.SH,48.5,48.63,45.01,45.55,859349
2023-05-31,600276.SH,45.56,46.89,45.45,45.93,458276
2023-06-01,600276.SH,46.18,46.84,45.87,46.03,286950
2023-06-04,600276.SH,46.2,46.9,46.04,46.5,270911
2023-06-05,600276.SH,46.54,47.17,46.15,46.31,267820
2023-06-06,600276.SH,46.3,46.69,45.35,45.5,248218
2023-06-07,600276.SH,45.5,45.68,44.85,45.59,223284
2023-06-08,600276.SH,45.34,46.15,45.11,45.79,314957
2023-06-11,600276.SH,45.63,45.63,43.7,44.7,499494
2023-06-12,600276.SH,44.61,45.34,44.27,45,196180
2023-06-13,600276.SH,45.1,46.38,44.82,46,411556
2023-06-14,600276.SH,46.4,46.99,46.04,46.93,317301
2023-06-15,600276.SH,46.8,48.48,46.7,47.5,380344
2023-06-18,600276.SH,47.5,47.88,46.63,46.88,218127
2023-06-19,600276.SH,46.97,47.49,46.7,46.78,148967
2023-06-20,600276.SH,46.51,47.17,46.4,46.4,170863
2023-06-25,600276.SH,46.28,47.08,45.68,46.36,214000
2023-06-26,600276.SH,46.18,46.8,45.83,45.95,189784
2023-06-27,600276.SH,46.13,46.4,45.71,46.2,215203
2023-06-28,600276.SH,46.15,47.44,46.1,47.05,302950
2023-06-29,600276.SH,46.9,48.48,46.86,47.9,283562
2023-07-02,600276.SH,47.92,47.92,47.03,47.36,203984
2023-07-03,600276.SH,47.3,50.5,46.51,48.85,841571
2023-07-04,600276.SH,48.85,49.85,48.53,49.19,461083
2023-07-05,600276.SH,49.16,49.2,47.89,48.11,252248
2023-07-06,600276.SH,48,48.59,47.81,48.39,172268
2023-07-09,600276.SH,48.38,48.49,47.36,47.61,216794
2023-07-10,600276.SH,48,48.56,47.21,48.24,242128
2023-07-11,600276.SH,48.24,48.4,47.55,47.77,146811
2023-07-12,600276.SH,47.94,48.2,47.5,48.01,246040
2023-07-13,600276.SH,47.98,47.99,47.5,47.52,134610
2023-07-16,600276.SH,47.52,47.52,46.73,47.2,213944
2023-07-17,600276.SH,47.4,47.85,47,47.2,121135
2023-07-18,600276.SH,47,47.37,46.55,46.69,194150
2023-07-19,600276.SH,46.99,47.4,45.87,45.96,180988
2023-07-20,600276.SH,46.03,46.3,45.65,45.93,209766
2023-07-23,600276.SH,45.9,48,45.89,47.29,473988
2023-07-24,600276.SH,47.75,47.9,47.13,47.76,249098
2023-07-25,600276.SH,47.77,48.16,47.55,48.08,167788
2023-07-26,600276.SH,48.33,48.47,47.8,48.11,162255
2023-07-27,600276.SH,47.88,49.2,47.59,49.05,377573
2023-07-30,600276.SH,49.04,49.33,44.22,44.58,1359242
2023-07-31,600276.SH,44.31,44.31,42.3,43.38,1344001
2023-08-01,600276.SH,43.25,43.99,42.06,42.28,934819
2023-08-02,600276.SH,41.85,42.89,41.18,42.27,791888
2023-08-03,600276.SH,42.55,42.67,41,41.07,1064609
2023-08-06,600276.SH,40.66,40.66,38.56,39.13,1347893
2023-08-07,600276.SH,38.6,40.69,38.58,40.14,974177
2023-08-08,600276.SH,39.9,40.67,39.8,40.21,573863
2023-08-09,600276.SH,40.21,40.38,39.6,39.9,355953
2023-08-10,600276.SH,39.96,40.23,39.2,39.2,337898
2023-08-13,600276.SH,38.83,40.79,38.8,40.62,602790
2023-08-14,600276.SH,40.61,41.1,39.98,40.5,426582
2023-08-15,600276.SH,40.39,41.91,40.25,41.01,630409
2023-08-16,600276.SH,40.72,40.86,40.1,40.57,395599
2023-08-17,600276.SH,40.5,40.58,39.8,39.95,261862
2023-08-20,600276.SH,37.96,39.33,37.1,38.8,607921
2023-08-21,600276.SH,39.15,39.4,38.33,39.15,435386
2023-08-22,600276.SH,39.1,39.31,38.68,38.7,258171
2023-08-23,600276.SH,38.71,40.88,38.4,40.44,477737
2023-08-24,600276.SH,40.26,41.33,40.16,40.72,430306
2023-08-27,600276.SH,42.99,43.35,41.52,41.92,722102
2023-08-28,600276.SH,41.91,42.49,41.6,42.25,376997
2023-08-29,600276.SH,42.5,42.5,42,42.15,253504
2023-08-30,600276.SH,42.15,42.24,41.7,41.78,259633
2023-08-31,600276.SH,41.85,42.02,41.43,41.53,165313
2023-09-03,600276.SH,41.93,41.97,41.1,41.2,324688
2023-09-04,600276.SH,41.21,41.58,41.09,41.21,202444
2023-09-05,600276.SH,41.01,41.19,40.6,40.73,211816
2023-09-06,600276.SH,40.88,40.88,39.93,40.29,286649
2023-09-07,600276.SH,40.25,40.61,40,40.58,178497
2023-09-10,600276.SH,40.75,43.16,40.75,43,757357
2023-09-11,600276.SH,42.81,43.18,42.68,42.91,262043
2023-09-12,600276.SH,42.85,43.08,42.01,42.2,223141
2023-09-13,600276.SH,42.33,42.79,42.05,42.59,230089
2023-09-14,600276.SH,42.7,43.95,42.35,43.6,669591
2023-09-17,600276.SH,43.61,44.95,43.59,44.36,478974
2023-09-18,600276.SH,44.36,44.82,44.09,44.63,257266
2023-09-19,600276.SH,44.5,44.6,43.88,44.35,218104
2023-09-20,600276.SH,44.35,44.39,43.78,43.89,192238
2023-09-21,600276.SH,43.97,44.14,43.4,44.06,282408
2023-09-24,600276.SH,44.1,45.05,43.71,44.85,407403
2023-09-25,600276.SH,44.8,45.08,44.15,44.7,273018
2023-09-26,600276.SH,44.68,45.68,44.65,45.31,357243
2023-09-27,600276.SH,45.55,45.88,44.76,44.94,251307
2023-10-08,600276.SH,44.89,45.2,44.12,44.76,331422
2023-10-09,600276.SH,44.92,44.99,44.28,44.37,166019
2023-10-10,600276.SH,44.7,45.57,44.7,45.05,329577
2023-10-11,600276.SH,45.6,45.65,44.7,44.95,244608
2023-10-12,600276.SH,44.58,45.12,44.37,44.65,187513
2023-10-15,600276.SH,44.82,45.12,44.1,44.23,214400
2023-10-16,600276.SH,44.23,44.53,43.6,44.47,214293
2023-10-17,600276.SH,44.48,44.49,43.76,43.82,157011
2023-10-18,600276.SH,43.66,44.08,43.2,43.41,262747
2023-10-19,600276.SH,43.12,43.5,42.55,42.72,303034
2023-10-22,600276.SH,42.73,43.36,42.33,43.07,224632
2023-10-23,600276.SH,43.06,43.5,42.61,43.23,260856
2023-10-24,600276.SH,43.69,43.87,43.06,43.17,275145
2023-10-25,600276.SH,43.89,44.85,43.45,44.45,418092
2023-10-26,600276.SH,44.26,45.55,43.88,45.4,414072
2023-10-29,600276.SH,45.45,47,45.2,46.58,550654
2023-10-30,600276.SH,48.53,48.78,47.23,47.94,706569
2023-10-31,600276.SH,47.95,48.18,47.29,47.97,335687
2023-11-01,600276.SH,48.17,48.2,47.71,47.9,205142
2023-11-02,600276.SH,47.8,48.1,47.4,47.51,212838
2023-11-05,600276.SH,48.49,48.88,48.16,48.33,378138
2023-11-06,600276.SH,48.5,48.81,48.18,48.43,261492
2023-11-07,600276.SH,48.47,49.74,48.47,49.28,318466
2023-11-08,600276.SH,49.14,49.37,48.27,48.38,294700
2023-11-09,600276.SH,48.1,48.68,48.03,48.39,186558
2023-11-12,600276.SH,48.51,48.64,47.06,47.3,338641
2023-11-13,600276.SH,47.37,47.68,46.8,47.04,206788
2023-11-14,600276.SH,47.68,47.98,47.16,47.33,156722
2023-11-15,600276.SH,47.03,47.48,46.76,46.8,139576
2023-11-16,600276.SH,46.79,47.33,46.68,47.14,211799
2023-11-19,600276.SH,47.21,47.98,46.96,47.49,231080
2023-11-20,600276.SH,47.6,48.08,47.31,47.58,205466
2023-11-21,600276.SH,47.58,47.67,47.14,47.14,126902
2023-11-22,600276.SH,47.15,47.27,46.65,47.17,126847
2023-11-23,600276.SH,47.01,47.21,46.72,46.93,146471
2023-11-26,600276.SH,46.92,47.1,46.42,46.8,184432
2023-11-27,600276.SH,46.7,47.5,46.58,47.5,204180
2023-11-28,600276.SH,47.5,47.9,47.33,47.67,175454
2023-11-29,600276.SH,47.7,48.08,47.43,48.02,215983
2023-11-30,600276.SH,47.95,48.13,45.83,46.58,408166
2023-12-03,600276.SH,46.56,46.64,45.5,45.99,276861
2023-12-04,600276.SH,45.83,46.3,45.15,45.25,265791
2023-12-05,600276.SH,45.22,46.02,44.85,45.41,220289
2023-12-06,600276.SH,45.48,45.75,44.73,44.78,237438
2023-12-07,600276.SH,44.77,45.66,44.65,45.59,292413
2023-12-10,600276.SH,45.37,46.6,45.06,46.53,267695
2023-12-11,600276.SH,46.53,46.66,45.45,45.8,212970
2023-12-12,600276.SH,45.54,46.09,45.52,45.62,186764
2023-12-13,600276.SH,46.08,46.19,45.57,45.73,194061
2023-12-14,600276.SH,45.75,45.84,44.45,44.66,259066
2023-12-17,600276.SH,44.59,45.78,44.18,45.49,244786
2023-12-18,600276.SH,45.41,45.44,44.21,44.78,214347
2023-12-19,600276.SH,44.7,45.18,44.19,44.23,189821
2023-12-20,600276.SH,44.18,44.63,44.05,44.49,188352
2023-12-21,600276.SH,44.48,44.57,43.51,44.01,242358
2023-12-24,600276.SH,44.01,44.55,43.9,44,133612
2023-12-25,600276.SH,44,44.07,43.3,43.98,150554
2023-12-26,600276.SH,43.9,44.21,43.36,44.09,216015
2023-12-27,600276.SH,44.1,44.85,43.93,44.75,307634
2023-12-28,600276.SH,44.88,45.4,44.65,45.23,242380
2024-01-01,600276.SH,45.24,45.44,44.36,44.47,182608
2024-01-02,600276.SH,44.21,44.88,44.05,44.23,146694
2024-01-03,600276.SH,44.3,44.34,42.88,43.79,339045
2024-01-04,600276.SH,43.31,43.5,41.28,41.95,495227
2024-01-07,600276.SH,41.8,41.8,41,41.11,300091
2024-01-08,600276.SH,41.15,41.56,40.88,41.2,211749
2024-01-09,600276.SH,41.2,41.99,40.77,41.5,206746
2024-01-10,600276.SH,41.51,41.85,41.18,41.48,189720
2024-01-11,600276.SH,41.21,41.6,40.92,41.1,132701
2024-01-14,600276.SH,40.7,41.9,40.68,41.51,148935
2024-01-15,600276.SH,41.2,41.65,40.8,41.41,186577
2024-01-16,600276.SH,41.13,41.29,40.11,40.11,240232
2024-01-17,600276.SH,40,41.4,39.47,41.29,387165
2024-01-18,600276.SH,41.09,41.6,40.81,41.41,317395
2024-01-21,600276.SH,41.4,41.7,40.13,40.78,349377
2024-01-22,600276.SH,40.68,40.92,40.23,40.3,208862
2024-01-23,600276.SH,40.68,40.73,39.5,40.52,250042
2024-01-24,600276.SH,40.84,41.2,40.05,41.2,278912
2024-01-25,600276.SH,40.9,41.22,40.01,40.3,302800
2024-01-28,600276.SH,40.25,40.55,39.03,39.25,281051
2024-01-29,600276.SH,39.22,39.44,38.56,38.69,233013
2024-01-30,600276.SH,38.4,38.6,37.22,37.45,380597
2024-01-31,600276.SH,37.2,38.06,36.88,37.16,300235
2024-02-01,600276.SH,37.22,37.67,35.51,35.95,360475
2024-02-04,600276.SH,35.98,37.96,35.79,37.4,497939
2024-02-05,600276.SH,37.4,41.05,37.2,41,568195
2024-02-06,600276.SH,41.25,41.86,40.51,41.84,522124
2024-02-07,600276.SH,41.84,42.55,41.18,41.87,379944
2024-02-18,600276.SH,41.86,42.17,41.05,41.66,253808
2024-02-19,600276.SH,41.73,42.23,41.51,41.86,212255
2024-02-20,600276.SH,41.88,42.46,41.45,42.22,299015
2024-02-21,600276.SH,42,42.54,41.96,42.43,175301
2024-02-22,600276.SH,42.43,42.86,41.88,42.39,229506
2024-02-25,600276.SH,42.21,42.49,41.8,42.08,188782
2024-02-26,600276.SH,42.1,42.33,41.84,42.27,176161
2024-02-27,600276.SH,42.47,43.59,42.23,42.23,340118
2024-02-28,600276.SH,42.22,42.85,42.1,42.64,253408
2024-02-29,600276.SH,42.64,42.92,42.1,42.52,215637
2024-03-03,600276.SH,42.52,43.98,42.46,43.9,376568
2024-03-04,600276.SH,43.9,44.7,43.62,44.56,371200
2024-03-05,600276.SH,44.65,44.9,43.7,43.96,216991
2024-03-06,600276.SH,43.9,43.96,41.6,41.95,457433
2024-03-07,600276.SH,41.94,42.7,41.62,41.89,277418
2024-03-10,600276.SH,41.9,43.7,41.68,43.6,325467
2024-03-11,600276.SH,43.71,45.29,43.2,44.93,431410
2024-03-12,600276.SH,45,45.03,44.16,44.68,207495
2024-03-13,600276.SH,49,49.15,46.51,47.03,1099245
2024-03-14,600276.SH,46.98,47.95,46.5,47.13,438579
2024-03-17,600276.SH,47,47.68,46.45,47.28,297914
2024-03-18,600276.SH,46.91,47.33,45.9,45.97,272048
2024-03-19,600276.SH,45.66,45.91,45.31,45.63,225014
2024-03-20,600276.SH,45.85,46.07,45.45,45.63,183357
2024-03-21,600276.SH,45.54,46,45.1,45.93,242254
2024-03-24,600276.SH,45.95,46.82,45.81,46.16,232620
2024-03-25,600276.SH,46.1,46.59,45.87,46.27,200061
2024-03-26,600276.SH,46.2,46.35,45.7,45.91,155668
2024-03-27,600276.SH,45.91,46.86,45.54,46.21,214019
2024-03-28,600276.SH,46.21,46.37,45.4,45.97,187038
2024-03-31,600276.SH,45.98,46.8,45.98,46.32,202224
2024-04-01,600276.SH,46.2,46.69,45.06,45.46,224903
2024-04-02,600276.SH,45.1,45.33,44.52,44.76,236904
2024-04-07,600276.SH,44.8,45.87,44.8,45.4,236268
2024-04-08,600276.SH,45.4,45.63,44.28,45.54,215272
2024-04-09,600276.SH,45.54,45.98,44.9,45.45,163531
2024-04-10,600276.SH,45.05,45.49,44.63,44.94,186092
2024-04-11,600276.SH,44.8,45.35,43.95,44.09,222119
2024-04-14,600276.SH,44.14,45.15,44.09,44.56,220278
2024-04-15,600276.SH,44.33,44.65,43.79,44.26,233857
2024-04-16,600276.SH,44.35,44.78,43.84,44.39,232756
2024-04-17,600276.SH,45.2,45.5,42.2,42.35,590168
2024-04-18,600276.SH,42,42.34,41.22,41.68,384255
2024-04-21,600276.SH,41.99,42.17,41.46,41.86,278064
2024-04-22,600276.SH,41.86,44.27,41.8,44.07,493661
2024-04-23,600276.SH,43.96,44.2,43.4,43.7,216252
2024-04-24,600276.SH,43.7,44.97,43.5,44.3,244691
2024-04-25,600276.SH,44.2,45.79,44.17,45.61,342783
2024-04-28,600276.SH,45.6,46.86,45.53,46.18,342796
2024-04-29,600276.SH,46.39,46.85,45.85,46.16,192502
2024-05-05,600276.SH,46.93,47.87,46.42,47.16,325824
2024-05-06,600276.SH,47.16,47.5,47.02,47.23,203780
2024-05-07,600276.SH,47.26,47.37,46.25,46.42,261292
2024-05-08,600276.SH,46.51,47.23,46.31,46.9,175147
2024-05-09,600276.SH,46.79,47.05,46.19,46.48,155773
2024-05-12,600276.SH,46.48,46.78,45.37,45.53,291757
2024-05-13,600276.SH,45.53,45.78,45.22,45.33,197237
2024-05-14,600276.SH,45.34,45.42,44.53,44.67,159429
2024-05-15,600276.SH,45,45.11,44.4,44.69,234377
2024-05-16,600276.SH,45.5,46.23,44.07,44.75,376855
2024-05-19,600276.SH,44.28,44.79,43.48,43.81,397023
2024-05-20,600276.SH,43.72,44.16,43.42,43.8,244383
2024-05-21,600276.SH,43.9,43.96,43.4,43.54,252388
2024-05-22,600276.SH,43.54,43.59,42.9,43.05,197024
2024-05-23,600276.SH,43.05,43.18,42.38,42.44,220384
2024-05-26,600276.SH,42.33,42.9,41.82,42.7,306782
2024-05-27,600276.SH,42.7,43.59,42.36,43.27,374279
2024-05-28,600276.SH,43.25,43.48,42.95,43.02,166767
2024-05-29,600276.SH,43.05,43.24,42.54,42.88,132477
2024-05-30,600276.SH,43.4,43.59,42.36,42.36,228651
2024-06-02,600276.SH,42.22,42.69,42.07,42.5,187801
2024-06-03,600276.SH,42.45,44,42.36,43.83,358139
2024-06-04,600276.SH,43.83,44.3,43.69,43.92,180676
2024-06-05,600276.SH,43.65,44.1,42.8,42.91,225869
2024-06-06,600276.SH,42.99,43.26,42.15,42.15,238547
2024-06-10,600276.SH,42,42.81,41.7,42.72,251121
2024-06-11,600276.SH,42.73,42.73,41.91,42.1,218505
2024-06-12,600276.SH,42.1,42.43,41.53,42.06,207298
2024-06-13,600276.SH,41.9,42.1,41.08,41.9,415372
2024-06-16,600276.SH,41.6,42.7,41.59,42.53,241981
2024-06-17,600276.SH,42.5,42.71,41.81,41.97,203923
2024-06-18,600276.SH,42,42.26,41.21,41.36,201011
2024-06-19,600276.SH,41.34,41.77,40.58,40.6,247827
2024-06-20,600276.SH,40.7,40.8,39.77,40.04,364553
2024-06-23,600276.SH,40,40.64,39.54,40.29,278930
2024-06-24,600276.SH,40.51,40.58,39.45,39.7,224590
2024-06-25,600276.SH,39.69,40.04,39.43,39.9,223235
2024-06-26,600276.SH,39.85,39.85,39,39.24,271838
2024-06-27,600276.SH,39.2,39.44,38.33,38.46,309258
2024-06-30,600276.SH,38.45,38.47,37.8,38.27,238909
2024-07-01,600276.SH,38.23,38.25,37.24,37.47,310847
2024-07-02,600276.SH,37.6,39.6,37.33,38.67,552759
2024-07-03,600276.SH,38.67,39.45,38.33,38.45,289257
2024-07-04,600276.SH,38.46,40.3,38.1,40.03,493653
2024-07-07,600276.SH,39.2,40.1,38.44,39.21,499868
2024-07-08,600276.SH,39.12,39.48,38.01,38.99,401063
2024-07-09,600276.SH,39,39.79,38.88,39.41,202323
2024-07-10,600276.SH,39.79,41.14,39.3,40.6,379802
2024-07-11,600276.SH,40.84,41.5,40.48,41.27,315010
2024-07-14,600276.SH,41,41.29,40.46,40.78,207110
2024-07-15,600276.SH,40.65,41.06,40.42,40.95,226268
2024-07-16,600276.SH,40.58,42.15,40.5,41.74,356832
2024-07-17,600276.SH,41.8,42.42,41.7,42.15,307122
2024-07-18,600276.SH,42.08,42.48,41.93,42.23,277511
2024-07-21,600276.SH,42.22,43.1,41.85,42.77,325703
2024-07-22,600276.SH,42.73,42.82,41.35,41.41,366897
2024-07-23,600276.SH,41.29,42.06,41.2,41.4,200352
2024-07-24,600276.SH,41.22,41.88,40.7,41.46,219080
2024-07-25,600276.SH,41.46,41.58,40.59,41.07,221158
2024-07-28,600276.SH,41.02,41.36,40.39,40.49,234789
2024-07-29,600276.SH,40.5,40.66,39.62,40,242615
2024-07-30,600276.SH,39.99,42.36,39.7,42.21,395724
2024-07-31,600276.SH,42.19,42.5,41.75,41.95,174313
2024-08-01,600276.SH,41.89,42.98,41.8,42.17,255820
2024-08-04,600276.SH,42.17,43.58,42.11,42.65,323588
2024-08-05,600276.SH,42.63,43.18,42.48,42.91,217715
2024-08-06,600276.SH,42.88,42.89,42.11,42.15,177293
2024-08-07,600276.SH,42.11,42.89,42.11,42.58,164887
2024-08-08,600276.SH,42.7,43.3,42.41,42.42,155984
2024-08-11,600276.SH,42.22,43.96,42.21,43.63,332835
2024-08-12,600276.SH,43.6,43.6,42.4,42.67,227236
2024-08-13,600276.SH,42.95,42.98,42.09,42.5,141847
2024-08-14,600276.SH,42.38,43.65,42.32,42.92,214247
2024-08-15,600276.SH,42.6,43.21,42.3,43.12,156943
2024-08-18,600276.SH,43.21,43.6,41.77,42.11,239673
2024-08-19,600276.SH,42.1,42.38,41.8,42.25,153987
2024-08-20,600276.SH,42.19,42.8,42.04,42.31,162313
2024-08-21,600276.SH,43.21,44.27,42.63,43.93,537348
2024-08-22,600276.SH,43.68,43.95,43.08,43.62,277509
2024-08-25,600276.SH,43.61,43.8,42.8,43.32,245225
2024-08-26,600276.SH,43.27,43.98,43.11,43.6,226268
2024-08-27,600276.SH,43.6,44.08,43.15,43.5,206227
2024-08-28,600276.SH,43.48,44.55,43.3,44.32,305230
2024-08-29,600276.SH,44.44,44.5,43.93,44.13,313280
2024-09-01,600276.SH,44.01,44.37,43.02,43.9,258008
2024-09-02,600276.SH,43.88,45.2,43.72,44.58,316480
2024-09-03,600276.SH,44.38,45.15,44.17,44.51,212577
2024-09-04,600276.SH,44.66,45.18,44.42,45,198639
2024-09-05,600276.SH,45.15,45.15,44.4,44.4,141476
2024-09-08,600276.SH,44.4,45.42,44.3,44.55,256017
2024-09-09,600276.SH,44.4,44.7,43.71,44.48,199183
2024-09-10,600276.SH,44.3,45.55,44.11,45.43,291578
2024-09-11,600276.SH,45.23,45.78,44.75,44.97,186578
2024-09-12,600276.SH,44.95,45.3,44.4,44.77,195097
2024-09-17,600276.SH,44.89,45.59,44.78,45.12,175079
2024-09-18,600276.SH,45.13,45.33,44.4,45,224012
2024-09-19,600276.SH,44.9,44.9,42.32,42.71,669156
2024-09-22,600276.SH,42.88,43.48,42.52,42.71,284754
2024-09-23,600276.SH,43.38,43.72,42.24,43.66,433281
2024-09-24,600276.SH,44.01,44.65,43.69,43.84,433825
2024-09-25,600276.SH,44.14,46.5,43.71,46.46,476933
2024-09-26,600276.SH,47.38,48.9,46.95,48.68,380621
2024-09-29,600276.SH,50.2,52.74,50,52.3,1018482
2024-10-07,600276.SH,57.53,57.53,53.4,56.01,1192595
2024-10-08,600276.SH,55,55,51.56,51.68,900591
2024-10-09,600276.SH,51.68,53.82,51.68,52.57,585281
2024-10-10,600276.SH,52.13,52.57,49.68,50.2,495422
2024-10-13,600276.SH,50.5,51.67,50.06,51.39,395841
2024-10-14,600276.SH,51.39,52.62,50.55,50.6,363264
2024-10-15,600276.SH,49.89,50.68,49.01,49.18,397388
2024-10-16,600276.SH,49.3,50.53,49.22,49.22,342963
2024-10-17,600276.SH,49,51.51,48.76,50.48,536726
2024-10-20,600276.SH,50.6,51.07,49.33,50.56,471852
2024-10-21,600276.SH,50.21,51.79,50.21,50.76,401077
2024-10-22,600276.SH,50.83,51.18,50.14,50.69,370597
2024-10-23,600276.SH,50.6,50.6,47.82,48.67,901547
2024-10-24,600276.SH,48.6,48.6,46.72,48,943149
2024-10-27,600276.SH,48.03,48.9,47.97,48.59,571141
2024-10-28,600276.SH,48.62,48.91,48.1,48.18,397700
2024-10-29,600276.SH,48.18,48.48,46.96,47.2,475485
2024-10-30,600276.SH,47.21,47.4,46.56,46.6,456722
2024-10-31,600276.SH,46.72,48.5,46.72,47.56,619959
2024-11-03,600276.SH,48.1,48.39,47.26,47.99,406592
2024-11-04,600276.SH,47.62,48.84,47.5,48.68,514370
2024-11-05,600276.SH,48.71,49.68,48.25,48.75,537558
2024-11-06,600276.SH,48.6,50,48.41,50,584066
2024-11-07,600276.SH,50.1,50.5,49.15,49.5,652314
2024-11-10,600276.SH,48.99,49.67,48.3,49.43,586792
2024-11-11,600276.SH,49.43,50.78,49.05,49.29,767357
2024-11-12,600276.SH,49.16,50.26,49.06,49.35,409141
2024-11-13,600276.SH,49.27,49.7,48.43,48.45,389092
2024-11-14,600276.SH,48.27,48.7,47.7,47.7,330870
2024-11-17,600276.SH,47.71,48.06,47,47.2,303536
2024-11-18,600276.SH,47.24,47.8,46.84,47.43,260305
2024-11-19,600276.SH,47.44,50.79,47.44,50.46,1095674
2024-11-20,600276.SH,50.31,50.97,49.75,50.19,488475
2024-11-21,600276.SH,50.19,50.63,48.2,48.27,501548
2024-11-24,600276.SH,48.6,49.49,47.76,47.76,436129
2024-11-25,600276.SH,47.86,49.56,47.8,48.68,399756
2024-11-26,600276.SH,48.62,50.2,48.58,49.99,574544
2024-11-27,600276.SH,49.95,50.75,49.32,49.7,367210
2024-11-28,600276.SH,50.11,51.3,49.8,50.69,693041
2024-12-01,600276.SH,50.6,50.79,50.02,50.45,419765
2024-12-02,600276.SH,50.35,50.41,49.53,49.63,396197
2024-12-03,600276.SH,49.65,49.98,49.25,49.4,258260
2024-12-04,600276.SH,49.42,49.45,48.45,48.95,298108
2024-12-05,600276.SH,48.95,49.8,48.84,49.53,342291
2024-12-08,600276.SH,49.98,50.09,49.06,49.38,276614
2024-12-09,600276.SH,50.25,50.25,47.61,48.13,1022100
2024-12-10,600276.SH,47.86,48.17,47.51,48.15,429449
2024-12-11,600276.SH,48.15,48.15,47.6,48.04,361609
2024-12-12,600276.SH,47.8,47.91,46.56,46.59,650777
2024-12-15,600276.SH,46.58,46.58,45.8,46.07,354079
2024-12-16,600276.SH,46.05,46.97,45.9,46.5,315875
2024-12-17,600276.SH,46.7,47.05,46.53,46.59,247140
2024-12-18,600276.SH,46.18,46.66,45.88,46.54,217461
2024-12-19,600276.SH,46.54,46.88,46.22,46.25,260733
2024-12-22,600276.SH,46.25,46.33,45.51,45.85,361927
2024-12-23,600276.SH,45.85,46.66,45.78,46.33,293991
2024-12-24,600276.SH,46.56,47,46.33,46.62,315258
2024-12-25,600276.SH,46.5,46.54,45.76,46.11,255828
2024-12-26,600276.SH,46.2,46.36,45.9,46.1,212505
2024-12-29,600276.SH,46.29,46.76,46.05,46.14,256267
2024-12-30,600276.SH,46.13,46.57,45.85,45.9,388166
2025-01-01,600276.SH,45.88,46.1,44.7,44.95,348132
2025-01-02,600276.SH,45,45.17,44.16,44.36,273873
2025-01-05,600276.SH,44.75,45.11,44.38,45.01,301481
2025-01-06,600276.SH,45.05,45.09,44.01,44.04,257422
2025-01-07,600276.SH,44.05,44.18,42.95,43.55,350327
2025-01-08,600276.SH,43.58,43.87,43.06,43.08,257768
2025-01-09,600276.SH,43.06,43.41,42.53,42.67,265752
2025-01-12,600276.SH,42.51,43.17,42.4,42.81,191129
2025-01-13,600276.SH,42.81,44.41,42.81,44.29,337755
2025-01-14,600276.SH,44.26,44.28,43.66,43.88,184965
2025-01-15,600276.SH,44.08,44.15,42.86,42.9,310158
2025-01-16,600276.SH,42.5,43.08,42.44,42.84,200612
2025-01-19,600276.SH,43.29,45.36,43.28,44.52,558603
2025-01-20,600276.SH,44.85,45.3,44.55,45.13,353980
2025-01-21,600276.SH,45.03,45.24,44.24,44.43,210751
2025-01-22,600276.SH,44.55,44.82,43.77,43.96,286082
2025-01-23,600276.SH,43.87,45.15,43.82,44.64,350461
2025-01-26,600276.SH,44.8,45.18,44.58,44.65,193068
2025-02-04,600276.SH,44.67,44.8,43.87,44.01,274407
2025-02-05,600276.SH,44.13,44.55,43.67,44.36,252177
2025-02-06,600276.SH,44.36,46.33,44,45.29,505422
2025-02-09,600276.SH,45.5,45.5,44.67,44.88,378892
2025-02-10,600276.SH,45,45.1,44.05,44.19,310678
2025-02-11,600276.SH,44.2,44.55,44.02,44.44,251757
2025-02-12,600276.SH,44.3,45.06,44.06,44.64,378625
2025-02-13,600276.SH,44.62,45.77,44.56,45.5,522174
2025-02-16,600276.SH,45.8,46.31,44.95,45.26,557653
2025-02-17,600276.SH,45.31,45.77,44.66,44.82,350219
2025-02-18,600276.SH,44.74,45.18,44.2,44.71,367611
2025-02-19,600276.SH,44.75,46.98,44.75,46.5,854058
2025-02-20,600276.SH,46.7,48.48,46.53,48.28,975118
2025-02-23,600276.SH,48.4,48.65,47.6,48.09,533081
2025-02-24,600276.SH,47.64,48.25,47.17,47.37,354332
2025-02-25,600276.SH,47.6,47.74,46.95,47.55,328113
2025-02-26,600276.SH,47.4,48.36,47.19,47.91,369081
2025-02-27,600276.SH,47.71,48.1,45.81,45.96,491615
2025-03-02,600276.SH,45.95,46.81,45.77,45.92,318946
2025-03-03,600276.SH,45.81,46.09,45.38,45.86,243337
2025-03-04,600276.SH,45.86,46.12,45.46,45.98,252670
2025-03-05,600276.SH,46.3,46.86,46.05,46.52,331389
2025-03-06,600276.SH,46.4,46.4,45.52,45.68,336614
2025-03-09,600276.SH,45.82,46.16,45,45.49,343606
2025-03-10,600276.SH,45.05,45.49,44.95,45.34,291535
2025-03-11,600276.SH,45.38,45.79,44.95,45,339551
2025-03-12,600276.SH,45.05,45.28,44.77,45.03,243349
2025-03-13,600276.SH,45.12,46.87,44.88,46.54,573207
2025-03-16,600276.SH,47.32,47.35,46.38,46.48,277431
2025-03-17,600276.SH,46.88,47.48,46.42,46.5,308309
2025-03-18,600276.SH,46.52,48.12,46.3,47.29,485162
2025-03-19,600276.SH,47.2,47.47,46.48,46.63,325188
2025-03-20,600276.SH,46.4,46.63,44.83,44.85,541538
2025-03-23,600276.SH,44.86,45.04,44.2,44.35,327076
2025-03-24,600276.SH,44.47,45.02,44.23,44.87,229105
2025-03-25,600276.SH,46.2,46.94,46.07,46.23,611036
2025-03-26,600276.SH,46.08,48.42,45.6,48.39,868632
2025-03-27,600276.SH,48.39,49.53,48.39,48.61,772998
2025-03-30,600276.SH,48.98,50.08,48.85,49.2,783166
2025-03-31,600276.SH,49.2,52.5,48.91,51.8,1359063
2025-04-01,600276.SH,51.32,51.76,50.66,50.85,631879
2025-04-02,600276.SH,50.41,51.6,50.41,51.04,517858
2025-04-06,600276.SH,48.8,49.85,46.76,48.7,1155033
2025-04-07,600276.SH,48.8,49.29,47.26,48.7,987646
2025-04-08,600276.SH,47.73,48.22,45.86,48.22,975200
2025-04-09,600276.SH,48.97,49.09,47.86,48.5,731713
2025-04-10,600276.SH,48.16,48.68,47.8,48.38,425798
2025-04-13,600276.SH,48.38,50,48.1,48.87,571834
2025-04-14,600276.SH,48.6,48.93,47.92,48.27,326289
2025-04-15,600276.SH,48.4,48.9,47.36,48.9,455344
2025-04-16,600276.SH,48.54,48.87,48.32,48.78,303900
2025-04-17,600276.SH,48.58,48.92,47.86,48,253302
2025-04-20,600276.SH,47.7,49.4,47.63,49.17,370680
2025-04-21,600276.SH,49.04,51.3,49.04,50.97,617892
2025-04-22,600276.SH,50.96,51.45,50.62,51.09,385430
2025-04-23,600276.SH,50.97,51.72,50.42,51.13,336077
2025-04-24,600276.SH,51.68,52,49.97,50.27,524329
2025-04-27,600276.SH,49.68,50.15,49,49.97,396210
2025-04-28,600276.SH,49.71,49.73,48.88,49.6,346670
2025-04-29,600276.SH,49.45,51.36,49.3,51.1,429338
2025-05-05,600276.SH,52.1,52.18,50.73,51,385439
2025-05-06,600276.SH,52.1,52.25,51.01,51.51,397288
2025-05-07,600276.SH,51.22,51.73,51.03,51.56,290148
2025-05-08,600276.SH,51.56,52.99,51.45,52.81,586037
2025-05-11,600276.SH,52,52,50.2,50.69,843912
2025-05-12,600276.SH,51.19,52.23,50.88,51.23,519132
2025-05-13,600276.SH,51.02,53.25,51.01,52.9,626347
2025-05-14,600276.SH,52.9,53.95,52.7,53.69,533615
2025-05-15,600276.SH,53.49,54,52.9,53.85,382177
2025-05-18,600276.SH,53.8,54.33,53.05,53.45,350191
2025-05-19,600276.SH,54.29,55.15,53.79,54.45,593357
2025-05-20,600276.SH,54.28,56.5,54.03,55.94,612403
2025-05-21,600276.SH,56,56.36,55.16,55.6,413146
2025-05-22,600276.SH,55.9,56,54.3,54.5,541840
2025-05-25,600276.SH,54.2,54.63,53.06,53.35,532284
2025-05-26,600276.SH,53.22,54.09,53.13,53.42,360323
2025-05-27,600276.SH,53.59,54.93,53.33,54.25,358050
2025-05-28,600276.SH,54.15,54.59,53.86,54.1,354853
2025-05-29,600276.SH,54.29,55.66,54.25,54.74,471422
2025-06-02,600276.SH,54.74,55.78,54.25,54.88,434450
2025-06-03,600276.SH,54.84,55.84,54.61,55.29,368593
2025-06-04,600276.SH,55.1,55.1,53.55,53.88,495273
2025-06-05,600276.SH,53.9,54.18,53.38,53.8,344534
2025-06-08,600276.SH,54,55.79,53.78,54.36,656906
2025-06-09,600276.SH,54.38,55.8,54.38,55.13,480735
2025-06-10,600276.SH,55,55.81,54.55,54.71,377736
2025-06-11,600276.SH,54.4,56.2,54,55.82,493188
2025-06-12,600276.SH,55.69,56.06,53.56,53.89,660238
2025-06-15,600276.SH,53.41,54.08,53.1,53.76,392241
2025-06-16,600276.SH,54,54.21,51.6,51.84,695180
2025-06-17,600276.SH,51.7,52.23,51.32,51.81,334095
2025-06-18,600276.SH,51.84,52.39,51.31,51.58,373167
2025-06-19,600276.SH,51.75,52.33,51.63,51.76,240608
2025-06-22,600276.SH,51.68,52.18,51.2,51.96,313281
2025-06-23,600276.SH,52.09,52.5,51.73,52.15,451035
2025-06-24,600276.SH,52.15,53.03,51.31,52.95,536482
2025-06-25,600276.SH,52.6,52.95,51.9,52.08,392269
2025-06-26,600276.SH,51.91,52.07,51.67,51.95,287765
2025-06-29,600276.SH,51.91,52.19,50.99,51.9,445355
2025-06-30,600276.SH,51.89,52.74,51.8,52.46,397725
2025-07-01,600276.SH,52.4,53.44,52.1,52.25,325712
2025-07-02,600276.SH,52.26,52.58,51.81,52.47,293678
2025-07-03,600276.SH,52.61,53.79,52.6,53.26,477923
2025-07-06,600276.SH,53.38,53.59,52.56,52.65,286388
2025-07-07,600276.SH,52.69,53.69,52.5,53.4,359263
2025-07-08,600276.SH,53.4,57.94,53.02,57.19,1158212
2025-07-09,600276.SH,57.13,58.28,56.61,57.6,903716
2025-07-10,600276.SH,57.51,58.12,56.88,56.9,658632
2025-07-13,600276.SH,56.75,58.05,56.56,57.21,473758
2025-07-14,600276.SH,57.25,57.53,56.52,57.22,436928
2025-07-15,600276.SH,57.65,58.9,57.04,57.22,398191
2025-07-16,600276.SH,56.9,57.9,56.84,57.73,444146
2025-07-17,600276.SH,58.21,59.86,57.9,58.76,660986
2025-07-20,600276.SH,58.5,58.8,57.68,58,509442
2025-07-21,600276.SH,58,58.85,57.2,57.41,475570
2025-07-22,600276.SH,57.2,58.08,56.87,57.13,425295
2025-07-23,600276.SH,57.44,57.98,56.95,57.5,465834
2025-07-24,600276.SH,57.5,57.55,56.35,56.4,505394
2025-07-27,600276.SH,60.1,62.04,59.66,62.04,1630096
2025-07-28,600276.SH,63,65.43,62.13,63.8,1682769
2025-07-29,600276.SH,63.81,64.73,62.65,63.59,980849
2025-07-30,600276.SH,63.4,64.25,62.5,62.9,742039
2025-07-31,600276.SH,62.83,63.58,60.76,61.31,734655
2025-08-03,600276.SH,60.6,62.05,60,62,689613
2025-08-04,600276.SH,62.11,62.46,61.56,62.3,541443
2025-08-05,600276.SH,62.19,62.55,61.38,61.58,572479
2025-08-06,600276.SH,61.25,62.1,60.7,60.81,504764
2025-08-07,600276.SH,60.7,61.13,60,60.99,362971
2025-08-10,600276.SH,60.99,61.42,60.68,61.07,425752
2025-08-11,600276.SH,61.32,61.45,60.26,60.85,391835
2025-08-12,600276.SH,60.85,63.51,60.85,62.61,815296
2025-08-13,600276.SH,62.85,63.6,62.36,62.82,571266
2025-08-14,600276.SH,62.64,64.27,62.46,63.4,614933
2025-08-17,600276.SH,63.4,63.95,62.81,63.08,728858
2025-08-18,600276.SH,63.4,65.4,61.63,61.69,997700
2025-08-19,600276.SH,61.66,62.97,61.11,62.85,650424
2025-08-20,600276.SH,63.98,65.33,62.95,63.99,858629
2025-08-21,600276.SH,64.71,65.2,63.83,64.98,637719
2025-08-24,600276.SH,64.98,66.4,64.37,66.26,849234
2025-08-25,600276.SH,66.2,66.2,65,65.3,575129
2025-08-26,600276.SH,65.01,65.71,63.04,63.05,836169
2025-08-27,600276.SH,62.95,63.22,61.41,63.03,715902
2025-08-28,600276.SH,63.03,66.87,63.03,66.23,1023186
2025-08-31,600276.SH,66.4,68.88,65.92,68.35,872181
2025-09-01,600276.SH,69.8,70.77,67.8,68.87,1084490
2025-09-02,600276.SH,68.8,73.42,68.8,71.98,1129369
2025-09-03,600276.SH,71.27,71.58,67.5,68.65,1102894
2025-09-04,600276.SH,69,72.98,69,72.47,936479
2025-09-07,600276.SH,73,73.87,71.64,72.31,748209
2025-09-08,600276.SH,72.17,74.04,70.48,71.09,767670
2025-09-09,600276.SH,70.84,71.77,70.08,70.32,468204
2025-09-10,600276.SH,66.58,68.47,64,68.29,1942359
2025-09-11,600276.SH,68.28,69.51,67.86,69.01,831215
2025-09-14,600276.SH,68.85,69.69,68.26,69.1,611882
2025-09-15,600276.SH,69.1,69.34,68.34,69.15,434582
2025-09-16,600276.SH,69.3,70.8,69.3,70.13,586034
2025-09-17,600276.SH,70.56,73.12,69.9,71.09,865639
2025-09-18,600276.SH,71.1,71.24,69.49,69.65,524392
2025-09-21,600276.SH,70.49,72.7,70.4,71.05,576542
2025-09-22,600276.SH,71,71.19,68.5,69.7,561330
2025-09-23,600276.SH,69.7,70.38,69.3,70.11,395302
2025-09-24,600276.SH,72.4,73.08,71.55,72.27,739039
2025-09-25,600276.SH,70.8,71.37,69.23,70.08,699045
2025-09-28,600276.SH,69.79,69.79,67.76,69.2,647991
2025-09-29,600276.SH,69,71.58,68.8,71.55,579451
2025-10-08,600276.SH,71.56,71.66,69.11,71.15,592793
2025-10-09,600276.SH,70.38,70.88,67.85,68.2,706101
2025-10-12,600276.SH,66,68.03,65.7,66.98,532287
2025-10-13,600276.SH,67.61,67.66,63.7,64.27,702947
2025-10-14,600276.SH,64.2,66.42,63.68,66.4,511232
2025-10-15,600276.SH,66.43,68.5,65.72,66.84,460378
2025-10-16,600276.SH,66.85,67.4,65,65.1,349507
2025-10-19,600276.SH,65.99,66.51,64.83,65.13,326717
2025-10-20,600276.SH,65.5,66.58,65.14,66,369560
2025-10-21,600276.SH,66.25,66.79,65.01,65.26,398048
2025-10-22,600276.SH,65.01,65.43,64.02,65.14,342785
2025-10-23,600276.SH,65.26,66.36,65.01,65.5,372753
2025-10-26,600276.SH,66.55,67.85,66.51,67.01,508925
2025-10-27,600276.SH,65.22,65.46,63.5,63.62,1082090
2025-10-28,600276.SH,63.6,64.48,62.71,64.02,562175
2025-10-29,600276.SH,64.02,64.02,62.87,62.88,608740
2025-10-30,600276.SH,63.36,65.49,63.2,64.15,837064
2025-11-02,600276.SH,64.96,64.99,62.82,63.4,460306
2025-11-03,600276.SH,63.42,63.45,61.55,61.92,515610
2025-11-04,600276.SH,61.3,62.49,61.22,61.96,334381
2025-11-05,600276.SH,61.95,62.5,61.47,62.42,252524
2025-11-06,600276.SH,62,62.49,61.5,61.58,270654
2025-11-09,600276.SH,61.57,61.93,60.96,61.83,396248
2025-11-10,600276.SH,61.95,62.2,61,61.06,275160
2025-11-11,600276.SH,61.09,62.86,61.09,62.1,514268
2025-11-12,600276.SH,62.69,63.79,62.23,63.56,508318
2025-11-13,600276.SH,63.45,63.9,62.76,62.9,319504
2025-11-16,600276.SH,62.89,63.05,61.41,61.8,315385
2025-11-17,600276.SH,61.61,62.85,61.52,61.78,219101
2025-11-18,600276.SH,61.5,61.78,61.02,61.11,211162
2025-11-19,600276.SH,61.23,61.65,60.54,60.63,253480
2025-11-20,600276.SH,60.33,61.1,59.31,59.5,447335
2025-11-23,600276.SH,60.04,61.1,59.96,60.66,343973
2025-11-24,600276.SH,61.1,61.61,60.53,60.88,265045
2025-11-25,600276.SH,61.5,62.8,61.03,62.36,439862
2025-11-26,600276.SH,62.6,62.96,61.94,62.09,257308
2025-11-27,600276.SH,62.36,62.36,61.61,62.08,202776
2025-11-30,600276.SH,62.08,62.09,61.06,61.94,254831
2025-12-01,600276.SH,61.9,61.9,61,61.12,182306
2025-12-02,600276.SH,61.1,61.55,60.7,60.97,198530
2025-12-03,600276.SH,61.01,61.49,60.97,61.25,180408
2025-12-04,600276.SH,61.19,61.79,60.7,61.62,231176
2025-12-07,600276.SH,62.6,63.55,61.92,62.46,508618
2025-12-08,600276.SH,62.32,64.15,62.3,63.08,493593
2025-12-09,600276.SH,63.15,63.56,62.27,63.38,288960
2025-12-10,600276.SH,63.56,63.94,63.11,63.4,247061
2025-12-11,600276.SH,63.28,63.28,62.26,63.28,315629
2025-12-14,600276.SH,62.68,62.68,61.38,61.38,290072
2025-12-15,600276.SH,61.38,61.49,58.68,59.15,523785
2025-12-16,600276.SH,59.35,60.8,59.01,60.3,330418
2025-12-17,600276.SH,60.05,60.57,59.95,60,179309
2025-12-18,600276.SH,60.07,61.38,59.91,60.85,288358
2025-12-21,600276.SH,60.81,61.5,60.33,60.93,236709
2025-12-22,600276.SH,60.85,62.56,60.84,61.8,329191
2025-12-23,600276.SH,61.67,62,61.08,61.23,250502
2025-12-24,600276.SH,61.22,61.66,61.03,61.4,155182
2025-12-25,600276.SH,61.3,61.66,60.6,61.06,214308
2025-12-28,600276.SH,61.06,61.27,60.41,60.51,285752
2025-12-29,600276.SH,60.4,60.6,59.9,60.18,253305
2025-12-30,600276.SH,60.16,60.36,59.5,59.57,268279
2026-01-04,600276.SH,60.06,63.49,59.99,63.08,851170
2026-01-05,600276.SH,63.36,63.48,62.4,63.06,463525
2026-01-06,600276.SH,63.01,64.8,63,63.85,524652
2026-01-07,600276.SH,65,65.05,63.03,63.6,447749
2026-01-08,600276.SH,63.58,64.2,62.8,63.78,426358
2026-01-11,600276.SH,64.1,64.3,63.21,63.85,428770
2026-01-12,600276.SH,64.3,65.83,64.05,64.52,740340
2026-01-13,600276.SH,64.55,65.6,63.2,63.61,629255
2026-01-14,600276.SH,63.18,63.83,62.7,63.17,467612
2026-01-15,600276.SH,63.35,63.52,61.66,61.94,523786
2026-01-18,600276.SH,61.8,62.38,60.66,61.12,473891
2026-01-19,600276.SH,61.13,61.65,60.4,60.5,427755
2026-01-20,600276.SH,60.51,60.88,59.86,60.1,546035
2026-01-21,600276.SH,60.36,60.36,59.3,59.44,537068
2026-01-22,600276.SH,59.73,60.27,58.76,58.99,808043
2026-01-25,600276.SH,58.99,59.16,58.05,58.16,727329
2026-01-26,600276.SH,58.39,58.49,57.14,57.2,637255
2026-01-27,600276.SH,57.44,57.8,56.3,56.55,878750
2026-01-28,600276.SH,56.35,58.37,56.08,58.11,1137825
2026-01-29,600276.SH,58,59.79,57.76,58.16,852045
2026-02-01,600276.SH,57.76,58.33,56.31,56.49,609580
2026-02-02,600276.SH,57,57.69,56.5,57.47,498835
2026-02-03,600276.SH,57.3,57.7,56.23,57.6,489243
2026-02-04,600276.SH,57.5,58.47,57.3,58.16,517746
2026-02-05,600276.SH,57.74,58.15,57.24,57.31,360904
2026-02-08,600276.SH,57.75,57.89,57,57.45,366117
2026-02-09,600276.SH,57.46,59.04,57.05,58.4,648861
2026-02-10,600276.SH,58.4,59.95,58.35,58.9,573680
2026-02-11,600276.SH,58.6,59.49,58.5,58.74,348690
2026-02-12,600276.SH,58.76,59.05,58.13,58.23,343568
2026-02-23,600276.SH,58.31,58.48,57.72,58.01,338981
2026-02-24,600276.SH,57.98,58.2,57.58,57.86,421579
2026-02-25,600276.SH,57.86,58.1,56.6,56.72,508987
2026-02-26,600276.SH,56.62,57.27,56.3,56.56,363641
2026-03-01,600276.SH,55.58,56.08,54.2,54.54,742062
2026-03-02,600276.SH,54.7,55.33,53.45,53.61,601399
2026-03-03,600276.SH,53.22,53.9,52.67,52.98,471518
2026-03-04,600276.SH,53.41,54.84,53.1,53.72,484860
2026-03-05,600276.SH,53.6,55.67,53.4,55.56,629119
2026-03-08,600276.SH,54.78,55.18,54.05,54.94,426233
2026-03-09,600276.SH,55.3,56.75,55.3,56.55,473605
2026-03-10,600276.SH,56.45,56.55,55.6,55.83,321259
2026-03-11,600276.SH,55.8,56.04,55.23,55.3,266691
2026-03-12,600276.SH,55.3,55.63,54.95,55.11,244164
2026-03-15,600276.SH,55.21,56.05,54.52,55.59,307751
2026-03-16,600276.SH,55.69,57.44,55.38,56.3,504111
2026-03-17,600276.SH,56.26,57.08,56.02,56.88,393793
2026-03-18,600276.SH,56.17,57.03,55.91,56.02,343647
2026-03-19,600276.SH,56.19,56.76,55.05,55.14,347395
2026-03-22,600276.SH,54.18,54.35,52.41,52.78,487702
2026-03-23,600276.SH,53.27,53.74,52.81,53.64,348355
2026-03-24,600276.SH,54,54.86,53.84,54.1,411526
2026-03-25,600276.SH,53.28,54.1,51.54,51.63,649417
2026-03-26,600276.SH,51.3,55.48,51.11,55.18,991196
2026-03-29,600276.SH,54.73,56.1,54.61,55.76,697271
2026-03-30,600276.SH,55.86,57.38,55.2,55.22,692924
2026-03-31,600276.SH,56.03,57.78,55.6,57.73,1005517
2026-04-01,600276.SH,57.74,58.35,57.01,57.37,765170
2026-04-02,600276.SH,56.98,56.99,56.1,56.38,454916
2026-04-06,600276.SH,56.51,56.85,55,56.12,401467
2026-04-07,600276.SH,57.01,57.64,55.91,57.45,734463
2026-04-08,600276.SH,56.92,57.97,56.71,56.96,480755
2026-04-09,600276.SH,57.5,58.14,56.8,57.06,587795
2026-04-12,600276.SH,56.6,56.64,55.01,55.2,796044
2026-04-13,600276.SH,55.35,56.31,54.8,56.18,574457
2026-04-14,600276.SH,57.94,58.45,57.04,57.73,1029480
2026-04-15,600276.SH,57.98,58,57.02,57.47,576718
2026-04-16,600276.SH,57.2,57.2,56.01,56.33,632524
2026-04-19,600276.SH,56.33,56.68,55.83,56.34,433049
2026-04-20,600276.SH,56.35,56.76,55.55,55.75,432751
2026-04-21,600276.SH,55.6,55.94,54.94,55.44,523563
2026-04-22,600276.SH,56.03,57.96,56.03,56.4,963938
2026-04-23,600276.SH,56.5,56.75,55.32,56.05,557798
2026-04-26,600276.SH,56.06,56.07,55.2,55.38,455530
2026-04-27,600276.SH,55.38,57.35,54.8,54.84,903120
2026-04-28,600276.SH,54.83,55.08,54.2,54.99,591509
2026-04-29,600276.SH,55.04,55.04,53.81,53.88,712485
2026-05-05,600276.SH,53.98,54.11,53.4,53.63,665748
2026-05-06,600276.SH,53.88,54.43,53.4,53.68,623452
2026-05-07,600276.SH,53.88,53.92,52.68,52.8,802415
2026-05-10,600276.SH,52.8,53.79,52.12,53.52,1023063
2026-05-11,600276.SH,53.53,58.87,52.75,56.11,2465400
2026-05-12,600276.SH,56.11,57.26,55.66,55.86,1327791
2026-05-13,600276.SH,55.8,56.74,54.28,54.32,917227
2026-05-14,600276.SH,54.08,55.66,53.75,53.99,765989
2026-05-17,600276.SH,53.78,53.8,52.19,52.43,786609
2026-05-18,600276.SH,52.3,52.91,51.33,51.59,699095
2026-05-19,600276.SH,51.51,51.96,50.38,50.95,827046
2026-05-20,600276.SH,51.03,52.79,50.88,51.45,994025
2026-05-21,600276.SH,51.55,51.58,50.4,50.47,677620
2026-05-24,600276.SH,50.01,50.02,49.02,49.43,838355
2026-05-25,600276.SH,49.08,50.17,48.8,49.2,713746
2026-05-26,600276.SH,48.88,51.3,48.45,50.37,961153
2026-05-27,600276.SH,50.06,50.58,47.85,48,978697
2026-05-28,600276.SH,48.02,50.52,47.62,50.19,1300405
2026-05-31,600276.SH,50.32,51.2,49,49.17,946653
2026-06-01,600276.SH,48.82,49.1,47.9,48.4,611443
2026-06-02,600276.SH,48.1,48.18,47.2,47.2,815364
2026-06-03,600276.SH,47,47.88,46.51,46.63,639249
2026-06-04,600276.SH,47.48,48.72,47,47.08,930264
2026-06-07,600276.SH,46.6,47.72,45.55,45.94,684211
2026-06-08,600276.SH,46.34,46.6,45.26,46.38,621286
2026-06-09,600276.SH,46.1,47.38,45.91,47.01,621576
2026-06-10,600276.SH,46.7,47.2,46.22,46.98,473374
2026-06-11,600276.SH,47.2,48.95,46.56,48.49,1002990
2026-06-14,600276.SH,48.44,48.8,47.62,47.88,669408
2026-06-15,600276.SH,47.6,48.09,47.14,47.35,502935
2026-06-16,600276.SH,47.37,47.66,46.78,46.99,518239
2026-06-17,600276.SH,46.99,49.5,46.61,48.42,1185928
2026-06-21,600276.SH,48.2,49.41,47.3,49.36,946321
2026-06-22,600276.SH,49.18,50.92,48.8,48.98,1075827
2026-06-23,600276.SH,48.98,51.36,48.93,50.25,1358812
2026-06-24,600276.SH,49.86,50.8,48.66,50.04,1051386
2026-06-25,600276.SH,50.46,50.73,48.62,48.67,749617
2026-06-28,600276.SH,49.01,53.31,48.43,52.93,1727562
2026-06-29,600276.SH,52.97,53.45,51.7,52.04,1146413
2026-06-30,600276.SH,51.61,54.08,50.22,53.78,1569308
2026-07-01,600276.SH,53.8,55.45,53.09,53.49,1320238
2026-07-02,600276.SH,54.55,55.15,53.28,54.45,1098671
2026-07-05,600276.SH,54.4,57.77,53.77,56.77,1796982
2026-07-06,600276.SH,56.4,56.5,54.88,55.36,1077221
2026-07-07,600276.SH,55.57,56.76,53.99,54.01,957827
2026-07-08,600276.SH,53.2,55.77,52.85,55.61,1108322
2026-07-09,600276.SH,54.6,57.48,54.55,55.75,1336189
2026-07-12,600276.SH,55.11,56.22,54.78,55.75,930293
2026-07-13,600276.SH,55.75,55.98,54.27,54.82,966292
2026-07-14,600276.SH,54.26,58,54.26,57.5,1941697
2026-07-15,600276.SH,56.81,57.4,55.51,55.99,1220084
2026-07-16,600276.SH,56,56.17,53.02,53.19,1161817
2026-07-19,600276.SH,52.97,55.78,52.9,55.57,1133069
2026-07-20,600276.SH,55.99,55.99,53.76,54.93,964390
2026-07-21,600276.SH,54.35,56.49,54.27,55.39,859798
2026-07-22,600276.SH,55.39,55.75,53.9,54.91,799989
2026-07-23,600276.SH,55,55.08,53,53.45,704837
2026-07-26,600276.SH,53.9,54.56,52.88,53.6,552452
2026-07-27,600276.SH,53.45,53.88,52.53,53.29,479795
2026-07-28,600276.SH,54,54.44,52.72,53.89,684657
2026-07-29,600276.SH,54.05,54.69,53.3,54.65,735879
2026-07-30,600276.SH,53.7,54.45,53.5,54.08,578082
2026-08-02,600276.SH,53.87,54.32,52.86,53,616099
2026-08-03,600276.SH,53.28,54.35,53.05,53.42,730069
2026-08-04,600276.SH,53.43,53.79,52.88,53.54,670925
2026-08-05,600276.SH,53.65,53.81,52,52.11,898631
2026-08-06,600276.SH,52,54.62,51.82,54.62,1419315
2026-08-09,600276.SH,55,55.88,53.63,54.18,1183657
2026-08-10,600276.SH,53.79,55.8,53.76,54.97,1207617
2026-08-11,600276.SH,54.63,55.36,54.1,54.36,748812
2026-08-12,600276.SH,54.05,55.28,53.67,53.76,975900
2026-08-13,600276.SH,53.68,53.75,52.2,52.62,873251
2026-08-16,600276.SH,52.49,53.63,51.85,52.87,668530
2026-08-17,600276.SH,52.72,53.03,52.07,52.37,598404
2026-08-18,600276.SH,52.67,52.68,52.02,52.66,637992
2026-08-19,600276.SH,51,51.53,48.16,49.5,2387416
2026-08-20,600276.SH,48.51,48.8,47.55,47.74,1274153
2026-08-23,600276.SH,47.54,48.08,46.47,46.76,860023
2026-08-24,600276.SH,46.53,46.88,46.22,46.49,770143
2026-08-25,600276.SH,46.49,47.48,46.49,46.74,782954
2026-08-26,600276.SH,46.78,47.62,46.5,47.61,778495
2026-08-27,600276.SH,47.58,47.67,47.1,47.32,532397
2026-08-30,600276.SH,47.17,47.17,45.88,46.07,892759
2026-08-31,600276.SH,46.05,46.4,45.9,46.23,464740
2026-09-01,600276.SH,46.23,46.32,45.49,45.57,548288
2026-09-02,600276.SH,45.6,46.09,45.36,45.96,502917
2026-09-03,600276.SH,45.97,46.41,45.9,46.02,489803
2026-09-06,600276.SH,46.02,46.33,45.71,46.26,394197
2026-09-07,600276.SH,46.2,46.2,45.56,45.71,589143
2026-09-08,600276.SH,45.6,45.6,44.64,44.71,716944
2026-09-09,600276.SH,44.45,44.46,42.82,42.93,1037814
2026-09-10,600276.SH,42.65,42.76,41.89,42.67,802551
2026-09-13,600276.SH,42.35,43.19,42.01,43.15,526232
2026-09-14,600276.SH,43.16,43.49,42.99,43.13,375735
2026-09-15,600276.SH,43.08,43.6,42.95,43.52,416195
2026-09-16,600276.SH,43.33,43.68,43.1,43.23,352524
2026-09-17,600276.SH,43.52,44.15,43.5,43.91,569343
2026-09-20,600276.SH,44.5,46.08,44.5,46.04,1140743
2026-09-21,600276.SH,46.04,46.14,45.45,45.72,722754
2026-09-22,600276.SH,45.59,46.09,45.41,45.58,434384
2026-09-23,600276.SH,45.38,45.77,44.6,44.86,423584
2026-09-27,600276.SH,44.86,45.22,44.35,44.47,370711
2026-09-28,600276.SH,44.34,46.13,44.29,45.62,799832
2026-09-29,600276.SH,45.6,47.39,45.25,47.2,1121640
2022-08-16,002475.SZ,36.86,39.1,36.04,38.42,1038908
2022-08-17,002475.SZ,38.1,38.9,37.74,38.23,632259
2022-08-18,002475.SZ,38.22,38.8,37.33,37.4,486645
2022-08-21,002475.SZ,37.2,39.95,36.95,38.38,945840
2022-08-22,002475.SZ,38.38,38.87,37.8,38.37,583536
2022-08-23,002475.SZ,38.09,38.29,36.49,36.65,651393
2022-08-24,002475.SZ,37.06,38,36.59,37.7,615124
2022-08-25,002475.SZ,39.88,40.2,38.48,38.7,1473256
2022-08-28,002475.SZ,38.05,39.61,37.82,38.63,641453
2022-08-29,002475.SZ,38.65,38.66,37,37.83,546988
2022-08-30,002475.SZ,37.5,38.08,36.9,37.52,531052
2022-08-31,002475.SZ,37.4,37.86,35.9,35.9,572005
2022-09-01,002475.SZ,36.19,38.55,35.94,37.9,659449
2022-09-04,002475.SZ,37.78,38.28,36.77,37.95,428988
2022-09-05,002475.SZ,37.83,37.99,36.51,36.85,665667
2022-09-06,002475.SZ,36.76,36.97,36.1,36.34,751996
2022-09-07,002475.SZ,36.6,37.09,35.76,36.28,550720
2022-09-08,002475.SZ,36.18,36.5,35.29,36.24,444468
2022-09-12,002475.SZ,37.1,38.2,36.71,36.77,754753
2022-09-13,002475.SZ,35.95,36.18,35.4,35.46,522276
2022-09-14,002475.SZ,35.5,35.65,34.28,34.91,458015
2022-09-15,002475.SZ,34.5,35.12,34.01,34.18,430673
2022-09-18,002475.SZ,33.8,33.99,32.68,33.82,696581
2022-09-19,002475.SZ,34.2,34.42,32.5,33.5,551697
2022-09-20,002475.SZ,33.17,33.62,32.5,32.8,601709
2022-09-21,002475.SZ,32.43,32.79,32.03,32.17,530831
2022-09-22,002475.SZ,32.24,32.66,31.53,31.89,458586
2022-09-25,002475.SZ,31.55,32.38,31.5,31.68,396170
2022-09-26,002475.SZ,31.68,31.92,31.09,31.9,500850
2022-09-27,002475.SZ,31.5,31.64,30.52,30.56,588677
2022-09-28,002475.SZ,31.1,31.13,30.05,30.32,491531
2022-09-29,002475.SZ,29.9,30.22,29.12,29.4,657095
2022-10-09,002475.SZ,29.4,29.5,27.95,28,616025
2022-10-10,002475.SZ,28,28.2,27.4,27.75,492267
2022-10-11,002475.SZ,27.8,28.64,27.5,28.62,575227
2022-10-12,002475.SZ,28.37,29.08,28.24,28.53,614416
2022-10-13,002475.SZ,28.9,29.84,28.63,29.59,684468
2022-10-16,002475.SZ,29.12,30.62,29.06,30.5,504533
2022-10-17,002475.SZ,30.8,31.13,29.73,29.77,477149
2022-10-18,002475.SZ,29.47,29.81,29,29.19,424175
2022-10-19,002475.SZ,29.16,29.67,28.48,29.1,526013
2022-10-20,002475.SZ,29.1,29.17,28.25,28.39,501614
2022-10-23,002475.SZ,28.39,28.95,27.21,27.6,670214
2022-10-24,002475.SZ,28,28.15,27.41,27.58,488427
2022-10-25,002475.SZ,27.7,28.45,27.32,28,489117
2022-10-26,002475.SZ,28.02,28.5,27.75,27.91,446974
2022-10-27,002475.SZ,27.41,27.79,26.49,26.63,637543
2022-10-30,002475.SZ,28.16,29.28,27.75,28.5,1298804
2022-10-31,002475.SZ,28.55,29.56,28.09,29.48,963118
2022-11-01,002475.SZ,30.48,31.1,30.2,30.5,1036972
2022-11-02,002475.SZ,29.94,30.95,29.8,30.5,698163
2022-11-03,002475.SZ,30.6,32.25,30.5,31.78,749412
2022-11-06,002475.SZ,33.01,33.12,31.9,32.39,686452
2022-11-07,002475.SZ,32.22,32.77,31.6,32.01,590108
2022-11-08,002475.SZ,33.49,33.49,31.8,32.08,1101968
2022-11-09,002475.SZ,31.5,31.5,29.57,30.43,1336793
2022-11-10,002475.SZ,31.5,31.79,31.12,31.43,867437
2022-11-13,002475.SZ,31.71,32.4,31.57,31.74,628989
2022-11-14,002475.SZ,31.6,34.45,31.5,34.17,1139336
2022-11-15,002475.SZ,34,34.06,33.18,33.58,603505
2022-11-16,002475.SZ,33.5,33.5,32.32,33.25,489461
2022-11-17,002475.SZ,33.39,33.39,32.5,32.62,590866
2022-11-20,002475.SZ,32.22,32.78,31.85,32.67,388125
2022-11-21,002475.SZ,32.54,33.05,32.21,32.57,318961
2022-11-22,002475.SZ,32.32,32.64,31.72,32.13,332195
2022-11-23,002475.SZ,32.45,32.8,31.52,31.67,360965
2022-11-24,002475.SZ,31.67,32.35,31.39,31.39,451779
2022-11-27,002475.SZ,30.2,31.08,30,30.73,428322
2022-11-28,002475.SZ,30.97,31.42,30.7,31.35,440905
2022-11-29,002475.SZ,31.02,31.34,30.52,30.91,559430
2022-11-30,002475.SZ,31.5,32.09,30.88,31.05,658692
2022-12-01,002475.SZ,31.05,31.2,30.61,30.65,420408
2022-12-04,002475.SZ,30.37,30.79,29.8,30.16,997154
2022-12-05,002475.SZ,30.14,32.14,29.96,31.62,1102644
2022-12-06,002475.SZ,31.63,32.5,31.5,32.05,615270
2022-12-07,002475.SZ,32.05,32.25,31.51,31.64,369243
2022-12-08,002475.SZ,31.67,32,31.31,31.95,369961
2022-12-11,002475.SZ,31.67,33.06,31.41,32.8,688199
2022-12-12,002475.SZ,32.6,32.72,31.7,31.76,394366
2022-12-13,002475.SZ,31.95,32.15,31.5,31.53,318028
2022-12-14,002475.SZ,31.54,32.6,31.48,31.77,320514
2022-12-15,002475.SZ,31.52,31.76,30.93,31.71,333921
2022-12-18,002475.SZ,31.49,31.98,30.85,30.92,286062
2022-12-19,002475.SZ,30.88,31.25,30.29,30.41,446414
2022-12-20,002475.SZ,30.52,31.11,30.4,30.52,273906
2022-12-21,002475.SZ,30.82,32.1,30.41,31.62,638174
2022-12-22,002475.SZ,31.4,31.83,31.12,31.46,238791
2022-12-25,002475.SZ,31.46,32.79,31.41,31.89,369590
2022-12-26,002475.SZ,32.21,32.5,31.62,32.3,308028
2022-12-27,002475.SZ,32.06,32.55,31.84,31.86,319946
2022-12-28,002475.SZ,31.7,32.5,31.61,32.07,340996
2022-12-29,002475.SZ,32.32,32.43,31.72,31.75,291321
2023-01-02,002475.SZ,31.63,32.12,30.96,31.52,425836
2023-01-03,002475.SZ,31.2,31.22,28.37,28.37,1820306
2023-01-04,002475.SZ,29.06,29.42,28.37,29.4,1475814
2023-01-05,002475.SZ,28.75,29.19,28.37,28.85,911004
2023-01-08,002475.SZ,28.83,29.28,28.83,29.09,574215
2023-01-09,002475.SZ,29.15,29.91,28.71,29.65,611756
2023-01-10,002475.SZ,29.66,30.1,29.36,29.36,397905
2023-01-11,002475.SZ,29.49,29.71,29.13,29.46,293879
2023-01-12,002475.SZ,29.43,29.58,28.94,29.24,361666
2023-01-15,002475.SZ,29.06,30.18,29.03,29.78,705386
2023-01-16,002475.SZ,29.79,31.3,29.67,31.04,750353
2023-01-17,002475.SZ,30.99,31.16,30.72,30.8,337018
2023-01-18,002475.SZ,30.8,31.09,30.52,31,280394
2023-01-19,002475.SZ,31.07,31.43,30.9,31.09,305868
2023-01-29,002475.SZ,32.03,33.29,31.9,32.64,966296
2023-01-30,002475.SZ,32.66,32.98,32.21,32.48,357127
2023-01-31,002475.SZ,32.49,33.21,32.26,33.11,489896
2023-02-01,002475.SZ,33.13,33.48,32.61,32.63,395146
2023-02-02,002475.SZ,32.51,33.07,31.89,32.78,483323
2023-02-05,002475.SZ,32.28,32.56,31.65,31.92,569379
2023-02-06,002475.SZ,32.09,32.23,31.6,31.74,352354
2023-02-07,002475.SZ,31.81,32.15,31.45,31.61,336209
2023-02-08,002475.SZ,31.48,32.48,31.43,32.44,443298
2023-02-09,002475.SZ,32.3,32.55,31.98,32.13,300568
2023-02-12,002475.SZ,31.77,33.02,31.73,32.96,550977
2023-02-13,002475.SZ,32.96,33.1,32.69,32.98,326355
2023-02-14,002475.SZ,33.03,33.6,32.88,33.23,352092
2023-02-15,002475.SZ,33.21,34,32.77,33.03,568233
2023-02-16,002475.SZ,33.03,33.38,31.68,31.75,462611
2023-02-19,002475.SZ,31.6,31.75,30.33,31.3,722956
2023-02-20,002475.SZ,31.27,31.8,31.14,31.46,345133
2023-02-21,002475.SZ,31.11,31.2,30.36,30.76,502283
2023-02-22,002475.SZ,30.78,32.3,30.68,31.71,724184
2023-02-23,002475.SZ,31.78,31.78,30.85,31,436739
2023-02-26,002475.SZ,30.99,31.16,29.8,30,786452
2023-02-27,002475.SZ,29.98,30.5,29.75,29.94,459716
2023-02-28,002475.SZ,30.02,30.93,29.95,30.9,610366
2023-03-01,002475.SZ,30.8,30.95,30.46,30.51,318177
2023-03-02,002475.SZ,30.65,30.78,30,30.25,386984
2023-03-05,002475.SZ,30.25,30.32,29.8,30.01,350003
2023-03-06,002475.SZ,29.92,29.97,29.2,29.33,408459
2023-03-07,002475.SZ,29.11,29.25,28.95,29.13,347282
2023-03-08,002475.SZ,29.2,29.42,28.93,29.28,303626
2023-03-09,002475.SZ,29,29.2,28.75,28.8,346353
2023-03-12,002475.SZ,28.68,28.93,28.43,28.8,341557
2023-03-13,002475.SZ,28.8,28.84,27.8,28.33,564230
2023-03-14,002475.SZ,28.5,29.28,28.43,28.74,460083
2023-03-15,002475.SZ,28.45,28.65,27.68,27.72,529271
2023-03-16,002475.SZ,28.01,28.32,27.5,27.59,447194
2023-03-19,002475.SZ,27.6,28.29,27.2,27.9,659259
2023-03-20,002475.SZ,28,28.24,27.71,28.24,364743
2023-03-21,002475.SZ,28.25,28.96,28.11,28.86,497796
2023-03-22,002475.SZ,28.8,29.85,28.65,29.33,770091
2023-03-23,002475.SZ,29.88,31.51,29.83,31.3,1789399
2023-03-26,002475.SZ,31.3,31.9,30.5,31,1025544
2023-03-27,002475.SZ,30.89,30.98,29.63,29.77,818462
2023-03-28,002475.SZ,30.16,30.65,30,30.2,521265
2023-03-29,002475.SZ,30.74,30.99,29.85,30.45,482366
2023-03-30,002475.SZ,30,30.54,29.8,30.31,414670
2023-04-02,002475.SZ,30.31,30.72,30.19,30.58,516530
2023-04-03,002475.SZ,30.6,31.07,30.45,30.77,669319
2023-04-05,002475.SZ,30.4,31.95,30.27,31.3,836330
2023-04-06,002475.SZ,31.13,31.65,30.9,31.1,468841
2023-04-09,002475.SZ,31.1,31.96,30.51,30.73,620843
2023-04-10,002475.SZ,30.21,30.85,30.08,30.46,438224
2023-04-11,002475.SZ,31.06,32.1,31.06,32.02,1206194
2023-04-12,002475.SZ,31.76,31.97,30.43,30.53,754106
2023-04-13,002475.SZ,30.61,30.75,30.17,30.57,417883
2023-04-16,002475.SZ,30.4,30.4,29.48,29.69,728515
2023-04-17,002475.SZ,29.3,29.75,29.09,29.53,412440
2023-04-18,002475.SZ,29.5,29.57,28.72,28.87,550958
2023-04-19,002475.SZ,28.92,29.19,28.39,28.62,505491
2023-04-20,002475.SZ,28.89,29.25,27.62,27.72,757593
2023-04-23,002475.SZ,27.72,27.84,26.83,27,822201
2023-04-24,002475.SZ,26.9,27.05,25.76,26.02,820436
2023-04-25,002475.SZ,26.05,27.28,26.03,26.64,726717
2023-04-26,002475.SZ,26.37,26.38,25,25.15,1401279
2023-04-27,002475.SZ,26.2,26.74,25.78,26.1,1072721
2023-05-03,002475.SZ,26.05,26.07,25.49,25.62,589504
2023-05-04,002475.SZ,25.62,25.91,25.38,25.84,534810
2023-05-07,002475.SZ,26,26.04,25.46,25.6,506523
2023-05-08,002475.SZ,25.61,26.88,25.27,26.39,970378
2023-05-09,002475.SZ,26.15,26.65,25.9,26.6,652148
2023-05-10,002475.SZ,26.6,26.97,26.38,26.53,488514
2023-05-11,002475.SZ,26.39,26.53,26.15,26.38,380448
2023-05-14,002475.SZ,26.42,26.85,26.15,26.8,539800
2023-05-15,002475.SZ,27.38,27.5,26.66,26.86,641277
2023-05-16,002475.SZ,26.99,27.8,26.88,27.67,839291
2023-05-17,002475.SZ,27.66,28.14,27.41,27.5,681207
2023-05-18,002475.SZ,28.3,28.53,27.78,28.12,967382
2023-05-21,002475.SZ,28.1,28.43,27.64,27.85,503078
2023-05-22,002475.SZ,27.78,28.12,27.53,27.66,370066
2023-05-23,002475.SZ,27.44,28.18,27.32,27.84,442263
2023-05-24,002475.SZ,27.74,27.96,27.4,27.68,334230
2023-05-25,002475.SZ,27.63,27.67,27.07,27.45,345479
2023-05-28,002475.SZ,27.6,27.79,27.2,27.35,325512
2023-05-29,002475.SZ,27.26,27.66,26.85,27.65,469580
2023-05-30,002475.SZ,27.59,27.84,27.15,27.3,475608
2023-05-31,002475.SZ,27.31,28.88,27.27,28.5,1201978
2023-06-01,002475.SZ,28.99,29.22,28.38,28.79,949423
2023-06-04,002475.SZ,28.78,28.8,28.21,28.35,560345
2023-06-05,002475.SZ,27.71,27.79,26.15,26.27,1403288
2023-06-06,002475.SZ,26.35,27.75,26.35,27.16,1086759
2023-06-07,002475.SZ,27.18,27.57,26.78,27.41,577658
2023-06-08,002475.SZ,27.29,27.48,26.54,27.18,593895
2023-06-11,002475.SZ,27.25,27.88,27.18,27.49,670198
2023-06-12,002475.SZ,27.47,28.88,27.46,28.76,937382
2023-06-13,002475.SZ,28.92,29.49,28.47,28.64,698169
2023-06-14,002475.SZ,28.65,28.76,28.03,28.4,480264
2023-06-15,002475.SZ,28.42,29.74,28.31,29.64,1186493
2023-06-18,002475.SZ,29.56,30.1,29.38,29.89,780326
2023-06-19,002475.SZ,30.68,32.08,30.61,31.58,2269568
2023-06-20,002475.SZ,31.8,31.93,30.4,30.4,963942
2023-06-25,002475.SZ,30,31.2,29.67,30.35,844996
2023-06-26,002475.SZ,30.28,31.72,29.72,31.46,1098381
2023-06-27,002475.SZ,31.39,31.39,30,30.48,879052
2023-06-28,002475.SZ,30.21,32.9,30.21,32.41,1441239
2023-06-29,002475.SZ,32.83,33.93,32.3,32.45,1203428
2023-07-02,002475.SZ,32.95,34.53,32.95,33.68,2016506
2023-07-03,002475.SZ,33.12,34.37,32.89,34.01,970045
2023-07-04,002475.SZ,34,34.2,33.39,33.69,627263
2023-07-05,002475.SZ,33.38,33.74,32.71,33.25,868299
2023-07-06,002475.SZ,33.25,33.59,32.69,33.31,445792
2023-07-09,002475.SZ,33.21,33.5,32.48,32.65,581552
2023-07-10,002475.SZ,32.81,33.47,32.7,33.24,483946
2023-07-11,002475.SZ,33.13,33.54,32.63,32.75,418709
2023-07-12,002475.SZ,32.95,34.69,32.91,34.42,893639
2023-07-13,002475.SZ,34.35,34.83,34,34.17,530700
2023-07-16,002475.SZ,34.19,35.2,34,34.06,715498
2023-07-17,002475.SZ,34.4,35.32,33.93,34.34,719886
2023-07-18,002475.SZ,33.9,34.4,33.23,33.56,632829
2023-07-19,002475.SZ,33.75,33.94,32.24,32.37,745446
2023-07-20,002475.SZ,32.36,32.5,31.7,32.01,571251
2023-07-23,002475.SZ,31.85,32.64,31.57,32.03,357110
2023-07-24,002475.SZ,32.65,32.9,31.92,32.06,547524
2023-07-25,002475.SZ,31.8,32.28,31.4,32.07,419852
2023-07-26,002475.SZ,32.05,32.22,31.21,31.36,587807
2023-07-27,002475.SZ,31.32,32.04,31.15,31.82,509157
2023-07-30,002475.SZ,31.65,32.8,31.65,32.32,687805
2023-07-31,002475.SZ,32.35,33.75,31.94,33.25,867631
2023-08-01,002475.SZ,33.03,33.77,32.92,33.35,415192
2023-08-02,002475.SZ,33.05,34.89,33.05,33.83,740960
2023-08-03,002475.SZ,33.81,34.48,33.58,33.74,383774
2023-08-06,002475.SZ,33.37,34.38,32.93,34.13,498211
2023-08-07,002475.SZ,34.07,35.58,34.06,34.82,757845
2023-08-08,002475.SZ,34.6,34.72,33.8,34.18,374495
2023-08-09,002475.SZ,34.03,34.37,33.73,33.99,345246
2023-08-10,002475.SZ,34.25,34.3,33,33.1,493598
2023-08-13,002475.SZ,32.67,33,31.9,32.55,701656
2023-08-14,002475.SZ,33,33.35,32.1,32.5,422185
2023-08-15,002475.SZ,32.32,32.48,31.71,31.84,433187
2023-08-16,002475.SZ,31.69,31.97,31.25,31.86,433662
2023-08-17,002475.SZ,31.84,31.88,31,31.01,436751
2023-08-20,002475.SZ,31.02,31.15,30.31,30.33,415482
2023-08-21,002475.SZ,30.6,32.1,30.22,31.71,581937
2023-08-22,002475.SZ,31.55,31.7,31,31.14,397445
2023-08-23,002475.SZ,31.46,32.06,31.21,31.45,526265
2023-08-24,002475.SZ,31.11,31.45,30.63,31,319078
2023-08-27,002475.SZ,33.59,33.59,31.78,32.06,628660
2023-08-28,002475.SZ,31.83,32.98,31.66,32.39,767478
2023-08-29,002475.SZ,32.7,33.6,32.7,32.9,612803
2023-08-30,002475.SZ,32.9,33.1,32.5,33,396283
2023-08-31,002475.SZ,33.13,33.24,32.5,32.7,252200
2023-09-03,002475.SZ,32.88,33.32,32.7,33.13,388970
2023-09-04,002475.SZ,33.04,33.1,31.12,31.32,915975
2023-09-05,002475.SZ,31.27,31.38,30.71,31.24,397711
2023-09-06,002475.SZ,30.7,30.7,28.8,29.94,1259718
2023-09-07,002475.SZ,29.5,29.8,28.89,29.35,651885
2023-09-10,002475.SZ,29.17,30.1,28.5,29.85,771184
2023-09-11,002475.SZ,29.78,30.35,29.57,30.25,503205
2023-09-12,002475.SZ,29.6,29.91,28.86,29,689962
2023-09-13,002475.SZ,29.29,29.36,28.68,28.69,494211
2023-09-14,002475.SZ,28.7,28.95,28.22,28.5,526787
2023-09-17,002475.SZ,28.31,29.81,28.25,29.25,620478
2023-09-18,002475.SZ,29.25,29.55,29.02,29.25,319312
2023-09-19,002475.SZ,29.24,29.51,29.1,29.21,239728
2023-09-20,002475.SZ,29.01,29.29,28.81,28.9,266298
2023-09-21,002475.SZ,29.03,30.2,28.66,30.15,619655
2023-09-24,002475.SZ,30.15,30.5,29.85,29.92,309745
2023-09-25,002475.SZ,29.93,30.18,29.6,29.69,282697
2023-09-26,002475.SZ,29.51,30.15,29.5,29.93,300319
2023-09-27,002475.SZ,30.14,30.25,29.64,29.82,291611
2023-10-08,002475.SZ,29.78,31.58,29.3,31.21,650723
2023-10-09,002475.SZ,31.21,31.5,30.88,30.96,382172
2023-10-10,002475.SZ,31,31.9,31,31.82,556298
2023-10-11,002475.SZ,32.2,32.3,31.85,32.1,361501
2023-10-12,002475.SZ,32.1,32.68,31.66,31.95,387539
2023-10-15,002475.SZ,31.97,32.03,31.19,31.82,381568
2023-10-16,002475.SZ,31.79,31.93,31.4,31.65,368706
2023-10-17,002475.SZ,31.92,32,31.1,31.7,284799
2023-10-18,002475.SZ,31.44,31.81,30.93,31.01,423082
2023-10-19,002475.SZ,30.79,31.35,30.54,30.71,262339
2023-10-22,002475.SZ,31.9,32.22,30.2,31.62,722288
2023-10-23,002475.SZ,32.16,32.22,30.49,31.34,649795
2023-10-24,002475.SZ,31.6,31.89,31.09,31.16,466013
2023-10-25,002475.SZ,31.16,31.3,30.52,31.22,396293
2023-10-26,002475.SZ,31.1,32.22,30.8,32,550193
2023-10-29,002475.SZ,32,34.43,31.92,33.78,1060007
2023-10-30,002475.SZ,33.78,33.92,32.58,32.77,659282
2023-10-31,002475.SZ,32.76,32.88,32.05,32.24,468035
2023-11-01,002475.SZ,32.37,32.43,31.5,31.52,469896
2023-11-02,002475.SZ,31.48,32.46,31.16,32,608302
2023-11-05,002475.SZ,32.5,33.9,32.48,33.3,930732
2023-11-06,002475.SZ,33.18,33.52,32.55,32.85,745149
2023-11-07,002475.SZ,32.77,32.88,32.31,32.6,621176
2023-11-08,002475.SZ,32.48,32.59,31.78,31.92,615435
2023-11-09,002475.SZ,31.99,32.5,31.71,32.41,522544
2023-11-12,002475.SZ,32.52,32.8,31.91,32.02,433838
2023-11-13,002475.SZ,32.1,32.18,31.65,31.89,441069
2023-11-14,002475.SZ,32.29,32.67,32,32.67,619306
2023-11-15,002475.SZ,32.48,32.73,32.24,32.31,462622
2023-11-16,002475.SZ,32.24,32.5,31.61,31.9,497332
2023-11-19,002475.SZ,31.89,31.9,31,31.15,759780
2023-11-20,002475.SZ,31.18,31.3,30.63,30.71,602260
2023-11-21,002475.SZ,30.72,30.77,30.03,30.18,587979
2023-11-22,002475.SZ,30.1,31.01,29.82,30.89,623931
2023-11-23,002475.SZ,30.73,31.23,30.33,31.06,489933
2023-11-26,002475.SZ,31.47,31.9,31.14,31.69,698712
2023-11-27,002475.SZ,31.68,31.95,31.4,31.74,418550
2023-11-28,002475.SZ,31.85,31.98,31.6,31.8,326690
2023-11-29,002475.SZ,31.65,31.93,31.3,31.83,331525
2023-11-30,002475.SZ,31.66,31.82,31.13,31.36,376406
2023-12-03,002475.SZ,31.44,31.45,30.56,30.99,347656
2023-12-04,002475.SZ,30.75,30.99,30.37,30.4,350328
2023-12-05,002475.SZ,30.3,30.55,29.91,30.29,466012
2023-12-06,002475.SZ,30.1,30.23,29.7,29.91,410809
2023-12-07,002475.SZ,29.91,31.21,29.91,30.89,558848
2023-12-10,002475.SZ,30.63,31.53,30.51,31.43,424961
2023-12-11,002475.SZ,31.31,32.15,31.22,32,547642
2023-12-12,002475.SZ,31.9,32.31,31.76,31.78,358850
2023-12-13,002475.SZ,32,32.13,31.41,31.49,326317
2023-12-14,002475.SZ,31.68,32.55,31.62,31.73,498781
2023-12-17,002475.SZ,31.73,32.22,31.59,31.95,438980
2023-12-18,002475.SZ,32,32.76,31.18,32.5,506914
2023-12-19,002475.SZ,32.5,33.05,32.33,32.67,549919
2023-12-20,002475.SZ,32.5,32.82,32.14,32.58,434355
2023-12-21,002475.SZ,32.5,32.94,32.19,32.35,331809
2023-12-24,002475.SZ,32.25,32.85,32.19,32.79,273648
2023-12-25,002475.SZ,32.72,32.72,31.86,32.25,269431
2023-12-26,002475.SZ,32.2,32.74,32.1,32.61,316410
2023-12-27,002475.SZ,32.75,33.66,32.64,33.2,494463
2023-12-28,002475.SZ,33.2,34.85,33.14,34.45,802966
2024-01-01,002475.SZ,34.44,34.96,33.95,33.98,471353
2024-01-02,002475.SZ,33.69,33.93,32.41,32.67,770369
2024-01-03,002475.SZ,32.6,32.8,32.17,32.5,377648
2024-01-04,002475.SZ,32.8,33.33,32.2,32.5,386303
2024-01-07,002475.SZ,32.46,32.65,31.3,31.33,427173
2024-01-08,002475.SZ,31.55,32.3,31.27,31.46,370694
2024-01-09,002475.SZ,31.46,31.52,30.97,31.22,385054
2024-01-10,002475.SZ,31,31.46,30.63,31.3,529658
2024-01-11,002475.SZ,31.01,31.09,30.32,30.6,561662
2024-01-14,002475.SZ,30.35,30.9,30.03,30.68,372874
2024-01-15,002475.SZ,30.4,30.6,29.93,30.29,477491
2024-01-16,002475.SZ,30.2,30.2,28.4,28.4,980522
2024-01-17,002475.SZ,28.2,28.8,27.75,28.72,649723
2024-01-18,002475.SZ,28.53,29.58,28.51,29.34,553321
2024-01-21,002475.SZ,29.73,29.94,28.58,28.93,542092
2024-01-22,002475.SZ,28.92,29.48,28.56,29.27,552578
2024-01-23,002475.SZ,29.29,29.49,28.24,29.05,495900
2024-01-24,002475.SZ,29,29.29,28.61,29.13,518524
2024-01-25,002475.SZ,29,29.06,27.6,27.82,917752
2024-01-28,002475.SZ,27.82,27.92,27.08,27.16,583463
2024-01-29,002475.SZ,27.02,27.3,26.45,26.52,415766
2024-01-30,002475.SZ,26.45,26.45,25.2,25.49,848554
2024-01-31,002475.SZ,25.47,26.24,25.06,25.85,543421
2024-02-01,002475.SZ,25.82,26.45,24.88,25.63,617107
2024-02-04,002475.SZ,25.64,27.66,25.3,26.98,950974
2024-02-05,002475.SZ,26.54,28.26,26.5,28.22,805153
2024-02-06,002475.SZ,28.24,28.65,27.96,28.23,633852
2024-02-07,002475.SZ,28.5,29.4,28.4,28.94,613292
2024-02-18,002475.SZ,28.8,28.98,27.01,27.49,1282920
2024-02-19,002475.SZ,27.19,27.29,26.28,26.98,1116352
2024-02-20,002475.SZ,26.66,27.88,26.5,27.47,865388
2024-02-21,002475.SZ,27.48,27.66,27.08,27.6,605720
2024-02-22,002475.SZ,27.5,27.58,26.74,27.16,1044899
2024-02-25,002475.SZ,27.07,27.86,26.71,27.43,1021540
2024-02-26,002475.SZ,27.15,28.11,27.05,28.11,1109042
2024-02-27,002475.SZ,28.12,28.59,27.17,27.17,1288688
2024-02-28,002475.SZ,26.9,27.66,26.76,27.58,1213736
2024-02-29,002475.SZ,27.45,28.44,27.3,28.34,1378964
2024-03-03,002475.SZ,28.58,28.82,27.66,28.01,1165900
2024-03-04,002475.SZ,27.66,28.49,27.45,28.19,1213815
2024-03-05,002475.SZ,27.75,28.68,27.3,27.96,1248213
2024-03-06,002475.SZ,27.74,28.02,27.18,27.18,975541
2024-03-07,002475.SZ,27.33,27.68,27.05,27.56,856905
2024-03-10,002475.SZ,27.36,28.3,27.07,28.26,1275929
2024-03-11,002475.SZ,28.24,28.76,28.12,28.49,1031779
2024-03-12,002475.SZ,28.49,28.64,28.19,28.25,614537
2024-03-13,002475.SZ,28.16,28.18,27.33,27.56,886458
2024-03-14,002475.SZ,27.45,27.78,27.35,27.77,571640
2024-03-17,002475.SZ,27.8,28.18,27.61,28.04,910107
2024-03-18,002475.SZ,28.1,29.9,27.95,29.46,2286726
2024-03-19,002475.SZ,29.54,30.57,29.45,29.65,1777071
2024-03-20,002475.SZ,30.06,30.35,29.6,29.73,1131200
2024-03-21,002475.SZ,29.96,32.28,29.85,31.84,2392358
2024-03-24,002475.SZ,31.5,31.6,30.36,30.47,1574341
2024-03-25,002475.SZ,30,31.29,29.99,30.95,1170034
2024-03-26,002475.SZ,30.45,30.64,29.41,29.41,933051
2024-03-27,002475.SZ,29.4,30.2,29.2,29.75,729429
2024-03-28,002475.SZ,29.51,29.76,28.88,29.41,688430
2024-03-31,002475.SZ,29.8,30,29.42,29.67,624946
2024-04-01,002475.SZ,29.67,29.75,28.39,28.64,1006560
2024-04-02,002475.SZ,28.65,29.22,28.45,28.76,688258
2024-04-07,002475.SZ,28.58,28.6,27.8,28.04,798312
2024-04-08,002475.SZ,28.1,28.56,27.97,28.45,446407
2024-04-09,002475.SZ,28.37,28.38,27.45,27.69,613420
2024-04-10,002475.SZ,27.45,28.18,27.4,27.63,485402
2024-04-11,002475.SZ,27.82,28.5,27.7,27.82,620059
2024-04-14,002475.SZ,27.83,28.08,27.51,27.8,574029
2024-04-15,002475.SZ,27.55,27.68,26.71,26.85,795446
2024-04-16,002475.SZ,26.97,27.36,26.85,27.28,635635
2024-04-17,002475.SZ,27.08,27.36,26.53,27.05,700812
2024-04-18,002475.SZ,26.8,26.82,26.1,26.39,669953
2024-04-21,002475.SZ,26.1,27.36,25.92,27.25,737068
2024-04-22,002475.SZ,27.02,27.79,27.02,27.59,604693
2024-04-23,002475.SZ,27.69,28.06,27.2,27.67,784690
2024-04-24,002475.SZ,28.14,29.22,28.14,28.54,1231137
2024-04-25,002475.SZ,28.54,29.09,28.4,28.79,830635
2024-04-28,002475.SZ,29.21,30.16,29.05,29.83,1210446
2024-04-29,002475.SZ,29.76,29.95,29.14,29.2,637600
2024-05-05,002475.SZ,30.3,31.17,30.3,30.99,1415807
2024-05-06,002475.SZ,30.69,31.26,30.56,30.86,581368
2024-05-07,002475.SZ,30.5,30.5,29.58,29.6,795330
2024-05-08,002475.SZ,29.61,30.2,29.61,29.82,494090
2024-05-09,002475.SZ,29.85,29.96,29.17,29.5,514899
2024-05-12,002475.SZ,29.39,30.95,29.3,30.58,873210
2024-05-13,002475.SZ,31.95,32.2,31.01,31.08,1074025
2024-05-14,002475.SZ,31,31.29,30.6,30.66,419071
2024-05-15,002475.SZ,31.2,32.05,30.96,31.76,1017640
2024-05-16,002475.SZ,31.54,31.95,31.4,31.64,525859
2024-05-19,002475.SZ,31.42,32,31.31,31.62,475298
2024-05-20,002475.SZ,31.5,32.29,31.34,31.87,578895
2024-05-21,002475.SZ,31.8,33,31.7,32.86,842653
2024-05-22,002475.SZ,32.6,32.95,32.21,32.51,495721
2024-05-23,002475.SZ,32.36,32.85,31.4,31.51,810327
2024-05-26,002475.SZ,31.81,32.43,31.48,31.89,557846
2024-05-27,002475.SZ,31.75,31.76,31,31.11,616102
2024-05-28,002475.SZ,31.27,31.49,30.79,31.18,431613
2024-05-29,002475.SZ,31.02,32.75,30.83,32.26,772733
2024-05-30,002475.SZ,32.2,32.74,31.7,31.79,566361
2024-06-02,002475.SZ,31.64,33.1,31.61,32.51,829834
2024-06-03,002475.SZ,32.4,32.85,32.15,32.73,484441
2024-06-04,002475.SZ,32.58,33.49,32.5,32.88,695648
2024-06-05,002475.SZ,33.2,33.75,32.99,33.1,686927
2024-06-06,002475.SZ,33.06,33.1,31.85,32.2,777338
2024-06-10,002475.SZ,31,31.94,30.88,31.78,673572
2024-06-11,002475.SZ,33.58,34,33.19,33.42,1309099
2024-06-12,002475.SZ,33.95,34.38,33.04,33.23,893483
2024-06-13,002475.SZ,33.2,34.69,33.16,34.35,1017630
2024-06-16,002475.SZ,34.55,37.7,34.43,37,1616777
2024-06-17,002475.SZ,37.77,38.28,36.82,37.99,1607076
2024-06-18,002475.SZ,37.87,38.5,37.4,38.07,969464
2024-06-19,002475.SZ,37.9,38.37,37.15,37.26,780781
2024-06-20,002475.SZ,36.66,38,36.57,37.72,670559
2024-06-23,002475.SZ,37.55,38.93,37.48,37.88,1038281
2024-06-24,002475.SZ,37.52,37.84,36.79,37.16,829362
2024-06-25,002475.SZ,37.25,38.5,37.21,38.2,790073
2024-06-26,002475.SZ,38.1,40.22,38.01,38.85,1248712
2024-06-27,002475.SZ,38.5,39.87,38.25,39.31,933749
2024-06-30,002475.SZ,39.2,39.5,37.93,38.91,665489
2024-07-01,002475.SZ,39.49,39.86,38.82,39.09,690653
2024-07-02,002475.SZ,39.09,39.78,38.62,38.89,526073
2024-07-03,002475.SZ,38.88,39.56,38.68,38.86,547281
2024-07-04,002475.SZ,39,39.06,37.89,38.73,673566
2024-07-07,002475.SZ,38.75,39.66,38.5,39.37,782297
2024-07-08,002475.SZ,39.37,41.61,39.06,41.39,1142994
2024-07-09,002475.SZ,41.39,41.73,40.82,41.08,748753
2024-07-10,002475.SZ,41.05,42.94,40.59,41.78,1052494
2024-07-11,002475.SZ,40.4,41.29,40.19,40.92,680893
2024-07-14,002475.SZ,41.06,41.38,40.35,40.99,474745
2024-07-15,002475.SZ,41.33,43.3,41.3,43.17,911656
2024-07-16,002475.SZ,43,43.17,41.5,42.05,707182
2024-07-17,002475.SZ,40.88,41.61,39.64,40.95,1040685
2024-07-18,002475.SZ,39.72,40.96,39.69,40.15,918003
2024-07-21,002475.SZ,40.06,40.06,38.63,39.72,837781
2024-07-22,002475.SZ,39.74,39.88,38.28,38.43,703560
2024-07-23,002475.SZ,38.4,38.9,37.41,37.88,701532
2024-07-24,002475.SZ,37.3,37.76,36.12,37.09,761516
2024-07-25,002475.SZ,36.87,38.1,36.6,37.92,734279
2024-07-28,002475.SZ,37.92,39.38,37.44,38.38,740614
2024-07-29,002475.SZ,38.14,38.37,37.13,37.46,595108
2024-07-30,002475.SZ,37.4,38.5,37.22,38.23,771015
2024-07-31,002475.SZ,38.99,39.1,37.8,37.83,501571
2024-08-01,002475.SZ,37.1,38.28,37,37.19,503031
2024-08-04,002475.SZ,35,36.03,34.34,34.51,1310978
2024-08-05,002475.SZ,35.5,35.97,34.83,35.39,600476
2024-08-06,002475.SZ,35.2,35.65,34.84,35.08,333975
2024-08-07,002475.SZ,34.91,35.99,34.41,35.52,507702
2024-08-08,002475.SZ,35.86,36.88,35.79,36.33,528991
2024-08-11,002475.SZ,36.2,36.96,36.08,36.43,323365
2024-08-12,002475.SZ,36.3,37.32,36.3,37,381241
2024-08-13,002475.SZ,36.99,37.31,36.4,36.57,292338
2024-08-14,002475.SZ,36.43,37.44,36.37,36.71,448947
2024-08-15,002475.SZ,36.96,37.44,36.87,37.04,385970
2024-08-18,002475.SZ,37.46,37.76,36.6,36.72,356624
2024-08-19,002475.SZ,36.7,37.09,36.38,36.63,288549
2024-08-20,002475.SZ,36.31,38.33,36.2,37.4,579365
2024-08-21,002475.SZ,37.6,38.06,36.7,37.8,511122
2024-08-22,002475.SZ,37.53,37.94,37.26,37.89,340666
2024-08-25,002475.SZ,37.92,38,36.52,37.35,713162
2024-08-26,002475.SZ,37.04,37.48,36.45,36.54,439291
2024-08-27,002475.SZ,36.5,37.22,36.35,36.6,361179
2024-08-28,002475.SZ,36.5,37.6,35.6,37.23,507891
2024-08-29,002475.SZ,37.06,40.1,37.06,39.42,1104549
2024-09-01,002475.SZ,39.22,39.38,38.2,38.55,554869
2024-09-02,002475.SZ,38.34,39.16,38.16,38.63,371640
2024-09-03,002475.SZ,37.8,38,36.5,37.84,651365
2024-09-04,002475.SZ,37.55,37.94,37,37.23,483297
2024-09-05,002475.SZ,37.21,37.23,35.9,35.9,542166
2024-09-08,002475.SZ,35.8,36.54,35.62,35.89,445378
2024-09-09,002475.SZ,35.68,36.88,35.1,36.51,512348
2024-09-10,002475.SZ,36.38,36.68,35.81,36.14,316465
2024-09-11,002475.SZ,36.21,36.78,35.81,36.49,375116
2024-09-12,002475.SZ,36.48,37.88,36.33,37.15,483313
2024-09-17,002475.SZ,36.6,36.8,34.84,35.9,617626
2024-09-18,002475.SZ,35.91,36.16,35.45,35.78,441887
2024-09-19,002475.SZ,36.16,36.99,36.02,36.6,604534
2024-09-22,002475.SZ,36.16,37.42,36.02,36.48,313803
2024-09-23,002475.SZ,37,38.79,36.29,38.77,712381
2024-09-24,002475.SZ,39.33,39.69,38.28,38.46,678746
2024-09-25,002475.SZ,38.4,38.7,37.35,38.42,1003994
2024-09-26,002475.SZ,38.43,41.19,38.4,40.48,1205144
2024-09-29,002475.SZ,42,43.95,41.01,43.46,1604892
2024-10-07,002475.SZ,47.81,47.81,43.23,46.33,2046554
2024-10-08,002475.SZ,45,45.1,41.79,42.08,1501811
2024-10-09,002475.SZ,42.1,44.69,42.1,43.45,1170367
2024-10-10,002475.SZ,43.39,43.45,41.51,42.2,710843
2024-10-13,002475.SZ,41.85,44.05,41.85,43.99,827991
2024-10-14,002475.SZ,43.99,45,43.3,43.6,729663
2024-10-15,002475.SZ,42.88,43,41.78,42.31,656478
2024-10-16,002475.SZ,42.32,43.09,41.95,41.96,542293
2024-10-17,002475.SZ,42,45.21,42,44.45,1222074
2024-10-20,002475.SZ,44.87,47.15,43.91,45.42,1260193
2024-10-21,002475.SZ,45.42,46.99,44.42,46.05,665568
2024-10-22,002475.SZ,45.77,46.33,44.93,45.21,534754
2024-10-23,002475.SZ,44.5,44.56,43.62,43.95,732181
2024-10-24,002475.SZ,43.95,44.15,42.6,43.35,785824
2024-10-27,002475.SZ,43.6,43.97,42.33,43.63,603622
2024-10-28,002475.SZ,43.63,44.4,43.22,43.42,656411
2024-10-29,002475.SZ,43.1,43.86,42.8,42.98,586563
2024-10-30,002475.SZ,42.98,43.19,41.91,42.22,758899
2024-10-31,002475.SZ,42.23,43.3,42.08,42.19,594388
2024-11-03,002475.SZ,42.19,43.25,42.11,42.81,490870
2024-11-04,002475.SZ,42.71,43.55,42.12,43.2,859137
2024-11-05,002475.SZ,43.21,43.25,41.09,41.33,1870470
2024-11-06,002475.SZ,40.55,40.95,40,40.93,1459966
2024-11-07,002475.SZ,41.5,41.55,40.14,40.3,1270298
2024-11-10,002475.SZ,40.02,40.82,39.51,40.7,1372196
2024-11-11,002475.SZ,40.75,42.69,40.1,41.54,1991681
2024-11-12,002475.SZ,41,41.68,40.5,41.59,1043251
2024-11-13,002475.SZ,41.58,41.58,40,40.1,828706
2024-11-14,002475.SZ,39.9,40.32,39.3,39.3,770599
2024-11-17,002475.SZ,39.3,39.81,38.32,38.51,801792
2024-11-18,002475.SZ,38.6,38.89,37.74,38.53,868379
2024-11-19,002475.SZ,38.54,38.72,38.18,38.59,802781
2024-11-20,002475.SZ,38.51,39.63,38,39.23,970589
2024-11-21,002475.SZ,39,39.63,37.6,37.65,902723
2024-11-24,002475.SZ,37.66,37.8,36.31,36.66,987550
2024-11-25,002475.SZ,36.81,37.88,36.66,37.16,755554
2024-11-26,002475.SZ,37.03,39.5,36.9,39.13,1495365
2024-11-27,002475.SZ,38.86,38.94,38.14,38.2,729523
2024-11-28,002475.SZ,38.05,39.28,38.05,38.68,901146
2024-12-01,002475.SZ,39.19,40.85,39.18,40.56,1366204
2024-12-02,002475.SZ,40.56,40.74,39.92,40.31,700547
2024-12-03,002475.SZ,40.35,40.5,39.33,39.59,571380
2024-12-04,002475.SZ,39.5,39.8,38.91,39.37,524039
2024-12-05,002475.SZ,39.7,40.5,39.5,40.21,885410
2024-12-08,002475.SZ,40.21,40.59,39.65,39.88,425672
2024-12-09,002475.SZ,41.25,41.83,40.65,40.89,1310042
2024-12-10,002475.SZ,40.91,42.07,40.2,41.25,958063
2024-12-11,002475.SZ,41.39,42.2,40.93,41.37,706574
2024-12-12,002475.SZ,41,41.08,40.4,40.58,662496
2024-12-15,002475.SZ,40.4,40.66,39.65,39.78,523916
2024-12-16,002475.SZ,39.78,41.35,39.69,40.3,720024
2024-12-17,002475.SZ,40.53,40.69,39.96,40.06,454735
2024-12-18,002475.SZ,39.65,41.85,39.34,41.67,1084658
2024-12-19,002475.SZ,41.72,41.95,41.18,41.28,614387
2024-12-22,002475.SZ,41.28,41.83,40.3,40.46,569719
2024-12-23,002475.SZ,40.56,41.45,40.25,41.4,595175
2024-12-24,002475.SZ,41.4,41.98,40.92,41.07,468934
2024-12-25,002475.SZ,40.96,42.38,40.63,42.32,905243
2024-12-26,002475.SZ,42.28,42.29,41.23,41.35,826370
2024-12-29,002475.SZ,41.35,42.1,41.15,41.65,585295
2024-12-30,002475.SZ,42.1,42.1,40.45,40.76,640873
2025-01-01,002475.SZ,40.59,40.76,38.83,39.21,691999
2025-01-02,002475.SZ,39.21,40.38,38.68,39.23,758414
2025-01-05,002475.SZ,39.24,39.99,38.72,38.99,477535
2025-01-06,002475.SZ,39.19,41.02,39.1,40.46,859222
2025-01-07,002475.SZ,40.14,40.2,38.85,39.15,793783
2025-01-08,002475.SZ,39.09,39.49,38.66,39.01,513048
2025-01-09,002475.SZ,38.9,39.01,37.8,38.16,698491
2025-01-12,002475.SZ,37.7,38.7,37.61,37.86,414231
2025-01-13,002475.SZ,38.14,39.62,37.4,39.61,840034
2025-01-14,002475.SZ,39.15,39.46,38.54,39.07,540128
2025-01-15,002475.SZ,39.47,39.74,38.8,39.22,426706
2025-01-16,002475.SZ,38.74,39.71,38.63,39.16,434593
2025-01-19,002475.SZ,39.86,41.17,39.85,40.79,898748
2025-01-20,002475.SZ,40.92,42.58,40.83,41.89,849346
2025-01-21,002475.SZ,41.5,41.89,39.7,40.09,1193905
2025-01-22,002475.SZ,40.7,40.76,39.58,39.62,698160
2025-01-23,002475.SZ,39.68,41.28,39.68,40.97,886929
2025-01-26,002475.SZ,40.75,41.22,40.1,40.19,473248
2025-02-04,002475.SZ,40.7,41.36,39.91,40.42,715985
2025-02-05,002475.SZ,39.8,41.63,39.78,41.58,876795
2025-02-06,002475.SZ,41.58,43.2,41.5,42.6,1090346
2025-02-09,002475.SZ,43,43.26,42.38,42.66,591800
2025-02-10,002475.SZ,42.68,42.97,41.88,42.23,438637
2025-02-11,002475.SZ,42.98,44.36,42.62,44.35,1080245
2025-02-12,002475.SZ,44.36,44.44,43.3,43.41,662625
2025-02-13,002475.SZ,43.4,43.99,43.2,43.53,424748
2025-02-16,002475.SZ,43.8,43.97,42.42,42.77,722703
2025-02-17,002475.SZ,42.71,43.18,41.93,42.09,568752
2025-02-18,002475.SZ,42.11,42.87,41.98,42.75,581224
2025-02-19,002475.SZ,42.6,44.33,42.53,43.95,835036
2025-02-20,002475.SZ,43.96,45.38,43.77,44.98,987271
2025-02-23,002475.SZ,44.98,46.14,44.35,44.9,634777
2025-02-24,002475.SZ,44.2,47,43.99,46.18,911927
2025-02-25,002475.SZ,46.04,46.18,44.68,44.95,670234
2025-02-26,002475.SZ,45.01,45.2,44.08,44.58,550014
2025-02-27,002475.SZ,44.32,44.45,43,43.15,535684
2025-03-02,002475.SZ,43.98,43.98,41.9,42.31,532953
2025-03-03,002475.SZ,41.93,42.22,41.47,41.85,466196
2025-03-04,002475.SZ,41.97,42.49,41.44,41.91,491781
2025-03-05,002475.SZ,42.15,42.95,42.15,42.37,655338
2025-03-06,002475.SZ,42.41,42.58,41.32,41.53,665116
2025-03-09,002475.SZ,41.3,41.64,40.57,41.08,721416
2025-03-10,002475.SZ,40.5,40.65,39.7,40.27,799444
2025-03-11,002475.SZ,40.23,40.96,39.56,40.55,837443
2025-03-12,002475.SZ,40.6,40.86,40.24,40.37,540422
2025-03-13,002475.SZ,40.2,41.24,40.01,41,859912
2025-03-16,002475.SZ,41.3,41.37,40.53,40.67,589084
2025-03-17,002475.SZ,40.71,40.99,40.38,40.86,598912
2025-03-18,002475.SZ,40.62,40.88,40,40.73,584473
2025-03-19,002475.SZ,40.86,40.87,40.32,40.42,376801
2025-03-20,002475.SZ,40.65,41.19,39.6,39.86,644422
2025-03-23,002475.SZ,39.94,41.34,39.88,41.06,903183
2025-03-24,002475.SZ,41.01,41.2,40.46,40.78,416234
2025-03-25,002475.SZ,40.78,41.07,40.65,40.76,303314
2025-03-26,002475.SZ,40.68,41.1,40.33,40.78,292038
2025-03-27,002475.SZ,40.8,41.5,40.52,41.21,497873
2025-03-30,002475.SZ,41,41.39,40.41,40.89,412134
2025-03-31,002475.SZ,40.89,41.15,40.41,40.44,380610
2025-04-01,002475.SZ,40.42,40.7,38.7,39.35,1028381
2025-04-02,002475.SZ,37.23,37.43,35.42,35.42,2233027
2025-04-06,002475.SZ,31.88,31.88,31.88,31.88,454870
2025-04-07,002475.SZ,29.19,30,28.69,29,2823765
2025-04-08,002475.SZ,27.84,29.46,27.11,28.68,2635132
2025-04-09,002475.SZ,31.55,31.55,30.35,30.73,2898769
2025-04-10,002475.SZ,30.01,33,29.64,32.18,2762099
2025-04-13,002475.SZ,33.91,34.43,31.49,32.2,3528631
2025-04-14,002475.SZ,31.6,31.62,30.5,30.81,1966044
2025-04-15,002475.SZ,30.06,30.17,29.25,29.59,1814178
2025-04-16,002475.SZ,29.49,29.88,29.35,29.46,1003293
2025-04-17,002475.SZ,29.46,30.05,29.46,29.95,992199
2025-04-20,002475.SZ,29.99,30.99,29.77,30.87,1193436
2025-04-21,002475.SZ,30.63,31.07,30.17,30.3,1031460
2025-04-22,002475.SZ,31.9,32.18,30.96,31.53,2013354
2025-04-23,002475.SZ,31.5,31.51,30.72,30.76,1075001
2025-04-24,002475.SZ,31,32,31,31.61,1624304
2025-04-27,002475.SZ,31.81,31.93,30.9,30.95,1009146
2025-04-28,002475.SZ,30.8,30.95,30.39,30.53,887066
2025-04-29,002475.SZ,30.59,31.1,30.39,30.85,1238443
2025-05-05,002475.SZ,30.99,31.85,30.9,31.81,1376577
2025-05-06,002475.SZ,32.45,33.16,31.22,31.52,1638627
2025-05-07,002475.SZ,31.41,33,31.32,32.74,2102536
2025-05-08,002475.SZ,32.51,32.52,31.7,32.08,1312280
2025-05-11,002475.SZ,33.35,34.47,32.88,34.12,2752466
2025-05-12,002475.SZ,35.49,35.49,33.63,33.8,2869196
2025-05-13,002475.SZ,33.65,33.94,33.03,33.52,1822080
2025-05-14,002475.SZ,33.55,33.55,32.62,32.66,1194601
2025-05-15,002475.SZ,32.5,32.78,32.41,32.5,839028
2025-05-18,002475.SZ,32.39,32.39,31.7,32.23,1032061
2025-05-19,002475.SZ,32.08,32.65,31.86,32.6,952181
2025-05-20,002475.SZ,32.4,32.42,32.06,32.12,959794
2025-05-21,002475.SZ,31.85,32.07,31.74,31.77,678683
2025-05-22,002475.SZ,31.7,32.03,31.3,31.3,940135
2025-05-25,002475.SZ,30.5,31.28,30.38,31.24,1102679
2025-05-26,002475.SZ,31.03,31.11,30.43,30.52,987978
2025-05-27,002475.SZ,30.71,30.89,30.31,30.39,662413
2025-05-28,002475.SZ,31.01,31.52,31.01,31.41,1487913
2025-05-29,002475.SZ,30.89,30.89,30.35,30.4,1108521
2025-06-02,002475.SZ,30.19,30.46,30.12,30.32,589993
2025-06-03,002475.SZ,30.38,30.98,30.3,30.8,839239
2025-06-04,002475.SZ,30.85,31.86,30.83,31.63,1420893
2025-06-05,002475.SZ,31.41,31.55,31.17,31.32,853423
2025-06-08,002475.SZ,31.7,32.08,31.53,31.93,960082
2025-06-09,002475.SZ,31.79,32.2,31.35,31.78,1198222
2025-06-10,002475.SZ,31.9,32.54,31.8,31.97,989540
2025-06-11,002475.SZ,31.65,32.16,31.55,31.84,718273
2025-06-12,002475.SZ,31.6,31.98,31.2,31.25,800575
2025-06-15,002475.SZ,31.05,32.05,31.02,31.91,960958
2025-06-16,002475.SZ,31.91,32.8,31.83,32.67,1536131
2025-06-17,002475.SZ,32.41,33.05,32.4,32.94,1183175
2025-06-18,002475.SZ,32.96,33.34,32.62,32.72,1061692
2025-06-19,002475.SZ,32.65,33.49,32.59,33.21,1191427
2025-06-22,002475.SZ,32.99,33.77,32.88,33.19,936487
2025-06-23,002475.SZ,33.3,33.56,33.01,33.23,1005406
2025-06-24,002475.SZ,33.26,33.28,32.77,33.24,1049008
2025-06-25,002475.SZ,33.24,33.55,32.95,32.97,837725
2025-06-26,002475.SZ,32.98,34.1,32.69,33.87,1549364
2025-06-29,002475.SZ,33.95,34.78,33.95,34.69,1266863
2025-06-30,002475.SZ,34.79,34.96,34.26,34.71,781658
2025-07-01,002475.SZ,34.59,34.59,33.85,33.92,711858
2025-07-02,002475.SZ,33.99,36.18,33.99,35.77,1918363
2025-07-03,002475.SZ,35.62,35.67,35.25,35.29,863846
2025-07-06,002475.SZ,35.28,35.28,34.25,34.75,883633
2025-07-07,002475.SZ,34.6,35.47,34.59,35.36,885172
2025-07-08,002475.SZ,35.39,35.95,35.12,35.3,844987
2025-07-09,002475.SZ,35.2,35.99,35.13,35.76,837024
2025-07-10,002475.SZ,35.88,36,35.41,35.76,802635
2025-07-13,002475.SZ,35.58,35.67,34.91,35.36,506331
2025-07-14,002475.SZ,35.4,36.9,35.34,36.78,1455287
2025-07-15,002475.SZ,36.61,37.69,36.5,37.05,1186525
2025-07-16,002475.SZ,37,39.62,36.89,39.4,1694453
2025-07-17,002475.SZ,39.35,39.83,38.54,38.73,1359441
2025-07-20,002475.SZ,38.75,38.98,37.82,38.66,1026899
2025-07-21,002475.SZ,38.19,38.45,37.78,38.09,914188
2025-07-22,002475.SZ,37.91,38.5,37.68,37.96,682219
2025-07-23,002475.SZ,37.8,38,37.3,37.87,980315
2025-07-24,002475.SZ,37.89,38.55,37.79,38.33,819627
2025-07-27,002475.SZ,38.4,38.47,37.41,37.76,937408
2025-07-28,002475.SZ,37.55,37.61,36.83,37.57,952940
2025-07-29,002475.SZ,37.3,38.4,36.91,37.74,924273
2025-07-30,002475.SZ,37.43,38,36.46,36.63,1006222
2025-07-31,002475.SZ,36.72,37.37,36.28,36.64,743284
2025-08-03,002475.SZ,36.12,36.39,35.8,36.24,802426
2025-08-04,002475.SZ,36.38,36.61,36.13,36.47,568648
2025-08-05,002475.SZ,36.38,36.38,35.88,36.21,639854
2025-08-06,002475.SZ,38,38.66,37,37.02,1831705
2025-08-07,002475.SZ,37,37,36.43,36.44,742804
2025-08-10,002475.SZ,36.49,38.2,36.49,38.01,1414797
2025-08-11,002475.SZ,37.96,38.62,37.74,38.17,764526
2025-08-12,002475.SZ,38.34,38.98,37.82,38.35,1058070
2025-08-13,002475.SZ,38.5,39.05,38.21,38.48,979235
2025-08-14,002475.SZ,38.1,38.82,37.98,38.59,874170
2025-08-17,002475.SZ,38.6,40.36,38.29,39.59,1538959
2025-08-18,002475.SZ,39.6,39.75,38.61,39.1,1088496
2025-08-19,002475.SZ,38.99,40.75,38.22,40.05,1327847
2025-08-20,002475.SZ,40.1,42.43,39.81,42.19,2006844
2025-08-21,002475.SZ,41.46,42.88,41.33,42.7,1401673
2025-08-24,002475.SZ,43.38,44.29,42.13,42.95,1523545
2025-08-25,002475.SZ,43.2,46.8,43.2,45.6,2223220
2025-08-26,002475.SZ,45.02,47.17,44.9,44.98,2009690
2025-08-27,002475.SZ,44.99,46.1,44.35,46.1,1653241
2025-08-28,002475.SZ,46.09,47.36,45.17,45.98,1730294
2025-08-31,002475.SZ,46.1,46.8,44.9,45.27,1406210
2025-09-01,002475.SZ,45.08,45.59,43.5,43.8,1480183
2025-09-02,002475.SZ,44.01,44.43,42.99,43.22,1008899
2025-09-03,002475.SZ,43.71,45.69,43.5,44.39,2006377
2025-09-04,002475.SZ,44.36,47.2,43.7,47.2,2281915
2025-09-07,002475.SZ,49.09,51.92,48.78,49.75,2891255
2025-09-08,002475.SZ,49.78,50.75,47.48,47.71,1881293
2025-09-09,002475.SZ,46.28,48.97,45.82,48.09,2018773
2025-09-10,002475.SZ,47.2,52.9,46.51,52.9,2842144
2025-09-11,002475.SZ,54.2,55.66,52.46,52.71,4258492
2025-09-14,002475.SZ,52.14,54.23,52.07,52.74,2494998
2025-09-15,002475.SZ,52.66,54.2,52.15,52.39,2003490
2025-09-16,002475.SZ,52.63,52.99,51.5,52.01,1949552
2025-09-17,002475.SZ,51.5,54.94,51.1,53.11,3155362
2025-09-18,002475.SZ,54.31,57.91,54.03,55.41,3197040
2025-09-21,002475.SZ,60.95,60.95,60.13,60.95,902794
2025-09-22,002475.SZ,67.05,67.05,63.66,65.7,5541239
2025-09-23,002475.SZ,64.23,72.2,63.7,70.2,4516356
2025-09-24,002475.SZ,69.8,71.58,68.2,68.74,3317715
2025-09-25,002475.SZ,68.72,68.78,64.16,64.25,3320909
2025-09-28,002475.SZ,64.25,65.36,62.68,64.8,2628525
2025-09-29,002475.SZ,65.4,66.38,63.76,64.69,2295291
2025-10-08,002475.SZ,63.84,66.15,63.36,65.3,2616510
2025-10-09,002475.SZ,64.5,64.95,60.21,60.8,2609551
2025-10-12,002475.SZ,55.12,58.37,55.12,57.75,2672903
2025-10-13,002475.SZ,58.8,59.97,54.55,55.01,2485991
2025-10-14,002475.SZ,55.04,58.38,53.88,58.2,2425274
2025-10-15,002475.SZ,58.04,61.6,57.73,59.2,2563255
2025-10-16,002475.SZ,59.25,59.25,55.4,55.49,1792402
2025-10-19,002475.SZ,56.86,57.85,56.44,57.15,1625196
2025-10-20,002475.SZ,59,62.87,58.95,61.15,2929366
2025-10-21,002475.SZ,60.1,61.15,59.53,60.11,1324250
2025-10-22,002475.SZ,59.3,60.45,58.28,60.14,1097410
2025-10-23,002475.SZ,60.89,64.15,60.66,63.91,2344458
2025-10-26,002475.SZ,65.88,65.99,63.53,65.4,2339921
2025-10-27,002475.SZ,64.7,65.8,64,64.66,1426328
2025-10-28,002475.SZ,65.91,67.48,65.17,67.28,1800528
2025-10-29,002475.SZ,67.1,67.29,63.66,65.04,1787884
2025-10-30,002475.SZ,66.2,66.88,63,63,1734152
2025-11-02,002475.SZ,62.8,62.96,60.69,62.92,1404143
2025-11-03,002475.SZ,62.5,62.84,60.06,60.54,1289906
2025-11-04,002475.SZ,58.6,61.46,58.36,60.98,1121729
2025-11-05,002475.SZ,60.98,61.86,59.8,61.66,1324713
2025-11-06,002475.SZ,60.72,61,59.84,59.9,1053634
2025-11-09,002475.SZ,59.5,60.2,57.21,58.4,1535276
2025-11-10,002475.SZ,58.98,59.15,56.23,56.49,1084897
2025-11-11,002475.SZ,56.44,58.46,56.37,57.77,1357175
2025-11-12,002475.SZ,57.2,58.35,56.88,57.38,939953
2025-11-13,002475.SZ,56.66,58.23,56.1,56.51,1017544
2025-11-16,002475.SZ,56.49,57.44,56.12,56.55,741856
2025-11-17,002475.SZ,56.12,57.75,55.4,56.61,1054029
2025-11-18,002475.SZ,57,57.94,56.41,56.75,935330
2025-11-19,002475.SZ,58.1,58.2,55.68,55.75,959812
2025-11-20,002475.SZ,54,54.28,52.8,52.85,1499996
2025-11-23,002475.SZ,53.19,53.85,52.2,53.25,957030
2025-11-24,002475.SZ,54.22,56.39,54.04,55.7,1450760
2025-11-25,002475.SZ,55.32,58.85,54.91,57.6,1591539
2025-11-26,002475.SZ,57.7,59.13,56.8,56.96,1263804
2025-11-27,002475.SZ,56.82,58.18,56.75,57.78,962578
2025-11-30,002475.SZ,57.85,59.29,56.4,58.61,1377362
2025-12-01,002475.SZ,58.57,61.5,58.18,60,1813965
2025-12-02,002475.SZ,60.08,60.4,58.45,58.82,1080866
2025-12-03,002475.SZ,58.61,59.73,57.11,59.63,1038909
2025-12-04,002475.SZ,59.62,59.68,58.71,59.25,716996
2025-12-07,002475.SZ,59.1,60.71,58.74,60.08,1114481
2025-12-08,002475.SZ,60.07,61.51,59.6,60.6,1106581
2025-12-09,002475.SZ,59.9,59.9,58.02,59.53,956685
2025-12-10,002475.SZ,59.48,61.3,58.19,58.25,876398
2025-12-11,002475.SZ,58.23,60.88,57.6,60.38,1321919
2025-12-14,002475.SZ,59.55,59.67,57.29,57.36,1226735
2025-12-15,002475.SZ,56.7,57.89,56.32,57.33,724960
2025-12-16,002475.SZ,57.15,58.79,57.08,58.66,761786
2025-12-17,002475.SZ,57.83,58.17,56.96,56.98,599647
2025-12-18,002475.SZ,57.21,57.87,56.75,56.78,618461
2025-12-21,002475.SZ,57.1,58.26,56.99,57.73,777263
2025-12-22,002475.SZ,57.55,58.6,57.43,58.05,775056
2025-12-23,002475.SZ,58.18,59.62,57.61,59.29,918593
2025-12-24,002475.SZ,59,59.95,58.25,59.43,794110
2025-12-25,002475.SZ,59.18,59.2,58.37,58.4,742665
2025-12-28,002475.SZ,58.1,59.36,57.91,58.22,930551
2025-12-29,002475.SZ,57.98,59.38,57.18,58.07,991647
2025-12-30,002475.SZ,58.55,58.65,56.4,56.71,1049052
2026-01-04,002475.SZ,57.12,59.49,57.11,58.55,1594553
2026-01-05,002475.SZ,58.88,59.5,57.82,59.22,1415400
2026-01-06,002475.SZ,59,59.1,56.8,57.55,1873574
2026-01-07,002475.SZ,57.02,57.06,54.77,55.16,2401117
2026-01-08,002475.SZ,54.85,56.3,54,55.65,1540790
2026-01-11,002475.SZ,55.2,55.6,54,55.43,1883905
2026-01-12,002475.SZ,55.65,56.55,54.34,54.58,1334982
2026-01-13,002475.SZ,54.2,54.8,53.46,53.58,1699139
2026-01-14,002475.SZ,53.34,57.57,53.23,57.37,2628471
2026-01-15,002475.SZ,58.28,59.91,57.91,58.08,2599903
2026-01-18,002475.SZ,58.1,60.48,57.8,57.86,1957200
2026-01-19,002475.SZ,57.9,58.33,55.31,57.46,1772260
2026-01-20,002475.SZ,56.65,58.3,56.6,57.06,1117199
2026-01-21,002475.SZ,57.43,58.35,56.1,56.41,1498042
2026-01-22,002475.SZ,56.63,56.63,55,55.5,1449254
2026-01-25,002475.SZ,55.38,55.4,54.01,54.09,1271112
2026-01-26,002475.SZ,54.32,54.79,52.86,53.72,1227843
2026-01-27,002475.SZ,53.7,54.95,52.82,53.28,1511949
2026-01-28,002475.SZ,53,53.13,51.73,51.89,1472606
2026-01-29,002475.SZ,51.61,52.5,51.02,51.69,1085588
2026-02-01,002475.SZ,51.99,53.6,51.99,52.22,1384862
2026-02-02,002475.SZ,52.83,53.39,51.25,52.46,1046638
2026-02-03,002475.SZ,52.01,52.05,50.65,51.9,1244424
2026-02-04,002475.SZ,51.5,52.58,51.42,51.7,759859
2026-02-05,002475.SZ,51.37,52.01,50.7,51.17,724911
2026-02-08,002475.SZ,51.99,52,51.33,51.72,775300
2026-02-09,002475.SZ,51.69,51.98,51.37,51.69,746831
2026-02-10,002475.SZ,51.39,51.92,51.02,51.15,689452
2026-02-11,002475.SZ,51.1,51.33,50.3,50.43,970240
2026-02-12,002475.SZ,49.91,51.08,49.26,50.8,1144926
2026-02-23,002475.SZ,51.41,51.49,50.51,50.63,844153
2026-02-24,002475.SZ,50.55,51.93,50.47,51.58,1247048
2026-02-25,002475.SZ,51.59,51.63,51.04,51.16,1064251
2026-02-26,002475.SZ,50.65,50.69,49.32,50.22,1272716
2026-03-01,002475.SZ,49.31,49.72,48.38,49.11,1289834
2026-03-02,002475.SZ,49.16,49.74,47.2,47.39,1360265
2026-03-03,002475.SZ,46.67,47.09,45.8,46.28,1198906
2026-03-04,002475.SZ,47,47.76,46.88,47,1008733
2026-03-05,002475.SZ,46.59,47.42,46.47,47.3,732496
2026-03-08,002475.SZ,46.27,46.62,45.43,46.5,973749
2026-03-09,002475.SZ,47.2,49.7,47.2,49.39,1814094
2026-03-10,002475.SZ,49.45,50.88,49.28,50.17,1686484
2026-03-11,002475.SZ,49.9,50.43,49.28,49.7,860416
2026-03-12,002475.SZ,49.35,50.28,49.05,49.33,819833
2026-03-15,002475.SZ,49.01,49.27,47.51,49.26,965272
2026-03-16,002475.SZ,50.18,51.76,49.76,49.83,1850095
2026-03-17,002475.SZ,49.66,49.89,48.9,49.34,861205
2026-03-18,002475.SZ,48.38,48.8,47.85,48.04,918059
2026-03-19,002475.SZ,48.39,49.7,48.22,48.22,1004845
2026-03-22,002475.SZ,47.53,47.75,45.95,46.3,1017446
2026-03-23,002475.SZ,46.8,46.94,44.57,46.34,1105607
2026-03-24,002475.SZ,47.38,50.97,47,50.97,2608861
2026-03-25,002475.SZ,51.71,51.71,49.96,50.19,2200194
2026-03-26,002475.SZ,48.18,51.29,48.18,50.61,1749811
2026-03-29,002475.SZ,49.8,50,48.1,48.76,1596406
2026-03-30,002475.SZ,48.4,50.62,48,49.26,1671505
2026-03-31,002475.SZ,50.48,51.11,49.8,50.4,1109777
2026-04-01,002475.SZ,50.1,50.9,49.57,49.89,859659
2026-04-02,002475.SZ,50.3,50.38,48.64,48.8,745145
2026-04-06,002475.SZ,49,49.95,48.11,48.39,799878
2026-04-07,002475.SZ,49.56,52.57,49.56,52.27,2019287
2026-04-08,002475.SZ,51.5,55.78,51.3,55.09,2996031
2026-04-09,002475.SZ,55.42,59.18,54.9,58.18,3868969
2026-04-12,002475.SZ,57.78,59.52,57.5,58.6,2388132
2026-04-13,002475.SZ,59,60.65,58.55,59.14,2432745
2026-04-14,002475.SZ,59,60.98,58.45,58.78,1980038
2026-04-15,002475.SZ,58.76,60.65,58,60.45,1996422
2026-04-16,002475.SZ,59.85,60.88,59.25,59.75,1343424
2026-04-19,002475.SZ,62.64,65.73,60.91,65.73,3929269
2026-04-20,002475.SZ,64.86,66,62.9,65.75,2625733
2026-04-21,002475.SZ,65.39,68.69,64.6,68.03,2366656
2026-04-22,002475.SZ,69,70.68,67.3,67.77,2322371
2026-04-23,002475.SZ,67.51,67.8,64.37,66,2622791
2026-04-26,002475.SZ,67.98,72.6,67.5,71.97,3273500
2026-04-27,002475.SZ,71.02,72.4,68.95,69.88,2159908
2026-04-28,002475.SZ,68,69.77,66.5,68.64,2103918
2026-04-29,002475.SZ,69.48,69.48,66.8,67,1550475
2026-05-05,002475.SZ,68.27,71,66.87,67.08,2130544
2026-05-06,002475.SZ,67.5,70.3,66.29,69.52,2141885
2026-05-07,002475.SZ,68.13,72.08,67.11,71.29,2150710
2026-05-10,002475.SZ,75.5,78.42,74.46,76.06,2700154
2026-05-11,002475.SZ,77.39,78.78,75.5,77.19,1980246
2026-05-12,002475.SZ,75.75,81.78,75.11,80.15,2263665
2026-05-13,002475.SZ,79.29,79.35,75.22,75.4,2216706
2026-05-14,002475.SZ,76.47,76.8,72.61,74,1989212
2026-05-17,002475.SZ,73.08,75.11,71.67,72.9,2045112
2026-05-18,002475.SZ,72.05,72.71,70.04,72.4,1430820
2026-05-19,002475.SZ,72.03,72.6,69.3,70.07,1823804
2026-05-20,002475.SZ,71.01,72.99,67.57,67.87,1947986
2026-05-21,002475.SZ,69.5,72.88,68.9,72.4,1866377
2026-05-24,002475.SZ,73.3,74.93,71.5,74.7,2152996
2026-05-25,002475.SZ,73.7,73.71,71.15,72.45,1564253
2026-05-26,002475.SZ,72.15,74.29,70.69,71.59,1652248
2026-05-27,002475.SZ,71.23,73.35,69.32,72.8,1597158
2026-05-28,002475.SZ,77,77.8,71.28,73.29,2676698
2026-05-31,002475.SZ,73.35,75.93,70.67,70.71,2302540
2026-06-01,002475.SZ,70.01,74.83,68.15,74,2325607
2026-06-02,002475.SZ,75,78,73.33,74.8,2638471
2026-06-03,002475.SZ,73.3,75.6,72.5,74.59,1458711
2026-06-04,002475.SZ,73,73.39,67.98,68.77,2551045
2026-06-07,002475.SZ,64.98,67.65,64.6,66.14,1899719
2026-06-08,002475.SZ,66.18,69.88,65.16,69.34,1711477
2026-06-09,002475.SZ,68,68.05,64.8,65.51,1346162
2026-06-10,002475.SZ,65.04,66.06,63.22,64.58,1224843
2026-06-11,002475.SZ,66.2,67.19,63.7,63.76,1371896
2026-06-14,002475.SZ,65,68.38,64,68.15,1600914
2026-06-15,002475.SZ,68.15,68.7,66.45,67.26,1594150
2026-06-16,002475.SZ,66.45,67.66,65.6,67.32,1511182
2026-06-17,002475.SZ,67,70.77,66.41,69.93,2287715
2026-06-21,002475.SZ,70.7,71.01,66.38,68.4,2087196
2026-06-22,002475.SZ,68.39,71.99,67.78,69.36,2581450
2026-06-23,002475.SZ,68.46,76.3,66.46,75.05,4064758
2026-06-24,002475.SZ,75.1,75.8,73.18,74.42,2523690
2026-06-25,002475.SZ,71,71.5,67.05,68,3403617
2026-06-28,002475.SZ,66.98,67.52,62.48,65.3,2272360
2026-06-29,002475.SZ,65.24,70.88,64.6,70.4,2451704
2026-06-30,002475.SZ,70.4,70.77,65.5,66.24,2089180
2026-07-01,002475.SZ,64.55,64.9,60.66,60.9,2115977
2026-07-02,002475.SZ,62.49,65.97,62.35,64.44,2057754
2026-07-05,002475.SZ,64.79,65.22,61.26,62.88,1301778
2026-07-06,002475.SZ,62.54,64.9,62,63.28,1370584
2026-07-07,002475.SZ,63,64.28,60.6,62.47,1281448
2026-07-08,002475.SZ,62.8,64.66,59.7,64.46,1903541
2026-07-09,002475.SZ,64.38,65.66,62.06,62.14,1422326
2026-07-12,002475.SZ,61.88,61.9,58.24,58.98,1321937
2026-07-13,002475.SZ,58.5,61.9,57.41,61.67,1392525
2026-07-14,002475.SZ,62.25,62.25,59.85,60.47,932658
2026-07-15,002475.SZ,60.86,64.34,60,61.58,1325918
2026-07-16,002475.SZ,61,61.5,57.09,58.05,1433017
2026-07-19,002475.SZ,58.5,59.88,55.03,56.8,1351987
2026-07-20,002475.SZ,57.29,60.78,56.6,60.42,1579397
2026-07-21,002475.SZ,59.88,61.68,58.8,59.16,1062223
2026-07-22,002475.SZ,59.16,61.98,58.65,61.19,1209696
2026-07-23,002475.SZ,60,62.49,59.6,60.59,757369
2026-07-26,002475.SZ,61,63.02,60.35,62.89,1050501
2026-07-27,002475.SZ,61.8,62.68,59.8,60.1,1016612
2026-07-28,002475.SZ,60.55,62.5,59.2,62.35,1426372
2026-07-29,002475.SZ,61.36,61.87,57.02,58.35,1660630
2026-07-30,002475.SZ,60.4,60.83,57.01,57.48,1816800
2026-08-02,002475.SZ,55.9,56,53.12,53.71,1861212
2026-08-03,002475.SZ,54,56,53.6,55.48,1291502
2026-08-04,002475.SZ,52.71,56.51,52.65,55.87,2242420
2026-08-05,002475.SZ,54.15,57.95,53.7,55.9,1720575
2026-08-06,002475.SZ,56.13,58,55.88,56.99,1626406
2026-08-09,002475.SZ,57.5,57.86,55,55.79,1207651
2026-08-10,002475.SZ,55.31,56.23,54.52,55.63,846677
2026-08-11,002475.SZ,55.68,57.58,55.3,57.35,1126365
2026-08-12,002475.SZ,57.99,58.75,56.05,56.06,1082469
2026-08-13,002475.SZ,56.6,56.88,55.8,56.58,717045
2026-08-16,002475.SZ,56.61,58.88,56.31,58.84,1265790
2026-08-17,002475.SZ,58.87,59.5,57.04,57.74,939334
2026-08-18,002475.SZ,56.6,56.6,53.06,53.5,1583354
2026-08-19,002475.SZ,53.96,54.14,52.8,53.34,889389
2026-08-20,002475.SZ,52.98,55.22,52.81,54.65,988123
2026-08-23,002475.SZ,54.83,55.4,52.68,53.72,908775
2026-08-24,002475.SZ,52.6,55.69,51.88,54.86,1336501
2026-08-25,002475.SZ,54.99,58,53.8,57.11,1552130
2026-08-26,002475.SZ,57.7,57.77,56.12,57.18,1110962
2026-08-27,002475.SZ,57.89,58.44,56.5,56.6,1085035
2026-08-30,002475.SZ,55.9,57.7,55.43,57.62,946222
2026-08-31,002475.SZ,57.55,57.66,56.3,56.92,687842
2026-09-01,002475.SZ,56.7,57.9,56.41,57.08,919129
2026-09-02,002475.SZ,57.49,57.99,55.84,56.17,910668
2026-09-03,002475.SZ,56.98,56.98,54.08,54.3,1108347
2026-09-06,002475.SZ,54.6,56.4,54.54,55.93,1061462
2026-09-07,002475.SZ,55.9,56.39,54.89,55.06,690124
2026-09-08,002475.SZ,55.53,56.39,55.44,55.86,716680
2026-09-09,002475.SZ,55,55.45,54.31,54.45,773590
2026-09-10,002475.SZ,53.84,55.92,53.35,55.39,872601
2026-09-13,002475.SZ,54.49,54.89,52.6,52.78,1205436
2026-09-14,002475.SZ,52.35,53.26,51.55,51.63,868745
2026-09-15,002475.SZ,51.6,53.18,51,52.89,812015
2026-09-16,002475.SZ,52.39,53.06,52.01,52.13,590506
2026-09-17,002475.SZ,52.99,54.7,52.56,54.1,1250306
2026-09-20,002475.SZ,54.63,54.99,54.04,54.44,645085
2026-09-21,002475.SZ,54.98,55.8,54.68,54.84,836511
2026-09-22,002475.SZ,54.9,55.13,54.14,54.37,408571
2026-09-23,002475.SZ,54.15,54.15,51.89,52,707971
2026-09-27,002475.SZ,52.06,52.17,49.3,49.92,928595
2026-09-28,002475.SZ,49.92,50.88,49.8,50.4,540376
2026-09-29,002475.SZ,50.5,50.88,49.04,49.43,636200
2022-08-16,002371.SZ,314.05,316.08,306.5,315.08,83961
2022-08-17,002371.SZ,311,318.29,308,315.63,59703
2022-08-18,002371.SZ,313.89,318.88,305,306.62,63692
2022-08-21,002371.SZ,307,311.8,302.5,308.49,45670
2022-08-22,002371.SZ,307.01,308.39,298.1,299.78,62229
2022-08-23,002371.SZ,299.78,299.9,287.01,287.83,64351
2022-08-24,002371.SZ,288.99,290.69,283,288.08,46337
2022-08-25,002371.SZ,290,291.16,282.44,282.54,48643
2022-08-28,002371.SZ,278,295,276.88,284.28,71978
2022-08-29,002371.SZ,285.8,291.5,282.28,287.51,57831
2022-08-30,002371.SZ,286,288.83,277,282.04,59090
2022-08-31,002371.SZ,288,292.49,279.3,280.85,62606
2022-09-01,002371.SZ,282,289.52,278.5,285.55,61118
2022-09-04,002371.SZ,283,290.2,272.01,290.02,73894
2022-09-05,002371.SZ,289.91,295,287.18,290.01,55294
2022-09-06,002371.SZ,295.98,316.6,295.01,315,101340
2022-09-07,002371.SZ,311.75,319.99,307.73,313.03,60824
2022-09-08,002371.SZ,312.01,315,308,312.51,43688
2022-09-12,002371.SZ,314,321.3,311.2,314.03,35145
2022-09-13,002371.SZ,307.8,328.78,306.01,326.41,69290
2022-09-14,002371.SZ,323,325,302.63,311,82474
2022-09-15,002371.SZ,308,323.88,306,315.76,65519
2022-09-18,002371.SZ,313.1,325,312.4,316,64568
2022-09-19,002371.SZ,316,317.9,297.85,310.35,56060
2022-09-20,002371.SZ,307.02,309.23,296.3,297.22,57773
2022-09-21,002371.SZ,295.02,300,289.41,295.88,43052
2022-09-22,002371.SZ,296,297.89,282.83,285,52977
2022-09-25,002371.SZ,281.12,296.5,281.05,291.05,48774
2022-09-26,002371.SZ,291.1,300.65,288.98,294.98,46672
2022-09-27,002371.SZ,294.96,294.99,283.03,285.22,32285
2022-09-28,002371.SZ,285.38,293.8,277.8,291.78,48463
2022-09-29,002371.SZ,294.8,294.8,278.02,278.4,44072
2022-10-09,002371.SZ,265,265,250.56,250.56,43788
2022-10-10,002371.SZ,238,240,225.5,225.5,120588
2022-10-11,002371.SZ,221.51,232.99,211.97,232,166058
2022-10-12,002371.SZ,225.16,231,220.96,221.8,123470
2022-10-13,002371.SZ,226.2,226.88,213.11,224.88,154709
2022-10-16,002371.SZ,219.43,245.44,218.56,243,171904
2022-10-17,002371.SZ,240,241.8,233.3,238.9,99294
2022-10-18,002371.SZ,236.79,244.07,234.28,241,77294
2022-10-19,002371.SZ,238,265.1,237.93,265.1,112125
2022-10-20,002371.SZ,260,270.89,248.95,262.62,110690
2022-10-23,002371.SZ,259,275.54,257,265.9,93406
2022-10-24,002371.SZ,262.2,271.88,258.31,261.69,74223
2022-10-25,002371.SZ,261,268,257.66,261.8,84278
2022-10-26,002371.SZ,260.23,268.08,255.61,262.95,88779
2022-10-27,002371.SZ,258.78,274,258,265.9,88459
2022-10-30,002371.SZ,267.97,273.85,260.51,265.7,82265
2022-10-31,002371.SZ,263,265.99,258,264.92,72518
2022-11-01,002371.SZ,262.8,270,259.9,261.65,76916
2022-11-02,002371.SZ,258,271.65,257,267.5,80131
2022-11-03,002371.SZ,266.07,274.47,261.7,272.6,96022
2022-11-06,002371.SZ,270.6,277.5,263,263.65,83256
2022-11-07,002371.SZ,263.4,264.99,255.58,258.46,65261
2022-11-08,002371.SZ,258.36,260.88,247,249.6,89218
2022-11-09,002371.SZ,247.2,250.96,233.2,235,153065
2022-11-10,002371.SZ,246.75,247.98,237.79,238.22,134050
2022-11-13,002371.SZ,237,242.74,234.45,237.48,81907
2022-11-14,002371.SZ,239.48,253,237.01,250.01,136570
2022-11-15,002371.SZ,250,250,241.01,242.13,78583
2022-11-16,002371.SZ,240.41,242.58,231.02,242.45,106455
2022-11-17,002371.SZ,239.99,244.9,230.01,230.53,105524
2022-11-20,002371.SZ,228,233,226.77,230.7,51668
2022-11-21,002371.SZ,230,235,224.77,229.71,66867
2022-11-22,002371.SZ,228.33,229.91,221.67,225.76,78839
2022-11-23,002371.SZ,227,232.23,225.58,229.62,61585
2022-11-24,002371.SZ,227,234.44,224.5,225.01,79383
2022-11-27,002371.SZ,220,224.62,218.77,224,60139
2022-11-28,002371.SZ,224,228,220.44,225.01,69513
2022-11-29,002371.SZ,224.15,228.21,221,222.89,67113
2022-11-30,002371.SZ,226,232.2,224.57,230.99,114509
2022-12-01,002371.SZ,229,232.65,225.16,226.93,84116
2022-12-04,002371.SZ,226.92,227.5,221,224.35,74282
2022-12-05,002371.SZ,224.35,240.88,223.01,238.3,169076
2022-12-06,002371.SZ,239,241.98,236.5,239.32,87323
2022-12-07,002371.SZ,239,241.12,235.16,238,55375
2022-12-08,002371.SZ,239,249.01,239,244.81,122131
2022-12-11,002371.SZ,245,250,240.5,243.96,94831
2022-12-12,002371.SZ,243.96,243.96,234.38,235.3,96117
2022-12-13,002371.SZ,249.9,250.55,240.29,242.3,197986
2022-12-14,002371.SZ,238.61,253.5,238.06,247.12,118379
2022-12-15,002371.SZ,244,244.83,238,241.22,80774
2022-12-18,002371.SZ,239,241.17,234,234.4,61662
2022-12-19,002371.SZ,232,236.98,229.2,231.83,52143
2022-12-20,002371.SZ,231.78,232.2,225.33,228,48829
2022-12-21,002371.SZ,228.89,229.49,222.65,222.95,52398
2022-12-22,002371.SZ,218.15,222,216,217.82,62055
2022-12-25,002371.SZ,217.39,224.26,217.39,223.76,55825
2022-12-26,002371.SZ,223.76,228.2,221.8,227.52,49617
2022-12-27,002371.SZ,225.8,227.32,222.01,224.8,43791
2022-12-28,002371.SZ,225.28,231.33,223.93,227.64,62169
2022-12-29,002371.SZ,230.2,230.79,224.25,225.3,43693
2023-01-02,002371.SZ,224.01,231,222.06,230.3,62173
2023-01-03,002371.SZ,230.35,234.98,225.16,226.3,81668
2023-01-04,002371.SZ,226,229.96,224,228.31,62079
2023-01-05,002371.SZ,226.95,231.1,225.1,228.32,62986
2023-01-08,002371.SZ,229,233,226.5,229.4,69655
2023-01-09,002371.SZ,229.4,234.66,228.5,230.5,87160
2023-01-10,002371.SZ,234.5,240,228.3,228.9,116123
2023-01-11,002371.SZ,231.1,231.28,223.99,225.61,60191
2023-01-12,002371.SZ,226.32,227.28,224.05,227.11,43625
2023-01-15,002371.SZ,225,238.88,224.16,236,123863
2023-01-16,002371.SZ,235.87,243.93,235,242.56,94804
2023-01-17,002371.SZ,242.58,244,238.07,239.2,49303
2023-01-18,002371.SZ,238.9,245.88,238,245.66,64966
2023-01-19,002371.SZ,245,247.3,242.16,245.69,58255
2023-01-29,002371.SZ,247.52,248.8,243.5,244.13,83016
2023-01-30,002371.SZ,243,244.97,233.7,234.29,115794
2023-01-31,002371.SZ,234.3,238.87,234.3,238.16,74435
2023-02-01,002371.SZ,242.63,261.18,241.99,255.59,197226
2023-02-02,002371.SZ,253,256,249.61,252.81,81570
2023-02-05,002371.SZ,254,257.58,249.11,254,81469
2023-02-06,002371.SZ,254.6,254.8,247.17,249.64,73597
2023-02-07,002371.SZ,248.42,252,244.16,244.96,64443
2023-02-08,002371.SZ,243,253.5,241.38,253.2,95492
2023-02-09,002371.SZ,251.33,253.78,245.08,248.49,72754
2023-02-12,002371.SZ,244,253,240.7,252.29,81165
2023-02-13,002371.SZ,251.5,260.55,245.11,248.26,89615
2023-02-14,002371.SZ,250,257,246.16,255.93,85125
2023-02-15,002371.SZ,254.11,261.9,250,251.1,91138
2023-02-16,002371.SZ,250,250.96,236.78,238.04,124837
2023-02-19,002371.SZ,236.48,239.83,234,239.07,66256
2023-02-20,002371.SZ,238.45,241.46,236.33,239.05,44280
2023-02-21,002371.SZ,236.96,243.5,236.61,240.91,53644
2023-02-22,002371.SZ,239,242.3,237.56,240.1,40220
2023-02-23,002371.SZ,241.36,242.4,237,237.33,42068
2023-02-26,002371.SZ,235.73,236.33,230.16,230.77,61770
2023-02-27,002371.SZ,231.98,235.38,229,233.25,50941
2023-02-28,002371.SZ,231.76,233.66,230.3,233.65,52609
2023-03-01,002371.SZ,239,241.04,234,234.7,73597
2023-03-02,002371.SZ,241.99,249,240.88,248.94,170844
2023-03-05,002371.SZ,246,257.5,245,254.88,125428
2023-03-06,002371.SZ,254.88,257.28,247.25,247.66,87405
2023-03-07,002371.SZ,247.66,252.99,246.3,248.98,64635
2023-03-08,002371.SZ,250,261.68,249.4,258.29,154500
2023-03-09,002371.SZ,257.11,266.66,256.5,261.17,128190
2023-03-12,002371.SZ,260.99,265.9,258.4,262.84,87359
2023-03-13,002371.SZ,260,282,259.41,278,161845
2023-03-14,002371.SZ,282.64,282.9,270.51,272,123210
2023-03-15,002371.SZ,270.71,274.8,263.95,267,106256
2023-03-16,002371.SZ,273.26,273.6,264,270,104024
2023-03-19,002371.SZ,269.19,282.21,266.35,277.29,130968
2023-03-20,002371.SZ,274.3,278.49,267.78,273.79,92754
2023-03-21,002371.SZ,274,274.91,265,267.52,87060
2023-03-22,002371.SZ,264.93,271.7,263.91,268.35,105097
2023-03-23,002371.SZ,267,267,256.95,259.01,122890
2023-03-26,002371.SZ,259,259,250.77,252.42,103687
2023-03-27,002371.SZ,251.3,253.8,247.16,247.34,68959
2023-03-28,002371.SZ,247.4,272.07,246.68,271.87,215214
2023-03-29,002371.SZ,269.99,272.5,260.02,263.97,142715
2023-03-30,002371.SZ,264.2,268.88,260.5,265.85,94439
2023-04-02,002371.SZ,270.1,281.88,269,279.89,169392
2023-04-03,002371.SZ,277,296.66,276.5,283.33,167204
2023-04-05,002371.SZ,283.33,311.66,283,307.43,213882
2023-04-06,002371.SZ,307.43,313.62,305.61,312.66,126147
2023-04-09,002371.SZ,313.2,318.88,297,299.7,139443
2023-04-10,002371.SZ,300.82,304.85,291.04,295.4,116010
2023-04-11,002371.SZ,296.12,300.86,288.45,296.2,89232
2023-04-12,002371.SZ,292.9,293.74,284.14,286.01,105785
2023-04-13,002371.SZ,300,314.61,298.5,314.61,165535
2023-04-16,002371.SZ,327,338.81,323.51,328.9,206795
2023-04-17,002371.SZ,326.21,327.96,315,322.5,134148
2023-04-18,002371.SZ,319.99,333.54,319.9,327.6,160314
2023-04-19,002371.SZ,321.62,354.86,321,352,175592
2023-04-20,002371.SZ,348.99,358.03,336.06,337.27,134178
2023-04-23,002371.SZ,339,342.55,329.37,332.91,109048
2023-04-24,002371.SZ,337.3,342.2,325.2,330.88,131466
2023-04-25,002371.SZ,328.36,338.48,319.96,334.99,133772
2023-04-26,002371.SZ,329.48,349.48,326.18,336.3,116863
2023-04-27,002371.SZ,336.31,344.15,328.9,334.52,111718
2023-05-03,002371.SZ,334.78,334.78,319.11,322.32,90844
2023-05-04,002371.SZ,320,329.25,319.51,322.13,77677
2023-05-07,002371.SZ,302.14,314.58,295.03,301.23,154756
2023-05-08,002371.SZ,301.23,311.13,301,301.18,82871
2023-05-09,002371.SZ,298.96,299.99,286,289.5,109350
2023-05-10,002371.SZ,294.81,296.22,287,289.7,56268
2023-05-11,002371.SZ,291.01,298.35,283.5,285.7,74910
2023-05-14,002371.SZ,282,289.52,280.1,288.72,71492
2023-05-15,002371.SZ,288.72,298.87,285.33,296.95,97260
2023-05-16,002371.SZ,296.33,305.85,295,300.76,72773
2023-05-17,002371.SZ,299,304.5,298.13,301.24,48401
2023-05-18,002371.SZ,303,305.7,297.24,301.28,56379
2023-05-21,002371.SZ,301.49,303.9,296,297.31,37055
2023-05-22,002371.SZ,296.36,296.36,290.73,291.48,44761
2023-05-23,002371.SZ,291.32,302.01,288.6,297.51,70195
2023-05-24,002371.SZ,296.52,299.9,294.01,299.16,44587
2023-05-25,002371.SZ,300.5,305.68,298.02,301.6,46085
2023-05-28,002371.SZ,303.5,309.38,299.09,304.55,77312
2023-05-29,002371.SZ,301.49,306.64,295.57,305.11,74976
2023-05-30,002371.SZ,304.01,309.38,301,303.45,51912
2023-05-31,002371.SZ,299.99,300.81,294.2,296.65,70166
2023-06-01,002371.SZ,296.85,301.5,293.89,298.19,55083
2023-06-04,002371.SZ,319.9,328.01,315.18,317,164501
2023-06-05,002371.SZ,313.5,317.1,307.82,309.5,92055
2023-06-06,002371.SZ,309.5,312.73,305.01,308,59168
2023-06-07,002371.SZ,307.23,307.33,299,301.9,54931
2023-06-08,002371.SZ,301.9,307,297.55,307,69506
2023-06-11,002371.SZ,304.88,316.99,304.01,315.8,77167
2023-06-12,002371.SZ,314.71,321.23,311.5,320.5,66417
2023-06-13,002371.SZ,318.49,322.88,316.3,316.6,56492
2023-06-14,002371.SZ,316.6,320.12,313.15,317.45,51707
2023-06-15,002371.SZ,315.33,320.58,314.5,320.4,51127
2023-06-18,002371.SZ,318.6,319.73,313.35,315.57,51947
2023-06-19,002371.SZ,313,315,310,310.97,54496
2023-06-20,002371.SZ,307.9,310.97,294.52,294.9,89027
2023-06-25,002371.SZ,294,300.88,291.2,298.15,57863
2023-06-26,002371.SZ,298.15,306,297,300.98,46474
2023-06-27,002371.SZ,301,325,300.98,314.03,107336
2023-06-28,002371.SZ,313.6,318.6,310,311.79,46784
2023-06-29,002371.SZ,310.05,319.98,307.05,317.65,50701
2023-07-02,002371.SZ,322.98,324.98,298.89,303.92,108859
2023-07-03,002371.SZ,302.91,310.77,301,306.54,52946
2023-07-04,002371.SZ,304.02,305.3,294,295,73175
2023-07-05,002371.SZ,293.5,294,286.01,289.99,54682
2023-07-06,002371.SZ,288.11,288.11,283.65,285.14,43339
2023-07-09,002371.SZ,284.01,287.99,283.32,286.48,38364
2023-07-10,002371.SZ,286.2,294.11,285.01,293.77,63195
2023-07-11,002371.SZ,293,293,284,284.76,61635
2023-07-12,002371.SZ,285.15,290.63,284.66,289.53,50251
2023-07-13,002371.SZ,290.4,299.1,287.77,298.9,97200
2023-07-16,002371.SZ,300,302,286.58,288.7,102397
2023-07-17,002371.SZ,288,290.88,285.5,286.56,56369
2023-07-18,002371.SZ,285.13,287.5,272.98,276.63,101524
2023-07-19,002371.SZ,276.6,278.8,274.5,276.97,45053
2023-07-20,002371.SZ,274.98,274.98,268.18,269.38,62363
2023-07-23,002371.SZ,268,270.16,266.8,267.44,30802
2023-07-24,002371.SZ,269.99,278.73,267.89,274.51,55573
2023-07-25,002371.SZ,272.94,281.3,272.52,277.76,61399
2023-07-26,002371.SZ,276.01,277.49,273.03,273.83,33172
2023-07-27,002371.SZ,273.85,278.8,273.25,276,40219
2023-07-30,002371.SZ,276,285,275,283.83,70146
2023-07-31,002371.SZ,283.68,283.68,278.45,281.68,43051
2023-08-01,002371.SZ,280,285.68,279.01,283.29,52339
2023-08-02,002371.SZ,281.32,287.23,280.8,283.8,38770
2023-08-03,002371.SZ,284.33,285.8,278.22,281.51,48259
2023-08-06,002371.SZ,280.47,283.95,280.03,283.1,28010
2023-08-07,002371.SZ,282.49,284.98,281.97,283.39,25749
2023-08-08,002371.SZ,282.2,282.99,278.3,280.52,32030
2023-08-09,002371.SZ,280.48,288.88,280.45,284.66,46343
2023-08-10,002371.SZ,284.75,285.96,278.6,278.6,35976
2023-08-13,002371.SZ,275.43,276.5,272.72,273.01,32685
2023-08-14,002371.SZ,274.01,275.88,265.55,271.01,38353
2023-08-15,002371.SZ,270.03,273.2,261.45,261.55,46924
2023-08-16,002371.SZ,261.28,267.83,259.4,264.12,36101
2023-08-17,002371.SZ,263.8,264.69,257,257,33910
2023-08-20,002371.SZ,258.59,261.59,255.58,255.67,28551
2023-08-21,002371.SZ,257.08,259.13,250.33,257.75,44984
2023-08-22,002371.SZ,257.76,258.13,250.71,251.12,26113
2023-08-23,002371.SZ,253.02,262.35,251.53,259.83,54073
2023-08-24,002371.SZ,256.76,259.45,255.36,257,33582
2023-08-27,002371.SZ,272.22,274.15,251.98,254,68959
2023-08-28,002371.SZ,250.29,262.03,250.12,261.41,55479
2023-08-29,002371.SZ,266.5,274.88,264,268.15,87751
2023-08-30,002371.SZ,267.99,273.04,264,271.26,62085
2023-08-31,002371.SZ,273.98,283.47,272.36,273.02,75237
2023-09-03,002371.SZ,275.06,276,268.1,271,63706
2023-09-04,002371.SZ,271.83,274.48,269.88,271.3,59077
2023-09-05,002371.SZ,270.03,280.5,269,280.4,104497
2023-09-06,002371.SZ,276.99,277.3,264.23,264.5,96213
2023-09-07,002371.SZ,262.75,268.5,262,266.5,50570
2023-09-10,002371.SZ,265,267.97,259.07,266.11,54243
2023-09-11,002371.SZ,264.11,266.37,263.88,264,26883
2023-09-12,002371.SZ,262.62,265.29,258.02,259.65,38539
2023-09-13,002371.SZ,259.67,261,251,251.96,65742
2023-09-14,002371.SZ,252.09,255.6,247.8,249.15,63790
2023-09-17,002371.SZ,247,250.12,245,245.48,46568
2023-09-18,002371.SZ,245.48,246.18,231.55,239.9,86860
2023-09-19,002371.SZ,238.76,240.93,233.58,233.98,66215
2023-09-20,002371.SZ,233,235.3,231.8,232.41,45901
2023-09-21,002371.SZ,232,235,230.37,234.5,68772
2023-09-24,002371.SZ,234,236.92,231.66,235,64748
2023-09-25,002371.SZ,233.5,236.18,232.6,232.61,42611
2023-09-26,002371.SZ,232.6,236.6,231.13,232.95,48200
2023-09-27,002371.SZ,233,247.89,230.7,241.3,114314
2023-10-08,002371.SZ,239.23,247.53,238.56,246.25,71136
2023-10-09,002371.SZ,245,250.89,244.27,247.85,63128
2023-10-10,002371.SZ,247.85,248.49,241.81,244.29,58026
2023-10-11,002371.SZ,245.7,255.11,245.12,253.48,84218
2023-10-12,002371.SZ,249.88,249.93,241.54,248.7,76903
2023-10-15,002371.SZ,248.2,248.5,242.08,243.1,43339
2023-10-16,002371.SZ,244.66,249.35,241.5,246.67,48141
2023-10-17,002371.SZ,247.88,253.58,243.81,244.23,74087
2023-10-18,002371.SZ,242.62,249.8,242.2,243.13,47051
2023-10-19,002371.SZ,240.07,244.68,238.5,239.74,39197
2023-10-22,002371.SZ,239.73,240.5,233,234.6,35746
2023-10-23,002371.SZ,235.2,252.5,235.01,249.5,94578
2023-10-24,002371.SZ,251.01,251.6,245.3,248.01,55757
2023-10-25,002371.SZ,245.81,250,243.5,249.33,53087
2023-10-26,002371.SZ,246.8,254,245.51,251.79,60977
2023-10-29,002371.SZ,250,260.28,249.1,257.8,80636
2023-10-30,002371.SZ,262,264.66,252.85,256,70506
2023-10-31,002371.SZ,255.55,255.61,250.02,252.45,51373
2023-11-01,002371.SZ,252,253.97,249.17,250.2,35905
2023-11-02,002371.SZ,250.56,258,249.72,257.04,62017
2023-11-05,002371.SZ,259.03,259.5,254.58,258.74,64462
2023-11-06,002371.SZ,258,260.39,254.8,256.35,54552
2023-11-07,002371.SZ,255.12,265.5,254.54,259.97,81336
2023-11-08,002371.SZ,258.16,261.25,256.36,257.05,44243
2023-11-09,002371.SZ,258.1,259.59,255,256.01,40807
2023-11-12,002371.SZ,256.69,258.98,255.64,257.13,34233
2023-11-13,002371.SZ,255.81,258.74,255.07,257.03,30134
2023-11-14,002371.SZ,258.3,258.95,253.03,253.8,44057
2023-11-15,002371.SZ,252.88,253.8,246.2,248,50144
2023-11-16,002371.SZ,247.01,250.79,246.11,247,35441
2023-11-19,002371.SZ,247.01,247.57,242.12,242.31,55460
2023-11-20,002371.SZ,242.36,244.26,240.2,240.54,43467
2023-11-21,002371.SZ,239.01,240.25,235.44,235.6,46346
2023-11-22,002371.SZ,235,238.68,233.36,238.6,39308
2023-11-23,002371.SZ,237.98,238.7,235.2,235.75,33584
2023-11-26,002371.SZ,234.46,240.47,233.85,240.46,47183
2023-11-27,002371.SZ,239.5,241.9,238.3,240.29,32815
2023-11-28,002371.SZ,240.7,241.93,235.85,236.02,44770
2023-11-29,002371.SZ,235,236.47,233.5,234.55,36346
2023-11-30,002371.SZ,234.7,235.8,225.29,232.84,70401
2023-12-03,002371.SZ,231.99,235.6,229.31,229.41,41370
2023-12-04,002371.SZ,228.97,228.98,223.9,223.95,40099
2023-12-05,002371.SZ,222,225.52,222,223,36253
2023-12-06,002371.SZ,222.78,222.88,213.42,216.52,74658
2023-12-07,002371.SZ,216.52,223.98,216.52,222.23,69513
2023-12-10,002371.SZ,220.54,228.77,218.5,228,62372
2023-12-11,002371.SZ,227,228.65,225.62,227.36,34971
2023-12-12,002371.SZ,227.17,230.8,225.71,226.71,31533
2023-12-13,002371.SZ,227.88,228.98,224.9,225.95,28563
2023-12-14,002371.SZ,226.8,227.9,224.01,225,28709
2023-12-17,002371.SZ,223.5,225.44,220.6,221.06,34685
2023-12-18,002371.SZ,220.27,234.51,220.08,229.1,81060
2023-12-19,002371.SZ,230.05,232.05,227.26,229.3,52267
2023-12-20,002371.SZ,229.31,237.27,228.8,235.96,76050
2023-12-21,002371.SZ,235.46,235.95,230,231,47372
2023-12-24,002371.SZ,230,232.74,229,230.16,24373
2023-12-25,002371.SZ,229.31,229.78,224,225.49,32923
2023-12-26,002371.SZ,225.5,239.98,225.5,238.6,96683
2023-12-27,002371.SZ,237.88,248,237.24,245.6,79393
2023-12-28,002371.SZ,245.62,247.49,243.38,245.71,46362
2024-01-01,002371.SZ,245.73,245.91,239.35,240.3,41067
2024-01-02,002371.SZ,239.51,246.6,238.42,240.48,43118
2024-01-03,002371.SZ,238.95,243.47,235.13,236.25,35031
2024-01-04,002371.SZ,236,239.95,231.97,234.13,33083
2024-01-07,002371.SZ,233.5,235,226.05,226.18,37631
2024-01-08,002371.SZ,227.56,229.35,222.66,228.08,45534
2024-01-09,002371.SZ,227,231.94,223.38,226.8,36461
2024-01-10,002371.SZ,226.79,234.89,226.06,232.6,45260
2024-01-11,002371.SZ,231.96,233.64,229.69,232,26775
2024-01-14,002371.SZ,231.5,237.6,228.6,231.99,37738
2024-01-15,002371.SZ,240,245,238,244.01,97286
2024-01-16,002371.SZ,243.76,245.71,240.7,242.3,60984
2024-01-17,002371.SZ,240.88,256.78,240.02,255.77,125064
2024-01-18,002371.SZ,254.1,256.65,249.38,250.7,64637
2024-01-21,002371.SZ,250.7,256.17,247.8,250.2,84689
2024-01-22,002371.SZ,247.81,254.43,245.58,249.99,65123
2024-01-23,002371.SZ,250,253.16,241.23,252.12,77208
2024-01-24,002371.SZ,250,256,248.46,254.21,61266
2024-01-25,002371.SZ,251.92,254.48,247,247.5,53478
2024-01-28,002371.SZ,247.4,250.64,240.1,241.7,50234
2024-01-29,002371.SZ,240.86,240.86,228.58,229.35,56786
2024-01-30,002371.SZ,227.02,231.8,224.09,227.76,55449
2024-01-31,002371.SZ,227.53,240.14,227.3,235.6,64776
2024-02-01,002371.SZ,234.8,237.5,225.03,231.4,58420
2024-02-04,002371.SZ,228.16,245,227.71,240.95,84536
2024-02-05,002371.SZ,238.2,251.48,238.12,251,77505
2024-02-06,002371.SZ,250.26,252.82,246.66,249.11,59207
2024-02-07,002371.SZ,253,258.8,248.6,250.3,75072
2024-02-18,002371.SZ,258,259.88,254.01,258.5,68273
2024-02-19,002371.SZ,257.5,259.2,252.46,255.1,44070
2024-02-20,002371.SZ,253.65,264.4,252,260.5,70528
2024-02-21,002371.SZ,261,264.58,260.01,263.05,43101
2024-02-22,002371.SZ,263.08,265.5,259.57,261.66,46816
2024-02-25,002371.SZ,262.3,263.72,257.79,258.53,43463
2024-02-26,002371.SZ,257.11,268.47,256.6,268.2,56728
2024-02-27,002371.SZ,268.95,271.68,261.2,261.43,52358
2024-02-28,002371.SZ,266,286.9,265.64,284.06,116847
2024-02-29,002371.SZ,286,294.8,284.23,292.15,94921
2024-03-03,002371.SZ,292.59,297.58,288,292.17,68094
2024-03-04,002371.SZ,290.98,293.83,286.01,291.12,54258
2024-03-05,002371.SZ,291.1,293.55,288,291,39896
2024-03-06,002371.SZ,293.77,301.58,289.89,291.27,65040
2024-03-07,002371.SZ,293.99,302.65,293.1,301.87,81388
2024-03-10,002371.SZ,299.04,307.4,298.51,303.69,57288
2024-03-11,002371.SZ,301,306.99,297.2,298.41,74173
2024-03-12,002371.SZ,300,301.7,290.64,292.5,68007
2024-03-13,002371.SZ,291.99,293.79,288.06,289.78,55765
2024-03-14,002371.SZ,289.78,290.2,282.8,289.03,57263
2024-03-17,002371.SZ,288.05,298.77,288,298.06,66208
2024-03-18,002371.SZ,297,300.8,294.93,295.08,44175
2024-03-19,002371.SZ,294.9,297.57,291.75,296.2,31432
2024-03-20,002371.SZ,300.7,306.68,299,301.1,56773
2024-03-21,002371.SZ,301.1,316.99,300.33,312.51,89615
2024-03-24,002371.SZ,311.86,326.5,307.91,316.8,74158
2024-03-25,002371.SZ,317.5,323,308.69,310.88,63144
2024-03-26,002371.SZ,312.43,313.5,304.58,308.55,51304
2024-03-27,002371.SZ,308.53,309.66,302.5,306.69,49717
2024-03-28,002371.SZ,306.1,311.5,298.93,305.6,48207
2024-03-31,002371.SZ,308,315.56,306.5,308,49912
2024-04-01,002371.SZ,307,308.98,296,298.6,66601
2024-04-02,002371.SZ,298.54,302,293.01,297.68,43491
2024-04-07,002371.SZ,302,306.55,299.1,300.18,46333
2024-04-08,002371.SZ,298.5,301.2,294.02,299.07,28815
2024-04-09,002371.SZ,298.16,300,288.97,291.28,40755
2024-04-10,002371.SZ,289.11,293.99,288.88,290.77,32277
2024-04-11,002371.SZ,289.98,292.8,287.2,290,35494
2024-04-14,002371.SZ,302,315,301.18,313.02,90578
2024-04-15,002371.SZ,310.01,314,307.3,309.03,51383
2024-04-16,002371.SZ,309.31,311.47,306,310.75,55557
2024-04-17,002371.SZ,308,313.8,305.08,305.22,53933
2024-04-18,002371.SZ,304,305.52,295.5,298.48,46631
2024-04-21,002371.SZ,293.99,300.26,291.12,297.92,39521
2024-04-22,002371.SZ,298,304.5,297.45,302.86,40786
2024-04-23,002371.SZ,304,308.8,302.47,305,33388
2024-04-24,002371.SZ,303.37,307.48,300.2,306.34,30039
2024-04-25,002371.SZ,305.1,314.9,305.1,313.66,50200
2024-04-28,002371.SZ,313.2,324.58,312.18,323,61908
2024-04-29,002371.SZ,323.32,323.98,314.11,319,60379
2024-05-05,002371.SZ,323.1,325.8,317.6,318.79,41345
2024-05-06,002371.SZ,317.9,320.48,313,317.1,38103
2024-05-07,002371.SZ,316,318.5,311.45,312.81,30404
2024-05-08,002371.SZ,312.8,314.56,310.01,314.03,48471
2024-05-09,002371.SZ,314.19,314.48,286,297.95,148179
2024-05-12,002371.SZ,294,299.6,289.96,291.6,81472
2024-05-13,002371.SZ,293.9,295.65,283.83,291.3,67540
2024-05-14,002371.SZ,288,295.5,287,290.05,33199
2024-05-15,002371.SZ,292,295,288.99,291.82,40547
2024-05-16,002371.SZ,291,292.44,288.19,291,30713
2024-05-19,002371.SZ,289.73,293.28,288.44,290.8,34190
2024-05-20,002371.SZ,289.85,298.38,289.73,295.8,49898
2024-05-21,002371.SZ,295.96,296.48,290.4,293.16,33353
2024-05-22,002371.SZ,293.19,298.68,291.5,293.16,37706
2024-05-23,002371.SZ,291.76,293.45,287,287,32778
2024-05-26,002371.SZ,286.97,304.06,285.58,304,77706
2024-05-27,002371.SZ,306.8,313,303.52,304.98,71350
2024-05-28,002371.SZ,303.6,305.36,296.43,298.7,41312
2024-05-29,002371.SZ,297,302.6,296.01,299.9,35291
2024-05-30,002371.SZ,299.72,299.8,293.35,293.35,42368
2024-06-02,002371.SZ,294.02,312.99,294,308.88,83607
2024-06-03,002371.SZ,308.88,314.9,307,313.11,45441
2024-06-04,002371.SZ,314,318.63,313.11,314.98,44404
2024-06-05,002371.SZ,317.03,326,316.5,320.04,80246
2024-06-06,002371.SZ,320.04,327.84,314.07,318.39,68729
2024-06-10,002371.SZ,322,330,322,326.81,77010
2024-06-11,002371.SZ,332.3,332.8,323,325.04,58004
2024-06-12,002371.SZ,330,335.7,326.18,328.2,64779
2024-06-13,002371.SZ,326.99,332.88,321.02,322.8,82601
2024-06-16,002371.SZ,323.03,337.78,323.03,333.34,72140
2024-06-17,002371.SZ,333,337.25,330.46,333.8,40775
2024-06-18,002371.SZ,334.51,336.8,326,328.85,50043
2024-06-19,002371.SZ,328,337.7,327.23,330.55,55916
2024-06-20,002371.SZ,326.1,331.9,324.75,330.11,39903
2024-06-23,002371.SZ,330.09,334.6,324.5,325.7,37809
2024-06-24,002371.SZ,324,325.5,312.6,314.64,54896
2024-06-25,002371.SZ,315.62,322.83,311.33,319.55,47819
2024-06-26,002371.SZ,318.01,323.9,314.43,319.66,46776
2024-06-27,002371.SZ,317,322,315.61,319.89,39200
2024-06-30,002371.SZ,318.9,326.79,314.89,324.86,36758
2024-07-01,002371.SZ,325.06,326.15,314.45,318.01,37751
2024-07-02,002371.SZ,317.97,322.5,312.58,319.36,30565
2024-07-03,002371.SZ,316.43,320.78,315.36,316.79,21164
2024-07-04,002371.SZ,316.75,317.35,308.8,314.33,32382
2024-07-07,002371.SZ,314.62,321.89,313.78,316.6,36442
2024-07-08,002371.SZ,317.02,326,314.36,324.79,51260
2024-07-09,002371.SZ,323.88,325.8,317.3,319.58,43032
2024-07-10,002371.SZ,323.19,323.6,301.05,313.27,107539
2024-07-11,002371.SZ,311,330,309,328.57,90849
2024-07-14,002371.SZ,330,336.9,328.69,334.85,62045
2024-07-15,002371.SZ,334,350,332.73,347.57,78862
2024-07-16,002371.SZ,347.34,353.99,345.82,347.6,61872
2024-07-17,002371.SZ,344.5,356.81,340.66,355.66,75180
2024-07-18,002371.SZ,354.5,359.1,351.2,355,64417
2024-07-21,002371.SZ,358,358.85,350.44,353.41,48644
2024-07-22,002371.SZ,351.51,353,335.5,335.57,64869
2024-07-23,002371.SZ,335,338.23,330.5,332.49,40872
2024-07-24,002371.SZ,330.01,333.31,325.65,329,38729
2024-07-25,002371.SZ,327.02,336,324.3,331.95,54917
2024-07-28,002371.SZ,331.95,341.1,330.3,334.68,44163
2024-07-29,002371.SZ,332.66,340.5,328.44,336.04,38311
2024-07-30,002371.SZ,334,344.28,332.39,342.6,59319
2024-07-31,002371.SZ,343.98,352.15,341.57,345.23,50626
2024-08-01,002371.SZ,341.5,347.31,335.68,336.93,44789
2024-08-04,002371.SZ,331.99,337.49,322.8,322.8,58463
2024-08-05,002371.SZ,328.3,329.63,316.8,321.61,45094
2024-08-06,002371.SZ,323.25,326.96,318.01,319.05,33834
2024-08-07,002371.SZ,316.01,325.97,310.8,321,44403
2024-08-08,002371.SZ,325,327.69,319.68,320.87,32240
2024-08-11,002371.SZ,318.8,322.08,316.05,318.03,23683
2024-08-12,002371.SZ,317.11,320.69,315.57,319.44,22742
2024-08-13,002371.SZ,319.78,322.1,314.38,315.45,23158
2024-08-14,002371.SZ,314.04,318,311.8,313.96,34069
2024-08-15,002371.SZ,313.96,318.87,311.6,316.06,30877
2024-08-18,002371.SZ,316.5,319.88,313.69,316.2,27686
2024-08-19,002371.SZ,317,317.5,311,313.44,24972
2024-08-20,002371.SZ,312,315.88,310.1,312.96,24826
2024-08-21,002371.SZ,312.19,314.2,299.98,307.33,58748
2024-08-22,002371.SZ,305.05,306.67,300,301.66,46644
2024-08-25,002371.SZ,301.66,304.93,300.5,303.61,34988
2024-08-26,002371.SZ,301.5,303.15,298.2,300.64,25986
2024-08-27,002371.SZ,300,305,297.01,303.89,41771
2024-08-28,002371.SZ,302.62,313.54,301,305.18,55600
2024-08-29,002371.SZ,305.18,324.84,305,318.28,79416
2024-09-01,002371.SZ,320,322.4,307.01,307.4,49074
2024-09-02,002371.SZ,308.01,312,306.01,311.49,28795
2024-09-03,002371.SZ,307,310.05,305.5,306.59,26095
2024-09-04,002371.SZ,306.59,308.17,299,302.66,39225
2024-09-05,002371.SZ,302,304.96,298,298.1,28374
2024-09-08,002371.SZ,296.1,301.6,295.3,296.08,31905
2024-09-09,002371.SZ,296.04,305.51,295.51,298.72,51469
2024-09-10,002371.SZ,298.11,301,294.8,300.46,26635
2024-09-11,002371.SZ,301.88,303,297.1,298.14,26262
2024-09-12,002371.SZ,298.01,301,292.99,293.02,34736
2024-09-17,002371.SZ,294.01,295.5,291.3,294.68,22142
2024-09-18,002371.SZ,295.2,297.52,287.99,292.51,39513
2024-09-19,002371.SZ,290.74,294,283.8,293.42,48885
2024-09-22,002371.SZ,291.29,295,281.5,283.86,56754
2024-09-23,002371.SZ,286,295.12,278.13,295.09,82729
2024-09-24,002371.SZ,298.1,302.72,292.66,294.7,80414
2024-09-25,002371.SZ,293.98,303,286.48,303,86666
2024-09-26,002371.SZ,307,333.3,306.88,333.3,120966
2024-09-29,002371.SZ,350.88,366,342.11,365.98,121624
2024-10-07,002371.SZ,402.58,402.58,386,402.58,114050
2024-10-08,002371.SZ,400,440,388,405,237691
2024-10-09,002371.SZ,415.5,417,380.03,388.29,141260
2024-10-10,002371.SZ,380.2,385.78,360.8,365.8,109780
2024-10-13,002371.SZ,360,374.99,352.04,369.01,122346
2024-10-14,002371.SZ,378,389.5,371.88,376,132395
2024-10-15,002371.SZ,360.1,366.63,356.07,363.2,93299
2024-10-16,002371.SZ,366,371.5,362.5,365.03,65722
2024-10-17,002371.SZ,365.03,401.53,363.53,401.16,144508
2024-10-20,002371.SZ,409.81,416,391.13,395.22,177452
2024-10-21,002371.SZ,390.06,408.88,387,396.55,114503
2024-10-22,002371.SZ,396.55,402,391.5,393.9,70839
2024-10-23,002371.SZ,391,395.6,385.52,387.89,67455
2024-10-24,002371.SZ,387.95,393.5,382.5,388.42,65589
2024-10-27,002371.SZ,388.42,389.48,381.16,384.5,55238
2024-10-28,002371.SZ,383.71,396.8,383.07,388.7,72031
2024-10-29,002371.SZ,387,396,384.3,390.18,64089
2024-10-30,002371.SZ,388.38,399.6,381.86,392.37,98705
2024-10-31,002371.SZ,386.9,392.3,382,387.5,68904
2024-11-03,002371.SZ,387.52,406.98,387,400.3,93725
2024-11-04,002371.SZ,400.29,415,396.6,410.51,95149
2024-11-05,002371.SZ,410.51,415.77,401.56,404.91,84837
2024-11-06,002371.SZ,402,431.08,401.03,425.99,118030
2024-11-07,002371.SZ,438.99,468,427,447.75,154594
2024-11-10,002371.SZ,458,487.8,455.71,486.69,161465
2024-11-11,002371.SZ,483,490.03,463,467.81,145529
2024-11-12,002371.SZ,461.88,484.98,461.88,468,102311
2024-11-13,002371.SZ,463.33,467.73,446,449.31,103885
2024-11-14,002371.SZ,445.46,449,421.52,422.68,108108
2024-11-17,002371.SZ,421.33,436.99,419.83,423.89,89510
2024-11-18,002371.SZ,423.89,439.4,421.87,435.04,92438
2024-11-19,002371.SZ,436.1,443.9,428.44,433.9,77317
2024-11-20,002371.SZ,433.66,439.68,430.03,433.91,59408
2024-11-21,002371.SZ,433.9,446,422,422.53,79174
2024-11-24,002371.SZ,418.01,430.53,410.9,418.11,86364
2024-11-25,002371.SZ,417.94,421.55,408.28,409.5,62312
2024-11-26,002371.SZ,406.7,418.36,397.98,415.91,73792
2024-11-27,002371.SZ,415.91,418.58,406.2,412.97,59412
2024-11-28,002371.SZ,412,422.2,406.56,415.68,83164
2024-12-01,002371.SZ,412,426.8,409.44,421.99,77628
2024-12-02,002371.SZ,419,421.88,402.1,405.41,111117
2024-12-03,002371.SZ,411.8,417.5,400.4,402.55,90404
2024-12-04,002371.SZ,403,404.56,398.01,399,66170
2024-12-05,002371.SZ,398.7,408,397.53,405.59,65608
2024-12-08,002371.SZ,402.11,405.87,394.89,397.8,57575
2024-12-09,002371.SZ,410.6,412,396.02,398.35,88337
2024-12-10,002371.SZ,397,399.68,390,390.86,73068
2024-12-11,002371.SZ,389.95,401.66,387.01,397.96,81733
2024-12-12,002371.SZ,395,397.5,386,386.48,80053
2024-12-15,002371.SZ,384.48,388.21,375.32,378.45,69679
2024-12-16,002371.SZ,376.51,386.88,376.51,382.92,64172
2024-12-17,002371.SZ,384,397.61,382.91,395.55,103904
2024-12-18,002371.SZ,391,406.25,388.52,399.9,96945
2024-12-19,002371.SZ,398,415.4,396,414.2,118446
2024-12-22,002371.SZ,410,412.99,402,403.5,86912
2024-12-23,002371.SZ,403,409.97,400,408.5,64615
2024-12-24,002371.SZ,407.34,412.41,405,406.2,48947
2024-12-25,002371.SZ,404,408.44,401.84,405.28,51136
2024-12-26,002371.SZ,404,421.7,402.02,412.3,102058
2024-12-29,002371.SZ,410.03,416.66,404.5,406.97,59736
2024-12-30,002371.SZ,406.18,406.9,391,391,86215
2025-01-01,002371.SZ,391,391.39,371.55,376.4,80246
2025-01-02,002371.SZ,378,383.37,372,375.1,65996
2025-01-05,002371.SZ,376.09,383.37,372.5,376.3,44971
2025-01-06,002371.SZ,378,390.8,376.98,390.67,72287
2025-01-07,002371.SZ,387,389.58,377.77,386.27,58253
2025-01-08,002371.SZ,386.2,389.5,384.5,385.69,36101
2025-01-09,002371.SZ,385.6,394.54,382.82,383.65,50520
2025-01-12,002371.SZ,377.95,385,377.77,382.46,36305
2025-01-13,002371.SZ,385.44,393.5,373.11,391.35,72982
2025-01-14,002371.SZ,388.87,390.83,382.13,382.3,52578
2025-01-15,002371.SZ,386.8,401.97,386.05,392.35,83860
2025-01-16,002371.SZ,390,399,386.65,388.58,64200
2025-01-19,002371.SZ,390.03,393.98,387.4,388.58,50123
2025-01-20,002371.SZ,391.01,396.92,387.5,393.61,59282
2025-01-21,002371.SZ,393.43,394.5,384.27,384.91,57734
2025-01-22,002371.SZ,389,396.79,383.2,385.71,72577
2025-01-23,002371.SZ,385.15,387.3,379.2,379.41,80041
2025-01-26,002371.SZ,379.41,380.19,375.33,377,44739
2025-02-04,002371.SZ,383,383.99,373,378.03,64102
2025-02-05,002371.SZ,375.5,411.3,375.13,411.3,166717
2025-02-06,002371.SZ,409.8,412.5,401.6,407.58,103163
2025-02-09,002371.SZ,409,409,400.16,405.98,63714
2025-02-10,002371.SZ,404,406.99,398.15,401.68,52964
2025-02-11,002371.SZ,404.99,416.17,404.64,414.66,98061
2025-02-12,002371.SZ,413.8,420.63,408.89,409.65,59596
2025-02-13,002371.SZ,406.05,418.8,402.21,417.9,75096
2025-02-16,002371.SZ,420,428.7,417.66,427.88,91473
2025-02-17,002371.SZ,434.23,446.65,429.05,432,117787
2025-02-18,002371.SZ,431.98,458,430.01,457,108954
2025-02-19,002371.SZ,455,461.58,451.39,456,64884
2025-02-20,002371.SZ,455,473.33,453.01,465.02,82757
2025-02-23,002371.SZ,465,474,460,468,69576
2025-02-24,002371.SZ,461.05,465.28,449.3,456.03,79481
2025-02-25,002371.SZ,460,469.63,452,464.2,59870
2025-02-26,002371.SZ,463,465.5,454,460.42,44080
2025-02-27,002371.SZ,459.89,463.57,442.88,447.28,72593
2025-03-02,002371.SZ,446.33,447.09,432.51,435.33,51739
2025-03-03,002371.SZ,432,435,425,430.51,54264
2025-03-04,002371.SZ,430.59,440.32,430.05,432.38,41217
2025-03-05,002371.SZ,445.88,475.62,445.88,462.38,102452
2025-03-06,002371.SZ,456.85,470.68,456.78,465,58516
2025-03-09,002371.SZ,462.5,468.77,453.43,455.96,41879
2025-03-10,002371.SZ,457.01,463.63,440.33,444.26,61763
2025-03-11,002371.SZ,444.26,447.5,437.38,442.8,44665
2025-03-12,002371.SZ,441.31,443.88,429.59,433.03,42567
2025-03-13,002371.SZ,433.03,444.44,431.2,439.11,46200
2025-03-16,002371.SZ,444.44,444.5,435.13,435.9,33396
2025-03-17,002371.SZ,439,443.7,436.29,438.67,30221
2025-03-18,002371.SZ,436,438.23,432.27,434.97,25318
2025-03-19,002371.SZ,433.99,433.99,428,428.96,30939
2025-03-20,002371.SZ,429.5,431.65,414.15,418.8,54038
2025-03-23,002371.SZ,418.8,433.84,418.13,429.4,54834
2025-03-24,002371.SZ,430.5,431,426.4,428.88,24790
2025-03-25,002371.SZ,426.51,433.8,426.18,427.64,26092
2025-03-26,002371.SZ,426.5,435.54,424.2,430.4,32373
2025-03-27,002371.SZ,430.49,431.6,412,415.9,71392
2025-03-30,002371.SZ,412,418.95,411.08,416,50045
2025-03-31,002371.SZ,417,429.66,415.01,429.2,63067
2025-04-01,002371.SZ,428.98,429.8,420.6,429.2,37539
2025-04-02,002371.SZ,425.1,448.5,424.83,439.98,65388
2025-04-06,002371.SZ,434.99,451.5,419.39,432.8,127317
2025-04-07,002371.SZ,438,442.8,423,431.01,94012
2025-04-08,002371.SZ,426.42,466.9,424.08,460,121063
2025-04-09,002371.SZ,460,464.51,450,451.51,71464
2025-04-10,002371.SZ,450,469.33,446.22,457.5,72367
2025-04-13,002371.SZ,462.86,462.86,451.81,457.5,42860
2025-04-14,002371.SZ,453.3,455,446.33,452,41436
2025-04-15,002371.SZ,449.5,468.95,449.5,467.99,66436
2025-04-16,002371.SZ,464.8,466.9,461.6,463.33,33621
2025-04-17,002371.SZ,461.04,463.32,448,453.52,38832
2025-04-20,002371.SZ,451.75,457.89,450.54,456.38,24804
2025-04-21,002371.SZ,453.5,471.6,452.18,461.85,42900
2025-04-22,002371.SZ,461,461.85,450.5,455.79,42027
2025-04-23,002371.SZ,455,457.81,452,456.18,23715
2025-04-24,002371.SZ,454,456.88,447.5,453.28,33475
2025-04-27,002371.SZ,454.3,460.6,453.3,454.42,40484
2025-04-28,002371.SZ,454,455.01,448.52,454.42,22153
2025-04-29,002371.SZ,453,453.9,444.91,450.96,41152
2025-05-05,002371.SZ,454.6,459.96,450.96,457.57,40548
2025-05-06,002371.SZ,462,463,448,448.3,49366
2025-05-07,002371.SZ,447.64,450.3,444.88,448.89,28274
2025-05-08,002371.SZ,446,446,439.7,440.85,39087
2025-05-11,002371.SZ,442.92,443.74,435.01,436.68,39724
2025-05-12,002371.SZ,439,441.27,435,435,28921
2025-05-13,002371.SZ,435.11,439.5,433.18,436.94,34038
2025-05-14,002371.SZ,436.8,436.8,428.28,428.9,28998
2025-05-15,002371.SZ,428.5,433.7,427.01,428.6,25061
2025-05-18,002371.SZ,428.65,436.32,426.21,435,39062
2025-05-19,002371.SZ,435,437.97,431.76,433.66,29411
2025-05-20,002371.SZ,431.81,432.56,426.26,427,36569
2025-05-21,002371.SZ,428.5,430,422.75,422.86,30925
2025-05-22,002371.SZ,422.86,428.3,422,424.86,36468
2025-05-25,002371.SZ,426.89,437.9,426.38,431.57,55730
2025-05-26,002371.SZ,431.45,433.66,428.3,429.2,25616
2025-05-27,002371.SZ,428.02,429.95,417.11,417.34,41818
2025-05-28,002371.SZ,419.97,425.98,418.71,425.24,36117
2025-05-29,002371.SZ,423.97,425.78,418.56,418.56,24651
2025-06-02,002371.SZ,419.99,431.87,419.77,424.77,29125
2025-06-03,002371.SZ,424.77,427.9,423.51,425.33,19410
2025-06-04,002371.SZ,426.8,431,424.58,429.63,27138
2025-06-05,002371.SZ,430,433.88,428.68,430.49,23016
2025-06-08,002371.SZ,429.15,430.3,424.3,429.81,33880
2025-06-09,002371.SZ,427,427.21,417,417,41922
2025-06-10,002371.SZ,417.07,421.6,416.2,416.75,30159
2025-06-11,002371.SZ,415,415.5,402,404.22,69304
2025-06-12,002371.SZ,401.19,410.96,401.08,410.56,53425
2025-06-15,002371.SZ,406.04,414.41,405.58,412.39,26111
2025-06-16,002371.SZ,412.75,418.68,411.96,415.9,31175
2025-06-17,002371.SZ,415.9,419.27,413.23,415.98,25575
2025-06-18,002371.SZ,414.85,432.17,413.13,423.56,59119
2025-06-19,002371.SZ,420.59,428,420.5,426.77,33661
2025-06-22,002371.SZ,427.99,442.71,426.77,438.57,61008
2025-06-23,002371.SZ,436.99,440.57,430.37,435.82,39203
2025-06-24,002371.SZ,435.83,442.3,433.86,441.58,42262
2025-06-25,002371.SZ,442,443.88,437.42,437.91,32098
2025-06-26,002371.SZ,438.01,439.81,433.44,434.51,39506
2025-06-29,002371.SZ,433.97,448.5,433,442.21,53765
2025-06-30,002371.SZ,442.6,446,440.11,443.3,25935
2025-07-01,002371.SZ,444.8,444.99,435.33,437.12,29662
2025-07-02,002371.SZ,325.6,328.99,320.22,328.17,40671
2025-07-03,002371.SZ,326.99,341.51,326.01,335.15,72858
2025-07-06,002371.SZ,337.3,337.98,331.8,332.68,37393
2025-07-07,002371.SZ,334.1,334.83,330.02,333.97,38761
2025-07-08,002371.SZ,333,340.5,331,331.15,43890
2025-07-09,002371.SZ,330.99,332,324,329.83,45895
2025-07-10,002371.SZ,330,332.26,327.6,330.83,37334
2025-07-13,002371.SZ,330,330.45,323.8,324.19,38761
2025-07-14,002371.SZ,324.02,327.27,322.04,323.32,41226
2025-07-15,002371.SZ,322.5,325.36,320.6,320.86,35954
2025-07-16,002371.SZ,320,321,314.33,318.6,62914
2025-07-17,002371.SZ,320,330.33,320,325.19,81166
2025-07-20,002371.SZ,324.8,324.8,318,320.05,59914
2025-07-21,002371.SZ,318.71,322.29,315.5,322.14,71052
2025-07-22,002371.SZ,322.37,334.55,319.8,331.5,119131
2025-07-23,002371.SZ,331.44,339.08,330.5,338.65,72086
2025-07-24,002371.SZ,338,341.96,333.6,341.96,62367
2025-07-27,002371.SZ,341.96,344.36,337.18,343.65,55965
2025-07-28,002371.SZ,341.96,345.36,335,344.79,73160
2025-07-29,002371.SZ,343.99,355.6,342.16,349.2,85627
2025-07-30,002371.SZ,349.19,350,334.16,335.2,93438
2025-07-31,002371.SZ,334,335.88,327.2,329.8,55444
2025-08-03,002371.SZ,328.11,331.88,325.81,328.26,46332
2025-08-04,002371.SZ,329.24,331.7,325.5,328.5,49295
2025-08-05,002371.SZ,328.85,332,326.3,331.58,49329
2025-08-06,002371.SZ,333,335.92,329.18,332.87,57116
2025-08-07,002371.SZ,332,333.95,328.75,329.09,36308
2025-08-10,002371.SZ,328,329.44,326,326.7,47224
2025-08-11,002371.SZ,327,334.41,325.99,332.25,70732
2025-08-12,002371.SZ,333.18,334.16,329.16,331.31,58260
2025-08-13,002371.SZ,332.36,349.5,332.36,341.66,128315
2025-08-14,002371.SZ,341,343.69,334.89,342.03,74410
2025-08-17,002371.SZ,343.67,349.5,339.39,347.22,87379
2025-08-18,002371.SZ,346.9,346.9,339.7,339.96,67810
2025-08-19,002371.SZ,337.72,351.86,335.16,350.49,93680
2025-08-20,002371.SZ,350.49,368,348.5,360.98,158872
2025-08-21,002371.SZ,360.8,389.03,360.62,383.4,188994
2025-08-24,002371.SZ,394.28,402.57,374.79,380.08,195663
2025-08-25,002371.SZ,378,388.48,373.12,383,116876
2025-08-26,002371.SZ,380,389.11,373.12,373.5,145679
2025-08-27,002371.SZ,372.5,398.22,372.01,396.93,179220
2025-08-28,002371.SZ,380,381.59,362,372.5,241986
2025-08-31,002371.SZ,377,380.24,367.1,377.84,156271
2025-09-01,002371.SZ,377,387.86,372,378.51,167752
2025-09-02,002371.SZ,378.51,378.96,369.46,373.43,95695
2025-09-03,002371.SZ,371,371.7,345,350.95,144364
2025-09-04,002371.SZ,350.95,358.8,346,357.28,98061
2025-09-07,002371.SZ,355,371,353.02,370.4,110253
2025-09-08,002371.SZ,368.8,371.8,358.08,363.69,88825
2025-09-09,002371.SZ,363.79,370.26,363.79,368.2,78342
2025-09-10,002371.SZ,366.1,381.6,364.8,377.44,116269
2025-09-11,002371.SZ,377.45,383.5,375.28,377.04,76863
2025-09-14,002371.SZ,382.41,383.04,376.01,380,71172
2025-09-15,002371.SZ,378.08,382.96,376.38,377.86,76006
2025-09-16,002371.SZ,374,395,369.55,389.39,128260
2025-09-17,002371.SZ,391.78,427.9,389.91,407.7,181018
2025-09-18,002371.SZ,408.2,413.02,400.99,402,102377
2025-09-21,002371.SZ,401.54,418.8,398.25,412.7,103310
2025-09-22,002371.SZ,417.67,422.05,405,418.8,99394
2025-09-23,002371.SZ,422,460.68,419.79,460.68,187054
2025-09-24,002371.SZ,469.33,469.33,442.02,453.65,174734
2025-09-25,002371.SZ,451,462,448.4,452.8,109475
2025-09-28,002371.SZ,450.8,459,439.05,459,126632
2025-09-29,002371.SZ,457.96,463.39,450,452.36,121454
2025-10-08,002371.SZ,457,473.66,452.81,458.05,170388
2025-10-09,002371.SZ,449.97,454.44,432,437.9,143862
2025-10-12,002371.SZ,424,442.72,422.01,435.8,100474
2025-10-13,002371.SZ,441.15,442.72,398,402,161221
2025-10-14,002371.SZ,405.5,413.55,395.54,412.38,108560
2025-10-15,002371.SZ,412,418.78,407.34,410.69,67135
2025-10-16,002371.SZ,408,409.8,398.08,399.43,72358
2025-10-19,002371.SZ,406,411,398.23,400.16,77460
2025-10-20,002371.SZ,402.72,410.93,401.2,408.49,75399
2025-10-21,002371.SZ,405,407.68,400,404.39,57613
2025-10-22,002371.SZ,401.28,404.88,396.52,403.58,47542
2025-10-23,002371.SZ,406.02,417.6,406,414.8,89561
2025-10-26,002371.SZ,422.3,433.47,418.63,429.1,112345
2025-10-27,002371.SZ,427,432.97,423.52,426,72911
2025-10-28,002371.SZ,425.98,427.25,418.05,423.62,64986
2025-10-29,002371.SZ,423,423.62,415,415.5,73013
2025-10-30,002371.SZ,415.6,420.23,404,407.05,75114
2025-11-02,002371.SZ,406.2,407,390.03,401,83428
2025-11-03,002371.SZ,401,410.46,397.8,405.43,77905
2025-11-04,002371.SZ,397,404.89,394,396.83,54772
2025-11-05,002371.SZ,399,413.57,399,411,77331
2025-11-06,002371.SZ,407.6,420,406.7,413.75,74528
2025-11-09,002371.SZ,413.75,427,410.64,415.69,91991
2025-11-10,002371.SZ,417.6,424.47,414.55,415.5,66903
2025-11-11,002371.SZ,412.06,420,406.52,413.15,62771
2025-11-12,002371.SZ,413.29,418.54,407.29,413.67,53188
2025-11-13,002371.SZ,409,413.26,403.67,407.5,48453
2025-11-16,002371.SZ,406.94,415,400.66,400.68,56931
2025-11-17,002371.SZ,399.9,435,398.6,423.4,154452
2025-11-18,002371.SZ,422,427.9,418,419.29,56305
2025-11-19,002371.SZ,424,425,404.18,405,73136
2025-11-20,002371.SZ,395.26,400.92,386.62,386.86,98811
2025-11-23,002371.SZ,389.85,423,389.85,416.24,155763
2025-11-24,002371.SZ,422,424.29,415.2,418,61605
2025-11-25,002371.SZ,420.01,426.29,415.38,421.71,58039
2025-11-26,002371.SZ,422.88,432.88,418.88,422,64146
2025-11-27,002371.SZ,418.99,434.5,417,427.9,77291
2025-11-30,002371.SZ,427.92,447,423.4,446.46,84879
2025-12-01,002371.SZ,442.58,444.98,430,433.28,65224
2025-12-02,002371.SZ,432.09,441.6,432.01,433.85,40337
2025-12-03,002371.SZ,428.67,456.2,424.93,449.79,79989
2025-12-04,002371.SZ,445.99,455.7,445.98,450.5,61506
2025-12-07,002371.SZ,450.1,467.56,443.86,463,82752
2025-12-08,002371.SZ,461,466,453.35,457.46,61638
2025-12-09,002371.SZ,456.86,459.99,449.63,458.53,47890
2025-12-10,002371.SZ,459.53,460.9,452.16,453.1,53485
2025-12-11,002371.SZ,454.1,462.67,441.72,455.1,79898
2025-12-14,002371.SZ,460.78,468,447.39,449,83220
2025-12-15,002371.SZ,445,449.97,438.38,442.88,53587
2025-12-16,002371.SZ,441.71,448.63,436.88,444.74,60970
2025-12-17,002371.SZ,441,447.62,438.07,443.1,41921
2025-12-18,002371.SZ,446,458.7,445.37,448.36,51490
2025-12-21,002371.SZ,449.05,468.5,449.01,465.3,70409
2025-12-22,002371.SZ,466,488.87,464,481.42,88255
2025-12-23,002371.SZ,481,485.01,477,481.1,50248
2025-12-24,002371.SZ,480,482.98,470.2,473.2,44614
2025-12-25,002371.SZ,472.1,473.15,456.39,459.01,81137
2025-12-28,002371.SZ,460.38,462.58,450.01,452.8,86592
2025-12-29,002371.SZ,453.25,471.93,453.25,459,101559
2025-12-30,002371.SZ,470.15,472.94,453.34,459.08,85462
2026-01-04,002371.SZ,468,475,462.01,474.51,112922
2026-01-05,002371.SZ,474.51,508.99,473.5,485.97,155474
2026-01-06,002371.SZ,493,523.97,493,515.42,176758
2026-01-07,002371.SZ,515.42,522,504.53,506.67,97129
2026-01-08,002371.SZ,503,511.08,491,497.5,108323
2026-01-11,002371.SZ,498.03,511.7,498.03,501.85,111784
2026-01-12,002371.SZ,500,512.53,489.1,490.2,93964
2026-01-13,002371.SZ,491,504.28,487,493.3,98306
2026-01-14,002371.SZ,490.02,508.98,482.5,506.73,124937
2026-01-15,002371.SZ,513,534,511.31,523.88,143116
2026-01-18,002371.SZ,529.9,533,521,523.87,81842
2026-01-19,002371.SZ,521,531.22,511.05,514.2,71653
2026-01-20,002371.SZ,512.99,528.8,507.68,509.69,111712
2026-01-21,002371.SZ,515.5,517.09,498,500.56,94280
2026-01-22,002371.SZ,502,510.88,495,510.37,92673
2026-01-25,002371.SZ,508.1,508.1,489,496.22,90352
2026-01-26,002371.SZ,494.04,507.88,493.11,497.68,76917
2026-01-27,002371.SZ,502.39,507.77,492,502,118823
2026-01-28,002371.SZ,496.98,499,475,475.37,138080
2026-01-29,002371.SZ,472.42,479.98,466.03,475.23,87924
2026-02-01,002371.SZ,471.66,473,461.01,461.63,95494
2026-02-02,002371.SZ,466.5,476.19,462.23,472.99,96087
2026-02-03,002371.SZ,468.03,476,464.5,470.6,60657
2026-02-04,002371.SZ,463,472.5,455.49,470.12,77071
2026-02-05,002371.SZ,467.99,479.99,465,472.23,83364
2026-02-08,002371.SZ,479.09,488.76,476,484,69534
2026-02-09,002371.SZ,487.95,487.95,480.3,482.9,44620
2026-02-10,002371.SZ,478.8,481,471,475,44541
2026-02-11,002371.SZ,477.53,478,471.39,475.05,51149
2026-02-12,002371.SZ,479.79,496.65,475.18,486.12,110623
2026-02-23,002371.SZ,491.8,494,476.03,487.33,67828
2026-02-24,002371.SZ,488.47,499.68,480.77,496,78892
2026-02-25,002371.SZ,496,498.63,483.3,488.88,67890
2026-02-26,002371.SZ,481.12,482,466,471.88,88904
2026-03-01,002371.SZ,464.56,471.31,460.03,465.8,82860
2026-03-02,002371.SZ,465.99,469.77,446.08,446.16,78933
2026-03-03,002371.SZ,443.22,455.85,443,448.8,63470
2026-03-04,002371.SZ,456.8,472.26,454.97,466.28,79818
2026-03-05,002371.SZ,463.49,471.36,460.88,465.38,45443
2026-03-08,002371.SZ,448,453.55,435.5,452.64,95094
2026-03-09,002371.SZ,459,460.6,452.56,457,54389
2026-03-10,002371.SZ,456.93,462.68,450.06,461.99,67935
2026-03-11,002371.SZ,457,462,450.84,457.99,67478
2026-03-12,002371.SZ,450,464.7,449.1,457.88,64469
2026-03-15,002371.SZ,455.55,457.8,442.03,454.71,73655
2026-03-16,002371.SZ,456.01,464.36,449,450,53996
2026-03-17,002371.SZ,453.7,464,451.5,462.45,65998
2026-03-18,002371.SZ,457.59,465.19,454.01,461.63,51043
2026-03-19,002371.SZ,461.48,474.02,458.5,468.72,81385
2026-03-22,002371.SZ,461.5,462,443,444.39,77369
2026-03-23,002371.SZ,449.59,453.45,437.79,444,47309
2026-03-24,002371.SZ,449.9,467.6,448.39,464.2,87337
2026-03-25,002371.SZ,459.56,461.6,445.7,446.11,61011
2026-03-26,002371.SZ,439.5,457.97,434.5,452.98,58054
2026-03-29,002371.SZ,444.11,470.01,442.12,468.84,80806
2026-03-30,002371.SZ,464.9,466.99,447,447,69566
2026-03-31,002371.SZ,455.2,461.24,450.02,450.53,63355
2026-04-01,002371.SZ,450.59,451.8,435.22,438,74915
2026-04-02,002371.SZ,439.1,440.6,424.06,426.45,66885
2026-04-06,002371.SZ,425.06,431,422.25,424.08,45824
2026-04-07,002371.SZ,437,465.97,437,463.98,141948
2026-04-08,002371.SZ,461,478,458.01,472.84,93029
2026-04-09,002371.SZ,475,484.41,475,476.89,77583
2026-04-12,002371.SZ,475.9,480.5,467.2,472.5,65090
2026-04-13,002371.SZ,478,492,476.11,481.6,74114
2026-04-14,002371.SZ,483.06,485,473.99,475,63951
2026-04-15,002371.SZ,475,477.88,467.64,473.56,63248
2026-04-16,002371.SZ,470,476.5,464.8,469.91,95465
2026-04-19,002371.SZ,447,476.13,445,471.23,186837
2026-04-20,002371.SZ,471.96,472,446.71,450.36,160056
2026-04-21,002371.SZ,449,478,448,477.95,174383
2026-04-22,002371.SZ,478,484.95,470.58,475,97353
2026-04-23,002371.SZ,475.03,485.22,463.8,472.7,129793
2026-04-26,002371.SZ,481.2,519.9,475.96,516.25,204329
2026-04-27,002371.SZ,511.54,537.25,504,517.21,138254
2026-04-28,002371.SZ,510.22,517.22,502.2,510.71,93026
2026-04-29,002371.SZ,519.18,541.16,507.09,536.99,165926
2026-05-05,002371.SZ,555,567,545,545.35,160278
2026-05-06,002371.SZ,555,556.71,535,552.14,97222
2026-05-07,002371.SZ,543,554.8,537.2,540.79,82457
2026-05-10,002371.SZ,549.98,585,548,573.19,144630
2026-05-11,002371.SZ,573.19,584,564,581.45,112136
2026-05-12,002371.SZ,570.99,588,550.5,581,138388
2026-05-13,002371.SZ,581,592.66,563.43,564.4,102707
2026-05-14,002371.SZ,569.8,620.84,555,592,232995
2026-05-17,002371.SZ,601,623.27,592.76,597.97,175235
2026-05-18,002371.SZ,590,627.17,581.5,619.7,144595
2026-05-19,002371.SZ,618,660,614,656,164059
2026-05-20,002371.SZ,656.8,721.6,656.7,662.99,231619
2026-05-21,002371.SZ,663.03,673,637,669,198563
2026-05-24,002371.SZ,650.13,719.05,626.11,698.19,204122
2026-05-25,002371.SZ,690,701,656.66,670.25,148548
2026-05-26,002371.SZ,675,692,650.6,654.77,138670
2026-05-27,002371.SZ,650,668.67,646.88,659,112600
2026-05-28,002371.SZ,656.12,659,623.78,629.87,147461
2026-05-31,002371.SZ,624.99,629.8,588.92,589.89,151000
2026-06-01,002371.SZ,586.1,615.79,584.19,602.8,126306
2026-06-02,002371.SZ,602.81,633.66,594,614.84,144161
2026-06-03,002371.SZ,610.14,637.85,606,627,120620
2026-06-04,002371.SZ,615,619.59,600,603.36,80843
2026-06-07,002371.SZ,570.04,598.8,568.22,585.74,97859
2026-06-08,002371.SZ,601.02,619.8,594.59,617.1,102006
2026-06-09,002371.SZ,615,641.01,610,619.2,106913
2026-06-10,002371.SZ,624.85,648,620,637.5,113667
2026-06-11,002371.SZ,666.19,680.99,655.18,667.19,153480
2026-06-14,002371.SZ,669.8,687.66,640,682.22,125640
2026-06-15,002371.SZ,680,681.9,660.36,672.19,86768
2026-06-16,002371.SZ,660.39,705,657,704.22,113479
2026-06-17,002371.SZ,704.98,733.88,703.7,721.04,104611
2026-06-21,002371.SZ,739.98,758,723.47,745,107527
2026-06-22,002371.SZ,748.72,762,721,747.49,99686
2026-06-23,002371.SZ,727.07,774.5,727,770.07,131088
2026-06-24,002371.SZ,778,810,775,798,118840
2026-06-25,002371.SZ,795,828,782.17,813.37,124031
2026-06-28,002371.SZ,814.03,875.86,805.88,860.19,150335
2026-06-29,002371.SZ,890,905.56,873.53,884.56,127687
2026-06-30,002371.SZ,884.56,968,884.56,935.36,146117
2026-07-01,002371.SZ,870,884,841.82,841.82,121210
2026-07-02,002371.SZ,799.01,846.38,775,816,165854
2026-07-05,002371.SZ,832.31,834.8,767.97,803.6,152427
2026-07-06,002371.SZ,794.23,835.01,778.69,806.39,130918
2026-07-07,002371.SZ,806.39,830.02,768,802.32,148075
2026-07-08,002371.SZ,817.42,880.98,815,878.43,158615
2026-07-09,002371.SZ,886.46,905,800.99,801,193858
2026-07-12,002371.SZ,795.61,813.7,755,764.3,163142
2026-07-13,002371.SZ,763,782.5,728.01,774.2,167044
2026-07-14,002371.SZ,789,793,736.5,742.66,122659
2026-07-15,002371.SZ,732.96,745.65,693.7,702.76,135093
2026-07-16,002371.SZ,693.3,707.78,660.01,677,166186
2026-07-19,002371.SZ,704,716.66,659.1,676.91,174832
2026-07-20,002371.SZ,699,744.6,678.43,744.6,148376
2026-07-21,002371.SZ,788,809,751,764,223271
2026-07-22,002371.SZ,764.77,769,723,740,136405
2026-07-23,002371.SZ,720.01,778.8,716,757,158621
2026-07-26,002371.SZ,740.3,778,723.14,770,142356
2026-07-27,002371.SZ,745.2,771.99,710.01,715,130860
2026-07-28,002371.SZ,715.58,727.36,664.02,706.39,157943
2026-07-29,002371.SZ,688.08,711.73,643.5,668.07,163296
2026-07-30,002371.SZ,728,728,686.35,687,138743
2026-08-02,002371.SZ,685,689.55,636.45,641.3,131412
2026-08-03,002371.SZ,640,698,632.01,687,145006
2026-08-04,002371.SZ,695,745.1,679,734.2,137719
2026-08-05,002371.SZ,717.5,764.68,709,742.5,107590
2026-08-06,002371.SZ,740.5,762.43,736.92,751.99,85360
2026-08-09,002371.SZ,752.04,778,744.66,760,87286
2026-08-10,002371.SZ,753.03,767.74,742.55,746.1,67209
2026-08-11,002371.SZ,752,767.99,746.95,760,64962
2026-08-12,002371.SZ,768.37,773.4,738,738.6,82142
2026-08-13,002371.SZ,743.84,746.6,728,738.66,67210
2026-08-16,002371.SZ,738.5,766.32,732.23,765.97,78452
2026-08-17,002371.SZ,770,785.9,757.25,777,81666
2026-08-18,002371.SZ,753.88,757,708.11,712.95,108919
2026-08-19,002371.SZ,726.01,739.15,704.25,712.55,79373
2026-08-20,002371.SZ,712,725.68,709,714.43,57984
2026-08-23,002371.SZ,714,725.8,695.87,707.9,77787
2026-08-24,002371.SZ,707.5,707.5,676.66,700.4,75217
2026-08-25,002371.SZ,671.3,717.88,669.01,700.7,97963
2026-08-26,002371.SZ,700.8,720,693.7,718,61554
2026-08-27,002371.SZ,717,724.51,697,697.51,56463
2026-08-30,002371.SZ,683.56,699.79,672.18,699.79,67290
2026-08-31,002371.SZ,692,698,664.44,667.7,75448
2026-09-01,002371.SZ,660,671.53,650.2,667,59030
2026-09-02,002371.SZ,669.9,672.99,649.01,655.84,55641
2026-09-03,002371.SZ,665,666.98,633.27,638.17,67659
2026-09-06,002371.SZ,652.21,667.86,652.02,660.65,80581
2026-09-07,002371.SZ,660.6,664.13,643.9,647.87,58108
2026-09-08,002371.SZ,655,655.6,641.99,646.4,38015
2026-09-09,002371.SZ,645.88,647.5,635.87,638.64,38943
2026-09-10,002371.SZ,628.08,636.83,613.84,634,66181
2026-09-13,002371.SZ,630,633.01,620.01,626,42811
2026-09-14,002371.SZ,623.26,654,622.5,638.16,66915
2026-09-15,002371.SZ,638.2,673.33,635.01,662.89,98364
2026-09-16,002371.SZ,662,677.7,656,665.5,73638
2026-09-17,002371.SZ,674,694.4,665.29,686.51,97375
2026-09-20,002371.SZ,688,691,670,676.61,59224
2026-09-21,002371.SZ,689.61,690,671,672.92,47563
2026-09-22,002371.SZ,675.01,677,666.12,668.15,36636
2026-09-23,002371.SZ,663.16,665.88,653.06,653.06,40061
2026-09-27,002371.SZ,654.19,655.6,625.13,633.93,59607
2026-09-28,002371.SZ,633.94,640.8,623.04,628.96,42126
2026-09-29,002371.SZ,635.01,641.68,614.26,615.97,56074
2022-08-16,300750.SZ,527.48,549.97,523.98,547,183507
2022-08-17,300750.SZ,547,560,542.45,544.8,142800
2022-08-18,300750.SZ,549,549.69,530.02,532,107696
2022-08-21,300750.SZ,534,555.66,527.2,551.53,143054
2022-08-22,300750.SZ,549.98,564.66,545.45,556.89,131562
2022-08-23,300750.SZ,573.03,575,522,524,300684
2022-08-24,300750.SZ,525,526.53,505.09,514,180175
2022-08-25,300750.SZ,513,518.98,503,506.78,122170
2022-08-28,300750.SZ,502.99,506.78,496.32,502,112610
2022-08-29,300750.SZ,502,502,485.8,491.5,156161
2022-08-30,300750.SZ,481.69,489.8,474.52,483,174502
2022-08-31,300750.SZ,480,485,466.66,467.54,154766
2022-09-01,300750.SZ,474.88,476,461.78,466.26,115609
2022-09-04,300750.SZ,462.01,472,459.01,468.36,91100
2022-09-05,300750.SZ,468,468.36,443.88,455.2,275246
2022-09-06,300750.SZ,451.49,476.49,450,473.92,216777
2022-09-07,300750.SZ,468.35,471,448.5,449.5,215526
2022-09-08,300750.SZ,452.6,454.43,446.5,452.22,122468
2022-09-12,300750.SZ,459,460.2,446.85,456.91,102029
2022-09-13,300750.SZ,450,453,428.28,434.3,258938
2022-09-14,300750.SZ,434.3,435,411.2,414.35,253836
2022-09-15,300750.SZ,414.3,418.3,409,410,149632
2022-09-18,300750.SZ,409.63,421.6,409.04,413.67,139644
2022-09-19,300750.SZ,418,430,415,421.01,165690
2022-09-20,300750.SZ,417,423.46,413.37,420.3,88099
2022-09-21,300750.SZ,415.3,420,406,414.99,96421
2022-09-22,300750.SZ,415.96,424.8,410.05,417.34,120185
2022-09-25,300750.SZ,413.04,435,413.04,428.66,188352
2022-09-26,300750.SZ,433.89,435.33,423.01,429.5,115619
2022-09-27,300750.SZ,427,428.83,412.79,416.79,106974
2022-09-28,300750.SZ,424.22,425.5,415.08,419,88948
2022-09-29,300750.SZ,419.28,420.2,400.5,400.89,118140
2022-10-09,300750.SZ,402,404.5,391.23,392.86,114654
2022-10-10,300750.SZ,404,416.3,402.89,416.3,184441
2022-10-11,300750.SZ,416,438.28,413.49,437.83,185147
2022-10-12,300750.SZ,434,438.28,429.01,432,104434
2022-10-13,300750.SZ,438,442.34,428.58,436.91,135653
2022-10-16,300750.SZ,433,433,420.75,429.35,105373
2022-10-17,300750.SZ,433.03,438.88,428.44,429.54,91019
2022-10-18,300750.SZ,430.02,442,429.68,431.34,123330
2022-10-19,300750.SZ,420.28,423.67,404,415,171202
2022-10-20,300750.SZ,408,416.96,407.2,413,82599
2022-10-23,300750.SZ,406.62,414,399.01,404.02,145327
2022-10-24,300750.SZ,403,408.07,391.98,401.7,140391
2022-10-25,300750.SZ,405,408.56,398.08,401.06,140724
2022-10-26,300750.SZ,398,402.07,390,390.3,152817
2022-10-27,300750.SZ,385.3,387.5,365,365.5,240712
2022-10-30,300750.SZ,360,380.22,356.58,372.88,165546
2022-10-31,300750.SZ,376.5,388.88,368.12,386.2,199165
2022-11-01,300750.SZ,385,396.39,380.01,391.5,142670
2022-11-02,300750.SZ,390,394,381.03,384.12,147175
2022-11-03,300750.SZ,385.8,408.31,384,404.4,209711
2022-11-06,300750.SZ,408,414.54,405,410.5,147781
2022-11-07,300750.SZ,410.5,422.8,403.5,409.8,120809
2022-11-08,300750.SZ,406,407.58,395,397.06,109411
2022-11-09,300750.SZ,393,394,384,385.3,129242
2022-11-10,300750.SZ,401,405.69,394.22,402.48,194820
2022-11-13,300750.SZ,404.1,408,385.55,387.18,184817
2022-11-14,300750.SZ,388.16,397.48,378,396.18,172740
2022-11-15,300750.SZ,393.01,394.18,383.28,384.07,136037
2022-11-16,300750.SZ,381.62,381.99,370.01,375.12,142172
2022-11-17,300750.SZ,378,387,371,380.79,164073
2022-11-20,300750.SZ,375.12,385.85,374.3,382.4,80387
2022-11-21,300750.SZ,380,382.87,373,375,98362
2022-11-22,300750.SZ,375,382.89,373.5,379.52,88294
2022-11-23,300750.SZ,383.12,383.22,375.01,376.62,85465
2022-11-24,300750.SZ,373.06,375,371,372.2,61389
2022-11-27,300750.SZ,365,372.31,360.02,370.31,111141
2022-11-28,300750.SZ,372.01,381.4,367.5,377.9,117172
2022-11-29,300750.SZ,379,385,372.17,385,140420
2022-11-30,300750.SZ,397.15,402.15,394.92,395.25,209375
2022-12-01,300750.SZ,397,399.29,391.8,391.88,82926
2022-12-04,300750.SZ,391.88,396.87,388,392.31,120985
2022-12-05,300750.SZ,389.12,404.04,389,400.02,136612
2022-12-06,300750.SZ,400,421.68,399,418.31,244108
2022-12-07,300750.SZ,418.32,425,414.01,420.47,104337
2022-12-08,300750.SZ,421.58,425.7,420.5,424.6,93539
2022-12-11,300750.SZ,421.1,423.53,414.14,414.35,87900
2022-12-12,300750.SZ,415,415.9,402.05,405.41,112707
2022-12-13,300750.SZ,410,411.95,399.28,402.3,91973
2022-12-14,300750.SZ,402.11,424.17,401,423.8,172988
2022-12-15,300750.SZ,418.51,422.8,413.88,418.01,89422
2022-12-18,300750.SZ,419,430.1,418.06,420.4,101059
2022-12-19,300750.SZ,420,420.6,409,409.52,81208
2022-12-20,300750.SZ,410,412.47,404.51,406.82,54031
2022-12-21,300750.SZ,410.99,410.99,400,402,73905
2022-12-22,300750.SZ,396.9,402.83,394.1,398.48,73858
2022-12-25,300750.SZ,398.48,407.25,391.1,403.92,115123
2022-12-26,300750.SZ,402.23,405.99,396.66,403.57,81397
2022-12-27,300750.SZ,398.06,398.3,380.28,394,185293
2022-12-28,300750.SZ,391,397.8,390.4,393.96,98975
2022-12-29,300750.SZ,398.5,402,393,393.42,74052
2023-01-02,300750.SZ,392,392.57,381.72,389.64,104820
2023-01-03,300750.SZ,386.5,387,382.05,384.01,196023
2023-01-04,300750.SZ,388,410.17,385.01,407.51,260433
2023-01-05,300750.SZ,406,424.98,404.06,416.66,183925
2023-01-08,300750.SZ,422.88,422.88,414,416.6,128403
2023-01-09,300750.SZ,417.66,435,413.3,432,182607
2023-01-10,300750.SZ,430.5,436,424,427.86,122418
2023-01-11,300750.SZ,432,438.78,429.68,433.5,111368
2023-01-12,300750.SZ,444,452.52,430,439.5,207575
2023-01-15,300750.SZ,438.5,449.5,435.11,446.63,168091
2023-01-16,300750.SZ,446.93,451.87,443.61,445.61,98958
2023-01-17,300750.SZ,448.51,450.88,443.11,448.5,73443
2023-01-18,300750.SZ,445.33,451.5,442.19,446.77,73100
2023-01-19,300750.SZ,446.77,452.2,444.26,452,107657
2023-01-29,300750.SZ,479.37,490.56,467.47,470.65,211743
2023-01-30,300750.SZ,469.88,477.5,462.44,465.2,139540
2023-01-31,300750.SZ,470.99,479.36,470.48,476.8,115022
2023-02-01,300750.SZ,478.87,479.7,464.88,466.1,134557
2023-02-02,300750.SZ,464,466.2,451.38,456.2,120200
2023-02-05,300750.SZ,452,453.52,441.09,450.6,107529
2023-02-06,300750.SZ,450.49,453.8,444.66,448.1,72112
2023-02-07,300750.SZ,449.6,453.45,445,447.21,73299
2023-02-08,300750.SZ,447.21,455.99,441.5,452.99,80314
2023-02-09,300750.SZ,453,455.68,445.01,445.95,83978
2023-02-12,300750.SZ,450.98,461.57,447.01,460,134185
2023-02-13,300750.SZ,469,469.3,445.79,451.05,128122
2023-02-14,300750.SZ,453.1,457,448,448.6,77734
2023-02-15,300750.SZ,451.99,454.5,438,443.2,100911
2023-02-16,300750.SZ,442,442,420,420.19,214696
2023-02-19,300750.SZ,416,421.88,406.33,420.47,168299
2023-02-20,300750.SZ,417.48,422.49,412,415.01,131846
2023-02-21,300750.SZ,409,414.1,406.67,409.47,123639
2023-02-22,300750.SZ,410,415.13,407.4,413.23,95373
2023-02-23,300750.SZ,411,411.8,404.02,405.4,99894
2023-02-26,300750.SZ,402.73,405.48,400.1,401.1,92206
2023-02-27,300750.SZ,403.99,408.3,401.5,403.9,93231
2023-02-28,300750.SZ,403.1,414.18,403.03,411.78,126020
2023-03-01,300750.SZ,409.5,411,396.2,400.8,161453
2023-03-02,300750.SZ,402.3,405.71,400,402.32,82031
2023-03-05,300750.SZ,402.17,408.87,392.01,408.42,166267
2023-03-06,300750.SZ,404,408.99,401.83,402.2,99184
2023-03-07,300750.SZ,400.01,402.93,395.11,397.73,81294
2023-03-08,300750.SZ,396.2,401.28,388.24,397.01,81367
2023-03-09,300750.SZ,401.69,409.93,395.9,405.79,191426
2023-03-12,300750.SZ,403.03,406.66,390,392,188332
2023-03-13,300750.SZ,390.88,391,378,387.23,184847
2023-03-14,300750.SZ,393,395.74,383.62,388,129683
2023-03-15,300750.SZ,384,389.91,383.5,385.11,101132
2023-03-16,300750.SZ,389,389.99,375.5,375.98,201447
2023-03-19,300750.SZ,374.54,384.6,368,379.95,158370
2023-03-20,300750.SZ,382.2,394.18,378.7,393.78,172924
2023-03-21,300750.SZ,398.74,408.66,397.02,399.2,176872
2023-03-22,300750.SZ,398,401.92,394.43,398.38,100289
2023-03-23,300750.SZ,398.4,402.26,390,393.58,117653
2023-03-26,300750.SZ,391.11,398.6,384.42,396.5,161157
2023-03-27,300750.SZ,394,396.18,390.2,392.6,75906
2023-03-28,300750.SZ,395.21,404.28,393.03,400.18,137546
2023-03-29,300750.SZ,400.99,402,397.35,400.11,86819
2023-03-30,300750.SZ,404.5,414.98,404.5,406.05,196076
2023-04-02,300750.SZ,406.11,406.8,396,398.71,167632
2023-04-03,300750.SZ,399.99,399.99,381.81,388,200897
2023-04-05,300750.SZ,384,389.55,380.15,388.02,105816
2023-04-06,300750.SZ,386.15,394,384.36,390.51,100581
2023-04-09,300750.SZ,393.89,402.11,388,402.01,172379
2023-04-10,300750.SZ,400.01,409.87,398,399.95,143663
2023-04-11,300750.SZ,400,400,392,392.01,87367
2023-04-12,300750.SZ,390,391.36,385,388.26,100464
2023-04-13,300750.SZ,387.9,402.37,387.5,397.29,159237
2023-04-16,300750.SZ,396.33,410,395.8,407.88,176632
2023-04-17,300750.SZ,407.89,418,407.29,409,140605
2023-04-18,300750.SZ,414.5,414.84,406,410.37,116224
2023-04-19,300750.SZ,410.3,410.3,396,396,158438
2023-04-20,300750.SZ,404.5,414.92,399,404.99,252760
2023-04-23,300750.SZ,405.1,406,392.88,396.88,173774
2023-04-24,300750.SZ,398,398,380,385.9,168989
2023-04-25,300750.SZ,213,227.95,210.01,224.5,397075
2023-04-26,300750.SZ,224,232.48,222.31,231,339691
2023-04-27,300750.SZ,234,237.33,226.89,230.85,271048
2023-05-03,300750.SZ,231,232.5,224.55,225.52,194091
2023-05-04,300750.SZ,225,230,223.72,227,167409
2023-05-07,300750.SZ,230,233.79,226.06,230.81,227531
2023-05-08,300750.SZ,230.38,230.38,224.05,225.83,196538
2023-05-09,300750.SZ,225.8,234.25,221.21,232.52,289568
2023-05-10,300750.SZ,232.55,242.98,231.2,240.4,347474
2023-05-11,300750.SZ,241.99,244.56,237.98,237.98,223100
2023-05-14,300750.SZ,241.01,244,235.1,238.29,267065
2023-05-15,300750.SZ,238.4,240.97,236.77,239,139740
2023-05-16,300750.SZ,239,241.68,236.06,240,182464
2023-05-17,300750.SZ,241.3,241.37,231.04,232.4,241239
2023-05-18,300750.SZ,231.75,234.18,230,230,194722
2023-05-21,300750.SZ,229,232.5,227,230.3,146791
2023-05-22,300750.SZ,230.88,231.71,225.15,225.42,196132
2023-05-23,300750.SZ,224.8,228.51,223.72,225.25,147857
2023-05-24,300750.SZ,224.85,227.68,222.49,224.09,137533
2023-05-25,300750.SZ,224.2,224.5,217.5,220,182117
2023-05-28,300750.SZ,222.2,222.22,215.6,217.06,165372
2023-05-29,300750.SZ,217,224.99,216.01,224.99,264671
2023-05-30,300750.SZ,225.05,226.89,220.16,221.17,188697
2023-05-31,300750.SZ,222.64,228,221.51,222.9,159410
2023-06-01,300750.SZ,224.9,229.99,224,228.44,231815
2023-06-04,300750.SZ,225.9,225.9,216.39,219.8,335951
2023-06-05,300750.SZ,218.01,222.3,216.98,219.28,172425
2023-06-06,300750.SZ,216.38,216.5,204.45,207.3,500939
2023-06-07,300750.SZ,212.75,213.3,207,208.01,238579
2023-06-08,300750.SZ,208.55,213.13,208.55,212.04,242617
2023-06-11,300750.SZ,211.95,214,208.9,211.95,181316
2023-06-12,300750.SZ,211.01,213.93,210.68,213.1,132437
2023-06-13,300750.SZ,217.15,217.63,213,213.4,163629
2023-06-14,300750.SZ,214.99,230.88,214.89,230.88,504957
2023-06-15,300750.SZ,232,234.17,228.3,231.1,296398
2023-06-18,300750.SZ,232.99,232.99,226,227.88,187071
2023-06-19,300750.SZ,227.87,231.31,225.77,228,179605
2023-06-20,300750.SZ,228.81,230.5,224.9,224.91,171184
2023-06-25,300750.SZ,219.91,226.95,219.68,225.17,159106
2023-06-26,300750.SZ,223.98,226.3,221.18,223.47,134206
2023-06-27,300750.SZ,222.22,226.5,222,224.5,135586
2023-06-28,300750.SZ,223.51,226.91,222.5,222.5,99302
2023-06-29,300750.SZ,223.99,229.99,220.35,228.79,215515
2023-07-02,300750.SZ,231.95,233.95,228.55,229.88,155544
2023-07-03,300750.SZ,228.5,230.05,227.68,229.25,101557
2023-07-04,300750.SZ,229.26,230.41,225.5,227.51,86364
2023-07-05,300750.SZ,227,228.48,223.97,224.85,102836
2023-07-06,300750.SZ,224.8,224.85,221.6,222.25,98084
2023-07-09,300750.SZ,223,230,223,228.8,160938
2023-07-10,300750.SZ,229.65,229.99,226.58,229.09,91588
2023-07-11,300750.SZ,228.5,229.4,226.5,226.99,86933
2023-07-12,300750.SZ,228.21,235,228.21,230,222577
2023-07-13,300750.SZ,230.15,230.93,226.55,228.28,130041
2023-07-16,300750.SZ,227.01,228,223.6,225.65,104525
2023-07-17,300750.SZ,227.8,227.88,224.5,225.5,85758
2023-07-18,300750.SZ,224,224.95,218.58,219.5,176002
2023-07-19,300750.SZ,219,226.69,219,221.05,144416
2023-07-20,300750.SZ,220.85,222.98,219.76,221.59,83935
2023-07-23,300750.SZ,217.15,220.88,214.14,218.98,137193
2023-07-24,300750.SZ,224.9,227.64,221.02,226.35,192862
2023-07-25,300750.SZ,225.12,227,223.66,226.66,154568
2023-07-26,300750.SZ,231,232.88,226.88,226.98,208592
2023-07-27,300750.SZ,226.98,231,225.05,230.05,188031
2023-07-30,300750.SZ,234,239.5,233.1,237.75,299028
2023-07-31,300750.SZ,237.4,239.1,234.5,235.5,156152
2023-08-01,300750.SZ,237,239.49,235.5,236.5,141472
2023-08-02,300750.SZ,236,239.97,235.53,239.14,161805
2023-08-03,300750.SZ,245,249.96,241.11,245.51,315697
2023-08-06,300750.SZ,244.5,246.94,243.31,246.49,149277
2023-08-07,300750.SZ,245.98,249.33,244.88,247.14,150667
2023-08-08,300750.SZ,245.5,247.68,243.14,247,116847
2023-08-09,300750.SZ,247.9,251.33,244.12,246.5,140410
2023-08-10,300750.SZ,248.95,248.95,241.5,241.5,172041
2023-08-13,300750.SZ,239.2,239.98,230.21,232.9,256932
2023-08-14,300750.SZ,232.88,234.6,229.4,231.3,146101
2023-08-15,300750.SZ,231.52,234.38,230.11,232.6,140090
2023-08-16,300750.SZ,234.99,236.5,228.88,235.25,204428
2023-08-17,300750.SZ,235.29,239.12,234.42,235.87,167700
2023-08-20,300750.SZ,233.99,235.87,232.2,232.96,107804
2023-08-21,300750.SZ,234.8,235.18,227.51,230.75,151889
2023-08-22,300750.SZ,230.7,231.9,227,227.5,118749
2023-08-23,300750.SZ,228.88,231.54,226.5,228.95,141577
2023-08-24,300750.SZ,227.93,229.97,225.81,228.34,111851
2023-08-27,300750.SZ,241.5,243.96,229.5,230.5,223115
2023-08-28,300750.SZ,231.2,243,230.92,238.5,291750
2023-08-29,300750.SZ,239.4,242,237.5,237.5,145916
2023-08-30,300750.SZ,237.1,238.5,236.13,236.55,96715
2023-08-31,300750.SZ,236.6,239.51,234.6,236.4,91011
2023-09-03,300750.SZ,238.21,238.76,233.4,237.65,140524
2023-09-04,300750.SZ,237,239.5,236.16,236.82,115817
2023-09-05,300750.SZ,236.05,237.17,232.8,234.42,124748
2023-09-06,300750.SZ,233,233.75,226.51,226.51,192661
2023-09-07,300750.SZ,225,227.2,220.5,222.94,164994
2023-09-10,300750.SZ,222.9,223.55,219.68,221.53,170609
2023-09-11,300750.SZ,222,222.41,217.54,217.93,182312
2023-09-12,300750.SZ,217,219.15,215.03,216.6,151357
2023-09-13,300750.SZ,213.68,216.3,213.03,214.93,182941
2023-09-14,300750.SZ,212,214,206.6,207.76,336800
2023-09-17,300750.SZ,206,214.69,206,213.06,265935
2023-09-18,300750.SZ,213.06,213.48,210.6,212.32,150244
2023-09-19,300750.SZ,213,213.33,208.68,209.9,130875
2023-09-20,300750.SZ,210.01,210.95,206.67,206.73,162149
2023-09-21,300750.SZ,205.5,211.45,205.5,210.93,225091
2023-09-24,300750.SZ,213.02,213.62,208.71,209.28,136054
2023-09-25,300750.SZ,206.67,207.35,203.5,204.5,202538
2023-09-26,300750.SZ,206.3,208.49,202.45,203.66,218490
2023-09-27,300750.SZ,204,206.5,202.58,203.03,158095
2023-10-08,300750.SZ,201,201.28,193,195.5,337428
2023-10-09,300750.SZ,197.88,198,194.72,194.72,198655
2023-10-10,300750.SZ,197.87,198.6,194.1,194.77,202482
2023-10-11,300750.SZ,195.01,197.8,194,195.94,242059
2023-10-12,300750.SZ,193.85,194.83,189.6,190.6,284222
2023-10-15,300750.SZ,190.34,190.53,183.91,184.76,246836
2023-10-16,300750.SZ,185.51,189.3,184.57,185.44,215583
2023-10-17,300750.SZ,185.1,188.25,183.6,186.3,176519
2023-10-18,300750.SZ,184.41,185.68,182.28,182.7,174542
2023-10-19,300750.SZ,179,187.69,179,181,300269
2023-10-22,300750.SZ,180.3,180.3,175.8,177.26,202233
2023-10-23,300750.SZ,178,179.2,175.3,176.42,243795
2023-10-24,300750.SZ,178.2,179.5,175.68,175.98,215342
2023-10-25,300750.SZ,174,178.3,168.81,178.07,414206
2023-10-26,300750.SZ,177.85,185.88,176.02,184.72,477953
2023-10-29,300750.SZ,187,189.88,184.8,188.02,322595
2023-10-30,300750.SZ,186.68,187.22,184.6,185.6,181525
2023-10-31,300750.SZ,185.79,190.3,184.5,187.54,197273
2023-11-01,300750.SZ,188.5,189.88,185.57,185.57,137627
2023-11-02,300750.SZ,186,188.68,184.6,187.44,143655
2023-11-05,300750.SZ,188.57,197.1,188.45,197.08,349684
2023-11-06,300750.SZ,195.99,196.11,190.12,191.24,260803
2023-11-07,300750.SZ,190.18,192.94,190,191.84,146522
2023-11-08,300750.SZ,190.63,192.58,190.53,191.45,109971
2023-11-09,300750.SZ,189,189.97,188.05,189.03,116100
2023-11-12,300750.SZ,192,192.2,187.02,187.85,125196
2023-11-13,300750.SZ,187.85,188.8,183,183.68,234883
2023-11-14,300750.SZ,186.89,188.59,183.58,184.48,238072
2023-11-15,300750.SZ,185.48,185.49,180.1,181.15,174662
2023-11-16,300750.SZ,179.85,181.25,179.49,180.73,110840
2023-11-19,300750.SZ,180.74,181.8,179.01,180.3,124087
2023-11-20,300750.SZ,182,184,180.01,180.61,197662
2023-11-21,300750.SZ,179.55,181.3,177,177,186886
2023-11-22,300750.SZ,176.01,177.7,174.89,177.7,157203
2023-11-23,300750.SZ,177.03,178.2,174.5,175,166212
2023-11-26,300750.SZ,174.29,174.5,170.6,170.7,184220
2023-11-27,300750.SZ,170.03,171.97,168.87,171.92,202107
2023-11-28,300750.SZ,171,171.38,166.37,166.85,251885
2023-11-29,300750.SZ,165.22,168.66,164.49,167,230272
2023-11-30,300750.SZ,167.29,167.7,164.43,165.5,169622
2023-12-03,300750.SZ,163.5,164.44,161.24,161.65,239304
2023-12-04,300750.SZ,160.15,162.37,158.65,158.81,248077
2023-12-05,300750.SZ,158.65,166.86,158.22,162.88,367693
2023-12-06,300750.SZ,162,166.36,161.6,164.49,269084
2023-12-07,300750.SZ,165,166.33,163.12,163.59,245020
2023-12-10,300750.SZ,162.01,165.69,160.16,165.35,214896
2023-12-11,300750.SZ,164,165.22,162.98,163.63,147339
2023-12-12,300750.SZ,162.55,163.59,158.71,159.35,252594
2023-12-13,300750.SZ,160.88,161.49,156.44,156.63,227514
2023-12-14,300750.SZ,157.2,158.68,154.6,155,202046
2023-12-17,300750.SZ,153.11,153.69,146.28,146.97,429129
2023-12-18,300750.SZ,146.31,149.98,146.27,149,251852
2023-12-19,300750.SZ,149.2,151.2,148.32,148.45,212494
2023-12-20,300750.SZ,147.57,155.33,147.57,154.39,421315
2023-12-21,300750.SZ,153.5,158.41,152.2,156.29,280321
2023-12-24,300750.SZ,155.5,157.88,154.8,157.54,130056
2023-12-25,300750.SZ,156.97,157.5,154.74,156.13,127673
2023-12-26,300750.SZ,157.53,158,153.87,154.33,173565
2023-12-27,300750.SZ,154.22,163.16,153.57,162.99,378502
2023-12-28,300750.SZ,163.98,165,162,163.26,226838
2024-01-01,300750.SZ,162.22,162.53,156.62,156.83,214033
2024-01-02,300750.SZ,156.1,157.28,154.4,155.8,197576
2024-01-03,300750.SZ,155.5,155.72,149.77,151.2,272418
2024-01-04,300750.SZ,150.99,154.73,149.49,150.9,210353
2024-01-07,300750.SZ,150.2,153.39,149.08,150,193854
2024-01-08,300750.SZ,149.96,151.37,145.75,148.7,233916
2024-01-09,300750.SZ,146.94,153.11,146.55,150.66,232120
2024-01-10,300750.SZ,150.66,157.77,148.51,154.82,328018
2024-01-11,300750.SZ,154,157.33,152.2,154.63,254622
2024-01-14,300750.SZ,153.5,153.7,149.35,151.7,172722
2024-01-15,300750.SZ,151.66,157.25,150.56,156.95,284693
2024-01-16,300750.SZ,156.86,156.86,151.75,152.24,217615
2024-01-17,300750.SZ,150.1,155.2,150.01,154.61,307788
2024-01-18,300750.SZ,153.8,157.89,153.4,154.9,265949
2024-01-21,300750.SZ,153.5,159.95,150.65,155.66,404888
2024-01-22,300750.SZ,155,158.8,153.19,153.91,323059
2024-01-23,300750.SZ,154.5,154.99,149.51,153.48,248710
2024-01-24,300750.SZ,152,155.1,149.71,155,294796
2024-01-25,300750.SZ,152.5,154.48,150,150,271813
2024-01-28,300750.SZ,149.44,150.78,147.02,147.02,217675
2024-01-29,300750.SZ,145.5,147.44,140.4,140.75,327274
2024-01-30,300750.SZ,145,152.96,144,151.59,595221
2024-01-31,300750.SZ,151.58,152.52,148.58,149.02,279688
2024-02-01,300750.SZ,148,149,143.37,146,307060
2024-02-04,300750.SZ,142.61,154.5,142.3,151.94,471326
2024-02-05,300750.SZ,151.19,159.26,150.82,158.33,437459
2024-02-06,300750.SZ,158,159.79,156,159.6,366070
2024-02-07,300750.SZ,159.5,165,158.88,162.84,309012
2024-02-18,300750.SZ,164.96,164.96,159.09,160.09,270925
2024-02-19,300750.SZ,161.88,161.88,156.07,158.33,221948
2024-02-20,300750.SZ,157.38,163.3,156.34,161.2,257827
2024-02-21,300750.SZ,161.33,161.33,158.88,160.35,209559
2024-02-22,300750.SZ,161.97,162,159.06,160.5,210176
2024-02-25,300750.SZ,159.23,159.99,154.7,156,360664
2024-02-26,300750.SZ,155.08,157.85,154.54,157.83,290401
2024-02-27,300750.SZ,158.18,163.3,157.01,157.01,400917
2024-02-28,300750.SZ,156.1,163.77,155.66,163.51,391675
2024-02-29,300750.SZ,163.53,165.56,162.4,164.55,281013
2024-03-03,300750.SZ,165,167.86,162.77,163.9,268086
2024-03-04,300750.SZ,162.1,165.2,160,164.65,275496
2024-03-05,300750.SZ,162.58,166.9,161.7,163.64,187180
2024-03-06,300750.SZ,163,164.17,159.48,160.15,221450
2024-03-07,300750.SZ,159.13,160.8,156.65,158,202170
2024-03-10,300750.SZ,165,181.65,164.1,180.85,763350
2024-03-11,300750.SZ,183.34,186.43,180,185.84,621649
2024-03-12,300750.SZ,187,187.69,183.3,185.18,347958
2024-03-13,300750.SZ,184.89,187.96,182.96,183.81,305356
2024-03-14,300750.SZ,183.63,183.9,176.85,181,354836
2024-03-17,300750.SZ,190.04,193.76,188.95,190.96,483052
2024-03-18,300750.SZ,190.49,192.3,186.6,187.25,269576
2024-03-19,300750.SZ,185.51,191.24,185.51,189.48,210316
2024-03-20,300750.SZ,189.51,191.88,189.08,189.08,187567
2024-03-21,300750.SZ,189.09,189.91,184.99,186.51,191034
2024-03-24,300750.SZ,185.57,188.2,184.48,184.8,164134
2024-03-25,300750.SZ,185.7,193.13,185.69,191.8,302473
2024-03-26,300750.SZ,191.74,191.75,188,188,206457
2024-03-27,300750.SZ,188.07,191.7,186.6,188.78,200367
2024-03-28,300750.SZ,190.3,195,189.38,190.16,164648
2024-03-31,300750.SZ,194,199.83,193.4,197.84,275132
2024-04-01,300750.SZ,198.1,201.57,196.5,199.7,240381
2024-04-02,300750.SZ,198.94,198.95,194.6,197.65,234890
2024-04-07,300750.SZ,197.65,199.9,194.6,194.6,189576
2024-04-08,300750.SZ,194,196.5,193.71,196,145700
2024-04-09,300750.SZ,194.11,195,191.53,192.74,179615
2024-04-10,300750.SZ,190.81,194.3,187,192.6,192954
2024-04-11,300750.SZ,191,191.98,188.01,188.39,166256
2024-04-14,300750.SZ,193.85,197.14,191.86,197.14,305483
2024-04-15,300750.SZ,199,199.3,194.92,197.15,276231
2024-04-16,300750.SZ,195.35,196.93,193.02,195.99,216192
2024-04-17,300750.SZ,193.97,197.45,191.39,195.56,195396
2024-04-18,300750.SZ,193.06,194.46,189.51,190.8,184915
2024-04-21,300750.SZ,192.8,194.89,190.57,190.6,150987
2024-04-22,300750.SZ,191.13,192.5,187.88,189.93,111138
2024-04-23,300750.SZ,192,192.4,186.4,189.6,151543
2024-04-24,300750.SZ,188.57,194.35,187.89,193.2,164183
2024-04-25,300750.SZ,192.01,198.88,192.01,198.48,224881
2024-04-28,300750.SZ,200.57,213.5,200,209.63,438630
2024-04-29,300750.SZ,205.76,205.76,202,202.6,214330
2024-05-05,300750.SZ,211,211.7,206.03,206.98,270999
2024-05-06,300750.SZ,206.18,207.88,205.15,206.88,131799
2024-05-07,300750.SZ,207,207.8,203.11,203.23,124330
2024-05-08,300750.SZ,206.27,210.51,206.2,209.4,219216
2024-05-09,300750.SZ,209.4,209.4,203,203.5,228011
2024-05-12,300750.SZ,196.3,201.77,195.51,199.35,221967
2024-05-13,300750.SZ,200.6,201.2,198.12,199.01,106947
2024-05-14,300750.SZ,199.01,203.33,197.5,197.89,130741
2024-05-15,300750.SZ,198.8,201.64,196.98,199.67,153782
2024-05-16,300750.SZ,199.7,203,198.58,203,184962
2024-05-19,300750.SZ,207.2,207.88,203.01,203.45,199172
2024-05-20,300750.SZ,203.67,204.58,200.56,201.56,122964
2024-05-21,300750.SZ,202.5,207,201.6,204.89,252366
2024-05-22,300750.SZ,204.2,205.65,203.13,204.34,176548
2024-05-23,300750.SZ,202.8,204.86,200.79,200.98,155107
2024-05-26,300750.SZ,201.8,201.8,198.5,200.01,163618
2024-05-27,300750.SZ,199.46,200.58,197.6,197.8,126900
2024-05-28,300750.SZ,198.01,202.5,197.8,198.79,133388
2024-05-29,300750.SZ,199.05,200.88,197.66,199.35,127840
2024-05-30,300750.SZ,199.35,202.25,197.76,197.76,138086
2024-06-02,300750.SZ,197.76,203.6,195.8,202.5,187181
2024-06-03,300750.SZ,201.99,207.24,201,205.97,177149
2024-06-04,300750.SZ,205.7,207.85,204.01,204.12,117774
2024-06-05,300750.SZ,203.98,206.88,202.2,204.79,124126
2024-06-06,300750.SZ,198.86,202.45,187.59,193.2,516868
2024-06-10,300750.SZ,189,192,184.61,188.77,420724
2024-06-11,300750.SZ,186,189.76,185.48,185.6,203104
2024-06-12,300750.SZ,187,190.01,185.12,185.18,221176
2024-06-13,300750.SZ,186.1,186.58,178.58,184.89,371849
2024-06-16,300750.SZ,182.55,190.5,182.31,188.2,269293
2024-06-17,300750.SZ,188.15,190.47,187.02,190.33,156529
2024-06-18,300750.SZ,190.6,190.7,187.68,189.01,107540
2024-06-19,300750.SZ,189.99,190.11,187.1,187.99,115624
2024-06-20,300750.SZ,188.31,188.96,182.37,185.16,184677
2024-06-23,300750.SZ,183,187.99,183,186.98,180355
2024-06-24,300750.SZ,187,189.2,185.6,186.32,144144
2024-06-25,300750.SZ,185.12,186.63,183.2,185.51,104814
2024-06-26,300750.SZ,185.51,185.88,183.01,185,126536
2024-06-27,300750.SZ,183.8,185.48,179.84,180.03,194205
2024-06-30,300750.SZ,179.19,179.28,171.17,176.07,269957
2024-07-01,300750.SZ,173.85,176.96,172.11,176.08,144156
2024-07-02,300750.SZ,177,182.5,176.31,179.5,162053
2024-07-03,300750.SZ,180.39,182.99,179.2,179.6,118346
2024-07-04,300750.SZ,181,182.49,176.5,177.62,135247
2024-07-07,300750.SZ,176.01,178.37,175.01,175.91,108064
2024-07-08,300750.SZ,175.3,177.3,173.09,175.77,164439
2024-07-09,300750.SZ,175.01,180.09,173.05,173.05,177729
2024-07-10,300750.SZ,175,178.98,173.49,177.01,208111
2024-07-11,300750.SZ,177.85,181.77,177,179.8,195505
2024-07-14,300750.SZ,178.3,179.95,177.11,178.12,114697
2024-07-15,300750.SZ,177.5,180.5,177.3,179.3,151487
2024-07-16,300750.SZ,178,182.66,175.94,180.89,185901
2024-07-17,300750.SZ,180,189.1,179.68,188.35,319944
2024-07-18,300750.SZ,186.35,190.09,186.2,189.44,208476
2024-07-21,300750.SZ,191.19,194.18,187.4,189.52,171683
2024-07-22,300750.SZ,189.01,189.7,186.2,186.2,119031
2024-07-23,300750.SZ,186,189.09,185.39,186.32,144681
2024-07-24,300750.SZ,186.12,190.73,185.06,187.73,205959
2024-07-25,300750.SZ,190,193.3,188.05,189.35,233477
2024-07-28,300750.SZ,187,187,180,184.53,213624
2024-07-29,300750.SZ,183.22,185.33,183.22,184.89,127252
2024-07-30,300750.SZ,182,186.88,182,186.31,198969
2024-07-31,300750.SZ,185,186,180.1,180.3,230127
2024-08-01,300750.SZ,179,180,176.74,177.09,154937
2024-08-04,300750.SZ,175.01,180.19,175,177,193477
2024-08-05,300750.SZ,178.41,179.39,173.71,174.95,157687
2024-08-06,300750.SZ,174.95,176.23,173.67,173.67,127540
2024-08-07,300750.SZ,173.01,173.6,170.12,172.4,146590
2024-08-08,300750.SZ,173.6,174.87,170,170,154130
2024-08-11,300750.SZ,170.57,171.12,166.8,169,174156
2024-08-12,300750.SZ,168.89,174.96,168.38,173.78,193893
2024-08-13,300750.SZ,172.99,174.45,171.72,172.21,99663
2024-08-14,300750.SZ,172,174.6,171.29,173.4,144812
2024-08-15,300750.SZ,173.4,176,172.88,173.62,111506
2024-08-18,300750.SZ,173.35,177.94,173.15,175.6,140358
2024-08-19,300750.SZ,175,176,173.66,174.87,84370
2024-08-20,300750.SZ,174,175.41,172,174.01,111474
2024-08-21,300750.SZ,174.98,179.97,174.3,178.8,199011
2024-08-22,300750.SZ,177,182.52,177,181.8,184152
2024-08-25,300750.SZ,181.9,184.56,181,183.92,148387
2024-08-26,300750.SZ,182.52,184.49,181.5,183.5,99770
2024-08-27,300750.SZ,182.8,183.69,181.28,182.82,106390
2024-08-28,300750.SZ,179.17,182.99,179.17,180.8,156702
2024-08-29,300750.SZ,180.8,185.96,180.8,184.34,254292
2024-09-01,300750.SZ,184.44,185.59,181,181.19,129852
2024-09-02,300750.SZ,180.3,186.7,180.02,185.65,181969
2024-09-03,300750.SZ,185.32,189,184.85,187.15,165645
2024-09-04,300750.SZ,187.15,189.55,185.8,186.8,123182
2024-09-05,300750.SZ,186.12,188.5,185.4,185.95,75255
2024-09-08,300750.SZ,185.11,188.66,183.47,185.15,134754
2024-09-09,300750.SZ,185.5,185.5,181.05,181.16,154244
2024-09-10,300750.SZ,182.4,187.78,181.16,186.56,211971
2024-09-11,300750.SZ,188,192.16,186.71,189.35,207100
2024-09-12,300750.SZ,188.88,188.88,183.5,183.5,172873
2024-09-17,300750.SZ,183.6,187.43,183.29,186.4,113779
2024-09-18,300750.SZ,187,188.22,183.6,186.9,157694
2024-09-19,300750.SZ,186.9,187.9,183.68,185.6,155027
2024-09-22,300750.SZ,186.66,189.43,185.5,188.2,157925
2024-09-23,300750.SZ,191.96,198.17,188.89,197.52,354517
2024-09-24,300750.SZ,207.39,207.4,202.59,203.1,420101
2024-09-25,300750.SZ,203.7,207.33,198.93,205.51,354893
2024-09-26,300750.SZ,212,231.68,211.67,226.81,701813
2024-09-29,300750.SZ,233.02,255,232,251.89,913611
2024-10-07,300750.SZ,296,301.5,267.66,299,1376465
2024-10-08,300750.SZ,279.9,279.99,255,255,1086916
2024-10-09,300750.SZ,255,265.99,250.16,258,608338
2024-10-10,300750.SZ,255.5,255.5,237.93,241.79,476402
2024-10-13,300750.SZ,249.99,252.8,244.94,249.72,467599
2024-10-14,300750.SZ,249.81,250.84,241.13,241.22,327653
2024-10-15,300750.SZ,238.82,238.82,233.33,233.85,335860
2024-10-16,300750.SZ,234,238.88,230.86,231.5,261647
2024-10-17,300750.SZ,230,258.88,229.6,249.89,680138
2024-10-20,300750.SZ,259,262.53,251.75,253.36,584558
2024-10-21,300750.SZ,254,254.56,247.26,250.55,278760
2024-10-22,300750.SZ,247.81,254.94,246.86,249.3,321541
2024-10-23,300750.SZ,249.77,251.5,245,246.16,214658
2024-10-24,300750.SZ,252.34,265,246.3,258.88,578986
2024-10-27,300750.SZ,256.13,258.61,253,256.24,276019
2024-10-28,300750.SZ,256.24,257.71,251.24,251.78,269948
2024-10-29,300750.SZ,250,252.3,244.5,248.03,271344
2024-10-30,300750.SZ,246.99,250.5,244,245.98,255003
2024-10-31,300750.SZ,246.53,249.82,245.18,246.2,259158
2024-11-03,300750.SZ,244,254.3,244,251.2,242472
2024-11-04,300750.SZ,250.58,262.82,249.13,261.39,484821
2024-11-05,300750.SZ,258.99,269.5,253.5,256.5,452393
2024-11-06,300750.SZ,258,262.8,253.88,262.8,335710
2024-11-07,300750.SZ,269.66,272,257.1,257.5,402941
2024-11-10,300750.SZ,252.35,268.99,251.01,267.5,491539
2024-11-11,300750.SZ,278.28,285.2,270.98,273.02,744030
2024-11-12,300750.SZ,269,288.2,266.77,282,557737
2024-11-13,300750.SZ,283,284.99,274.66,275,426572
2024-11-14,300750.SZ,269.5,275,265.56,265.56,351983
2024-11-17,300750.SZ,265.56,270.95,261,262.92,306500
2024-11-18,300750.SZ,262.02,272,258,268.72,348129
2024-11-19,300750.SZ,266.95,269.9,264.6,267.55,227088
2024-11-20,300750.SZ,265.66,271.43,263.66,268.26,205508
2024-11-21,300750.SZ,267.93,269,258.88,259.1,225551
2024-11-24,300750.SZ,263.06,266.56,261.18,264.1,262391
2024-11-25,300750.SZ,261.57,263.97,255.66,256.72,273604
2024-11-26,300750.SZ,254.7,260.9,251.47,259.9,274007
2024-11-27,300750.SZ,259.2,259.53,253.5,254.7,223556
2024-11-28,300750.SZ,251.23,267.99,251.23,261.24,313663
2024-12-01,300750.SZ,258.64,263.55,257.21,262.19,206475
2024-12-02,300750.SZ,261,262.99,259,261.84,173108
2024-12-03,300750.SZ,260,262,257.5,258.97,161814
2024-12-04,300750.SZ,257.99,258.95,255.01,256,160216
2024-12-05,300750.SZ,256,269.9,255,266.55,330381
2024-12-08,300750.SZ,266.99,269.66,264.41,268.05,224561
2024-12-09,300750.SZ,281.28,281.5,269.33,270.57,329044
2024-12-10,300750.SZ,273.96,279.5,266.52,267.1,194008
2024-12-11,300750.SZ,265.9,275.38,265.2,273.71,223295
2024-12-12,300750.SZ,269.88,272,266,267.03,283164
2024-12-15,300750.SZ,266.22,269.5,264.05,267.2,162575
2024-12-16,300750.SZ,267,278,266.54,273.8,282146
2024-12-17,300750.SZ,274.31,274.73,270.31,271.41,150853
2024-12-18,300750.SZ,269.26,272.35,266.62,269.79,153460
2024-12-19,300750.SZ,269.79,270.8,260.32,262.71,277401
2024-12-22,300750.SZ,262.71,268.88,262.71,263.5,206394
2024-12-23,300750.SZ,263,268.25,263,268.23,196154
2024-12-24,300750.SZ,268.91,270.91,266.26,267.97,114138
2024-12-25,300750.SZ,267.2,267.2,261,261.25,224438
2024-12-26,300750.SZ,260.57,263.42,255,262,243519
2024-12-29,300750.SZ,260.88,267.5,260.51,266.58,226314
2024-12-30,300750.SZ,265.09,270.5,265.09,266,249340
2025-01-01,300750.SZ,266.25,266.3,257,258.78,233546
2025-01-02,300750.SZ,258.78,263,257.21,257.63,185238
2025-01-05,300750.SZ,258,260,253,256.75,172891
2025-01-06,300750.SZ,243,252,241.08,249.45,401036
2025-01-07,300750.SZ,245.99,248.31,243.32,245.34,271858
2025-01-08,300750.SZ,241.35,250.25,241.16,247.33,169329
2025-01-09,300750.SZ,246.5,249.95,244.68,246,147294
2025-01-12,300750.SZ,243.5,250,242,246.91,180922
2025-01-13,300750.SZ,247.71,257,245.21,256.2,202467
2025-01-14,300750.SZ,256.2,256.4,249.67,250.87,150627
2025-01-15,300750.SZ,252,254.6,248.26,249.93,161884
2025-01-16,300750.SZ,248.5,253.5,248.08,251.5,111066
2025-01-19,300750.SZ,256.5,267.61,256.31,265.52,342835
2025-01-20,300750.SZ,268.5,268.76,263.22,264.18,138933
2025-01-21,300750.SZ,262,264.9,254.21,258,250407
2025-01-22,300750.SZ,259.85,262.5,256.98,257.5,165537
2025-01-23,300750.SZ,256.01,264.78,256.01,260.62,224398
2025-01-26,300750.SZ,260.63,262.97,257,257,171026
2025-02-04,300750.SZ,260,262,251.05,252.12,240481
2025-02-05,300750.SZ,251,253.49,249.2,253.1,248961
2025-02-06,300750.SZ,257,262.56,251.62,261.28,344413
2025-02-09,300750.SZ,261.28,261.47,255.18,258.45,229267
2025-02-10,300750.SZ,260.44,260.5,251.06,251.8,247920
2025-02-11,300750.SZ,250.01,256,247.08,255.3,273822
2025-02-12,300750.SZ,255.99,263.99,255.1,261.39,375350
2025-02-13,300750.SZ,261.53,273,261.53,269.71,387800
2025-02-16,300750.SZ,274.9,274.9,266.02,269.4,241830
2025-02-17,300750.SZ,272.96,275.5,269,270.77,238458
2025-02-18,300750.SZ,268.57,276,268.55,273.55,204455
2025-02-19,300750.SZ,272.8,272.8,267,270.2,195890
2025-02-20,300750.SZ,268.58,276.88,267.78,275.55,309519
2025-02-23,300750.SZ,273.01,274.7,268.16,271.5,277538
2025-02-24,300750.SZ,267.48,274,264.51,269.48,232094
2025-02-25,300750.SZ,271.45,272.88,267.18,268.62,211731
2025-02-26,300750.SZ,270.27,271.7,267.67,270,231851
2025-02-27,300750.SZ,269.6,271.31,263.61,264.3,222655
2025-03-02,300750.SZ,265,279.3,262.24,273.53,387364
2025-03-03,300750.SZ,270,271,262.73,263,268365
2025-03-04,300750.SZ,263,263.89,258.5,260.99,208696
2025-03-05,300750.SZ,262.25,265.53,261,264.31,250273
2025-03-06,300750.SZ,262.96,263.58,258.68,260.76,222871
2025-03-09,300750.SZ,261.8,261.86,253.61,256.5,286751
2025-03-10,300750.SZ,253.07,255.5,253.05,255.2,171351
2025-03-11,300750.SZ,256.01,256.62,251.49,254.5,199147
2025-03-12,300750.SZ,254,259.2,253,253.22,168852
2025-03-13,300750.SZ,253,264.85,252.65,262,351089
2025-03-16,300750.SZ,263.1,265.47,255.74,256,335155
2025-03-17,300750.SZ,258,260.78,255.5,257,225767
2025-03-18,300750.SZ,257.2,266.97,256.78,265.39,369541
2025-03-19,300750.SZ,265.39,266.5,261.02,262.15,144247
2025-03-20,300750.SZ,262.68,264.53,255.67,256,194320
2025-03-23,300750.SZ,257.7,258.98,256.28,258.16,167302
2025-03-24,300750.SZ,257.71,260,255.29,259.48,127858
2025-03-25,300750.SZ,259.4,262.7,256.7,256.92,129046
2025-03-26,300750.SZ,256.19,262.8,254.25,258.88,141792
2025-03-27,300750.SZ,256.11,258.88,255.8,256.8,112421
2025-03-30,300750.SZ,256.06,257.98,252.12,252.94,194634
2025-03-31,300750.SZ,252.94,254.5,248.58,249.06,194162
2025-04-01,300750.SZ,250.2,252.46,247.56,249.14,137321
2025-04-02,300750.SZ,245,247.7,242.55,243.08,232816
2025-04-06,300750.SZ,226.09,230,209.11,215.22,723646
2025-04-07,300750.SZ,219.95,225,216.4,219.05,476594
2025-04-08,300750.SZ,212.92,218.75,210.09,211.39,536023
2025-04-09,300750.SZ,221,222.79,215.46,217.98,372741
2025-04-10,300750.SZ,216,225.55,214.7,224,302991
2025-04-13,300750.SZ,227.15,228,222.68,224,206965
2025-04-14,300750.SZ,226,230.45,225.12,228.15,266865
2025-04-15,300750.SZ,227,227.18,221.55,224.89,216551
2025-04-16,300750.SZ,223,227.33,222.22,226,157377
2025-04-17,300750.SZ,225.21,226.5,223.66,225.46,115128
2025-04-20,300750.SZ,225.46,235,224.18,231.36,220082
2025-04-21,300750.SZ,230,231.16,227.2,230.69,169354
2025-04-22,300750.SZ,235,238.75,233,233.35,191980
2025-04-23,300750.SZ,234.5,238.66,232.25,236.87,181554
2025-04-24,300750.SZ,237.2,237.92,235.09,236.6,127620
2025-04-27,300750.SZ,238.25,238.26,233.2,234.85,143124
2025-04-28,300750.SZ,234,234.8,230.72,232.03,167424
2025-04-29,300750.SZ,233.05,234.38,231.5,231.5,156328
2025-05-05,300750.SZ,233.91,236.3,231.2,231.63,196877
2025-05-06,300750.SZ,236.45,240.88,236.08,238.61,312810
2025-05-07,300750.SZ,239.49,248.68,237.98,244.57,312856
2025-05-08,300750.SZ,246.07,249.77,244.65,248.27,236933
2025-05-11,300750.SZ,255,257.99,253,257,302315
2025-05-12,300750.SZ,262,262,255.02,258.77,204806
2025-05-13,300750.SZ,258.77,264.46,256.01,262.6,231463
2025-05-14,300750.SZ,262.62,262.87,259.6,260.18,141119
2025-05-15,300750.SZ,259.14,261.73,257.73,259.36,189001
2025-05-18,300750.SZ,260.5,260.54,257.27,260,169740
2025-05-19,300750.SZ,264.44,265.5,255.2,263,346424
2025-05-20,300750.SZ,266.99,279.99,265.8,274.08,565245
2025-05-21,300750.SZ,277.8,277.94,268.27,270.37,276081
2025-05-22,300750.SZ,271.01,274,266.95,266.99,230004
2025-05-25,300750.SZ,265,266.38,252.9,255.9,330122
2025-05-26,300750.SZ,255.89,257.21,252.39,253.99,176680
2025-05-27,300750.SZ,255.61,258.27,253.32,253.6,154563
2025-05-28,300750.SZ,253,253.98,249,251.85,217883
2025-05-29,300750.SZ,250.9,252.65,247.47,250,204337
2025-06-02,300750.SZ,252,253.9,250.44,251.15,158412
2025-06-03,300750.SZ,252.5,253.6,250.7,251.05,130402
2025-06-04,300750.SZ,251.36,252.44,248.27,251.5,135259
2025-06-05,300750.SZ,252,253.33,248.5,248.88,165515
2025-06-08,300750.SZ,248.88,250.88,245.5,245.58,185498
2025-06-09,300750.SZ,245,246.86,242.22,243.14,139325
2025-06-10,300750.SZ,246.09,252.44,244.8,250.5,279934
2025-06-11,300750.SZ,252,252.5,248.77,249.81,175696
2025-06-12,300750.SZ,248.1,250.41,246.37,248.2,174032
2025-06-15,300750.SZ,248,248.7,245.8,246.66,122176
2025-06-16,300750.SZ,246.96,248.43,245.22,246.26,97650
2025-06-17,300750.SZ,246.98,249.58,245.57,245.57,104606
2025-06-18,300750.SZ,245.3,246.16,241.6,242.1,147985
2025-06-19,300750.SZ,241.06,243.12,239.5,240.26,136883
2025-06-22,300750.SZ,239.3,240.6,238.03,239.61,127099
2025-06-23,300750.SZ,240.58,248.08,240.58,245.92,235011
2025-06-24,300750.SZ,246.5,255.88,246,254.9,315377
2025-06-25,300750.SZ,255.88,256.29,252.36,252.79,199145
2025-06-26,300750.SZ,256.5,257.45,250.11,250.99,236201
2025-06-29,300750.SZ,251.5,253.5,249.7,252.22,176234
2025-06-30,300750.SZ,252.5,252.74,249.88,251.5,95323
2025-07-01,300750.SZ,251.5,252.01,249.19,250.45,115714
2025-07-02,300750.SZ,251.47,263.21,250.59,262.59,338037
2025-07-03,300750.SZ,265.01,269.98,260.98,265.8,272060
2025-07-06,300750.SZ,265.8,268.88,258.88,260.89,174665
2025-07-07,300750.SZ,260.7,265.9,259.82,263.31,155923
2025-07-08,300750.SZ,262.2,274.46,262.1,270.8,293884
2025-07-09,300750.SZ,274.99,274.99,268.5,272,242393
2025-07-10,300750.SZ,271.5,274,270.1,271.5,213282
2025-07-13,300750.SZ,271,271.32,266.1,268.5,149789
2025-07-14,300750.SZ,268.5,272.5,266,267.75,169526
2025-07-15,300750.SZ,268.5,268.7,263.04,264.4,156265
2025-07-16,300750.SZ,265.37,267.75,264.36,265.5,145110
2025-07-17,300750.SZ,268.7,272.45,265.8,271.2,221866
2025-07-20,300750.SZ,277,282,273.55,279.66,324863
2025-07-21,300750.SZ,280,290,279.18,286.66,333090
2025-07-22,300750.SZ,288.16,290.75,286.59,287.02,200190
2025-07-23,300750.SZ,289,289.2,282.91,285.2,223891
2025-07-24,300750.SZ,285.2,285.2,281.75,282.8,134326
2025-07-27,300750.SZ,283.02,289.09,281.3,286.3,238973
2025-07-28,300750.SZ,286.7,292,286.68,291.82,233946
2025-07-29,300750.SZ,292.2,292.2,276.36,277.09,415943
2025-07-30,300750.SZ,280.8,281.98,264.62,264.62,447104
2025-07-31,300750.SZ,264.8,266.6,262.75,263.07,252500
2025-08-03,300750.SZ,263,268,261.7,266.48,237682
2025-08-04,300750.SZ,267.5,269,263.5,265.7,219760
2025-08-05,300750.SZ,265.22,266.9,263.23,265,153233
2025-08-06,300750.SZ,265,266.49,262.2,263.05,165481
2025-08-07,300750.SZ,264,266.16,262.01,263.48,171556
2025-08-10,300750.SZ,263.48,266.15,262.5,263.66,213309
2025-08-11,300750.SZ,263.5,265.18,257.72,263.25,222407
2025-08-12,300750.SZ,264.77,275,264.51,273.6,394668
2025-08-13,300750.SZ,276.89,282,274.48,279.89,371708
2025-08-14,300750.SZ,278.38,282.3,276.1,280.67,241092
2025-08-17,300750.SZ,280.67,285.48,278.02,283,285288
2025-08-18,300750.SZ,283,284,276.22,277.8,244286
2025-08-19,300750.SZ,277.5,279.99,272.05,279.2,233535
2025-08-20,300750.SZ,279.27,281.8,278,279,182698
2025-08-21,300750.SZ,278.93,289.35,278.6,287.18,264219
2025-08-24,300750.SZ,290,293.88,286.78,290.28,312297
2025-08-25,300750.SZ,287.02,290.99,285.58,289.5,230245
2025-08-26,300750.SZ,289,289.54,278.19,278.3,382584
2025-08-27,300750.SZ,276.06,278.99,272.72,277.41,304664
2025-08-28,300750.SZ,278.31,316.66,277.95,306.18,780139
2025-08-31,300750.SZ,306.5,306.9,299.3,304,429964
2025-09-01,300750.SZ,304.03,311.1,299.03,302.87,371169
2025-09-02,300750.SZ,303.5,311.65,303.03,309,508975
2025-09-03,300750.SZ,313.47,323.33,300.63,304.03,657548
2025-09-04,300750.SZ,299.9,325.11,299.82,325.11,708198
2025-09-07,300750.SZ,334,337.65,323.5,325.37,588346
2025-09-08,300750.SZ,322.8,334.58,317.16,320,434024
2025-09-09,300750.SZ,317.99,322,313,316.04,367527
2025-09-10,300750.SZ,315.55,322.98,309.04,322.55,380345
2025-09-11,300750.SZ,325.9,329.9,322.2,325,338713
2025-09-14,300750.SZ,346.01,371.52,344.02,354.7,718410
2025-09-15,300750.SZ,356.11,359,348.5,353.42,377445
2025-09-16,300750.SZ,356.8,381.88,354,377.1,543771
2025-09-17,300750.SZ,374.59,380,360.8,366.89,518897
2025-09-18,300750.SZ,365,375.71,361.72,368.49,339149
2025-09-21,300750.SZ,370.5,372.72,362.78,370.05,285278
2025-09-22,300750.SZ,368,376.96,360,368.15,348493
2025-09-23,300750.SZ,371,380,366.06,379.93,383145
2025-09-24,300750.SZ,376.6,402.59,376.47,392.85,466393
2025-09-25,300750.SZ,392.02,399.99,380,380.4,362633
2025-09-28,300750.SZ,386.34,399.89,386.01,397.37,389647
2025-09-29,300750.SZ,396,408.88,396,402,330313
2025-10-08,300750.SZ,399.98,424.36,399.74,409.89,412088
2025-10-09,300750.SZ,401,403.8,379.01,381.95,533118
2025-10-12,300750.SZ,362.86,384.6,362.86,374.5,471510
2025-10-13,300750.SZ,381,385.8,355.77,358,496399
2025-10-14,300750.SZ,358.5,369.71,354.76,369.3,369934
2025-10-15,300750.SZ,367.5,373.9,364.5,368.5,276295
2025-10-16,300750.SZ,367.5,375,356.99,358.14,319058
2025-10-19,300750.SZ,365,368.89,359.53,366.5,284324
2025-10-20,300750.SZ,373,381.35,363.1,375.9,446329
2025-10-21,300750.SZ,375.9,378.88,368.2,372.86,219459
2025-10-22,300750.SZ,373.8,378.8,369,376.45,239981
2025-10-23,300750.SZ,379.97,387.8,378,385.77,320416
2025-10-26,300750.SZ,393,393,376.57,386.18,404510
2025-10-27,300750.SZ,386.16,393.8,383.02,386.48,287083
2025-10-28,300750.SZ,386,400.04,384.7,400,344740
2025-10-29,300750.SZ,405.98,409.08,396.83,398.29,343061
2025-10-30,300750.SZ,398,406.8,388.2,388.77,340484
2025-11-02,300750.SZ,387,391.91,375.77,386.86,263682
2025-11-03,300750.SZ,383.06,386.5,374,378.95,239391
2025-11-04,300750.SZ,372.85,393,372,388.7,311425
2025-11-05,300750.SZ,390,399.49,388.7,394.68,234475
2025-11-06,300750.SZ,393.5,397.51,388.88,395.37,165549
2025-11-09,300750.SZ,398.4,400.31,383.32,384.51,238960
2025-11-10,300750.SZ,386,394.77,384.5,385.6,193032
2025-11-11,300750.SZ,390.78,392.99,383.98,386.38,212998
2025-11-12,300750.SZ,385.05,421.3,385.05,415.6,562654
2025-11-13,300750.SZ,407,414.6,403.88,404.12,241721
2025-11-16,300750.SZ,388,392.4,382.5,390.78,476855
2025-11-17,300750.SZ,389,398.63,381,385,395658
2025-11-18,300750.SZ,385.5,398.44,384.96,391.1,292667
2025-11-19,300750.SZ,394.9,395,377.01,379.39,336743
2025-11-20,300750.SZ,375,383,370,370,316313
2025-11-23,300750.SZ,373.8,374.9,367.18,370.55,228458
2025-11-24,300750.SZ,375,379.66,370.59,372.36,206332
2025-11-25,300750.SZ,375.5,375.5,370.07,372.82,189107
2025-11-26,300750.SZ,373,378.88,370,371.2,222003
2025-11-27,300750.SZ,370.5,375.48,366.16,373.2,203403
2025-11-30,300750.SZ,374.76,382.97,374.03,382.97,267510
2025-12-01,300750.SZ,383.5,384.98,377.4,380.08,163485
2025-12-02,300750.SZ,380.09,383.37,375,376.08,139911
2025-12-03,300750.SZ,379.19,383.6,375.15,383.35,191658
2025-12-04,300750.SZ,387.2,389.31,382,389.09,232916
2025-12-07,300750.SZ,390.43,395.38,385.5,392.5,216598
2025-12-08,300750.SZ,391.5,392.26,386,387.59,186918
2025-12-09,300750.SZ,385.05,388,377.26,382.38,194334
2025-12-10,300750.SZ,384.9,398.86,383.38,388.99,282154
2025-12-11,300750.SZ,392,393.39,385.5,391.8,240020
2025-12-14,300750.SZ,391.5,394.97,385.21,385.5,182750
2025-12-15,300750.SZ,386,389.08,378.03,378.41,191217
2025-12-16,300750.SZ,376.45,384.5,375.06,383.42,222574
2025-12-17,300750.SZ,379.57,380.95,370.01,372,296393
2025-12-18,300750.SZ,374.08,377.68,370.8,374,175599
2025-12-21,300750.SZ,376,377.99,368.1,371.84,254935
2025-12-22,300750.SZ,372,380.5,371.6,378.1,236041
2025-12-23,300750.SZ,378.08,378.08,372,375.6,210884
2025-12-24,300750.SZ,374.21,374.21,369.12,373.01,203431
2025-12-25,300750.SZ,372.96,378,370.1,374.43,257237
2025-12-28,300750.SZ,374,374.43,368,369.31,241241
2025-12-29,300750.SZ,367.1,371,366.56,369.2,190308
2025-12-30,300750.SZ,369.79,372,367.15,367.26,160266
2026-01-04,300750.SZ,370,378,368.19,377.5,336881
2026-01-05,300750.SZ,380,380.5,369.04,373.99,341477
2026-01-06,300750.SZ,372.95,375.48,368.49,371.01,262285
2026-01-07,300750.SZ,368,373.33,367,369.21,269590
2026-01-08,300750.SZ,369.17,377.63,367.01,369.23,314772
2026-01-11,300750.SZ,368,368,351.66,361.68,488307
2026-01-12,300750.SZ,366.25,367.77,357,359,296709
2026-01-13,300750.SZ,360.03,361.22,351.71,353.98,380834
2026-01-14,300750.SZ,352.75,358.28,351.8,353.75,323709
2026-01-15,300750.SZ,357.99,361.72,351.51,352.32,319818
2026-01-18,300750.SZ,351.47,355.34,345.33,348.9,338643
2026-01-19,300750.SZ,350,356.91,347.9,349.6,354406
2026-01-20,300750.SZ,351.94,357.69,349,349.81,393936
2026-01-21,300750.SZ,351.03,353.73,339.5,345.8,459948
2026-01-22,300750.SZ,348.01,350,343.25,347,339761
2026-01-25,300750.SZ,352.02,352.55,341.21,342.05,332914
2026-01-26,300750.SZ,344.89,344.9,334.02,339.4,322949
2026-01-27,300750.SZ,337.88,344,333.01,339.99,463082
2026-01-28,300750.SZ,340.5,345.16,338.16,341.89,338444
2026-01-29,300750.SZ,348.4,353.76,344.1,350,486501
2026-02-01,300750.SZ,357,357.99,344.13,348.98,391917
2026-02-02,300750.SZ,349,352.8,343.5,347.91,265163
2026-02-03,300750.SZ,350.96,366.65,347.51,365.03,485317
2026-02-04,300750.SZ,365.77,366.75,356.02,362.94,284272
2026-02-05,300750.SZ,359.32,372.88,358.01,369.11,393726
2026-02-08,300750.SZ,370.5,372.5,362.6,368.82,274486
2026-02-09,300750.SZ,365.17,370.8,364,364.97,185635
2026-02-10,300750.SZ,366.9,370.99,364.5,368,196535
2026-02-11,300750.SZ,370,377.88,368.03,375.87,277546
2026-02-12,300750.SZ,375.61,377,365.01,365.34,223145
2026-02-23,300750.SZ,372.64,373.5,361.95,361.95,226951
2026-02-24,300750.SZ,363.69,366.6,360.1,362.18,187166
2026-02-25,300750.SZ,356.05,358.2,343.5,346,435414
2026-02-26,300750.SZ,347.12,348.94,342.01,342.01,254466
2026-03-01,300750.SZ,341,344.9,336.68,340.22,283513
2026-03-02,300750.SZ,346.33,354.35,344.03,344.07,400075
2026-03-03,300750.SZ,341.1,342.02,334.2,338.9,250804
2026-03-04,300750.SZ,344.58,353.85,342.66,350.25,310061
2026-03-05,300750.SZ,349,357.02,344.66,354.77,209631
2026-03-08,300750.SZ,348.84,359.85,345.06,357.5,317976
2026-03-09,300750.SZ,375,379.77,366.5,376.3,507417
2026-03-10,300750.SZ,379.58,403.55,378.98,396.8,575987
2026-03-11,300750.SZ,400,400.9,392.7,395.5,291504
2026-03-12,300750.SZ,393.88,403.99,393.8,397,355826
2026-03-15,300750.SZ,401.77,413.17,398,408.4,373521
2026-03-16,300750.SZ,415.78,420,404.56,405,359807
2026-03-17,300750.SZ,405.36,406,396.77,402.02,265300
2026-03-18,300750.SZ,401.94,414,400,400.5,292866
2026-03-19,300750.SZ,405.08,422.08,400.13,413,537297
2026-03-22,300750.SZ,417.33,417.36,398.75,401.99,446141
2026-03-23,300750.SZ,405,411.9,388,396.99,364105
2026-03-24,300750.SZ,393,400.5,387.8,397.81,267528
2026-03-25,300750.SZ,393.84,413.72,392,402.5,267637
2026-03-26,300750.SZ,406.12,418.33,401.73,416.18,302580
2026-03-29,300750.SZ,413,418.85,405.6,413,253484
2026-03-30,300750.SZ,413,416.95,401.58,401.7,249256
2026-03-31,300750.SZ,409.73,409.87,396,405.71,231701
2026-04-01,300750.SZ,407.9,411.99,397.2,401.17,223056
2026-04-02,300750.SZ,400,400.8,385.13,386.46,247515
2026-04-06,300750.SZ,389.98,393.2,381.49,384.59,172576
2026-04-07,300750.SZ,396.5,397.65,388.22,391.3,364184
2026-04-08,300750.SZ,394.1,394.28,386.66,389.99,259552
2026-04-09,300750.SZ,394,419,392.68,416,507887
2026-04-12,300750.SZ,418,433.33,416,427.13,412399
2026-04-13,300750.SZ,421.5,432.49,414.4,430.79,442208
2026-04-14,300750.SZ,438.88,439.46,427.07,431,373536
2026-04-15,300750.SZ,441,460,433.02,453.98,635062
2026-04-16,300750.SZ,455.96,457.64,441.01,444.2,365358
2026-04-19,300750.SZ,433,437.9,426.01,432.5,529278
2026-04-20,300750.SZ,435,450.13,425.1,447.6,577746
2026-04-21,300750.SZ,441.01,447.97,433.13,436.35,460254
2026-04-22,300750.SZ,443.5,443.6,435,438.9,354310
2026-04-23,300750.SZ,442,448.45,438,444.9,395425
2026-04-26,300750.SZ,444.63,448.76,433.8,434.88,330613
2026-04-27,300750.SZ,426.19,433.3,423,427.67,350121
2026-04-28,300750.SZ,432,445.15,428,445,376336
2026-04-29,300750.SZ,446.5,449.5,436,436,298121
2026-05-05,300750.SZ,457.5,465.88,448.63,460,473727
2026-05-06,300750.SZ,468.75,468.75,447,451.64,386213
2026-05-07,300750.SZ,449,455.5,436.2,437,366049
2026-05-10,300750.SZ,440,450.51,435.1,446.11,341901
2026-05-11,300750.SZ,446.59,446.85,429.29,431.25,341515
2026-05-12,300750.SZ,431.01,436.58,427.08,434.05,316858
2026-05-13,300750.SZ,449.38,450.45,427,427,347046
2026-05-14,300750.SZ,428.08,431.5,421,423.6,297049
2026-05-17,300750.SZ,420.58,422.9,414,417.23,284983
2026-05-18,300750.SZ,415.86,419.9,406.8,417.92,260877
2026-05-19,300750.SZ,417,422.99,412.66,414.75,281190
2026-05-20,300750.SZ,419.87,427.62,411.42,411.63,338672
2026-05-21,300750.SZ,414.7,416.5,410,411.16,277884
2026-05-24,300750.SZ,411.28,414.5,400,402.88,381977
2026-05-25,300750.SZ,406.19,408.77,400.36,402.5,350627
2026-05-26,300750.SZ,413.92,428.9,411.29,414.8,533729
2026-05-27,300750.SZ,420,420.58,406.2,415.68,327771
2026-05-28,300750.SZ,423,430.86,416.55,424,498119
2026-05-31,300750.SZ,432.1,438.24,418.18,420.1,386005
2026-06-01,300750.SZ,425,437.75,423,433.89,387982
2026-06-02,300750.SZ,437,437,420.1,426.42,385526
2026-06-03,300750.SZ,426.42,426.9,407.18,408.2,431155
2026-06-04,300750.SZ,407.89,412.65,402.7,403,287389
2026-06-07,300750.SZ,395.8,402.68,390.7,393.02,286526
2026-06-08,300750.SZ,399.99,401.87,388,399.5,277351
2026-06-09,300750.SZ,395.28,399,385.12,388.5,244357
2026-06-10,300750.SZ,386.98,391.34,380.03,382.2,268654
2026-06-11,300750.SZ,389.99,399.54,383.3,394.85,414208
2026-06-14,300750.SZ,402,407.9,393.41,398.1,340749
2026-06-15,300750.SZ,408.88,409.02,398.5,403.53,348393
2026-06-16,300750.SZ,400,403.3,395.58,399,250093
2026-06-17,300750.SZ,400.39,409.89,389.92,391.55,385481
2026-06-21,300750.SZ,393,413.33,386,408.98,594648
2026-06-22,300750.SZ,411,414.04,390.73,392.51,373741
2026-06-23,300750.SZ,392,399.27,386.66,395.36,344271
2026-06-24,300750.SZ,399.88,402.55,392.58,401.9,324046
2026-06-25,300750.SZ,401,409.81,381,381,465253
2026-06-28,300750.SZ,386.96,396,378.2,392.36,425259
2026-06-29,300750.SZ,392.49,402.36,390,393.01,270383
2026-06-30,300750.SZ,390,391,370,383.84,440886
2026-07-01,300750.SZ,387.68,390.99,380.39,382.35,340754
2026-07-02,300750.SZ,381.96,387.95,379,380,258849
2026-07-05,300750.SZ,379.23,381.89,374.05,374.51,216480
2026-07-06,300750.SZ,376,378.88,370.76,372.49,208486
2026-07-07,300750.SZ,374,376.68,361,361,270519
2026-07-08,300750.SZ,361,376.66,360.07,375.5,377942
2026-07-09,300750.SZ,375,375.2,346.16,348.76,556014
2026-07-12,300750.SZ,349,362,348,359.06,462907
2026-07-13,300750.SZ,352.6,364.63,352.49,364.01,436316
2026-07-14,300750.SZ,368.01,379.99,363.08,373,358493
2026-07-15,300750.SZ,369.48,375.02,364.5,366.2,251869
2026-07-16,300750.SZ,372.3,375.24,360,360,512453
2026-07-19,300750.SZ,354,377.6,353.8,376.43,447908
2026-07-20,300750.SZ,372.67,391,372.5,382.2,440360
2026-07-21,300750.SZ,382.85,385,369.87,372.26,311938
2026-07-22,300750.SZ,373,386,366.01,385.99,359409
2026-07-23,300750.SZ,383.18,390.86,382.65,383.01,254542
2026-07-26,300750.SZ,398.01,403.8,394,400,473272
2026-07-27,300750.SZ,396.26,399.99,390.86,390.86,371911
2026-07-28,300750.SZ,390,401.86,381.38,396.84,404359
2026-07-29,300750.SZ,390,403.8,389.8,401.88,452390
2026-07-30,300750.SZ,395.55,400.2,389,395.3,394149
2026-08-02,300750.SZ,392.6,395.88,389.6,394.4,215223
2026-08-03,300750.SZ,395,397.86,391.22,395.1,261654
2026-08-04,300750.SZ,400.02,407.9,398,405.2,300112
2026-08-05,300750.SZ,410,410,384.16,388,453201
2026-08-06,300750.SZ,387.99,388.88,384.02,388.07,255193
2026-08-09,300750.SZ,385.61,394.62,384.63,393.87,231609
2026-08-10,300750.SZ,395,395.28,389.52,390.4,162992
2026-08-11,300750.SZ,388.43,395.91,387.52,393.93,202364
2026-08-12,300750.SZ,393.04,399.39,391.04,396.3,244293
2026-08-13,300750.SZ,395,400.99,393.68,393.93,159302
2026-08-16,300750.SZ,393.93,400.5,390.5,399.98,203998
2026-08-17,300750.SZ,399,400.75,394.5,396.26,169332
2026-08-18,300750.SZ,394,396.99,388.33,389,211572
2026-08-19,300750.SZ,391.51,392.09,384,385,179096
2026-08-20,300750.SZ,386,397.83,383.05,391.15,204496
2026-08-23,300750.SZ,391.15,394.4,386.68,387.89,139730
2026-08-24,300750.SZ,391,391.15,376.06,376.73,260646
2026-08-25,300750.SZ,379.9,385.5,373.71,379,207162
2026-08-26,300750.SZ,376.5,378.66,370.05,373,233738
2026-08-27,300750.SZ,368,371.25,364.13,368.5,263770
2026-08-30,300750.SZ,366.6,367.33,357.3,363.55,262424
2026-08-31,300750.SZ,362.49,363.56,358.03,358.1,198087
2026-09-01,300750.SZ,355.98,356.5,347.55,348.29,278067
2026-09-02,300750.SZ,349.99,354.8,348.1,349.5,262864
2026-09-03,300750.SZ,351.4,354.66,349.56,351,227381
2026-09-06,300750.SZ,351.05,351.8,345.5,348.2,246788
2026-09-07,300750.SZ,345.67,346.6,326,335.49,519551
2026-09-08,300750.SZ,332.48,337.66,327.1,336.84,390240
2026-09-09,300750.SZ,335.9,340.8,330.5,338.06,291184
2026-09-10,300750.SZ,333.06,335.66,328.3,330.51,276600
2026-09-13,300750.SZ,334.51,341.81,334,337.11,261849
2026-09-14,300750.SZ,335,335.73,316,316.36,480483
2026-09-15,300750.SZ,313.01,315,299,305.48,787163
2026-09-16,300750.SZ,306,308.66,302.7,304.3,344896
2026-09-17,300750.SZ,309.77,310,300.27,301.95,380713
2026-09-20,300750.SZ,303.04,303.6,295.5,297.1,494883
2026-09-21,300750.SZ,298,308.69,297.74,304.63,473811
2026-09-22,300750.SZ,304.5,305.76,299.1,301,247441
2026-09-23,300750.SZ,300,302,293,293.5,280085
2026-09-27,300750.SZ,289,292.66,286.66,291.99,339144
2026-09-28,300750.SZ,291,293.19,285.74,286.8,298757
2026-09-29,300750.SZ,290,292.7,285.8,291.11,296995
2022-08-16,600938.SH,14.6,14.8,14.52,14.77,369225
2022-08-17,600938.SH,14.76,14.76,14.38,14.41,498510
2022-08-18,600938.SH,14.6,15.08,14.53,14.84,980041
2022-08-21,600938.SH,14.84,15.18,14.83,15.08,552328
2022-08-22,600938.SH,15.1,16.25,15.07,16.04,1606902
2022-08-23,600938.SH,16.11,16.77,16.08,16.35,1385698
2022-08-24,600938.SH,16.66,17.98,16.54,17.68,1789181
2022-08-25,600938.SH,17.21,17.31,16.68,16.71,966763
2022-08-28,600938.SH,16.45,17.58,16.45,17.23,902343
2022-08-29,600938.SH,17.58,17.79,16.5,17.03,957547
2022-08-30,600938.SH,16.5,16.64,16.18,16.27,727201
2022-08-31,600938.SH,16.16,16.67,15.97,16,625696
2022-09-01,600938.SH,15.98,16.26,15.82,16.03,355221
2022-09-04,600938.SH,16.3,17.15,16.26,17.1,765140
2022-09-05,600938.SH,17.18,17.21,16.71,17,533178
2022-09-06,600938.SH,16.62,16.8,16.41,16.68,633194
2022-09-07,600938.SH,16.18,16.22,15.93,16.17,605395
2022-09-08,600938.SH,16.14,16.31,16,16.27,331572
2022-09-12,600938.SH,16.55,16.6,16.18,16.34,464392
2022-09-13,600938.SH,16.08,16.95,16.08,16.69,772761
2022-09-14,600938.SH,16.98,17,16.44,16.73,596826
2022-09-15,600938.SH,16.48,16.62,16.1,16.12,367622
2022-09-18,600938.SH,16.01,16.4,15.86,16.1,307089
2022-09-19,600938.SH,16.25,16.29,15.93,16.15,308386
2022-09-20,600938.SH,16,16.66,15.83,16.62,449167
2022-09-21,600938.SH,16.25,16.85,16.11,16.67,540830
2022-09-22,600938.SH,16.59,17.53,16.57,17,777104
2022-09-25,600938.SH,16.43,16.44,15.48,15.52,892885
2022-09-26,600938.SH,15.45,15.55,14.84,15.34,687151
2022-09-27,600938.SH,15.3,15.65,15.02,15.15,392778
2022-09-28,600938.SH,15.48,15.71,15.3,15.43,417674
2022-09-29,600938.SH,15.42,15.95,15.3,15.83,386976
2022-10-09,600938.SH,16.7,16.87,16.41,16.53,646656
2022-10-10,600938.SH,16.46,16.83,16.03,16.7,475084
2022-10-11,600938.SH,16.46,16.76,16.34,16.67,412291
2022-10-12,600938.SH,16.05,16.09,15.68,15.94,362198
2022-10-13,600938.SH,16.16,16.36,16.09,16.29,397872
2022-10-16,600938.SH,16.14,16.67,15.94,16.54,385738
2022-10-17,600938.SH,16.5,16.5,16.08,16.11,358350
2022-10-18,600938.SH,16,16.14,15.79,15.8,262873
2022-10-19,600938.SH,15.96,16.33,15.89,16.08,354443
2022-10-20,600938.SH,15.8,15.95,15.18,15.92,973482
2022-10-23,600938.SH,15.85,16.05,15.69,15.94,675049
2022-10-24,600938.SH,15.87,15.92,15.36,15.5,492777
2022-10-25,600938.SH,15.48,15.72,15,15.18,781032
2022-10-26,600938.SH,15.31,15.5,15.18,15.37,508646
2022-10-27,600938.SH,15.39,15.5,15.2,15.34,446932
2022-10-30,600938.SH,15.2,15.24,14.66,14.7,567204
2022-10-31,600938.SH,14.48,15.35,14.48,15.24,521730
2022-11-01,600938.SH,15.21,15.67,15.14,15.56,533578
2022-11-02,600938.SH,15.35,15.62,15.26,15.35,376127
2022-11-03,600938.SH,15.31,15.83,15.3,15.74,744927
2022-11-06,600938.SH,15.75,17,15.75,16.41,1034656
2022-11-07,600938.SH,16.52,16.66,16.1,16.25,523332
2022-11-08,600938.SH,16.07,16.23,16,16.08,362964
2022-11-09,600938.SH,15.75,15.91,15.54,15.86,482784
2022-11-10,600938.SH,16.12,16.36,15.83,16.3,611892
2022-11-13,600938.SH,16.35,16.58,15.94,16.03,432023
2022-11-14,600938.SH,15.8,16.08,15.61,16.07,363805
2022-11-15,600938.SH,16.09,16.4,16.07,16.28,470692
2022-11-16,600938.SH,16.07,16.14,15.72,15.89,495117
2022-11-17,600938.SH,15.74,15.85,15.61,15.67,426363
2022-11-20,600938.SH,15.41,15.55,15.32,15.48,332299
2022-11-21,600938.SH,15.43,16,15.4,15.71,455337
2022-11-22,600938.SH,15.82,16.35,15.8,16.1,770333
2022-11-23,600938.SH,15.88,16.1,15.75,15.96,533475
2022-11-24,600938.SH,15.92,16.21,15.89,16.12,352253
2022-11-27,600938.SH,15.81,15.98,15.68,15.87,377827
2022-11-28,600938.SH,15.92,16.33,15.78,16.25,596449
2022-11-29,600938.SH,16.19,16.54,16.12,16.47,514411
2022-11-30,600938.SH,16.66,16.77,16.31,16.54,589924
2022-12-01,600938.SH,16.47,17.1,16.47,16.76,583083
2022-12-04,600938.SH,16.78,17.32,16.7,17.15,557203
2022-12-05,600938.SH,16.88,16.94,16.56,16.69,562410
2022-12-06,600938.SH,16.4,16.43,16.13,16.23,526046
2022-12-07,600938.SH,16.14,16.28,16,16.2,426364
2022-12-08,600938.SH,16.16,16.19,16.06,16.15,268012
2022-12-11,600938.SH,16.15,16.15,15.85,15.88,370779
2022-12-12,600938.SH,16.03,16.1,15.9,16.03,228544
2022-12-13,600938.SH,16.05,16.09,15.88,15.93,250531
2022-12-14,600938.SH,16.06,16.07,15.88,15.9,216760
2022-12-15,600938.SH,15.8,15.9,15.72,15.84,191332
2022-12-18,600938.SH,15.82,15.83,15.18,15.31,480541
2022-12-19,600938.SH,15.3,15.48,15.25,15.34,214281
2022-12-20,600938.SH,15.39,15.41,15.15,15.22,183451
2022-12-21,600938.SH,15.35,15.38,15.09,15.11,227930
2022-12-22,600938.SH,15.07,15.14,14.97,15.06,167852
2022-12-25,600938.SH,15.2,15.45,15.15,15.45,314681
2022-12-26,600938.SH,15.5,15.6,15.38,15.45,257774
2022-12-27,600938.SH,15.45,15.48,15.34,15.37,164470
2022-12-28,600938.SH,15.3,15.3,15.08,15.09,261838
2022-12-29,600938.SH,15.14,15.3,15.13,15.2,169881
2023-01-02,600938.SH,15.21,15.52,15.21,15.48,263646
2023-01-03,600938.SH,15.33,15.37,15.23,15.29,306513
2023-01-04,600938.SH,15.22,15.28,15.12,15.28,327147
2023-01-05,600938.SH,15.24,15.35,15.2,15.32,226196
2023-01-08,600938.SH,15.36,15.5,15.31,15.5,320619
2023-01-09,600938.SH,15.43,15.55,15.37,15.43,198491
2023-01-10,600938.SH,15.4,15.55,15.35,15.49,209302
2023-01-11,600938.SH,15.65,15.8,15.57,15.75,421051
2023-01-12,600938.SH,15.82,15.93,15.72,15.76,263374
2023-01-15,600938.SH,15.73,15.85,15.63,15.75,294418
2023-01-16,600938.SH,15.7,15.7,15.45,15.47,364964
2023-01-17,600938.SH,15.56,15.83,15.56,15.8,387704
2023-01-18,600938.SH,15.66,15.76,15.61,15.71,258755
2023-01-19,600938.SH,15.89,16.34,15.82,16.19,659717
2023-01-29,600938.SH,16.4,16.48,16.03,16.06,513592
2023-01-30,600938.SH,15.96,16.03,15.82,15.89,354359
2023-01-31,600938.SH,15.96,16.03,15.86,16.03,445618
2023-02-01,600938.SH,15.94,16.14,15.85,16.1,423307
2023-02-02,600938.SH,15.96,15.98,15.84,15.89,347045
2023-02-05,600938.SH,15.76,15.91,15.65,15.9,208217
2023-02-06,600938.SH,15.95,16.03,15.87,16,273387
2023-02-07,600938.SH,16.13,16.2,15.91,15.96,346518
2023-02-08,600938.SH,15.96,16.09,15.92,16.02,288547
2023-02-09,600938.SH,15.98,16.01,15.82,15.89,285139
2023-02-12,600938.SH,15.93,15.99,15.89,15.96,251269
2023-02-13,600938.SH,15.96,16.09,15.88,16.09,271378
2023-02-14,600938.SH,16.01,16.06,15.92,15.94,179530
2023-02-15,600938.SH,15.93,16.07,15.7,15.82,351304
2023-02-16,600938.SH,15.83,15.89,15.76,15.85,220036
2023-02-19,600938.SH,15.83,16.07,15.76,16.05,433774
2023-02-20,600938.SH,16.06,16.16,16.01,16.05,470231
2023-02-21,600938.SH,15.98,16.28,15.96,16.14,466625
2023-02-22,600938.SH,16.08,16.14,16.03,16.09,308731
2023-02-23,600938.SH,16.14,16.14,15.89,15.98,202719
2023-02-26,600938.SH,15.97,16.03,15.9,15.95,174480
2023-02-27,600938.SH,15.95,16.02,15.9,15.97,155297
2023-02-28,600938.SH,15.99,16.16,15.98,16.14,395109
2023-03-01,600938.SH,16.16,16.81,16.14,16.67,1203109
2023-03-02,600938.SH,16.68,17.34,16.55,17.18,1395717
2023-03-05,600938.SH,17.32,17.51,17.04,17.2,743527
2023-03-06,600938.SH,17.25,18.92,17.25,18.21,1737016
2023-03-07,600938.SH,17.95,18.16,17.77,18.12,901698
2023-03-08,600938.SH,17.97,18.52,17.9,18.2,696166
2023-03-09,600938.SH,18.02,18.15,17.5,17.55,677848
2023-03-12,600938.SH,17.77,18.46,17.69,18.41,884070
2023-03-13,600938.SH,18.21,18.36,17.85,17.91,650679
2023-03-14,600938.SH,17.78,18.11,17.41,17.87,705879
2023-03-15,600938.SH,17.36,17.39,16.8,16.93,1097317
2023-03-16,600938.SH,17.02,17.7,17.02,17.47,834059
2023-03-19,600938.SH,17.31,17.66,16.85,16.96,1003120
2023-03-20,600938.SH,17.09,17.1,16.57,16.88,555044
2023-03-21,600938.SH,17,17.13,16.72,16.83,545649
2023-03-22,600938.SH,16.85,17.15,16.58,17.01,602034
2023-03-23,600938.SH,16.89,16.89,16.62,16.7,602973
2023-03-26,600938.SH,16.7,16.7,16.4,16.47,548491
2023-03-27,600938.SH,16.75,16.89,16.6,16.79,706560
2023-03-28,600938.SH,16.87,16.96,16.7,16.85,453907
2023-03-29,600938.SH,16.7,17.3,16.55,17.15,1007932
2023-03-30,600938.SH,17.14,17.2,16.92,17.04,470635
2023-04-02,600938.SH,17.57,18.29,17.57,17.64,1169315
2023-04-03,600938.SH,17.89,18.28,17.77,18.06,823076
2023-04-05,600938.SH,18.06,18.07,17.55,17.77,754512
2023-04-06,600938.SH,17.66,17.74,17.33,17.57,477310
2023-04-09,600938.SH,17.6,18.09,17.45,18,800188
2023-04-10,600938.SH,17.85,17.86,17.61,17.82,468806
2023-04-11,600938.SH,17.81,18.28,17.8,18.14,643784
2023-04-12,600938.SH,18.3,19.38,18.3,18.83,1371775
2023-04-13,600938.SH,18.72,19.22,18.61,18.95,661567
2023-04-16,600938.SH,18.93,19.98,18.82,19.85,1103985
2023-04-17,600938.SH,19.63,19.63,19.15,19.32,610847
2023-04-18,600938.SH,19.26,19.51,18.96,19.08,505202
2023-04-19,600938.SH,18.88,19.41,18.58,19.37,599633
2023-04-20,600938.SH,19.12,20.15,19,19.28,903593
2023-04-23,600938.SH,19.36,19.52,18.7,18.9,726017
2023-04-24,600938.SH,18.97,19.3,18.7,19.11,798211
2023-04-25,600938.SH,18.88,18.88,18,18.53,825591
2023-04-26,600938.SH,18.18,18.51,18.18,18.38,404411
2023-04-27,600938.SH,18.65,19.48,18.62,19.33,753544
2023-05-03,600938.SH,18.63,19.17,18.22,18.92,802884
2023-05-04,600938.SH,18.8,19.04,18.35,18.5,520652
2023-05-07,600938.SH,18.74,20.3,18.74,19.92,1172741
2023-05-08,600938.SH,20.09,20.59,19.61,19.73,826189
2023-05-09,600938.SH,19.8,19.89,18.96,19.15,712324
2023-05-10,600938.SH,19.09,19.4,19.01,19.23,371157
2023-05-11,600938.SH,19.06,19.24,18.66,18.86,533398
2023-05-14,600938.SH,18.7,19.07,18.5,19.06,374229
2023-05-15,600938.SH,19.2,19.55,18.93,18.95,459558
2023-05-16,600938.SH,18.8,18.91,18.65,18.82,278139
2023-05-17,600938.SH,19.05,19.2,18.95,18.96,321534
2023-05-18,600938.SH,18.9,19.12,18.73,19.04,307259
2023-05-21,600938.SH,18.92,19.18,18.87,19.16,229020
2023-05-22,600938.SH,19.22,19.45,18.53,18.54,509998
2023-05-23,600938.SH,18.53,18.68,18.3,18.4,340966
2023-05-24,600938.SH,18.38,18.45,17.68,18.1,446606
2023-05-25,600938.SH,17.9,18.18,17.71,18,353143
2023-05-28,600938.SH,18.16,18.56,18.09,18.37,375148
2023-05-29,600938.SH,18.37,18.51,18.17,18.34,254380
2023-05-30,600938.SH,18.06,18.07,17.45,17.55,588032
2023-05-31,600938.SH,17.47,17.83,17.39,17.72,291877
2023-06-01,600938.SH,17.9,18.21,17.89,17.94,289858
2023-06-04,600938.SH,18.19,18.25,17.97,18.08,293095
2023-06-05,600938.SH,18,18.2,17.9,17.98,229924
2023-06-06,600938.SH,17.94,18.1,17.85,18.09,240558
2023-06-07,600938.SH,18.14,18.45,18.13,18.43,325680
2023-06-08,600938.SH,18.35,18.73,18.33,18.67,273992
2023-06-11,600938.SH,18.63,18.78,18.53,18.58,288089
2023-06-12,600938.SH,18.37,18.4,17.68,18.02,615410
2023-06-13,600938.SH,18.16,18.31,18.09,18.25,273723
2023-06-14,600938.SH,18.13,18.23,18,18.21,258004
2023-06-15,600938.SH,18.48,18.55,18.36,18.5,282567
2023-06-18,600938.SH,18.5,18.51,18.28,18.35,240933
2023-06-19,600938.SH,18.28,18.31,17.91,17.95,346027
2023-06-20,600938.SH,17.91,18.18,17.84,17.84,311289
2023-06-25,600938.SH,17.79,17.98,17.7,17.82,210952
2023-06-26,600938.SH,17.91,18.19,17.69,18.09,320321
2023-06-27,600938.SH,18,18.25,17.91,18.22,225893
2023-06-28,600938.SH,18.46,18.46,18,18.02,148224
2023-06-29,600938.SH,18.05,18.13,18,18.12,129479
2023-07-02,600938.SH,18.13,18.67,18.12,18.62,338324
2023-07-03,600938.SH,18.55,19.06,18.5,19.05,387964
2023-07-04,600938.SH,19.15,19.25,18.86,19.06,236960
2023-07-05,600938.SH,19.07,19.2,18.88,19.06,151424
2023-07-06,600938.SH,19.06,19.2,18.91,19.1,160835
2023-07-09,600938.SH,19.17,19.3,18.87,19,169605
2023-07-10,600938.SH,19.01,19.04,18.81,18.91,176591
2023-07-11,600938.SH,18.99,19.39,18.99,19.27,356849
2023-07-12,600938.SH,19.49,19.8,19.31,19.75,396106
2023-07-13,600938.SH,19.25,19.37,19.04,19.07,264666
2023-07-16,600938.SH,18.88,19.06,18.8,19.05,167676
2023-07-17,600938.SH,19,19.04,18.84,18.86,119200
2023-07-18,600938.SH,18.98,19.34,18.92,19.18,165282
2023-07-19,600938.SH,19.18,19.28,18.77,18.84,216824
2023-07-20,600938.SH,18.86,18.92,18.66,18.68,164925
2023-07-23,600938.SH,18.8,18.83,18.36,18.49,187796
2023-07-24,600938.SH,18.81,19.11,18.81,18.98,291090
2023-07-25,600938.SH,18.98,19.09,18.67,18.76,194373
2023-07-26,600938.SH,18.77,19.09,18.76,18.83,195824
2023-07-27,600938.SH,18.76,18.91,18.6,18.89,339647
2023-07-30,600938.SH,18.91,19.11,18.64,18.78,358793
2023-07-31,600938.SH,18.85,19.09,18.8,19.04,443401
2023-08-01,600938.SH,19.08,19.12,18.75,18.84,340637
2023-08-02,600938.SH,18.71,18.71,18.45,18.53,317046
2023-08-03,600938.SH,18.65,18.86,18.6,18.63,330103
2023-08-06,600938.SH,18.65,18.79,18.59,18.75,198767
2023-08-07,600938.SH,18.73,18.87,18.66,18.75,145096
2023-08-08,600938.SH,18.81,18.82,18.57,18.64,155210
2023-08-09,600938.SH,18.76,19.03,18.76,19.01,540521
2023-08-10,600938.SH,18.9,19.01,18.6,18.66,366143
2023-08-13,600938.SH,18.61,18.75,18.5,18.66,235139
2023-08-14,600938.SH,18.61,18.7,18.5,18.66,178663
2023-08-15,600938.SH,18.55,18.58,18.24,18.26,258146
2023-08-16,600938.SH,18.09,18.44,18,18.44,177923
2023-08-17,600938.SH,18.43,18.67,18.34,18.46,213947
2023-08-20,600938.SH,18.43,18.55,18.31,18.46,165821
2023-08-21,600938.SH,18.38,18.86,18.37,18.81,376428
2023-08-22,600938.SH,18.8,19.01,18.73,18.74,237746
2023-08-23,600938.SH,18.74,18.88,18.61,18.72,184983
2023-08-24,600938.SH,18.64,18.82,18.64,18.74,153453
2023-08-27,600938.SH,19.39,19.45,18.86,18.97,359206
2023-08-28,600938.SH,18.97,19.08,18.93,18.97,169689
2023-08-29,600938.SH,18.98,19.02,18.94,19.01,159828
2023-08-30,600938.SH,19.1,19.1,18.94,19,106740
2023-08-31,600938.SH,19.05,19.19,19.05,19.15,257468
2023-09-03,600938.SH,19.28,19.47,19.27,19.46,481027
2023-09-04,600938.SH,19.4,19.64,19.34,19.5,407438
2023-09-05,600938.SH,19.7,19.97,19.4,19.64,315356
2023-09-06,600938.SH,19.74,20.04,19.68,19.72,576667
2023-09-07,600938.SH,19.58,19.58,19.18,19.37,355224
2023-09-10,600938.SH,19.39,19.62,19.33,19.5,328172
2023-09-11,600938.SH,19.42,19.66,19.33,19.36,273915
2023-09-12,600938.SH,19.54,19.65,19.45,19.61,277695
2023-09-13,600938.SH,19.59,20.3,19.53,20.23,629179
2023-09-14,600938.SH,20.5,21.1,20.19,20.32,566334
2023-09-17,600938.SH,20.35,20.43,19.98,20.33,375867
2023-09-18,600938.SH,20.36,20.64,20.31,20.41,307642
2023-09-19,600938.SH,20.32,20.66,20.23,20.61,336471
2023-09-20,600938.SH,20.5,20.82,20.45,20.74,322533
2023-09-21,600938.SH,20.74,20.78,20.22,20.67,454209
2023-09-24,600938.SH,20.64,20.77,20.43,20.44,385595
2023-09-25,600938.SH,20.5,20.7,20.4,20.48,337491
2023-09-26,600938.SH,20.54,20.82,20.44,20.8,388820
2023-09-27,600938.SH,21.18,21.33,20.92,21.14,336697
2023-10-08,600938.SH,20.49,21.08,19.98,20.98,725636
2023-10-09,600938.SH,20.8,20.94,20.17,20.2,454956
2023-10-10,600938.SH,20.21,20.5,20.07,20.29,434790
2023-10-11,600938.SH,20.2,20.45,20.09,20.38,368367
2023-10-12,600938.SH,20.37,20.78,20.3,20.73,324570
2023-10-15,600938.SH,21.1,21.15,20.62,20.87,418581
2023-10-16,600938.SH,20.7,21.15,20.7,21.13,333479
2023-10-17,600938.SH,20.77,20.77,20.43,20.48,258348
2023-10-18,600938.SH,20.5,20.56,20.12,20.17,192597
2023-10-19,600938.SH,20.25,20.29,20.08,20.11,162622
2023-10-22,600938.SH,20.03,20.71,19.98,20.31,414868
2023-10-23,600938.SH,20.33,20.45,20.05,20.2,337628
2023-10-24,600938.SH,20.15,20.18,19.41,19.63,552633
2023-10-25,600938.SH,19.58,20.06,19.52,20.06,279930
2023-10-26,600938.SH,19.93,20.19,19.8,19.9,266401
2023-10-29,600938.SH,19.91,19.96,19.42,19.52,337260
2023-10-30,600938.SH,19.42,19.63,19.29,19.5,192639
2023-10-31,600938.SH,19.38,19.64,19.3,19.63,195619
2023-11-01,600938.SH,19.63,19.8,19.56,19.64,174741
2023-11-02,600938.SH,19.73,19.77,19.46,19.52,236135
2023-11-05,600938.SH,19.43,19.43,18.57,18.8,770392
2023-11-06,600938.SH,18.67,19.09,18.6,19.03,408131
2023-11-07,600938.SH,18.73,18.96,18.53,18.94,374419
2023-11-08,600938.SH,18.79,19.04,18.68,18.98,268534
2023-11-09,600938.SH,18.94,19.08,18.88,19.04,178767
2023-11-12,600938.SH,19.09,19.26,18.82,19.25,307817
2023-11-13,600938.SH,19.28,19.38,18.91,19.01,275218
2023-11-14,600938.SH,19.03,19.24,18.98,19.22,222808
2023-11-15,600938.SH,19.13,19.43,19.12,19.36,226993
2023-11-16,600938.SH,19.2,19.2,18.92,19.12,273990
2023-11-19,600938.SH,19.23,19.43,18.98,19.04,315628
2023-11-20,600938.SH,19.12,19.16,18.98,18.99,241454
2023-11-21,600938.SH,18.96,19.21,18.91,19.06,240468
2023-11-22,600938.SH,19,19.24,18.99,19.23,228371
2023-11-23,600938.SH,19.19,19.45,19.19,19.4,251658
2023-11-26,600938.SH,19.39,19.42,19.08,19.18,287188
2023-11-27,600938.SH,19.19,19.3,19.15,19.23,200461
2023-11-28,600938.SH,19.28,19.5,19.25,19.46,246563
2023-11-29,600938.SH,19.5,19.9,19.5,19.88,303550
2023-11-30,600938.SH,19.7,20.03,19.7,19.96,252178
2023-12-03,600938.SH,19.92,20.15,19.81,19.85,248641
2023-12-04,600938.SH,19.81,19.88,19.62,19.63,203779
2023-12-05,600938.SH,19.6,19.6,19.28,19.47,279805
2023-12-06,600938.SH,19.26,19.47,19,19.4,348779
2023-12-07,600938.SH,19.41,20.07,19.4,20.07,448325
2023-12-10,600938.SH,19.94,19.96,19.45,19.67,409271
2023-12-11,600938.SH,19.61,19.86,19.5,19.84,226539
2023-12-12,600938.SH,19.61,19.78,19.38,19.39,361365
2023-12-13,600938.SH,19.45,19.64,19.38,19.56,179825
2023-12-14,600938.SH,19.65,19.81,19.35,19.35,202977
2023-12-17,600938.SH,19.32,19.6,19.25,19.55,184351
2023-12-18,600938.SH,19.6,19.76,19.54,19.71,191033
2023-12-19,600938.SH,19.8,20,19.78,19.84,261875
2023-12-20,600938.SH,19.8,19.89,19.65,19.72,217234
2023-12-21,600938.SH,19.7,20.01,19.67,19.93,294612
2023-12-24,600938.SH,19.96,20,19.78,20,266689
2023-12-25,600938.SH,19.94,20.24,19.94,20.03,409381
2023-12-26,600938.SH,20.1,20.69,20.04,20.62,474153
2023-12-27,600938.SH,20.55,20.85,20.37,20.66,424172
2023-12-28,600938.SH,20.5,21.08,20.46,20.97,428871
2024-01-01,600938.SH,20.97,21.5,20.82,20.92,335434
2024-01-02,600938.SH,20.83,21.28,20.82,21.09,318519
2024-01-03,600938.SH,21.26,21.55,21.08,21.33,345895
2024-01-04,600938.SH,21.42,21.6,21.06,21.18,274837
2024-01-07,600938.SH,21.2,21.23,20.9,21.17,239773
2024-01-08,600938.SH,20.9,21.15,20.66,21.1,296339
2024-01-09,600938.SH,21.1,21.32,20.69,20.74,299794
2024-01-10,600938.SH,20.68,20.8,20.43,20.54,264088
2024-01-11,600938.SH,20.64,20.85,20.53,20.61,230199
2024-01-14,600938.SH,20.61,20.96,20.61,20.91,265667
2024-01-15,600938.SH,20.91,20.99,20.6,20.86,245035
2024-01-16,600938.SH,20.79,20.97,20.65,20.66,247373
2024-01-17,600938.SH,20.6,20.78,19.88,20.65,415770
2024-01-18,600938.SH,20.55,20.75,20.41,20.5,264634
2024-01-21,600938.SH,20.48,20.69,20.28,20.46,322948
2024-01-22,600938.SH,20.47,20.6,20.22,20.54,243109
2024-01-23,600938.SH,20.57,21.15,20.54,21.12,328351
2024-01-24,600938.SH,21.32,22.48,21.13,22.32,652606
2024-01-25,600938.SH,22.5,23.2,22.3,22.88,709003
2024-01-28,600938.SH,22.88,23.49,22.71,22.84,584747
2024-01-29,600938.SH,22.6,23.19,22.6,22.89,353405
2024-01-30,600938.SH,22.79,23.15,22.7,22.94,296560
2024-01-31,600938.SH,22.75,22.93,22.15,22.18,511976
2024-02-01,600938.SH,22.08,22.52,21.92,22.37,430237
2024-02-04,600938.SH,22.27,23.24,22.2,23.04,577667
2024-02-05,600938.SH,23.04,23.38,22.7,22.87,450400
2024-02-06,600938.SH,22.76,23.01,22.38,23.01,547687
2024-02-07,600938.SH,22.88,22.99,22.5,22.85,366413
2024-02-18,600938.SH,22.88,24.72,22.85,24.61,592794
2024-02-19,600938.SH,24.4,25.07,24.26,24.48,477948
2024-02-20,600938.SH,24.48,25.27,24.48,24.56,513733
2024-02-21,600938.SH,24.6,25.76,24.52,25.3,651747
2024-02-22,600938.SH,25.54,25.65,24.9,24.99,475018
2024-02-25,600938.SH,24.9,25.27,24.7,25.02,509439
2024-02-26,600938.SH,25,25.99,24.93,25.77,629786
2024-02-27,600938.SH,25.78,25.95,24.94,25.16,594812
2024-02-28,600938.SH,25.15,25.3,25.02,25.27,317368
2024-02-29,600938.SH,25.09,25.35,25.03,25.13,250076
2024-03-03,600938.SH,25.3,26.99,25.26,26.97,643068
2024-03-04,600938.SH,26.7,27.1,26.65,27.06,434887
2024-03-05,600938.SH,27.12,28,27.02,27.1,597507
2024-03-06,600938.SH,27.1,28.5,26.96,28.07,587806
2024-03-07,600938.SH,28.4,30.88,27.87,30.58,738440
2024-03-10,600938.SH,30.3,30.32,28.5,29.14,1029949
2024-03-11,600938.SH,28.83,28.87,27.31,27.47,1116162
2024-03-12,600938.SH,27.06,28.05,26.83,27.87,783432
2024-03-13,600938.SH,27.98,28.96,27.84,28.59,798757
2024-03-14,600938.SH,28.75,29.2,27.37,28.05,611526
2024-03-17,600938.SH,27.6,28.21,27.4,28.15,521566
2024-03-18,600938.SH,28.51,28.96,28.3,28.42,547902
2024-03-19,600938.SH,28.4,29,28.06,28.7,658532
2024-03-20,600938.SH,28.66,28.96,28.25,28.38,564264
2024-03-21,600938.SH,27.6,27.87,27.02,27.31,719795
2024-03-24,600938.SH,27.2,28.29,27.2,28.12,635211
2024-03-25,600938.SH,28.45,28.61,27.7,28.05,473914
2024-03-26,600938.SH,27.87,28,27.7,27.85,285135
2024-03-27,600938.SH,27.8,28.21,27.5,28.15,399062
2024-03-28,600938.SH,28.4,29.3,28.4,29.23,753432
2024-03-31,600938.SH,29.28,29.48,28.8,28.98,453767
2024-04-01,600938.SH,29.22,29.97,29.22,29.8,628218
2024-04-02,600938.SH,30.2,30.47,29.81,29.92,524549
2024-04-07,600938.SH,29.37,30.4,29.29,29.75,521932
2024-04-08,600938.SH,29.81,29.91,28.81,29.11,417885
2024-04-09,600938.SH,28.8,29.48,28.78,29.26,371199
2024-04-10,600938.SH,29.11,29.76,29.11,29.37,398391
2024-04-11,600938.SH,29.25,29.38,28.9,29.2,381170
2024-04-14,600938.SH,29.08,29.93,29.05,29.85,562957
2024-04-15,600938.SH,29.81,30.4,29.67,29.87,574065
2024-04-16,600938.SH,29.73,29.77,29.21,29.75,471904
2024-04-17,600938.SH,29.4,29.74,29.1,29.15,509698
2024-04-18,600938.SH,29.52,31.1,29.52,30.3,1046889
2024-04-21,600938.SH,29.89,30.26,28.79,28.89,1047649
2024-04-22,600938.SH,28.8,28.89,27.96,28.36,496780
2024-04-23,600938.SH,28.6,28.8,28.34,28.68,300810
2024-04-24,600938.SH,28.57,28.85,28.51,28.85,218572
2024-04-25,600938.SH,29.68,30.18,29.65,29.97,855360
2024-04-28,600938.SH,29.79,29.8,29.12,29.28,605907
2024-04-29,600938.SH,29.1,30.06,29.05,29.92,613719
2024-05-05,600938.SH,29.24,29.24,28.9,29.22,669050
2024-05-06,600938.SH,29.22,29.4,29.13,29.25,322897
2024-05-07,600938.SH,29.17,29.33,29,29.06,347469
2024-05-08,600938.SH,29.21,29.28,28.88,28.95,371261
2024-05-09,600938.SH,29.05,29.19,28.87,29.14,399923
2024-05-12,600938.SH,28.9,29.18,28.86,28.92,330811
2024-05-13,600938.SH,28.97,29.05,28.77,28.8,335292
2024-05-14,600938.SH,28.7,28.8,28.26,28.31,363956
2024-05-15,600938.SH,28.33,28.72,28.18,28.26,325499
2024-05-16,600938.SH,28.36,28.37,27.65,28.2,382061
2024-05-19,600938.SH,28.25,29.12,28.23,29.03,598387
2024-05-20,600938.SH,28.86,28.99,28.67,28.67,295007
2024-05-21,600938.SH,28.6,28.67,28.4,28.46,292042
2024-05-22,600938.SH,28.28,28.38,28.18,28.22,274050
2024-05-23,600938.SH,28.27,28.49,28.12,28.34,222633
2024-05-26,600938.SH,28.46,29.15,28.46,29.07,544281
2024-05-27,600938.SH,29.22,29.97,29.22,29.45,661693
2024-05-28,600938.SH,29.66,30.53,29.5,30.44,811497
2024-05-29,600938.SH,30.14,30.38,29.53,29.62,421143
2024-05-30,600938.SH,29.4,29.73,29.4,29.6,309604
2024-06-02,600938.SH,29.5,30.66,29.49,30,634740
2024-06-03,600938.SH,29.16,30.17,29,29.97,551735
2024-06-04,600938.SH,29.91,30.3,29.1,29.15,659819
2024-06-05,600938.SH,29.3,29.95,29.19,29.78,540904
2024-06-06,600938.SH,30.13,30.33,29.93,30.19,376364
2024-06-10,600938.SH,30.58,30.98,29.63,30.13,542086
2024-06-11,600938.SH,29.84,31.53,29.84,31.42,751273
2024-06-12,600938.SH,31.39,32.38,30.91,31.27,685830
2024-06-13,600938.SH,31.38,31.44,30.55,30.71,482410
2024-06-16,600938.SH,30.61,30.87,30.32,30.39,301955
2024-06-17,600938.SH,30.65,30.72,30.14,30.5,281516
2024-06-18,600938.SH,30.65,31.53,30.65,31.51,569482
2024-06-19,600938.SH,31.6,32.18,31.45,32.04,505652
2024-06-20,600938.SH,32.04,32.4,31.63,32,496825
2024-06-23,600938.SH,32,32.98,31.99,32.47,549958
2024-06-24,600938.SH,32.75,32.88,31.87,32.26,438884
2024-06-25,600938.SH,32.16,32.25,31.65,31.98,330914
2024-06-26,600938.SH,31.96,32.2,31.68,32.08,344486
2024-06-27,600938.SH,32.28,33,32.18,33,515581
2024-06-30,600938.SH,32.91,34.36,32.82,34.04,581001
2024-07-01,600938.SH,34.24,35.35,34.15,35.14,533794
2024-07-02,600938.SH,35.17,35.62,34.26,34.82,513489
2024-07-03,600938.SH,34.87,35.14,34.71,35.08,356120
2024-07-04,600938.SH,35.18,35.24,33.75,34.28,561240
2024-07-07,600938.SH,33.98,34.89,33.88,34.77,407922
2024-07-08,600938.SH,34.52,34.7,34.01,34.59,388301
2024-07-09,600938.SH,34.41,34.6,33.87,33.89,399932
2024-07-10,600938.SH,34,34.22,33.43,33.8,468307
2024-07-11,600938.SH,33.43,34,33.03,33.26,440344
2024-07-14,600938.SH,33,33.86,32.78,33.86,374742
2024-07-15,600938.SH,33.97,34.16,33.7,33.91,352107
2024-07-16,600938.SH,33.8,33.8,32.06,32.25,794220
2024-07-17,600938.SH,32.45,32.98,32.25,32.98,429185
2024-07-18,600938.SH,32.67,32.68,31.58,31.7,625104
2024-07-21,600938.SH,31.1,31.33,30.01,30.75,757182
2024-07-22,600938.SH,30.54,30.86,30.22,30.34,397322
2024-07-23,600938.SH,30.1,30.7,29.75,30.41,501375
2024-07-24,600938.SH,30.43,30.5,28.94,28.94,724089
2024-07-25,600938.SH,28.84,29.45,28.66,28.93,479821
2024-07-28,600938.SH,28.75,29.69,28.53,29.61,490430
2024-07-29,600938.SH,29.2,29.28,27.8,28.07,786675
2024-07-30,600938.SH,27.87,29.1,27.8,28.82,585109
2024-07-31,600938.SH,29.3,29.97,29.19,29.39,504807
2024-08-01,600938.SH,28.91,29.09,28.27,28.44,440387
2024-08-04,600938.SH,27.53,27.68,26.57,26.87,821912
2024-08-05,600938.SH,27.15,27.57,26.66,26.96,436425
2024-08-06,600938.SH,26.65,27.78,26.4,27.49,484220
2024-08-07,600938.SH,27.8,28.13,27.43,27.55,386004
2024-08-08,600938.SH,27.71,28.47,27.71,28.27,451910
2024-08-11,600938.SH,28.3,28.42,27.97,28.16,266153
2024-08-12,600938.SH,28.56,28.75,28.24,28.46,356538
2024-08-13,600938.SH,28.25,28.53,28.1,28.43,224645
2024-08-14,600938.SH,28.23,28.64,28.12,28.55,251443
2024-08-15,600938.SH,28.67,29.22,28.64,29.06,342716
2024-08-18,600938.SH,28.85,29.2,28.83,29,260029
2024-08-19,600938.SH,28.85,28.99,27.92,28.26,386070
2024-08-20,600938.SH,28.15,28.33,27.74,28.12,274228
2024-08-21,600938.SH,27.81,27.93,27.61,27.88,241599
2024-08-22,600938.SH,28.05,28.29,27.8,27.93,231111
2024-08-25,600938.SH,28.39,28.6,28.32,28.57,329543
2024-08-26,600938.SH,28.84,29.44,28.75,29.39,515205
2024-08-27,600938.SH,29.17,29.65,29.14,29.6,410273
2024-08-28,600938.SH,29.6,29.65,28.66,29,454871
2024-08-29,600938.SH,29.05,29.42,28.89,29.36,381481
2024-09-01,600938.SH,28.81,29.09,28.38,28.9,334768
2024-09-02,600938.SH,28.99,29.14,28.11,28.31,407180
2024-09-03,600938.SH,27.1,27.17,26.73,26.75,558104
2024-09-04,600938.SH,26.75,26.93,26.46,26.6,316730
2024-09-05,600938.SH,26.55,26.86,26.52,26.56,230071
2024-09-08,600938.SH,26,26.12,25.36,25.6,475952
2024-09-09,600938.SH,25.68,25.89,25.5,25.82,303793
2024-09-10,600938.SH,25.01,25.3,24.28,25.3,670773
2024-09-11,600938.SH,25.15,25.64,24.94,25.49,401368
2024-09-12,600938.SH,25.75,26.47,25.75,26.18,472469
2024-09-17,600938.SH,26.49,26.58,26.17,26.31,270055
2024-09-18,600938.SH,26.3,26.7,25.94,26.69,392361
2024-09-19,600938.SH,26.85,27.2,26.48,26.77,379392
2024-09-22,600938.SH,26.72,27.25,26.71,27.08,272931
2024-09-23,600938.SH,27.2,28.03,27.05,27.96,415875
2024-09-24,600938.SH,28.4,28.98,28.21,28.37,572275
2024-09-25,600938.SH,28.06,28.31,27.4,27.77,906487
2024-09-26,600938.SH,27.4,27.85,27.27,27.77,588442
2024-09-29,600938.SH,28.38,30.34,28.38,30.05,1303669
2024-10-07,600938.SH,33.06,33.06,30,31.47,1324235
2024-10-08,600938.SH,30.35,30.35,28.66,28.87,897802
2024-10-09,600938.SH,28.76,30.88,28.75,29.99,867583
2024-10-10,600938.SH,30.49,30.65,29.83,30.07,730572
2024-10-13,600938.SH,30.1,30.58,29.91,30.17,471588
2024-10-14,600938.SH,29.4,29.54,28.96,28.97,614283
2024-10-15,600938.SH,28.66,29.26,28.42,29.08,394438
2024-10-16,600938.SH,29.1,29.48,28.77,28.93,449155
2024-10-17,600938.SH,28.38,28.65,28.01,28.44,478502
2024-10-20,600938.SH,28.24,28.54,28.01,28.3,464020
2024-10-21,600938.SH,28.39,28.54,28.05,28.18,375094
2024-10-22,600938.SH,28.35,28.45,28.11,28.28,366948
2024-10-23,600938.SH,28.22,28.36,28.1,28.26,269643
2024-10-24,600938.SH,28.11,28.18,27.83,27.88,409100
2024-10-27,600938.SH,27.44,27.44,27.11,27.39,635169
2024-10-28,600938.SH,27.31,27.56,27.07,27.11,389515
2024-10-29,600938.SH,27.14,27.14,26.34,26.52,590514
2024-10-30,600938.SH,26.61,26.78,26.3,26.41,355600
2024-10-31,600938.SH,26.69,27.22,26.52,27.05,642797
2024-11-03,600938.SH,27.12,27.19,26.37,26.73,600086
2024-11-04,600938.SH,26.8,27.27,26.73,27.18,581439
2024-11-05,600938.SH,27.05,27.3,26.71,26.86,592063
2024-11-06,600938.SH,26.97,27.07,26.39,27.05,645587
2024-11-07,600938.SH,27.06,27.2,26.62,26.7,604340
2024-11-10,600938.SH,26.4,26.42,25.98,26.41,613270
2024-11-11,600938.SH,26.06,26.55,25.99,26.1,602974
2024-11-12,600938.SH,26.1,26.78,25.95,26.45,645088
2024-11-13,600938.SH,26.3,26.72,26.12,26.15,499354
2024-11-14,600938.SH,26.19,26.19,25.54,25.66,777680
2024-11-17,600938.SH,25.77,26.35,25.44,26.05,646138
2024-11-18,600938.SH,26.3,26.47,26.12,26.4,509536
2024-11-19,600938.SH,26.31,26.54,26.19,26.53,375251
2024-11-20,600938.SH,26.54,26.71,26.38,26.45,302237
2024-11-21,600938.SH,26.54,26.86,26.14,26.21,518985
2024-11-24,600938.SH,26.34,26.82,26.22,26.5,529030
2024-11-25,600938.SH,26,26.19,25.75,26.12,338714
2024-11-26,600938.SH,26,26.25,25.96,26.19,260654
2024-11-27,600938.SH,26.12,26.26,26,26.02,254178
2024-11-28,600938.SH,26.02,26.28,26.02,26.18,271171
2024-12-01,600938.SH,26.28,26.28,26.03,26.28,341366
2024-12-02,600938.SH,26.2,26.99,26.18,26.9,581252
2024-12-03,600938.SH,26.99,27.59,26.94,27.49,682122
2024-12-04,600938.SH,27.25,27.33,27.01,27.04,411127
2024-12-05,600938.SH,27.16,27.25,26.96,27,388234
2024-12-08,600938.SH,26.9,27.4,26.71,27.24,453043
2024-12-09,600938.SH,27.5,27.58,27,27.03,450392
2024-12-10,600938.SH,27.01,27.25,26.96,27.23,299899
2024-12-11,600938.SH,27.32,27.45,27.23,27.36,266006
2024-12-12,600938.SH,27.24,27.35,27.01,27.03,272577
2024-12-15,600938.SH,27.03,27.79,27.03,27.7,628727
2024-12-16,600938.SH,27.66,28.16,27.65,27.71,431776
2024-12-17,600938.SH,27.77,27.99,27.68,27.72,344168
2024-12-18,600938.SH,27.52,27.94,27.4,27.56,337413
2024-12-19,600938.SH,27.49,27.64,27.34,27.4,246105
2024-12-22,600938.SH,27.59,28.5,27.59,28.45,818515
2024-12-23,600938.SH,28.39,28.97,28.1,28.75,648500
2024-12-24,600938.SH,28.88,29.5,28.87,29.04,550741
2024-12-25,600938.SH,28.95,28.98,28.57,28.83,405611
2024-12-26,600938.SH,28.84,29.02,28.71,28.88,292760
2024-12-29,600938.SH,28.93,29.55,28.89,29.5,560283
2024-12-30,600938.SH,29.57,29.81,29.4,29.51,489449
2025-01-01,600938.SH,29.56,29.72,28.65,28.88,492999
2025-01-02,600938.SH,29.1,29.62,29.04,29.09,466480
2025-01-05,600938.SH,29.42,29.49,28.5,28.65,430234
2025-01-06,600938.SH,28.36,28.74,28.25,28.74,293259
2025-01-07,600938.SH,28.91,29.4,28.72,29.11,433523
2025-01-08,600938.SH,28.8,28.86,28.43,28.58,289629
2025-01-09,600938.SH,28.69,28.72,28.09,28.25,268515
2025-01-12,600938.SH,28.88,29.44,28.62,28.83,521317
2025-01-13,600938.SH,28.83,28.95,28.6,28.91,391812
2025-01-14,600938.SH,28.7,29.13,28.54,28.72,297332
2025-01-15,600938.SH,29.08,29.5,28.97,29.45,589211
2025-01-16,600938.SH,29.28,29.56,29.07,29.12,318965
2025-01-19,600938.SH,29.12,29.23,28.22,28.41,573863
2025-01-20,600938.SH,28.23,28.28,27.61,27.74,471304
2025-01-21,600938.SH,27.5,27.78,27.41,27.6,302110
2025-01-22,600938.SH,27.7,28.03,27.46,27.6,405609
2025-01-23,600938.SH,27.43,27.45,26.91,27.22,501033
2025-01-26,600938.SH,27.03,27.59,26.98,27.51,350042
2025-02-04,600938.SH,27.3,27.36,26.88,27.04,370103
2025-02-05,600938.SH,26.92,27.09,26.87,27.08,267548
2025-02-06,600938.SH,26.98,27.12,26.81,27.01,404047
2025-02-09,600938.SH,27.05,27.19,26.93,27.05,347964
2025-02-10,600938.SH,27.15,27.53,27.15,27.5,495114
2025-02-11,600938.SH,27.55,27.56,27.11,27.25,398020
2025-02-12,600938.SH,26.93,27.1,26.81,27,369465
2025-02-13,600938.SH,27.04,27.05,26.89,26.91,265062
2025-02-16,600938.SH,26.85,26.86,26.5,26.55,482419
2025-02-17,600938.SH,26.6,26.94,26.53,26.67,505512
2025-02-18,600938.SH,26.67,26.74,26.4,26.46,377525
2025-02-19,600938.SH,26.46,26.6,26.36,26.51,311398
2025-02-20,600938.SH,26.6,26.61,26.25,26.37,436533
2025-02-23,600938.SH,26,26.11,25.6,25.69,832726
2025-02-24,600938.SH,25.69,25.7,25.52,25.58,349210
2025-02-25,600938.SH,25.23,25.47,25.2,25.45,428093
2025-02-26,600938.SH,25.4,25.85,25.2,25.74,566735
2025-02-27,600938.SH,25.79,26.15,25.72,25.85,498558
2025-03-02,600938.SH,25.95,26,25.5,25.55,368403
2025-03-03,600938.SH,25.2,25.2,24.76,24.8,697697
2025-03-04,600938.SH,24.59,24.8,24.58,24.7,371521
2025-03-05,600938.SH,24.5,24.85,24.3,24.85,524907
2025-03-06,600938.SH,24.75,25.05,24.68,24.9,433548
2025-03-09,600938.SH,24.88,25.14,24.84,25.02,327698
2025-03-10,600938.SH,24.76,25.18,24.72,25.16,298731
2025-03-11,600938.SH,25.18,25.36,25.07,25.29,285689
2025-03-12,600938.SH,25.4,25.85,25.34,25.64,544846
2025-03-13,600938.SH,25.52,25.72,25.52,25.64,331939
2025-03-16,600938.SH,25.91,26.03,25.71,25.72,383486
2025-03-17,600938.SH,25.73,25.76,25.52,25.66,236591
2025-03-18,600938.SH,25.48,25.77,25.44,25.73,259436
2025-03-19,600938.SH,25.66,26.09,25.66,26.02,394946
2025-03-20,600938.SH,26.15,26.53,26.01,26.08,585483
2025-03-23,600938.SH,26.1,26.42,26.01,26.4,434234
2025-03-24,600938.SH,26.4,26.55,26.26,26.53,324395
2025-03-25,600938.SH,26.55,26.64,26.25,26.29,344959
2025-03-26,600938.SH,26.4,26.53,26.23,26.4,328878
2025-03-27,600938.SH,26,26.06,25.71,25.79,449220
2025-03-30,600938.SH,25.79,26.1,25.61,25.97,381661
2025-03-31,600938.SH,26.27,26.59,26.26,26.52,543474
2025-04-01,600938.SH,26.59,26.63,25.88,25.96,527260
2025-04-02,600938.SH,25.5,25.73,25.45,25.68,372385
2025-04-06,600938.SH,23.11,23.85,23.11,23.23,1051933
2025-04-07,600938.SH,23.46,24.35,23.34,24.34,672516
2025-04-08,600938.SH,23.76,24.27,23.55,24.27,602471
2025-04-09,600938.SH,24.8,24.8,24.34,24.44,401307
2025-04-10,600938.SH,24.43,24.43,24.16,24.24,298394
2025-04-13,600938.SH,24.3,24.81,24.26,24.7,353222
2025-04-14,600938.SH,24.7,24.78,24.55,24.76,220513
2025-04-15,600938.SH,24.75,24.75,24.52,24.74,291971
2025-04-16,600938.SH,24.89,24.95,24.69,24.82,223388
2025-04-17,600938.SH,24.86,25.27,24.86,25.15,344499
2025-04-20,600938.SH,24.96,25.09,24.88,24.92,278460
2025-04-21,600938.SH,24.87,25.12,24.82,24.97,181608
2025-04-22,600938.SH,25.1,25.24,25,25.14,261249
2025-04-23,600938.SH,24.98,25.18,24.91,25.09,235997
2025-04-24,600938.SH,25.12,25.29,25.07,25.29,230589
2025-04-27,600938.SH,25.27,25.95,25.2,25.73,350526
2025-04-28,600938.SH,25.6,25.76,25.09,25.11,331098
2025-04-29,600938.SH,25.05,25.22,24.93,25.02,322932
2025-05-05,600938.SH,24.84,24.97,24.54,24.9,414590
2025-05-06,600938.SH,25.25,25.33,24.92,25.02,362923
2025-05-07,600938.SH,24.97,25.07,24.9,24.99,249354
2025-05-08,600938.SH,25.16,25.25,24.95,24.98,308907
2025-05-11,600938.SH,25.1,25.14,24.91,25.12,341894
2025-05-12,600938.SH,25.2,25.38,25.13,25.16,422145
2025-05-13,600938.SH,25.23,25.84,25.22,25.72,598841
2025-05-14,600938.SH,25.56,25.75,25.31,25.33,357830
2025-05-15,600938.SH,25.3,25.45,25.08,25.09,267576
2025-05-18,600938.SH,25.11,25.18,25.01,25.09,171457
2025-05-19,600938.SH,25.11,25.25,25.11,25.23,178865
2025-05-20,600938.SH,25.32,25.75,25.32,25.68,469411
2025-05-21,600938.SH,25.51,25.8,25.51,25.65,287964
2025-05-22,600938.SH,25.62,26.1,25.62,25.65,353369
2025-05-25,600938.SH,25.67,25.88,25.52,25.65,220652
2025-05-26,600938.SH,25.61,25.86,25.54,25.55,187025
2025-05-27,600938.SH,25.59,25.79,25.44,25.68,223852
2025-05-28,600938.SH,25.78,25.93,25.66,25.71,212298
2025-05-29,600938.SH,25.61,25.85,25.56,25.79,246092
2025-06-02,600938.SH,25.97,26.02,25.8,25.92,211858
2025-06-03,600938.SH,25.97,26.06,25.88,25.91,200710
2025-06-04,600938.SH,25.85,25.97,25.84,25.95,136045
2025-06-05,600938.SH,25.96,26.24,25.9,26.18,259632
2025-06-08,600938.SH,26.25,26.5,26.25,26.49,301131
2025-06-09,600938.SH,26.56,26.6,26.3,26.49,366840
2025-06-10,600938.SH,26.5,26.63,26.44,26.61,228195
2025-06-11,600938.SH,26.99,27.09,26.61,26.85,411705
2025-06-12,600938.SH,27.59,27.8,27.19,27.65,1067950
2025-06-15,600938.SH,27.7,27.86,27.05,27.17,847003
2025-06-16,600938.SH,26.95,27.1,26.61,26.97,585429
2025-06-17,600938.SH,27.29,27.48,27.01,27.05,468426
2025-06-18,600938.SH,27.03,27.2,26.74,26.94,460816
2025-06-19,600938.SH,26.88,26.92,26.63,26.69,290251
2025-06-22,600938.SH,27.1,27.24,26.58,26.74,580672
2025-06-23,600938.SH,26.02,26.33,25.77,26.15,633943
2025-06-24,600938.SH,26.09,26.25,26.07,26.23,340570
2025-06-25,600938.SH,26.23,26.43,26.19,26.37,272712
2025-06-26,600938.SH,26.34,26.38,26.1,26.12,306708
2025-06-29,600938.SH,26.13,26.17,25.94,26.11,242993
2025-06-30,600938.SH,26.11,26.16,25.96,26.13,227344
2025-07-01,600938.SH,26.18,26.31,26.16,26.3,274233
2025-07-02,600938.SH,26.37,26.41,26.24,26.29,202563
2025-07-03,600938.SH,26.26,26.36,26.19,26.29,192501
2025-07-06,600938.SH,26.19,26.19,25.92,25.99,275222
2025-07-07,600938.SH,26.04,26.09,25.98,26.06,197565
2025-07-08,600938.SH,26.13,26.24,26.06,26.16,268095
2025-07-09,600938.SH,26.18,27.18,26.13,27.1,1117429
2025-07-10,600938.SH,26.51,26.64,25.87,25.9,762212
2025-07-13,600938.SH,26.1,26.22,26.04,26.05,291515
2025-07-14,600938.SH,25.99,26.03,25.8,25.81,296307
2025-07-15,600938.SH,25.84,25.94,25.77,25.8,201379
2025-07-16,600938.SH,25.81,25.86,25.66,25.7,221910
2025-07-17,600938.SH,25.77,25.86,25.7,25.85,210764
2025-07-20,600938.SH,25.83,26.02,25.77,26,279825
2025-07-21,600938.SH,25.99,26.16,25.88,26.13,358459
2025-07-22,600938.SH,26.16,26.3,26.05,26.06,372790
2025-07-23,600938.SH,26.1,26.12,25.93,26.05,322628
2025-07-24,600938.SH,26.06,26.18,26.01,26.06,299471
2025-07-27,600938.SH,26,26.09,25.79,25.86,348483
2025-07-28,600938.SH,25.98,26.15,25.91,26.12,356302
2025-07-29,600938.SH,26.26,26.58,26.22,26.49,509553
2025-07-30,600938.SH,26.51,26.53,26.07,26.16,336588
2025-07-31,600938.SH,26.03,26.13,25.87,25.94,326253
2025-08-03,600938.SH,25.7,25.8,25.65,25.79,266153
2025-08-04,600938.SH,25.8,26.05,25.7,26.03,236150
2025-08-05,600938.SH,25.92,26.05,25.89,26.01,201570
2025-08-06,600938.SH,25.98,26.19,25.92,26.16,261292
2025-08-07,600938.SH,26.08,26.38,26.01,26.21,290406
2025-08-10,600938.SH,26.19,26.25,25.83,25.85,437096
2025-08-11,600938.SH,25.86,26.07,25.86,26.03,278970
2025-08-12,600938.SH,25.98,26.06,25.88,25.9,288875
2025-08-13,600938.SH,25.9,25.97,25.78,25.8,258674
2025-08-14,600938.SH,25.82,25.87,25.69,25.72,340867
2025-08-17,600938.SH,25.66,25.74,25.57,25.57,574783
2025-08-18,600938.SH,25.57,25.63,25.5,25.5,306709
2025-08-19,600938.SH,25.51,25.62,25.44,25.58,310826
2025-08-20,600938.SH,25.6,25.86,25.59,25.77,383388
2025-08-21,600938.SH,25.77,25.78,25.56,25.66,339490
2025-08-24,600938.SH,25.75,25.99,25.6,25.99,522667
2025-08-25,600938.SH,26,26.1,25.83,26,385033
2025-08-26,600938.SH,25.89,25.95,25.47,25.47,602730
2025-08-27,600938.SH,25.57,25.8,25.54,25.77,445134
2025-08-28,600938.SH,25.85,26.31,25.65,25.68,857469
2025-08-31,600938.SH,25.69,25.95,25.62,25.94,458639
2025-09-01,600938.SH,26.01,26.48,26,26.38,1003389
2025-09-02,600938.SH,26.47,26.57,26.05,26.24,450929
2025-09-03,600938.SH,26,26,25.41,25.64,833516
2025-09-04,600938.SH,25.58,25.77,25.56,25.74,344274
2025-09-07,600938.SH,25.58,26.15,25.55,26.15,586447
2025-09-08,600938.SH,26.05,26.21,25.87,25.95,277241
2025-09-09,600938.SH,26.05,26.15,25.87,26.12,274013
2025-09-10,600938.SH,26.15,26.29,25.98,26.22,397320
2025-09-11,600938.SH,26.11,26.36,26.1,26.3,402205
2025-09-14,600938.SH,26.3,26.36,26,26.27,379087
2025-09-15,600938.SH,26.25,26.55,26.2,26.5,509247
2025-09-16,600938.SH,26.58,26.9,26.51,26.81,463372
2025-09-17,600938.SH,26.7,26.7,26.02,26.16,607155
2025-09-18,600938.SH,26.12,26.48,26.08,26.4,362632
2025-09-21,600938.SH,26.41,26.45,26.12,26.16,274718
2025-09-22,600938.SH,26.12,26.37,26.04,26.11,334203
2025-09-23,600938.SH,26.2,26.66,26.2,26.33,356947
2025-09-24,600938.SH,26.34,26.71,26.32,26.6,445612
2025-09-25,600938.SH,26.55,26.69,26.47,26.5,221926
2025-09-28,600938.SH,26.55,26.58,26.21,26.4,315427
2025-09-29,600938.SH,26.16,26.19,25.88,26.13,517911
2025-10-08,600938.SH,26.01,26.48,25.97,26.47,443435
2025-10-09,600938.SH,26.4,27.24,26.36,26.77,642672
2025-10-12,600938.SH,26.33,26.62,26.15,26.32,496442
2025-10-13,600938.SH,26.35,26.66,26.22,26.52,407455
2025-10-14,600938.SH,26.5,26.65,26.32,26.49,364846
2025-10-15,600938.SH,26.48,26.66,26.41,26.41,420850
2025-10-16,600938.SH,25.85,25.92,25.56,25.59,430294
2025-10-19,600938.SH,25.64,26.1,25.5,26.1,407698
2025-10-20,600938.SH,26.1,26.35,25.87,26.21,390655
2025-10-21,600938.SH,26.21,27.19,26.18,27.13,889669
2025-10-22,600938.SH,27.45,27.7,27.21,27.49,729423
2025-10-23,600938.SH,27.47,27.65,27.15,27.31,513131
2025-10-26,600938.SH,27.31,27.95,27.11,27.73,540812
2025-10-27,600938.SH,27.67,27.9,27.14,27.16,385494
2025-10-28,600938.SH,27.13,27.27,27.01,27.15,263184
2025-10-29,600938.SH,27.1,27.44,26.98,27.01,292023
2025-10-30,600938.SH,27.18,27.26,26.79,27.11,398737
2025-11-02,600938.SH,27.14,28.5,27.14,28.42,809218
2025-11-03,600938.SH,28.41,28.56,28.01,28.14,328241
2025-11-04,600938.SH,27.98,28.01,27.75,27.79,275101
2025-11-05,600938.SH,27.75,28.48,27.63,28.3,318046
2025-11-06,600938.SH,28.35,28.58,28.2,28.45,273902
2025-11-09,600938.SH,28.4,29.19,28.28,29.04,497676
2025-11-10,600938.SH,29.15,29.18,28.71,28.86,306505
2025-11-11,600938.SH,29,30.07,28.95,29.59,578179
2025-11-12,600938.SH,29.02,29.18,28.55,28.97,557936
2025-11-13,600938.SH,28.9,29.28,28.88,29.02,339577
2025-11-16,600938.SH,28.92,29.46,28.72,28.96,436729
2025-11-17,600938.SH,28.85,29.09,28.41,28.58,342978
2025-11-18,600938.SH,28.58,29.61,28.5,29.52,500020
2025-11-19,600938.SH,29.21,29.68,29.17,29.2,353547
2025-11-20,600938.SH,29.1,29.25,28.67,28.91,408344
2025-11-23,600938.SH,28.8,28.9,27.93,28,435548
2025-11-24,600938.SH,28.14,28.32,27.9,28.16,329771
2025-11-25,600938.SH,28.03,28.3,27.59,27.81,411403
2025-11-26,600938.SH,27.88,28.22,27.6,28.08,385108
2025-11-27,600938.SH,28.19,28.28,27.68,27.79,328948
2025-11-30,600938.SH,27.99,28.59,27.86,28.48,516397
2025-12-01,600938.SH,28.48,28.98,28.45,28.76,295936
2025-12-02,600938.SH,28.67,28.92,28.56,28.72,213421
2025-12-03,600938.SH,28.84,29.2,28.84,29.08,263903
2025-12-04,600938.SH,29.14,29.19,28.75,28.94,225649
2025-12-07,600938.SH,28.99,29.01,28.44,28.54,264175
2025-12-08,600938.SH,28.3,28.59,28.11,28.22,223333
2025-12-09,600938.SH,28.22,28.37,28.09,28.21,178488
2025-12-10,600938.SH,28.35,28.77,28.1,28.21,339724
2025-12-11,600938.SH,28.2,28.58,28.12,28.4,442871
2025-12-14,600938.SH,28.39,28.64,28.28,28.32,259852
2025-12-15,600938.SH,28.2,28.24,27.86,27.98,284139
2025-12-16,600938.SH,27.78,28.3,27.7,28.25,318406
2025-12-17,600938.SH,28.4,28.78,28.24,28.57,290857
2025-12-18,600938.SH,28.5,28.56,27.76,27.79,574950
2025-12-21,600938.SH,27.8,27.83,27.35,27.65,479878
2025-12-22,600938.SH,27.77,28.18,27.71,28.11,433190
2025-12-23,600938.SH,28.1,28.12,27.81,28.11,244369
2025-12-24,600938.SH,28.12,28.31,28.03,28.13,240556
2025-12-25,600938.SH,28.11,28.4,28.05,28.31,273515
2025-12-28,600938.SH,28.2,29.04,28.17,28.94,482839
2025-12-29,600938.SH,28.93,30.08,28.88,29.86,585026
2025-12-30,600938.SH,29.92,30.36,29.82,30.18,444047
2026-01-04,600938.SH,30.36,30.44,28.72,29.04,937240
2026-01-05,600938.SH,29.04,29.88,28.88,29.79,581339
2026-01-06,600938.SH,29.45,29.48,28.29,28.59,1021011
2026-01-07,600938.SH,28.45,28.54,28.31,28.39,343943
2026-01-08,600938.SH,28.8,28.94,28.52,28.74,478519
2026-01-11,600938.SH,28.77,28.81,28.52,28.61,338722
2026-01-12,600938.SH,28.63,29.9,28.62,29.63,785300
2026-01-13,600938.SH,29.89,30.1,29.36,29.57,675132
2026-01-14,600938.SH,29.4,30.44,29.3,30.04,591523
2026-01-15,600938.SH,29.6,30.08,29.11,29.33,470891
2026-01-18,600938.SH,29.28,29.68,29.16,29.43,319392
2026-01-19,600938.SH,29.45,29.78,29.38,29.64,284488
2026-01-20,600938.SH,29.63,30.59,29.63,30.56,627473
2026-01-21,600938.SH,30.85,32.39,30.81,31.82,855923
2026-01-22,600938.SH,31.81,31.81,30.99,31.4,562010
2026-01-25,600938.SH,31.9,33.6,31.9,33.49,877603
2026-01-26,600938.SH,33.34,34.04,32.88,33.25,747488
2026-01-27,600938.SH,33.93,36.22,33.92,35.57,1175619
2026-01-28,600938.SH,36.61,36.9,35.27,36.42,1209332
2026-01-29,600938.SH,36.42,36.77,34.5,35.52,940678
2026-02-01,600938.SH,33.85,34.99,33.53,33.53,868004
2026-02-02,600938.SH,33.19,33.8,33.05,33.78,433872
2026-02-03,600938.SH,34.45,34.66,33.8,34.01,435708
2026-02-04,600938.SH,34.34,34.7,33.33,33.68,441988
2026-02-05,600938.SH,32.8,34.56,32.72,34.3,510867
2026-02-08,600938.SH,34.2,34.41,33.93,34.09,321419
2026-02-09,600938.SH,34.29,34.86,34.26,34.32,342298
2026-02-10,600938.SH,34.28,34.98,33.91,34.83,411834
2026-02-11,600938.SH,35.02,35.68,34.95,35.54,451580
2026-02-12,600938.SH,34.5,34.75,34.06,34.39,361054
2026-02-23,600938.SH,35.8,37.26,35.78,37.22,869021
2026-02-24,600938.SH,37.3,37.3,35.85,36.39,835455
2026-02-25,600938.SH,36.11,36.46,35.4,35.47,447882
2026-02-26,600938.SH,35.48,35.93,35.29,35.87,335828
2026-03-01,600938.SH,39.46,39.46,37.9,39.46,1772719
2026-03-02,600938.SH,41.79,43.41,41,43.41,2532802
2026-03-03,600938.SH,44.5,44.5,39.07,42.85,2625235
2026-03-04,600938.SH,42,42.85,40.56,41.6,1687169
2026-03-05,600938.SH,40.67,42.38,39.66,40.49,1227185
2026-03-08,600938.SH,44.54,44.54,43,43.36,2134154
2026-03-09,600938.SH,39.03,41.66,39.03,40.98,1651585
2026-03-10,600938.SH,40.2,42.08,40.2,41.76,1208100
2026-03-11,600938.SH,42.62,43.25,41.65,43,1495555
2026-03-12,600938.SH,43.5,43.66,41.4,42,1199884
2026-03-15,600938.SH,42.2,42.88,41.17,41.21,791047
2026-03-16,600938.SH,40.51,41.36,39.9,40.46,847840
2026-03-17,600938.SH,39.95,40.19,38.6,39.9,865980
2026-03-18,600938.SH,41.32,42.4,40.8,42.24,1362304
2026-03-19,600938.SH,40.35,42.33,40.31,41.91,925306
2026-03-22,600938.SH,42.28,43.2,41.72,42.1,1027313
2026-03-23,600938.SH,40.92,42,40.92,41.95,806824
2026-03-24,600938.SH,40.76,40.88,39.52,40.58,1036304
2026-03-25,600938.SH,40.57,41.2,40.28,40.93,637085
2026-03-26,600938.SH,40.83,41.41,40.37,41.07,533638
2026-03-29,600938.SH,41.99,42.2,40.89,41.1,624966
2026-03-30,600938.SH,41.06,41.45,39.9,40,587213
2026-03-31,600938.SH,39.09,40.17,38.5,38.64,749309
2026-04-01,600938.SH,39.2,39.68,38.91,39.33,726346
2026-04-02,600938.SH,39.5,39.55,38.87,39.18,505212
2026-04-06,600938.SH,39.19,40.18,38.7,39.76,674329
2026-04-07,600938.SH,36.51,37.66,36.51,37.37,1157049
2026-04-08,600938.SH,37.55,38.4,37.25,38.31,742752
2026-04-09,600938.SH,38,38.46,37.88,38.1,446909
2026-04-12,600938.SH,38.92,38.98,37.72,38.11,617181
2026-04-13,600938.SH,37.63,38,37.3,37.7,520722
2026-04-14,600938.SH,37.01,37.11,36.28,36.89,690234
2026-04-15,600938.SH,36.55,37.19,36.45,36.96,516328
2026-04-16,600938.SH,36.98,37.45,36.76,37.34,407175
2026-04-19,600938.SH,37.01,37.54,36.5,37.16,477237
2026-04-20,600938.SH,37.16,37.6,37.1,37.44,346004
2026-04-21,600938.SH,37.68,37.85,37.01,37.09,377407
2026-04-22,600938.SH,37.35,38.32,37.16,38.04,636116
2026-04-23,600938.SH,38.2,38.77,38,38.38,525003
2026-04-26,600938.SH,38.38,39.18,38.1,38.82,524220
2026-04-27,600938.SH,38.83,39.9,38.77,39.77,518621
2026-04-28,600938.SH,39.84,40.26,39.44,39.95,584097
2026-04-29,600938.SH,40.4,40.52,39.7,39.99,449545
2026-05-05,600938.SH,39,39.11,38.16,38.28,683559
2026-05-06,600938.SH,37.21,37.62,36.3,36.36,751753
2026-05-07,600938.SH,36.7,36.82,36.28,36.35,400224
2026-05-10,600938.SH,36.7,36.78,36.18,36.25,442478
2026-05-11,600938.SH,36.2,36.47,36.1,36.19,395428
2026-05-12,600938.SH,36.22,36.75,36.12,36.21,338595
2026-05-13,600938.SH,36.06,36.28,35.9,36.06,353812
2026-05-14,600938.SH,36.09,36.67,35.65,36.51,433350
2026-05-17,600938.SH,36.99,37.35,36.68,36.9,464061
2026-05-18,600938.SH,36.74,36.97,36.37,36.92,371023
2026-05-19,600938.SH,36.89,38,36.75,37.58,479175
2026-05-20,600938.SH,36.55,36.73,36.2,36.22,459896
2026-05-21,600938.SH,36,36.24,35.5,35.83,341311
2026-05-24,600938.SH,34.91,35.59,34.51,34.62,607179
2026-05-25,600938.SH,34.62,35.28,34.59,35.17,391756
2026-05-26,600938.SH,35,35.16,33.91,34.09,424090
2026-05-27,600938.SH,34,34.94,33.91,34.46,375818
2026-05-28,600938.SH,34.06,34.56,33.63,34.4,390947
2026-05-31,600938.SH,34.53,34.98,34.3,34.82,375767
2026-06-01,600938.SH,35.2,36.06,35.04,35.18,417464
2026-06-02,600938.SH,35.19,36.37,35.06,36.28,550824
2026-06-03,600938.SH,35.92,35.92,35.25,35.45,349746
2026-06-04,600938.SH,34.95,35.74,34.81,35.18,379178
2026-06-07,600938.SH,35.26,37.2,35.19,36.57,721685
2026-06-08,600938.SH,35.67,36,34.81,35.04,575177
2026-06-09,600938.SH,35.06,35.15,33.9,34.05,407916
2026-06-10,600938.SH,34.72,34.86,33.35,33.82,480753
2026-06-11,600938.SH,32.86,33.99,32.86,33.36,669674
2026-06-14,600938.SH,32.04,32.3,31.62,31.82,804812
2026-06-15,600938.SH,31.78,31.93,31.16,31.27,489808
2026-06-16,600938.SH,31.01,31.4,30.7,31.4,555619
2026-06-17,600938.SH,31.34,31.42,30.44,30.7,449714
2026-06-21,600938.SH,31.15,31.16,30.3,30.54,607622
2026-06-22,600938.SH,30.31,30.7,29.23,29.34,694251
2026-06-23,600938.SH,29.11,29.53,28.91,29.21,501758
2026-06-24,600938.SH,28.45,28.76,27.56,27.73,984186
2026-06-25,600938.SH,28,28.1,26.98,27.37,637661
2026-06-28,600938.SH,27.45,27.7,27,27.34,576315
2026-06-29,600938.SH,27.22,27.26,26.65,27.15,525628
2026-06-30,600938.SH,27.1,27.45,26.91,27.02,483641
2026-07-01,600938.SH,26.5,27.14,26.4,26.75,633471
2026-07-02,600938.SH,26.88,27.82,26.86,27.69,638122
2026-07-05,600938.SH,27.53,28.43,27.38,28.27,634630
2026-07-06,600938.SH,28.28,28.49,27.83,28.4,556073
2026-07-07,600938.SH,28.98,29.21,28.55,28.76,750528
2026-07-08,600938.SH,29.05,29.24,28.28,28.35,709179
2026-07-09,600938.SH,27.5,28.4,27.5,28.15,501122
2026-07-12,600938.SH,28.77,28.85,28.18,28.82,641268
2026-07-13,600938.SH,29.51,29.88,28.7,29.52,964042
2026-07-14,600938.SH,28.93,29.95,28.74,29.79,622963
2026-07-15,600938.SH,29.68,29.94,28.88,28.96,534991
2026-07-16,600938.SH,29.01,29.35,28.82,28.97,490120
2026-07-19,600938.SH,29.6,31.87,29.51,31.87,964244
2026-07-20,600938.SH,31.8,31.98,30.76,30.93,1055434
2026-07-21,600938.SH,31.68,32.63,31.46,32.39,883849
2026-07-22,600938.SH,32.8,33.3,32.4,32.99,813497
2026-07-23,600938.SH,33.67,33.83,31.81,31.91,1010791
2026-07-26,600938.SH,30.55,31.8,30,31.55,1073896
2026-07-27,600938.SH,30.42,31.53,30.42,31.32,540000
2026-07-28,600938.SH,31.6,32.18,31.44,31.48,449119
2026-07-29,600938.SH,32.08,32.72,31.89,32.55,618877
2026-07-30,600938.SH,31.54,32.27,31.54,32.26,478737
2026-08-02,600938.SH,31.8,32.58,31.75,31.85,497927
2026-08-03,600938.SH,31.81,32,31.55,31.56,381555
2026-08-04,600938.SH,30.92,31.19,30.56,30.69,680206
2026-08-05,600938.SH,30.51,30.99,30.42,30.96,415788
2026-08-06,600938.SH,31.3,31.49,31.02,31.33,434583
2026-08-09,600938.SH,31.6,32.38,31.38,32,464688
2026-08-10,600938.SH,32.73,33.75,32.28,33.7,801119
2026-08-11,600938.SH,33.53,33.53,32.81,32.85,489818
2026-08-12,600938.SH,32.47,32.93,31.9,32.63,485738
2026-08-13,600938.SH,32.15,32.78,31.93,32.67,361277
2026-08-16,600938.SH,32.68,33.15,32.55,32.89,350661
2026-08-17,600938.SH,33.35,33.84,33.25,33.58,495329
2026-08-18,600938.SH,33.78,33.98,33.35,33.35,443516
2026-08-19,600938.SH,33.26,33.73,32.8,33.3,416541
2026-08-20,600938.SH,33.55,34.49,33.55,33.86,445399
2026-08-23,600938.SH,33.3,33.84,33.19,33.72,346312
2026-08-24,600938.SH,33.8,33.95,33.41,33.51,355507
2026-08-25,600938.SH,32.5,33.46,32.23,33.33,569470
2026-08-26,600938.SH,33.32,33.99,33.1,33.82,420946
2026-08-27,600938.SH,33.94,34.38,33.7,34.19,311994
2026-08-30,600938.SH,34.65,34.92,34.26,34.71,456432
2026-08-31,600938.SH,34.77,35.25,34.5,34.51,374423
2026-09-01,600938.SH,35.41,35.43,33.72,33.77,539461
2026-09-02,600938.SH,33.6,34.11,33.2,33.43,388179
2026-09-03,600938.SH,33.43,33.73,33.2,33.41,308023
2026-09-06,600938.SH,33.44,33.65,32.53,33.12,445314
2026-09-07,600938.SH,33.02,34.4,33.02,34.39,487044
2026-09-08,600938.SH,34.45,34.45,33.92,34.18,391521
2026-09-09,600938.SH,34.77,35.1,34.27,34.42,446859
2026-09-10,600938.SH,34.97,35.5,33.8,33.91,992880
2026-09-13,600938.SH,34.58,34.8,33.66,33.91,482785
2026-09-14,600938.SH,33.91,33.96,33.21,33.45,351664
2026-09-15,600938.SH,33.64,34,32.9,33.08,390720
2026-09-16,600938.SH,32.62,32.79,31.88,32.57,499229
2026-09-17,600938.SH,32.14,32.75,32.08,32.3,343203
2026-09-20,600938.SH,32.01,33.57,31.84,33.54,526546
2026-09-21,600938.SH,33.17,33.26,32.8,33.09,252841
2026-09-22,600938.SH,32.8,33.09,32.2,32.29,289775
2026-09-23,600938.SH,32.34,32.87,32.32,32.8,294388
2026-09-27,600938.SH,32.55,33.6,32.42,33.5,410702
2026-09-28,600938.SH,33.5,33.76,32.88,33.36,286066
2026-09-29,600938.SH,33.06,33.7,33.05,33.42,272932
2022-08-16,601899.SH,9.04,9.05,8.9,9.02,1488300
2022-08-17,601899.SH,8.95,8.96,8.87,8.89,1461353
2022-08-18,601899.SH,8.9,8.94,8.84,8.84,1309137
2022-08-21,601899.SH,8.89,9.12,8.81,9.05,2216487
2022-08-22,601899.SH,9,9.05,8.93,9,1346530
2022-08-23,601899.SH,9.04,9.15,8.86,8.88,1875311
2022-08-24,601899.SH,8.9,9.15,8.87,9.13,3130892
2022-08-25,601899.SH,9.18,9.25,9.12,9.15,2495394
2022-08-28,601899.SH,9,9.04,8.91,9.02,1462731
2022-08-29,601899.SH,8.99,9.02,8.86,8.9,1409104
2022-08-30,601899.SH,8.82,8.91,8.76,8.8,1856120
2022-08-31,601899.SH,8.75,8.75,8.65,8.65,1553012
2022-09-01,601899.SH,8.62,8.65,8.5,8.52,1566370
2022-09-04,601899.SH,8.52,8.6,8.46,8.59,1221012
2022-09-05,601899.SH,8.62,8.85,8.61,8.84,1841904
2022-09-06,601899.SH,8.8,9.01,8.76,8.94,1922969
2022-09-07,601899.SH,9,9.11,8.9,9.06,2997282
2022-09-08,601899.SH,9.15,9.28,9.13,9.19,3149438
2022-09-12,601899.SH,9.22,9.38,9.21,9.29,2964549
2022-09-13,601899.SH,9.04,9.14,9,9,2289103
2022-09-14,601899.SH,9.05,9.08,8.9,8.95,1677908
2022-09-15,601899.SH,8.9,8.92,8.6,8.68,2639633
2022-09-18,601899.SH,8.72,8.75,8.57,8.62,1288440
2022-09-19,601899.SH,8.69,8.78,8.64,8.7,1093191
2022-09-20,601899.SH,8.65,8.74,8.57,8.71,1023118
2022-09-21,601899.SH,8.61,8.75,8.59,8.65,986767
2022-09-22,601899.SH,8.65,8.69,8.5,8.53,1397004
2022-09-25,601899.SH,8.37,8.37,7.68,7.82,5241568
2022-09-26,601899.SH,7.71,7.88,7.61,7.85,2480763
2022-09-27,601899.SH,7.78,7.78,7.46,7.48,2340172
2022-09-28,601899.SH,7.65,7.82,7.65,7.7,2344631
2022-09-29,601899.SH,7.78,7.92,7.73,7.84,1988575
2022-10-09,601899.SH,7.9,7.92,7.76,7.77,1624692
2022-10-10,601899.SH,7.81,7.89,7.69,7.88,1397935
2022-10-11,601899.SH,7.85,8,7.73,7.99,1752113
2022-10-12,601899.SH,8,8,7.81,7.84,1412757
2022-10-13,601899.SH,7.89,8.01,7.83,7.96,1727548
2022-10-16,601899.SH,7.88,8.06,7.83,8.05,1460747
2022-10-17,601899.SH,8.06,8.13,7.98,8,1018323
2022-10-18,601899.SH,8,8.07,7.91,7.92,1068458
2022-10-19,601899.SH,7.85,7.92,7.76,7.85,1071252
2022-10-20,601899.SH,7.93,8.02,7.88,7.93,1363865
2022-10-23,601899.SH,8.02,8.18,7.93,7.94,2650774
2022-10-24,601899.SH,7.91,8,7.74,7.9,1684840
2022-10-25,601899.SH,7.9,7.99,7.86,7.94,1463937
2022-10-26,601899.SH,8.1,8.37,8.07,8.23,3429771
2022-10-27,601899.SH,8.16,8.29,8.07,8.1,1732118
2022-10-30,601899.SH,7.99,8.03,7.8,7.92,1713051
2022-10-31,601899.SH,7.95,8.2,7.88,8.2,2189228
2022-11-01,601899.SH,8.22,8.33,8.13,8.26,1735094
2022-11-02,601899.SH,8.12,8.2,8.06,8.14,1422636
2022-11-03,601899.SH,8.14,8.44,8.11,8.36,2931364
2022-11-06,601899.SH,8.77,9.2,8.77,9.09,7426996
2022-11-07,601899.SH,8.92,9.19,8.86,9.06,3636577
2022-11-08,601899.SH,9.35,9.53,9.28,9.29,5361017
2022-11-09,601899.SH,9.18,9.27,9.03,9.15,2139627
2022-11-10,601899.SH,9.9,10.05,9.75,9.92,8208131
2022-11-13,601899.SH,10.04,10.07,9.76,9.97,4592544
2022-11-14,601899.SH,9.85,10.02,9.72,9.92,2963189
2022-11-15,601899.SH,9.93,10.03,9.83,9.99,2496772
2022-11-16,601899.SH,9.89,10.01,9.62,9.77,3475115
2022-11-17,601899.SH,9.72,9.78,9.6,9.64,2221529
2022-11-20,601899.SH,9.45,9.45,9.19,9.42,2756486
2022-11-21,601899.SH,9.4,9.69,9.4,9.53,1793313
2022-11-22,601899.SH,9.59,9.75,9.53,9.55,1556101
2022-11-23,601899.SH,9.7,9.8,9.65,9.74,1719610
2022-11-24,601899.SH,9.66,9.9,9.65,9.79,1733001
2022-11-27,601899.SH,9.6,9.62,9.41,9.58,1631938
2022-11-28,601899.SH,9.6,9.91,9.56,9.87,2081507
2022-11-29,601899.SH,9.83,9.89,9.74,9.83,1470981
2022-11-30,601899.SH,10.2,10.4,10.14,10.3,4328238
2022-12-01,601899.SH,10.32,10.39,10.07,10.11,2270358
2022-12-04,601899.SH,10.23,10.56,10.14,10.45,2880482
2022-12-05,601899.SH,10.28,10.49,10.26,10.41,1724105
2022-12-06,601899.SH,10.35,10.4,10.18,10.27,1630431
2022-12-07,601899.SH,10.27,10.43,10.23,10.32,948303
2022-12-08,601899.SH,10.36,10.65,10.34,10.61,2345095
2022-12-11,601899.SH,10.46,10.55,10.3,10.33,1665520
2022-12-12,601899.SH,10.25,10.43,10.23,10.34,1066406
2022-12-13,601899.SH,10.51,10.61,10.42,10.47,1302564
2022-12-14,601899.SH,10.4,10.55,10.18,10.26,1452973
2022-12-15,601899.SH,10.12,10.37,10.1,10.3,1183042
2022-12-18,601899.SH,10.38,10.44,9.97,10.06,1393210
2022-12-19,601899.SH,10,10.08,9.79,9.9,1338980
2022-12-20,601899.SH,10.05,10.15,9.94,9.97,790630
2022-12-21,601899.SH,10.15,10.17,9.98,10.01,881205
2022-12-22,601899.SH,9.86,9.98,9.77,9.9,901104
2022-12-25,601899.SH,9.95,9.96,9.74,9.78,1127721
2022-12-26,601899.SH,9.88,10.07,9.85,10.05,1151478
2022-12-27,601899.SH,10,10.01,9.88,10,821678
2022-12-28,601899.SH,9.88,9.94,9.77,9.84,1336670
2022-12-29,601899.SH,9.88,10.09,9.85,10,1329165
2023-01-02,601899.SH,9.96,10.59,9.88,10.53,2377424
2023-01-03,601899.SH,10.43,10.51,10.25,10.3,1359564
2023-01-04,601899.SH,10.43,10.5,10.33,10.39,1623551
2023-01-05,601899.SH,10.44,10.5,10.39,10.43,1054528
2023-01-08,601899.SH,10.69,11.46,10.67,11.44,3896777
2023-01-09,601899.SH,11.44,11.52,11.28,11.41,1872178
2023-01-10,601899.SH,11.56,11.69,11.44,11.49,1516483
2023-01-11,601899.SH,11.7,11.85,11.38,11.42,1526780
2023-01-12,601899.SH,11.59,11.77,11.45,11.55,1413329
2023-01-15,601899.SH,11.65,11.77,11.4,11.51,1921915
2023-01-16,601899.SH,11.45,11.45,11.11,11.29,1876829
2023-01-17,601899.SH,11.39,11.52,11.33,11.39,1313284
2023-01-18,601899.SH,11.4,11.64,11.33,11.58,1226011
2023-01-19,601899.SH,11.68,12.11,11.67,11.91,2151675
2023-01-29,601899.SH,12,12,11.48,11.53,3088073
2023-01-30,601899.SH,11.53,11.93,11.45,11.79,2160488
2023-01-31,601899.SH,11.87,12.32,11.85,12.27,2588353
2023-02-01,601899.SH,12.26,12.27,11.99,12.07,1569913
2023-02-02,601899.SH,11.88,11.89,11.7,11.85,1710951
2023-02-05,601899.SH,11.5,11.51,11.21,11.39,2572880
2023-02-06,601899.SH,11.45,11.69,11.39,11.56,1481977
2023-02-07,601899.SH,11.59,11.62,11.36,11.37,1209709
2023-02-08,601899.SH,11.3,11.42,11.24,11.4,1133200
2023-02-09,601899.SH,11.3,11.34,11.13,11.19,1312927
2023-02-12,601899.SH,11.02,11.36,11.02,11.3,1366356
2023-02-13,601899.SH,11.32,11.68,11.28,11.57,1835538
2023-02-14,601899.SH,11.58,11.91,11.46,11.57,1688579
2023-02-15,601899.SH,11.55,11.57,11.18,11.27,1332990
2023-02-16,601899.SH,11.35,11.69,11.32,11.36,1568398
2023-02-19,601899.SH,11.41,11.7,11.38,11.69,1689102
2023-02-20,601899.SH,11.75,12.24,11.72,12.13,2633881
2023-02-21,601899.SH,12.03,12.18,11.9,11.95,1443425
2023-02-22,601899.SH,11.95,12.05,11.83,11.95,830653
2023-02-23,601899.SH,11.79,11.81,11.56,11.63,1625734
2023-02-26,601899.SH,11.4,11.55,11.26,11.41,1356995
2023-02-27,601899.SH,11.49,11.58,11.3,11.41,1060190
2023-02-28,601899.SH,11.55,12.05,11.52,11.98,1923710
2023-03-01,601899.SH,12.06,12.25,11.93,12.1,1621666
2023-03-02,601899.SH,12.1,12.14,11.9,11.98,993561
2023-03-05,601899.SH,12.04,12.09,11.66,11.93,1280290
2023-03-06,601899.SH,11.95,12.19,11.81,11.98,1965364
2023-03-07,601899.SH,11.7,11.75,11.42,11.66,1578514
2023-03-08,601899.SH,11.7,11.75,11.51,11.56,964418
2023-03-09,601899.SH,11.46,11.59,11.41,11.44,931615
2023-03-12,601899.SH,11.68,12.2,11.67,12.16,2500559
2023-03-13,601899.SH,12.34,12.59,12,12.03,2157492
2023-03-14,601899.SH,12.02,12.03,11.81,11.82,1364791
2023-03-15,601899.SH,11.6,11.71,11.36,11.39,2319266
2023-03-16,601899.SH,11.49,11.69,11.32,11.46,1718725
2023-03-19,601899.SH,11.73,11.9,11.67,11.8,1658067
2023-03-20,601899.SH,11.8,11.89,11.62,11.82,1116095
2023-03-21,601899.SH,11.71,11.9,11.65,11.74,1192780
2023-03-22,601899.SH,11.82,12.18,11.74,12.14,2010913
2023-03-23,601899.SH,12.2,12.2,11.97,12.01,1172515
2023-03-26,601899.SH,12,12.07,11.73,11.99,1239538
2023-03-27,601899.SH,11.99,12.14,11.88,12.01,1078766
2023-03-28,601899.SH,12.12,12.34,11.99,12.01,1097239
2023-03-29,601899.SH,12.04,12.25,11.93,12.25,1507178
2023-03-30,601899.SH,12.29,12.45,12.25,12.39,1586910
2023-04-02,601899.SH,12.39,12.45,12.07,12.12,1686775
2023-04-03,601899.SH,12.2,12.43,12.09,12.35,1559546
2023-04-05,601899.SH,12.43,13.14,12.41,13.13,2942722
2023-04-06,601899.SH,12.96,13.07,12.79,12.89,1381682
2023-04-09,601899.SH,12.79,13.12,12.66,12.98,1168734
2023-04-10,601899.SH,12.98,13.44,12.84,13.43,2253746
2023-04-11,601899.SH,13.38,13.75,13.32,13.55,1854368
2023-04-12,601899.SH,13.5,13.78,13.24,13.4,1583872
2023-04-13,601899.SH,13.74,13.99,13.69,13.94,2105780
2023-04-16,601899.SH,13.58,14.02,13.48,13.91,1633557
2023-04-17,601899.SH,13.87,14.05,13.75,13.86,1234738
2023-04-18,601899.SH,13.9,14.1,13.83,13.9,1154891
2023-04-19,601899.SH,13.8,13.82,13.32,13.59,2056810
2023-04-20,601899.SH,13.62,13.66,13.29,13.29,1294834
2023-04-23,601899.SH,13.25,13.43,12.58,12.69,2447299
2023-04-24,601899.SH,12.83,13.08,12.67,12.88,1815957
2023-04-25,601899.SH,12.66,12.81,12.47,12.57,1692609
2023-04-26,601899.SH,12.49,13.03,12.42,12.82,1779557
2023-04-27,601899.SH,12.55,12.98,12.55,12.83,1453621
2023-05-03,601899.SH,13.25,13.38,12.84,12.93,2114892
2023-05-04,601899.SH,13.03,13.14,12.45,12.58,1870675
2023-05-07,601899.SH,12.49,12.74,12.31,12.66,1475035
2023-05-08,601899.SH,12.67,12.67,12.19,12.25,1714661
2023-05-09,601899.SH,12.32,12.42,12.04,12.08,1243354
2023-05-10,601899.SH,12.04,12.09,11.6,11.68,1869317
2023-05-11,601899.SH,11.4,11.41,10.91,10.98,3385700
2023-05-14,601899.SH,10.98,11.2,10.66,11.11,2357757
2023-05-15,601899.SH,11.05,11.42,11,11.25,2064956
2023-05-16,601899.SH,11.04,11.2,10.93,11,1307229
2023-05-17,601899.SH,11.17,11.27,11.01,11.1,1384687
2023-05-18,601899.SH,10.86,11.03,10.7,10.89,2052900
2023-05-21,601899.SH,10.9,11,10.81,10.9,997254
2023-05-22,601899.SH,10.88,10.94,10.67,10.67,1269219
2023-05-23,601899.SH,10.62,10.83,10.51,10.69,1284978
2023-05-24,601899.SH,10.62,10.62,10.38,10.52,1482542
2023-05-25,601899.SH,10.45,10.87,10.39,10.8,1280834
2023-05-28,601899.SH,10.82,10.88,10.71,10.8,1157875
2023-05-29,601899.SH,10.79,10.87,10.61,10.71,1187885
2023-05-30,601899.SH,10.75,10.87,10.61,10.69,1241795
2023-05-31,601899.SH,10.73,11.23,10.68,11.05,2204978
2023-06-01,601899.SH,11.17,11.62,11.17,11.59,2675839
2023-06-04,601899.SH,11.41,11.41,11.14,11.28,1675791
2023-06-05,601899.SH,11.38,11.65,11.34,11.39,1687979
2023-06-06,601899.SH,11.46,11.6,11.36,11.4,1103958
2023-06-07,601899.SH,11.28,11.57,11.16,11.52,1179550
2023-06-08,601899.SH,11.69,11.88,11.52,11.71,1508151
2023-06-11,601899.SH,11.59,11.62,11.38,11.55,1365458
2023-06-12,601899.SH,11.49,11.62,11.42,11.6,885813
2023-06-13,601899.SH,11.7,12,11.7,11.88,1966903
2023-06-14,601899.SH,11.68,11.84,11.42,11.8,1454844
2023-06-15,601899.SH,11.85,12.28,11.84,12.03,1804542
2023-06-18,601899.SH,12.03,12.08,11.71,11.81,1482347
2023-06-19,601899.SH,11.79,11.86,11.59,11.76,926572
2023-06-20,601899.SH,11.6,11.85,11.54,11.57,841144
2023-06-25,601899.SH,11.52,11.65,11.43,11.49,791801
2023-06-26,601899.SH,11.45,11.73,11.28,11.69,1022671
2023-06-27,601899.SH,11.59,11.73,11.52,11.66,730423
2023-06-28,601899.SH,11.61,11.66,11.33,11.35,948293
2023-06-29,601899.SH,11.39,11.52,11.25,11.37,663134
2023-07-02,601899.SH,11.5,12.03,11.49,11.93,1715186
2023-07-03,601899.SH,11.97,12,11.74,11.8,1074271
2023-07-04,601899.SH,11.78,11.9,11.73,11.8,712075
2023-07-05,601899.SH,11.71,11.75,11.52,11.61,768336
2023-07-06,601899.SH,11.51,11.72,11.28,11.55,1255830
2023-07-09,601899.SH,11.58,11.76,11.48,11.54,805898
2023-07-10,601899.SH,11.71,11.95,11.68,11.84,1216866
2023-07-11,601899.SH,11.83,12.05,11.77,11.95,1876531
2023-07-12,601899.SH,12.38,12.76,12.38,12.52,2897776
2023-07-13,601899.SH,12.75,12.8,12.56,12.58,1271872
2023-07-16,601899.SH,12.48,12.5,12.3,12.34,863628
2023-07-17,601899.SH,12.34,12.53,12.26,12.4,680990
2023-07-18,601899.SH,12.56,12.66,12.45,12.59,1038868
2023-07-19,601899.SH,12.54,12.8,12.52,12.61,986633
2023-07-20,601899.SH,12.55,12.68,12.49,12.53,705158
2023-07-23,601899.SH,12.41,12.62,12.38,12.43,573200
2023-07-24,601899.SH,12.64,13.1,12.64,12.94,1755674
2023-07-25,601899.SH,12.96,13.08,12.88,13.07,894495
2023-07-26,601899.SH,13.07,13.1,12.83,12.88,760670
2023-07-27,601899.SH,12.66,12.84,12.55,12.79,1450646
2023-07-30,601899.SH,12.99,13.18,12.95,13.01,1167131
2023-07-31,601899.SH,13.27,13.44,13,13.05,1201423
2023-08-01,601899.SH,12.82,12.96,12.77,12.86,839368
2023-08-02,601899.SH,12.75,12.8,12.6,12.74,1098466
2023-08-03,601899.SH,12.86,12.99,12.78,12.85,781053
2023-08-06,601899.SH,12.78,12.88,12.73,12.85,446231
2023-08-07,601899.SH,12.85,13.13,12.74,13.03,1119020
2023-08-08,601899.SH,12.9,12.98,12.74,12.87,840075
2023-08-09,601899.SH,12.8,12.88,12.69,12.73,703303
2023-08-10,601899.SH,12.75,12.83,12.44,12.5,931824
2023-08-13,601899.SH,12.39,12.42,12.15,12.32,1310245
2023-08-14,601899.SH,12.34,12.43,12.16,12.32,680080
2023-08-15,601899.SH,12.18,12.25,12.08,12.19,745737
2023-08-16,601899.SH,12.06,12.34,11.84,12.29,1017969
2023-08-17,601899.SH,12.29,12.43,12.05,12.08,768212
2023-08-20,601899.SH,12.08,12.18,11.98,11.98,754800
2023-08-21,601899.SH,12.08,12.48,12.08,12.41,1657776
2023-08-22,601899.SH,12.45,12.49,12.12,12.17,1269756
2023-08-23,601899.SH,12.45,12.65,12.35,12.49,1388726
2023-08-24,601899.SH,12.4,12.45,12.15,12.3,1271458
2023-08-27,601899.SH,12.92,12.97,12.06,12.14,2038521
2023-08-28,601899.SH,12.11,12.37,12.04,12.08,1409823
2023-08-29,601899.SH,12.25,12.54,12.22,12.45,1594706
2023-08-30,601899.SH,12.49,12.6,12.34,12.36,829700
2023-08-31,601899.SH,12.39,12.9,12.37,12.8,1434852
2023-09-03,601899.SH,12.95,13.5,12.95,13.2,1886987
2023-09-04,601899.SH,13.1,13.21,12.97,13.15,804279
2023-09-05,601899.SH,13.02,13.18,12.93,13.06,724665
2023-09-06,601899.SH,12.94,13.11,12.9,13.01,722477
2023-09-07,601899.SH,13.01,13.1,12.81,12.88,554924
2023-09-10,601899.SH,12.88,13.15,12.82,13,877870
2023-09-11,601899.SH,13.01,13.09,12.8,12.84,844101
2023-09-12,601899.SH,12.78,12.98,12.76,12.84,870543
2023-09-13,601899.SH,12.9,13.1,12.84,12.98,1522185
2023-09-14,601899.SH,13.19,13.42,13.06,13.15,1732314
2023-09-17,601899.SH,13.08,13.08,12.89,13.07,1057427
2023-09-18,601899.SH,13,13.25,12.98,13.17,1081541
2023-09-19,601899.SH,13.1,13.28,13.04,13.25,903140
2023-09-20,601899.SH,13.1,13.2,12.98,13.09,961662
2023-09-21,601899.SH,12.95,12.98,12.68,12.93,1862316
2023-09-24,601899.SH,12.88,12.99,12.74,12.76,1156554
2023-09-25,601899.SH,12.69,12.75,12.49,12.65,1289151
2023-09-26,601899.SH,12.65,12.68,12.38,12.41,1336135
2023-09-27,601899.SH,12.41,12.52,12.06,12.13,1499857
2023-10-08,601899.SH,11.91,12.25,11.74,12.2,1221167
2023-10-09,601899.SH,12.28,12.42,12.2,12.22,683984
2023-10-10,601899.SH,12.3,12.31,11.99,12.13,851687
2023-10-11,601899.SH,12.27,12.36,12.18,12.29,703145
2023-10-12,601899.SH,12.13,12.15,12,12.02,664496
2023-10-15,601899.SH,12.25,12.28,12.1,12.14,948154
2023-10-16,601899.SH,12.12,12.14,11.98,12.06,800518
2023-10-17,601899.SH,12.09,12.13,11.96,11.98,735847
2023-10-18,601899.SH,11.95,11.98,11.75,11.77,986187
2023-10-19,601899.SH,11.82,11.93,11.59,11.65,795521
2023-10-22,601899.SH,11.58,11.66,11.33,11.45,858001
2023-10-23,601899.SH,11.54,11.83,11.53,11.75,1196944
2023-10-24,601899.SH,12.04,12.31,12.04,12.08,1294168
2023-10-25,601899.SH,12,12.11,11.88,12.08,740260
2023-10-26,601899.SH,11.98,12.16,11.95,12.01,928362
2023-10-29,601899.SH,12.2,12.68,12.19,12.42,1801595
2023-10-30,601899.SH,12.4,12.46,12.28,12.44,751696
2023-10-31,601899.SH,12.32,12.35,12.14,12.2,938721
2023-11-01,601899.SH,12.35,12.48,12.2,12.21,913838
2023-11-02,601899.SH,12.22,12.3,12.1,12.17,815859
2023-11-05,601899.SH,12.18,12.2,11.87,11.93,1443133
2023-11-06,601899.SH,11.88,12.03,11.72,12.01,916701
2023-11-07,601899.SH,11.88,11.95,11.72,11.82,1133216
2023-11-08,601899.SH,11.7,11.9,11.7,11.88,776423
2023-11-09,601899.SH,11.83,11.86,11.72,11.78,437718
2023-11-12,601899.SH,11.79,11.93,11.73,11.9,553280
2023-11-13,601899.SH,11.95,11.98,11.81,11.86,495333
2023-11-14,601899.SH,12.23,12.23,11.93,12,1008192
2023-11-15,601899.SH,11.97,12.03,11.85,11.97,724281
2023-11-16,601899.SH,11.98,12.02,11.87,11.97,562505
2023-11-19,601899.SH,11.96,11.97,11.77,11.86,677976
2023-11-20,601899.SH,11.96,12.21,11.91,12.14,1466985
2023-11-21,601899.SH,12.14,12.14,11.92,11.95,627340
2023-11-22,601899.SH,11.94,12,11.82,11.99,559550
2023-11-23,601899.SH,11.97,11.99,11.84,11.85,517710
2023-11-26,601899.SH,11.86,12.03,11.73,11.87,577755
2023-11-27,601899.SH,11.86,11.9,11.71,11.89,626408
2023-11-28,601899.SH,12.09,12.2,12.08,12.15,1696535
2023-11-29,601899.SH,12.14,12.27,12.07,12.18,1167475
2023-11-30,601899.SH,12.15,12.2,11.96,12.04,1017537
2023-12-03,601899.SH,12.45,12.69,12.38,12.4,2291195
2023-12-04,601899.SH,12.12,12.16,11.92,11.95,1584841
2023-12-05,601899.SH,11.84,12.08,11.75,12,1104640
2023-12-06,601899.SH,11.9,11.92,11.75,11.8,1088833
2023-12-07,601899.SH,11.81,11.83,11.65,11.67,1182811
2023-12-10,601899.SH,11.59,11.73,11.38,11.67,1112132
2023-12-11,601899.SH,11.57,11.63,11.46,11.62,893007
2023-12-12,601899.SH,11.54,11.61,11.44,11.44,856443
2023-12-13,601899.SH,11.8,11.83,11.46,11.48,1355316
2023-12-14,601899.SH,11.6,11.97,11.6,11.7,2047533
2023-12-17,601899.SH,11.64,11.85,11.58,11.78,737334
2023-12-18,601899.SH,11.76,11.84,11.65,11.8,599463
2023-12-19,601899.SH,11.92,12.12,11.86,12.02,1655928
2023-12-20,601899.SH,11.94,12.09,11.89,12.07,1087028
2023-12-21,601899.SH,12.15,12.18,11.99,12.14,1272063
2023-12-24,601899.SH,12.03,12.24,12.01,12.22,859684
2023-12-25,601899.SH,12.2,12.28,12.15,12.18,746217
2023-12-26,601899.SH,12.23,12.42,12.19,12.4,1255647
2023-12-27,601899.SH,12.49,12.67,12.31,12.35,1857184
2023-12-28,601899.SH,12.27,12.48,12.27,12.46,1214615
2024-01-01,601899.SH,12.41,12.66,12.39,12.49,1133169
2024-01-02,601899.SH,12.43,12.59,12.39,12.53,760491
2024-01-03,601899.SH,12.43,12.52,12.39,12.51,998225
2024-01-04,601899.SH,12.46,12.68,12.37,12.47,1097527
2024-01-07,601899.SH,12.46,12.53,12.27,12.3,915816
2024-01-08,601899.SH,12.31,12.45,12.28,12.43,941798
2024-01-09,601899.SH,12.33,12.44,12.28,12.28,632628
2024-01-10,601899.SH,12.31,12.32,12.09,12.14,967802
2024-01-11,601899.SH,12.07,12.26,12.05,12.2,764339
2024-01-14,601899.SH,12.17,12.26,12.05,12.12,496326
2024-01-15,601899.SH,12.06,12.27,12.06,12.19,804365
2024-01-16,601899.SH,12.09,12.13,11.7,11.7,1407351
2024-01-17,601899.SH,11.66,11.94,11.4,11.84,1663791
2024-01-18,601899.SH,11.78,11.97,11.65,11.92,1237950
2024-01-21,601899.SH,11.88,11.94,11.55,11.68,1453550
2024-01-22,601899.SH,11.61,11.68,11.21,11.54,1694917
2024-01-23,601899.SH,11.62,11.75,11.43,11.72,1059408
2024-01-24,601899.SH,11.82,12.05,11.79,12.05,1274823
2024-01-25,601899.SH,12.1,12.28,11.98,12.22,1245210
2024-01-28,601899.SH,12.23,12.35,12.2,12.24,847536
2024-01-29,601899.SH,12.18,12.3,12.06,12.18,1063557
2024-01-30,601899.SH,12.12,12.23,12.03,12.04,1098979
2024-01-31,601899.SH,12,12.27,11.9,12.13,1084095
2024-02-01,601899.SH,12.2,12.34,11.88,12.03,1390103
2024-02-04,601899.SH,12.07,12.28,11.96,12.16,1710760
2024-02-05,601899.SH,12.13,12.38,12.04,12.19,2020938
2024-02-06,601899.SH,12.19,12.3,12.04,12.25,2158070
2024-02-07,601899.SH,12.24,12.52,12.22,12.5,1911093
2024-02-18,601899.SH,12.51,12.86,12.4,12.85,1886546
2024-02-19,601899.SH,12.8,13.18,12.72,13.1,1370783
2024-02-20,601899.SH,13.06,13.29,13.01,13.05,1539870
2024-02-21,601899.SH,13.09,13.28,13.02,13.26,1127400
2024-02-22,601899.SH,13.25,13.68,13.2,13.5,1377261
2024-02-25,601899.SH,13.51,13.61,13.09,13.15,1460045
2024-02-26,601899.SH,13.06,13.27,13,13.16,1364914
2024-02-27,601899.SH,13.16,13.17,12.97,13.01,1093358
2024-02-28,601899.SH,13.02,13.2,12.96,13.11,1081241
2024-02-29,601899.SH,13.06,13.36,13,13.25,1178467
2024-03-03,601899.SH,13.46,13.62,13.36,13.46,1314001
2024-03-04,601899.SH,13.6,13.97,13.59,13.85,1960877
2024-03-05,601899.SH,13.85,14.36,13.84,14.2,2017877
2024-03-06,601899.SH,14.38,14.96,14.27,14.73,2374936
2024-03-07,601899.SH,14.9,14.93,14.53,14.89,1692350
2024-03-10,601899.SH,15,15.05,14.62,14.86,1536663
2024-03-11,601899.SH,14.75,14.82,14.28,14.36,2042754
2024-03-12,601899.SH,14.25,14.76,14.18,14.69,1454520
2024-03-13,601899.SH,15.25,15.78,15.25,15.39,2719175
2024-03-14,601899.SH,15.32,16.12,15.3,15.96,2233163
2024-03-17,601899.SH,15.97,16.16,15.58,15.78,2303297
2024-03-18,601899.SH,15.7,15.93,15.5,15.53,1618999
2024-03-19,601899.SH,15.35,15.61,15.2,15.51,1771101
2024-03-20,601899.SH,15.91,16.13,15.6,15.62,1996237
2024-03-21,601899.SH,15.39,15.52,15.17,15.39,1771121
2024-03-24,601899.SH,15.38,15.86,15.31,15.74,1645276
2024-03-25,601899.SH,15.77,15.82,15.33,15.53,1327979
2024-03-26,601899.SH,15.46,15.89,15.44,15.72,1561422
2024-03-27,601899.SH,15.65,16.18,15.53,16.1,1888689
2024-03-28,601899.SH,16.4,16.87,16.3,16.82,2095645
2024-03-31,601899.SH,17.24,17.39,16.69,16.87,2076141
2024-04-01,601899.SH,16.95,17.15,16.76,16.95,1337639
2024-04-02,601899.SH,17.19,17.65,16.98,17.51,2380869
2024-04-07,601899.SH,17.65,18.17,17.23,17.3,3127119
2024-04-08,601899.SH,17.22,17.4,16.93,17.01,2015836
2024-04-09,601899.SH,17.14,18.15,17.14,17.99,2642699
2024-04-10,601899.SH,17.52,18.52,17.49,17.99,2565766
2024-04-11,601899.SH,18.48,18.58,17.98,18.39,2337819
2024-04-14,601899.SH,17.8,18.56,17.78,18.46,2385956
2024-04-15,601899.SH,18.46,18.63,17.89,17.94,2082205
2024-04-16,601899.SH,17.91,18.15,17.58,18.08,2154280
2024-04-17,601899.SH,17.91,18.54,17.86,18.47,2005974
2024-04-18,601899.SH,18.56,19.33,18.4,18.63,2653119
2024-04-21,601899.SH,18.87,19,17.75,17.8,2677304
2024-04-22,601899.SH,17.41,17.65,17,17.04,3201000
2024-04-23,601899.SH,17.04,17.59,17.04,17.54,2113743
2024-04-24,601899.SH,17.33,17.56,17.09,17.4,1429510
2024-04-25,601899.SH,17.58,18.37,17.41,18.27,2661284
2024-04-28,601899.SH,18.13,18.13,17.39,17.66,2252987
2024-04-29,601899.SH,17.92,18.06,17.55,17.61,1694667
2024-05-05,601899.SH,17.32,17.56,16.82,17.52,2606348
2024-05-06,601899.SH,17.62,17.9,17.39,17.45,1523941
2024-05-07,601899.SH,17.3,17.68,17.01,17.45,1324040
2024-05-08,601899.SH,17.28,17.91,17.28,17.71,1465868
2024-05-09,601899.SH,18.1,18.28,17.78,18.24,2061408
2024-05-12,601899.SH,18,18.34,17.83,18.18,1408590
2024-05-13,601899.SH,18.35,18.72,18.25,18.49,1474298
2024-05-14,601899.SH,18.54,18.85,18.26,18.3,1386876
2024-05-15,601899.SH,18.63,18.89,18.21,18.27,1939111
2024-05-16,601899.SH,18.37,18.78,18,18.78,1830951
2024-05-19,601899.SH,19.43,19.79,19.09,19.47,2652362
2024-05-20,601899.SH,19.41,19.58,18.56,18.65,2283748
2024-05-21,601899.SH,18.65,18.78,18.33,18.43,1424755
2024-05-22,601899.SH,17.56,18.01,17.36,17.84,2082536
2024-05-23,601899.SH,17.6,18.03,17.59,17.82,1257128
2024-05-26,601899.SH,17.77,18.36,17.76,18.2,1467114
2024-05-27,601899.SH,18.38,18.48,18.01,18.05,1328073
2024-05-28,601899.SH,18.08,18.58,17.97,18.45,1584146
2024-05-29,601899.SH,18.3,18.37,17.55,17.64,2092499
2024-05-30,601899.SH,17.63,17.72,17.2,17.41,1970347
2024-06-02,601899.SH,17.29,17.63,17.17,17.33,1348332
2024-06-03,601899.SH,17.45,17.7,17.18,17.42,1520605
2024-06-04,601899.SH,17,17.2,16.75,17.05,1854607
2024-06-05,601899.SH,17.35,17.79,17.33,17.59,1864393
2024-06-06,601899.SH,17.82,17.88,17.31,17.76,1737727
2024-06-10,601899.SH,17.11,17.22,16.78,17,1727394
2024-06-11,601899.SH,16.89,17.27,16.86,17.21,1319006
2024-06-12,601899.SH,17.14,17.22,16.51,16.81,1749092
2024-06-13,601899.SH,16.6,17.17,16.55,17.09,1630139
2024-06-16,601899.SH,16.99,17.17,16.76,17.04,1063817
2024-06-17,601899.SH,16.61,17.08,16.38,16.92,2398534
2024-06-18,601899.SH,16.92,17.5,16.88,17.32,1720495
2024-06-19,601899.SH,17.41,17.86,17.37,17.56,1288207
2024-06-20,601899.SH,17.78,17.87,17.24,17.32,1452328
2024-06-23,601899.SH,17,17.58,16.93,17.47,1320341
2024-06-24,601899.SH,17.45,17.52,17.2,17.35,955705
2024-06-25,601899.SH,17.22,17.34,16.97,17.26,1079234
2024-06-26,601899.SH,17.14,17.17,16.89,16.9,1007141
2024-06-27,601899.SH,16.98,17.63,16.82,17.57,1295244
2024-06-30,601899.SH,17.78,18.1,17.74,18.04,1490496
2024-07-01,601899.SH,18.08,18.08,17.64,17.84,957199
2024-07-02,601899.SH,17.84,18.03,17.71,17.89,1039345
2024-07-03,601899.SH,18.23,18.59,18.17,18.17,1762921
2024-07-04,601899.SH,18.17,18.66,18.11,18.64,1887476
2024-07-07,601899.SH,18.69,18.88,18.44,18.45,1491977
2024-07-08,601899.SH,18.6,18.86,18.55,18.82,1649307
2024-07-09,601899.SH,18.73,18.98,18.28,18.38,1508430
2024-07-10,601899.SH,18.5,18.96,18.3,18.87,1558078
2024-07-11,601899.SH,18.97,19,18.36,18.48,1390551
2024-07-14,601899.SH,18.5,18.95,18.43,18.82,1269890
2024-07-15,601899.SH,18.78,19.24,18.78,19.21,1345955
2024-07-16,601899.SH,19.5,19.54,18.37,18.47,2171674
2024-07-17,601899.SH,18.24,18.49,17.97,18.45,1491777
2024-07-18,601899.SH,17.8,18.05,17.11,17.94,2386172
2024-07-21,601899.SH,17.75,17.84,17.21,17.6,1929751
2024-07-22,601899.SH,17.58,17.72,16.5,16.52,2354732
2024-07-23,601899.SH,16.45,16.75,16.4,16.53,1368096
2024-07-24,601899.SH,16.08,16.24,15.38,15.43,2882152
2024-07-25,601899.SH,15.55,16.09,15.51,15.85,1753896
2024-07-28,601899.SH,16,16.28,15.76,16.11,1439936
2024-07-29,601899.SH,15.97,16.01,15.73,15.91,1253231
2024-07-30,601899.SH,15.99,16.66,15.97,16.58,1901638
2024-07-31,601899.SH,16.88,17.08,16.48,16.63,1496890
2024-08-01,601899.SH,16.31,16.31,15.7,15.96,2143937
2024-08-04,601899.SH,15.57,16.03,15.46,15.63,1791191
2024-08-05,601899.SH,15.7,15.78,15.16,15.35,1753033
2024-08-06,601899.SH,15.25,15.66,15.2,15.48,1166018
2024-08-07,601899.SH,15.34,15.35,15.03,15.21,1171024
2024-08-08,601899.SH,15.38,15.66,15.31,15.34,1401626
2024-08-11,601899.SH,15.3,15.49,15.24,15.36,636356
2024-08-12,601899.SH,15.66,15.73,15.3,15.54,1412879
2024-08-13,601899.SH,15.55,15.62,15.35,15.4,665068
2024-08-14,601899.SH,15.28,15.63,15.21,15.58,914645
2024-08-15,601899.SH,15.78,16.18,15.78,15.87,1508291
2024-08-18,601899.SH,16.06,16.49,16,16.22,1364561
2024-08-19,601899.SH,16.32,16.32,15.89,16.05,890530
2024-08-20,601899.SH,16.06,16.25,15.93,16.16,822393
2024-08-21,601899.SH,16.16,16.2,15.95,16.17,746208
2024-08-22,601899.SH,15.97,16.09,15.9,16.06,750786
2024-08-25,601899.SH,16.31,16.38,15.95,16.21,1461883
2024-08-26,601899.SH,16.15,16.25,15.85,16.07,899167
2024-08-27,601899.SH,16.1,16.24,15.63,15.82,1302750
2024-08-28,601899.SH,15.75,15.99,15.61,15.93,807699
2024-08-29,601899.SH,15.89,16.17,15.66,16,1442523
2024-09-01,601899.SH,15.86,15.87,15.31,15.61,1299694
2024-09-02,601899.SH,15.5,15.69,15.37,15.49,687861
2024-09-03,601899.SH,15.05,15.1,14.56,14.68,2364363
2024-09-04,601899.SH,14.75,14.97,14.53,14.68,1088422
2024-09-05,601899.SH,14.84,15.01,14.7,14.76,981026
2024-09-08,601899.SH,14.47,14.47,13.94,14.15,2328687
2024-09-09,601899.SH,14.27,14.35,14.07,14.22,1095015
2024-09-10,601899.SH,14.15,14.25,13.96,14.2,1407423
2024-09-11,601899.SH,14.24,14.39,14.07,14.2,1271389
2024-09-12,601899.SH,14.59,14.91,14.52,14.68,2228887
2024-09-17,601899.SH,14.98,15.22,14.85,15.04,1687917
2024-09-18,601899.SH,15.11,15.46,14.77,15.4,1829002
2024-09-19,601899.SH,15.49,15.88,15.31,15.88,1927330
2024-09-22,601899.SH,15.88,16,15.68,15.82,1367372
2024-09-23,601899.SH,16.1,16.64,16.02,16.51,2512266
2024-09-24,601899.SH,16.92,17.32,16.9,16.92,2837248
2024-09-25,601899.SH,17.1,17.39,16.7,17.37,2245649
2024-09-26,601899.SH,17.85,18.05,17.27,17.51,1740928
2024-09-29,601899.SH,17.88,18.74,17.12,18.14,6719726
2024-10-07,601899.SH,19.64,19.87,17.51,17.96,7066172
2024-10-08,601899.SH,17.7,17.77,16.9,16.93,3957164
2024-10-09,601899.SH,17,17.98,16.85,17.35,3017848
2024-10-10,601899.SH,17.6,17.79,17.08,17.24,2045173
2024-10-13,601899.SH,17.36,17.77,17.08,17.67,2098953
2024-10-14,601899.SH,17.5,17.51,17.13,17.13,1673263
2024-10-15,601899.SH,17.08,17.54,17.02,17.45,1390672
2024-10-16,601899.SH,17.48,17.61,17.12,17.14,1324174
2024-10-17,601899.SH,17.35,17.88,17.31,17.63,2199173
2024-10-20,601899.SH,18.08,18.58,17.9,18.22,2717426
2024-10-21,601899.SH,18.13,18.3,17.88,18.05,1701244
2024-10-22,601899.SH,18.1,18.17,17.68,17.85,1588838
2024-10-23,601899.SH,17.6,17.6,17.32,17.49,1531407
2024-10-24,601899.SH,17.42,17.44,17.14,17.23,1512537
2024-10-27,601899.SH,17.2,17.23,16.96,17.2,1228178
2024-10-28,601899.SH,17.27,17.52,17.18,17.22,1570672
2024-10-29,601899.SH,17.35,17.55,17,17.13,1583135
2024-10-30,601899.SH,17.06,17.08,16.66,16.82,1837667
2024-10-31,601899.SH,16.72,17.5,16.64,17.25,2514288
2024-11-03,601899.SH,17.36,17.42,16.97,17.35,1508560
2024-11-04,601899.SH,17.26,17.72,17.15,17.7,1855231
2024-11-05,601899.SH,17.65,17.7,17.16,17.31,1933285
2024-11-06,601899.SH,16.72,17.1,16.5,17.09,2808754
2024-11-07,601899.SH,17.35,17.59,17.02,17.09,2259978
2024-11-10,601899.SH,16.8,16.81,16.08,16.51,3427065
2024-11-11,601899.SH,16.1,16.45,15.8,15.98,2856314
2024-11-12,601899.SH,15.93,16.17,15.9,16,1439939
2024-11-13,601899.SH,15.9,15.94,15.58,15.61,1947269
2024-11-14,601899.SH,15.6,16.1,15.52,15.62,1863567
2024-11-17,601899.SH,15.76,15.99,15.59,15.71,1760794
2024-11-18,601899.SH,16,16.43,16,16.21,2600999
2024-11-19,601899.SH,16.29,16.3,15.94,16.03,1460526
2024-11-20,601899.SH,16.04,16.23,15.97,16.16,1353774
2024-11-21,601899.SH,16.18,16.2,15.76,15.76,1252431
2024-11-24,601899.SH,15.88,16.04,15.47,15.55,1197932
2024-11-25,601899.SH,15.4,15.68,15.37,15.54,914522
2024-11-26,601899.SH,15.55,15.68,15.33,15.68,1101829
2024-11-27,601899.SH,15.65,15.72,15.46,15.53,871587
2024-11-28,601899.SH,15.6,15.94,15.43,15.7,1412604
2024-12-01,601899.SH,15.72,15.77,15.5,15.56,1683597
2024-12-02,601899.SH,15.59,15.63,15.28,15.61,1495721
2024-12-03,601899.SH,15.68,15.94,15.64,15.8,1808366
2024-12-04,601899.SH,15.73,15.75,15.42,15.48,1412371
2024-12-05,601899.SH,15.42,15.74,15.41,15.69,1378733
2024-12-08,601899.SH,15.74,16.05,15.67,15.88,1386205
2024-12-09,601899.SH,16.38,16.55,16,16.06,1917173
2024-12-10,601899.SH,16.16,16.38,16.06,16.12,1468595
2024-12-11,601899.SH,16.12,16.28,16.09,16.24,1005045
2024-12-12,601899.SH,16,16,15.57,15.57,1998112
2024-12-15,601899.SH,15.57,15.64,15.31,15.35,1283535
2024-12-16,601899.SH,15.35,15.59,15.27,15.45,1196822
2024-12-17,601899.SH,15.4,15.63,15.4,15.49,753477
2024-12-18,601899.SH,15.21,15.41,15.05,15.32,925547
2024-12-19,601899.SH,15.28,15.33,15.02,15.02,1400627
2024-12-22,601899.SH,15.16,15.59,15.09,15.51,1884409
2024-12-23,601899.SH,15.49,15.66,15.29,15.63,1167419
2024-12-24,601899.SH,15.63,15.67,15.34,15.52,878541
2024-12-25,601899.SH,15.53,15.73,15.46,15.62,875093
2024-12-26,601899.SH,15.64,15.69,15.27,15.3,1236416
2024-12-29,601899.SH,15.26,15.72,15.23,15.54,1524841
2024-12-30,601899.SH,15.43,15.46,15.12,15.12,1422365
2025-01-01,601899.SH,15.2,15.48,15,15.18,1990531
2025-01-02,601899.SH,15.3,15.92,15.27,15.57,3124885
2025-01-05,601899.SH,15.68,15.86,15.33,15.49,2252832
2025-01-06,601899.SH,15.55,16.05,15.4,16.02,2298933
2025-01-07,601899.SH,16.02,16.17,15.74,15.85,1768437
2025-01-08,601899.SH,15.91,16.03,15.72,15.92,1342998
2025-01-09,601899.SH,16.09,16.34,15.87,16.15,1955517
2025-01-12,601899.SH,16.14,16.66,16.03,16.4,2377232
2025-01-13,601899.SH,16.29,16.48,16.05,16.41,1800898
2025-01-14,601899.SH,16.35,16.4,15.53,15.78,3279464
2025-01-15,601899.SH,16.03,16.3,16.03,16.17,2207643
2025-01-16,601899.SH,16.31,16.41,16.12,16.27,1682692
2025-01-19,601899.SH,16.25,16.39,16.07,16.29,1446115
2025-01-20,601899.SH,16.3,16.39,16.14,16.25,1091089
2025-01-21,601899.SH,16.36,16.39,16.05,16.2,1283152
2025-01-22,601899.SH,16.19,16.36,15.86,15.88,1808043
2025-01-23,601899.SH,16.01,16.12,15.81,16.02,1376563
2025-01-26,601899.SH,16,16.31,15.94,16.24,1547943
2025-02-04,601899.SH,16.59,16.73,16.31,16.47,2061406
2025-02-05,601899.SH,16.58,16.58,16.11,16.31,2001627
2025-02-06,601899.SH,16.35,16.66,16.16,16.62,2165528
2025-02-09,601899.SH,16.81,17.06,16.74,16.87,2212065
2025-02-10,601899.SH,17.04,17.58,16.92,17.28,2925262
2025-02-11,601899.SH,17.03,17.12,16.87,16.98,1582010
2025-02-12,601899.SH,17.08,17.2,16.98,17.01,1272922
2025-02-13,601899.SH,17.15,17.34,17.01,17.16,1155270
2025-02-16,601899.SH,16.71,16.71,16.41,16.5,2385440
2025-02-17,601899.SH,16.41,16.59,16.31,16.41,1449983
2025-02-18,601899.SH,16.51,16.61,16.29,16.35,1566817
2025-02-19,601899.SH,16.38,16.48,16.12,16.44,1300819
2025-02-20,601899.SH,16.48,16.56,16.13,16.19,2061611
2025-02-23,601899.SH,15.99,16.22,15.8,16.08,1735860
2025-02-24,601899.SH,16.06,16.13,15.75,15.78,1558633
2025-02-25,601899.SH,15.83,16.09,15.68,15.86,1575441
2025-02-26,601899.SH,15.87,15.87,15.61,15.75,1363072
2025-02-27,601899.SH,15.61,15.67,15.35,15.35,1793746
2025-03-02,601899.SH,15.48,15.86,15.45,15.64,1461700
2025-03-03,601899.SH,15.69,16.06,15.6,15.93,1529355
2025-03-04,601899.SH,15.93,16.09,15.81,16.01,1237582
2025-03-05,601899.SH,16.25,16.49,16.19,16.3,1782082
2025-03-06,601899.SH,16.33,16.75,16.2,16.43,1932341
2025-03-09,601899.SH,16.5,16.69,16.31,16.65,1631583
2025-03-10,601899.SH,16.28,16.48,16.1,16.48,1800006
2025-03-11,601899.SH,16.55,16.72,16.28,16.69,1623982
2025-03-12,601899.SH,16.88,17.08,16.74,16.96,2097682
2025-03-13,601899.SH,17.39,17.63,17.18,17.48,2989816
2025-03-16,601899.SH,17.49,17.7,17.11,17.21,2367763
2025-03-17,601899.SH,17.4,17.95,17.36,17.76,2552060
2025-03-18,601899.SH,17.78,18.05,17.69,18.05,1892852
2025-03-19,601899.SH,18.3,18.43,18.01,18.17,2325790
2025-03-20,601899.SH,18,18.06,17.4,17.57,2514754
2025-03-23,601899.SH,17.66,18.35,17.48,18.05,2696252
2025-03-24,601899.SH,18.05,18.42,17.93,18.4,2266251
2025-03-25,601899.SH,18.7,18.96,18.1,18.2,3229224
2025-03-26,601899.SH,17.9,18.13,17.6,17.86,2255314
2025-03-27,601899.SH,18.05,18.34,17.81,18.16,1863644
2025-03-30,601899.SH,18.07,18.31,17.98,18.12,1606776
2025-03-31,601899.SH,18.2,18.33,17.8,17.93,1534227
2025-04-01,601899.SH,17.76,17.85,17.44,17.5,1580990
2025-04-02,601899.SH,17.35,17.48,16.87,17.11,2164268
2025-04-06,601899.SH,15.4,15.85,15.4,15.41,4880359
2025-04-07,601899.SH,15.54,15.95,15.21,15.95,3733607
2025-04-08,601899.SH,15.54,15.92,15.19,15.92,4467127
2025-04-09,601899.SH,16.55,16.85,16.37,16.75,3591395
2025-04-10,601899.SH,17.15,17.31,16.98,17.15,2718368
2025-04-13,601899.SH,17.39,18,17.11,17.63,3336006
2025-04-14,601899.SH,17.64,17.7,17.28,17.65,1905538
2025-04-15,601899.SH,17.9,17.98,17.42,17.74,2074565
2025-04-16,601899.SH,18.13,18.3,17.66,17.82,3105317
2025-04-17,601899.SH,17.65,17.77,17.35,17.62,1399177
2025-04-20,601899.SH,17.77,18.63,17.76,18.6,3174611
2025-04-21,601899.SH,18.71,18.76,18.41,18.5,2533603
2025-04-22,601899.SH,18.05,18.28,17.73,17.79,2931501
2025-04-23,601899.SH,17.89,18.05,17.63,17.67,1145853
2025-04-24,601899.SH,17.8,17.97,17.58,17.65,1215259
2025-04-27,601899.SH,17.5,17.74,17.37,17.66,968788
2025-04-28,601899.SH,17.67,17.77,17.55,17.63,740563
2025-04-29,601899.SH,17.55,17.58,17.36,17.46,849944
2025-05-05,601899.SH,17.75,17.84,17.6,17.76,1413638
2025-05-06,601899.SH,18.09,18.12,17.8,18.05,1724079
2025-05-07,601899.SH,17.9,18.06,17.76,17.76,1122953
2025-05-08,601899.SH,17.68,17.78,17.58,17.65,1064869
2025-05-11,601899.SH,17.5,17.77,17.41,17.71,1222140
2025-05-12,601899.SH,17.6,17.84,17.4,17.76,1163469
2025-05-13,601899.SH,17.76,17.91,17.74,17.9,1043413
2025-05-14,601899.SH,17.71,17.78,17.36,17.49,1393813
2025-05-15,601899.SH,17.59,17.64,17.36,17.42,957100
2025-05-18,601899.SH,17.43,17.56,17.28,17.42,757588
2025-05-19,601899.SH,17.42,17.69,17.41,17.46,1027962
2025-05-20,601899.SH,17.69,18.51,17.68,18.49,2604615
2025-05-21,601899.SH,18.38,18.68,18.36,18.58,1335361
2025-05-22,601899.SH,18.54,18.7,18.44,18.59,1206872
2025-05-25,601899.SH,18.5,18.87,18.48,18.56,1126614
2025-05-26,601899.SH,18.53,18.65,17.68,17.88,1726856
2025-05-27,601899.SH,17.8,18.1,17.7,17.98,991961
2025-05-28,601899.SH,17.83,18.05,17.78,17.82,904480
2025-05-29,601899.SH,17.94,18.07,17.66,17.73,933559
2025-06-02,601899.SH,18.07,18.28,17.96,18.06,1395224
2025-06-03,601899.SH,18.06,18.32,18.01,18.09,831663
2025-06-04,601899.SH,18.15,18.3,17.86,17.88,893387
2025-06-05,601899.SH,17.99,18.25,17.92,18.14,1334650
2025-06-08,601899.SH,17.97,18.14,17.63,17.97,1914916
2025-06-09,601899.SH,17.9,18.38,17.9,18.27,1506083
2025-06-10,601899.SH,18.27,18.71,18.23,18.66,1283688
2025-06-11,601899.SH,18.72,19.49,18.63,19.46,2085630
2025-06-12,601899.SH,19.26,19.37,19.04,19.15,1878874
2025-06-15,601899.SH,19.14,19.16,18.69,18.82,1330583
2025-06-16,601899.SH,18.79,18.97,18.7,18.87,840917
2025-06-17,601899.SH,18.86,18.98,18.58,18.78,931998
2025-06-18,601899.SH,18.75,18.78,18.37,18.37,1016429
2025-06-19,601899.SH,18.43,18.61,18.34,18.41,876538
2025-06-22,601899.SH,18.45,18.62,18.28,18.51,985169
2025-06-23,601899.SH,18.43,18.95,18.4,18.54,1287024
2025-06-24,601899.SH,18.58,19,18.45,18.99,1225998
2025-06-25,601899.SH,18.9,19.22,18.72,18.98,1273122
2025-06-26,601899.SH,19.2,20.06,19.2,19.78,2391482
2025-06-29,601899.SH,19.78,19.83,19.4,19.5,1387270
2025-06-30,601899.SH,19.69,19.92,19.38,19.9,1239334
2025-07-01,601899.SH,19.9,20.43,19.8,20.17,1703696
2025-07-02,601899.SH,20.37,20.49,20.08,20.29,1373809
2025-07-03,601899.SH,20.07,20.29,19.84,20.05,1358556
2025-07-06,601899.SH,19.96,20.02,19.71,19.8,834675
2025-07-07,601899.SH,19.87,20.04,19.75,19.82,970734
2025-07-08,601899.SH,19.89,19.89,18.87,18.9,3338348
2025-07-09,601899.SH,18.92,19.05,18.81,18.84,1893273
2025-07-10,601899.SH,18.89,19.2,18.86,18.89,2181704
2025-07-13,601899.SH,19.27,19.34,19.01,19.08,2305917
2025-07-14,601899.SH,19.06,19.15,18.82,19.12,1531483
2025-07-15,601899.SH,19.14,19.18,18.98,19.14,926884
2025-07-16,601899.SH,19.13,19.19,18.98,19.07,1174559
2025-07-17,601899.SH,19.19,19.7,19.02,19.47,2229552
2025-07-20,601899.SH,19.56,19.83,19.5,19.79,1730230
2025-07-21,601899.SH,19.92,20.38,19.81,20.25,2025790
2025-07-22,601899.SH,20.43,20.48,20.11,20.21,1812225
2025-07-23,601899.SH,20,20.27,19.83,20.12,1610269
2025-07-24,601899.SH,19.96,20.07,19.81,19.85,1252965
2025-07-27,601899.SH,19.71,19.8,19.43,19.8,1437051
2025-07-28,601899.SH,19.6,19.74,19.51,19.59,1296870
2025-07-29,601899.SH,19.6,19.98,19.59,19.82,1543618
2025-07-30,601899.SH,19.51,19.52,19.03,19.15,2087643
2025-07-31,601899.SH,19.1,19.43,19.05,19.26,1219991
2025-08-03,601899.SH,19.57,19.94,19.5,19.88,1738260
2025-08-04,601899.SH,19.99,20.02,19.77,19.87,1138387
2025-08-05,601899.SH,19.81,20.25,19.78,20.16,1428032
2025-08-06,601899.SH,20.16,20.36,19.96,20.3,1317182
2025-08-07,601899.SH,20.36,20.7,20.3,20.54,1276510
2025-08-10,601899.SH,20.51,20.51,20.19,20.25,1409920
2025-08-11,601899.SH,20.22,20.56,20.14,20.3,1173534
2025-08-12,601899.SH,20.45,21.17,20.4,21.02,1858341
2025-08-13,601899.SH,21.03,21.53,20.97,21.17,1388152
2025-08-14,601899.SH,20.94,21.56,20.87,21.29,1709805
2025-08-17,601899.SH,21.3,21.37,20.8,20.8,2610953
2025-08-18,601899.SH,20.81,21.14,20.28,20.33,2352501
2025-08-19,601899.SH,20.33,20.57,20.19,20.56,1682986
2025-08-20,601899.SH,20.71,20.8,20.51,20.6,1286486
2025-08-21,601899.SH,20.65,20.76,20.45,20.66,1489955
2025-08-24,601899.SH,21.05,22.25,21.05,22.21,3063300
2025-08-25,601899.SH,22.19,22.55,21.96,22.39,1848831
2025-08-26,601899.SH,22.49,23.3,22.32,22.53,2388910
2025-08-27,601899.SH,22.54,22.89,22.21,22.52,1733705
2025-08-28,601899.SH,22.82,23.48,22.7,23.08,2504128
2025-08-31,601899.SH,23.9,24.65,23.41,24.38,3763218
2025-09-01,601899.SH,24.77,25.08,23.98,24.41,3438914
2025-09-02,601899.SH,25.1,25.51,24.39,24.94,3071908
2025-09-03,601899.SH,24.8,25.18,23.39,23.87,3877553
2025-09-04,601899.SH,23.79,25.41,23.79,25.27,3452322
2025-09-07,601899.SH,25.7,25.8,24.42,24.64,3172579
2025-09-08,601899.SH,24.99,25.85,24.75,25.19,3533516
2025-09-09,601899.SH,24.55,25.26,24.51,25.18,2243913
2025-09-10,601899.SH,25.25,25.74,25.08,25.71,2504285
2025-09-11,601899.SH,26,26.35,25.43,25.65,3262669
2025-09-14,601899.SH,25.54,26.1,25.3,25.5,2408982
2025-09-15,601899.SH,26.1,26.15,24.89,25.32,3128029
2025-09-16,601899.SH,25.12,25.29,24.75,25.07,2092150
2025-09-17,601899.SH,24.68,25.04,24.11,24.42,2631922
2025-09-18,601899.SH,24.42,25.15,24.42,25.02,2021763
2025-09-21,601899.SH,25.5,25.56,24.85,25.37,1944233
2025-09-22,601899.SH,25.6,26.38,25.25,25.82,2761082
2025-09-23,601899.SH,25.82,25.93,25.49,25.93,1680028
2025-09-24,601899.SH,26.9,27.64,26.69,27.27,3953227
2025-09-25,601899.SH,27.1,28.36,26.91,27.4,2820572
2025-09-28,601899.SH,27.7,28.86,27.53,28.77,3997940
2025-09-29,601899.SH,29.57,29.88,28.74,29.44,3858883
2025-10-08,601899.SH,31.22,32.38,30.77,32.38,5093434
2025-10-09,601899.SH,31.5,32,30.35,30.87,4660206
2025-10-12,601899.SH,30.05,31.65,29.88,31.3,4175730
2025-10-13,601899.SH,32.4,32.65,29.15,29.5,5392361
2025-10-14,601899.SH,29.96,31.2,29.38,30.98,3656411
2025-10-15,601899.SH,30.99,31.37,30.06,30.47,2899010
2025-10-16,601899.SH,31.12,31.3,30.03,30.17,3044437
2025-10-19,601899.SH,29.4,30.29,29,29.75,2973410
2025-10-20,601899.SH,30.4,30.78,29.81,30.05,2616486
2025-10-21,601899.SH,28.19,29.6,28.19,29.45,3153555
2025-10-22,601899.SH,29.03,29.93,28.56,29.7,2465283
2025-10-23,601899.SH,30.05,30.3,29.76,30.03,1869698
2025-10-26,601899.SH,30.12,31.3,30.12,31,2902466
2025-10-27,601899.SH,30.5,30.79,29.81,29.84,2642452
2025-10-28,601899.SH,30.05,31.05,30.01,30.96,2116510
2025-10-29,601899.SH,30.78,31.6,30.62,31.11,2766723
2025-10-30,601899.SH,31.11,31.29,30.45,30.5,1749231
2025-11-02,601899.SH,30.11,30.33,28.87,30,2361913
2025-11-03,601899.SH,29.5,29.78,28.6,28.78,2680317
2025-11-04,601899.SH,27.92,29.25,27.82,29.01,2154614
2025-11-05,601899.SH,29.01,29.8,28.92,29.7,1789698
2025-11-06,601899.SH,29.69,30.25,29.62,30.17,1497567
2025-11-09,601899.SH,30.8,30.95,29.88,30.17,1885112
2025-11-10,601899.SH,30.57,30.68,29.5,29.62,1664377
2025-11-11,601899.SH,29.62,30.06,29.15,29.49,1364288
2025-11-12,601899.SH,29.8,31.12,29.71,30.72,2809336
2025-11-13,601899.SH,30.1,30.43,29.82,30.02,1661668
2025-11-16,601899.SH,29.73,29.92,28.86,28.98,2159944
2025-11-17,601899.SH,28.7,28.95,28.21,28.39,1733398
2025-11-18,601899.SH,28.74,29.55,28.7,29.34,1921845
2025-11-19,601899.SH,29.4,29.68,28.9,28.97,1331418
2025-11-20,601899.SH,28.47,28.86,28,28.14,1887292
2025-11-23,601899.SH,28.44,28.5,27.63,28,1708343
2025-11-24,601899.SH,28.47,28.88,28.41,28.51,1474476
2025-11-25,601899.SH,28.66,28.77,28.35,28.43,1590126
2025-11-26,601899.SH,28.8,29.2,28.5,28.6,1636297
2025-11-27,601899.SH,28.79,29.09,28.4,28.58,1975435
2025-11-30,601899.SH,29.5,30.67,29.4,30.06,3600530
2025-12-01,601899.SH,29.9,29.98,29.45,29.74,1548725
2025-12-02,601899.SH,29.85,30.26,29.72,29.97,1911287
2025-12-03,601899.SH,30.84,31.38,30.53,30.69,2728596
2025-12-04,601899.SH,30.59,31.49,30.47,31.32,2334711
2025-12-07,601899.SH,31.4,31.6,30.94,31.5,2068024
2025-12-08,601899.SH,31.18,31.23,30.18,30.4,1990926
2025-12-09,601899.SH,30.6,30.85,30.2,30.75,1170209
2025-12-10,601899.SH,31.2,31.95,30.75,30.96,2407725
2025-12-11,601899.SH,31.67,31.8,31.35,31.7,2211743
2025-12-14,601899.SH,31.26,31.88,31.06,31.41,1691352
2025-12-15,601899.SH,31.02,31.22,30.12,30.32,1583903
2025-12-16,601899.SH,30.55,31.19,30.4,30.87,1769711
2025-12-17,601899.SH,30.83,31.35,30.65,30.97,1380093
2025-12-18,601899.SH,30.84,31.38,30.41,31.12,1656729
2025-12-21,601899.SH,31.69,32.78,31.64,32.53,2445132
2025-12-22,601899.SH,33.06,33.1,31.9,32.09,2702894
2025-12-23,601899.SH,32.54,32.65,31.99,32.31,1927107
2025-12-24,601899.SH,31.99,32.14,31.83,32.03,1274567
2025-12-25,601899.SH,32.6,33.77,32.55,33.53,2861989
2025-12-28,601899.SH,34.16,34.3,32.58,32.65,3575540
2025-12-29,601899.SH,31.55,33.48,31.53,33.42,2438024
2025-12-30,601899.SH,33.48,35.36,33.39,34.47,3411882
2026-01-04,601899.SH,35.3,35.64,34.27,35.4,3103935
2026-01-05,601899.SH,36,37.7,35.95,37.6,3567272
2026-01-06,601899.SH,37.6,37.7,36.38,36.72,3573036
2026-01-07,601899.SH,36.2,37.01,35.79,36.3,2415585
2026-01-08,601899.SH,36,37.67,35.98,37.22,2805790
2026-01-11,601899.SH,38.22,38.38,37.03,37.26,2964964
2026-01-12,601899.SH,37.4,38.9,37.3,38.24,3107782
2026-01-13,601899.SH,38.61,39.85,38.36,38.5,4256502
2026-01-14,601899.SH,38.26,39.44,37.7,38.25,3860818
2026-01-15,601899.SH,38.32,39.11,37.06,37.47,3947778
2026-01-18,601899.SH,37.62,37.78,36.5,37.26,2532752
2026-01-19,601899.SH,37.26,37.77,36.21,37.31,3074571
2026-01-20,601899.SH,37.76,38.48,37.36,38.13,3891673
2026-01-21,601899.SH,37.5,37.88,37.08,37.66,2739499
2026-01-22,601899.SH,38.39,38.5,37.35,37.56,3862963
2026-01-25,601899.SH,38.74,40.48,38.73,39.5,6635144
2026-01-26,601899.SH,40.23,42.68,39.68,40.61,7284982
2026-01-27,601899.SH,41.4,42.58,40.6,42.3,6522833
2026-01-28,601899.SH,43.79,44.94,41.31,43.45,7728672
2026-01-29,601899.SH,41.2,42.36,39.12,40.14,6703441
2026-02-01,601899.SH,36.87,38.73,36.27,36.61,7140436
2026-02-02,601899.SH,37.84,38.95,37.08,38.81,4766103
2026-02-03,601899.SH,39.5,39.99,38.68,39.16,3267366
2026-02-04,601899.SH,38.13,38.5,36.57,37.45,3583731
2026-02-05,601899.SH,35.55,37.82,35.5,37.19,3277748
2026-02-08,601899.SH,38.49,38.88,38.03,38.63,2639476
2026-02-09,601899.SH,38.98,39.4,38.52,38.81,1996571
2026-02-10,601899.SH,38.6,39.79,38.57,39.48,2228674
2026-02-11,601899.SH,39.57,40.43,39.49,39.75,2355759
2026-02-12,601899.SH,38.26,39.04,37.69,37.78,3380334
2026-02-23,601899.SH,39.49,39.65,38.98,39.32,2467460
2026-02-24,601899.SH,39.4,40.26,38.86,39.63,2897095
2026-02-25,601899.SH,39.89,39.96,38.94,39.37,1990664
2026-02-26,601899.SH,39.2,40.05,39.01,39.55,2420602
2026-03-01,601899.SH,40.4,40.9,39.1,40.77,4775134
2026-03-02,601899.SH,40.35,40.35,38.66,38.86,4140938
2026-03-03,601899.SH,37.7,38.89,37.48,37.96,3125702
2026-03-04,601899.SH,38.46,38.48,37.2,37.67,2606599
2026-03-05,601899.SH,37.01,37.48,36.24,37.1,2539470
2026-03-08,601899.SH,35.93,36.67,34.86,36.4,3906290
2026-03-09,601899.SH,36.98,37.54,36.8,37.13,2013124
2026-03-10,601899.SH,37.5,37.64,37.04,37.24,1481313
2026-03-11,601899.SH,36.79,37.16,36.35,36.75,1891130
2026-03-12,601899.SH,36.2,36.94,35.6,35.77,2471205
2026-03-15,601899.SH,35.04,35.17,33.6,34.75,4207313
2026-03-16,601899.SH,34.73,35.55,34.67,34.9,2253776
2026-03-17,601899.SH,34.74,35,34.35,34.92,1990248
2026-03-18,601899.SH,33.25,33.9,32.12,32.32,5279354
2026-03-19,601899.SH,32.2,32.85,31.43,31.65,3850343
2026-03-22,601899.SH,30.21,31.34,29.8,30.58,4933043
2026-03-23,601899.SH,31.25,32.38,30.91,32.2,4572645
2026-03-24,601899.SH,33.5,33.98,33.09,33.24,4106152
2026-03-25,601899.SH,33.1,33.24,31.83,32.09,3050473
2026-03-26,601899.SH,31.5,32.72,31.5,32.47,2282467
2026-03-29,601899.SH,32.2,32.8,31.88,32.78,2369010
2026-03-30,601899.SH,32.98,33.5,32.6,32.72,2531059
2026-03-31,601899.SH,33.86,34.58,33.62,34.15,3237031
2026-04-01,601899.SH,33.99,33.99,32.7,33.12,2589426
2026-04-02,601899.SH,33.25,33.33,32.82,32.91,1419991
2026-04-06,601899.SH,32.8,33.1,32.33,32.41,1506498
2026-04-07,601899.SH,34,34.76,34,34.62,4079541
2026-04-08,601899.SH,33.99,34.19,33.74,33.9,2206590
2026-04-09,601899.SH,34.23,34.58,33.7,33.75,2375710
2026-04-12,601899.SH,33.38,33.8,33.31,33.66,1765321
2026-04-13,601899.SH,34.49,34.95,34.35,34.8,2988457
2026-04-14,601899.SH,35.75,36,34.81,34.91,2991792
2026-04-15,601899.SH,35,35.39,35,35.3,2009412
2026-04-16,601899.SH,35,35.1,34.5,34.73,2155828
2026-04-19,601899.SH,34.86,35.29,34.7,34.82,2256403
2026-04-20,601899.SH,34.98,35.68,34.5,35.66,3119791
2026-04-21,601899.SH,35.67,35.86,35.24,35.53,3723920
2026-04-22,601899.SH,35.56,35.56,34.14,34.4,3566449
2026-04-23,601899.SH,34.02,34.42,33.53,34.31,2577934
2026-04-26,601899.SH,34,34.25,33.48,33.56,2310885
2026-04-27,601899.SH,33.33,33.46,32.88,32.95,2070092
2026-04-28,601899.SH,32.55,34.2,32.51,34.14,3034995
2026-04-29,601899.SH,33.7,34.02,33.08,33.3,2403899
2026-05-05,601899.SH,33.5,34.38,33.21,34.21,3990720
2026-05-06,601899.SH,34.84,35.17,34.12,34.46,3360414
2026-05-07,601899.SH,34.02,35,33.84,34.8,3012482
2026-05-10,601899.SH,34.55,34.72,33.85,34.27,3037097
2026-05-11,601899.SH,34.96,35.33,34.5,34.58,4169460
2026-05-12,601899.SH,35.1,35.25,34.45,34.66,3224803
2026-05-13,601899.SH,34.49,34.76,33.5,33.52,2769481
2026-05-14,601899.SH,32.99,33,31.5,31.84,4482822
2026-05-17,601899.SH,30.9,31.37,30.71,31.3,2887987
2026-05-18,601899.SH,31.3,31.39,30.64,31.16,1808601
2026-05-19,601899.SH,30.53,30.64,29.92,30.39,3144897
2026-05-20,601899.SH,30.91,31.25,29.93,29.99,2956155
2026-05-21,601899.SH,30.16,31.14,29.88,30.96,2681039
2026-05-24,601899.SH,31.64,32,31.09,31.35,2840462
2026-05-25,601899.SH,31.16,32.98,31.02,32.9,4437216
2026-05-26,601899.SH,32.58,32.89,31.53,31.62,2616966
2026-05-27,601899.SH,31,31.2,30.08,30.71,3109909
2026-05-28,601899.SH,31.32,31.38,30.18,30.44,2610250
2026-05-31,601899.SH,30.22,30.7,30.12,30.19,1751622
2026-06-01,601899.SH,30.36,31.74,30.12,31.58,3333214
2026-06-02,601899.SH,31.01,31.82,30.95,31.27,2529803
2026-06-03,601899.SH,30.9,30.95,30.22,30.34,2062166
2026-06-04,601899.SH,30.3,30.85,29.53,29.63,2716213
2026-06-07,601899.SH,28.28,28.73,27.58,28.05,3775320
2026-06-08,601899.SH,28.14,28.53,27.6,28.47,2513161
2026-06-09,601899.SH,27.6,28,27.2,27.7,3044088
2026-06-10,601899.SH,27.2,27.69,26.8,27.33,3231431
2026-06-11,601899.SH,28.09,29.76,27.81,29.09,5098539
2026-06-14,601899.SH,30.54,31.35,30.4,31.31,5714756
2026-06-15,601899.SH,31,31.1,30.2,30.29,2922715
2026-06-16,601899.SH,30.5,30.95,30.12,30.43,2229817
2026-06-17,601899.SH,29.96,30.98,29.28,29.69,3620675
2026-06-21,601899.SH,29.25,30.5,28.55,30.44,3918476
2026-06-22,601899.SH,29.95,30,27.64,27.75,4947402
2026-06-23,601899.SH,27.41,27.97,27.33,27.65,2846096
2026-06-24,601899.SH,26.51,26.76,25.73,25.92,5760700
2026-06-25,601899.SH,25.9,25.9,24.86,25.1,3528208
2026-06-28,601899.SH,25.35,25.96,24.98,25.79,3232927
2026-06-29,601899.SH,25.05,25.26,24.7,25.14,3107057
2026-06-30,601899.SH,24.85,25.55,24.42,25.11,3389084
2026-07-01,601899.SH,25.61,26.96,25.52,26.3,5067417
2026-07-02,601899.SH,27.5,28.3,27.41,27.82,5386520
2026-07-05,601899.SH,27.64,29.19,27.62,28.28,3700913
2026-07-06,601899.SH,27.8,28.11,27.43,27.62,2235422
2026-07-07,601899.SH,27.12,28.03,26.8,27.36,1969818
2026-07-08,601899.SH,26.82,27.7,26.55,27.62,2514997
2026-07-09,601899.SH,28,28.45,27.08,27.72,2657100
2026-07-12,601899.SH,27.23,27.63,26.74,27.36,2130238
2026-07-13,601899.SH,26.88,29.29,26.75,29.06,3803205
2026-07-14,601899.SH,29.06,29.34,28.56,28.83,2683491
2026-07-15,601899.SH,28.82,29.59,28.79,29.25,2654390
2026-07-16,601899.SH,28.65,28.82,27.92,28.36,2904169
2026-07-19,601899.SH,28.36,29.45,28.29,29.35,2757683
2026-07-20,601899.SH,29.95,30.33,29.13,30.21,3426670
2026-07-21,601899.SH,30.81,32.79,30.81,32.2,5261658
2026-07-22,601899.SH,32.52,33.68,31.92,33.06,4394476
2026-07-23,601899.SH,31.74,32.09,30.97,31.51,4010393
2026-07-26,601899.SH,32.45,32.45,31.13,31.77,2316589
2026-07-27,601899.SH,31.2,31.8,31.03,31.69,1870630
2026-07-28,601899.SH,31.94,32.29,31.18,32.15,2156163
2026-07-29,601899.SH,32.63,33.18,32.01,32.7,2842980
2026-07-30,601899.SH,32.38,33.48,32.27,32.95,2842479
2026-08-02,601899.SH,32.7,32.94,31.69,32.55,2195419
2026-08-03,601899.SH,32.45,32.85,31.85,32.12,2066598
2026-08-04,601899.SH,32.39,34.22,32.38,34.1,4306669
2026-08-05,601899.SH,35.38,35.8,34.15,34.5,4026674
2026-08-06,601899.SH,34.09,35.34,34.06,35.15,2747124
2026-08-09,601899.SH,35.18,35.6,34.71,35.45,2736505
2026-08-10,601899.SH,35.66,35.77,33.11,33.18,4475415
2026-08-11,601899.SH,33.19,34.08,33.18,33.58,2044842
2026-08-12,601899.SH,33.58,33.84,32.11,32.21,3309070
2026-08-13,601899.SH,31.8,32.66,31.75,32.53,1943765
2026-08-16,601899.SH,33.33,33.65,33.01,33.36,1971968
2026-08-17,601899.SH,33.36,33.58,32.87,33.56,1845214
2026-08-18,601899.SH,32.5,33.28,32.35,32.76,1898576
2026-08-19,601899.SH,34,35.08,33.87,34.25,4115787
2026-08-20,601899.SH,34.25,34.87,33.6,34.74,3007017
2026-08-23,601899.SH,35.4,35.47,34.16,34.54,3376482
2026-08-24,601899.SH,34.7,34.7,33.4,33.68,2515654
2026-08-25,601899.SH,33.7,35.35,33.7,34.47,3142352
2026-08-26,601899.SH,33.8,34.86,33.79,34.57,2314388
2026-08-27,601899.SH,34.5,34.67,33.7,34.65,1997115
2026-08-30,601899.SH,33,33.75,32.6,33.67,2966399
2026-08-31,601899.SH,33.67,34.19,33.49,33.73,1591142
2026-09-01,601899.SH,32.89,33.23,32.19,32.95,2372155
2026-09-02,601899.SH,33.25,33.66,32.95,33.31,1695898
2026-09-03,601899.SH,33.85,34.05,33.07,33.35,1769341
2026-09-06,601899.SH,32.7,33.22,32.61,32.87,1495597
2026-09-07,601899.SH,33.44,34.14,33.24,33.86,2502415
2026-09-08,601899.SH,33.87,34.53,33.49,34.4,1990935
2026-09-09,601899.SH,34.08,34.39,33.97,34.11,998200
2026-09-10,601899.SH,32.5,32.68,31.45,32.26,3799017
2026-09-13,601899.SH,31.78,32.49,31.7,32.25,1548053
2026-09-14,601899.SH,32.06,32.2,31.53,31.68,1302033
2026-09-15,601899.SH,31.77,32.47,31.16,32.17,1896368
2026-09-16,601899.SH,31.8,32,30.51,30.9,3075905
2026-09-17,601899.SH,31.5,31.72,31.16,31.41,1770975
2026-09-20,601899.SH,31.48,31.7,31.07,31.3,1132466
2026-09-21,601899.SH,31.39,31.75,31.18,31.41,1326999
2026-09-22,601899.SH,31.65,31.77,31.32,31.41,1029596
2026-09-23,601899.SH,30.99,31.02,29.99,30.01,2145140
2026-09-27,601899.SH,29.6,29.69,29.05,29.42,1665027
2026-09-28,601899.SH,29.01,29.62,29.01,29.46,1114297
2026-09-29,601899.SH,29.5,29.94,29.46,29.79,982198
2022-08-15,600900.SH,24.03,24.25,23.84,23.9,334412
2022-08-16,600900.SH,23.87,23.87,23.38,23.56,563318
2022-08-17,600900.SH,23.48,23.64,23.38,23.4,280852
2022-08-18,600900.SH,23.24,23.62,23.13,23.59,383746
2022-08-21,600900.SH,23.46,23.79,23.43,23.48,308109
2022-08-22,600900.SH,23.45,23.48,23.21,23.23,376747
2022-08-23,600900.SH,23.23,23.42,23.15,23.16,276685
2022-08-24,600900.SH,23.21,23.65,23.21,23.59,281824
2022-08-25,600900.SH,23.58,23.58,23.27,23.39,279533
2022-08-28,600900.SH,23.25,23.45,23.15,23.3,266743
2022-08-29,600900.SH,23.3,23.37,23.12,23.28,230440
2022-08-30,600900.SH,23.33,23.98,23.28,23.98,810053
2022-08-31,600900.SH,23.73,24.08,23.62,23.91,377806
2022-09-01,600900.SH,23.9,24.17,23.73,23.82,291597
2022-09-04,600900.SH,23.71,23.9,23.51,23.82,311539
2022-09-05,600900.SH,23.85,23.98,23.73,23.75,343371
2022-09-06,600900.SH,23.6,23.64,23.42,23.57,423952
2022-09-07,600900.SH,23.62,23.85,23.53,23.65,259446
2022-09-08,600900.SH,23.75,24.06,23.66,23.91,354353
2022-09-12,600900.SH,23.85,23.91,23.66,23.79,273346
2022-09-13,600900.SH,23.7,23.93,23.64,23.7,218759
2022-09-14,600900.SH,23.72,23.98,23.61,23.72,405831
2022-09-15,600900.SH,23.73,23.84,23.46,23.46,398815
2022-09-18,600900.SH,23.53,23.63,23.41,23.48,281287
2022-09-19,600900.SH,23.48,23.54,23.4,23.42,235486
2022-09-20,600900.SH,23.42,23.58,23.32,23.43,249728
2022-09-21,600900.SH,23.37,23.5,23.26,23.42,233920
2022-09-22,600900.SH,23.29,23.51,23.29,23.33,275063
2022-09-25,600900.SH,23.28,23.42,23.05,23.05,402686
2022-09-26,600900.SH,23.02,23.06,22.53,22.7,604007
2022-09-27,600900.SH,22.68,22.69,22.38,22.46,624738
2022-09-28,600900.SH,22.43,22.68,22.19,22.4,554384
2022-09-29,600900.SH,22.4,22.85,22.28,22.74,423325
2022-10-09,600900.SH,22.99,23.44,22.9,23.36,644091
2022-10-10,600900.SH,23.32,23.47,23.22,23.42,372522
2022-10-11,600900.SH,23.4,23.49,23,23.21,449075
2022-10-12,600900.SH,22.92,23.24,22.56,23.04,565025
2022-10-13,600900.SH,23.03,23.2,22.85,22.96,363852
2022-10-16,600900.SH,23.04,23.04,22.76,22.76,291535
2022-10-17,600900.SH,22.76,22.91,22.51,22.55,415319
2022-10-18,600900.SH,22.52,22.65,22.34,22.37,338770
2022-10-19,600900.SH,22.33,22.49,22.24,22.34,368155
2022-10-20,600900.SH,22.29,22.6,22.21,22.41,610416
2022-10-23,600900.SH,22.39,22.59,21.71,21.83,718728
2022-10-24,600900.SH,22,22.3,21.91,22.01,513415
2022-10-26,600900.SH,22.02,22.19,20.88,20.99,1075023
2022-10-27,600900.SH,20.99,21.25,20.59,20.68,996987
2022-10-30,600900.SH,20.29,20.7,20.01,20.26,983390
2022-10-31,600900.SH,20.25,20.41,19.96,20.32,961429
2022-11-01,600900.SH,20.3,20.52,20.05,20.46,761920
2022-11-02,600900.SH,20.35,20.37,19.89,19.98,746452
2022-11-03,600900.SH,19.86,20.27,19.75,20.14,848833
2022-11-06,600900.SH,20.05,20.23,19.97,20.14,694658
2022-11-07,600900.SH,20.17,20.34,19.95,20.05,788151
2022-11-08,600900.SH,20.07,20.2,20.05,20.12,483287
2022-11-09,600900.SH,20.13,20.15,19.89,20,423338
2022-11-10,600900.SH,20.25,20.55,20.03,20.45,977162
2022-11-13,600900.SH,20.54,20.6,20.1,20.17,735755
2022-11-14,600900.SH,20.17,21.21,20.06,21.01,1013531
2022-11-15,600900.SH,20.9,21.17,20.81,21.05,551945
2022-11-16,600900.SH,20.98,21.28,20.9,21.26,500393
2022-11-17,600900.SH,21.28,21.38,20.96,21.05,316918
2022-11-20,600900.SH,20.98,21.15,20.71,21.09,244795
2022-11-21,600900.SH,21.09,21.4,20.93,21.35,397721
2022-11-22,600900.SH,21.3,21.69,21.28,21.36,425624
2022-11-23,600900.SH,21.5,21.68,21.36,21.38,240667
2022-11-24,600900.SH,21.34,21.84,21.31,21.81,328681
2022-11-27,600900.SH,21.55,21.7,21.22,21.5,427665
2022-11-28,600900.SH,21.6,21.6,21.25,21.37,633945
2022-11-29,600900.SH,21.3,21.45,21.22,21.22,541587
2022-11-30,600900.SH,21.32,21.43,21.19,21.21,499774
2022-12-01,600900.SH,21.16,21.42,21.16,21.37,369816
2022-12-04,600900.SH,21.42,21.65,21.32,21.55,498753
2022-12-05,600900.SH,21.45,21.5,21.25,21.27,362754
2022-12-06,600900.SH,21.32,21.35,20.82,20.92,622812
2022-12-07,600900.SH,20.87,21.05,20.7,20.9,437712
2022-12-08,600900.SH,20.89,21,20.81,20.92,447920
2022-12-11,600900.SH,20.86,21,20.59,20.68,345922
2022-12-12,600900.SH,20.68,20.75,20.44,20.64,334095
2022-12-13,600900.SH,20.63,20.73,20.46,20.65,344511
2022-12-14,600900.SH,20.56,20.71,20.45,20.52,382256
2022-12-15,600900.SH,20.51,20.86,20.47,20.86,399036
2022-12-18,600900.SH,20.76,20.9,20.35,20.45,462474
2022-12-19,600900.SH,20.45,20.6,20.31,20.38,313328
2022-12-20,600900.SH,20.42,20.54,20.3,20.46,275175
2022-12-21,600900.SH,20.57,20.68,20.26,20.36,360909
2022-12-22,600900.SH,20.31,20.46,20.23,20.41,355906
2022-12-25,600900.SH,20.42,20.5,20.33,20.37,292021
2022-12-26,600900.SH,20.47,20.6,20.4,20.54,383369
2022-12-27,600900.SH,20.48,20.72,20.46,20.67,503172
2022-12-28,600900.SH,20.9,21.07,20.53,20.8,539964
2022-12-29,600900.SH,20.78,21.05,20.71,21,459205
2023-01-02,600900.SH,20.95,21.07,20.8,20.91,367992
2023-01-03,600900.SH,20.98,20.98,20.76,20.83,273466
2023-01-04,600900.SH,20.9,20.97,20.71,20.77,439916
2023-01-05,600900.SH,20.76,20.91,20.57,20.89,488491
2023-01-08,600900.SH,20.94,20.95,20.7,20.78,351344
2023-01-09,600900.SH,20.72,20.85,20.6,20.63,408130
2023-01-10,600900.SH,20.78,21.12,20.77,20.82,645293
2023-01-11,600900.SH,20.85,20.9,20.66,20.68,477778
2023-01-12,600900.SH,20.7,20.99,20.65,20.93,515295
2023-01-15,600900.SH,20.92,21.1,20.85,20.97,605451
2023-01-16,600900.SH,20.92,21.05,20.67,20.68,677008
2023-01-17,600900.SH,20.73,20.82,20.66,20.7,422534
2023-01-18,600900.SH,20.7,20.7,20.39,20.42,806677
2023-01-19,600900.SH,20.53,21.03,20.45,21.03,1232714
2023-01-29,600900.SH,21.12,21.16,20.9,20.91,658505
2023-01-30,600900.SH,20.56,20.9,20.56,20.79,671789
2023-01-31,600900.SH,20.85,20.88,20.61,20.79,514270
2023-02-01,600900.SH,20.8,21.02,20.65,20.95,588708
2023-02-02,600900.SH,20.86,20.97,20.78,20.92,452387
2023-02-05,600900.SH,20.82,21.01,20.74,20.98,385571
2023-02-06,600900.SH,21.01,21.38,20.99,21.3,628512
2023-02-07,600900.SH,21.3,21.47,21.27,21.37,388672
2023-02-08,600900.SH,21.37,21.49,21.26,21.29,369751
2023-02-09,600900.SH,21.3,21.33,21.09,21.21,285847
2023-02-12,600900.SH,21.14,21.22,21.04,21.11,335157
2023-02-13,600900.SH,21.12,21.2,21.05,21.16,255681
2023-02-14,600900.SH,21.15,21.21,20.96,21.05,346349
2023-02-15,600900.SH,21.02,21.15,20.82,20.95,497908
2023-02-16,600900.SH,20.94,21.06,20.73,20.76,449435
2023-02-19,600900.SH,20.73,21.24,20.73,21.18,512606
2023-02-20,600900.SH,21.18,21.32,21.12,21.27,369788
2023-02-21,600900.SH,21.27,21.33,21.14,21.14,243146
2023-02-22,600900.SH,21.16,21.22,21.05,21.09,356057
2023-02-23,600900.SH,21.04,21.13,21,21.02,416001
2023-02-26,600900.SH,20.97,21.13,20.9,20.95,306550
2023-02-27,600900.SH,21,21.2,20.94,21.16,370092
2023-02-28,600900.SH,21.15,21.45,21.12,21.25,700934
2023-03-01,600900.SH,21.16,21.27,21.05,21.24,568608
2023-03-02,600900.SH,21.25,21.41,21.2,21.33,624296
2023-03-05,600900.SH,21.38,21.47,21.2,21.26,623274
2023-03-06,600900.SH,21.27,21.38,21.1,21.13,645875
2023-03-07,600900.SH,21.06,21.12,20.85,20.96,681850
2023-03-08,600900.SH,20.98,20.98,20.79,20.8,533235
2023-03-09,600900.SH,20.71,20.85,20.71,20.75,480711
2023-03-12,600900.SH,20.75,20.99,20.71,20.94,572819
2023-03-13,600900.SH,20.92,21.15,20.88,21.07,720887
2023-03-14,600900.SH,21.1,21.16,20.89,21.01,543041
2023-03-15,600900.SH,20.96,21.3,20.91,21.21,811402
2023-03-16,600900.SH,21.3,21.5,21.2,21.2,638241
2023-03-19,600900.SH,21.18,21.36,20.92,20.95,497956
2023-03-20,600900.SH,20.97,21.1,20.92,20.94,384452
2023-03-21,600900.SH,21.15,21.22,20.92,20.97,490534
2023-03-22,600900.SH,20.95,20.98,20.81,20.92,532133
2023-03-23,600900.SH,20.92,20.99,20.73,20.78,621818
2023-03-26,600900.SH,20.79,20.82,20.28,20.32,1232322
2023-03-27,600900.SH,20.38,20.38,20.02,20.18,1298541
2023-03-28,600900.SH,20.28,20.79,20.22,20.72,1762969
2023-03-29,600900.SH,20.65,21.26,20.65,21.22,1596219
2023-03-30,600900.SH,21.22,21.34,21.14,21.25,722900
2023-04-02,600900.SH,21.2,21.25,21.08,21.1,416840
2023-04-03,600900.SH,21.09,21.3,21.06,21.27,523570
2023-04-05,600900.SH,21.24,21.28,21.11,21.2,245027
2023-04-06,600900.SH,21.21,21.26,21.01,21.08,290180
2023-04-09,600900.SH,21.18,21.29,21.09,21.24,322785
2023-04-10,600900.SH,21.29,21.32,21.1,21.28,407302
2023-04-11,600900.SH,21.3,21.49,21.22,21.4,418299
2023-04-12,600900.SH,21.37,21.45,21.1,21.15,469739
2023-04-13,600900.SH,21.21,21.37,21.18,21.21,381914
2023-04-16,600900.SH,21.2,21.3,21.13,21.3,420521
2023-04-17,600900.SH,21.3,21.36,21.17,21.26,413559
2023-04-18,600900.SH,21.28,21.34,21.05,21.08,723769
2023-04-19,600900.SH,21.09,21.17,20.98,21.13,475779
2023-04-20,600900.SH,21.14,21.43,21.04,21.06,700335
2023-04-23,600900.SH,21.15,21.24,20.99,21.03,471080
2023-04-24,600900.SH,21.01,21.22,20.98,21.17,484189
2023-04-25,600900.SH,21.18,21.38,21.14,21.18,453451
2023-04-26,600900.SH,21.29,21.92,21.22,21.89,945612
2023-04-27,600900.SH,21.82,21.96,21.62,21.88,660156
2023-05-03,600900.SH,21.88,22.56,21.72,22.56,856300
2023-05-04,600900.SH,22.42,22.42,22.06,22.1,613817
2023-05-07,600900.SH,22.1,22.41,22.01,22.34,689704
2023-05-08,600900.SH,22.27,23.09,22.22,22.75,974938
2023-05-09,600900.SH,22.75,23.21,22.39,22.39,685452
2023-05-10,600900.SH,22.53,23.03,22.42,22.8,538423
2023-05-11,600900.SH,22.84,23.15,22.7,22.91,682035
2023-05-14,600900.SH,22.8,23.01,22.71,23,530323
2023-05-15,600900.SH,23,23.13,22.71,22.96,564170
2023-05-16,600900.SH,22.98,23.13,22.81,22.88,450117
2023-05-17,600900.SH,22.92,23.27,22.91,23.08,468708
2023-05-18,600900.SH,23.01,23.08,22.81,22.82,361886
2023-05-21,600900.SH,22.94,23.32,22.86,23.23,582943
2023-05-22,600900.SH,23.24,23.33,23.04,23.04,330978
2023-05-23,600900.SH,23.04,23.08,22.63,22.63,476768
2023-05-24,600900.SH,22.62,22.8,22.52,22.7,369270
2023-05-25,600900.SH,22.72,22.83,22.54,22.56,275607
2023-05-28,600900.SH,22.62,22.93,22.61,22.89,401644
2023-05-29,600900.SH,22.88,22.94,22.48,22.75,451087
2023-05-30,600900.SH,22.61,22.64,22.14,22.51,725719
2023-05-31,600900.SH,22.44,22.6,22.32,22.38,388154
2023-06-01,600900.SH,22.48,22.49,22.26,22.33,391962
2023-06-04,600900.SH,22.39,22.6,22.35,22.45,316185
2023-06-05,600900.SH,22.45,22.57,22.27,22.32,286430
2023-06-06,600900.SH,22.4,22.5,22.29,22.34,321938
2023-06-07,600900.SH,22.39,22.68,22.35,22.66,289757
2023-06-08,600900.SH,22.65,22.92,22.63,22.86,375421
2023-06-11,600900.SH,22.84,22.88,22.37,22.38,489731
2023-06-12,600900.SH,22.39,22.48,22.21,22.3,417253
2023-06-13,600900.SH,22.38,22.52,22.25,22.25,364016
2023-06-14,600900.SH,22.32,22.38,22.04,22.28,443243
2023-06-15,600900.SH,22.3,22.49,22.07,22.2,584770
2023-06-18,600900.SH,22.12,22.21,21.89,22.18,473139
2023-06-19,600900.SH,22.12,22.27,22.08,22.09,316147
2023-06-20,600900.SH,22.2,22.4,22.09,22.1,405526
2023-06-25,600900.SH,22.1,22.26,21.9,22.24,562346
2023-06-26,600900.SH,22.24,22.27,21.91,22.12,381324
2023-06-27,600900.SH,22.14,22.5,22.1,22.48,567813
2023-06-28,600900.SH,22.48,22.49,22.09,22.13,499003
2023-06-29,600900.SH,22.13,22.23,22.02,22.06,414027
2023-07-02,600900.SH,22.09,22.23,22.08,22.12,371267
2023-07-03,600900.SH,22.12,22.22,21.99,22.05,345040
2023-07-04,600900.SH,22.08,22.23,22.02,22.07,306868
2023-07-05,600900.SH,22.07,22.16,21.94,22,348556
2023-07-06,600900.SH,21.96,22.08,21.94,22,506868
2023-07-09,600900.SH,22.05,22.12,21.95,22,336732
2023-07-10,600900.SH,22.05,22.05,21.86,22,485493
2023-07-11,600900.SH,21.95,22.18,21.89,22.14,505246
2023-07-12,600900.SH,22.14,22.55,22.08,22.42,647382
2023-07-13,600900.SH,22.38,22.55,22.31,22.47,387170
2023-07-16,600900.SH,22.48,22.54,22.32,22.44,196929
2023-07-17,600900.SH,22.47,22.53,22.38,22.41,268521
2023-07-18,600900.SH,22.32,22.52,22.32,22.5,330672
2023-07-19,600900.SH,22.58,22.61,22.4,22.4,434410
2023-07-20,600900.SH,21.6,21.85,21.56,21.6,550371
2023-07-23,600900.SH,21.5,21.68,21.47,21.56,276959
2023-07-24,600900.SH,21.64,21.64,21.25,21.33,764038
2023-07-25,600900.SH,21.33,21.4,21.22,21.39,482596
2023-07-26,600900.SH,21.37,21.49,21.2,21.23,413652
2023-07-27,600900.SH,21.22,21.39,21.14,21.34,589361
2023-07-30,600900.SH,21.33,21.65,21.33,21.46,668330
2023-07-31,600900.SH,21.5,21.72,21.45,21.72,489135
2023-08-01,600900.SH,21.7,21.72,21.52,21.59,322539
2023-08-02,600900.SH,21.64,21.7,21.54,21.66,341634
2023-08-03,600900.SH,21.66,21.82,21.48,21.54,403813
2023-08-06,600900.SH,21.55,21.95,21.52,21.92,553821
2023-08-07,600900.SH,21.84,22.11,21.84,22.1,388447
2023-08-08,600900.SH,22.09,22.16,21.81,22.11,415777
2023-08-09,600900.SH,22.11,22.16,21.97,22.09,230600
2023-08-10,600900.SH,22.08,22.11,21.75,21.75,320195
2023-08-13,600900.SH,21.7,21.95,21.55,21.81,550766
2023-08-14,600900.SH,21.8,22.08,21.76,22.02,456951
2023-08-15,600900.SH,22.03,22.07,21.81,21.87,251788
2023-08-16,600900.SH,21.82,22.14,21.77,22.12,372770
2023-08-17,600900.SH,22.06,22.27,22.05,22.06,286027
2023-08-20,600900.SH,22.06,22.15,21.85,21.85,311022
2023-08-21,600900.SH,21.94,22.1,21.79,22,416034
2023-08-22,600900.SH,22.03,22.19,21.91,21.95,337487
2023-08-23,600900.SH,21.92,21.99,21.75,21.77,388035
2023-08-24,600900.SH,21.75,22.2,21.72,22.16,460902
2023-08-27,600900.SH,22.5,22.55,21.99,22.12,749760
2023-08-28,600900.SH,22.12,22.28,21.89,21.92,533862
2023-08-29,600900.SH,22,22.14,21.91,21.97,334007
2023-08-30,600900.SH,21.95,22.16,21.9,22.06,473136
2023-08-31,600900.SH,22.01,22.06,21.75,21.81,530416
2023-09-03,600900.SH,21.9,21.91,21.58,21.67,748233
2023-09-04,600900.SH,21.67,21.92,21.62,21.89,584108
2023-09-05,600900.SH,21.82,21.95,21.8,21.81,249716
2023-09-06,600900.SH,21.85,21.93,21.68,21.85,438933
2023-09-07,600900.SH,21.82,21.89,21.71,21.84,286679
2023-09-10,600900.SH,21.83,22.06,21.83,21.99,383446
2023-09-11,600900.SH,21.96,22.08,21.89,22.07,318434
2023-09-12,600900.SH,22.1,22.33,22.01,22.25,633341
2023-09-13,600900.SH,22.37,22.8,22.26,22.69,790228
2023-09-14,600900.SH,22.69,22.79,22.4,22.52,495418
2023-09-17,600900.SH,22.46,22.56,22.32,22.41,396915
2023-09-18,600900.SH,22.38,22.57,22.3,22.53,297395
2023-09-19,600900.SH,22.52,22.62,22.41,22.56,280077
2023-09-20,600900.SH,22.57,22.64,22.37,22.38,363655
2023-09-21,600900.SH,22.44,22.55,22.32,22.48,449178
2023-09-24,600900.SH,22.59,22.66,22.38,22.49,340861
2023-09-25,600900.SH,22.54,22.54,22.33,22.41,257166
2023-09-26,600900.SH,22.46,22.47,22.18,22.21,397997
2023-09-27,600900.SH,22.26,22.38,22.23,22.24,344074
2023-10-08,600900.SH,22.25,22.72,22.25,22.56,543934
2023-10-09,600900.SH,22.7,22.7,22.44,22.61,361180
2023-10-10,600900.SH,22.67,22.89,22.6,22.63,407657
2023-10-11,600900.SH,22.89,22.89,22.54,22.62,295306
2023-10-12,600900.SH,22.55,22.78,22.55,22.74,359194
2023-10-15,600900.SH,22.78,23,22.69,22.78,474980
2023-10-16,600900.SH,22.81,22.99,22.73,22.96,416973
2023-10-17,600900.SH,23.05,23.18,22.86,22.95,498013
2023-10-18,600900.SH,22.86,22.99,22.53,22.55,487666
2023-10-19,600900.SH,22.55,22.68,22.35,22.35,628851
2023-10-22,600900.SH,22.35,22.63,22.2,22.29,538436
2023-10-23,600900.SH,22.36,22.67,22.18,22.6,533077
2023-10-24,600900.SH,22.6,22.62,21.9,21.91,1005229
2023-10-25,600900.SH,21.85,22.35,21.82,22.33,666489
2023-10-26,600900.SH,22.32,22.47,22.21,22.24,548441
2023-10-29,600900.SH,22.26,22.58,22.24,22.45,728356
2023-10-30,600900.SH,22.38,22.65,22.27,22.57,637527
2023-10-31,600900.SH,22.58,22.74,22.4,22.66,590464
2023-11-01,600900.SH,22.77,22.85,22.63,22.76,434397
2023-11-02,600900.SH,22.76,22.97,22.67,22.71,547430
2023-11-05,600900.SH,22.74,22.77,22.18,22.24,1002466
2023-11-06,600900.SH,22.24,22.34,22.17,22.27,352991
2023-11-07,600900.SH,22.29,22.45,22.29,22.37,323137
2023-11-08,600900.SH,22.37,22.65,22.32,22.57,525440
2023-11-09,600900.SH,22.57,22.66,22.36,22.57,437302
2023-11-12,600900.SH,22.51,22.55,22.34,22.53,324293
2023-11-13,600900.SH,22.53,22.62,22.36,22.37,477469
2023-11-14,600900.SH,22.37,22.62,22.37,22.6,480396
2023-11-15,600900.SH,22.56,22.73,22.52,22.71,712630
2023-11-16,600900.SH,22.65,22.77,22.49,22.62,406686
2023-11-19,600900.SH,22.66,22.74,22.59,22.65,343586
2023-11-20,600900.SH,22.62,22.79,22.61,22.7,471898
2023-11-21,600900.SH,22.7,22.78,22.6,22.7,338047
2023-11-22,600900.SH,22.67,22.73,22.47,22.62,403904
2023-11-23,600900.SH,22.58,22.85,22.56,22.68,553934
2023-11-26,600900.SH,22.68,22.72,22.49,22.61,526889
2023-11-27,600900.SH,22.61,22.62,22.45,22.5,380658
2023-11-28,600900.SH,22.54,22.54,22.4,22.46,530491
2023-11-29,600900.SH,22.53,22.83,22.47,22.83,932514
2023-11-30,600900.SH,22.88,22.89,22.62,22.73,576681
2023-12-03,600900.SH,22.73,22.76,22.62,22.7,367360
2023-12-04,600900.SH,22.69,22.82,22.53,22.58,659551
2023-12-05,600900.SH,22.55,22.58,22.39,22.5,607310
2023-12-06,600900.SH,22.46,22.65,22.43,22.6,461342
2023-12-07,600900.SH,22.55,22.65,22.45,22.62,652141
2023-12-10,600900.SH,22.52,22.86,22.35,22.82,913256
2023-12-11,600900.SH,22.73,23.01,22.72,22.98,547464
2023-12-12,600900.SH,22.97,23.05,22.91,22.99,457810
2023-12-13,600900.SH,22.99,23.08,22.81,23.01,463824
2023-12-14,600900.SH,23,23.15,22.77,22.78,660779
2023-12-17,600900.SH,22.78,23.07,22.78,23.07,463203
2023-12-18,600900.SH,23.07,23.13,22.97,23.05,563288
2023-12-19,600900.SH,23.06,23.48,23.04,23.3,700385
2023-12-20,600900.SH,23.28,23.36,23.09,23.15,692877
2023-12-21,600900.SH,23.16,23.3,23.11,23.18,553688
2023-12-24,600900.SH,23.18,23.42,23.11,23.4,442480
2023-12-25,600900.SH,23.4,23.7,23.38,23.53,615197
2023-12-26,600900.SH,23.49,23.59,23.34,23.53,562785
2023-12-27,600900.SH,23.55,23.79,23.18,23.28,907283
2023-12-28,600900.SH,23.3,23.36,23.11,23.34,628469
2024-01-01,600900.SH,23.34,23.77,23.32,23.68,688803
2024-01-02,600900.SH,23.67,23.8,23.6,23.76,607525
2024-01-03,600900.SH,23.8,23.98,23.61,23.8,613423
2024-01-04,600900.SH,23.78,23.95,23.66,23.74,705631
2024-01-07,600900.SH,23.74,23.82,23.53,23.6,654394
2024-01-08,600900.SH,23.6,23.68,23.3,23.54,801505
2024-01-09,600900.SH,23.51,23.64,23.21,23.34,672430
2024-01-10,600900.SH,23.38,23.39,23.11,23.18,609199
2024-01-11,600900.SH,23.09,23.59,23.09,23.53,620056
2024-01-14,600900.SH,23.48,23.65,23.4,23.5,409877
2024-01-15,600900.SH,23.42,23.57,23.3,23.55,578343
2024-01-16,600900.SH,23.55,23.6,23.32,23.32,665091
2024-01-17,600900.SH,23.3,23.42,22.88,23.32,1227389
2024-01-18,600900.SH,23.3,23.52,23.12,23.5,944947
2024-01-21,600900.SH,23.16,23.48,23.07,23.23,1107906
2024-01-22,600900.SH,23.16,23.35,22.93,23.25,853064
2024-01-23,600900.SH,23.31,23.87,23.28,23.85,1086490
2024-01-24,600900.SH,23.86,24.1,23.71,23.94,828913
2024-01-25,600900.SH,23.85,24.19,23.81,24.13,713703
2024-01-28,600900.SH,24.09,24.5,24.06,24.27,694170
2024-01-29,600900.SH,24.26,24.36,24.01,24.1,797844
2024-01-30,600900.SH,24.08,24.46,24.03,24.4,885502
2024-01-31,600900.SH,24.3,24.44,24.15,24.15,660741
2024-02-01,600900.SH,24.22,24.52,24.15,24.28,1018175
2024-02-04,600900.SH,24.35,24.88,24.29,24.76,1149371
2024-02-05,600900.SH,24.7,25.26,24.58,24.72,1266030
2024-02-06,600900.SH,24.79,24.8,24.24,24.7,1356422
2024-02-07,600900.SH,24.61,24.74,24.4,24.64,874972
2024-02-18,600900.SH,24.58,25.29,24.5,25.2,872457
2024-02-19,600900.SH,25.18,25.72,25.11,25.54,686084
2024-02-20,600900.SH,25.52,25.7,25.39,25.39,798776
2024-02-21,600900.SH,25.5,25.68,25.36,25.55,666892
2024-02-22,600900.SH,25.5,25.74,25.32,25.69,610306
2024-02-25,600900.SH,25.49,25.54,24.93,24.95,805885
2024-02-26,600900.SH,24.91,25.04,24.82,24.93,546551
2024-02-27,600900.SH,24.82,25.44,24.59,25.3,1202233
2024-02-28,600900.SH,25.2,25.32,25,25.05,762287
2024-02-29,600900.SH,25.05,25.15,24.9,25,571129
2024-03-03,600900.SH,24.97,25.47,24.87,25.45,863299
2024-03-04,600900.SH,25.35,26,25.33,25.94,988443
2024-03-05,600900.SH,25.9,26.3,25.81,25.86,877754
2024-03-06,600900.SH,25.85,26.12,25.8,25.9,766939
2024-03-07,600900.SH,25.92,26.09,25.76,25.83,614489
2024-03-10,600900.SH,25.77,25.99,25.57,25.76,768872
2024-03-11,600900.SH,25.7,25.75,24.76,24.83,1590727
2024-03-12,600900.SH,24.83,24.93,24.51,24.89,1294034
2024-03-13,600900.SH,24.76,24.88,24.59,24.69,999132
2024-03-14,600900.SH,24.69,24.93,24.66,24.71,739470
2024-03-17,600900.SH,24.69,24.87,24.61,24.67,800083
2024-03-18,600900.SH,24.67,24.98,24.6,24.72,791305
2024-03-19,600900.SH,24.72,25.22,24.66,25,1046359
2024-03-20,600900.SH,25.05,25.1,24.92,24.94,668112
2024-03-21,600900.SH,24.93,25.09,24.77,25.01,774087
2024-03-24,600900.SH,25.09,25.1,24.94,24.98,674645
2024-03-25,600900.SH,25,25.02,24.7,24.84,768377
2024-03-26,600900.SH,24.79,25.02,24.77,24.83,726315
2024-03-27,600900.SH,24.86,25.02,24.65,24.85,815938
2024-03-28,600900.SH,24.83,24.98,24.82,24.93,593291
2024-03-31,600900.SH,24.95,24.99,24.67,24.73,878316
2024-04-01,600900.SH,24.72,24.84,24.55,24.64,928545
2024-04-02,600900.SH,24.6,24.62,24.26,24.44,1153081
2024-04-07,600900.SH,24.41,25.41,24.39,25.36,1796398
2024-04-08,600900.SH,25.2,25.37,24.99,25.15,1043433
2024-04-09,600900.SH,25.15,25.73,25.14,25.63,1123999
2024-04-10,600900.SH,25.58,25.66,25.27,25.61,689166
2024-04-11,600900.SH,25.55,25.64,25.35,25.42,627886
2024-04-14,600900.SH,25.43,25.93,25.42,25.89,785348
2024-04-15,600900.SH,25.81,26.16,25.68,25.93,834406
2024-04-16,600900.SH,25.85,26.1,25.53,25.98,817739
2024-04-17,600900.SH,25.92,26.19,25.8,25.95,848981
2024-04-18,600900.SH,25.9,26.09,25.73,26,774854
2024-04-21,600900.SH,25.93,26.19,25.81,25.86,641252
2024-04-22,600900.SH,25.84,26.05,25.6,25.77,575504
2024-04-23,600900.SH,25.9,25.94,25.67,25.77,563092
2024-04-24,600900.SH,25.75,25.85,25.56,25.68,428470
2024-04-25,600900.SH,25.61,25.86,25.55,25.57,690288
2024-04-28,600900.SH,25.57,25.66,25.3,25.48,776530
2024-04-29,600900.SH,25.4,26.02,25.36,25.79,882743
2024-05-05,600900.SH,25.79,25.79,25.43,25.47,1105890
2024-05-06,600900.SH,25.47,25.51,25.32,25.35,634828
2024-05-07,600900.SH,25.35,25.55,25.31,25.31,606272
2024-05-08,600900.SH,25.35,25.4,25.16,25.36,686815
2024-05-09,600900.SH,25.36,25.52,25.26,25.48,798088
2024-05-12,600900.SH,25.5,25.7,25.36,25.62,926474
2024-05-13,600900.SH,25.62,25.62,25.38,25.58,605062
2024-05-14,600900.SH,25.55,25.69,25.45,25.48,443842
2024-05-15,600900.SH,25.49,25.54,25.4,25.42,578414
2024-05-16,600900.SH,25.45,25.85,25.44,25.78,949507
2024-05-19,600900.SH,25.74,26.16,25.66,25.99,910148
2024-05-20,600900.SH,26.05,26.25,25.98,26.1,649325
2024-05-21,600900.SH,26.16,26.21,25.93,25.98,569502
2024-05-22,600900.SH,26.05,26.34,25.96,26.15,773126
2024-05-23,600900.SH,26.21,26.55,26.13,26.3,777151
2024-05-26,600900.SH,26.31,26.7,26.31,26.51,780009
2024-05-27,600900.SH,26.52,26.83,26.48,26.71,672593
2024-05-28,600900.SH,26.7,26.77,26.41,26.69,620520
2024-05-29,600900.SH,26.66,26.95,26.6,26.7,539805
2024-05-30,600900.SH,26.76,27.02,26.58,26.61,708189
2024-06-02,600900.SH,26.89,27.5,26.75,27.43,1148763
2024-06-03,600900.SH,27.43,27.7,27.3,27.48,792762
2024-06-04,600900.SH,27.54,28.08,27.49,27.96,887222
2024-06-05,600900.SH,27.9,28.38,27.76,28.03,1061203
2024-06-06,600900.SH,28,28.37,27.9,28.31,868116
2024-06-10,600900.SH,28.32,28.49,27.92,28.18,873338
2024-06-11,600900.SH,28.08,28.5,28,28.38,756242
2024-06-12,600900.SH,28.39,28.8,28.32,28.7,892827
2024-06-13,600900.SH,28.65,28.77,27.73,27.9,2426430
2024-06-16,600900.SH,27.75,28.06,27.59,27.89,1067303
2024-06-17,600900.SH,27.89,27.94,27.59,27.8,658936
2024-06-18,600900.SH,27.78,28.07,27.72,28.04,536591
2024-06-19,600900.SH,28.07,28.4,28.01,28.34,655689
2024-06-20,600900.SH,28.34,28.52,28.03,28.33,742965
2024-06-23,600900.SH,28.4,29,28.35,28.89,1069296
2024-06-24,600900.SH,28.87,28.92,28.3,28.65,880211
2024-06-25,600900.SH,28.69,28.87,28.38,28.65,514241
2024-06-26,600900.SH,28.6,28.95,28.58,28.82,665509
2024-06-27,600900.SH,28.82,29.03,28.58,28.92,723670
2024-06-30,600900.SH,28.92,29.65,28.92,29.48,723519
2024-07-01,600900.SH,29.47,29.56,29.24,29.48,582890
2024-07-02,600900.SH,29.41,29.52,29,29.3,732520
2024-07-03,600900.SH,29.22,29.55,29.2,29.39,661930
2024-07-04,600900.SH,29.57,29.57,28.85,29.32,1007631
2024-07-07,600900.SH,29.22,30.05,29.2,29.92,1008971
2024-07-08,600900.SH,29.91,30.33,29.81,30.31,857246
2024-07-09,600900.SH,30.28,30.42,29.87,30.1,765968
2024-07-10,600900.SH,30.13,30.2,29.7,30.19,747140
2024-07-11,600900.SH,30.16,30.3,29.8,29.88,681127
2024-07-14,600900.SH,29.79,30.5,29.66,30.43,787955
2024-07-15,600900.SH,30.5,30.87,30.25,30.8,689249
2024-07-16,600900.SH,30.75,30.95,30.56,30.8,740569
2024-07-17,600900.SH,30.75,31.44,30.72,31.36,999956
2024-07-18,600900.SH,30.5,30.72,30.28,30.58,1124175
2024-07-21,600900.SH,30.58,30.6,29.7,30.38,974276
2024-07-22,600900.SH,30.4,30.8,30.28,30.67,901448
2024-07-23,600900.SH,30.67,31.19,30.54,31.04,882811
2024-07-24,600900.SH,31.07,31.28,30.37,30.83,977369
2024-07-25,600900.SH,30.71,30.71,29.73,30.15,1149553
2024-07-28,600900.SH,29.96,30.4,29.51,30.2,751623
2024-07-29,600900.SH,30.17,30.46,29.88,30.11,606823
2024-07-30,600900.SH,30.05,30.07,29.48,29.86,944332
2024-07-31,600900.SH,29.65,30.34,29.6,30.12,684859
2024-08-01,600900.SH,30,30.32,29.8,30.24,577750
2024-08-04,600900.SH,30.09,30.2,29.85,29.9,631031
2024-08-05,600900.SH,29.9,30.09,29.3,29.46,936574
2024-08-06,600900.SH,29.37,30.05,29.37,29.75,676411
2024-08-07,600900.SH,29.75,30.01,29.62,29.78,467605
2024-08-08,600900.SH,29.71,29.79,29.37,29.54,596901
2024-08-11,600900.SH,29.56,29.71,29.12,29.18,510891
2024-08-12,600900.SH,29.28,29.38,29.06,29.26,461630
2024-08-13,600900.SH,29.29,29.85,29.03,29.55,678626
2024-08-14,600900.SH,29.54,29.97,29.4,29.8,598896
2024-08-15,600900.SH,29.82,29.88,29.53,29.62,509499
2024-08-18,600900.SH,29.59,29.86,29.57,29.73,427982
2024-08-19,600900.SH,29.76,29.84,29.43,29.65,461304
2024-08-20,600900.SH,29.66,29.79,29.23,29.75,471910
2024-08-21,600900.SH,29.7,30.3,29.69,30.24,779380
2024-08-22,600900.SH,30.27,30.32,29.8,29.91,546112
2024-08-25,600900.SH,29.91,30.05,29.48,29.82,496396
2024-08-26,600900.SH,29.76,29.9,29.58,29.8,350605
2024-08-27,600900.SH,29.79,30.1,29.7,29.82,496902
2024-08-28,600900.SH,29.84,29.87,29.26,29.36,676036
2024-08-29,600900.SH,29.25,29.58,28.71,29.38,898493
2024-09-01,600900.SH,29.03,29.81,29.02,29.71,733296
2024-09-02,600900.SH,29.65,29.79,29.05,29.11,667108
2024-09-03,600900.SH,29.11,29.34,28.91,29.15,401535
2024-09-04,600900.SH,29.16,29.28,28.92,29.12,374874
2024-09-05,600900.SH,29.1,29.48,29.07,29.1,400538
2024-09-08,600900.SH,29.23,29.43,29.06,29.35,633732
2024-09-09,600900.SH,29.31,29.49,28.95,29.15,580050
2024-09-10,600900.SH,29.15,29.15,27.65,27.8,1439497
2024-09-11,600900.SH,27.7,28.06,27.63,27.86,662191
2024-09-12,600900.SH,27.86,28.5,27.82,28.3,809732
2024-09-17,600900.SH,28.25,28.74,28.22,28.32,526236
2024-09-18,600900.SH,28.37,28.43,27.84,28.33,697997
2024-09-19,600900.SH,28.18,28.32,27.84,28.15,822952
2024-09-22,600900.SH,28.15,28.43,27.98,28.2,479050
2024-09-23,600900.SH,28.43,28.88,28.07,28.76,1064787
2024-09-24,600900.SH,28.92,29.64,28.83,28.93,1181762
2024-09-25,600900.SH,29.04,29.13,28.71,29.13,1143163
2024-09-26,600900.SH,29.23,29.23,28.06,28.99,1887037
2024-09-29,600900.SH,28.83,30.5,28.61,30.05,3960785
2024-10-07,600900.SH,32.01,32.28,28.88,29.22,4623565
2024-10-08,600900.SH,28.98,29.39,28.22,28.55,2669254
2024-10-09,600900.SH,28.6,29.83,28.59,29.18,2624284
2024-10-10,600900.SH,29.2,29.75,29,29.21,1425896
2024-10-13,600900.SH,29.22,29.55,29.1,29.35,1447014
2024-10-14,600900.SH,29.3,29.39,28.88,28.88,1171128
2024-10-15,600900.SH,28.8,29.32,28.61,28.71,1272300
2024-10-16,600900.SH,28.73,28.79,28.3,28.3,1120938
2024-10-17,600900.SH,28.32,28.67,28.03,28.43,1491816
2024-10-20,600900.SH,28.36,28.36,27.85,27.96,1396284
2024-10-21,600900.SH,27.96,28.36,27.83,28.08,1040632
2024-10-22,600900.SH,28.08,28.33,28,28.06,902801
2024-10-23,600900.SH,28.06,28.13,27.75,28,783862
2024-10-24,600900.SH,28,28.08,27.41,27.54,1507185
2024-10-27,600900.SH,27.54,27.54,27.16,27.54,1177849
2024-10-28,600900.SH,27.54,28.03,27.35,27.71,1311884
2024-10-29,600900.SH,27.72,27.89,27.45,27.71,1012599
2024-10-30,600900.SH,27.98,28.01,27.42,27.58,1219031
2024-10-31,600900.SH,27.51,28,27.39,27.98,1213608
2024-11-03,600900.SH,27.98,27.99,27.61,27.9,906010
2024-11-04,600900.SH,27.81,27.94,27.72,27.86,1309388
2024-11-05,600900.SH,27.83,27.9,27.46,27.5,1380887
2024-11-06,600900.SH,27.4,27.85,27.39,27.83,1330334
2024-11-07,600900.SH,27.84,27.96,27.53,27.62,1190235
2024-11-10,600900.SH,27.46,27.63,27.36,27.48,939962
2024-11-11,600900.SH,27.48,27.63,26.95,26.97,2017467
2024-11-12,600900.SH,26.88,27.49,26.78,27.39,1551882
2024-11-13,600900.SH,27.35,27.69,27.23,27.42,986466
2024-11-14,600900.SH,27.37,27.49,27.1,27.1,935809
2024-11-17,600900.SH,27.16,27.54,27.09,27.42,1190518
2024-11-18,600900.SH,27.4,27.5,27.17,27.37,956803
2024-11-19,600900.SH,27.37,27.75,27.21,27.62,998049
2024-11-20,600900.SH,27.56,27.7,27.54,27.67,678485
2024-11-21,600900.SH,27.67,27.78,27.26,27.26,971291
2024-11-24,600900.SH,27.39,27.59,27.03,27.13,1014088
2024-11-25,600900.SH,27.1,27.19,26.91,27,883064
2024-11-26,600900.SH,26.98,27.45,26.98,27.39,1024693
2024-11-27,600900.SH,27.37,27.48,27.17,27.43,691606
2024-11-28,600900.SH,27.44,27.7,27.3,27.32,1090264
2024-12-01,600900.SH,27.39,27.71,27.3,27.61,886299
2024-12-02,600900.SH,27.62,28.1,27.54,27.95,1343476
2024-12-03,600900.SH,27.95,28.53,27.81,28.45,1372257
2024-12-04,600900.SH,28.4,28.68,28.2,28.3,980354
2024-12-05,600900.SH,28.32,28.54,28.15,28.18,909354
2024-12-08,600900.SH,28.13,28.51,27.93,28.41,802873
2024-12-09,600900.SH,28.4,28.58,27.96,28.02,1678877
2024-12-10,600900.SH,28.1,28.22,27.97,28.17,636184
2024-12-11,600900.SH,28.15,28.48,28.13,28.4,778750
2024-12-12,600900.SH,28.44,28.88,28.34,28.72,1542858
2024-12-15,600900.SH,28.78,29.39,28.78,29.28,1434633
2024-12-16,600900.SH,29.33,29.55,29.19,29.27,1078044
2024-12-17,600900.SH,29.38,29.82,29.13,29.42,983966
2024-12-18,600900.SH,29.26,29.66,29.21,29.26,910616
2024-12-19,600900.SH,29.21,29.43,29.08,29.2,787252
2024-12-22,600900.SH,29.19,29.81,29.11,29.57,1086336
2024-12-23,600900.SH,29.47,29.85,29.36,29.81,927356
2024-12-24,600900.SH,29.82,29.93,29.67,29.79,685161
2024-12-25,600900.SH,29.79,29.83,29.29,29.32,898846
2024-12-26,600900.SH,29.3,29.63,29.17,29.61,854237
2024-12-29,600900.SH,29.61,29.83,29.34,29.41,778257
2024-12-30,600900.SH,29.4,29.77,29.36,29.55,965370
2025-01-01,600900.SH,29.51,29.73,29.08,29.2,1041220
2025-01-02,600900.SH,29.21,29.43,28.85,29,946323
2025-01-05,600900.SH,29.1,29.1,28.51,28.89,794674
2025-01-06,600900.SH,28.88,28.89,28.54,28.7,654960
2025-01-07,600900.SH,28.67,29.16,28.63,29,906309
2025-01-08,600900.SH,28.94,29.06,28.64,28.79,581771
2025-01-09,600900.SH,28.79,29.05,28.51,28.87,694910
2025-01-12,600900.SH,28.8,28.91,28.43,28.81,906278
2025-01-13,600900.SH,28.8,28.98,28.72,28.84,819857
2025-01-14,600900.SH,28.73,29.12,28.61,28.8,722793
2025-01-15,600900.SH,28.73,28.98,28.72,28.84,720602
2025-01-16,600900.SH,28.87,29.03,28.76,29.01,596372
2025-01-19,600900.SH,29.05,29.06,28.83,28.97,665424
2025-01-20,600900.SH,28.96,29.31,28.82,29.16,789413
2025-01-21,600900.SH,29.16,29.3,28.6,28.69,1073703
2025-01-22,600900.SH,28.72,28.81,28.28,28.5,1034684
2025-01-23,600900.SH,28.38,28.65,28.2,28.2,840006
2025-01-26,600900.SH,28.27,29.1,28.22,28.9,995244
2025-02-04,600900.SH,28.86,28.89,28.27,28.35,902861
2025-02-05,600900.SH,28.36,28.43,28.13,28.27,676097
2025-02-06,600900.SH,28.2,28.24,27.9,28.13,1091476
2025-02-09,600900.SH,28.05,28.16,27.9,27.91,969001
2025-02-10,600900.SH,27.98,27.98,27.7,27.9,901386
2025-02-11,600900.SH,27.85,28.03,27.77,27.99,714701
2025-02-12,600900.SH,27.92,28.23,27.83,28.17,940018
2025-02-13,600900.SH,28.17,28.5,28.05,28.21,928764
2025-02-16,600900.SH,28.06,28.17,27.62,28.17,1095807
2025-02-17,600900.SH,28.05,28.56,28.05,28.36,1083707
2025-02-18,600900.SH,28.26,28.41,28.03,28.07,832431
2025-02-19,600900.SH,28,28.12,27.86,28.04,696212
2025-02-20,600900.SH,28.04,28.04,27.71,27.8,1246882
2025-02-23,600900.SH,27.8,27.92,27.51,27.55,1294032
2025-02-24,600900.SH,27.58,27.65,27.2,27.33,973229
2025-02-25,600900.SH,27.3,27.7,27.27,27.63,889170
2025-02-26,600900.SH,27.64,27.72,27.31,27.52,991769
2025-02-27,600900.SH,27.48,27.74,27.35,27.38,1175018
2025-03-02,600900.SH,27.38,27.43,27.06,27.09,1127634
2025-03-03,600900.SH,27.09,27.2,26.98,27.15,647252
2025-03-04,600900.SH,27.14,27.6,27.01,27.48,946605
2025-03-05,600900.SH,27.41,27.48,27.15,27.22,980759
2025-03-06,600900.SH,27.21,27.37,27.13,27.26,683832
2025-03-09,600900.SH,27.27,27.28,27.03,27.1,883224
2025-03-10,600900.SH,27.04,27.29,27.03,27.19,910403
2025-03-11,600900.SH,27.16,27.19,27.01,27.12,785238
2025-03-12,600900.SH,27.1,27.35,27.09,27.25,874097
2025-03-13,600900.SH,27.29,27.55,27.23,27.45,1114140
2025-03-16,600900.SH,27.51,27.69,27.35,27.37,763522
2025-03-17,600900.SH,27.37,27.42,27.17,27.2,777193
2025-03-18,600900.SH,27.24,27.7,27.16,27.63,1318599
2025-03-19,600900.SH,27.7,27.76,27.54,27.64,601942
2025-03-20,600900.SH,27.67,27.76,27.37,27.4,741877
2025-03-23,600900.SH,27.42,27.8,27.37,27.7,991625
2025-03-24,600900.SH,27.71,28,27.56,27.93,772560
2025-03-25,600900.SH,27.93,27.99,27.61,27.83,690883
2025-03-26,600900.SH,27.75,27.86,27.62,27.77,572991
2025-03-27,600900.SH,27.76,27.9,27.64,27.85,572223
2025-03-30,600900.SH,27.92,28.11,27.75,27.81,904841
2025-03-31,600900.SH,27.85,27.94,27.66,27.9,579886
2025-04-01,600900.SH,27.9,27.96,27.71,27.83,553530
2025-04-02,600900.SH,27.71,28.44,27.71,28.4,1437982
2025-04-06,600900.SH,28.04,28.86,27.77,28.33,3258722
2025-04-07,600900.SH,28.26,29.18,28,29.05,2341190
2025-04-08,600900.SH,29.05,29.6,28.76,29.57,2198018
2025-04-09,600900.SH,29.46,29.49,28.85,29.17,1385625
2025-04-10,600900.SH,29.28,29.28,29,29.2,873321
2025-04-13,600900.SH,29.01,29.25,28.82,29.15,826375
2025-04-14,600900.SH,29.08,29.35,28.99,29.27,783080
2025-04-15,600900.SH,29.25,29.41,29.05,29.4,1007602
2025-04-16,600900.SH,29.3,29.32,29,29.21,840853
2025-04-17,600900.SH,29.1,29.6,29.06,29.58,881174
2025-04-20,600900.SH,29.5,29.7,29.3,29.31,565837
2025-04-21,600900.SH,29.32,29.82,29.23,29.33,768949
2025-04-22,600900.SH,29.28,29.38,29.08,29.2,616107
2025-04-23,600900.SH,29.2,29.55,29.16,29.46,569273
2025-04-24,600900.SH,29.48,29.73,29.3,29.52,544572
2025-04-27,600900.SH,29.52,29.92,29.41,29.72,723471
2025-04-28,600900.SH,29.72,29.77,29.35,29.46,723059
2025-04-29,600900.SH,29.55,29.57,29.32,29.5,553509
2025-05-05,600900.SH,29.65,29.65,29.13,29.18,830990
2025-05-06,600900.SH,29.28,29.38,29.06,29.35,808890
2025-05-07,600900.SH,29.28,29.48,29.22,29.31,469961
2025-05-08,600900.SH,29.3,29.77,29.28,29.55,732928
2025-05-11,600900.SH,29.46,29.69,29.31,29.54,572355
2025-05-12,600900.SH,29.42,29.74,29.36,29.74,616986
2025-05-13,600900.SH,29.73,30.1,29.67,30.08,747906
2025-05-14,600900.SH,30.06,30.36,30,30.35,715433
2025-05-15,600900.SH,30.3,30.5,29.96,30.1,637560
2025-05-18,600900.SH,30.1,30.58,30.1,30.47,561942
2025-05-19,600900.SH,30.48,30.94,30.48,30.68,605876
2025-05-20,600900.SH,30.74,30.95,30.7,30.8,535498
2025-05-21,600900.SH,30.8,31.05,30.56,31.03,537264
2025-05-22,600900.SH,30.99,31.06,30.39,30.49,854248
2025-05-25,600900.SH,30.4,30.56,30.12,30.34,626512
2025-05-26,600900.SH,30.3,30.59,30.22,30.26,567981
2025-05-27,600900.SH,30.27,30.55,30.2,30.53,537809
2025-05-28,600900.SH,30.48,30.55,30.11,30.29,669369
2025-05-29,600900.SH,30.32,30.49,30.2,30.2,644790
2025-06-02,600900.SH,30.28,30.35,29.85,30.15,783223
2025-06-03,600900.SH,30.14,30.16,29.85,29.89,595582
2025-06-04,600900.SH,29.89,29.94,29.65,29.8,551350
2025-06-05,600900.SH,29.8,30.02,29.75,29.99,546937
2025-06-08,600900.SH,29.93,30.09,29.85,29.98,680594
2025-06-09,600900.SH,29.98,30.29,29.96,30.03,663488
2025-06-10,600900.SH,30,30.28,29.98,30.18,576656
2025-06-11,600900.SH,30.16,30.33,30.02,30.19,631839
2025-06-12,600900.SH,30.19,30.66,30.18,30.62,1044234
2025-06-15,600900.SH,30.55,30.62,30.3,30.46,516554
2025-06-16,600900.SH,30.45,30.7,30.06,30.67,788986
2025-06-17,600900.SH,30.6,30.86,30.57,30.71,621721
2025-06-18,600900.SH,30.8,30.84,30.58,30.72,559306
2025-06-19,600900.SH,30.72,30.83,30.38,30.4,561603
2025-06-22,600900.SH,30.38,30.76,30.28,30.65,588009
2025-06-23,600900.SH,30.61,30.81,30.53,30.58,788400
2025-06-24,600900.SH,30.48,30.95,30.4,30.88,783707
2025-06-25,600900.SH,30.88,31.19,30.86,31.11,705649
2025-06-26,600900.SH,31.16,31.16,30.2,30.22,1474530
2025-06-29,600900.SH,30.23,30.42,30.1,30.14,755185
2025-06-30,600900.SH,30.2,30.52,30.15,30.37,594763
2025-07-01,600900.SH,30.4,30.48,30.22,30.25,571835
2025-07-02,600900.SH,30.26,30.28,29.85,30.09,936811
2025-07-03,600900.SH,30.06,30.29,30.01,30.16,679228
2025-07-06,600900.SH,30.24,30.28,30.07,30.26,508278
2025-07-07,600900.SH,30.27,30.27,29.91,29.92,1073286
2025-07-08,600900.SH,29.95,30.1,29.85,29.98,670383
2025-07-09,600900.SH,30,30.08,29.8,29.9,947643
2025-07-10,600900.SH,29.92,30.59,29.87,30.4,1642155
2025-07-13,600900.SH,30.42,30.79,30.4,30.61,771547
2025-07-14,600900.SH,30.61,30.68,30.35,30.48,562462
2025-07-15,600900.SH,30.6,30.66,30.33,30.34,386213
2025-07-16,600900.SH,30.32,30.4,30.12,30.16,614655
2025-07-17,600900.SH,29.54,29.6,29.35,29.5,601702
2025-07-20,600900.SH,29.7,29.86,29.42,29.51,778277
2025-07-21,600900.SH,29.46,29.51,29.28,29.36,943940
2025-07-22,600900.SH,29.41,29.45,29.17,29.18,1073549
2025-07-23,600900.SH,29.19,29.19,28.8,28.94,1668828
2025-07-24,600900.SH,28.86,28.98,28.75,28.75,1008791
2025-07-27,600900.SH,28.75,28.84,28.6,28.64,844451
2025-07-28,600900.SH,28.61,28.74,28.6,28.63,717720
2025-07-29,600900.SH,28.64,28.94,28.64,28.7,978280
2025-07-30,600900.SH,28.42,28.42,27.7,27.84,2579698
2025-07-31,600900.SH,27.79,28.05,27.68,27.99,981486
2025-08-03,600900.SH,27.9,28.17,27.8,28.14,823204
2025-08-04,600900.SH,28.14,28.18,27.96,28.1,787153
2025-08-05,600900.SH,28.09,28.12,27.87,27.97,1144935
2025-08-06,600900.SH,27.94,28.18,27.84,28.06,1051957
2025-08-07,600900.SH,28.06,28.08,27.86,27.86,824972
2025-08-10,600900.SH,27.86,27.88,27.51,27.69,1243551
2025-08-11,600900.SH,27.69,27.88,27.64,27.76,743184
2025-08-12,600900.SH,27.77,27.85,27.61,27.63,934257
2025-08-13,600900.SH,27.62,27.89,27.6,27.66,1017588
2025-08-14,600900.SH,27.71,27.78,27.6,27.63,1072302
2025-08-17,600900.SH,27.64,27.72,27.55,27.64,1147362
2025-08-18,600900.SH,27.65,27.78,27.61,27.63,1146024
2025-08-19,600900.SH,27.6,27.74,27.46,27.69,1022259
2025-08-20,600900.SH,27.69,27.95,27.66,27.85,1179348
2025-08-21,600900.SH,27.88,27.92,27.7,27.87,1032104
2025-08-24,600900.SH,28.04,28.55,28.03,28.35,2185666
2025-08-25,600900.SH,28.35,28.4,28.21,28.31,1130612
2025-08-26,600900.SH,28.25,28.3,27.93,27.96,1275324
2025-08-27,600900.SH,27.95,27.99,27.69,27.87,1092962
2025-08-28,600900.SH,27.9,28.16,27.85,28.09,1067298
2025-08-31,600900.SH,28.1,28.1,27.71,27.79,1246087
2025-09-01,600900.SH,27.7,28.29,27.7,28.21,1751446
2025-09-02,600900.SH,28.25,28.4,27.83,27.96,1271331
2025-09-03,600900.SH,27.94,28.3,27.71,28.23,1758481
2025-09-04,600900.SH,28.16,28.31,28,28.07,1069513
2025-09-07,600900.SH,28.02,28.22,28,28.15,900740
2025-09-08,600900.SH,28.16,28.2,27.96,28.01,761316
2025-09-09,600900.SH,28.01,28.09,27.9,28.01,598615
2025-09-10,600900.SH,28,28.11,27.92,28,1053967
2025-09-11,600900.SH,28,28.15,27.9,27.93,929728
2025-09-14,600900.SH,27.9,27.91,27.76,27.8,725657
2025-09-15,600900.SH,27.79,27.8,27.65,27.73,575129
2025-09-16,600900.SH,27.72,27.83,27.67,27.7,614927
2025-09-17,600900.SH,27.69,27.7,27.21,27.31,1448433
2025-09-18,600900.SH,27.32,27.35,27.12,27.2,734670
2025-09-21,600900.SH,27.1,27.25,27.02,27.12,696831
2025-09-22,600900.SH,27.12,27.39,27.03,27.32,872473
2025-09-23,600900.SH,27.28,27.53,27.24,27.25,874413
2025-09-24,600900.SH,27.21,27.33,27.08,27.29,634293
2025-09-25,600900.SH,27.3,27.55,27.24,27.47,794087
2025-09-28,600900.SH,27.43,27.5,27.19,27.3,927031
2025-09-29,600900.SH,27.35,27.36,27.21,27.25,618828
2025-10-08,600900.SH,27.21,27.7,27.15,27.68,1132499
2025-10-09,600900.SH,27.65,27.79,27.51,27.73,712605
2025-10-12,600900.SH,27.7,27.9,27.4,27.79,1174982
2025-10-13,600900.SH,27.74,28.01,27.55,27.99,1366699
2025-10-14,600900.SH,27.98,28.15,27.77,27.93,926323
2025-10-15,600900.SH,27.85,28.17,27.84,28.16,939735
2025-10-16,600900.SH,28.13,28.38,28.06,28.11,1147022
2025-10-19,600900.SH,28.12,28.15,27.75,28.05,914231
2025-10-20,600900.SH,28,28.1,27.85,27.91,801636
2025-10-21,600900.SH,27.89,28.08,27.85,28.04,619190
2025-10-22,600900.SH,28.04,28.27,28.04,28.23,785588
2025-10-23,600900.SH,28.21,28.29,28.08,28.19,770600
2025-10-26,600900.SH,28.14,28.56,28.02,28.3,1248426
2025-10-27,600900.SH,28.26,28.54,28.26,28.46,732636
2025-10-28,600900.SH,28.46,28.46,28.26,28.29,740543
2025-10-29,600900.SH,28.29,28.56,28.19,28.47,867174
2025-10-30,600900.SH,28.46,28.46,27.93,28.1,1184702
2025-11-02,600900.SH,28.11,28.35,28.11,28.31,613783
2025-11-03,600900.SH,28.31,28.69,28.28,28.6,1049429
2025-11-04,600900.SH,28.63,28.69,28.4,28.42,685791
2025-11-05,600900.SH,28.39,28.6,28.36,28.5,673928
2025-11-06,600900.SH,28.51,28.64,28.43,28.52,551418
2025-11-09,600900.SH,28.52,28.59,28.39,28.53,493345
2025-11-10,600900.SH,28.53,28.72,28.47,28.62,625176
2025-11-11,600900.SH,28.7,28.88,28.61,28.61,629705
2025-11-12,600900.SH,28.62,28.73,28.26,28.44,1012328
2025-11-13,600900.SH,28.44,28.71,28.34,28.34,747625
2025-11-16,600900.SH,28.37,28.43,28.03,28.16,725596
2025-11-17,600900.SH,28.16,28.34,28.08,28.15,590137
2025-11-18,600900.SH,28.15,28.33,28.11,28.23,481598
2025-11-19,600900.SH,28.18,28.32,28.05,28.14,576112
2025-11-20,600900.SH,28.17,28.27,28.07,28.16,919942
2025-11-23,600900.SH,28.18,28.2,27.92,28.19,971796
2025-11-24,600900.SH,28.19,28.2,27.83,28.03,929854
2025-11-25,600900.SH,28.03,28.12,27.9,27.94,662733
2025-11-26,600900.SH,27.93,28.14,27.78,28.09,768693
2025-11-27,600900.SH,28.01,28.07,27.95,27.98,590181
2025-11-30,600900.SH,28.05,28.15,27.99,28.07,582524
2025-12-01,600900.SH,28.03,28.27,28.02,28.26,748780
2025-12-02,600900.SH,28.25,28.36,28.21,28.27,445600
2025-12-03,600900.SH,28.3,28.32,28.17,28.24,379967
2025-12-04,600900.SH,28.24,28.24,28.02,28.07,544976
2025-12-07,600900.SH,28.07,28.1,27.86,27.87,754265
2025-12-08,600900.SH,27.93,28.04,27.9,27.97,512302
2025-12-09,600900.SH,27.93,28.07,27.85,27.89,585390
2025-12-10,600900.SH,27.92,27.94,27.75,27.86,695636
2025-12-11,600900.SH,27.85,28.05,27.81,28.04,898708
2025-12-14,600900.SH,27.99,28.15,27.96,28.04,539466
2025-12-15,600900.SH,28.06,28.08,27.82,27.97,679077
2025-12-16,600900.SH,27.93,28,27.84,27.92,592436
2025-12-17,600900.SH,27.92,28.09,27.89,28.08,464198
2025-12-18,600900.SH,28.03,28.08,27.82,27.85,799993
2025-12-21,600900.SH,27.84,27.86,27.5,27.54,1564034
2025-12-22,600900.SH,27.5,27.74,27.48,27.72,709451
2025-12-23,600900.SH,27.71,27.71,27.55,27.64,499943
2025-12-24,600900.SH,27.63,27.68,27.57,27.64,300806
2025-12-25,600900.SH,27.61,27.67,27.52,27.64,482593
2025-12-28,600900.SH,27.64,27.64,27.5,27.52,689033
2025-12-29,600900.SH,27.5,27.5,27.32,27.32,724247
2025-12-30,600900.SH,27.35,27.37,27.17,27.19,742930
2026-01-04,600900.SH,27.2,27.31,27.1,27.28,765691
2026-01-05,600900.SH,27.3,27.44,27.24,27.44,738437
2026-01-06,600900.SH,27.44,27.45,27.22,27.23,721702
2026-01-07,600900.SH,27.23,27.3,27.19,27.26,470573
2026-01-08,600900.SH,27.27,27.29,27.18,27.29,629035
2026-01-11,600900.SH,27.29,27.45,27.22,27.4,784356
2026-01-12,600900.SH,27.45,27.57,27.32,27.36,785385
2026-01-13,600900.SH,27.45,27.54,26.8,26.81,2927501
2026-01-14,600900.SH,26.98,27.01,26.77,26.82,1259274
2026-01-15,600900.SH,26.88,27.03,26.44,26.52,2388546
2026-01-18,600900.SH,26.61,26.92,26.6,26.8,1047218
2026-01-19,600900.SH,26.8,26.94,26.73,26.88,1050034
2026-01-20,600900.SH,26.89,26.9,26.55,26.58,1163282
2026-01-21,600900.SH,26.58,26.72,26.3,26.31,1807850
2026-01-22,600900.SH,26.36,26.42,25.96,26,2106915
2026-01-25,600900.SH,26.05,26.28,25.86,25.98,2028698
2026-01-26,600900.SH,25.98,26.14,25.86,25.93,1313815
2026-01-27,600900.SH,25.93,25.94,25.61,25.65,2326498
2026-01-28,600900.SH,25.65,26.2,25.38,26.03,2616230
2026-01-29,600900.SH,26.04,26.57,26.04,26.36,2238492
2026-02-01,600900.SH,26.49,26.55,26.09,26.14,1242257
2026-02-02,600900.SH,26.2,26.23,25.91,26,885438
2026-02-03,600900.SH,25.97,26.39,25.95,26.38,957052
2026-02-04,600900.SH,26.42,26.69,26.35,26.6,1032448
2026-02-05,600900.SH,26.6,26.77,26.38,26.52,725627
2026-02-08,600900.SH,26.53,26.57,26.28,26.46,678291
2026-02-09,600900.SH,26.46,26.6,26.37,26.57,559201
2026-02-10,600900.SH,26.58,26.59,26.41,26.48,533882
2026-02-11,600900.SH,26.27,26.3,26.05,26.12,737342
2026-02-12,600900.SH,26.13,26.18,25.95,26,715541
2026-02-23,600900.SH,26.13,26.16,25.98,26.05,730789
2026-02-24,600900.SH,26.08,26.2,25.95,25.97,956210
2026-02-25,600900.SH,25.98,26.09,25.93,26.04,619772
2026-02-26,600900.SH,26.05,26.18,26.02,26.04,919038
2026-03-01,600900.SH,26.12,26.65,26.12,26.57,1817729
2026-03-02,600900.SH,26.57,27.1,26.53,26.97,2145547
2026-03-03,600900.SH,26.8,27.19,26.52,27.09,1757354
2026-03-04,600900.SH,26.98,27.24,26.84,27.08,1329149
2026-03-05,600900.SH,27.06,27.15,26.98,27.14,878369
2026-03-08,600900.SH,27.16,27.63,27.09,27.2,2075028
2026-03-09,600900.SH,27.01,27.24,26.73,27.15,1192857
2026-03-10,600900.SH,27.15,27.31,26.95,27.3,897445
2026-03-11,600900.SH,27.32,27.5,27.16,27.5,1078962
2026-03-12,600900.SH,27.5,27.63,27.35,27.42,942776
2026-03-15,600900.SH,27.42,27.5,27.24,27.36,872038
2026-03-16,600900.SH,27.32,27.57,27.28,27.49,850289
2026-03-17,600900.SH,27.48,27.65,27.24,27.29,800290
2026-03-18,600900.SH,27.27,27.48,27.2,27.26,1015258
2026-03-19,600900.SH,27.26,27.39,27.02,27.18,845555
2026-03-22,600900.SH,27.07,27.26,26.66,26.74,1757271
2026-03-23,600900.SH,26.9,27.13,26.72,27.1,910767
2026-03-24,600900.SH,27.15,27.27,26.92,27.21,860545
2026-03-25,600900.SH,27.19,27.45,27.1,27.31,845014
2026-03-26,600900.SH,27.28,27.4,27.18,27.25,685517
2026-03-29,600900.SH,27.25,27.25,27.01,27.14,692781
2026-03-30,600900.SH,27.14,27.33,27.04,27.04,802589
2026-03-31,600900.SH,27.12,27.12,26.84,26.88,906082
2026-04-01,600900.SH,26.9,27.02,26.76,27.01,739849
2026-04-02,600900.SH,27,27,26.66,26.7,656277
2026-04-06,600900.SH,26.71,26.75,26.4,26.48,726272
2026-04-07,600900.SH,26.52,26.58,26.39,26.58,806200
2026-04-08,600900.SH,26.58,26.58,26.31,26.39,691285
2026-04-09,600900.SH,26.47,26.5,26.32,26.4,665589
2026-04-12,600900.SH,26.39,26.43,26.24,26.42,626264
2026-04-13,600900.SH,26.42,26.5,26.32,26.42,701166
2026-04-14,600900.SH,26.41,26.67,26.36,26.55,970566
2026-04-15,600900.SH,26.56,26.7,26.52,26.55,719586
2026-04-16,600900.SH,26.55,26.58,26.38,26.38,836067
2026-04-19,600900.SH,26.41,26.84,26.41,26.84,950418
2026-04-20,600900.SH,26.86,27.15,26.85,27.13,904432
2026-04-21,600900.SH,27.13,27.13,26.82,26.86,741609
2026-04-22,600900.SH,26.86,27.01,26.66,26.95,845908
2026-04-23,600900.SH,26.91,26.95,26.75,26.81,564464
2026-04-26,600900.SH,26.8,26.85,26.62,26.66,562599
2026-04-27,600900.SH,26.68,26.78,26.61,26.73,700608
2026-04-28,600900.SH,26.71,26.8,26.6,26.77,855961
2026-04-29,600900.SH,27.09,27.42,26.94,27.32,1914637
2026-05-05,600900.SH,27.34,27.34,27.04,27.2,1237750
2026-05-06,600900.SH,27.18,27.2,26.9,27.05,973283
2026-05-07,600900.SH,27.06,27.16,26.98,27,804423
2026-05-10,600900.SH,27.05,27.2,26.95,27.01,1030953
2026-05-11,600900.SH,27.01,27.17,26.91,27.04,1011762
2026-05-12,600900.SH,27.08,27.29,26.97,27,1396919
2026-05-13,600900.SH,26.98,27.08,26.85,26.94,1102942
2026-05-14,600900.SH,26.9,27.15,26.72,27.03,1187555
2026-05-17,600900.SH,27.04,27.18,26.81,26.89,915898
2026-05-18,600900.SH,26.89,27.35,26.77,27.25,1725646
2026-05-19,600900.SH,27.25,27.28,26.87,26.9,1284344
2026-05-20,600900.SH,26.86,26.97,26.63,26.66,1166100
2026-05-21,600900.SH,26.73,26.76,26.5,26.56,915888
2026-05-24,600900.SH,26.6,26.83,26.55,26.67,841544
2026-05-25,600900.SH,26.66,27.15,26.59,27.14,1626530
2026-05-26,600900.SH,27.06,27.33,27.01,27.24,1112715
2026-05-27,600900.SH,27.25,27.37,27.11,27.22,1146573
2026-05-28,600900.SH,27.2,27.76,27.08,27.75,2134371
2026-05-31,600900.SH,27.74,27.87,27.55,27.77,1392781
2026-06-01,600900.SH,27.82,28.15,27.62,27.96,1257574
2026-06-02,600900.SH,27.85,27.98,27.51,27.89,1143006
2026-06-03,600900.SH,27.83,27.96,27.61,27.72,874972
2026-06-04,600900.SH,27.72,28.1,27.51,27.61,1094136
2026-06-07,600900.SH,27.5,27.61,27.26,27.51,1180655
2026-06-08,600900.SH,27.51,27.7,27.39,27.63,882536
2026-06-09,600900.SH,27.6,27.82,27.43,27.69,887500
2026-06-10,600900.SH,27.69,27.95,27.6,27.89,991250
2026-06-11,600900.SH,27.77,28.29,27.67,28.28,1494245
2026-06-14,600900.SH,28.24,28.24,27.39,27.57,2076612
2026-06-15,600900.SH,27.41,27.45,27.14,27.19,1205993
2026-06-16,600900.SH,27.22,27.27,26.91,27,1034442
2026-06-17,600900.SH,26.93,26.98,26.65,26.66,1295945
2026-06-21,600900.SH,26.66,27.09,26.51,26.94,1497329
2026-06-22,600900.SH,26.93,27.25,26.86,26.87,1185655
2026-06-23,600900.SH,26.87,27,26.56,26.6,1134561
2026-06-24,600900.SH,26.5,26.58,26.2,26.22,1321876
2026-06-25,600900.SH,26.25,26.72,26.15,26.65,1282652
2026-06-28,600900.SH,26.55,26.9,26.26,26.84,1232579
2026-06-29,600900.SH,26.71,26.84,26.38,26.47,1022777
2026-06-30,600900.SH,26.44,26.72,26.36,26.64,909398
2026-07-01,600900.SH,26.79,27.09,26.55,26.95,1400553
2026-07-02,600900.SH,26.96,27.23,26.81,27.05,1028243
2026-07-05,600900.SH,26.91,27.2,26.78,27.19,924577
2026-07-06,600900.SH,27.19,27.46,27.05,27.41,1268220
2026-07-07,600900.SH,27.38,28.15,27.25,27.83,1648440
2026-07-08,600900.SH,27.7,27.85,27.53,27.77,1160399
2026-07-09,600900.SH,27.75,28.12,27.6,28.03,1470743
2026-07-12,600900.SH,27.93,28.48,27.8,28.42,2008092
2026-07-13,600900.SH,28.4,28.73,28.21,28.55,1592410
2026-07-14,600900.SH,28.4,28.77,28.25,28.68,1193609
2026-07-15,600900.SH,28.65,28.76,28.13,28.24,1461135
2026-07-16,600900.SH,27.61,28.19,27.35,27.99,2428601
2026-07-19,600900.SH,27.75,28.98,27.75,28.98,2292669
2026-07-20,600900.SH,29,29.54,28.51,28.73,2550056
2026-07-21,600900.SH,28.53,29.09,28.34,29.09,1682826
2026-07-22,600900.SH,29.09,29.17,28.66,28.94,1081553
2026-07-23,600900.SH,29.2,29.3,28.75,28.9,1021758
2026-07-26,600900.SH,29.15,29.15,28.3,28.35,1387193
2026-07-27,600900.SH,28.45,29.07,28.31,29.07,1613028
2026-07-28,600900.SH,29.5,29.57,28.7,28.93,1314441
2026-07-29,600900.SH,28.85,29.53,28.81,29.49,1930634
2026-07-30,600900.SH,28.99,29.09,28.47,29.09,1723395
2026-08-02,600900.SH,28.99,29.2,28.75,29.05,1018010
2026-08-03,600900.SH,28.89,29.02,28.18,28.3,1508985
2026-08-04,600900.SH,28.28,28.3,27.65,27.76,1620118
2026-08-05,600900.SH,27.77,27.83,27.57,27.75,1070927
2026-08-06,600900.SH,27.76,27.84,27.51,27.75,1034383
2026-08-09,600900.SH,27.68,28.21,27.57,28.05,1187473
2026-08-10,600900.SH,28.09,28.4,27.96,28.31,1091507
2026-08-11,600900.SH,28.21,28.3,27.96,28.02,688604
2026-08-12,600900.SH,27.9,28.24,27.8,28.24,766080
2026-08-13,600900.SH,28.11,28.21,27.93,28.1,735433
2026-08-16,600900.SH,28.08,28.15,27.91,27.96,753980
2026-08-17,600900.SH,27.92,28.15,27.91,28.12,715086
2026-08-18,600900.SH,28.24,28.43,28.07,28.42,1280362
2026-08-19,600900.SH,28.21,28.35,28.02,28.16,821624
2026-08-20,600900.SH,28.15,28.23,27.93,27.96,635147
2026-08-23,600900.SH,27.93,28.25,27.86,28.15,935573
2026-08-24,600900.SH,28.16,28.39,28.12,28.21,901486
2026-08-25,600900.SH,28.2,28.49,28.12,28.24,761063
2026-08-26,600900.SH,28.19,28.28,27.9,28.1,947754
2026-08-27,600900.SH,28.01,28.07,27.87,28.05,674544
2026-08-30,600900.SH,28.01,28.14,27.8,28.09,982067
2026-08-31,600900.SH,28.02,28.46,27.9,28.4,1240473
2026-09-01,600900.SH,28.49,28.85,28.35,28.72,1249553
2026-09-02,600900.SH,28.62,28.82,28.41,28.44,738115
2026-09-03,600900.SH,28.38,28.59,28.34,28.42,682603
2026-09-06,600900.SH,28.4,28.47,27.78,27.85,1597660
2026-09-07,600900.SH,27.84,27.89,27.63,27.87,918491
2026-09-08,600900.SH,27.81,28.07,27.7,28.05,700314
2026-09-09,600900.SH,28.05,28.18,27.93,28.09,615518
2026-09-10,600900.SH,28.1,28.57,27.95,28.45,1598357
2026-09-13,600900.SH,28.42,28.84,28.38,28.63,919719
2026-09-14,600900.SH,28.63,28.68,28.42,28.5,606981
2026-09-15,600900.SH,28.46,28.58,28.25,28.46,576656
2026-09-16,600900.SH,28.44,28.56,28.11,28.46,623374
2026-09-17,600900.SH,28.33,28.46,28.19,28.27,718975
2026-09-20,600900.SH,28.16,28.19,28.02,28.1,666700
2026-09-21,600900.SH,28.03,28.15,27.93,28.02,748876
2026-09-22,600900.SH,28.01,28.12,27.94,28.08,717135
2026-09-23,600900.SH,28.1,28.39,28.06,28.36,950243
2026-09-27,600900.SH,28.35,28.6,28.31,28.55,1080138
2026-09-28,600900.SH,28.5,28.65,28.35,28.38,676751
2026-09-29,600900.SH,28.39,28.68,28.33,28.54,679336
2022-08-16,601138.SH,9.46,9.65,9.43,9.65,271793
2022-08-17,601138.SH,9.62,9.64,9.48,9.61,187032
2022-08-18,601138.SH,9.52,9.74,9.48,9.52,220858
2022-08-21,601138.SH,9.43,9.55,9.36,9.52,206135
2022-08-22,601138.SH,9.48,9.48,9.36,9.44,166372
2022-08-23,601138.SH,9.42,9.46,9.3,9.37,223057
2022-08-24,601138.SH,9.32,9.38,9.22,9.31,160727
2022-08-25,601138.SH,9.36,9.5,9.32,9.36,230610
2022-08-28,601138.SH,9.26,9.38,9.21,9.24,167138
2022-08-29,601138.SH,9.27,9.3,9.17,9.2,157760
2022-08-30,601138.SH,9.18,9.34,9.16,9.29,193888
2022-08-31,601138.SH,9.22,9.31,9.22,9.22,117813
2022-09-01,601138.SH,9.22,9.49,9.21,9.31,209252
2022-09-04,601138.SH,9.3,9.35,9.2,9.33,137115
2022-09-05,601138.SH,9.31,9.47,9.31,9.44,232852
2022-09-06,601138.SH,9.43,9.44,9.32,9.39,175144
2022-09-07,601138.SH,9.43,9.47,9.35,9.44,202010
2022-09-08,601138.SH,9.47,9.53,9.4,9.47,230658
2022-09-12,601138.SH,9.51,9.58,9.48,9.49,246809
2022-09-13,601138.SH,9.46,9.48,9.33,9.38,215461
2022-09-14,601138.SH,9.39,9.52,9.29,9.38,320571
2022-09-15,601138.SH,9.34,9.39,9.11,9.12,241803
2022-09-18,601138.SH,9.12,9.13,8.84,8.89,295433
2022-09-19,601138.SH,8.92,8.99,8.71,8.74,263999
2022-09-20,601138.SH,8.73,8.8,8.59,8.75,168825
2022-09-21,601138.SH,8.7,8.76,8.65,8.68,127659
2022-09-22,601138.SH,8.7,8.74,8.58,8.69,140559
2022-09-25,601138.SH,8.6,8.71,8.55,8.55,168426
2022-09-26,601138.SH,8.54,8.66,8.42,8.65,166102
2022-09-27,601138.SH,8.62,8.65,8.5,8.56,152130
2022-09-28,601138.SH,8.67,8.71,8.36,8.38,184804
2022-09-29,601138.SH,8.41,8.57,8.39,8.52,177301
2022-10-09,601138.SH,8.6,8.6,8.16,8.16,300982
2022-10-10,601138.SH,8.24,8.25,8.15,8.18,150209
2022-10-11,601138.SH,8.16,8.32,8.1,8.31,184507
2022-10-12,601138.SH,8.25,8.41,8.25,8.35,128093
2022-10-13,601138.SH,8.41,8.5,8.37,8.44,133767
2022-10-16,601138.SH,8.44,8.54,8.43,8.52,113401
2022-10-17,601138.SH,8.54,8.57,8.47,8.5,101679
2022-10-18,601138.SH,8.49,8.55,8.39,8.4,96539
2022-10-19,601138.SH,8.38,8.55,8.36,8.5,147123
2022-10-20,601138.SH,8.5,8.53,8.43,8.47,97277
2022-10-23,601138.SH,8.4,8.58,8.26,8.29,220717
2022-10-24,601138.SH,8.4,8.46,8.29,8.38,256915
2022-10-25,601138.SH,8.34,8.47,8.28,8.3,220811
2022-10-26,601138.SH,8.31,8.47,8.31,8.39,299075
2022-10-27,601138.SH,8.43,8.43,8.27,8.28,181880
2022-10-30,601138.SH,7.87,8.35,7.8,8.2,356879
2022-10-31,601138.SH,8.29,8.57,8.25,8.56,404397
2022-11-01,601138.SH,8.49,8.71,8.45,8.66,261069
2022-11-02,601138.SH,8.68,8.69,8.52,8.63,142809
2022-11-03,601138.SH,8.58,8.76,8.58,8.69,199044
2022-11-06,601138.SH,8.69,8.77,8.65,8.69,138169
2022-11-07,601138.SH,8.66,8.72,8.61,8.72,133205
2022-11-08,601138.SH,8.69,8.75,8.6,8.64,129049
2022-11-09,601138.SH,8.63,8.69,8.57,8.62,128468
2022-11-10,601138.SH,8.75,8.88,8.7,8.84,268140
2022-11-13,601138.SH,8.88,9.05,8.88,8.95,276693
2022-11-14,601138.SH,8.96,9.07,8.87,9.05,207431
2022-11-15,601138.SH,9.01,9.05,8.93,8.99,160851
2022-11-16,601138.SH,8.96,9.05,8.94,9.01,114763
2022-11-17,601138.SH,9.05,9.21,8.95,8.95,194890
2022-11-20,601138.SH,8.9,9.05,8.8,9,197485
2022-11-21,601138.SH,9.06,9.18,8.96,9.1,233764
2022-11-22,601138.SH,9.11,9.12,9.02,9.05,120259
2022-11-23,601138.SH,9.05,9.1,8.91,8.96,104737
2022-11-24,601138.SH,8.95,9.08,8.95,9.05,104598
2022-11-27,601138.SH,8.9,8.94,8.73,8.76,239804
2022-11-28,601138.SH,8.83,9.13,8.81,9.11,312036
2022-11-29,601138.SH,9.12,9.16,9.06,9.15,190565
2022-11-30,601138.SH,9.21,9.3,9.15,9.19,204624
2022-12-01,601138.SH,9.17,9.26,9.12,9.14,163489
2022-12-04,601138.SH,9.29,9.33,9.18,9.28,178326
2022-12-05,601138.SH,9.22,9.47,9.18,9.44,248314
2022-12-06,601138.SH,9.46,9.52,9.36,9.42,191966
2022-12-07,601138.SH,9.41,9.48,9.35,9.42,167858
2022-12-08,601138.SH,9.4,9.48,9.36,9.46,188147
2022-12-11,601138.SH,9.43,9.51,9.39,9.46,145526
2022-12-12,601138.SH,9.48,9.52,9.38,9.45,125844
2022-12-13,601138.SH,9.48,9.5,9.36,9.42,193306
2022-12-14,601138.SH,9.42,9.5,9.41,9.46,163265
2022-12-15,601138.SH,9.41,9.5,9.4,9.5,159680
2022-12-18,601138.SH,9.52,9.52,9.32,9.37,236969
2022-12-19,601138.SH,9.32,9.54,9.28,9.29,253998
2022-12-20,601138.SH,9.29,9.38,9.26,9.35,120302
2022-12-21,601138.SH,9.47,9.48,9.26,9.29,106237
2022-12-22,601138.SH,9.26,9.32,9.13,9.18,133412
2022-12-25,601138.SH,9.22,9.26,9.13,9.16,103703
2022-12-26,601138.SH,9.22,9.34,9.18,9.21,95188
2022-12-27,601138.SH,9.23,9.31,9.16,9.17,115176
2022-12-28,601138.SH,9.18,9.18,9.04,9.07,115288
2022-12-29,601138.SH,9.11,9.32,9.1,9.18,146494
2023-01-02,601138.SH,9.14,9.38,9.04,9.31,209071
2023-01-03,601138.SH,9.39,9.43,9.31,9.35,123857
2023-01-04,601138.SH,9.45,9.5,9.35,9.49,178185
2023-01-05,601138.SH,9.48,9.48,9.37,9.38,119240
2023-01-08,601138.SH,9.48,9.55,9.42,9.51,181150
2023-01-09,601138.SH,9.49,9.49,9.37,9.4,161826
2023-01-10,601138.SH,9.45,9.46,9.35,9.36,140861
2023-01-11,601138.SH,9.4,9.42,9.25,9.32,123655
2023-01-12,601138.SH,9.35,9.43,9.29,9.43,115876
2023-01-15,601138.SH,9.44,9.57,9.4,9.5,207610
2023-01-16,601138.SH,9.52,9.55,9.46,9.52,130979
2023-01-17,601138.SH,9.53,9.6,9.49,9.53,123424
2023-01-18,601138.SH,9.49,9.56,9.45,9.53,98757
2023-01-19,601138.SH,9.55,9.62,9.49,9.53,150755
2023-01-29,601138.SH,9.67,9.74,9.56,9.64,217748
2023-01-30,601138.SH,9.7,9.72,9.51,9.51,184630
2023-01-31,601138.SH,9.54,9.59,9.46,9.58,195248
2023-02-01,601138.SH,9.6,9.62,9.5,9.55,158757
2023-02-02,601138.SH,9.5,9.52,9.32,9.36,271191
2023-02-05,601138.SH,9.31,9.4,9.26,9.33,199794
2023-02-06,601138.SH,9.38,9.38,9.24,9.27,194772
2023-02-07,601138.SH,9.3,9.39,9.25,9.26,160435
2023-02-08,601138.SH,9.24,9.46,9.2,9.45,174156
2023-02-09,601138.SH,9.42,10.1,9.42,9.78,746094
2023-02-12,601138.SH,9.72,9.73,9.57,9.66,403000
2023-02-13,601138.SH,9.64,9.8,9.62,9.7,193428
2023-02-14,601138.SH,9.71,10.17,9.61,10.05,724498
2023-02-15,601138.SH,10.08,10.22,9.82,9.89,615668
2023-02-16,601138.SH,9.87,9.93,9.69,9.71,322609
2023-02-19,601138.SH,9.71,9.92,9.64,9.91,252747
2023-02-20,601138.SH,9.88,10.03,9.79,9.88,212945
2023-02-21,601138.SH,9.81,9.85,9.64,9.75,217787
2023-02-22,601138.SH,9.83,9.83,9.67,9.7,173994
2023-02-23,601138.SH,9.66,9.75,9.61,9.62,154815
2023-02-26,601138.SH,9.58,9.67,9.5,9.52,195856
2023-02-27,601138.SH,9.61,9.77,9.49,9.6,254313
2023-02-28,601138.SH,9.61,10.15,9.61,9.96,541571
2023-03-01,601138.SH,9.97,10.41,9.96,10.34,899725
2023-03-02,601138.SH,10.28,11.37,10.11,11.37,1594713
2023-03-05,601138.SH,11.5,11.85,11.04,11.06,2678691
2023-03-06,601138.SH,11.06,11.16,10.44,10.51,1636151
2023-03-07,601138.SH,10.43,10.76,10.43,10.57,899550
2023-03-08,601138.SH,10.7,11.4,10.63,11.15,1887473
2023-03-09,601138.SH,11,11.25,10.79,10.85,959511
2023-03-12,601138.SH,10.88,11.63,10.88,11.61,1475094
2023-03-13,601138.SH,11.6,11.93,11.42,11.76,1325333
2023-03-14,601138.SH,11.96,12.34,11.77,12.07,1385755
2023-03-15,601138.SH,12,12.56,11.95,12.35,1414219
2023-03-16,601138.SH,12.55,13.59,12.55,13.59,1437647
2023-03-19,601138.SH,14.39,14.95,14.32,14.88,3247584
2023-03-20,601138.SH,14.89,14.99,14.2,14.6,2805700
2023-03-21,601138.SH,15,16.06,15,16.06,2836035
2023-03-22,601138.SH,16.69,17.3,16.44,16.99,3567149
2023-03-23,601138.SH,16.85,17.81,16.65,17.66,3034400
2023-03-26,601138.SH,17.08,17.99,16.61,17.63,3783619
2023-03-27,601138.SH,17.08,17.45,16.39,16.45,2552180
2023-03-28,601138.SH,16.7,17,14.85,16.16,3532927
2023-03-29,601138.SH,16.21,17.06,15.54,16.88,2957329
2023-03-30,601138.SH,16.7,17.48,16.41,17.22,2217192
2023-04-02,601138.SH,17.09,17.85,16.42,17.76,3398147
2023-04-03,601138.SH,17.24,17.9,17.02,17.41,2178577
2023-04-05,601138.SH,18,19,17.4,19,2603043
2023-04-06,601138.SH,18.78,18.95,17.7,18.37,1626452
2023-04-09,601138.SH,18.06,18.33,17.09,17.47,1611111
2023-04-10,601138.SH,17.64,17.75,16.91,17.35,1725069
2023-04-11,601138.SH,17.52,18.74,17.2,18.42,1823041
2023-04-12,601138.SH,18.25,18.95,17.35,17.66,1626837
2023-04-13,601138.SH,17.58,18.37,17.4,18.07,1164476
2023-04-16,601138.SH,17.99,18.24,17.39,17.93,1007602
2023-04-17,601138.SH,17.88,19.55,17.65,19.19,1841183
2023-04-18,601138.SH,19.08,19.31,17.27,17.27,2825819
2023-04-19,601138.SH,17.27,19,17.21,19,3255603
2023-04-20,601138.SH,19.5,19.87,18.19,18.79,2488269
2023-04-23,601138.SH,18.84,19.1,17.97,18.33,1657450
2023-04-24,601138.SH,18.06,18.78,17.75,18.5,1961278
2023-04-25,601138.SH,18.78,18.98,16.65,16.65,2415148
2023-04-26,601138.SH,15.9,16.84,15.83,16.1,2652764
2023-04-27,601138.SH,16.13,16.88,15.91,16.12,2195698
2023-05-03,601138.SH,15.98,16,15.13,15.38,2110000
2023-05-04,601138.SH,15.33,15.36,14.46,14.77,2095333
2023-05-07,601138.SH,14.73,14.78,14.35,14.68,1511140
2023-05-08,601138.SH,14.68,15.23,14.4,14.7,1949480
2023-05-09,601138.SH,14.7,15.04,14.37,14.6,1026619
2023-05-10,601138.SH,14.51,14.8,14.35,14.46,1093982
2023-05-11,601138.SH,14.34,14.79,14.22,14.36,801676
2023-05-14,601138.SH,14.62,15.38,14.16,15.12,2323190
2023-05-15,601138.SH,15.09,15.46,14.51,14.78,1666709
2023-05-16,601138.SH,14.85,15.85,14.82,15.55,2146967
2023-05-17,601138.SH,15.91,16.99,15.72,16.35,2868316
2023-05-18,601138.SH,16.5,17.15,16.16,16.16,1744803
2023-05-21,601138.SH,16.01,16.6,15.3,15.41,1761662
2023-05-22,601138.SH,15.38,15.63,15.15,15.23,991487
2023-05-23,601138.SH,15.14,15.29,14.53,14.82,1224922
2023-05-24,601138.SH,16,16.3,15.66,16.3,3066759
2023-05-25,601138.SH,16.33,17.29,16.16,16.79,2658723
2023-05-28,601138.SH,17.29,18.08,17.1,17.9,3029228
2023-05-29,601138.SH,17.42,18.31,16.93,18.03,2515116
2023-05-30,601138.SH,18.11,18.58,17.5,18.05,2186397
2023-05-31,601138.SH,17.6,18.21,17.53,17.92,1585823
2023-06-01,601138.SH,18.2,18.35,17.6,17.83,1071115
2023-06-04,601138.SH,18.06,19.27,17.74,18.93,2055526
2023-06-05,601138.SH,18.6,19.11,18.1,18.22,1419313
2023-06-06,601138.SH,18.2,18.5,17.83,18.03,965029
2023-06-07,601138.SH,17.9,18.08,17.52,17.85,960586
2023-06-08,601138.SH,17.85,19.64,17.63,19.64,2155132
2023-06-11,601138.SH,20.31,21.37,20.26,21.35,2500999
2023-06-12,601138.SH,21.2,22.58,20.87,22.02,2242848
2023-06-13,601138.SH,21.75,23.45,21.58,22.79,2032553
2023-06-14,601138.SH,22.6,23.8,22.48,22.64,1510106
2023-06-15,601138.SH,22.64,24.34,22.35,24.06,1989771
2023-06-18,601138.SH,24.5,26.47,23.7,26.46,2075930
2023-06-19,601138.SH,25.87,26.44,24.56,26.03,2177997
2023-06-20,601138.SH,25.5,25.5,24.1,24.5,1594267
2023-06-25,601138.SH,23.9,24.78,22.75,23.09,1946822
2023-06-26,601138.SH,23.41,23.41,22.77,23.01,1009206
2023-06-27,601138.SH,21.99,23.44,21.33,22.98,1694122
2023-06-28,601138.SH,23.01,24.35,22.9,23.8,1699548
2023-06-29,601138.SH,23.55,25.75,23.31,25.2,1949811
2023-07-02,601138.SH,25.4,25.72,23.48,24.37,1556356
2023-07-03,601138.SH,24,25.3,23.97,24.58,1108526
2023-07-04,601138.SH,24.3,24.51,23.61,23.86,959801
2023-07-05,601138.SH,23.6,24.75,23.6,23.88,975269
2023-07-06,601138.SH,23.8,24.28,22.8,23.66,1051556
2023-07-09,601138.SH,24,24.06,22.89,23.8,888598
2023-07-10,601138.SH,24,24.6,23.5,24.24,1187436
2023-07-11,601138.SH,24,24,22.41,22.53,1653803
2023-07-12,601138.SH,22.98,24.78,22.77,24.78,1557740
2023-07-13,601138.SH,25.71,27.26,25.45,27.26,2081319
2023-07-16,601138.SH,26.89,26.89,25.62,26.11,1749725
2023-07-17,601138.SH,26.08,26.65,25.07,25.53,1566161
2023-07-18,601138.SH,25.92,26.42,24.74,25.09,1270262
2023-07-19,601138.SH,24.9,24.95,22.8,23.25,2028230
2023-07-20,601138.SH,23.04,23.54,22.6,23.04,1326290
2023-07-23,601138.SH,22.79,24.53,22.79,23.66,1456211
2023-07-24,601138.SH,24.05,24.68,23.1,24,1619429
2023-07-25,601138.SH,23.5,24.18,22.21,23.25,1612811
2023-07-26,601138.SH,23.13,23.29,22.33,22.68,1422649
2023-07-27,601138.SH,22.3,22.62,21.68,22.26,1182659
2023-07-30,601138.SH,22.25,23.1,21.81,22.33,1410991
2023-07-31,601138.SH,22.2,23.15,21.53,22.67,1630855
2023-08-01,601138.SH,22.25,22.86,22.11,22.32,835974
2023-08-02,601138.SH,21.86,22.85,21.65,22.5,1184953
2023-08-03,601138.SH,22.1,24.03,21.92,23.77,1868329
2023-08-06,601138.SH,23.7,26,23.6,24.98,2299516
2023-08-07,601138.SH,24.6,24.92,23.87,24.18,1315252
2023-08-08,601138.SH,23.3,23.73,22.25,22.25,2184953
2023-08-09,601138.SH,21.99,22,20.93,21.5,2383605
2023-08-10,601138.SH,21.72,22.2,21.38,21.5,1376589
2023-08-13,601138.SH,21.09,21.61,20.7,21.4,1293396
2023-08-14,601138.SH,22.04,22.23,21.21,21.39,1571670
2023-08-15,601138.SH,21,21.4,20.69,20.89,1201353
2023-08-16,601138.SH,20.33,21.17,19.93,20.91,1347608
2023-08-17,601138.SH,20.89,21.04,20.06,20.1,1020525
2023-08-20,601138.SH,20.15,20.89,19.86,20.41,918720
2023-08-21,601138.SH,21.2,22.45,20.73,22.45,1997066
2023-08-22,601138.SH,22.17,22.22,21.06,21.34,1377277
2023-08-23,601138.SH,22.5,23.3,21.9,22.43,2016512
2023-08-24,601138.SH,21.2,21.47,20.19,20.32,1951191
2023-08-27,601138.SH,21.43,21.43,20.21,20.68,1375394
2023-08-28,601138.SH,20.55,22.14,20.28,21.59,1727641
2023-08-29,601138.SH,21.89,22.47,21.57,21.8,1336895
2023-08-30,601138.SH,21.56,22.23,21.33,21.91,1170775
2023-08-31,601138.SH,21.79,21.99,20.9,21.25,940264
2023-09-03,601138.SH,21.4,21.45,20.66,20.99,960343
2023-09-04,601138.SH,20.77,20.79,20.19,20.31,993309
2023-09-05,601138.SH,20.08,20.27,19.54,20.22,899082
2023-09-06,601138.SH,19.98,19.98,19.19,19.2,1279588
2023-09-07,601138.SH,19.01,19.22,18.44,19.08,929633
2023-09-10,601138.SH,19,20.07,18.36,19.46,1365924
2023-09-11,601138.SH,19.19,19.65,19.08,19.28,813488
2023-09-12,601138.SH,19.16,19.26,18.68,18.86,755380
2023-09-13,601138.SH,18.98,19.16,18.55,18.59,728533
2023-09-14,601138.SH,18.63,18.7,18.03,18.13,958532
2023-09-17,601138.SH,18.08,18.8,17.94,18.3,922539
2023-09-18,601138.SH,18.32,19,18.13,18.48,1082722
2023-09-19,601138.SH,18.49,18.98,18.18,18.4,1047324
2023-09-20,601138.SH,18.26,18.75,18.22,18.31,738200
2023-09-21,601138.SH,18.3,20.1,18.24,19.94,2128261
2023-09-24,601138.SH,19.76,20.04,19.23,19.29,1046753
2023-09-25,601138.SH,19.49,20.39,19.45,19.73,1267772
2023-09-26,601138.SH,19.6,20.1,19.52,19.8,830304
2023-09-27,601138.SH,20.03,20.33,19.56,19.7,734827
2023-10-08,601138.SH,19.47,19.5,18.85,19.26,1051936
2023-10-09,601138.SH,19.23,19.35,18.61,18.86,800631
2023-10-10,601138.SH,19.16,19.65,18.85,19.17,902253
2023-10-11,601138.SH,19.4,19.45,18.67,18.75,821651
2023-10-12,601138.SH,18.61,18.61,17.81,17.88,1066817
2023-10-15,601138.SH,17.89,17.89,17.3,17.42,951592
2023-10-16,601138.SH,17.52,17.58,17.2,17.28,581479
2023-10-17,601138.SH,16.6,17.13,16.1,16.92,1512938
2023-10-18,601138.SH,16.58,17.09,16.48,16.53,859459
2023-10-19,601138.SH,16.56,16.72,16.07,16.17,804678
2023-10-22,601138.SH,14.55,14.55,14.55,14.55,237865
2023-10-23,601138.SH,13.31,14.14,13.25,13.76,3189679
2023-10-24,601138.SH,13.82,13.85,13.47,13.54,1930659
2023-10-25,601138.SH,13.4,14.02,13.24,13.83,1415805
2023-10-26,601138.SH,13.83,14.19,13.66,14.07,999904
2023-10-29,601138.SH,14.07,14.76,13.93,14.6,1208231
2023-10-30,601138.SH,14.82,15.08,14.53,14.72,1521122
2023-10-31,601138.SH,14.76,14.95,14.49,14.53,716601
2023-11-01,601138.SH,14.88,14.99,14.58,14.6,825759
2023-11-02,601138.SH,14.68,14.92,14.59,14.75,780844
2023-11-05,601138.SH,14.92,15.06,14.78,14.97,984696
2023-11-06,601138.SH,14.97,15.62,14.84,15.39,1426711
2023-11-07,601138.SH,15.35,15.5,15.17,15.3,776357
2023-11-08,601138.SH,15.5,15.74,15.41,15.59,1180598
2023-11-09,601138.SH,15.4,15.79,15.33,15.41,904472
2023-11-12,601138.SH,15.65,16.75,15.65,16.11,1692022
2023-11-13,601138.SH,16.15,16.83,16.01,16.37,1239230
2023-11-14,601138.SH,16.48,16.68,16.03,16.41,1100106
2023-11-15,601138.SH,16.2,16.37,15.91,15.94,825175
2023-11-16,601138.SH,15.87,16.4,15.87,16.35,919559
2023-11-19,601138.SH,16.29,16.48,15.9,16.12,794665
2023-11-20,601138.SH,16.19,16.25,15.93,15.96,647881
2023-11-21,601138.SH,15.9,15.94,15.54,15.57,668499
2023-11-22,601138.SH,15.73,15.81,15.38,15.72,625526
2023-11-23,601138.SH,15.8,15.8,15.23,15.4,869338
2023-11-26,601138.SH,15.1,15.27,14.81,14.89,1514598
2023-11-27,601138.SH,14.77,15.19,14.77,15.15,849575
2023-11-28,601138.SH,15.15,15.19,14.91,14.95,628224
2023-11-29,601138.SH,15.08,15.23,14.74,15.1,948174
2023-11-30,601138.SH,15.05,15.23,14.86,15.15,772622
2023-12-03,601138.SH,15.21,15.22,14.77,14.78,733488
2023-12-04,601138.SH,14.75,14.85,14.11,14.15,769487
2023-12-05,601138.SH,14.14,14.41,14.12,14.25,566544
2023-12-06,601138.SH,14.38,14.47,14.14,14.33,567072
2023-12-07,601138.SH,14.36,15.76,14.3,15.76,1492915
2023-12-10,601138.SH,15.77,15.83,15.19,15.59,1573185
2023-12-11,601138.SH,15.61,15.77,14.97,15.26,1095769
2023-12-12,601138.SH,15.26,15.39,15.04,15.08,766463
2023-12-13,601138.SH,15.18,15.45,15,15,714419
2023-12-14,601138.SH,15.1,15.15,14.71,14.78,619912
2023-12-17,601138.SH,14.78,15.33,14.75,15.03,933059
2023-12-18,601138.SH,14.96,15.21,14.76,15.17,651403
2023-12-19,601138.SH,15.17,15.17,14.51,14.55,744238
2023-12-20,601138.SH,14.55,14.86,14.45,14.57,659239
2023-12-21,601138.SH,14.51,14.6,14.26,14.32,669029
2023-12-24,601138.SH,14.2,14.63,14.19,14.21,539590
2023-12-25,601138.SH,14.12,14.27,13.75,13.87,422904
2023-12-26,601138.SH,13.95,14.09,13.83,13.93,506304
2023-12-27,601138.SH,14.19,15.03,14.02,14.8,1042023
2023-12-28,601138.SH,14.8,15.42,14.72,15.12,896699
2024-01-01,601138.SH,15,15,14.03,14.2,1280166
2024-01-02,601138.SH,14.11,14.24,13.78,13.88,827288
2024-01-03,601138.SH,13.78,13.87,13.35,13.47,1031539
2024-01-04,601138.SH,13.45,13.62,13.2,13.3,633969
2024-01-07,601138.SH,13.24,13.3,13.05,13.08,582860
2024-01-08,601138.SH,13.33,13.58,13.06,13.19,886400
2024-01-09,601138.SH,13.08,13.22,12.83,12.91,691550
2024-01-10,601138.SH,12.96,13.19,12.89,13.15,736633
2024-01-11,601138.SH,13,13.11,12.82,12.86,596072
2024-01-14,601138.SH,12.8,12.93,12.63,12.72,595441
2024-01-15,601138.SH,12.64,13.03,12.64,12.91,1022357
2024-01-16,601138.SH,12.87,13.1,12.68,12.68,765428
2024-01-17,601138.SH,12.68,13.8,12.68,13.71,2220347
2024-01-18,601138.SH,13.84,14.47,13.72,14.2,1991611
2024-01-21,601138.SH,14.71,14.94,14.2,14.4,2146068
2024-01-22,601138.SH,14.05,14.8,14.02,14.5,1647231
2024-01-23,601138.SH,14.62,14.76,14.06,14.5,1416358
2024-01-24,601138.SH,14.45,15.22,14.31,15.08,1654835
2024-01-25,601138.SH,14.83,14.91,14.27,14.41,1405585
2024-01-28,601138.SH,14.22,14.41,13.49,13.59,1219277
2024-01-29,601138.SH,13.55,13.9,13.48,13.5,756191
2024-01-30,601138.SH,13.3,13.55,13.02,13.31,884640
2024-01-31,601138.SH,13.13,14.64,12.98,14.56,1798360
2024-02-01,601138.SH,14.54,14.77,13.55,13.92,1593523
2024-02-04,601138.SH,13.88,15.21,13.81,14.77,2226110
2024-02-05,601138.SH,14.3,15.89,14.3,15.53,2334671
2024-02-06,601138.SH,15.27,15.53,15.01,15.3,1737953
2024-02-07,601138.SH,15.5,16.56,15.2,15.7,1870793
2024-02-18,601138.SH,16.7,17.27,16.32,17.27,1988385
2024-02-19,601138.SH,17.9,18.99,17.61,18.49,3053232
2024-02-20,601138.SH,17.73,17.86,17.25,17.55,2485909
2024-02-21,601138.SH,18.25,18.57,17.31,18.19,2593071
2024-02-22,601138.SH,18.82,18.95,18.06,18.17,2237459
2024-02-25,601138.SH,17.6,18.01,17.51,17.67,1767651
2024-02-26,601138.SH,17.59,19.44,17.39,19.33,2863760
2024-02-27,601138.SH,19.05,19.29,18.2,18.2,2194145
2024-02-28,601138.SH,18.16,19.06,18.08,18.69,1824980
2024-02-29,601138.SH,19.05,20.46,19.05,20.02,2481166
2024-03-03,601138.SH,20.8,22.02,20.44,22.02,2681951
2024-03-04,601138.SH,21.7,24.18,21.53,22.75,3097571
2024-03-05,601138.SH,22.07,22.55,21.7,22.01,2302577
2024-03-06,601138.SH,22.47,23.21,21.86,22.61,2702907
2024-03-07,601138.SH,23.1,24.87,22.66,24.87,2857208
2024-03-10,601138.SH,23.68,26.75,23.4,25.82,3359710
2024-03-11,601138.SH,25.26,25.48,24.07,24.8,3125177
2024-03-12,601138.SH,25.54,26.98,24.09,24.35,4920400
2024-03-13,601138.SH,22.77,23.27,21.99,22.85,5506132
2024-03-14,601138.SH,22.49,23.28,22.46,23.08,3583236
2024-03-17,601138.SH,23.45,25.3,23.36,25.01,4248136
2024-03-18,601138.SH,24.4,26.11,24.13,25.51,3791375
2024-03-19,601138.SH,25.3,25.83,24.57,25.08,2989026
2024-03-20,601138.SH,25.08,25.8,24.74,24.99,2697026
2024-03-21,601138.SH,24.82,25.35,24.11,24.43,2603640
2024-03-24,601138.SH,24.85,25,23.87,23.91,2339728
2024-03-25,601138.SH,24,24.3,23,23.73,2463439
2024-03-26,601138.SH,23.37,23.67,22.36,22.41,2376320
2024-03-27,601138.SH,22.42,24.11,22.42,23.45,2756411
2024-03-28,601138.SH,23.14,23.18,22.33,22.77,1693523
2024-03-31,601138.SH,22.9,23.5,22.58,23.31,1699460
2024-04-01,601138.SH,23.24,23.68,22.72,22.9,1538554
2024-04-02,601138.SH,22.7,22.74,21.74,21.92,1768837
2024-04-07,601138.SH,21.7,22.39,21.58,22,1223888
2024-04-08,601138.SH,22.15,22.16,21.3,21.89,1372388
2024-04-09,601138.SH,21.69,21.87,20.93,21.1,1236589
2024-04-10,601138.SH,21.23,21.65,21.1,21.25,1355528
2024-04-11,601138.SH,21.8,22.92,21.71,22.26,2543958
2024-04-14,601138.SH,21.88,22.55,21.7,22.24,1492917
2024-04-15,601138.SH,21.53,22.37,21.4,21.81,1243881
2024-04-16,601138.SH,22.5,22.86,21.74,22.5,2048865
2024-04-17,601138.SH,21.86,23.49,21.32,22.9,2326484
2024-04-18,601138.SH,22.41,22.5,21.44,22.05,1885986
2024-04-21,601138.SH,20.38,21.1,19.95,20.84,1723170
2024-04-22,601138.SH,21.05,21.19,20.36,20.59,1040598
2024-04-23,601138.SH,21.02,22.59,20.92,22.24,2237521
2024-04-24,601138.SH,21.66,22.49,21.56,22.19,1199373
2024-04-25,601138.SH,23.22,24.41,23.2,24.41,3527524
2024-04-28,601138.SH,24.76,24.76,24.17,24.52,2566889
2024-04-29,601138.SH,25.3,25.3,24.45,24.5,2305375
2024-05-05,601138.SH,25,25.3,24.4,24.82,1715148
2024-05-06,601138.SH,25.2,25.99,24.67,25.38,2409142
2024-05-07,601138.SH,24.74,25.2,24.41,24.46,1411925
2024-05-08,601138.SH,24.3,24.5,23.76,24.22,1433468
2024-05-09,601138.SH,24,24.19,23.52,23.92,974638
2024-05-12,601138.SH,23.93,24.34,23.8,24,1012136
2024-05-13,601138.SH,24.4,24.49,23.46,23.8,1146807
2024-05-14,601138.SH,23.88,25,23.75,24.3,1425040
2024-05-15,601138.SH,25.73,26.42,25.41,25.58,2411610
2024-05-16,601138.SH,25.2,25.8,25.1,25.7,1387359
2024-05-19,601138.SH,25.3,26.23,25.01,26.22,1715322
2024-05-20,601138.SH,25.94,26.2,25.46,25.72,1117078
2024-05-21,601138.SH,25.69,25.86,25.19,25.43,986842
2024-05-22,601138.SH,26,26.18,24.44,25.62,1818487
2024-05-23,601138.SH,25.2,25.9,24.06,24.15,2051195
2024-05-26,601138.SH,24.6,25.32,24.51,24.86,1466062
2024-05-27,601138.SH,24.65,24.9,24.1,24.12,985647
2024-05-28,601138.SH,24.75,24.82,24.1,24.21,902703
2024-05-29,601138.SH,24,24.28,23.7,23.94,710186
2024-05-30,601138.SH,23.67,24.08,22.91,22.91,1391132
2024-06-02,601138.SH,22.91,24.14,22.9,23.87,1556125
2024-06-03,601138.SH,23.87,23.9,23.45,23.79,821074
2024-06-04,601138.SH,23.67,23.97,23.46,23.7,732816
2024-06-05,601138.SH,24.88,26.07,24.88,26.07,2979325
2024-06-06,601138.SH,25.85,26.14,23.88,24.53,2956978
2024-06-10,601138.SH,24.5,25.05,24.04,24.21,1610391
2024-06-11,601138.SH,24.55,25.48,24.31,24.37,1934349
2024-06-12,601138.SH,24.8,26.59,24.77,25.9,2381979
2024-06-13,601138.SH,26.05,27.72,25.84,27.23,2284523
2024-06-16,601138.SH,27.07,27.99,26.68,27.51,2043932
2024-06-17,601138.SH,27.53,28.91,27.53,28.62,2054130
2024-06-18,601138.SH,29.19,29.27,28.29,28.47,1422463
2024-06-19,601138.SH,28.47,29.09,28.38,28.61,1043474
2024-06-20,601138.SH,27.5,28.74,27.44,28.47,1231321
2024-06-23,601138.SH,27.8,28.47,27.32,27.55,1134130
2024-06-24,601138.SH,26.76,27.2,26.21,26.44,1317100
2024-06-25,601138.SH,27.12,27.38,26.45,27.17,1197861
2024-06-26,601138.SH,26.67,27.25,26.32,26.81,1056595
2024-06-27,601138.SH,26.7,27.78,26.69,27.4,1150061
2024-06-30,601138.SH,27.41,28.19,27,28,1005197
2024-07-01,601138.SH,27.75,27.87,27.26,27.36,901733
2024-07-02,601138.SH,27.15,27.54,26.81,27.38,740225
2024-07-03,601138.SH,27.75,27.85,27.16,27.27,790687
2024-07-04,601138.SH,27,27.22,26.36,27.08,881540
2024-07-07,601138.SH,26.87,27.43,26.81,26.96,639423
2024-07-08,601138.SH,27.1,29.18,26.75,29,1595198
2024-07-09,601138.SH,29,29.18,28.42,28.95,1025420
2024-07-10,601138.SH,29.45,29.47,27.87,28.76,1284074
2024-07-11,601138.SH,27.65,27.68,27.2,27.26,1292642
2024-07-14,601138.SH,27.15,27.32,26.67,26.96,847118
2024-07-15,601138.SH,26.96,27.6,26.36,27.46,1268270
2024-07-16,601138.SH,27.06,27.1,25.84,25.95,1360612
2024-07-17,601138.SH,24.82,25.46,24.33,25.41,1603036
2024-07-18,601138.SH,24.97,25.3,24.55,24.66,1157326
2024-07-21,601138.SH,24.49,25.03,24.22,24.91,1043013
2024-07-22,601138.SH,25.35,25.45,24.53,24.54,989088
2024-07-23,601138.SH,24.4,25.1,24.16,24.3,883936
2024-07-24,601138.SH,23.5,23.74,23,23.2,1346031
2024-07-25,601138.SH,23.2,23.66,22.95,23.5,859955
2024-07-28,601138.SH,23.4,24.09,23.17,23.8,976987
2024-07-29,601138.SH,23.49,23.6,22.63,22.85,1282949
2024-07-30,601138.SH,22.76,23.88,22.74,23.84,1503000
2024-07-31,601138.SH,24.6,24.78,23.96,23.97,1452511
2024-08-01,601138.SH,22.93,23.1,22.25,22.33,1819823
2024-08-04,601138.SH,21.1,21.52,20.28,20.42,2341599
2024-08-05,601138.SH,21.03,21.23,20.5,20.81,1429616
2024-08-06,601138.SH,20.6,20.81,20.31,20.4,1109344
2024-08-07,601138.SH,20,20.59,19.75,20.48,1312416
2024-08-08,601138.SH,20.8,21.32,20.61,20.79,1726815
2024-08-11,601138.SH,20.51,20.92,20.47,20.64,926802
2024-08-12,601138.SH,20.85,21.05,20.45,20.78,1014066
2024-08-13,601138.SH,21.2,21.9,21.03,21.38,2109498
2024-08-14,601138.SH,20.74,20.9,20.3,20.66,1264310
2024-08-15,601138.SH,21.01,21.46,20.98,21.06,1518563
2024-08-18,601138.SH,21,21.14,20.73,20.78,905047
2024-08-19,601138.SH,21.11,21.18,20.51,20.65,904180
2024-08-20,601138.SH,20.3,21.13,20.27,20.77,937099
2024-08-21,601138.SH,20.78,20.79,20.21,20.39,822236
2024-08-22,601138.SH,20.2,20.56,19.99,20.46,820164
2024-08-25,601138.SH,20.6,20.7,20,20.12,757463
2024-08-26,601138.SH,20,20.07,19.66,19.75,730994
2024-08-27,601138.SH,19.6,20.06,19.5,19.77,678861
2024-08-28,601138.SH,19,19.33,18.51,19.22,1372798
2024-08-29,601138.SH,19.08,20.75,19.07,20.47,1923256
2024-09-01,601138.SH,20.37,20.37,19.45,19.45,1313612
2024-09-02,601138.SH,19.34,19.65,19.23,19.44,822969
2024-09-03,601138.SH,18.5,18.98,18.4,18.92,1287535
2024-09-04,601138.SH,18.86,19.21,18.71,18.88,818265
2024-09-05,601138.SH,18.87,18.94,18.3,18.36,918167
2024-09-08,601138.SH,18.13,18.64,18.1,18.6,865900
2024-09-09,601138.SH,18.6,18.99,18.36,18.82,1015619
2024-09-10,601138.SH,18.72,19.08,18.65,18.78,693071
2024-09-11,601138.SH,19.39,19.64,18.8,18.84,1179950
2024-09-12,601138.SH,18.86,19.59,18.86,19.25,1596820
2024-09-17,601138.SH,19,19.1,18.57,18.75,814375
2024-09-18,601138.SH,18.87,18.97,18.45,18.85,977367
2024-09-19,601138.SH,19,19.24,18.73,18.86,903688
2024-09-22,601138.SH,18.65,19.15,18.54,18.71,770526
2024-09-23,601138.SH,18.9,20.58,18.88,20.58,2578305
2024-09-24,601138.SH,21.32,21.83,21.01,21.07,2454176
2024-09-25,601138.SH,21.11,21.69,20.86,21.66,1888155
2024-09-26,601138.SH,22.02,23,21.85,23,1406876
2024-09-29,601138.SH,24.3,25.29,23.5,25.19,2791674
2024-10-07,601138.SH,27.71,27.71,25.32,27.71,3065615
2024-10-08,601138.SH,27.7,28.3,25.67,26,2665827
2024-10-09,601138.SH,26.52,26.68,25.05,25.8,1845426
2024-10-10,601138.SH,25.4,25.92,24.12,24.59,1458644
2024-10-13,601138.SH,24.54,25.17,23.96,25.16,1413804
2024-10-14,601138.SH,25.19,25.75,24.6,24.6,1340918
2024-10-15,601138.SH,23.61,24.09,23.19,23.53,1350643
2024-10-16,601138.SH,23.77,24.22,23.61,23.71,1152798
2024-10-17,601138.SH,23.98,26.08,23.98,26.08,2428536
2024-10-20,601138.SH,26.81,26.98,25.61,26.2,2500426
2024-10-21,601138.SH,26.49,26.78,25.8,26.26,1472538
2024-10-22,601138.SH,25.79,26.05,25.25,25.61,1238150
2024-10-23,601138.SH,25.16,25.8,24.83,25.35,921488
2024-10-24,601138.SH,25.39,26.05,25.13,25.66,1066717
2024-10-27,601138.SH,25.31,25.62,24.89,25.26,1086663
2024-10-28,601138.SH,25.2,25.98,24.91,25.05,1383533
2024-10-29,601138.SH,24.9,25.64,24.54,24.84,1212944
2024-10-30,601138.SH,24.5,24.65,23.81,24.25,1867212
2024-10-31,601138.SH,23.85,24.36,23.65,23.68,1130299
2024-11-03,601138.SH,23.78,24.53,23.78,24.33,1095512
2024-11-04,601138.SH,24.34,24.99,24.05,24.75,1532383
2024-11-05,601138.SH,25,25,24.03,24.18,1565169
2024-11-06,601138.SH,23.96,24.79,23.62,24.64,1549010
2024-11-07,601138.SH,24.9,27,24.9,25.98,3313820
2024-11-10,601138.SH,25.3,27.18,25.21,27.01,3129680
2024-11-11,601138.SH,27.01,27.01,25.46,25.72,2311452
2024-11-12,601138.SH,25.47,27.14,25.1,26.47,2394372
2024-11-13,601138.SH,26.58,26.6,24.85,24.87,1850870
2024-11-14,601138.SH,24.8,25.13,23.9,23.92,1517619
2024-11-17,601138.SH,23.92,24.09,23.08,23.24,1122673
2024-11-18,601138.SH,23.45,23.88,22.92,23.72,1074776
2024-11-19,601138.SH,23.7,24.19,23.7,24,1145576
2024-11-20,601138.SH,23.6,23.79,23.21,23.43,1229154
2024-11-21,601138.SH,23.49,23.96,22.84,22.84,1211450
2024-11-24,601138.SH,22.84,22.95,21.7,22.11,1284159
2024-11-25,601138.SH,21.89,22.42,21.71,22.09,896673
2024-11-26,601138.SH,21.92,22.42,21.72,22.32,868575
2024-11-27,601138.SH,22.32,22.32,21.78,21.85,908158
2024-11-28,601138.SH,21.85,22.7,21.75,22.19,1153973
2024-12-01,601138.SH,22.07,22.75,22.07,22.56,1223315
2024-12-02,601138.SH,22.68,22.68,22.05,22.24,881292
2024-12-03,601138.SH,22.25,22.32,21.8,21.88,962608
2024-12-04,601138.SH,21.92,22.65,21.92,22.54,1467166
2024-12-05,601138.SH,22.54,22.67,22.23,22.6,1107237
2024-12-08,601138.SH,22.62,22.62,22,22.13,931284
2024-12-09,601138.SH,22.61,22.8,22.13,22.14,1299174
2024-12-10,601138.SH,22.1,22.48,22.03,22.33,937454
2024-12-11,601138.SH,22.37,22.65,22.2,22.34,909888
2024-12-12,601138.SH,22.17,22.2,21.3,21.35,1651591
2024-12-15,601138.SH,21.2,21.3,20.87,21.06,988166
2024-12-16,601138.SH,20.99,22.17,20.92,21.6,1836546
2024-12-17,601138.SH,21.62,21.7,21.18,21.41,923516
2024-12-18,601138.SH,21.2,22.37,21.11,22.19,1824622
2024-12-19,601138.SH,22.03,22.35,21.92,22.02,1249791
2024-12-22,601138.SH,22.23,22.64,22.04,22.05,1383104
2024-12-23,601138.SH,22.11,23.07,21.8,23,2100292
2024-12-24,601138.SH,23.03,23.19,22.52,22.72,1625086
2024-12-25,601138.SH,22.64,23.38,22.42,23.33,1954601
2024-12-26,601138.SH,23.16,23.2,22.55,22.61,1796131
2024-12-29,601138.SH,22.55,22.75,22.3,22.45,972770
2024-12-30,601138.SH,22.46,22.5,21.5,21.5,1344455
2025-01-01,601138.SH,21.4,21.4,20.44,20.71,1247299
2025-01-02,601138.SH,20.64,21.16,20.46,20.55,1037654
2025-01-05,601138.SH,20.79,21.05,20.41,20.67,826977
2025-01-06,601138.SH,20.81,21.27,20.63,21.25,1151917
2025-01-07,601138.SH,20.9,20.91,20.16,20.63,1160263
2025-01-08,601138.SH,20.62,20.83,20.46,20.54,761155
2025-01-09,601138.SH,20.49,20.49,19.75,19.75,1103875
2025-01-12,601138.SH,19.48,19.86,19.4,19.72,646947
2025-01-13,601138.SH,19.75,20.68,19.48,20.57,1348206
2025-01-14,601138.SH,20.5,20.5,20.09,20.14,832789
2025-01-15,601138.SH,20.35,20.99,20.2,20.84,1572690
2025-01-16,601138.SH,20.68,21,20.5,20.66,1023812
2025-01-19,601138.SH,20.91,21.09,20.69,20.77,847175
2025-01-20,601138.SH,20.96,21.6,20.75,21.21,1257723
2025-01-21,601138.SH,21.42,23.33,21.41,23.33,3995412
2025-01-22,601138.SH,23.81,24.24,23,23,4045048
2025-01-23,601138.SH,22.71,23.5,22.56,23.35,2319553
2025-01-26,601138.SH,22.55,22.59,21.39,21.45,2547188
2025-02-04,601138.SH,20.56,20.59,19.8,20,2995661
2025-02-05,601138.SH,20.31,20.57,20,20.48,2040040
2025-02-06,601138.SH,20.67,21.91,20.59,21.55,2893257
2025-02-09,601138.SH,21.66,21.78,21.43,21.72,1726219
2025-02-10,601138.SH,21.8,22.22,21.73,21.77,1533061
2025-02-11,601138.SH,21.72,22.18,21.58,22.15,1272067
2025-02-12,601138.SH,22.05,22.18,21.76,21.79,1127096
2025-02-13,601138.SH,21.81,22.63,21.81,22.1,1541399
2025-02-16,601138.SH,22.46,23.1,22.31,22.9,2100385
2025-02-17,601138.SH,22.9,23.47,22.59,22.68,2136041
2025-02-18,601138.SH,22.6,23.64,22.55,23.24,1977652
2025-02-19,601138.SH,23.05,23.11,22.58,22.62,1484933
2025-02-20,601138.SH,22.87,23.3,22.59,23.2,2026370
2025-02-23,601138.SH,23.38,23.96,22.8,23.21,2368703
2025-02-24,601138.SH,22.8,23.6,22.72,23.08,1914260
2025-02-25,601138.SH,22.99,22.99,22.34,22.77,1675795
2025-02-26,601138.SH,22.9,22.97,21.69,21.96,1935848
2025-02-27,601138.SH,21.1,21.39,20.74,21.19,1719022
2025-03-02,601138.SH,21.37,21.49,20.85,21.07,1059091
2025-03-03,601138.SH,20.39,21.04,20.3,21.04,1127277
2025-03-04,601138.SH,21.04,21.14,20.75,21.04,817677
2025-03-05,601138.SH,21.2,21.5,21.11,21.32,1397754
2025-03-06,601138.SH,21.13,21.13,20.82,20.87,1030579
2025-03-09,601138.SH,20.93,21.07,20.76,21.03,711738
2025-03-10,601138.SH,20.61,20.91,20.56,20.82,787432
2025-03-11,601138.SH,20.92,21.1,20.8,20.91,901504
2025-03-12,601138.SH,21.03,21.15,20.61,20.67,891121
2025-03-13,601138.SH,20.81,21.28,20.68,21.26,1447834
2025-03-16,601138.SH,21.6,21.77,21.39,21.52,1164673
2025-03-17,601138.SH,21.48,21.66,21.31,21.54,910808
2025-03-18,601138.SH,21.4,21.4,20.98,21.02,971972
2025-03-19,601138.SH,21.11,21.16,20.82,20.85,637325
2025-03-20,601138.SH,20.78,20.91,20.58,20.63,714499
2025-03-23,601138.SH,20.69,20.84,20.51,20.84,651469
2025-03-24,601138.SH,20.79,20.89,20.48,20.51,734633
2025-03-25,601138.SH,20.43,20.55,20.35,20.38,525207
2025-03-26,601138.SH,20.21,20.35,19.9,20.22,724600
2025-03-27,601138.SH,20.2,20.29,19.97,19.98,572141
2025-03-30,601138.SH,19.8,19.95,19.68,19.86,636444
2025-03-31,601138.SH,19.95,20.17,19.79,20.02,574777
2025-04-01,601138.SH,19.95,20.18,19.92,20,479032
2025-04-02,601138.SH,19.65,19.88,19.01,19.05,1274764
2025-04-06,601138.SH,17.15,17.15,17.15,17.15,331662
2025-04-07,601138.SH,16.29,16.64,15.44,15.44,2147404
2025-04-08,601138.SH,14.58,16.5,14.58,16.33,2189355
2025-04-09,601138.SH,17.9,17.96,17.5,17.96,2538561
2025-04-10,601138.SH,17.65,18.09,17.38,17.8,1574238
2025-04-13,601138.SH,18.4,18.67,17.83,17.92,1429056
2025-04-14,601138.SH,17.92,18.18,17.82,18.1,874022
2025-04-15,601138.SH,18,18.06,17.13,17.5,1187253
2025-04-16,601138.SH,17.22,17.65,17.2,17.4,778226
2025-04-17,601138.SH,17.4,17.65,17.35,17.56,544202
2025-04-20,601138.SH,17.55,17.85,17.39,17.81,511316
2025-04-21,601138.SH,17.7,17.83,17.58,17.78,461645
2025-04-22,601138.SH,18.19,18.53,18.12,18.24,1014516
2025-04-23,601138.SH,18.26,18.26,17.87,17.92,536401
2025-04-24,601138.SH,18.09,18.38,18.01,18.24,705304
2025-04-27,601138.SH,18.26,18.29,17.92,18,458800
2025-04-28,601138.SH,17.99,18.09,17.82,18.09,364971
2025-04-29,601138.SH,18.25,18.25,17.98,18.06,552575
2025-05-05,601138.SH,18.3,18.83,18.2,18.81,995643
2025-05-06,601138.SH,19.09,19.15,18.46,18.63,999429
2025-05-07,601138.SH,18.7,19.15,18.65,19.03,1010763
2025-05-08,601138.SH,18.91,18.95,18.65,18.69,579766
2025-05-11,601138.SH,19.11,19.36,18.91,19.27,1064011
2025-05-12,601138.SH,19.8,19.8,19.08,19.09,1045962
2025-05-13,601138.SH,19.48,20.03,19.3,19.55,1504813
2025-05-14,601138.SH,19.56,19.56,19.1,19.1,806554
2025-05-15,601138.SH,19,19.29,18.87,19.22,537079
2025-05-18,601138.SH,19.06,19.13,18.74,19.05,553254
2025-05-19,601138.SH,19.05,19.2,18.85,19.06,397482
2025-05-20,601138.SH,19.06,19.06,18.87,18.97,329366
2025-05-21,601138.SH,18.88,19.26,18.82,19.05,544319
2025-05-22,601138.SH,19.08,19.4,18.79,18.79,536671
2025-05-25,601138.SH,18.84,18.9,18.65,18.76,381887
2025-05-26,601138.SH,18.76,18.76,18.39,18.47,432192
2025-05-27,601138.SH,18.5,18.68,18.4,18.58,331845
2025-05-28,601138.SH,18.81,19.85,18.81,19.7,1769327
2025-05-29,601138.SH,19.32,19.39,18.93,18.93,935605
2025-06-02,601138.SH,18.82,18.96,18.76,18.79,497426
2025-06-03,601138.SH,18.95,19.49,18.95,19.43,1112026
2025-06-04,601138.SH,19.38,20.7,19.38,20.56,2321442
2025-06-05,601138.SH,20.5,20.5,20.25,20.31,848004
2025-06-08,601138.SH,20.52,20.65,20.21,20.43,743828
2025-06-09,601138.SH,20.45,20.46,19.96,20.16,625185
2025-06-10,601138.SH,20.25,20.75,20.23,20.4,858063
2025-06-11,601138.SH,20.25,20.9,20.23,20.66,1048122
2025-06-12,601138.SH,20.6,21.19,20.53,20.9,1043343
2025-06-15,601138.SH,20.85,21.76,20.82,21.22,1235136
2025-06-16,601138.SH,21.31,21.38,20.56,20.6,882107
2025-06-17,601138.SH,20.65,21.25,20.27,21.16,1178883
2025-06-18,601138.SH,21.1,21.56,20.74,20.81,807375
2025-06-19,601138.SH,20.91,21,20.58,20.59,500864
2025-06-22,601138.SH,20.43,20.66,19.98,20.2,784295
2025-06-23,601138.SH,20.41,20.55,20.23,20.29,711368
2025-06-24,601138.SH,20.49,21.07,20.49,20.98,1149523
2025-06-25,601138.SH,21.4,21.7,21.02,21.04,1179644
2025-06-26,601138.SH,21.04,21.65,20.72,21.35,1161620
2025-06-29,601138.SH,21.48,21.55,21.2,21.38,758585
2025-06-30,601138.SH,21.26,21.63,21,21.4,750580
2025-07-01,601138.SH,21.2,21.31,21.05,21.16,536834
2025-07-02,601138.SH,21.26,23.28,21.26,23.28,3418388
2025-07-03,601138.SH,23.31,24.35,23.28,23.81,3236055
2025-07-06,601138.SH,23.8,24.33,23.34,23.98,1648997
2025-07-07,601138.SH,24.88,26.38,24.8,26.38,2896954
2025-07-08,601138.SH,27,27.12,26.5,26.6,2653866
2025-07-09,601138.SH,26.9,26.99,25.88,26.16,1864206
2025-07-10,601138.SH,26.1,26.57,25.88,26,1439146
2025-07-13,601138.SH,26,26.22,25.4,25.92,1084306
2025-07-14,601138.SH,26.3,27.41,26.17,27.25,2763471
2025-07-15,601138.SH,26.99,27.41,26.65,26.73,1456232
2025-07-16,601138.SH,26.63,27.63,26.63,27.5,1571342
2025-07-17,601138.SH,27.49,27.99,27.06,27.11,1289587
2025-07-20,601138.SH,27,27.55,26.75,27.02,865038
2025-07-21,601138.SH,27,28.26,26.8,26.96,1418847
2025-07-22,601138.SH,26.5,26.76,26.35,26.58,1140934
2025-07-23,601138.SH,27.19,28.95,27.05,28.45,2239425
2025-07-24,601138.SH,28.45,29.15,28.41,28.66,1074339
2025-07-27,601138.SH,28.94,29.57,28.61,29.57,1522496
2025-07-28,601138.SH,29.56,31.28,29.31,31.19,1788365
2025-07-29,601138.SH,31,34.25,30.29,33.28,2068356
2025-07-30,601138.SH,33.26,35.9,33.2,34.61,3022803
2025-07-31,601138.SH,34,34.3,32.48,33,2193951
2025-08-03,601138.SH,32.4,33.1,32.21,32.97,1381801
2025-08-04,601138.SH,33.5,35.34,33.11,35.05,2445901
2025-08-05,601138.SH,34.1,34.69,33.55,34.3,1476207
2025-08-06,601138.SH,36.2,37.64,34.72,35.65,2435918
2025-08-07,601138.SH,35.73,37.55,35.06,36.59,1801252
2025-08-10,601138.SH,36.5,37.19,35.1,36.35,1929848
2025-08-11,601138.SH,36.47,39.71,36.47,39.71,2228502
2025-08-12,601138.SH,39.72,43.68,38.95,43.68,2423668
2025-08-13,601138.SH,43.96,45.78,42.98,43.22,2420015
2025-08-14,601138.SH,42.59,45.7,42.5,44.86,2306713
2025-08-17,601138.SH,44.8,45.25,41.66,44.46,2630780
2025-08-18,601138.SH,44.02,48.91,43.68,48.91,2730438
2025-08-19,601138.SH,46.5,48.96,45.8,47.91,2530587
2025-08-20,601138.SH,47.42,48.4,44.57,45.29,2316619
2025-08-21,601138.SH,44.5,47.29,44,45.83,2412630
2025-08-24,601138.SH,46.5,48.07,44.7,48,3060730
2025-08-25,601138.SH,46.88,47,45.48,45.48,2216374
2025-08-26,601138.SH,45,47.89,44.51,45.72,2603612
2025-08-27,601138.SH,44.6,49.95,44.22,48.94,3459293
2025-08-28,601138.SH,48,53.83,47.14,53.83,3430227
2025-08-31,601138.SH,53.99,56.96,52.3,55.62,2695192
2025-09-01,601138.SH,56.7,58,52.51,53.88,2723115
2025-09-02,601138.SH,53.88,55.6,51.08,54.24,2219157
2025-09-03,601138.SH,56.5,57.88,49.93,53.13,3338313
2025-09-04,601138.SH,53.3,57.2,50.6,55.83,3390913
2025-09-07,601138.SH,55,56.14,50.38,51.4,3032515
2025-09-08,601138.SH,50.4,51.5,47.5,48.79,2621774
2025-09-09,601138.SH,51.6,53.67,50.6,53.67,3460787
2025-09-10,601138.SH,55.8,59.04,54.65,59.04,2722798
2025-09-11,601138.SH,58.88,63.1,58.03,61.9,3156052
2025-09-14,601138.SH,60,61.28,58.5,59.9,1931719
2025-09-15,601138.SH,59.87,61.9,58.87,59.73,1794970
2025-09-16,601138.SH,58.9,63,57.71,61.12,2419094
2025-09-17,601138.SH,59.39,67.23,59.39,64.36,3150669
2025-09-18,601138.SH,65.64,68.63,65,66.1,2368673
2025-09-21,601138.SH,66.55,71.89,64.64,70.5,2399280
2025-09-22,601138.SH,74.72,74.72,68.5,70.87,2670327
2025-09-23,601138.SH,68.8,69.94,67.5,68.63,1963844
2025-09-24,601138.SH,67.88,69.86,66.19,68.46,1886682
2025-09-25,601138.SH,67.55,68.51,64.65,64.87,1921757
2025-09-28,601138.SH,64.85,67.5,64.85,66.58,1550358
2025-09-29,601138.SH,66.8,69.48,65.52,66.01,1653417
2025-10-08,601138.SH,67.11,70.88,67,68.45,2215437
2025-10-09,601138.SH,68.31,69.99,65.46,66.41,1842838
2025-10-12,601138.SH,61,64.63,61,63.48,1708677
2025-10-13,601138.SH,64.99,65.66,59.25,59.72,1946791
2025-10-14,601138.SH,59.72,63.9,58.5,63.38,1911663
2025-10-15,601138.SH,62,64.35,61.7,63.59,1159393
2025-10-16,601138.SH,63,63.27,59.9,60.01,1378795
2025-10-19,601138.SH,62,63.82,61.07,62.06,1450023
2025-10-20,601138.SH,62.94,68.19,62.42,68,2522878
2025-10-21,601138.SH,66.99,67,64.5,65.46,1671917
2025-10-22,601138.SH,64.8,65.02,62.7,63.99,1110253
2025-10-23,601138.SH,65.18,67.7,64.06,67.25,1790208
2025-10-26,601138.SH,69.26,73.58,69.26,72.76,2348792
2025-10-27,601138.SH,71.18,75.76,71.05,73.99,2028042
2025-10-28,601138.SH,78.12,81.39,77.9,80.8,1991939
2025-10-29,601138.SH,80,83.88,77.7,77.97,2408910
2025-10-30,601138.SH,77.95,78.67,71.5,72,2462987
2025-11-02,601138.SH,70.36,76,70.21,74.89,2143326
2025-11-03,601138.SH,74.77,75.2,72.47,73.49,1312358
2025-11-04,601138.SH,70.31,75.8,69.87,75.24,1672507
2025-11-05,601138.SH,75.24,76.7,74.1,76.22,1724829
2025-11-06,601138.SH,74.07,74.5,71.63,72.7,1585420
2025-11-09,601138.SH,72,72.21,68,71.5,2122826
2025-11-10,601138.SH,72,72.06,68,68.03,1409353
2025-11-11,601138.SH,66.45,69.55,65.66,68.6,1369682
2025-11-12,601138.SH,67.58,68.87,66.19,67.99,1216656
2025-11-13,601138.SH,65.8,66.49,64.26,64.27,1550452
2025-11-16,601138.SH,64.39,66.49,64.32,64.94,1162681
2025-11-17,601138.SH,63.65,66.5,63.2,64.72,1146975
2025-11-18,601138.SH,64.5,66.62,64.2,65.06,1456366
2025-11-19,601138.SH,68.06,68.33,65,65.94,1421754
2025-11-20,601138.SH,63.05,63.45,60.08,60.67,1902893
2025-11-23,601138.SH,61,61.8,54.6,55.94,3320091
2025-11-24,601138.SH,56.36,58.34,56.16,56.61,2262144
2025-11-25,601138.SH,55.31,61.1,55.02,58.93,2812843
2025-11-26,601138.SH,60.02,63.45,59.91,60.27,2758875
2025-11-27,601138.SH,60.24,60.76,59.02,60.72,1667788
2025-11-30,601138.SH,60.03,60.21,58,59.81,1807887
2025-12-01,601138.SH,59.83,62.7,59.72,60.96,2091277
2025-12-02,601138.SH,61,62.77,61,61.68,1865931
2025-12-03,601138.SH,60.88,62.96,59.68,61.4,1570775
2025-12-04,601138.SH,61.99,62.26,60,61.12,1305590
2025-12-07,601138.SH,60.75,64.27,60.38,63.41,2410754
2025-12-08,601138.SH,64,68.38,63.18,67.99,2938040
2025-12-09,601138.SH,66.84,66.96,64,65.21,2195275
2025-12-10,601138.SH,64.01,64.88,61.61,62.3,1920907
2025-12-11,601138.SH,61,62.5,59.86,61.75,1685144
2025-12-14,601138.SH,59.5,60.68,59.11,59.14,1374058
2025-12-15,601138.SH,58.95,60.32,58.38,58.95,1294221
2025-12-16,601138.SH,59.1,61.56,58.68,61.5,1622526
2025-12-17,601138.SH,59.56,59.86,58.25,58.28,1761502
2025-12-18,601138.SH,59.19,59.22,57.74,58.3,990077
2025-12-21,601138.SH,59.47,61,59.12,60.62,1764853
2025-12-22,601138.SH,60.56,63.38,60.32,62.86,2164938
2025-12-23,601138.SH,64.18,66,63.59,65.14,2178730
2025-12-24,601138.SH,65.4,68.15,65.4,66.72,2022245
2025-12-25,601138.SH,66.5,66.5,63.8,63.84,1929297
2025-12-28,601138.SH,63.74,66.39,63.73,65.24,1884924
2025-12-29,601138.SH,63.8,65.3,63.01,64.23,1492962
2025-12-30,601138.SH,64.24,64.54,61.86,62.05,1564104
2026-01-04,601138.SH,63.29,64.28,62.71,63.67,1593406
2026-01-05,601138.SH,63.67,64.97,62.86,64.05,1708615
2026-01-06,601138.SH,63.41,64.66,62.6,63.15,1657003
2026-01-07,601138.SH,63.31,63.47,61.07,61.33,1859715
2026-01-08,601138.SH,60.5,61.75,60.05,61.48,1565321
2026-01-11,601138.SH,61.49,61.7,59.75,60.93,2110816
2026-01-12,601138.SH,60.78,61.73,59.09,59.43,1930316
2026-01-13,601138.SH,60.1,60.49,59.37,60,1562402
2026-01-14,601138.SH,59.3,61,58.89,60.79,1426215
2026-01-15,601138.SH,61.2,64,61.2,63,2625963
2026-01-18,601138.SH,62.11,62.18,60.71,60.9,1883890
2026-01-19,601138.SH,60.3,60.45,58.8,59.67,1395115
2026-01-20,601138.SH,58.71,61.79,58.7,61.56,1734936
2026-01-21,601138.SH,61.69,63,60.79,62.75,2218563
2026-01-22,601138.SH,62,62.05,60.08,60.11,2032992
2026-01-25,601138.SH,60.09,60.09,59.01,59.26,1178431
2026-01-26,601138.SH,59.51,62,58.7,60.97,2123445
2026-01-27,601138.SH,62.3,62.64,60.11,60.69,1719901
2026-01-28,601138.SH,60.68,60.88,56.88,57.6,3245544
2026-01-29,601138.SH,57,58,55.62,57.7,1731944
2026-02-01,601138.SH,56.8,57.5,55.67,55.68,1563503
2026-02-02,601138.SH,56.3,56.42,54.03,55.75,1675103
2026-02-03,601138.SH,54.69,54.78,52.6,53.41,1890656
2026-02-04,601138.SH,52.27,54.32,52.2,53.88,1443856
2026-02-05,601138.SH,53,55.48,52.41,54.4,1377722
2026-02-08,601138.SH,56.2,56.5,55.31,55.52,1400986
2026-02-09,601138.SH,55.73,56.99,55.58,56.07,1113030
2026-02-10,601138.SH,55.6,56.12,55.01,55.2,750772
2026-02-11,601138.SH,55.35,55.96,54.52,55.33,834276
2026-02-12,601138.SH,54.45,55.75,54.2,54.75,687646
2026-02-23,601138.SH,55.41,56.09,54.9,55.38,1075010
2026-02-24,601138.SH,55.81,57.58,55.7,57.39,1699412
2026-02-25,601138.SH,57.4,58.54,56.3,57.95,1627260
2026-02-26,601138.SH,56.3,56.44,55.1,55.7,1701812
2026-03-01,601138.SH,54,56,53.84,55.53,1184120
2026-03-02,601138.SH,55.84,57.8,54.88,54.88,1932188
2026-03-03,601138.SH,53.98,55.16,53.51,53.76,1075282
2026-03-04,601138.SH,54.79,56.26,54.33,55.1,1362380
2026-03-05,601138.SH,54.8,54.9,53.8,54.33,869298
2026-03-08,601138.SH,52.76,52.94,51.21,52.79,1694579
2026-03-09,601138.SH,53.63,54.38,53.4,54.36,1173851
2026-03-10,601138.SH,54.7,54.99,53.6,53.89,1220073
2026-03-11,601138.SH,53.9,54.78,52.22,52.54,1410061
2026-03-12,601138.SH,52.02,53.17,52.01,52.49,941798
2026-03-15,601138.SH,52.18,52.74,51.5,52.7,1010045
2026-03-16,601138.SH,52.99,53.18,50.87,50.9,1319376
2026-03-17,601138.SH,51.3,52.14,50.85,52.06,1174776
2026-03-18,601138.SH,51,51.29,50.2,50.46,1056018
2026-03-19,601138.SH,50.98,52.45,50.21,50.3,1544521
2026-03-22,601138.SH,48.95,49.09,47.35,47.6,1370951
2026-03-23,601138.SH,48.57,48.88,47.49,48.84,1107629
2026-03-24,601138.SH,49.39,51,49.02,50.31,1264703
2026-03-25,601138.SH,50,51.5,49.57,49.74,1072890
2026-03-26,601138.SH,48.63,49.9,48.4,49.53,784645
2026-03-29,601138.SH,48.46,49.29,48.33,49.27,662624
2026-03-30,601138.SH,49,52.85,48.53,51.46,2386740
2026-03-31,601138.SH,53,53.5,51.47,53.32,2154300
2026-04-01,601138.SH,52.66,54.45,51.75,52,1571751
2026-04-02,601138.SH,52.6,53.18,52,52.18,1045401
2026-04-06,601138.SH,52.98,54,52,52.58,1205864
2026-04-07,601138.SH,54.16,56.61,53.38,56.61,2517587
2026-04-08,601138.SH,55,55.81,54.8,55.02,1553887
2026-04-09,601138.SH,55.6,57.27,55.33,56.52,1909441
2026-04-12,601138.SH,56,56.55,55.4,55.7,1357149
2026-04-13,601138.SH,56.47,59.29,56.13,58.92,2549507
2026-04-14,601138.SH,59.36,59.97,57.2,57.82,1973741
2026-04-15,601138.SH,57.99,59.99,57.4,59.32,1805236
2026-04-16,601138.SH,59.6,61.2,58.98,60.97,1878179
2026-04-19,601138.SH,61.89,63.33,61.01,61.51,2131508
2026-04-20,601138.SH,60.97,61.5,59.87,61.41,1392037
2026-04-21,601138.SH,61.19,67.55,61.03,66.89,3160832
2026-04-22,601138.SH,66.98,69.1,66.66,67.92,2777453
2026-04-23,601138.SH,66.57,67.21,63.67,65.01,2646640
2026-04-26,601138.SH,66.01,68,65.38,67.25,2358367
2026-04-27,601138.SH,67.25,68.99,66.92,68.2,2371396
2026-04-28,601138.SH,67.77,67.77,64,66.26,2823039
2026-04-29,601138.SH,65.9,66.2,62.71,62.88,2924075
2026-05-05,601138.SH,63.28,63.88,61.74,63.08,2652838
2026-05-06,601138.SH,64.09,64.59,63,64.18,2103300
2026-05-07,601138.SH,63,64.2,62.77,63.28,1620171
2026-05-10,601138.SH,64.2,65.87,63,65.85,2724029
2026-05-11,601138.SH,65.87,65.9,63.23,64.4,2135259
2026-05-12,601138.SH,64.1,70.84,63.86,70.84,4073570
2026-05-13,601138.SH,74,74,67.28,68.6,4017452
2026-05-14,601138.SH,69.5,71.76,67.37,67.62,3425679
2026-05-17,601138.SH,65.88,70.23,64.95,68.98,2518482
2026-05-18,601138.SH,68.3,69.04,66.4,68.56,1914641
2026-05-19,601138.SH,68.2,68.49,66.5,68.15,2102607
2026-05-20,601138.SH,69.2,69.5,65,65.5,2096550
2026-05-21,601138.SH,66.11,67.66,64.5,67.16,1947455
2026-05-24,601138.SH,68,70.5,67.3,70.3,2659917
2026-05-25,601138.SH,69.86,70.8,68,69.98,2189253
2026-05-26,601138.SH,69.9,73.74,69.69,70.08,2892366
2026-05-27,601138.SH,70,76.28,68.89,75,3616913
2026-05-28,601138.SH,78.75,79.63,73.1,73.4,3593584
2026-05-31,601138.SH,75.2,76.5,72.19,73.75,3013251
2026-06-01,601138.SH,75,81.11,73.85,80.01,3778912
2026-06-02,601138.SH,79.95,84.95,78.43,81.05,3866136
2026-06-03,601138.SH,80,80.86,77.35,78.55,2805857
2026-06-04,601138.SH,77.5,78.21,73.1,74.06,2616486
2026-06-07,601138.SH,69.99,73.3,69.34,70.48,1973161
2026-06-08,601138.SH,71.99,74.88,70.88,74.74,2025786
2026-06-09,601138.SH,72.9,73.5,70.25,71.13,1464118
2026-06-10,601138.SH,69.82,71.55,68.2,69.52,1484767
2026-06-11,601138.SH,71.94,72.26,70,70.13,1465028
2026-06-14,601138.SH,71.47,73.4,70.48,73.4,1626218
2026-06-15,601138.SH,73.4,74.99,72.5,72.9,1741995
2026-06-16,601138.SH,71.7,72.83,71,72.64,1654286
2026-06-17,601138.SH,72,79.9,71.95,78.08,4249682
2026-06-21,601138.SH,78.08,79.41,75.8,78.88,2989520
2026-06-22,601138.SH,78.88,78.89,73.7,74.1,2416537
2026-06-23,601138.SH,73,76.99,73,76.78,2147290
2026-06-24,601138.SH,77.59,77.7,74.85,76.99,1961813
2026-06-25,601138.SH,75,75,70,70.22,2623513
2026-06-28,601138.SH,69.3,71.46,66.5,69.61,1964970
2026-06-29,601138.SH,69.56,72.96,69.18,72.15,1637706
2026-06-30,601138.SH,73,73.88,69.5,70,1629668
2026-07-01,601138.SH,67.46,67.47,63.63,64.02,1935915
2026-07-02,601138.SH,63.5,66.22,62.99,64.72,1301297
2026-07-05,601138.SH,65.77,66,61.5,63.59,1231123
2026-07-06,601138.SH,63.17,64.65,62.5,63.78,958989
2026-07-07,601138.SH,65,67.57,64.32,66.01,1803771
2026-07-08,601138.SH,66.61,69.66,65.61,69.53,1736829
2026-07-09,601138.SH,71,71,66.2,66.27,2082384
2026-07-12,601138.SH,65.3,66.16,62.5,63.08,1264134
2026-07-13,601138.SH,62.9,65.75,62.08,65.6,1422285
2026-07-14,601138.SH,65.88,65.99,63.5,63.62,917560
2026-07-15,601138.SH,62.35,64.94,61.46,63.02,982867
2026-07-16,601138.SH,62.02,62.44,56.82,57.59,1549043
2026-07-19,601138.SH,58.88,59.69,55.04,56.5,1477885
2026-07-20,601138.SH,57.5,61.9,55.31,60.98,1856786
2026-07-21,601138.SH,60.26,62.98,59.88,60.71,1586872
2026-07-22,601138.SH,61.99,64.15,60.99,62.88,1599235
2026-07-23,601138.SH,61.05,61.42,60.17,60.25,1110640
2026-07-26,601138.SH,59.88,61.55,59.5,61.55,815802
2026-07-27,601138.SH,58.88,60.79,57.8,58.08,1245020
2026-07-28,601138.SH,58.08,58.9,55.7,57.75,1156169
2026-07-29,601138.SH,57,57.38,53.22,53.8,1525984
2026-07-30,601138.SH,57.14,57.57,56.3,56.7,1481833
2026-08-02,601138.SH,55.53,56.8,54.64,55.9,948043
2026-08-03,601138.SH,56.81,60,56.81,59.93,1679347
2026-08-04,601138.SH,59,65.92,58.9,65.92,2882234
2026-08-05,601138.SH,65.55,69.8,64.87,68.27,2466615
2026-08-06,601138.SH,68.27,69.65,67.48,68.18,1610439
2026-08-09,601138.SH,69,70.97,67.65,69.18,1644179
2026-08-10,601138.SH,67.93,68.19,65.52,66.01,1358341
2026-08-11,601138.SH,66.46,66.77,64.51,65.6,1301531
2026-08-12,601138.SH,67.99,68.08,65.2,65.23,1468897
2026-08-13,601138.SH,65.6,66.48,64.8,66.19,1071503
2026-08-16,601138.SH,67,68.5,66.43,68.23,1615543
2026-08-17,601138.SH,67.7,67.7,65.65,66.2,1315817
2026-08-18,601138.SH,64.1,64.38,61.3,61.83,1389270
2026-08-19,601138.SH,62.5,62.95,61.5,62.13,781185
2026-08-20,601138.SH,61.65,63.38,61.38,62.84,794348
2026-08-23,601138.SH,62.7,62.7,59.22,60.4,980155
2026-08-24,601138.SH,58.75,60.85,58.75,60.15,755994
2026-08-25,601138.SH,60.2,60.8,59.38,60.57,733405
2026-08-26,601138.SH,62,64.5,62,63.86,1490388
2026-08-27,601138.SH,64.04,66.69,63.8,64.04,1579645
2026-08-30,601138.SH,63.15,65,62.5,64.84,1089904
2026-08-31,601138.SH,64.35,64.5,62.8,62.94,749913
2026-09-01,601138.SH,61.72,62.4,61.4,61.8,619732
2026-09-02,601138.SH,63,63.99,62.3,63.2,919220
2026-09-03,601138.SH,63.84,65.3,63.3,63.69,1295498
2026-09-06,601138.SH,64.6,66.88,64.6,66.57,1743476
2026-09-07,601138.SH,66.3,66.7,64.55,64.75,1076036
2026-09-08,601138.SH,64.9,66.08,64.47,65.24,761506
2026-09-09,601138.SH,64.5,64.66,63.79,63.91,567595
2026-09-10,601138.SH,62.66,64.49,62.5,64.07,758983
2026-09-13,601138.SH,62.99,63.01,61.37,61.57,795440
2026-09-14,601138.SH,61.25,62.49,60.58,60.8,614209
2026-09-15,601138.SH,60.79,62.98,60.4,62.33,696685
2026-09-16,601138.SH,61.9,62.78,61.1,61.27,582565
2026-09-17,601138.SH,62.98,63.95,62,62.71,1112075
2026-09-20,601138.SH,63.99,64.7,62.52,63.6,952582
2026-09-21,601138.SH,64.5,64.94,63.11,63.3,752443
2026-09-22,601138.SH,63.49,63.78,62.85,62.98,424122
2026-09-23,601138.SH,62.3,62.57,60.8,61,671950
2026-09-27,601138.SH,61,61,58.28,58.92,643815
2026-09-28,601138.SH,58.42,59.15,57.86,58.42,510104
2026-09-29,601138.SH,58.81,59.48,57.9,58.2,518106
2022-08-16,002594.SZ,319.99,329.6,316.72,327.93,210871
2022-08-17,002594.SZ,327,330,323.84,326.04,142790
2022-08-18,002594.SZ,325.03,327.44,317,319.39,124289
2022-08-21,002594.SZ,316,326.09,312.22,323.09,147668
2022-08-22,002594.SZ,324,325.55,318.98,321.61,93000
2022-08-23,002594.SZ,321.68,322.96,309.3,309.5,186783
2022-08-24,002594.SZ,309.56,311.08,302.66,309.58,140221
2022-08-25,002594.SZ,312.99,317.93,310,315.73,122127
2022-08-28,002594.SZ,313.67,316.87,311.49,313.55,85912
2022-08-29,002594.SZ,315.5,318.5,310,310.85,110247
2022-08-30,002594.SZ,291,296.6,284,287.98,408060
2022-08-31,002594.SZ,285,294.6,284.03,286.7,192582
2022-09-01,002594.SZ,288.7,289.6,278.1,282,161662
2022-09-04,002594.SZ,269,270.88,261.1,268.76,351208
2022-09-05,002594.SZ,268.77,274.45,267.21,272.95,189903
2022-09-06,002594.SZ,272,285.05,270.6,282.7,190873
2022-09-07,002594.SZ,283,284.99,277,278.26,116429
2022-09-08,002594.SZ,280.99,281.49,276.99,279.7,76098
2022-09-12,002594.SZ,282,286.69,279.37,284.8,111524
2022-09-13,002594.SZ,282,283.8,276.26,278.33,105151
2022-09-14,002594.SZ,280,280.5,266.91,269.5,152395
2022-09-15,002594.SZ,268,271.45,264.36,265.98,104476
2022-09-18,002594.SZ,268,273.9,266.68,270.35,110950
2022-09-19,002594.SZ,273.8,277.49,272.01,274.21,111245
2022-09-20,002594.SZ,271.8,272.61,267,270.01,83754
2022-09-21,002594.SZ,267.49,269.38,261.3,268.55,92800
2022-09-22,002594.SZ,267.09,269.77,264.28,266.4,79644
2022-09-25,002594.SZ,266.4,276,263.58,272.95,143606
2022-09-26,002594.SZ,272.96,274.83,270.06,273.96,83096
2022-09-27,002594.SZ,273,273,265.5,265.62,85620
2022-09-28,002594.SZ,270,271.8,264,264.57,88357
2022-09-29,002594.SZ,263,263.55,249,252.01,214036
2022-10-09,002594.SZ,252.27,256.4,249.44,251.2,117479
2022-10-10,002594.SZ,252,257.38,249.33,255.01,132820
2022-10-11,002594.SZ,254,263.25,249.95,262.34,144871
2022-10-12,002594.SZ,260,263,258.08,258.18,96187
2022-10-13,002594.SZ,262.08,269.1,259.95,264.54,145695
2022-10-16,002594.SZ,263,263,256.69,260.66,109678
2022-10-17,002594.SZ,279,279,272.5,273.67,244142
2022-10-18,002594.SZ,273.67,276.44,266.88,267.5,134004
2022-10-19,002594.SZ,264,265.58,257.4,263.51,128417
2022-10-20,002594.SZ,263.52,270.88,262.01,266.3,104786
2022-10-23,002594.SZ,264.9,266.31,253.57,255.57,167413
2022-10-24,002594.SZ,253,260.59,250.03,257.91,113243
2022-10-25,002594.SZ,260,264.04,255.29,257.87,126415
2022-10-26,002594.SZ,258.99,260.72,255,255,97766
2022-10-27,002594.SZ,253,253,235.81,239.89,263164
2022-10-30,002594.SZ,237.5,251,237.11,246.67,187942
2022-10-31,002594.SZ,247.11,262.2,247,261.82,219283
2022-11-01,002594.SZ,261,271.6,258.36,267.56,187319
2022-11-02,002594.SZ,265.02,271.76,264.1,267.98,102384
2022-11-03,002594.SZ,268.98,283.02,268,280.2,224887
2022-11-06,002594.SZ,275,282.03,272.99,278.88,135842
2022-11-07,002594.SZ,279.45,282.6,273.5,276.41,105634
2022-11-08,002594.SZ,278.15,278.88,268.64,269.63,111946
2022-11-09,002594.SZ,264.63,264.97,255.8,260.26,155497
2022-11-10,002594.SZ,270.5,272.97,265.16,268.8,166100
2022-11-13,002594.SZ,269.23,272.54,262.76,263.79,115237
2022-11-14,002594.SZ,263.99,268.3,260.1,267,112848
2022-11-15,002594.SZ,265.78,266.6,260.1,261.08,103549
2022-11-16,002594.SZ,259.91,259.91,253.58,257,111261
2022-11-17,002594.SZ,257.77,259.56,253.5,254.68,101184
2022-11-20,002594.SZ,252.84,254.6,248.51,254.2,82515
2022-11-21,002594.SZ,255,255.25,250,250.49,80146
2022-11-22,002594.SZ,250.49,251.5,247.2,251.5,88469
2022-11-23,002594.SZ,253.35,255,248.28,249.39,85314
2022-11-24,002594.SZ,249,249,245,245.05,87822
2022-11-27,002594.SZ,240,245.13,237.22,245.11,99109
2022-11-28,002594.SZ,246.28,249.68,243,248.3,123581
2022-11-29,002594.SZ,248.36,260,246.48,259.52,212873
2022-11-30,002594.SZ,268,270.95,264.92,266.66,257986
2022-12-01,002594.SZ,264.92,267.57,260.48,262.08,116075
2022-12-04,002594.SZ,265.95,267.59,261.9,263.36,105233
2022-12-05,002594.SZ,260.55,271.63,260.01,267.6,123007
2022-12-06,002594.SZ,267.65,278.28,267.65,273.74,192666
2022-12-07,002594.SZ,273.75,275,270.87,274.29,94581
2022-12-08,002594.SZ,275.48,277.7,271.45,274.7,100992
2022-12-11,002594.SZ,271.96,273.47,268,269.88,80128
2022-12-12,002594.SZ,272,275,269.5,269.8,61384
2022-12-13,002594.SZ,269.41,269.44,263.6,266.4,94365
2022-12-14,002594.SZ,266.33,272.28,263.51,271.46,97123
2022-12-15,002594.SZ,270.07,271.37,267.55,270.51,56197
2022-12-18,002594.SZ,268.99,275,265.61,266.5,84039
2022-12-19,002594.SZ,265.9,265.9,258.68,261.6,84908
2022-12-20,002594.SZ,261.58,262.85,259.6,260.8,41966
2022-12-21,002594.SZ,263,263.5,258.51,259.19,59210
2022-12-22,002594.SZ,256.1,256.4,250.5,252.18,90819
2022-12-25,002594.SZ,252.2,263.5,252.19,262.42,93548
2022-12-26,002594.SZ,263.46,263.98,259.8,262.12,55537
2022-12-27,002594.SZ,257.5,259.2,253,254.62,102564
2022-12-28,002594.SZ,253.99,258.86,252.13,254.76,72256
2022-12-29,002594.SZ,258.5,260.37,256.51,256.97,74890
2023-01-02,002594.SZ,256.41,261.92,250,260.48,121374
2023-01-03,002594.SZ,260,260.48,256.5,259.1,72675
2023-01-04,002594.SZ,262.52,267.59,261.06,265.08,118936
2023-01-05,002594.SZ,267.91,271.2,265.1,266.2,138855
2023-01-08,002594.SZ,268,268,262.29,263.38,114169
2023-01-09,002594.SZ,262.05,269.58,257.31,266.59,173513
2023-01-10,002594.SZ,264.9,271,261.41,268.99,128364
2023-01-11,002594.SZ,271.51,284.45,270.7,277.3,223479
2023-01-12,002594.SZ,277.41,279.93,275,278.58,128411
2023-01-15,002594.SZ,278.58,278.77,272,273.8,165000
2023-01-16,002594.SZ,273.81,274.5,268.93,269.99,111666
2023-01-17,002594.SZ,269.85,272.5,266.49,269,86108
2023-01-18,002594.SZ,267.88,270.85,266.52,270.5,81239
2023-01-19,002594.SZ,271,271.88,267.02,270.07,104649
2023-01-29,002594.SZ,285,288,281,281.99,281854
2023-01-30,002594.SZ,285,288.8,280.39,285.8,187110
2023-01-31,002594.SZ,287.98,304.33,286.14,304.33,272987
2023-02-01,002594.SZ,305.87,306.13,299.96,302.62,148030
2023-02-02,002594.SZ,299.95,299.95,292.8,295,152948
2023-02-05,002594.SZ,291.69,291.69,287.61,289.98,100447
2023-02-06,002594.SZ,291.99,292.48,287.6,289,76835
2023-02-07,002594.SZ,289,289,282.8,285.66,92901
2023-02-08,002594.SZ,284,288.82,282.3,288.33,90649
2023-02-09,002594.SZ,285.88,285.9,280,281.86,129708
2023-02-12,002594.SZ,279.01,283.29,277.06,282.32,93461
2023-02-13,002594.SZ,284,284.5,279.1,281.97,73644
2023-02-14,002594.SZ,283,283.9,278.56,279,90832
2023-02-15,002594.SZ,280,281.79,274.85,277.02,103348
2023-02-16,002594.SZ,276.49,278.1,271.28,271.66,100997
2023-02-19,002594.SZ,271.59,273.3,267,272.8,130701
2023-02-20,002594.SZ,272,276.56,270.28,274.75,113690
2023-02-21,002594.SZ,271.9,272.62,268.9,270.42,85088
2023-02-22,002594.SZ,269.9,271.67,268.5,270.44,100358
2023-02-23,002594.SZ,269.02,269.88,267,267.58,66868
2023-02-26,002594.SZ,265,265.89,258,259.81,169704
2023-02-27,002594.SZ,261,262,257.57,260.8,120330
2023-02-28,002594.SZ,260.75,266.54,257.76,265.5,143658
2023-03-01,002594.SZ,266.12,268.13,262,263.71,114905
2023-03-02,002594.SZ,264.99,265.23,262.08,263.79,63982
2023-03-05,002594.SZ,264,264.63,258,264.27,112124
2023-03-06,002594.SZ,264.18,266.99,260.5,260.68,105933
2023-03-07,002594.SZ,258.5,259.79,255,256.99,120898
2023-03-08,002594.SZ,256.5,259.83,254.01,256.07,96731
2023-03-09,002594.SZ,252,253,242.3,243.14,283464
2023-03-12,002594.SZ,241.72,242.95,237,240.49,167343
2023-03-13,002594.SZ,240,242.5,233.03,239.98,198568
2023-03-14,002594.SZ,241.5,242.48,237.41,238.62,120715
2023-03-15,002594.SZ,235,239.62,234,234.79,118370
2023-03-16,002594.SZ,236.78,240.98,235.53,237.91,135003
2023-03-19,002594.SZ,237.91,239.36,234.6,235.57,86323
2023-03-20,002594.SZ,236.89,239.51,234.79,239.51,108873
2023-03-21,002594.SZ,242.2,247.58,242.08,243.2,155339
2023-03-22,002594.SZ,242.99,245.5,239.5,245.49,97461
2023-03-23,002594.SZ,245.5,247.63,243.49,246.02,81018
2023-03-26,002594.SZ,245.99,245.99,240.3,243.65,92495
2023-03-27,002594.SZ,244.5,245.67,242.4,245.01,81845
2023-03-28,002594.SZ,246.55,250.25,246.55,247.7,144303
2023-03-29,002594.SZ,250,257.2,250,257.2,209267
2023-03-30,002594.SZ,258.97,260.86,255,256.02,167008
2023-04-02,002594.SZ,256,258.24,252.26,255.92,133691
2023-04-03,002594.SZ,255.81,255.81,247.99,250.92,137744
2023-04-05,002594.SZ,248,250.88,245.68,250,81942
2023-04-06,002594.SZ,250.05,252.13,248.33,249.28,68723
2023-04-09,002594.SZ,249.28,251.2,246,251,98058
2023-04-10,002594.SZ,252.15,254.49,248.6,249.83,87455
2023-04-11,002594.SZ,248.8,248.8,243.33,243.4,112330
2023-04-12,002594.SZ,240.58,243,237.77,242.82,80965
2023-04-13,002594.SZ,243.4,247.47,242.99,246.06,105506
2023-04-16,002594.SZ,245,249.68,244.21,249.44,90394
2023-04-17,002594.SZ,250.4,252.18,248.44,249,78432
2023-04-18,002594.SZ,249,253.2,246.09,250.85,111927
2023-04-19,002594.SZ,249.93,249.93,245,245.02,100308
2023-04-20,002594.SZ,244.5,248.95,243,243,104052
2023-04-23,002594.SZ,244.1,258.6,243.18,253.49,267017
2023-04-24,002594.SZ,251,251.8,242.2,244.3,187419
2023-04-25,002594.SZ,243,254.54,241,251,174492
2023-04-26,002594.SZ,250,258.99,249.55,258.92,242464
2023-04-27,002594.SZ,261.47,262.97,254,255.86,191945
2023-05-03,002594.SZ,255,257.61,251.4,252.52,118124
2023-05-04,002594.SZ,252.55,253.8,247.95,250.07,102440
2023-05-07,002594.SZ,253,259.1,252.52,254.03,121626
2023-05-08,002594.SZ,250.04,253.36,249,250.11,89885
2023-05-09,002594.SZ,251,262.18,249.2,259.79,253691
2023-05-10,002594.SZ,260.77,269.8,258.68,263.75,214237
2023-05-11,002594.SZ,266,268.25,259.52,260.1,104574
2023-05-14,002594.SZ,260.1,266.55,258.7,264.9,136926
2023-05-15,002594.SZ,264.39,267.42,263.2,265.13,81639
2023-05-16,002594.SZ,264.99,265.8,259.01,261,89556
2023-05-17,002594.SZ,262.3,263.88,256.56,259.08,100697
2023-05-18,002594.SZ,258.18,260.92,256.3,259.18,60106
2023-05-21,002594.SZ,260.92,266,257.08,265.1,120165
2023-05-22,002594.SZ,265.04,266.88,262.93,262.93,90619
2023-05-23,002594.SZ,261.6,265,259.52,261.91,68093
2023-05-24,002594.SZ,261.96,263.85,255.14,255.6,132079
2023-05-25,002594.SZ,253,253,242.8,246.99,185813
2023-05-28,002594.SZ,250,250.55,242,244.93,124723
2023-05-29,002594.SZ,245.95,255,245.83,252.2,166881
2023-05-30,002594.SZ,252.2,254.9,249.65,253.66,118381
2023-05-31,002594.SZ,253.66,257.88,253.23,255.45,86736
2023-06-01,002594.SZ,257.88,259.59,255.6,259.06,110680
2023-06-04,002594.SZ,259,259.06,251.67,258.32,104795
2023-06-05,002594.SZ,257.95,265,256.18,260.88,128981
2023-06-06,002594.SZ,262,263.44,255.5,256.55,100490
2023-06-07,002594.SZ,256.19,258.84,254.47,255,64454
2023-06-08,002594.SZ,258.8,259.1,252.5,258,107484
2023-06-11,002594.SZ,256.5,263,255.5,260.51,102891
2023-06-12,002594.SZ,260.5,262,257.13,261.22,81511
2023-06-13,002594.SZ,262.68,265.39,261.5,263,125776
2023-06-14,002594.SZ,263.5,275.01,263.29,271.88,243961
2023-06-15,002594.SZ,273.86,275.86,270,271.08,152297
2023-06-18,002594.SZ,271.08,274.99,267.88,269.21,123565
2023-06-19,002594.SZ,269.01,269.2,264.9,268.25,102366
2023-06-20,002594.SZ,267.01,273.28,266.25,267.78,107812
2023-06-25,002594.SZ,262.43,268.69,262.3,262.89,101512
2023-06-26,002594.SZ,262.02,263.85,257.08,260.05,99029
2023-06-27,002594.SZ,260,262.5,258.1,260.25,57270
2023-06-28,002594.SZ,260.25,260.78,255.23,255.7,83485
2023-06-29,002594.SZ,254.13,260,253.7,258.27,75724
2023-07-02,002594.SZ,258.88,269.27,258.88,267.48,162565
2023-07-03,002594.SZ,268.5,275,266.51,271.5,157120
2023-07-04,002594.SZ,271.51,272.48,265.69,267,93033
2023-07-05,002594.SZ,267,272,266.8,268.1,83712
2023-07-06,002594.SZ,267,267.66,264.11,264.4,62192
2023-07-09,002594.SZ,267,269.5,262.75,263.55,68878
2023-07-10,002594.SZ,265,270.69,263.8,269.33,102405
2023-07-11,002594.SZ,270.5,271.15,264.66,265.61,87032
2023-07-12,002594.SZ,267.5,269.5,265.01,267.83,82753
2023-07-13,002594.SZ,267.8,267.8,263.5,264.41,102722
2023-07-16,002594.SZ,267,267,262.35,264.49,78927
2023-07-17,002594.SZ,265.25,267.57,260.5,265.48,98456
2023-07-18,002594.SZ,265.49,265.9,262.74,264.83,50250
2023-07-19,002594.SZ,265.5,269.5,264,264.95,91271
2023-07-20,002594.SZ,264,264.8,261.55,264.32,75287
2023-07-23,002594.SZ,261.01,262.77,257.49,257.5,95950
2023-07-24,002594.SZ,262.68,266.99,262.65,264.59,173883
2023-07-25,002594.SZ,263.76,263.76,260.6,262.09,65865
2023-07-26,002594.SZ,264.5,265.77,260.8,261.63,112651
2023-07-27,002594.SZ,260,267.65,258.22,267,173308
2023-07-30,002594.SZ,270,276.58,269.88,272,215060
2023-07-31,002594.SZ,271.76,272.76,266.5,268.5,120340
2023-08-01,002594.SZ,270.7,272,266.36,268,87394
2023-08-02,002594.SZ,267.28,268.48,265.51,268.23,66170
2023-08-03,002594.SZ,268.99,270.07,266.65,268.3,88053
2023-08-06,002594.SZ,267.93,267.93,265.19,266.99,64204
2023-08-07,002594.SZ,265.2,266.5,262.51,263.3,91712
2023-08-08,002594.SZ,262,263.5,260.23,262.9,72499
2023-08-09,002594.SZ,263,264.87,260.74,262.7,60016
2023-08-10,002594.SZ,262.69,262.7,259.01,259.25,86125
2023-08-13,002594.SZ,255,256.99,243.49,245.82,252890
2023-08-14,002594.SZ,245.82,246.13,241.9,244.54,115021
2023-08-15,002594.SZ,243.28,245.5,242.21,244.2,79979
2023-08-16,002594.SZ,243.37,246.34,240.4,246.01,86836
2023-08-17,002594.SZ,245.56,245.56,240,240.29,98467
2023-08-20,002594.SZ,239.8,239.88,234.05,234.41,127879
2023-08-21,002594.SZ,237.97,238.5,230.9,234.54,112116
2023-08-22,002594.SZ,234.54,234.54,230.03,230.09,81238
2023-08-23,002594.SZ,231.01,237,231.01,234.9,106811
2023-08-24,002594.SZ,233.28,234.33,231.5,232.6,66775
2023-08-27,002594.SZ,248,248,234.25,235.53,133527
2023-08-28,002594.SZ,236.81,247.5,236.81,246.71,213223
2023-08-29,002594.SZ,249.33,251.47,247.84,249.8,152187
2023-08-30,002594.SZ,250.51,250.99,248,249.4,88734
2023-08-31,002594.SZ,253,254.47,248,249.12,77772
2023-09-03,002594.SZ,251.6,253,248.88,252.45,96512
2023-09-04,002594.SZ,252.2,252.2,248.69,249.03,74571
2023-09-05,002594.SZ,250,252.3,249.3,250.45,65929
2023-09-06,002594.SZ,250.42,250.42,248.11,248.4,60913
2023-09-07,002594.SZ,247.01,247.01,242.69,244.05,67634
2023-09-10,002594.SZ,243.7,248.5,242.2,247.01,76513
2023-09-11,002594.SZ,248.7,253.37,247.1,251.99,119532
2023-09-12,002594.SZ,252,254.28,250.4,251.55,91479
2023-09-13,002594.SZ,246.8,246.95,242,243.63,152580
2023-09-14,002594.SZ,244,246.84,241.51,244.29,82256
2023-09-17,002594.SZ,244.5,251.2,244.29,247.38,96405
2023-09-18,002594.SZ,246,248.28,243.8,247.17,62397
2023-09-19,002594.SZ,245,246.28,244,244,54497
2023-09-20,002594.SZ,243,243.87,238.55,239.68,92965
2023-09-21,002594.SZ,239.52,245.66,238.5,245.05,96764
2023-09-24,002594.SZ,246.83,246.98,244.35,245.8,64787
2023-09-25,002594.SZ,245,245,238.3,238.5,118463
2023-09-26,002594.SZ,239.11,242.22,237.79,237.83,75734
2023-09-27,002594.SZ,238.8,239.5,236.05,236.7,85258
2023-10-08,002594.SZ,236.7,238.51,229.66,237.97,91791
2023-10-09,002594.SZ,237.96,240.02,237,237.91,63937
2023-10-10,002594.SZ,241.96,242.5,238,238.59,76684
2023-10-11,002594.SZ,240.4,245.5,239,244.45,139341
2023-10-12,002594.SZ,241.9,242.77,239.8,240.36,66445
2023-10-15,002594.SZ,240.4,241.08,236.5,237.51,66022
2023-10-16,002594.SZ,237.52,239.99,236.5,238,49164
2023-10-17,002594.SZ,245.6,251,244,249.07,307863
2023-10-18,002594.SZ,246.95,247.97,240.34,240.6,147753
2023-10-19,002594.SZ,240,241.8,238.21,239.2,85659
2023-10-22,002594.SZ,240,240,236.2,238.65,73537
2023-10-23,002594.SZ,239.3,240.5,234.67,235.55,110779
2023-10-24,002594.SZ,237.97,240.01,236.22,237.4,83676
2023-10-25,002594.SZ,236.06,238.8,235.7,238.61,73199
2023-10-26,002594.SZ,238,243.5,237.52,241.95,103206
2023-10-29,002594.SZ,239.51,244.99,238.7,244.6,117295
2023-10-30,002594.SZ,243.5,243.99,237.5,238.54,127205
2023-10-31,002594.SZ,238,238,235.42,236.2,93390
2023-11-01,002594.SZ,237.86,237.88,234.8,234.8,85414
2023-11-02,002594.SZ,235.51,239.15,234.88,238.65,90679
2023-11-05,002594.SZ,240.51,243.43,240,242.9,143548
2023-11-06,002594.SZ,243,244.3,240.51,240.97,94513
2023-11-07,002594.SZ,240.36,240.86,239.18,240,80128
2023-11-08,002594.SZ,240,240.75,238.34,239.3,73183
2023-11-09,002594.SZ,239,239,235.66,236.96,81902
2023-11-12,002594.SZ,237.88,238.18,235.1,237.12,69738
2023-11-13,002594.SZ,237.3,238.2,236.6,237.63,55217
2023-11-14,002594.SZ,239.9,240,238.3,238.64,78692
2023-11-15,002594.SZ,239.8,239.8,237.22,238.3,61690
2023-11-16,002594.SZ,237,238.59,236,236.76,59462
2023-11-19,002594.SZ,235.8,236.5,234.58,235,76771
2023-11-20,002594.SZ,235.69,236.68,233.66,234.2,82386
2023-11-21,002594.SZ,233.5,233.5,229.88,230,105571
2023-11-22,002594.SZ,230.5,231.28,227.12,228.83,105764
2023-11-23,002594.SZ,228.8,228.8,215.4,216.85,280659
2023-11-26,002594.SZ,212,212,205,208.9,215481
2023-11-27,002594.SZ,208.92,211.77,207.01,209.91,122211
2023-11-28,002594.SZ,209.88,209.9,201.39,201.98,219246
2023-11-29,002594.SZ,201.6,202.73,198.45,199.15,187242
2023-11-30,002594.SZ,200.48,200.82,192.81,197.05,194190
2023-12-03,002594.SZ,197.05,199.29,193.6,196.39,117613
2023-12-04,002594.SZ,197,199.96,195.61,196.34,152372
2023-12-05,002594.SZ,196.35,201.24,196,201.19,176347
2023-12-06,002594.SZ,201.19,201.2,197.3,199.45,103169
2023-12-07,002594.SZ,199.03,200.36,198.32,198.55,77700
2023-12-10,002594.SZ,196.75,199.58,194.64,199.19,101086
2023-12-11,002594.SZ,198.18,198.73,196.12,196.33,79797
2023-12-12,002594.SZ,195.82,195.82,191.72,191.8,117535
2023-12-13,002594.SZ,193,196.18,191.11,191.18,92497
2023-12-14,002594.SZ,193.08,194.39,191.08,193.28,101841
2023-12-17,002594.SZ,191.06,192.5,188.31,189.06,100511
2023-12-18,002594.SZ,188.53,188.68,186.16,188,79370
2023-12-19,002594.SZ,188.33,189.33,184.87,184.88,84925
2023-12-20,002594.SZ,183.33,189.98,182.85,189.68,133149
2023-12-21,002594.SZ,189.9,195.38,188.04,192.25,117998
2023-12-24,002594.SZ,193,194.2,190.21,192.18,53770
2023-12-25,002594.SZ,192.16,192.16,190,191.75,41380
2023-12-26,002594.SZ,193,193.5,190.7,191.45,61364
2023-12-27,002594.SZ,191.03,198.66,190.66,198.05,138778
2023-12-28,002594.SZ,198.97,199.8,197.15,198,80367
2024-01-01,002594.SZ,199.61,199.62,192.37,192.6,113928
2024-01-02,002594.SZ,192.5,193.87,190.7,193.17,84486
2024-01-03,002594.SZ,194.34,194.65,191.1,193.02,89870
2024-01-04,002594.SZ,192.47,197.5,191.13,192.68,112402
2024-01-07,002594.SZ,192.8,193.66,189.15,189.4,81078
2024-01-08,002594.SZ,191,196,190.2,192.86,112187
2024-01-09,002594.SZ,191.7,193.3,189.6,190.29,71416
2024-01-10,002594.SZ,190.2,198.7,188.81,196.78,159862
2024-01-11,002594.SZ,196.78,198.25,195.29,195.87,87023
2024-01-14,002594.SZ,194.72,197,192.42,194.61,70220
2024-01-15,002594.SZ,193.9,196.55,193.07,195.3,83809
2024-01-16,002594.SZ,194.2,194.55,186.8,186.8,160795
2024-01-17,002594.SZ,185.65,191,184.91,190.48,114592
2024-01-18,002594.SZ,189.49,192.96,188.7,189.34,80905
2024-01-21,002594.SZ,188.87,191.3,184.56,185.34,132240
2024-01-22,002594.SZ,185,188.96,184.3,187.85,110726
2024-01-23,002594.SZ,189.28,189.85,184.08,188.7,96641
2024-01-24,002594.SZ,188.88,190.9,185.66,189.9,130769
2024-01-25,002594.SZ,189,189,185.5,185.86,115855
2024-01-28,002594.SZ,185.9,186,178.31,178.44,146043
2024-01-29,002594.SZ,173.08,175.48,170.3,171.97,190761
2024-01-30,002594.SZ,171.09,175.28,170.32,170.73,125368
2024-01-31,002594.SZ,170,173,168.36,170.89,116651
2024-02-01,002594.SZ,170.96,171.88,163.01,167,147992
2024-02-04,002594.SZ,165,171.78,162.77,168,186216
2024-02-05,002594.SZ,166,176.11,165.5,175.87,176190
2024-02-06,002594.SZ,177.25,183,176.1,179.56,160094
2024-02-07,002594.SZ,181.49,183.35,180.7,181.17,119246
2024-02-18,002594.SZ,183.88,185.35,181.84,183.5,119687
2024-02-19,002594.SZ,183.5,183.68,177,179.02,113357
2024-02-20,002594.SZ,177.1,185.6,176.66,183,147693
2024-02-21,002594.SZ,182.9,183.64,181.26,182.99,80906
2024-02-22,002594.SZ,182.99,183.99,180.83,182.68,91175
2024-02-25,002594.SZ,186,190.13,185.55,186,155461
2024-02-26,002594.SZ,187.45,193.93,187.2,193.7,206343
2024-02-27,002594.SZ,196,196.52,188,188,168292
2024-02-28,002594.SZ,187.01,191.61,186.19,191.2,122363
2024-02-29,002594.SZ,190.9,192.98,188.77,192.18,122158
2024-03-03,002594.SZ,190,191.7,188.1,189.27,126865
2024-03-04,002594.SZ,187.5,191.65,185.5,190.82,149624
2024-03-05,002594.SZ,190,192.98,189,191.65,100100
2024-03-06,002594.SZ,192.06,193.96,188.8,188.89,101327
2024-03-07,002594.SZ,188.3,190.15,187.25,188.09,67150
2024-03-10,002594.SZ,188,199.9,188,198.74,278080
2024-03-11,002594.SZ,201,206.66,197.77,205.1,245029
2024-03-12,002594.SZ,206.92,210.4,205.83,206.36,177813
2024-03-13,002594.SZ,208.42,215.36,208.42,212.08,211352
2024-03-14,002594.SZ,210,211.38,206.18,209.47,146628
2024-03-17,002594.SZ,211.85,218.25,211.61,218.03,196982
2024-03-18,002594.SZ,218.03,219.85,214.39,216.8,146973
2024-03-19,002594.SZ,217.01,220.78,217.01,218.48,96805
2024-03-20,002594.SZ,218.92,219.8,217,218.95,88667
2024-03-21,002594.SZ,218.95,218.97,215.2,216.95,104672
2024-03-24,002594.SZ,216.37,217.79,212.85,214.2,99109
2024-03-25,002594.SZ,216,219.99,215.27,219.6,131346
2024-03-26,002594.SZ,219.61,219.7,210.01,211.98,188849
2024-03-27,002594.SZ,209.85,211.84,206.01,208.38,159435
2024-03-28,002594.SZ,208.43,208.52,201.17,203.06,141381
2024-03-31,002594.SZ,203.06,212.98,203.06,212.01,142909
2024-04-01,002594.SZ,212.01,217.3,211.8,212.34,107585
2024-04-02,002594.SZ,210.5,211.11,207.55,208.16,83634
2024-04-07,002594.SZ,207,215,206.39,212,128227
2024-04-08,002594.SZ,211.75,214.99,211.35,212.08,84208
2024-04-09,002594.SZ,214.3,214.5,210,211.84,72411
2024-04-10,002594.SZ,209,215.44,207.8,212.98,100854
2024-04-11,002594.SZ,212,217.19,209.54,210.6,114918
2024-04-14,002594.SZ,210,215.5,209.09,213.62,113332
2024-04-15,002594.SZ,212.4,215.35,210.71,211.63,98323
2024-04-16,002594.SZ,211,213.18,209.6,213,96922
2024-04-17,002594.SZ,212,216.5,209.4,213.6,133998
2024-04-18,002594.SZ,212.19,212.87,207.06,210.13,111770
2024-04-21,002594.SZ,210,211.53,208.1,208.56,64695
2024-04-22,002594.SZ,208.55,208.56,203.99,205.04,87300
2024-04-23,002594.SZ,206.89,208.8,204.5,207.42,74979
2024-04-24,002594.SZ,207.4,211.51,206.62,208.94,94684
2024-04-25,002594.SZ,210,219.76,210,219.37,253454
2024-04-28,002594.SZ,221.08,225.4,218.73,221.38,191676
2024-04-29,002594.SZ,223.5,224.38,218.5,218.5,115560
2024-05-05,002594.SZ,225,228.39,223.5,226.3,186779
2024-05-06,002594.SZ,226.3,231.99,224.04,229.88,144190
2024-05-07,002594.SZ,228.54,228.88,226,226.23,91132
2024-05-08,002594.SZ,226.3,228.4,226.15,228.15,79007
2024-05-09,002594.SZ,227,229.52,226,227.8,80613
2024-05-12,002594.SZ,225.2,227.36,222.58,225.7,82481
2024-05-13,002594.SZ,225.71,227.57,224.11,224.91,62619
2024-05-14,002594.SZ,224.5,226,218.3,219.14,99734
2024-05-15,002594.SZ,219.15,219.96,216.61,218.31,87157
2024-05-16,002594.SZ,219.39,220.33,217.66,219.59,71487
2024-05-19,002594.SZ,218.48,224,218.48,222.87,75959
2024-05-20,002594.SZ,221.98,221.99,217.42,218.78,84080
2024-05-21,002594.SZ,218.19,219.5,215.16,216.92,88398
2024-05-22,002594.SZ,215.85,215.85,213.51,214.95,62287
2024-05-23,002594.SZ,213.98,214,208.8,209.3,102876
2024-05-26,002594.SZ,210,210.8,206.6,208.35,76046
2024-05-27,002594.SZ,208.8,208.91,206.58,207.38,60946
2024-05-28,002594.SZ,211,226,210.99,224.7,302648
2024-05-29,002594.SZ,224.42,229.38,223.9,227.86,223792
2024-05-30,002594.SZ,228.8,231.6,226.99,229.02,185430
2024-06-02,002594.SZ,229.01,240.48,225.99,237.1,270146
2024-06-03,002594.SZ,236.9,239.8,235.95,238.15,157429
2024-06-04,002594.SZ,238.48,246.3,238.48,240.79,194434
2024-06-05,002594.SZ,241.2,243.8,237.5,238.5,175865
2024-06-06,002594.SZ,239.03,241.39,232.13,235.5,182594
2024-06-10,002594.SZ,234.63,246,234.33,244.63,221597
2024-06-11,002594.SZ,241.63,247.55,241.63,242.9,187332
2024-06-12,002594.SZ,248.8,258.28,248.11,252.99,292519
2024-06-13,002594.SZ,251.48,253.93,246.53,253.05,202610
2024-06-16,002594.SZ,252,259.87,250.87,257.21,208649
2024-06-17,002594.SZ,255.6,257.3,253,255.64,128789
2024-06-18,002594.SZ,256,258,253.41,254,99108
2024-06-19,002594.SZ,252.88,253.77,249.3,251.5,116200
2024-06-20,002594.SZ,251.99,254.37,247.81,250.67,116330
2024-06-23,002594.SZ,250,253.98,247.78,249.94,108423
2024-06-24,002594.SZ,252,258.74,250.36,254.01,195746
2024-06-25,002594.SZ,252,254.3,249.38,252.72,111917
2024-06-26,002594.SZ,251.02,252.36,248.42,249.5,82911
2024-06-27,002594.SZ,248,252.13,246.88,250.25,92982
2024-06-30,002594.SZ,250.25,251.85,242.5,246.8,129273
2024-07-01,002594.SZ,246.87,247.7,243.05,243.97,102627
2024-07-02,002594.SZ,243.96,245.38,240,243.1,96574
2024-07-03,002594.SZ,245,249.69,244.5,244.63,99196
2024-07-04,002594.SZ,243.17,244.5,238.88,242.03,95665
2024-07-07,002594.SZ,241.8,248.22,241.18,244.99,105375
2024-07-08,002594.SZ,245.2,253.51,241.51,252.6,140763
2024-07-09,002594.SZ,252.49,256.53,251.5,252.5,109283
2024-07-10,002594.SZ,255,256.26,251.68,253.06,100359
2024-07-11,002594.SZ,253.52,264,251.89,262.62,188863
2024-07-14,002594.SZ,262.3,264.8,260.61,261.71,98716
2024-07-15,002594.SZ,260.61,262.2,256.35,258.99,117588
2024-07-16,002594.SZ,259,261.52,256.62,259.51,105192
2024-07-17,002594.SZ,257.9,262.9,257.51,261.43,95322
2024-07-18,002594.SZ,260.5,266,259.74,264.06,136214
2024-07-21,002594.SZ,264.1,270.1,264.1,265.61,100750
2024-07-22,002594.SZ,264.99,265.41,253,253.23,167410
2024-07-23,002594.SZ,253.23,255.15,248.49,249.99,118640
2024-07-24,002594.SZ,249.97,254.54,247.5,250.39,101104
2024-07-25,002594.SZ,252.97,257.63,251.15,254.95,124842
2024-07-28,002594.SZ,252.93,253,246.58,249.1,78859
2024-07-29,002594.SZ,247.59,247.8,241.62,243.91,110393
2024-07-30,002594.SZ,242.61,248.02,242.57,247.05,87490
2024-07-31,002594.SZ,248,248.74,240,244.2,103635
2024-08-01,002594.SZ,241.99,242.26,234.6,234.78,145671
2024-08-04,002594.SZ,230.84,236.67,230.01,231.18,105268
2024-08-05,002594.SZ,234,234.62,225.98,228.94,129102
2024-08-06,002594.SZ,229.04,231,226.47,228.95,82022
2024-08-07,002594.SZ,227.8,227.8,223.5,226.45,85357
2024-08-08,002594.SZ,228.06,235.88,228.04,231.62,119852
2024-08-11,002594.SZ,232.01,233.49,229.5,230.4,53779
2024-08-12,002594.SZ,230.36,230.39,226,228.73,60437
2024-08-13,002594.SZ,228.6,228.6,225.2,226.6,56330
2024-08-14,002594.SZ,226.57,232.5,224.88,231.49,88545
2024-08-15,002594.SZ,232.11,238.32,230.5,235.11,102219
2024-08-18,002594.SZ,235.25,238.98,235.01,235.42,70182
2024-08-19,002594.SZ,236,237.33,233.43,236.48,62484
2024-08-20,002594.SZ,234.66,243.13,232,241,111043
2024-08-21,002594.SZ,241,242.77,239.62,240.52,62488
2024-08-22,002594.SZ,239.8,241.3,238.15,239.34,49786
2024-08-25,002594.SZ,239.5,243,237.71,239.41,56513
2024-08-26,002594.SZ,237.51,241.28,236.5,240.8,50926
2024-08-27,002594.SZ,240.27,240.28,232.8,236.85,89041
2024-08-28,002594.SZ,233.33,236.5,231.3,234.85,79385
2024-08-29,002594.SZ,237.98,251.79,237.26,249.42,193028
2024-09-01,002594.SZ,248.02,250.42,241,241.1,101135
2024-09-02,002594.SZ,240.4,247.45,240.4,247.08,101820
2024-09-03,002594.SZ,245.5,251.9,245.44,250.32,100606
2024-09-04,002594.SZ,250,255.6,249.6,252.85,100126
2024-09-05,002594.SZ,252.86,255.1,251.42,251.6,78142
2024-09-08,002594.SZ,249.48,253.96,248.58,249.98,70851
2024-09-09,002594.SZ,250,252.8,248.62,249.65,61248
2024-09-10,002594.SZ,250,260.6,249.44,258.1,155361
2024-09-11,002594.SZ,258.7,260,257,257.01,77251
2024-09-12,002594.SZ,257.2,258,254.85,254.99,56992
2024-09-17,002594.SZ,255.02,259.33,254.1,258.43,66820
2024-09-18,002594.SZ,259.01,259.38,253.3,255.36,91043
2024-09-19,002594.SZ,255.38,258.8,252.88,256.1,89898
2024-09-22,002594.SZ,255.95,256.96,248.79,250,107583
2024-09-23,002594.SZ,253,255.5,246.76,254.29,156495
2024-09-24,002594.SZ,258,269.66,257.66,262.8,205710
2024-09-25,002594.SZ,264,269.7,262.1,269.61,149066
2024-09-26,002594.SZ,273,291.99,271.5,283.99,309922
2024-09-29,002594.SZ,290,308.08,290,307.31,388805
2024-10-07,002594.SZ,338.04,338.04,307.31,327.38,443439
2024-10-08,002594.SZ,315,320.71,300.5,305.69,325919
2024-10-09,002594.SZ,310,322,309.98,315.89,250167
2024-10-10,002594.SZ,314.02,314.02,296.01,300.05,186418
2024-10-13,002594.SZ,300.99,309.98,300.2,307,172365
2024-10-14,002594.SZ,305.5,308.38,298,298,122149
2024-10-15,002594.SZ,293,295.98,287,289.79,150322
2024-10-16,002594.SZ,292.51,297.85,289.12,289.42,102457
2024-10-17,002594.SZ,289.45,306.2,288.08,300.3,191092
2024-10-20,002594.SZ,303,308.6,300.9,306.45,157816
2024-10-21,002594.SZ,305,310.12,303,304.75,103733
2024-10-22,002594.SZ,304.75,311.8,302.68,308.88,126695
2024-10-23,002594.SZ,308.88,309.97,302.58,303.68,96885
2024-10-24,002594.SZ,304,311.8,304,308.14,139820
2024-10-27,002594.SZ,309,309,301.75,305.1,109324
2024-10-28,002594.SZ,309,310.28,303.8,305.4,118546
2024-10-29,002594.SZ,303,307.51,301.5,305.55,108448
2024-10-30,002594.SZ,302.01,302.99,293,293.19,240852
2024-10-31,002594.SZ,293.2,295.6,290.1,290.31,143041
2024-11-03,002594.SZ,296,308.92,295.61,306.98,217319
2024-11-04,002594.SZ,304.06,308.44,300.5,307.5,167820
2024-11-05,002594.SZ,308,309.75,298,300.36,184861
2024-11-06,002594.SZ,295.03,301.88,294,301.78,150676
2024-11-07,002594.SZ,307.12,307.52,297,297.9,166716
2024-11-10,002594.SZ,295,299.47,292.6,299.29,180859
2024-11-11,002594.SZ,300.15,310,299.31,300.81,246557
2024-11-12,002594.SZ,298,301.33,295.3,300.57,145116
2024-11-13,002594.SZ,300,300.3,294,294.75,124583
2024-11-14,002594.SZ,294.79,295.79,288.02,290,153236
2024-11-17,002594.SZ,290.01,292.95,286.66,288.68,116206
2024-11-18,002594.SZ,288.68,291.48,282.02,287.99,131947
2024-11-19,002594.SZ,288.01,290.4,285.5,288.46,106017
2024-11-20,002594.SZ,288.47,288.49,284,286,95533
2024-11-21,002594.SZ,285.5,285.86,278,278.49,125142
2024-11-24,002594.SZ,283,289.36,280.89,283,174533
2024-11-25,002594.SZ,280,286,277.88,281.01,95206
2024-11-26,002594.SZ,279.28,281,277,281,110003
2024-11-27,002594.SZ,281.2,281.56,273,274.58,158589
2024-11-28,002594.SZ,273,277.88,272.05,274.83,128005
2024-12-01,002594.SZ,276.61,284,274.08,282.4,151357
2024-12-02,002594.SZ,284.8,285.88,280.58,282.65,91450
2024-12-03,002594.SZ,281.34,283.33,278.8,279.98,85013
2024-12-04,002594.SZ,277.19,278.48,274.31,275.26,90268
2024-12-05,002594.SZ,275.67,281.98,274.01,280.28,124698
2024-12-08,002594.SZ,279.23,283.99,277.68,280.49,92153
2024-12-09,002594.SZ,293,294,282,282.55,175929
2024-12-10,002594.SZ,282.03,283.87,279.4,280.77,93360
2024-12-11,002594.SZ,280.1,283.68,278.4,283.68,100134
2024-12-12,002594.SZ,281.33,281.62,276.42,276.51,112359
2024-12-15,002594.SZ,276.52,278.18,273.58,274.95,71490
2024-12-16,002594.SZ,274.92,285.66,273.98,282.8,175682
2024-12-17,002594.SZ,283.25,286.88,282.63,284.65,84106
2024-12-18,002594.SZ,281.81,286.94,280,285.4,86729
2024-12-19,002594.SZ,285.01,286.75,280.2,280.2,96707
2024-12-22,002594.SZ,280.5,283.29,278.88,280.7,81516
2024-12-23,002594.SZ,279.89,288.51,279.13,288.42,142287
2024-12-24,002594.SZ,288.73,291.36,285.7,285.92,83391
2024-12-25,002594.SZ,285.92,286.8,284,284.86,67605
2024-12-26,002594.SZ,286.8,287.55,283,286.28,78683
2024-12-29,002594.SZ,287.2,289.5,283.33,284.99,82947
2024-12-30,002594.SZ,285,286.5,282,282.66,77620
2025-01-01,002594.SZ,283,283.08,269.42,271.1,168784
2025-01-02,002594.SZ,271.5,274.59,268.24,270.73,99365
2025-01-05,002594.SZ,271.94,273.89,269.03,271.28,82447
2025-01-06,002594.SZ,271.28,277.73,267.5,274.03,95722
2025-01-07,002594.SZ,272.99,273.99,265.81,269.18,109082
2025-01-08,002594.SZ,269,271.7,266.66,269.39,65613
2025-01-09,002594.SZ,269,270.39,264.78,266.02,80548
2025-01-12,002594.SZ,263,268.47,262.21,266,67214
2025-01-13,002594.SZ,266.34,277.15,266.01,276.3,125790
2025-01-14,002594.SZ,276.2,277.31,274.5,274.69,62336
2025-01-15,002594.SZ,274.7,277.33,270.53,272.76,72572
2025-01-16,002594.SZ,273.52,279.2,272.48,276.6,86142
2025-01-19,002594.SZ,279,286.43,278.92,284.43,135797
2025-01-20,002594.SZ,285,287.43,283,286.05,76441
2025-01-21,002594.SZ,285,286.3,279.8,282.5,81057
2025-01-22,002594.SZ,284.98,285,277,277.11,96174
2025-01-23,002594.SZ,276.51,280.5,276,279.08,68144
2025-01-26,002594.SZ,279.09,280.12,274.5,274.5,63408
2025-02-04,002594.SZ,282.73,286.75,281.6,282.8,145351
2025-02-05,002594.SZ,282.81,311.08,282.45,311.08,381459
2025-02-06,002594.SZ,320,330,314,326.9,487075
2025-02-09,002594.SZ,326.91,332,321.58,330.13,272711
2025-02-10,002594.SZ,339.3,340.3,326.01,329.9,280364
2025-02-11,002594.SZ,327.5,346.94,322.65,345.05,279357
2025-02-12,002594.SZ,341.2,346.35,339.5,341.3,199840
2025-02-13,002594.SZ,341.52,359.6,341.52,356.05,243645
2025-02-16,002594.SZ,356.05,358.8,344.5,348.5,232015
2025-02-17,002594.SZ,351.4,363.48,348.84,356.22,251797
2025-02-18,002594.SZ,353.52,360,353,358.5,161918
2025-02-19,002594.SZ,363.48,367.66,358.2,362.78,156937
2025-02-20,002594.SZ,366,386.5,365.23,383,239292
2025-02-23,002594.SZ,385,388.66,373.48,376.28,199407
2025-02-24,002594.SZ,370,380,368.81,372.49,161103
2025-02-25,002594.SZ,372.49,375.8,365,372.1,138529
2025-02-26,002594.SZ,382,383.99,371.01,375.5,168446
2025-02-27,002594.SZ,371.1,374.77,359.01,361.82,239304
2025-03-02,002594.SZ,369,370,357.79,360.21,152078
2025-03-03,002594.SZ,340.03,348,338.03,344.84,263453
2025-03-04,002594.SZ,347,355.19,347,353.96,139069
2025-03-05,002594.SZ,360.18,362.17,357,358.93,114601
2025-03-06,002594.SZ,358.9,361,355.24,356.4,87584
2025-03-09,002594.SZ,355.9,357.39,349,351,99177
2025-03-10,002594.SZ,345,351.77,344.88,350.38,95370
2025-03-11,002594.SZ,354.45,359.88,351,351,129511
2025-03-12,002594.SZ,351.87,357.36,351.13,354.5,102211
2025-03-13,002594.SZ,357,377.18,355.62,375.94,224697
2025-03-16,002594.SZ,382.32,383,375.96,380.25,133069
2025-03-17,002594.SZ,388.55,390,380.01,384.57,173339
2025-03-18,002594.SZ,384.53,399,382.54,397.07,188352
2025-03-19,002594.SZ,400,403.4,395.99,399.99,159413
2025-03-20,002594.SZ,393.01,393.31,370,372,282107
2025-03-23,002594.SZ,377,378.5,367.86,375.36,147894
2025-03-24,002594.SZ,377.98,379.6,368.98,369.59,123085
2025-03-25,002594.SZ,369.59,379,368,376.01,120205
2025-03-26,002594.SZ,376.1,391.28,376.09,386.5,144394
2025-03-27,002594.SZ,386.5,390.8,381.5,382.5,114940
2025-03-30,002594.SZ,380,383.28,374,374.9,115784
2025-03-31,002594.SZ,377.77,377.87,364.36,365.5,154072
2025-04-01,002594.SZ,365,365.67,358.88,360.5,117100
2025-04-02,002594.SZ,355.5,361.53,354.26,357.51,101023
2025-04-06,002594.SZ,333.34,337.7,321.76,321.76,273498
2025-04-07,002594.SZ,321.76,335.88,318,327.51,274644
2025-04-08,002594.SZ,319.8,328,313.66,324.6,211939
2025-04-09,002594.SZ,334.5,347.06,334,336.4,210896
2025-04-10,002594.SZ,337,357.55,336.4,354.98,189945
2025-04-13,002594.SZ,363.2,363.7,355.6,359,142069
2025-04-14,002594.SZ,364.6,365,357.33,359.97,116516
2025-04-15,002594.SZ,356.62,357,348.1,352.15,131828
2025-04-16,002594.SZ,349.94,353.45,346.67,349.68,85289
2025-04-17,002594.SZ,347.9,347.9,344,346,73860
2025-04-20,002594.SZ,346,349.87,345.24,348.76,74953
2025-04-21,002594.SZ,348.76,356.93,346.78,354.84,112122
2025-04-22,002594.SZ,377,378,367.23,371.99,247927
2025-04-23,002594.SZ,372.48,374.6,363.35,366,150892
2025-04-24,002594.SZ,370,375.3,368.1,370.83,133869
2025-04-27,002594.SZ,367.13,367.13,356.56,360,179783
2025-04-28,002594.SZ,359.1,360.63,353,355,118983
2025-04-29,002594.SZ,354.9,354.93,349.3,353.09,130479
2025-05-05,002594.SZ,360,362.3,355.92,359.96,148294
2025-05-06,002594.SZ,365,365.68,358.14,359.2,108840
2025-05-07,002594.SZ,356.52,361.98,355.7,359.28,83382
2025-05-08,002594.SZ,360.75,366,359.3,363.22,143726
2025-05-11,002594.SZ,365,370.28,360.58,370.28,161370
2025-05-12,002594.SZ,376,376.58,366.03,366.5,131771
2025-05-13,002594.SZ,366.5,373.1,363.36,373.1,135693
2025-05-14,002594.SZ,373,385,369.28,376.8,208801
2025-05-15,002594.SZ,375.03,390.99,373.58,389.17,229328
2025-05-18,002594.SZ,388,388,377,382.81,161373
2025-05-19,002594.SZ,383.5,394.8,381.5,394.8,172100
2025-05-20,002594.SZ,393.94,404,391.01,400,199479
2025-05-21,002594.SZ,399.98,405.56,398,398.8,146363
2025-05-22,002594.SZ,399,416.98,398.13,405,235574
2025-05-25,002594.SZ,401.81,403,380,381,309551
2025-05-26,002594.SZ,375.88,381,368.88,372.41,230275
2025-05-27,002594.SZ,372.41,372.95,362.07,362.88,177754
2025-05-28,002594.SZ,359.59,366,355.08,361.13,192061
2025-05-29,002594.SZ,357.02,358.8,351.3,352.3,190560
2025-06-02,002594.SZ,351.25,357.99,349,356,181893
2025-06-03,002594.SZ,359.5,364.32,358.15,360.52,146904
2025-06-04,002594.SZ,362.39,362.74,356.03,360.75,108613
2025-06-05,002594.SZ,361,362.38,357.5,359.96,89698
2025-06-08,002594.SZ,356.12,356.41,345.11,348.14,255091
2025-06-09,002594.SZ,349.6,355,348.23,353.13,171786
2025-06-10,002594.SZ,354.01,365.98,354.01,361.99,203107
2025-06-11,002594.SZ,359.89,359.89,353.01,353.24,144047
2025-06-12,002594.SZ,349.5,349.91,341.49,346,210240
2025-06-15,002594.SZ,345.99,347.04,340.8,344.43,102284
2025-06-16,002594.SZ,344,346.4,342.4,343.74,70045
2025-06-17,002594.SZ,342.82,349.2,341.97,346.95,102897
2025-06-18,002594.SZ,344.03,345.29,340.35,340.5,100381
2025-06-19,002594.SZ,340.03,342.97,339.8,340.25,73538
2025-06-22,002594.SZ,336.85,339.71,333.6,338.2,94593
2025-06-23,002594.SZ,341.23,346.2,341.23,343.38,144713
2025-06-24,002594.SZ,345.99,349.73,343.02,349.27,125738
2025-06-25,002594.SZ,344.31,344.31,336.83,337.44,204932
2025-06-26,002594.SZ,334,336.72,333.44,334.24,138617
2025-06-29,002594.SZ,334.24,334.24,328.59,331.91,144003
2025-06-30,002594.SZ,330.3,333.35,328.79,331.34,88518
2025-07-01,002594.SZ,332,333.86,328.93,330.66,93270
2025-07-02,002594.SZ,330.98,335.25,330.67,334.56,123498
2025-07-03,002594.SZ,332.55,334.99,329.77,331,104104
2025-07-06,002594.SZ,329.2,330.49,328.44,328.59,88208
2025-07-07,002594.SZ,327,329.78,325.72,326.88,116918
2025-07-08,002594.SZ,326.9,328.21,325.78,325.8,121633
2025-07-09,002594.SZ,325.81,326.09,318.85,321.23,210022
2025-07-10,002594.SZ,319.9,326.85,319.02,323.91,168270
2025-07-13,002594.SZ,323.91,323.91,317.56,318.49,172309
2025-07-14,002594.SZ,318.2,325,318,323.05,162791
2025-07-15,002594.SZ,323.06,325.91,323.06,323.72,110758
2025-07-16,002594.SZ,325,328.72,324.1,328.02,156891
2025-07-17,002594.SZ,329.13,329.5,325.25,329.11,136866
2025-07-20,002594.SZ,327.99,334.12,327.26,334.12,153945
2025-07-21,002594.SZ,335,342.01,333.21,341.69,214164
2025-07-22,002594.SZ,342.09,343,337,338.07,158907
2025-07-23,002594.SZ,338.08,346.54,337.63,342.72,189063
2025-07-24,002594.SZ,341,341.4,335,337.93,157041
2025-07-27,002594.SZ,337.93,339.1,335.53,337,117057
2025-07-28,002594.SZ,112.01,112.5,109.77,111.42,387360
2025-07-29,002594.SZ,108.05,111.16,107.12,108.7,524834
2025-07-30,002594.SZ,108.2,108.2,105,105.24,599499
2025-07-31,002594.SZ,104.95,106.24,104.36,105.8,362337
2025-08-03,002594.SZ,104,105.14,102.57,104.88,412937
2025-08-04,002594.SZ,104.88,105.21,103.78,104.86,338350
2025-08-05,002594.SZ,104.86,105,103.9,104.35,305620
2025-08-06,002594.SZ,104.27,106.43,104.16,105.33,428763
2025-08-07,002594.SZ,105,105.03,103.91,103.93,326615
2025-08-10,002594.SZ,103.88,105.66,103.23,105.52,356698
2025-08-11,002594.SZ,105.4,106.43,104.7,105.67,312195
2025-08-12,002594.SZ,106.29,107.65,105.84,106.83,459830
2025-08-13,002594.SZ,107.37,107.5,105.79,106.37,419548
2025-08-14,002594.SZ,105.85,106.64,105.32,106.07,361353
2025-08-17,002594.SZ,105.66,109.49,105.66,108.37,619252
2025-08-18,002594.SZ,108.67,108.92,107.18,107.63,389735
2025-08-19,002594.SZ,107.18,108.26,106.01,108.25,385053
2025-08-20,002594.SZ,107.8,108.83,107,107.1,449464
2025-08-21,002594.SZ,107.11,110.97,107.11,110.66,763120
2025-08-24,002594.SZ,111.31,112.49,110.31,111.61,611628
2025-08-25,002594.SZ,111.75,114.69,110.71,113.75,692916
2025-08-26,002594.SZ,113.96,114.06,110.66,110.68,689747
2025-08-27,002594.SZ,109.39,110.19,107.11,109.32,762522
2025-08-28,002594.SZ,108.88,116.59,108.12,114.06,1144902
2025-08-31,002594.SZ,108.5,111.48,108.5,109.7,1329867
2025-09-01,002594.SZ,108.79,111.1,108.6,110.02,773224
2025-09-02,002594.SZ,110.5,110.73,107.01,107.21,735223
2025-09-03,002594.SZ,106.59,107.09,103.71,104,815741
2025-09-04,002594.SZ,103.86,107.5,103.11,107.26,787524
2025-09-07,002594.SZ,106.15,107.13,105.51,106.25,555923
2025-09-08,002594.SZ,106,107.2,105.27,105.49,381636
2025-09-09,002594.SZ,105.52,106.45,105.02,105.2,322369
2025-09-10,002594.SZ,105.25,106.6,104.89,106.59,537781
2025-09-11,002594.SZ,106.6,107.58,105.9,105.91,455910
2025-09-14,002594.SZ,106,110.85,106,108.7,974804
2025-09-15,002594.SZ,109,109,107.22,107.8,533160
2025-09-16,002594.SZ,108.2,112,108.2,110.99,981240
2025-09-17,002594.SZ,110.99,112.8,108.56,109.71,934014
2025-09-18,002594.SZ,109.8,110.8,109,109.09,472977
2025-09-21,002594.SZ,108.87,108.91,107.15,107.99,491559
2025-09-22,002594.SZ,107.45,107.69,104.64,105.6,650963
2025-09-23,002594.SZ,105,105.83,104,105.71,548162
2025-09-24,002594.SZ,105.34,108.8,104.87,107.5,693482
2025-09-25,002594.SZ,107.45,111.23,107,107.29,756612
2025-09-28,002594.SZ,107,109.14,106.39,108.61,613984
2025-09-29,002594.SZ,108.19,109.98,107.76,109.21,567756
2025-10-08,002594.SZ,108.67,112.48,108.07,110.6,1008722
2025-10-09,002594.SZ,110.55,110.55,107.58,107.79,590103
2025-10-12,002594.SZ,105,105.98,104.1,105.69,744430
2025-10-13,002594.SZ,106.68,109.36,105.62,105.99,767786
2025-10-14,002594.SZ,106.45,107.51,105.5,107.1,475791
2025-10-15,002594.SZ,107,109.3,106.51,106.96,523096
2025-10-16,002594.SZ,106.6,106.63,104.26,104.43,625725
2025-10-19,002594.SZ,105.22,105.63,104.08,104.52,355615
2025-10-20,002594.SZ,104.69,105.07,104.24,104.76,299074
2025-10-21,002594.SZ,104.1,104.32,103.37,103.78,357874
2025-10-22,002594.SZ,103.3,103.73,102,103.69,378603
2025-10-23,002594.SZ,103.98,104.37,103.61,103.76,305543
2025-10-26,002594.SZ,104,104.97,103.88,104.01,345988
2025-10-27,002594.SZ,104.02,104.32,103.5,103.72,265416
2025-10-28,002594.SZ,103.73,105.18,103,104.52,397340
2025-10-29,002594.SZ,104,104.86,103.5,103.61,358989
2025-10-30,002594.SZ,101,101.32,100,100.79,637053
2025-11-02,002594.SZ,100.79,100.99,98.5,99.6,551670
2025-11-03,002594.SZ,99,99.54,97.71,97.8,435017
2025-11-04,002594.SZ,96.66,96.66,94.73,95.8,587215
2025-11-05,002594.SZ,95.58,97.75,95.4,97.52,402004
2025-11-06,002594.SZ,97,98.15,96.83,97.2,322561
2025-11-09,002594.SZ,97.35,100.35,97.35,99.39,554877
2025-11-10,002594.SZ,99.5,99.78,98.14,98.71,319858
2025-11-11,002594.SZ,98.8,98.99,97.54,97.77,260643
2025-11-12,002594.SZ,97.01,100.5,97.01,99.83,579990
2025-11-13,002594.SZ,99,100.5,98.33,98.37,342985
2025-11-16,002594.SZ,97.8,98.59,97.25,98.08,207248
2025-11-17,002594.SZ,97.54,97.85,96.02,96.49,304756
2025-11-18,002594.SZ,96.4,96.66,95.01,95.17,348292
2025-11-19,002594.SZ,95.17,95.5,93.5,93.61,391811
2025-11-20,002594.SZ,92.49,94.39,91.7,92.7,451713
2025-11-23,002594.SZ,93.1,94.41,92.2,93.93,327302
2025-11-24,002594.SZ,94,95.38,93.7,93.91,277489
2025-11-25,002594.SZ,94.75,95.44,94.45,95.09,306577
2025-11-26,002594.SZ,94.6,95.16,94.22,94.29,202280
2025-11-27,002594.SZ,94.6,95.23,94.2,95.17,219351
2025-11-30,002594.SZ,95.39,96.3,95.14,95.77,233713
2025-12-01,002594.SZ,96.42,97.8,96.25,96.62,359217
2025-12-02,002594.SZ,96.64,96.65,94.89,95.05,231573
2025-12-03,002594.SZ,94.92,95.29,94.2,95.24,166142
2025-12-04,002594.SZ,95.29,96.22,94.71,95.98,211618
2025-12-07,002594.SZ,96.21,97.15,96.21,96.53,247805
2025-12-08,002594.SZ,96.21,96.66,95.7,96.03,163227
2025-12-09,002594.SZ,95.6,96.65,94.9,96.47,198402
2025-12-10,002594.SZ,96.98,97.12,95.85,96.23,250908
2025-12-11,002594.SZ,96.2,97.7,95.65,97,554621
2025-12-14,002594.SZ,96.55,97.16,95.53,95.53,293301
2025-12-15,002594.SZ,95.5,95.7,94.14,94.25,258768
2025-12-16,002594.SZ,94.5,95.7,93.68,95.21,272825
2025-12-17,002594.SZ,94.39,94.6,93.5,93.53,252797
2025-12-18,002594.SZ,94,95.27,93.73,94.23,272068
2025-12-21,002594.SZ,94.7,95.36,94.25,94.37,206235
2025-12-22,002594.SZ,94.5,95.5,94.5,94.81,236617
2025-12-23,002594.SZ,94.8,94.8,94.05,94.42,192810
2025-12-24,002594.SZ,94.43,95.23,94.12,94.84,182202
2025-12-25,002594.SZ,95.28,101.45,95.25,100.01,1020959
2025-12-28,002594.SZ,100.5,101.3,99.6,100.21,519167
2025-12-29,002594.SZ,99.26,100.15,98.74,99.75,318756
2025-12-30,002594.SZ,99.98,100.2,97.38,97.72,402859
2026-01-04,002594.SZ,98.4,99.48,97.9,98.11,382625
2026-01-05,002594.SZ,98.22,100.5,98.12,99.99,521785
2026-01-06,002594.SZ,99.96,99.96,97.06,97.6,560849
2026-01-07,002594.SZ,97.2,97.2,96.33,96.88,300655
2026-01-08,002594.SZ,97.05,97.95,96.9,97.01,350341
2026-01-11,002594.SZ,97.01,98,96.3,97.47,425257
2026-01-12,002594.SZ,99,99.6,96.88,97.19,498723
2026-01-13,002594.SZ,96.81,97.74,95.51,96.1,514750
2026-01-14,002594.SZ,96.08,96.64,95.6,95.67,295635
2026-01-15,002594.SZ,96.7,97.44,95.6,95.86,384588
2026-01-18,002594.SZ,96.81,97.3,95.77,96.19,334927
2026-01-19,002594.SZ,96.22,96.26,94.68,94.74,389149
2026-01-20,002594.SZ,94.01,94.94,94,94.1,308334
2026-01-21,002594.SZ,94.72,95.13,93.89,94.12,291014
2026-01-22,002594.SZ,94.24,94.36,93.51,93.65,383303
2026-01-25,002594.SZ,93.65,93.66,92.5,92.63,375460
2026-01-26,002594.SZ,92.67,92.99,91.8,91.81,362981
2026-01-27,002594.SZ,91.8,93.5,90.01,93.34,715566
2026-01-28,002594.SZ,92.66,92.92,91.61,92.31,371825
2026-01-29,002594.SZ,92.27,92.27,90.7,90.89,329176
2026-02-01,002594.SZ,88,89.09,86.97,87.05,646974
2026-02-02,002594.SZ,87.2,87.4,85.88,87.37,377827
2026-02-03,002594.SZ,86.99,89.33,86.45,89.14,376505
2026-02-04,002594.SZ,88.5,91.23,88.33,90.11,354240
2026-02-05,002594.SZ,89.39,90.66,89,89.82,247088
2026-02-08,002594.SZ,90.5,90.65,89.83,90.06,208180
2026-02-09,002594.SZ,90,91.57,89.84,90.81,267605
2026-02-10,002594.SZ,90.88,92.95,90.88,92.28,396950
2026-02-11,002594.SZ,92.29,92.35,91.08,91.16,230313
2026-02-12,002594.SZ,90.05,91.09,89.88,90.27,217339
2026-02-23,002594.SZ,91.98,91.99,90.61,90.87,206445
2026-02-24,002594.SZ,90.89,92.79,90.89,91.45,324780
2026-02-25,002594.SZ,91.4,91.4,89.61,89.85,291019
2026-02-26,002594.SZ,89.4,89.94,89.1,89.32,219341
2026-03-01,002594.SZ,88,97.25,87.72,96.79,1435137
2026-03-02,002594.SZ,96.39,96.99,93.99,95.21,865741
2026-03-03,002594.SZ,95.2,96.8,93.7,95.99,700969
2026-03-04,002594.SZ,96.8,96.82,93.89,94.47,552440
2026-03-05,002594.SZ,96,96,93.25,93.62,503540
2026-03-08,002594.SZ,93.62,98,93,97.52,1093409
2026-03-09,002594.SZ,97.18,97.49,96.08,96.6,507462
2026-03-10,002594.SZ,96.75,100.34,95.67,99.22,903744
2026-03-11,002594.SZ,99.23,100.69,98.7,99.1,502524
2026-03-12,002594.SZ,99,100.79,98.3,99.67,519765
2026-03-15,002594.SZ,99.67,105,98.79,104.62,1087814
2026-03-16,002594.SZ,104.63,106.66,102.71,102.87,841389
2026-03-17,002594.SZ,102.82,102.82,100.05,101.69,617996
2026-03-18,002594.SZ,100.99,103.88,100.47,102.31,531059
2026-03-19,002594.SZ,102,104.45,101.56,103.03,628783
2026-03-22,002594.SZ,103.87,111.82,103.18,107.63,1782446
2026-03-23,002594.SZ,108.4,108.4,104.93,106.64,921446
2026-03-24,002594.SZ,106.72,107.66,105.28,106.6,662665
2026-03-25,002594.SZ,106.62,107.68,102.7,103.14,828121
2026-03-26,002594.SZ,103.99,105.89,102.75,105.3,658455
2026-03-29,002594.SZ,103.51,108,103.25,106.05,727557
2026-03-30,002594.SZ,107,108.49,105.1,105.25,588659
2026-03-31,002594.SZ,105.9,106.5,102.37,102.65,715198
2026-04-01,002594.SZ,102.49,103.48,100.5,101.65,604349
2026-04-02,002594.SZ,101.8,102.3,99,99.01,491745
2026-04-06,002594.SZ,99.5,99.77,97.45,97.98,379697
2026-04-07,002594.SZ,98.5,101.28,98.11,101.22,562818
2026-04-08,002594.SZ,100.21,100.21,98.81,99.03,379063
2026-04-09,002594.SZ,99.39,102.2,99.03,101.67,605731
2026-04-12,002594.SZ,101.57,104.99,100.81,104.25,663136
2026-04-13,002594.SZ,103,104.19,102.5,103.82,543343
2026-04-14,002594.SZ,103.82,104.77,102.5,103.03,428719
2026-04-15,002594.SZ,103.28,105.97,103.28,105.54,643661
2026-04-16,002594.SZ,104.99,105.46,103.12,103.78,442048
2026-04-19,002594.SZ,103.78,103.95,102.62,102.91,383677
2026-04-20,002594.SZ,102.91,103.19,101.33,101.53,432258
2026-04-21,002594.SZ,101.11,102.38,100.6,101.62,343733
2026-04-22,002594.SZ,101.57,101.59,99.01,99.98,492164
2026-04-23,002594.SZ,99.91,99.91,98.7,99.46,337739
2026-04-26,002594.SZ,100,104,99.88,102.34,601670
2026-04-27,002594.SZ,101.85,103.3,101.34,101.48,361550
2026-04-28,002594.SZ,101.47,105.64,101,105.4,1056558
2026-04-29,002594.SZ,104.54,105.45,102.37,102.98,600979
2026-05-05,002594.SZ,101.7,101.89,100.2,100.75,670487
2026-05-06,002594.SZ,101.05,101.26,100.01,100.46,468846
2026-05-07,002594.SZ,100.47,101,99.8,100.02,382158
2026-05-10,002594.SZ,100.02,100.73,99,100.44,482810
2026-05-11,002594.SZ,99.97,100.1,99.1,99.23,353441
2026-05-12,002594.SZ,99.23,99.25,97.81,98.6,456194
2026-05-13,002594.SZ,99,100,98.45,98.73,339180
2026-05-14,002594.SZ,98,98.03,96.26,96.3,466217
2026-05-17,002594.SZ,95.34,95.94,94.3,94.51,354613
2026-05-18,002594.SZ,94.51,96.08,93.8,96,296184
2026-05-19,002594.SZ,95.3,95.49,93.3,93.36,415010
2026-05-20,002594.SZ,93.41,96.2,93.41,93.51,373950
2026-05-21,002594.SZ,93.55,94.19,92.61,93.75,268592
2026-05-24,002594.SZ,95,97.21,95,95.96,405995
2026-05-25,002594.SZ,95.8,96.92,94.51,96.55,386524
2026-05-26,002594.SZ,96,97.27,94.66,95.22,362374
2026-05-27,002594.SZ,95.22,95.99,94.03,95.88,314590
2026-05-28,002594.SZ,98.9,99.5,96.13,96.18,606294
2026-05-31,002594.SZ,96.18,96.22,93.6,93.65,445981
2026-06-01,002594.SZ,96,96.88,94.31,96.76,554964
2026-06-02,002594.SZ,96,96,94.5,94.82,370434
2026-06-03,002594.SZ,93.6,94.39,93.1,93.44,318712
2026-06-04,002594.SZ,93.52,94,92.3,93.01,339969
2026-06-07,002594.SZ,91,92.02,90.3,91.19,316844
2026-06-08,002594.SZ,91.22,91.92,90.03,91.89,281927
2026-06-09,002594.SZ,91,91,90.1,90.31,241287
2026-06-10,002594.SZ,90.1,90.8,88.88,89.8,315087
2026-06-11,002594.SZ,89.9,91.78,89.25,91.6,385352
2026-06-14,002594.SZ,91.61,91.9,90.4,90.82,312979
2026-06-15,002594.SZ,90.35,90.5,89.5,89.64,336019
2026-06-16,002594.SZ,89,89.3,87,87.47,495267
2026-06-17,002594.SZ,87,89.33,86.08,88.13,435790
2026-06-21,002594.SZ,87,87.9,84.6,87.59,637242
2026-06-22,002594.SZ,86.91,88.32,84.75,85,466217
2026-06-23,002594.SZ,84.5,84.7,82.78,83.3,455735
2026-06-24,002594.SZ,82.8,83.81,81.34,82.2,556432
2026-06-25,002594.SZ,81.51,81.8,78.2,78.2,663208
2026-06-28,002594.SZ,78.2,80.95,77.6,79.64,523707
2026-06-29,002594.SZ,79.58,80.55,78.58,79.7,382043
2026-06-30,002594.SZ,79.9,81.65,78.55,80.66,503177
2026-07-01,002594.SZ,81.9,85.67,81.9,83.57,825046
2026-07-02,002594.SZ,83.73,88.88,83.6,88.47,838982
2026-07-05,002594.SZ,88.52,88.95,86.61,87.54,485828
2026-07-06,002594.SZ,87.66,88.81,85.87,86.26,389470
2026-07-07,002594.SZ,86.01,88.34,85.28,87.8,403809
2026-07-08,002594.SZ,86.5,87.77,85.8,86.87,377393
2026-07-09,002594.SZ,86.84,90.83,84.88,90,709332
2026-07-12,002594.SZ,89,89,86.78,86.98,424585
2026-07-13,002594.SZ,86.89,90.68,86.5,90.18,547075
2026-07-14,002594.SZ,89.65,93.48,89.45,91.76,514154
2026-07-15,002594.SZ,91.74,94.76,91.15,94.14,607204
2026-07-16,002594.SZ,94.14,95.95,91.9,93.47,687346
2026-07-19,002594.SZ,93.49,95.28,92.77,93.92,439890
2026-07-20,002594.SZ,93.93,96.8,93.35,94.3,671593
2026-07-21,002594.SZ,92.63,93,90.51,91.57,603550
2026-07-22,002594.SZ,90.77,92.87,90.01,92.65,338014
2026-07-23,002594.SZ,91.53,93.08,91.31,91.89,243034
2026-07-26,002594.SZ,92.32,93.2,91.53,92.4,265332
2026-07-27,002594.SZ,92.02,94.61,92.02,93.35,364015
2026-07-28,002594.SZ,93.55,96.27,93.1,94.85,514457
2026-07-29,002594.SZ,94.92,96.66,94.75,96.2,480361
2026-07-30,002594.SZ,93.72,95.86,93.13,95.77,436131
2026-08-02,002594.SZ,96.03,96.59,94.1,94.45,363897
2026-08-03,002594.SZ,94.45,94.49,90.8,91.15,667715
2026-08-04,002594.SZ,91.08,91.18,89.15,90.82,515598
2026-08-05,002594.SZ,90.5,91.15,89.23,89.45,367372
2026-08-06,002594.SZ,89.77,90.28,88.55,90.04,407016
2026-08-09,002594.SZ,90.04,91.8,89.4,91.15,385737
2026-08-10,002594.SZ,91.18,91.66,89.93,90.12,242228
2026-08-11,002594.SZ,90,91.14,89.4,90.41,208188
2026-08-12,002594.SZ,90.37,90.7,89.7,89.71,226654
2026-08-13,002594.SZ,89.3,89.68,88.69,88.9,205856
2026-08-16,002594.SZ,88.9,90.44,88.61,89.88,246255
2026-08-17,002594.SZ,89.88,90.38,89.23,89.53,206369
2026-08-18,002594.SZ,89.53,89.53,88.44,88.66,219606
2026-08-19,002594.SZ,89.05,91,88.89,90.48,358074
2026-08-20,002594.SZ,90.35,91.08,89.72,90.47,178862
2026-08-23,002594.SZ,90.01,91.49,89.4,90.66,273647
2026-08-24,002594.SZ,90.49,91.5,89.91,91.36,274502
2026-08-25,002594.SZ,91.2,93.23,91.06,92.09,282823
2026-08-26,002594.SZ,91.7,92.18,91.17,91.49,177014
2026-08-27,002594.SZ,91.38,92.48,90.9,92.32,250318
2026-08-30,002594.SZ,91.56,92.54,88.1,88.2,640400
2026-08-31,002594.SZ,88.4,89.86,88.25,88.71,288589
2026-09-01,002594.SZ,88.48,89,86.6,86.8,346800
2026-09-02,002594.SZ,86.96,87.86,86.96,87.31,203734
2026-09-03,002594.SZ,87.38,88.55,87.26,87.4,203431
2026-09-06,002594.SZ,86.89,87.34,86.2,86.51,219265
2026-09-07,002594.SZ,86.39,86.7,85.43,86.57,197267
2026-09-08,002594.SZ,86.57,86.58,85.5,85.88,181858
2026-09-09,002594.SZ,85.11,85.19,83.48,83.52,330732
2026-09-10,002594.SZ,83.17,84.48,82.66,84,272935
2026-09-13,002594.SZ,84.01,85.95,83.75,85.43,289599
2026-09-14,002594.SZ,85.75,85.99,84.2,84.3,193562
2026-09-15,002594.SZ,84.11,84.55,83.45,83.96,176423
2026-09-16,002594.SZ,83.8,85.56,83.11,84.97,261479
2026-09-17,002594.SZ,84,84.67,83.27,84.3,299925
2026-09-20,002594.SZ,84.27,85.29,84.11,85.22,248322
2026-09-21,002594.SZ,85.59,87.2,85.46,86.58,336847
2026-09-22,002594.SZ,86,86.55,85.66,85.85,173155
2026-09-23,002594.SZ,85.7,86.02,84.23,84.34,182216
2026-09-27,002594.SZ,83.61,84.28,83.18,83.35,182365
2026-09-28,002594.SZ,83.2,83.42,81.7,82.02,216056
2026-09-29,002594.SZ,82.1,83.47,81.7,83.31,216673
2022-08-16,600941.SH,62.18,62.47,61.65,62.25,37719
2022-08-17,600941.SH,62,63.12,61.79,62.7,43416
2022-08-18,600941.SH,62.3,64.15,62.3,63.62,64659
2022-08-21,600941.SH,63.62,65.7,63.3,65.2,93978
2022-08-22,600941.SH,65.01,65.18,64.3,64.92,52826
2022-08-23,600941.SH,64.88,65.3,63.6,64.21,55829
2022-08-24,600941.SH,64.06,65.9,64.06,65.26,70024
2022-08-25,600941.SH,65,65.55,64.63,65.17,49474
2022-08-28,600941.SH,64.7,65.18,63.81,63.82,54855
2022-08-29,600941.SH,64.15,64.34,62.93,64.1,50284
2022-08-30,600941.SH,64.08,65.77,63.91,64.02,98416
2022-08-31,600941.SH,64.12,65.08,64.03,64.46,44437
2022-09-01,600941.SH,64.46,64.83,63.71,64.18,36135
2022-09-04,600941.SH,64.18,66.2,63.99,65.1,82436
2022-09-05,600941.SH,63.77,63.77,62.29,62.96,74777
2022-09-06,600941.SH,62.79,63.76,62.5,63.67,46763
2022-09-07,600941.SH,63.62,65.18,63.4,64.81,65655
2022-09-08,600941.SH,64.75,66.09,64.75,65.37,56447
2022-09-12,600941.SH,65.32,65.7,64.25,64.79,48004
2022-09-13,600941.SH,64.22,64.63,63.56,64.04,42743
2022-09-14,600941.SH,64.04,64.6,63.78,64.38,46439
2022-09-15,600941.SH,64.24,64.38,63.45,63.5,59828
2022-09-18,600941.SH,63.5,64.6,63.03,64.36,58782
2022-09-19,600941.SH,64.41,64.89,63.85,64.38,38945
2022-09-20,600941.SH,64.1,64.59,63.91,64,32345
2022-09-21,600941.SH,63.77,64.95,62.54,64.52,62221
2022-09-22,600941.SH,64.28,68.89,64.21,68.4,142086
2022-09-25,600941.SH,67.96,68.16,65.66,66.19,114647
2022-09-26,600941.SH,66.28,68.61,66.12,68.17,98989
2022-09-27,600941.SH,67.5,69.27,67.03,67.09,95322
2022-09-28,600941.SH,67,67.98,66.72,67.5,42430
2022-09-29,600941.SH,67.02,68.96,66.5,68.33,49695
2022-10-09,600941.SH,68.23,72.27,68.08,71.14,135090
2022-10-10,600941.SH,70.98,71.85,69.68,70.95,65829
2022-10-11,600941.SH,70.39,72.5,70.39,71.13,65283
2022-10-12,600941.SH,70.51,71.54,69.96,70.58,70891
2022-10-13,600941.SH,70.58,71.07,68.38,68.86,109930
2022-10-16,600941.SH,68.68,70.47,68.5,69.27,72474
2022-10-17,600941.SH,68.88,70.23,68.3,68.94,70731
2022-10-18,600941.SH,68.3,70.35,68.11,70.2,77353
2022-10-19,600941.SH,69.6,71.5,68.46,69.14,85231
2022-10-20,600941.SH,67,69.38,66,67.85,98842
2022-10-23,600941.SH,68,68.76,66.74,67.19,79274
2022-10-24,600941.SH,67.23,67.84,65.33,66.49,74076
2022-10-25,600941.SH,66.49,67.5,65.81,66.28,69138
2022-10-26,600941.SH,66.42,68.84,66.06,68.05,81952
2022-10-27,600941.SH,67.8,68.39,66.87,66.98,58741
2022-10-30,600941.SH,66.63,67.9,65.98,67.2,61347
2022-10-31,600941.SH,66.77,70.25,66.77,69.4,85567
2022-11-01,600941.SH,69.2,70.17,67.88,68.92,91723
2022-11-02,600941.SH,68.92,68.92,66.9,67.15,84978
2022-11-03,600941.SH,67.01,68.75,66.8,67.85,86978
2022-11-06,600941.SH,67.61,67.84,65.91,66.14,90279
2022-11-07,600941.SH,66.16,66.8,65.88,66.61,63479
2022-11-08,600941.SH,66.59,66.67,66.02,66.27,43908
2022-11-09,600941.SH,66.1,66.44,65.93,65.97,47174
2022-11-10,600941.SH,66.64,67.08,65.85,66.67,73188
2022-11-13,600941.SH,66.67,66.7,64.59,64.9,97686
2022-11-14,600941.SH,64.51,65.69,64.51,65.22,72489
2022-11-15,600941.SH,65.23,65.8,65,65.25,45831
2022-11-16,600941.SH,65.3,65.88,64.51,64.83,67203
2022-11-17,600941.SH,64.98,66.87,64.78,66.26,94480
2022-11-20,600941.SH,66.05,67.53,66.02,66.16,70622
2022-11-21,600941.SH,66.01,71.12,65.9,70.1,246257
2022-11-22,600941.SH,69.69,69.94,68,68.57,85077
2022-11-23,600941.SH,68.24,69.19,67.98,68.11,49964
2022-11-24,600941.SH,68.03,72.12,67.66,72,145564
2022-11-27,600941.SH,71.5,72.4,71.03,72.3,89136
2022-11-28,600941.SH,72.15,72.4,70.6,71.15,95306
2022-11-29,600941.SH,71.19,76,70.7,73.81,158193
2022-11-30,600941.SH,73.53,77.33,72.51,73.91,178579
2022-12-01,600941.SH,72.77,73.79,72.01,72.44,82396
2022-12-04,600941.SH,72.69,77.8,72.69,77.59,168438
2022-12-05,600941.SH,76.8,79.24,76.66,76.81,127182
2022-12-06,600941.SH,76.4,76.8,73.36,73.6,127288
2022-12-07,600941.SH,73.56,73.56,71.6,71.95,86856
2022-12-08,600941.SH,71.98,73.4,71.6,72.89,75228
2022-12-11,600941.SH,71.99,75.16,71.7,73.75,87892
2022-12-12,600941.SH,73.3,75,72.78,73.4,49923
2022-12-13,600941.SH,73.66,73.66,71.88,72.17,53375
2022-12-14,600941.SH,71.78,72.79,71.78,71.85,36819
2022-12-15,600941.SH,71.48,71.76,70.61,70.98,67444
2022-12-18,600941.SH,71.1,71.23,68.74,68.78,76084
2022-12-19,600941.SH,68.99,69.74,68.19,69,62414
2022-12-20,600941.SH,68.94,69.74,68.8,69,43840
2022-12-21,600941.SH,69.28,70.87,68.73,69.54,82332
2022-12-22,600941.SH,69.3,69.52,68.25,69.45,50613
2022-12-25,600941.SH,69.1,71.23,69.02,71.15,68130
2022-12-26,600941.SH,71.33,72.55,70.7,72.01,47820
2022-12-27,600941.SH,71.79,72.37,70.5,71,41414
2022-12-28,600941.SH,70.8,70.96,68.61,68.8,76495
2022-12-29,600941.SH,68.6,68.84,67.48,67.67,95318
2023-01-02,600941.SH,67.67,72.18,67.5,71.95,126785
2023-01-03,600941.SH,71.8,73.88,71.5,73.37,92356
2023-01-04,600941.SH,73.07,75.9,73.07,73.99,109532
2023-01-05,600941.SH,73.85,74.03,72,73.46,79009
2023-01-08,600941.SH,73.39,74.65,73.13,73.34,63217
2023-01-09,600941.SH,73.34,73.92,72.61,73.06,33190
2023-01-10,600941.SH,72.99,74.49,72.88,74.29,60125
2023-01-11,600941.SH,74.3,76.92,73.8,75.95,89707
2023-01-12,600941.SH,76.05,77.1,74.82,75.45,102256
2023-01-15,600941.SH,75.45,75.45,73.19,73.81,102754
2023-01-16,600941.SH,73.82,74.2,72.9,73.43,57301
2023-01-17,600941.SH,73.43,75.1,73.39,74.52,60517
2023-01-18,600941.SH,74.41,75.1,74.18,74.58,34258
2023-01-19,600941.SH,74.65,78.85,74.52,77.87,131391
2023-01-29,600941.SH,78.97,79.2,75.51,75.6,118753
2023-01-30,600941.SH,75.21,76.3,75.13,76.16,52247
2023-01-31,600941.SH,75.99,78.2,75.7,77.05,101866
2023-02-01,600941.SH,77.02,78.08,76.51,76.61,58163
2023-02-02,600941.SH,76.2,78.05,75.65,77.81,68134
2023-02-05,600941.SH,77.25,79.2,77.25,78.35,79065
2023-02-06,600941.SH,78.26,78.43,76.3,76.8,69800
2023-02-07,600941.SH,76.81,77.38,75.93,76.28,37339
2023-02-08,600941.SH,76,76.93,75.8,76.7,51622
2023-02-09,600941.SH,76.5,76.9,75.74,76.1,62563
2023-02-12,600941.SH,76.11,76.58,75.89,76.2,54450
2023-02-13,600941.SH,76.25,76.8,74.72,75.26,68814
2023-02-14,600941.SH,74.5,76.29,74,76,110165
2023-02-15,600941.SH,75.62,82,75.58,77.8,213097
2023-02-16,600941.SH,77.51,78.5,75.45,75.8,103561
2023-02-19,600941.SH,76.19,81.5,76.19,80.72,185303
2023-02-20,600941.SH,80.8,80.96,78.7,80,130602
2023-02-21,600941.SH,79,79.44,77.91,78.14,77919
2023-02-22,600941.SH,78.01,78.79,77.55,78.18,54857
2023-02-23,600941.SH,78.21,78.29,77.41,77.89,55219
2023-02-26,600941.SH,77.8,79.45,77.28,78.5,78444
2023-02-27,600941.SH,80,81.7,79.15,80.6,177397
2023-02-28,600941.SH,80.52,85.95,80.08,84.61,255678
2023-03-01,600941.SH,83.9,86.28,83.5,84.73,148793
2023-03-02,600941.SH,84.54,88.98,84.06,86.9,171934
2023-03-05,600941.SH,88.02,93.59,87.5,89.6,260270
2023-03-06,600941.SH,89.4,91,85.18,86.36,280196
2023-03-07,600941.SH,85.3,88.6,84.8,88.55,200812
2023-03-08,600941.SH,87.53,93.47,85.66,90.61,267347
2023-03-09,600941.SH,89.73,93.88,88.73,89.4,209633
2023-03-12,600941.SH,90.25,98.34,90.25,98.34,345486
2023-03-13,600941.SH,98.34,100.58,96.7,98.17,319877
2023-03-14,600941.SH,98.17,99.47,95,99.23,269509
2023-03-15,600941.SH,98,102.72,97.61,100.06,300733
2023-03-16,600941.SH,99.18,101.25,98.1,101.1,276716
2023-03-19,600941.SH,100.4,100.88,91.2,91.96,518132
2023-03-20,600941.SH,91.21,92.7,90.11,91.6,297253
2023-03-21,600941.SH,91.17,93.48,89.77,92.06,272387
2023-03-22,600941.SH,91.43,93.93,90.22,93.08,322405
2023-03-23,600941.SH,92.9,92.99,88.08,90.86,445039
2023-03-26,600941.SH,89.91,90.15,86.74,87.95,353085
2023-03-27,600941.SH,87.96,89.3,87.4,88.46,255093
2023-03-28,600941.SH,87.8,89.39,86.05,88.8,222890
2023-03-29,600941.SH,88,88.46,84.79,86.34,259436
2023-03-30,600941.SH,86.39,90.77,86.39,89.97,255055
2023-04-02,600941.SH,89.3,93.5,88.18,92.72,314706
2023-04-03,600941.SH,92,99.29,91.66,97.19,361106
2023-04-05,600941.SH,95.51,98.46,94.2,97.19,194966
2023-04-06,600941.SH,96.69,98.89,95.79,96.52,143078
2023-04-09,600941.SH,96.54,99.42,95.66,97.25,190967
2023-04-10,600941.SH,97.28,97.28,93,94.59,179569
2023-04-11,600941.SH,94.2,98.6,93.79,97.25,165869
2023-04-12,600941.SH,96.8,98.32,94.75,95.1,156026
2023-04-13,600941.SH,95.1,99.6,94.54,98.3,184352
2023-04-16,600941.SH,98.29,103,97.2,102.81,260663
2023-04-17,600941.SH,102.7,106,101,105.68,250308
2023-04-18,600941.SH,104.5,104.96,100.78,101.68,194774
2023-04-19,600941.SH,100.88,104.25,99.64,102.7,215824
2023-04-20,600941.SH,101.64,105.5,99.89,101.29,227761
2023-04-23,600941.SH,100.3,102.89,99.3,100.8,149583
2023-04-24,600941.SH,100.32,103.4,99.5,101.9,169219
2023-04-25,600941.SH,100.99,101.39,96,97.48,184623
2023-04-26,600941.SH,96.48,100,96.05,99.4,115896
2023-04-27,600941.SH,99,101.6,98.77,101.12,122433
2023-05-03,600941.SH,100.97,104,99.9,103.84,155699
2023-05-04,600941.SH,103.05,104.51,100.94,101.97,109684
2023-05-07,600941.SH,103.1,109.59,102.01,107.65,259409
2023-05-08,600941.SH,107.18,107.5,103,103.72,147612
2023-05-09,600941.SH,103.1,104.28,101.6,103,110721
2023-05-10,600941.SH,102.35,102.5,97.95,99.95,175272
2023-05-11,600941.SH,99.87,100.96,96,96.14,187046
2023-05-14,600941.SH,95.5,97.69,92.48,96.91,220996
2023-05-15,600941.SH,96.5,97.21,94.18,94.23,133217
2023-05-16,600941.SH,93,93.2,90.2,91.09,247628
2023-05-17,600941.SH,91.52,93.68,91.1,92.4,184083
2023-05-18,600941.SH,92.09,93.9,90.88,93.11,132528
2023-05-21,600941.SH,92.9,95.68,92.2,94.47,137277
2023-05-22,600941.SH,94,95.3,91.57,91.6,127773
2023-05-23,600941.SH,91.35,92.22,90.11,90.29,131841
2023-05-24,600941.SH,90.39,91.6,88.94,91.5,135174
2023-05-25,600941.SH,91,94.6,90.91,93.77,180015
2023-05-28,600941.SH,93.8,95.99,93.8,94.45,112756
2023-05-29,600941.SH,93.92,96.9,93.22,96.46,146456
2023-05-30,600941.SH,96.02,98.01,95.7,96.4,125267
2023-05-31,600941.SH,96.3,99.01,95.98,98.84,144268
2023-06-01,600941.SH,99,99.95,97.5,99.29,98851
2023-06-04,600941.SH,99.36,99.66,97.25,97.5,90066
2023-06-05,600941.SH,97.6,99.36,97.36,98.33,85669
2023-06-06,600941.SH,96.68,97.6,94.9,95.85,78343
2023-06-07,600941.SH,95.8,97.68,94.85,96.9,79543
2023-06-08,600941.SH,96.7,102.66,96.17,102.66,146586
2023-06-11,600941.SH,100.68,102,99.2,99.8,101169
2023-06-12,600941.SH,99.69,100.55,96.5,97.52,145090
2023-06-13,600941.SH,97.3,97.4,95.83,96.5,122010
2023-06-14,600941.SH,96.81,97.89,95.95,97.17,109568
2023-06-15,600941.SH,97.16,97.3,95.2,95.74,144971
2023-06-18,600941.SH,95.78,96.48,93.06,96,172823
2023-06-19,600941.SH,95.6,96.06,93.98,94.5,116509
2023-06-20,600941.SH,93.59,93.97,92,92.33,150718
2023-06-25,600941.SH,91.32,95,91.14,93.04,134072
2023-06-26,600941.SH,93.55,96.2,92.8,94.45,136789
2023-06-27,600941.SH,94.03,94.38,92.78,93.44,91230
2023-06-28,600941.SH,92.85,94.65,92.85,94.02,83172
2023-06-29,600941.SH,93.55,94.19,92.9,93.3,82523
2023-07-02,600941.SH,93.3,95.82,92.42,94.8,143198
2023-07-03,600941.SH,94.44,95.5,94.31,95.19,93822
2023-07-04,600941.SH,95.01,95.54,93.83,94.32,87123
2023-07-05,600941.SH,94.31,95.2,93.72,94.21,62116
2023-07-06,600941.SH,93.8,94.5,92.89,93.19,61291
2023-07-09,600941.SH,93.37,94.34,92.58,93,53787
2023-07-10,600941.SH,93.03,93.98,92.89,93.35,53773
2023-07-11,600941.SH,93.35,93.35,90.75,90.9,141995
2023-07-12,600941.SH,91.4,92.45,90.8,91.91,96023
2023-07-13,600941.SH,91.9,97.85,91.89,95.35,292335
2023-07-16,600941.SH,95.3,97.42,94.4,95.28,137324
2023-07-17,600941.SH,94.9,95.82,94.5,95.11,55586
2023-07-18,600941.SH,95.11,96.23,94.73,95.25,45714
2023-07-19,600941.SH,95.34,95.62,94.52,94.69,57570
2023-07-20,600941.SH,94.5,95.35,93.85,94.8,44894
2023-07-23,600941.SH,94.69,96.86,94.2,96.55,91763
2023-07-24,600941.SH,97.49,97.75,95,95.5,106621
2023-07-25,600941.SH,95.5,95.73,94.3,94.6,48366
2023-07-26,600941.SH,94.6,95.15,93.96,94.2,54180
2023-07-27,600941.SH,93.85,95.7,92.9,95.06,116298
2023-07-30,600941.SH,95.2,95.4,93.49,93.75,138274
2023-07-31,600941.SH,93.6,94.46,93.26,94.29,62135
2023-08-01,600941.SH,94.08,94.22,93.33,93.39,51225
2023-08-02,600941.SH,93.3,94.23,93.18,93.63,55428
2023-08-03,600941.SH,93.98,97.5,93.9,96.91,195465
2023-08-06,600941.SH,96.01,96.62,95.4,96.32,69255
2023-08-07,600941.SH,96.3,97.33,96,96.74,51129
2023-08-08,600941.SH,96.69,96.99,96.12,96.22,39533
2023-08-09,600941.SH,96.65,97.73,96.26,97.48,67630
2023-08-10,600941.SH,97.8,100.46,97.2,98,155432
2023-08-13,600941.SH,97,100.2,96.9,99.59,135270
2023-08-14,600941.SH,99.61,100.18,98.66,99.59,85385
2023-08-15,600941.SH,99.35,100.2,95.01,96.49,120834
2023-08-16,600941.SH,95.86,96.58,95,96.33,67314
2023-08-17,600941.SH,96.3,96.79,94.2,94.41,59059
2023-08-20,600941.SH,94.7,98.87,94.6,97.36,121868
2023-08-21,600941.SH,98.01,100.98,97.13,100.45,159235
2023-08-22,600941.SH,99.9,100.5,98.91,99.21,84302
2023-08-23,600941.SH,99.36,99.75,97.02,97.99,93482
2023-08-24,600941.SH,97,98.25,96.07,97.59,78982
2023-08-27,600941.SH,100.95,101.43,98,98.55,113085
2023-08-28,600941.SH,98.3,99.82,97.77,98.35,94990
2023-08-29,600941.SH,98.43,98.79,97.85,98.66,77062
2023-08-30,600941.SH,98.8,100.88,98.5,100.48,124466
2023-08-31,600941.SH,98.29,98.29,96.33,96.9,88157
2023-09-03,600941.SH,96.99,99.31,96.99,97.98,89873
2023-09-04,600941.SH,97.97,98,96.59,96.99,61806
2023-09-05,600941.SH,96.87,96.89,95.24,96.05,60528
2023-09-06,600941.SH,95.99,97,95.6,96.31,49107
2023-09-07,600941.SH,96.01,98.87,95.71,97.67,77266
2023-09-10,600941.SH,98.4,99.2,97.65,98.46,63091
2023-09-11,600941.SH,98.55,99.82,97.96,99.4,53798
2023-09-12,600941.SH,99.48,99.85,98.81,99.63,57787
2023-09-13,600941.SH,99.66,102.22,99.63,101.37,94703
2023-09-14,600941.SH,101,102.32,100.28,101.97,71322
2023-09-17,600941.SH,101.54,101.54,98.95,99.23,83950
2023-09-18,600941.SH,99.3,101.2,99.17,100.88,65112
2023-09-19,600941.SH,101.13,102.16,100.2,100.4,44009
2023-09-20,600941.SH,100.4,101,99.8,100.38,46285
2023-09-21,600941.SH,100.23,100.38,98.58,99.86,67777
2023-09-24,600941.SH,99.96,99.97,98.68,99.21,52405
2023-09-25,600941.SH,99.19,99.77,96.59,97.18,100312
2023-09-26,600941.SH,97.21,97.5,96.83,97.25,48069
2023-09-27,600941.SH,97.57,97.63,96.2,96.82,71667
2023-10-08,600941.SH,96.82,99.93,96.3,99.03,107183
2023-10-09,600941.SH,98.91,99.33,98,98.72,43405
2023-10-10,600941.SH,98.73,98.9,97.4,98.25,49287
2023-10-11,600941.SH,98.9,99.58,97.85,98.68,52820
2023-10-12,600941.SH,98.68,100.38,98.32,99.73,64088
2023-10-15,600941.SH,99.74,100.7,99.03,99.86,52232
2023-10-16,600941.SH,100.3,104.09,99.5,103.42,120770
2023-10-17,600941.SH,102.9,103.42,101.75,102.6,60304
2023-10-18,600941.SH,102.05,102.38,100.19,100.49,66600
2023-10-19,600941.SH,100.5,100.7,97.7,98.49,80858
2023-10-22,600941.SH,98,99.2,97.5,98.75,70263
2023-10-23,600941.SH,98.7,99.28,95.38,96,150116
2023-10-24,600941.SH,96.39,96.4,91.21,91.9,234047
2023-10-25,600941.SH,90.53,92.88,90.03,92.81,112670
2023-10-26,600941.SH,92.38,93.26,92,92.89,78958
2023-10-29,600941.SH,92.09,92.8,89.5,91.17,158185
2023-10-30,600941.SH,91,92.93,90.61,92.34,100996
2023-10-31,600941.SH,92,93.97,91,93.5,88829
2023-11-01,600941.SH,93.49,94.18,92.88,93.68,66142
2023-11-02,600941.SH,93.6,94.31,93.05,93.67,49320
2023-11-05,600941.SH,93.67,93.67,90.6,91.15,198735
2023-11-06,600941.SH,90.88,91.45,90.01,91.14,132050
2023-11-07,600941.SH,90.85,91.67,90.04,91.48,139067
2023-11-08,600941.SH,90.91,91.27,90.55,90.8,77710
2023-11-09,600941.SH,90.9,91.08,90.09,90.8,78783
2023-11-12,600941.SH,90.8,91.3,90.6,91,54066
2023-11-13,600941.SH,91.1,91.23,90.47,90.78,46654
2023-11-14,600941.SH,90.98,91.02,90.02,90.24,95022
2023-11-15,600941.SH,90.22,90.66,88.88,90.6,122016
2023-11-16,600941.SH,90,90.2,89,89.43,111627
2023-11-19,600941.SH,89.35,89.58,88.79,88.85,77604
2023-11-20,600941.SH,88.84,88.84,88,88.28,105317
2023-11-21,600941.SH,88.02,90.24,88.01,89.68,129855
2023-11-22,600941.SH,89.31,90.05,88.7,89.88,68046
2023-11-23,600941.SH,90.1,90.55,89.5,90.37,76953
2023-11-26,600941.SH,90.02,90.18,88,88.8,73834
2023-11-27,600941.SH,88.6,89.07,88.02,88.23,55786
2023-11-28,600941.SH,88.2,88.67,87.35,88.51,54044
2023-11-29,600941.SH,88.7,91.08,88.51,90.98,141219
2023-11-30,600941.SH,91.08,92.82,90.49,92.68,137948
2023-12-03,600941.SH,92.65,93.28,91.81,92.2,47903
2023-12-04,600941.SH,92.3,92.79,91.46,91.5,67075
2023-12-05,600941.SH,91.07,91.78,90.02,90.67,44363
2023-12-06,600941.SH,90.6,91.59,90.44,90.95,40385
2023-12-07,600941.SH,90.8,92.3,90.12,91.73,60348
2023-12-10,600941.SH,91.46,92.98,90.9,92.6,78664
2023-12-11,600941.SH,92.63,93,92,92.5,62398
2023-12-12,600941.SH,92.1,92.89,92.1,92.48,56916
2023-12-13,600941.SH,92.39,94,92.23,93,80123
2023-12-14,600941.SH,92.79,93.5,92.46,92.65,57110
2023-12-17,600941.SH,92.26,93.44,92.13,93.39,69089
2023-12-18,600941.SH,93.06,95.55,93.06,95.1,98229
2023-12-19,600941.SH,95.07,95.29,94,94.07,52380
2023-12-20,600941.SH,93.92,94.44,91.8,92.48,86927
2023-12-21,600941.SH,92.32,94.98,92.2,94.35,89428
2023-12-24,600941.SH,94.35,95.5,92.88,95.3,82871
2023-12-25,600941.SH,94.99,97.16,94.9,96.8,102801
2023-12-26,600941.SH,96.69,99.49,96.01,99.09,129726
2023-12-27,600941.SH,99.05,101.1,96.7,97.59,180752
2023-12-28,600941.SH,97.26,99.7,96.11,99.48,121577
2024-01-01,600941.SH,98.7,99.79,97.66,98.73,80189
2024-01-02,600941.SH,98.58,99.5,97.1,97.9,83459
2024-01-03,600941.SH,97.66,99.45,97.2,99.19,94591
2024-01-04,600941.SH,99.2,99.7,97.37,98.25,88022
2024-01-07,600941.SH,97.73,98.56,97.01,98.39,82982
2024-01-08,600941.SH,98.2,98.46,96.59,97.86,67519
2024-01-09,600941.SH,97.69,98.48,96.23,96.53,62937
2024-01-10,600941.SH,96.21,96.31,93.69,95.36,88266
2024-01-11,600941.SH,94.7,96.1,94.12,95.3,55732
2024-01-14,600941.SH,95.19,97.1,95,96.65,60937
2024-01-15,600941.SH,96.65,97.15,95.84,96.74,66337
2024-01-16,600941.SH,96.74,97.11,95.77,95.89,64153
2024-01-17,600941.SH,95.58,98.5,94.4,98.18,100510
2024-01-18,600941.SH,97.6,98.46,97,98.16,64655
2024-01-21,600941.SH,98.16,98.4,96.27,96.96,89655
2024-01-22,600941.SH,96.69,96.69,94.66,95.28,78295
2024-01-23,600941.SH,95,97.66,94.85,97.1,79697
2024-01-24,600941.SH,97.1,101,96.41,100.51,166512
2024-01-25,600941.SH,99.6,102.28,98.63,101.4,115371
2024-01-28,600941.SH,100.82,105.01,100.77,102.85,131160
2024-01-29,600941.SH,102.5,103.36,101.1,101.2,80294
2024-01-30,600941.SH,100.87,102.98,99.79,102.43,87111
2024-01-31,600941.SH,101,102.37,100,100.86,84419
2024-02-01,600941.SH,100.86,102.8,100,101.88,100467
2024-02-04,600941.SH,102.19,104.04,101.85,103.49,109139
2024-02-05,600941.SH,103.44,104.39,100.65,101.45,143284
2024-02-06,600941.SH,101,101.68,99.42,101.4,128661
2024-02-07,600941.SH,101.03,101.2,99,101.2,113432
2024-02-18,600941.SH,100.53,104.04,99.47,103.95,116439
2024-02-19,600941.SH,103.98,106.96,103.43,106,144067
2024-02-20,600941.SH,105.85,106.54,104.95,105.15,94993
2024-02-21,600941.SH,105.9,107.08,105.19,106.73,94153
2024-02-22,600941.SH,106.57,106.59,104.35,104.68,91009
2024-02-25,600941.SH,104.01,104.92,102.68,103.16,82306
2024-02-26,600941.SH,103.15,103.59,102.58,103.46,73299
2024-02-27,600941.SH,103,103.26,100.5,101.6,171429
2024-02-28,600941.SH,101.1,102.12,101,102,100632
2024-02-29,600941.SH,101.54,102.61,101.41,101.93,90903
2024-03-03,600941.SH,101.63,104.52,101.41,104.01,130645
2024-03-04,600941.SH,104.2,105.21,103.52,105,111583
2024-03-05,600941.SH,105,106.5,104.67,105.59,110907
2024-03-06,600941.SH,104.99,105.96,104.3,105.46,79980
2024-03-07,600941.SH,104.98,109.18,104.56,108.5,123382
2024-03-10,600941.SH,108,108.69,106,106.89,97265
2024-03-11,600941.SH,106.68,107.11,102.5,102.77,167967
2024-03-12,600941.SH,102.52,102.9,101.01,102,128536
2024-03-13,600941.SH,102.01,103.29,101.76,102.76,79784
2024-03-14,600941.SH,102.76,102.76,101.23,102.1,79617
2024-03-17,600941.SH,102.1,103.77,101.66,103.13,98342
2024-03-18,600941.SH,103,103.89,101.9,103.18,94067
2024-03-19,600941.SH,103,104.5,102.71,103.74,83162
2024-03-20,600941.SH,103.4,103.78,102.5,102.68,73820
2024-03-21,600941.SH,103.12,106.27,101.73,105.39,134099
2024-03-24,600941.SH,105,105.95,103.86,104,105210
2024-03-25,600941.SH,103.38,104.76,103.38,104.01,70588
2024-03-26,600941.SH,103.99,106.48,103.5,105.31,117374
2024-03-27,600941.SH,105.1,106.15,104.42,106.09,67900
2024-03-28,600941.SH,105.88,106.88,104.88,105.76,79914
2024-03-31,600941.SH,105.77,105.96,104.46,104.59,90643
2024-04-01,600941.SH,104.4,105.34,104.2,104.44,60048
2024-04-02,600941.SH,104.1,104.95,103.69,104.55,68931
2024-04-07,600941.SH,104.15,106.25,104.02,105.61,79831
2024-04-08,600941.SH,105.4,105.79,103.8,104.76,66804
2024-04-09,600941.SH,104.44,105.89,104.09,104.68,63997
2024-04-10,600941.SH,104.39,104.94,102.92,103.02,85527
2024-04-11,600941.SH,103.02,103.4,100.8,101.05,126632
2024-04-14,600941.SH,101.05,104.98,101,104.84,131262
2024-04-15,600941.SH,104.9,105.86,104.32,105.2,93419
2024-04-16,600941.SH,104.9,106.3,103.38,106.1,79286
2024-04-17,600941.SH,105.76,107.69,104.95,105.15,80433
2024-04-18,600941.SH,104.85,107.08,104.81,106.76,87377
2024-04-21,600941.SH,106.73,108,105.89,106.13,69443
2024-04-22,600941.SH,106.05,106.5,104.1,104.66,85508
2024-04-23,600941.SH,104.66,105.35,104.3,104.85,62698
2024-04-24,600941.SH,104.8,104.97,103.7,104.3,53622
2024-04-25,600941.SH,104.3,105,103.2,103.66,121499
2024-04-28,600941.SH,103.67,103.67,102.11,102.79,151835
2024-04-29,600941.SH,102.8,104.1,102.53,102.67,104438
2024-05-05,600941.SH,103,103.04,100.2,100.8,278152
2024-05-06,600941.SH,100.94,101.72,100.4,101.12,111399
2024-05-07,600941.SH,101.12,101.58,100.28,101.03,100847
2024-05-08,600941.SH,100.9,101.25,99.88,100.3,163120
2024-05-09,600941.SH,100.2,101.85,99.5,101.4,189387
2024-05-12,600941.SH,100.84,101.42,100.49,100.99,93863
2024-05-13,600941.SH,101,101.1,100.05,100.25,76405
2024-05-14,600941.SH,100.03,100.55,99.21,100.03,97792
2024-05-15,600941.SH,100.03,100.03,98.6,98.9,141660
2024-05-16,600941.SH,98.89,98.89,97.6,98.17,143568
2024-05-19,600941.SH,98.1,98.16,96.8,98.02,222089
2024-05-20,600941.SH,97.89,99.29,97.8,98.86,129997
2024-05-21,600941.SH,98.98,99.29,98.24,98.52,97330
2024-05-22,600941.SH,98.4,98.59,97.55,98.29,74716
2024-05-23,600941.SH,98.17,98.98,97.96,98.06,87789
2024-05-26,600941.SH,98.18,100.58,98.1,100.33,160079
2024-05-27,600941.SH,100,100.55,99.51,99.75,70583
2024-05-28,600941.SH,99.8,100,99.04,99.8,66605
2024-05-29,600941.SH,99.6,100.85,99.4,100.36,105832
2024-05-30,600941.SH,100.55,100.85,99.56,100.2,84412
2024-06-02,600941.SH,100.21,102.14,100.21,101.89,137168
2024-06-03,600941.SH,101.8,102.35,101.49,102.1,115881
2024-06-04,600941.SH,102.07,103,101.1,101.68,129972
2024-06-05,600941.SH,99.99,102.01,99.31,100.52,136657
2024-06-06,600941.SH,100.45,101.36,100.1,101,84780
2024-06-10,600941.SH,101.2,101.78,99.51,100.58,83780
2024-06-11,600941.SH,100.31,100.61,99.61,100.4,75160
2024-06-12,600941.SH,100.25,101.41,99.64,101.31,95836
2024-06-13,600941.SH,101.05,101.79,99.63,100.98,124899
2024-06-16,600941.SH,100.4,100.69,98.83,98.9,123498
2024-06-17,600941.SH,98.86,100.11,98.18,99.96,129080
2024-06-18,600941.SH,100,101.5,99.94,101.44,116217
2024-06-19,600941.SH,101.44,101.78,100.9,101.5,79784
2024-06-20,600941.SH,101.35,102.98,101.13,102.55,96950
2024-06-23,600941.SH,102.55,103.33,102,102.5,95226
2024-06-24,600941.SH,102.32,102.82,101.54,102.4,84779
2024-06-25,600941.SH,102.1,103.3,101.6,102.66,64887
2024-06-26,600941.SH,102.66,105,102.32,104.79,151554
2024-06-27,600941.SH,104.35,107.75,104.3,107.5,150663
2024-06-30,600941.SH,107.12,109.42,106.52,107.46,152023
2024-07-01,600941.SH,106.88,109.46,106.88,108.92,94100
2024-07-02,600941.SH,108.77,110.59,108.76,110.21,98904
2024-07-03,600941.SH,109.6,110.39,108.05,109.15,92418
2024-07-04,600941.SH,109.22,109.84,106.2,108,112870
2024-07-07,600941.SH,107.4,109.92,106.7,109.41,111693
2024-07-08,600941.SH,109.3,109.99,108.3,108.78,82147
2024-07-09,600941.SH,108.38,109.4,106.69,107.56,79845
2024-07-10,600941.SH,107.3,107.9,105.88,107.2,70226
2024-07-11,600941.SH,106.7,108.2,106.31,107.91,81729
2024-07-14,600941.SH,107.68,109.95,107.61,109.2,81904
2024-07-15,600941.SH,108.99,110.5,108.95,110.5,73069
2024-07-16,600941.SH,110.5,110.69,107.8,108.64,91886
2024-07-17,600941.SH,108.17,112.88,108.1,112.04,143040
2024-07-18,600941.SH,111.8,113.4,111.15,113.2,101480
2024-07-21,600941.SH,112.54,113.99,109,110.19,141542
2024-07-22,600941.SH,109.79,112.15,109.31,110.96,93869
2024-07-23,600941.SH,110.6,112.45,110,111.98,82780
2024-07-24,600941.SH,111.89,112.69,109.9,110.98,88253
2024-07-25,600941.SH,110.94,110.94,104.99,106,171590
2024-07-28,600941.SH,105.5,107.2,104.03,106.6,129255
2024-07-29,600941.SH,106.01,108.13,105.83,107.67,82419
2024-07-30,600941.SH,107.5,108.06,104.25,105.12,146082
2024-07-31,600941.SH,104.68,105.95,104.61,105.02,80117
2024-08-01,600941.SH,104.77,107.1,104.75,106.59,90367
2024-08-04,600941.SH,106.5,107.5,105.18,105.43,71554
2024-08-05,600941.SH,105.7,105.8,102.66,104.49,107763
2024-08-06,600941.SH,104.18,105.4,103.7,103.94,66137
2024-08-07,600941.SH,103.94,104.6,103.41,103.94,56444
2024-08-08,600941.SH,103.95,104.16,100.73,102,164145
2024-08-11,600941.SH,101.83,101.95,99.88,100.14,117136
2024-08-12,600941.SH,100,100.98,100,100.7,71467
2024-08-13,600941.SH,100.7,103.7,100.44,102.96,121669
2024-08-14,600941.SH,102.8,104.94,102.7,104.94,92758
2024-08-15,600941.SH,104.94,105.44,104.42,104.86,54724
2024-08-18,600941.SH,104.87,105.29,104.3,104.9,53280
2024-08-19,600941.SH,104.91,105.79,104.38,105.15,63647
2024-08-20,600941.SH,104.74,105.16,103.4,104.5,51236
2024-08-21,600941.SH,104.33,105.58,104.2,105.55,63125
2024-08-22,600941.SH,105.32,106.46,104.75,105.56,68414
2024-08-25,600941.SH,105.46,106.49,104.81,106.05,60088
2024-08-26,600941.SH,106.05,108.2,105.74,107.67,92010
2024-08-27,600941.SH,107.5,108.02,106.5,107.7,59406
2024-08-28,600941.SH,107.55,107.85,105.64,106.4,73666
2024-08-29,600941.SH,106.01,106.49,103.89,104.99,131344
2024-09-01,600941.SH,102.5,103.37,101.5,102.9,69088
2024-09-02,600941.SH,102.95,103.48,101.85,103.19,73481
2024-09-03,600941.SH,102.6,103.39,102.18,102.78,54869
2024-09-04,600941.SH,103.36,103.5,101,101.66,74266
2024-09-05,600941.SH,101.67,102.5,101.45,101.9,60265
2024-09-08,600941.SH,101.6,102.49,100.01,100.26,74976
2024-09-09,600941.SH,100.27,102.35,100.2,101.92,69955
2024-09-10,600941.SH,101.92,102.18,99.22,99.42,96159
2024-09-11,600941.SH,99.6,99.78,98.1,98.86,65188
2024-09-12,600941.SH,98.8,100.7,98.78,100.25,77825
2024-09-17,600941.SH,100.26,101.41,100.26,100.71,50392
2024-09-18,600941.SH,100.75,100.84,99.66,99.92,68786
2024-09-19,600941.SH,99.9,101.45,98.96,101.4,64137
2024-09-22,600941.SH,100.96,101.7,100.86,101.05,53946
2024-09-23,600941.SH,101.4,104.9,100.88,104.19,117698
2024-09-24,600941.SH,104.99,108,103.56,103.9,122722
2024-09-25,600941.SH,103.9,105,103.31,104.93,112747
2024-09-26,600941.SH,104.99,105.3,101.37,104.29,278377
2024-09-29,600941.SH,105.01,111.8,103.61,109.7,497962
2024-10-07,600941.SH,118.01,119,106.71,110.14,450180
2024-10-08,600941.SH,108.5,110,105.7,106.62,251778
2024-10-09,600941.SH,106.62,111.5,106.58,108.8,257625
2024-10-10,600941.SH,108,110,106.9,108.57,180201
2024-10-13,600941.SH,107.94,111.7,107.94,110.8,184979
2024-10-14,600941.SH,110.5,110.68,107.58,107.64,133334
2024-10-15,600941.SH,107.13,108.31,106.47,107.09,83983
2024-10-16,600941.SH,107.77,107.9,105.46,105.64,100150
2024-10-17,600941.SH,105.62,108.17,105.07,107.1,129893
2024-10-20,600941.SH,107.11,107.13,105.38,106.3,156253
2024-10-21,600941.SH,105.43,105.56,103.8,104.38,213408
2024-10-22,600941.SH,104.38,105,103.88,104.35,122122
2024-10-23,600941.SH,103.79,103.79,101.65,102.22,209446
2024-10-24,600941.SH,102.01,102.58,101.33,101.93,161234
2024-10-27,600941.SH,101.88,102.33,101.4,102.29,116233
2024-10-28,600941.SH,102.37,102.68,101,102.2,164929
2024-10-29,600941.SH,101.91,102.45,101.62,102.18,92433
2024-10-30,600941.SH,102.12,103.14,102.12,102.65,128749
2024-10-31,600941.SH,102.5,103.68,102.19,103.4,130617
2024-11-03,600941.SH,103.45,103.74,102,102.82,105794
2024-11-04,600941.SH,102.39,102.85,102.06,102.85,170551
2024-11-05,600941.SH,102.54,102.94,102.03,102.23,145550
2024-11-06,600941.SH,101.99,102.86,101.51,102.86,153587
2024-11-07,600941.SH,102.86,103.44,102,102.81,166208
2024-11-10,600941.SH,102.6,102.6,101.7,102.04,130111
2024-11-11,600941.SH,101.97,102.11,100.52,100.85,152354
2024-11-12,600941.SH,100.57,106.6,100.5,105.03,365953
2024-11-13,600941.SH,103.77,104.6,102.81,103.66,165449
2024-11-14,600941.SH,103.4,108,103.22,105.03,267658
2024-11-17,600941.SH,104.6,106.8,104.01,104.67,190348
2024-11-18,600941.SH,104.4,104.5,102.88,103.68,124379
2024-11-19,600941.SH,103.17,104.18,102.32,103.88,109089
2024-11-20,600941.SH,103.58,104.38,103.23,103.57,64389
2024-11-21,600941.SH,103.38,104.2,103.16,103.4,99551
2024-11-24,600941.SH,103.3,104.98,102.88,103.7,98931
2024-11-25,600941.SH,103.5,105.6,103.22,105.42,132971
2024-11-26,600941.SH,105.42,106.69,105.15,106.36,128616
2024-11-27,600941.SH,105.92,106.6,105.4,106.05,82433
2024-11-28,600941.SH,106.11,108.13,105.7,106.38,134583
2024-12-01,600941.SH,105.9,106.28,104.81,105.47,107177
2024-12-02,600941.SH,105.3,107.09,104.98,106.96,113429
2024-12-03,600941.SH,106.85,108.66,106.6,108.1,117195
2024-12-04,600941.SH,108,108.57,107.11,107.45,91749
2024-12-05,600941.SH,107,108.2,107,107.22,97825
2024-12-08,600941.SH,107.23,108.52,106.3,107.29,111802
2024-12-09,600941.SH,107.3,108,106.33,106.9,171271
2024-12-10,600941.SH,106.6,107.12,106.06,106.58,87762
2024-12-11,600941.SH,106.39,107.78,106.2,107.7,92155
2024-12-12,600941.SH,107.7,109.65,107.08,108.79,180291
2024-12-15,600941.SH,108.63,113,108.6,112.15,250346
2024-12-16,600941.SH,112.84,114.98,111.11,111.28,140578
2024-12-17,600941.SH,111.18,114.78,111.18,113.98,112773
2024-12-18,600941.SH,113.6,114.99,112.68,113.85,98609
2024-12-19,600941.SH,113,113.7,111.1,111.4,123214
2024-12-22,600941.SH,111.43,114.5,111.43,113.85,106505
2024-12-23,600941.SH,113.41,115.5,113.04,114.89,102446
2024-12-24,600941.SH,114.78,116.88,114.5,115.59,107415
2024-12-25,600941.SH,115.5,115.57,113.03,114.38,120507
2024-12-26,600941.SH,114.36,114.88,113.65,114.6,53781
2024-12-29,600941.SH,114.25,116.78,114.14,116.36,117181
2024-12-30,600941.SH,116.23,119.51,116.01,118.16,152821
2025-01-01,600941.SH,117.92,118.65,113.55,115,151277
2025-01-02,600941.SH,114.11,114.9,112.62,114.08,112559
2025-01-05,600941.SH,114.47,115.35,110.27,111.15,169949
2025-01-06,600941.SH,110.9,111.49,108.21,111.23,154753
2025-01-07,600941.SH,110.6,112.48,109.83,111.88,136953
2025-01-08,600941.SH,111.7,111.7,109.18,110.05,87209
2025-01-09,600941.SH,110,110.59,108.91,109.3,88612
2025-01-12,600941.SH,109,110.46,107.29,108.4,106478
2025-01-13,600941.SH,108.26,108.55,106.96,108.34,174966
2025-01-14,600941.SH,107.93,109.48,107.4,108.39,114361
2025-01-15,600941.SH,108.4,109.85,107.99,109.29,114225
2025-01-16,600941.SH,109,110.5,108.48,109.1,91778
2025-01-19,600941.SH,108.81,110,108.05,108.5,90593
2025-01-20,600941.SH,108.49,108.5,106.88,107.2,131944
2025-01-21,600941.SH,106.6,108.47,106.6,108.32,118888
2025-01-22,600941.SH,108.8,111.36,108.69,109.55,139355
2025-01-23,600941.SH,109.31,110.2,108.75,109.02,98781
2025-01-26,600941.SH,109.05,111.2,108.7,110.97,140111
2025-02-04,600941.SH,110.39,110.6,107.91,108.3,135661
2025-02-05,600941.SH,108.19,108.6,107.76,108.34,101464
2025-02-06,600941.SH,108.01,108.68,107.01,108.14,189449
2025-02-09,600941.SH,108.91,113.7,108.69,110,345047
2025-02-10,600941.SH,109.77,111.67,109,109.79,178388
2025-02-11,600941.SH,109.54,111.2,109.25,110.72,153941
2025-02-12,600941.SH,110.72,112.05,110.13,110.61,161947
2025-02-13,600941.SH,110.49,112.94,109.71,112.65,227478
2025-02-16,600941.SH,113.27,115.13,112.11,113.21,259809
2025-02-17,600941.SH,113.11,114.24,111.5,111.99,159498
2025-02-18,600941.SH,111.9,113.25,111.58,112,143009
2025-02-19,600941.SH,111.58,111.58,109.82,110.37,149502
2025-02-20,600941.SH,110.5,116.1,110.45,114.5,351663
2025-02-23,600941.SH,114.5,114.55,111.06,111.47,230523
2025-02-24,600941.SH,110,110.49,108.36,108.8,205418
2025-02-25,600941.SH,109.49,109.81,107.16,107.7,210463
2025-02-26,600941.SH,107.5,107.61,106.56,107,168361
2025-02-27,600941.SH,106.68,107.72,106.68,106.92,141950
2025-03-02,600941.SH,106.93,107.32,105.8,106.23,153297
2025-03-03,600941.SH,105.77,107,105.72,106.8,99563
2025-03-04,600941.SH,106.66,108.81,106.38,108.38,165410
2025-03-05,600941.SH,108.3,108.49,107.22,107.97,175939
2025-03-06,600941.SH,107.9,108.59,107.13,108.59,141090
2025-03-09,600941.SH,108.48,108.48,106.4,106.64,135921
2025-03-10,600941.SH,106.04,107.71,106.03,107.22,102454
2025-03-11,600941.SH,107,107,105.29,105.66,200843
2025-03-12,600941.SH,105.67,106.24,105.4,105.79,110754
2025-03-13,600941.SH,105.82,107,105.82,106.51,155648
2025-03-16,600941.SH,106.55,106.66,105.81,105.99,128748
2025-03-17,600941.SH,106.09,106.45,105.71,105.92,107023
2025-03-18,600941.SH,106,106.07,105.33,105.81,95000
2025-03-19,600941.SH,105.8,105.88,104.6,105,177384
2025-03-20,600941.SH,105.1,108.18,105.1,106.65,354595
2025-03-23,600941.SH,106.65,107.1,105.39,105.7,188131
2025-03-24,600941.SH,105.88,106.27,105.39,105.9,103276
2025-03-25,600941.SH,106,107.58,106,106.61,107859
2025-03-26,600941.SH,106.8,107.48,106.3,106.51,99287
2025-03-27,600941.SH,106.63,106.7,106.01,106.4,58051
2025-03-30,600941.SH,106.44,107.7,106.3,107.36,154433
2025-03-31,600941.SH,107.38,107.39,106.38,107,105650
2025-04-01,600941.SH,106.89,107.88,106.6,107.66,103746
2025-04-02,600941.SH,107.3,109.36,107.18,108.99,170705
2025-04-06,600941.SH,106.5,109.2,104.6,108.45,368285
2025-04-07,600941.SH,107.99,111.7,107.5,111.6,322766
2025-04-08,600941.SH,111.59,112.6,109.12,112.6,190321
2025-04-09,600941.SH,111.7,111.7,109.1,110.9,171177
2025-04-10,600941.SH,110.29,110.39,109.12,109.79,114881
2025-04-13,600941.SH,109.3,110.96,108.62,110.4,132412
2025-04-14,600941.SH,110.43,111.99,110.11,111.75,123241
2025-04-15,600941.SH,111.7,114.16,111.24,114.02,186960
2025-04-16,600941.SH,113.94,114.37,112.88,114.26,89977
2025-04-17,600941.SH,113.99,114.81,113.4,114.79,82040
2025-04-20,600941.SH,114.29,114.74,112.46,112.9,121186
2025-04-21,600941.SH,112.8,113.67,112.66,112.91,75555
2025-04-22,600941.SH,112.51,112.8,110.65,110.84,126176
2025-04-23,600941.SH,110.5,111.04,110.01,110.46,73109
2025-04-24,600941.SH,110.47,110.99,110.07,110.95,61343
2025-04-27,600941.SH,110.87,113.35,110.52,112.26,114623
2025-04-28,600941.SH,112.26,113.45,112.02,113.15,74123
2025-04-29,600941.SH,113.15,113.18,111.28,112.25,77125
2025-05-05,600941.SH,112.21,113.66,110.77,113.06,95678
2025-05-06,600941.SH,113.18,114.3,112,114.3,126810
2025-05-07,600941.SH,113.75,114.5,113.35,113.41,69158
2025-05-08,600941.SH,113.39,114.6,113.12,113.99,90306
2025-05-11,600941.SH,113.9,114.17,113.21,113.7,70348
2025-05-12,600941.SH,113.69,113.79,112.6,113.43,80091
2025-05-13,600941.SH,113.29,114.5,113.29,113.96,103555
2025-05-14,600941.SH,113.89,114.3,113.22,113.63,73852
2025-05-15,600941.SH,113.55,113.8,112.19,113.77,83578
2025-05-18,600941.SH,113.5,114.68,113.41,114.25,68935
2025-05-19,600941.SH,114.54,116,114.49,115.5,97546
2025-05-20,600941.SH,115.8,115.98,114.83,115,58977
2025-05-21,600941.SH,115.1,115.74,114.27,114.83,61739
2025-05-22,600941.SH,114.7,115.5,114.2,114.2,59467
2025-05-25,600941.SH,114.4,114.75,113.68,114.6,53622
2025-05-26,600941.SH,114.55,116.19,114.37,115.9,82640
2025-05-27,600941.SH,115.77,116.37,114.63,114.85,56613
2025-05-28,600941.SH,114.85,115.2,114.47,114.94,50868
2025-05-29,600941.SH,114.93,116.99,114.71,116.83,88558
2025-06-02,600941.SH,116.33,117.76,116.13,117.68,87988
2025-06-03,600941.SH,117.6,117.98,117.26,117.63,79564
2025-06-04,600941.SH,117.54,118.68,116.88,118.25,78829
2025-06-05,600941.SH,116.4,116.75,115.15,116.61,70146
2025-06-08,600941.SH,116.5,117.08,114.15,114.32,103032
2025-06-09,600941.SH,114.32,114.75,113.25,113.31,93499
2025-06-10,600941.SH,113.31,113.68,113,113.36,61016
2025-06-11,600941.SH,113.36,113.57,111.56,111.64,105837
2025-06-12,600941.SH,111.65,112.76,111.65,112.22,80863
2025-06-15,600941.SH,112.22,113.25,112.22,113.06,65984
2025-06-16,600941.SH,113.08,113.3,111.98,112.9,47135
2025-06-17,600941.SH,112.87,112.98,112.2,112.76,48101
2025-06-18,600941.SH,112.66,112.92,111.36,112.7,69973
2025-06-19,600941.SH,112.52,114.35,112.4,114.09,85879
2025-06-22,600941.SH,113.5,114.69,112,112.5,96479
2025-06-23,600941.SH,112.5,113.16,112.37,112.68,81891
2025-06-24,600941.SH,112.38,113.08,112.07,112.8,92252
2025-06-25,600941.SH,112.7,113.91,112.6,113.29,87135
2025-06-26,600941.SH,113.19,114.28,111.9,112.17,105219
2025-06-29,600941.SH,111.6,113.1,111.58,112.55,81430
2025-06-30,600941.SH,112.5,112.94,112.1,112.56,49920
2025-07-01,600941.SH,112.5,112.87,111.87,111.89,59489
2025-07-02,600941.SH,111.9,112.11,111,111.2,96663
2025-07-03,600941.SH,111.1,111.95,111.01,111.89,59039
2025-07-06,600941.SH,111.8,112.41,111.18,112.24,66347
2025-07-07,600941.SH,112.24,112.51,111.54,111.95,85209
2025-07-08,600941.SH,111.95,114.56,111.81,113.52,160177
2025-07-09,600941.SH,113.52,113.98,112.16,112.4,102191
2025-07-10,600941.SH,112.36,113.99,112.03,112.76,117293
2025-07-13,600941.SH,112.81,113.66,112.63,113.18,55206
2025-07-14,600941.SH,113.02,113.44,112.22,112.42,65244
2025-07-15,600941.SH,112.43,113.33,112.43,112.95,62741
2025-07-16,600941.SH,112.9,113.28,111.59,111.76,117205
2025-07-17,600941.SH,111.77,111.95,111.36,111.69,105441
2025-07-20,600941.SH,111.5,111.69,111.16,111.27,105570
2025-07-21,600941.SH,111.31,111.68,110.72,111.62,128901
2025-07-22,600941.SH,111.66,112.08,111.16,111.38,104866
2025-07-23,600941.SH,111.41,111.42,110.84,111,109736
2025-07-24,600941.SH,111.01,111.14,110.17,110.28,117948
2025-07-27,600941.SH,110.49,110.63,109.12,109.38,143702
2025-07-28,600941.SH,109.4,109.58,108.81,109.2,100987
2025-07-29,600941.SH,109.1,109.94,108.8,109.51,122189
2025-07-30,600941.SH,109.41,109.48,108.4,108.56,104062
2025-07-31,600941.SH,108.68,109.18,107.66,108.08,113364
2025-08-03,600941.SH,107.93,108.37,107.77,108.12,92123
2025-08-04,600941.SH,108.15,109.07,107.89,109.07,103915
2025-08-05,600941.SH,108.78,109.11,108.05,108.27,112998
2025-08-06,600941.SH,108.24,108.24,107.69,107.84,130880
2025-08-07,600941.SH,108.98,110.1,108.8,109.99,230119
2025-08-10,600941.SH,109.77,110.18,108.85,108.98,195616
2025-08-11,600941.SH,109.09,109.85,109.04,109.36,98261
2025-08-12,600941.SH,109.67,109.68,108.9,109.22,114062
2025-08-13,600941.SH,109.23,109.56,108.8,108.81,110104
2025-08-14,600941.SH,108.85,109.15,108.25,108.33,133506
2025-08-17,600941.SH,108.32,108.85,107.81,108.19,177030
2025-08-18,600941.SH,108.36,108.54,107,107,274903
2025-08-19,600941.SH,107.16,107.7,106.32,107.69,215433
2025-08-20,600941.SH,107.58,109.06,107.29,109.02,213742
2025-08-21,600941.SH,109.01,109.59,108.59,109.54,168537
2025-08-24,600941.SH,109.6,110.18,108.89,110.09,176626
2025-08-25,600941.SH,110.07,110.09,109.48,109.62,113130
2025-08-26,600941.SH,109.82,110.2,108.75,108.8,149112
2025-08-27,600941.SH,109,109.29,108.3,108.97,130841
2025-08-28,600941.SH,109,109.99,108.66,109.5,162915
2025-08-31,600941.SH,107.46,107.5,106.6,106.99,122628
2025-09-01,600941.SH,106.99,108.09,106.51,107.9,193000
2025-09-02,600941.SH,108,108,107,107.39,115633
2025-09-03,600941.SH,107.19,107.19,105.5,106.75,155384
2025-09-04,600941.SH,106.49,106.7,105.8,106.54,103974
2025-09-07,600941.SH,106.54,108.39,106.03,108.11,186300
2025-09-08,600941.SH,108,108.25,106.84,107,103396
2025-09-09,600941.SH,107.06,109,106.75,108.47,146459
2025-09-10,600941.SH,108.26,108.47,107.54,108.3,129237
2025-09-11,600941.SH,108.19,108.51,107.53,107.75,101871
2025-09-14,600941.SH,108.9,108.9,107.03,107.39,96968
2025-09-15,600941.SH,107.22,107.61,106.97,107,87770
2025-09-16,600941.SH,107,107.28,106.51,106.74,94402
2025-09-17,600941.SH,106.69,106.69,104.84,104.94,202775
2025-09-18,600941.SH,104.98,105.5,104.9,105.44,88094
2025-09-21,600941.SH,105.42,105.68,104.85,104.98,107779
2025-09-22,600941.SH,104.8,106.21,104.5,106.17,123936
2025-09-23,600941.SH,105.98,106.66,105.7,106.52,103926
2025-09-24,600941.SH,106.41,106.66,105.68,106,69122
2025-09-25,600941.SH,106.08,106.15,105.05,105.8,71751
2025-09-28,600941.SH,105.6,105.79,104.31,105.28,121873
2025-09-29,600941.SH,105.12,105.15,104.51,104.68,83519
2025-10-08,600941.SH,104.16,105.68,103.8,105.44,136285
2025-10-09,600941.SH,105.02,106.99,104.8,106.59,172567
2025-10-12,600941.SH,106.2,107.44,105.68,106.95,137979
2025-10-13,600941.SH,106.85,107.9,106.2,107.6,161720
2025-10-14,600941.SH,107.21,107.91,106.68,107.12,84232
2025-10-15,600941.SH,107.13,107.9,106.81,107.81,80572
2025-10-16,600941.SH,107.61,108.36,107.47,107.93,122737
2025-10-19,600941.SH,107.62,107.92,106.81,107.78,80991
2025-10-20,600941.SH,107.11,107.47,105.71,106.12,201826
2025-10-21,600941.SH,105.8,106.48,105.76,106.2,86678
2025-10-22,600941.SH,106,106.86,106,106.69,80979
2025-10-23,600941.SH,106.7,107.3,106.59,106.87,78563
2025-10-26,600941.SH,106.71,107.7,106.39,106.7,109288
2025-10-27,600941.SH,106.85,107.04,106.46,106.66,61171
2025-10-28,600941.SH,106.61,106.69,105.9,105.97,90486
2025-10-29,600941.SH,106.09,107.16,105.92,106.44,107347
2025-10-30,600941.SH,106.45,106.68,105.12,105.79,143025
2025-11-02,600941.SH,105.7,106.75,105.5,106.62,109077
2025-11-03,600941.SH,106.63,107.99,106.3,107.66,150437
2025-11-04,600941.SH,107.55,108.05,107.05,107.2,65307
2025-11-05,600941.SH,107.21,107.57,106.71,107.18,60535
2025-11-06,600941.SH,107,107.77,107,107.55,54587
2025-11-09,600941.SH,107.3,107.84,106.88,107.74,68098
2025-11-10,600941.SH,107.86,108,107.44,107.8,68418
2025-11-11,600941.SH,107.9,108.98,107.9,108.59,131085
2025-11-12,600941.SH,108.58,108.93,106.75,107.33,143543
2025-11-13,600941.SH,107.34,108,107.16,107.21,85392
2025-11-16,600941.SH,107.05,107.21,106.15,106.64,92383
2025-11-17,600941.SH,106.53,107.88,106.31,107.81,114460
2025-11-18,600941.SH,107.79,108.13,107.47,107.89,77111
2025-11-19,600941.SH,107.61,109.28,107.61,108.69,143389
2025-11-20,600941.SH,108.48,109.37,108.06,108.48,150221
2025-11-23,600941.SH,108.48,109.2,107.5,108.72,135527
2025-11-24,600941.SH,108.65,108.83,107.7,108.66,94645
2025-11-25,600941.SH,108.6,109.61,108.32,108.97,98032
2025-11-26,600941.SH,108.58,108.79,107.82,108.25,85382
2025-11-27,600941.SH,108.04,108.4,107.61,107.7,79618
2025-11-30,600941.SH,106.7,107.33,106.51,107.05,176233
2025-12-01,600941.SH,106.87,107.6,106.78,107.35,104787
2025-12-02,600941.SH,107.35,107.65,106.52,106.64,103647
2025-12-03,600941.SH,106.68,106.94,105.92,106.11,117539
2025-12-04,600941.SH,106.2,106.33,105.05,105.47,146012
2025-12-07,600941.SH,105.47,105.6,104.42,104.51,194374
2025-12-08,600941.SH,104.49,105,104.42,104.92,101809
2025-12-09,600941.SH,104.77,105,104.46,104.7,67077
2025-12-10,600941.SH,104.7,104.86,104.29,104.31,83739
2025-12-11,600941.SH,104.31,104.48,103.92,104.36,159452
2025-12-14,600941.SH,104.4,104.44,102.8,102.81,195471
2025-12-15,600941.SH,102.8,103.25,102.11,102.99,109069
2025-12-16,600941.SH,102.9,102.9,101.8,102.31,119595
2025-12-17,600941.SH,102.2,102.54,101.8,101.9,97917
2025-12-18,600941.SH,102.01,102.43,101.86,102.16,88207
2025-12-21,600941.SH,102.01,102.26,100.86,101.16,205924
2025-12-22,600941.SH,101,101.29,100.82,100.99,127708
2025-12-23,600941.SH,100.94,101.94,100.1,101.52,164374
2025-12-24,600941.SH,101.4,101.47,100.35,100.51,176342
2025-12-25,600941.SH,100.3,101.11,100.12,100.84,147363
2025-12-28,600941.SH,100.76,101.59,100.25,100.58,177896
2025-12-29,600941.SH,100.5,100.9,100.22,100.35,87888
2025-12-30,600941.SH,100.35,101.13,100.35,101.05,107082
2026-01-04,600941.SH,101.38,101.44,100,100.58,214780
2026-01-05,600941.SH,100.58,100.73,100.13,100.66,152288
2026-01-06,600941.SH,100.59,101.02,100.22,100.3,156919
2026-01-07,600941.SH,100.3,100.45,100.04,100.12,131817
2026-01-08,600941.SH,100.12,100.36,99.54,100.12,181778
2026-01-11,600941.SH,100.44,100.59,100,100.4,161182
2026-01-12,600941.SH,100.41,100.89,100.02,100.18,172108
2026-01-13,600941.SH,100.18,100.21,99,99.03,262124
2026-01-14,600941.SH,98.95,98.95,97,97.1,284762
2026-01-15,600941.SH,97.13,97.81,96,96.28,217860
2026-01-18,600941.SH,96.28,96.75,95.75,96.5,123916
2026-01-19,600941.SH,96.5,97.44,96.27,97.32,130213
2026-01-20,600941.SH,97.1,97.1,96,96.14,133323
2026-01-21,600941.SH,96.23,96.93,96.1,96.25,97707
2026-01-22,600941.SH,96.41,96.41,95.24,95.38,157813
2026-01-25,600941.SH,95.36,95.89,94.73,94.8,194694
2026-01-26,600941.SH,94.82,95.09,94.25,94.26,148865
2026-01-27,600941.SH,94.26,96.13,93.8,95.7,235716
2026-01-28,600941.SH,95.34,97,94.71,96.98,209055
2026-01-29,600941.SH,96.88,97.6,96.22,96.38,137526
2026-02-01,600941.SH,93.1,93.42,91.51,92.66,321362
2026-02-02,600941.SH,92.66,92.8,91.88,92.07,151625
2026-02-03,600941.SH,92.01,95,91.98,94.93,194851
2026-02-04,600941.SH,94.93,95.95,94.7,95.36,109096
2026-02-05,600941.SH,95.52,95.75,94.83,95.11,81323
2026-02-08,600941.SH,95.17,95.24,94.07,94.24,111199
2026-02-09,600941.SH,94.2,94.57,93.51,93.85,121503
2026-02-10,600941.SH,93.87,94.33,93.87,94.15,52034
2026-02-11,600941.SH,94.19,94.28,93.1,93.29,85707
2026-02-12,600941.SH,93.35,93.47,92.56,92.61,88730
2026-02-23,600941.SH,93,94.8,92.77,94.67,124113
2026-02-24,600941.SH,94.52,94.84,93.97,94.23,90823
2026-02-25,600941.SH,94.28,94.53,93.41,93.97,76672
2026-02-26,600941.SH,93.96,94.32,93.61,94.31,61686
2026-03-01,600941.SH,93.9,95.96,93.7,95.58,157657
2026-03-02,600941.SH,95.67,96.44,95.28,95.63,136229
2026-03-03,600941.SH,95.6,95.61,93.72,94.41,134148
2026-03-04,600941.SH,94.4,95.96,94.08,95.61,116805
2026-03-05,600941.SH,95.17,95.91,94.95,95.61,77541
2026-03-08,600941.SH,95.31,96.44,94.98,95.21,134613
2026-03-09,600941.SH,95.16,95.42,94.53,95.4,83736
2026-03-10,600941.SH,95.41,96.88,95.34,96.59,137636
2026-03-11,600941.SH,96.66,96.99,96.25,96.44,75589
2026-03-12,600941.SH,96.39,98.17,96.24,97.89,173241
2026-03-15,600941.SH,97.89,98.78,97.6,97.7,127243
2026-03-16,600941.SH,97.7,98.35,97.39,97.74,78892
2026-03-17,600941.SH,97.73,97.91,96.91,97.78,71978
2026-03-18,600941.SH,97.3,98.88,97.3,98.59,139994
2026-03-19,600941.SH,98.34,98.39,96.13,96.25,146224
2026-03-22,600941.SH,95.66,95.66,93.18,93.27,166305
2026-03-23,600941.SH,93.71,94.5,93.37,93.88,101420
2026-03-24,600941.SH,93.2,94.15,93.18,93.85,82961
2026-03-25,600941.SH,93.8,94.29,93.3,93.87,73765
2026-03-26,600941.SH,93.19,93.58,93.02,93.42,74483
2026-03-29,600941.SH,93,93.53,92.29,93.4,94813
2026-03-30,600941.SH,93.4,94.49,93.21,93.79,87586
2026-03-31,600941.SH,94.15,94.32,93.58,93.85,74843
2026-04-01,600941.SH,93.83,93.83,93,93.28,60998
2026-04-02,600941.SH,93.29,93.49,92.69,93.02,70717
2026-04-06,600941.SH,93.03,93.53,92.94,93.38,54723
2026-04-07,600941.SH,93.51,93.99,93.41,93.99,76517
2026-04-08,600941.SH,93.75,93.78,93.36,93.64,52835
2026-04-09,600941.SH,93.65,94.2,93.49,94,71980
2026-04-12,600941.SH,93.77,93.83,93.46,93.66,56373
2026-04-13,600941.SH,93.6,93.97,93.31,93.55,63604
2026-04-14,600941.SH,93.5,93.88,93.41,93.71,77424
2026-04-15,600941.SH,93.69,93.97,93.58,93.66,58208
2026-04-16,600941.SH,93.66,93.66,93.31,93.47,60394
2026-04-19,600941.SH,93.31,93.38,93.2,93.3,53267
2026-04-20,600941.SH,93.96,96.74,93.96,96.66,231609
2026-04-21,600941.SH,96.1,96.9,95.52,95.82,96667
2026-04-22,600941.SH,95.83,96.62,95.68,95.85,85904
2026-04-23,600941.SH,95.8,95.99,95.2,95.44,64328
2026-04-26,600941.SH,95.88,95.88,95.12,95.5,66440
2026-04-27,600941.SH,95.31,96.14,95.1,96.03,74313
2026-04-28,600941.SH,96,96.56,95.9,96.55,71248
2026-04-29,600941.SH,96.3,97.11,96.3,96.63,74410
2026-05-05,600941.SH,96.61,96.8,95.2,96.79,103839
2026-05-06,600941.SH,96.39,96.55,95.73,96.02,91290
2026-05-07,600941.SH,96.02,97.25,95.72,96.68,93394
2026-05-10,600941.SH,96.69,97.88,95.82,97.68,124150
2026-05-11,600941.SH,97.5,98.2,97.12,97.37,90010
2026-05-12,600941.SH,97.18,98.03,97.01,97.89,95307
2026-05-13,600941.SH,97.89,98.95,97.51,98.53,138947
2026-05-14,600941.SH,98.47,99.55,97.7,97.97,155387
2026-05-17,600941.SH,98.98,101.95,98.4,100.35,243398
2026-05-18,600941.SH,99.8,103.36,99.52,101,219794
2026-05-19,600941.SH,100,100.18,98.57,99.16,118850
2026-05-20,600941.SH,99.03,99.05,96.51,96.75,140863
2026-05-21,600941.SH,96.7,96.89,95.79,95.98,88312
2026-05-24,600941.SH,96.11,96.8,95.65,96.62,81889
2026-05-25,600941.SH,96.51,97.48,96.33,97.19,77708
2026-05-26,600941.SH,97.06,97.8,96.36,97.58,77411
2026-05-27,600941.SH,97.55,98.35,96.8,98.18,88387
2026-05-28,600941.SH,98.18,99.48,97.99,99.1,77689
2026-05-31,600941.SH,98.8,99.1,98.2,98.9,75802
2026-06-01,600941.SH,98.9,100.49,98.38,100.42,95447
2026-06-02,600941.SH,100.42,100.9,99.5,100.16,82366
2026-06-03,600941.SH,100,100.47,98.73,100.16,95989
2026-06-04,600941.SH,98.11,98.48,97,97.33,76090
2026-06-07,600941.SH,97,97.52,95.08,96.6,86896
2026-06-08,600941.SH,96.17,96.77,95.5,95.86,66242
2026-06-09,600941.SH,96.01,98.3,96.01,97.27,116544
2026-06-10,600941.SH,96.8,97.18,95.8,95.97,71158
2026-06-11,600941.SH,95.9,96.16,95.06,95.12,96746
2026-06-14,600941.SH,95.12,95.23,93.9,94.23,115381
2026-06-15,600941.SH,94.06,94.06,92.88,92.99,113344
2026-06-16,600941.SH,93.03,93.64,92.18,92.98,86489
2026-06-17,600941.SH,92.98,92.98,91.52,91.65,90288
2026-06-21,600941.SH,91.6,92.01,90.1,91.93,129374
2026-06-22,600941.SH,91.78,92.39,90.33,90.52,96287
2026-06-23,600941.SH,90.52,90.7,88.67,88.7,125782
2026-06-24,600941.SH,88.52,88.78,87.26,87.7,112671
2026-06-25,600941.SH,87.7,88.36,86.02,86.82,109666
2026-06-28,600941.SH,86.95,88.25,85.38,87.6,105339
2026-06-29,600941.SH,87.49,87.49,86.01,86.13,82047
2026-06-30,600941.SH,86,87.26,85.61,86.49,98981
2026-07-01,600941.SH,86.62,88.35,86.48,88.25,108065
2026-07-02,600941.SH,88.25,88.84,87.01,87.48,85504
2026-07-05,600941.SH,87.4,88.4,86.74,88,75611
2026-07-06,600941.SH,87.88,88.49,87.59,88.42,57806
2026-07-07,600941.SH,88.4,90.04,87.9,89.95,94404
2026-07-08,600941.SH,89.19,90.03,88.59,88.71,76534
2026-07-09,600941.SH,88.71,90,88,89.98,105401
2026-07-12,600941.SH,89.6,91.53,89.41,91.43,106085
2026-07-13,600941.SH,91.03,92.13,90.68,91.8,98292
2026-07-14,600941.SH,91.1,92.98,91.1,92.8,101408
2026-07-15,600941.SH,92.79,93.6,92.46,93.05,95336
2026-07-16,600941.SH,93,94.6,92.81,93.4,166829
2026-07-19,600941.SH,93.4,96.08,93.4,95.8,201612
2026-07-20,600941.SH,95.81,96.47,94.01,94.94,194196
2026-07-21,600941.SH,94.7,94.8,92.01,94.09,212483
2026-07-22,600941.SH,93.79,95.1,93.79,94.43,93136
2026-07-23,600941.SH,94.58,95.2,94.4,94.69,91885
2026-07-26,600941.SH,94.71,95.4,94.12,94.39,79039
2026-07-27,600941.SH,94.23,96.79,94.23,96.35,156748
2026-07-28,600941.SH,96.35,97.79,96.01,97.3,150519
2026-07-29,600941.SH,97.1,99.19,96.83,98.7,208101
2026-07-30,600941.SH,97.5,97.5,95.45,97.41,201384
2026-08-02,600941.SH,97.4,99.41,96.71,98.97,159915
2026-08-03,600941.SH,98.82,99.18,96.09,96.42,158140
2026-08-04,600941.SH,96.2,96.33,95.16,95.99,114390
2026-08-05,600941.SH,95.99,97,95.15,96.45,96495
2026-08-06,600941.SH,96.48,96.69,94.85,95.5,104819
2026-08-09,600941.SH,95.12,97.61,94.77,96.7,108936
2026-08-10,600941.SH,96.52,97.26,96.02,96.42,68916
2026-08-11,600941.SH,96.5,96.51,95.7,96.22,81434
2026-08-12,600941.SH,96.19,96.44,95.82,96.11,56615
2026-08-13,600941.SH,95.69,98.13,95.48,97.71,137922
2026-08-16,600941.SH,97.58,97.7,95.75,96.02,100807
2026-08-17,600941.SH,96,96.02,95.08,95.74,60741
2026-08-18,600941.SH,95.84,97.3,95.34,97.17,122783
2026-08-19,600941.SH,96.86,97.44,96.33,96.7,81209
2026-08-20,600941.SH,96.57,96.97,96.09,96.25,62707
2026-08-23,600941.SH,96.05,98.04,96.05,97.53,127575
2026-08-24,600941.SH,97.6,99.06,97.54,98.86,126961
2026-08-25,600941.SH,98.82,98.92,98.04,98.45,62869
2026-08-26,600941.SH,98.27,98.45,97.18,98.04,57739
2026-08-27,600941.SH,97.89,98.07,96.88,97.86,66655
2026-08-30,600941.SH,97.85,99.23,97.51,99.05,108393
2026-08-31,600941.SH,99,100.2,98.4,99.89,110829
2026-09-01,600941.SH,99.88,100.94,99.76,100.8,132659
2026-09-02,600941.SH,100.6,101,100.3,100.53,69842
2026-09-03,600941.SH,100.13,100.88,99.6,100.3,63970
2026-09-06,600941.SH,100.18,100.39,98,98.7,97086
2026-09-07,600941.SH,98.5,98.98,97.41,97.7,87620
2026-09-08,600941.SH,97.45,97.45,96.81,97.11,69257
2026-09-09,600941.SH,97.13,97.82,96.84,97.17,53253
2026-09-10,600941.SH,97.01,98.38,96.85,97.72,88688
2026-09-13,600941.SH,97.5,99.6,97.4,98.16,88438
2026-09-14,600941.SH,98.16,98.65,97.6,97.79,48419
2026-09-15,600941.SH,97.79,97.86,96.81,96.94,59518
2026-09-16,600941.SH,96.97,97.18,96.36,96.9,57279
2026-09-17,600941.SH,96.61,97.55,96.4,96.63,74436
2026-09-20,600941.SH,96.85,96.9,95.69,96.01,91435
2026-09-21,600941.SH,96.01,96.76,95.8,96.45,68981
2026-09-22,600941.SH,96.4,96.75,96.05,96.4,43672
2026-09-23,600941.SH,96.5,97.6,96.07,97.45,82761
2026-09-27,600941.SH,97.4,98.18,97.1,97.71,78977
2026-09-28,600941.SH,97.5,98.12,96.92,97.36,59733
2026-09-29,600941.SH,94.9,95.94,94.13,95.8,83651
2022-08-16,601857.SH,5.14,5.17,5.11,5.16,553784
2022-08-17,601857.SH,5.16,5.19,5.1,5.11,725386
2022-08-18,601857.SH,5.14,5.22,5.13,5.18,1019166
2022-08-21,601857.SH,5.18,5.24,5.17,5.23,945468
2022-08-22,601857.SH,5.23,5.32,5.19,5.3,1437970
2022-08-23,601857.SH,5.39,5.43,5.31,5.33,1830263
2022-08-24,601857.SH,5.37,5.49,5.35,5.49,2373406
2022-08-25,601857.SH,5.48,5.5,5.4,5.44,1893490
2022-08-28,601857.SH,5.43,5.49,5.4,5.48,1360982
2022-08-29,601857.SH,5.53,5.57,5.43,5.47,1140079
2022-08-30,601857.SH,5.38,5.39,5.31,5.34,1353303
2022-08-31,601857.SH,5.32,5.43,5.3,5.36,1203356
2022-09-01,601857.SH,5.36,5.45,5.34,5.42,1016597
2022-09-04,601857.SH,5.45,5.58,5.44,5.56,1820157
2022-09-05,601857.SH,5.57,5.63,5.53,5.61,1439710
2022-09-06,601857.SH,5.56,5.6,5.52,5.58,1063078
2022-09-07,601857.SH,5.51,5.57,5.44,5.53,1320468
2022-09-08,601857.SH,5.58,5.63,5.55,5.59,1229276
2022-09-12,601857.SH,5.63,5.65,5.55,5.55,1049312
2022-09-13,601857.SH,5.5,5.59,5.47,5.52,976924
2022-09-14,601857.SH,5.56,5.6,5.47,5.54,1040331
2022-09-15,601857.SH,5.49,5.5,5.35,5.37,2677403
2022-09-18,601857.SH,5.34,5.37,5.27,5.35,1322586
2022-09-19,601857.SH,5.19,5.22,5.15,5.16,1020964
2022-09-20,601857.SH,5.14,5.24,5.09,5.23,1002924
2022-09-21,601857.SH,5.2,5.36,5.17,5.34,1331561
2022-09-22,601857.SH,5.31,5.52,5.31,5.44,1984612
2022-09-25,601857.SH,5.34,5.37,5.11,5.11,1990242
2022-09-26,601857.SH,5.11,5.17,5.03,5.1,1606135
2022-09-27,601857.SH,5.09,5.13,5.04,5.07,966269
2022-09-28,601857.SH,5.14,5.18,5.06,5.11,948557
2022-09-29,601857.SH,5.08,5.16,5.08,5.13,819572
2022-10-09,601857.SH,5.29,5.37,5.24,5.27,1891524
2022-10-10,601857.SH,5.28,5.29,5.19,5.21,1121147
2022-10-11,601857.SH,5.18,5.21,5.13,5.2,1092707
2022-10-12,601857.SH,5.17,5.18,5.1,5.13,1451128
2022-10-13,601857.SH,5.17,5.19,5.15,5.17,1104542
2022-10-16,601857.SH,5.13,5.19,5.08,5.18,999636
2022-10-17,601857.SH,5.16,5.19,5.13,5.16,711519
2022-10-18,601857.SH,5.12,5.17,5.11,5.11,726317
2022-10-19,601857.SH,5.13,5.17,5.1,5.16,934019
2022-10-20,601857.SH,5.14,5.19,5.14,5.19,906783
2022-10-23,601857.SH,5.19,5.23,5.12,5.17,1104972
2022-10-24,601857.SH,5.17,5.18,5.09,5.12,865144
2022-10-25,601857.SH,5.12,5.14,5.07,5.08,1161040
2022-10-26,601857.SH,5.1,5.12,5.07,5.11,863301
2022-10-27,601857.SH,5.12,5.15,5.07,5.07,1310206
2022-10-30,601857.SH,5.05,5.06,4.76,4.79,3205796
2022-10-31,601857.SH,4.77,4.85,4.77,4.85,1358448
2022-11-01,601857.SH,4.85,4.9,4.82,4.89,1060959
2022-11-02,601857.SH,4.86,4.91,4.85,4.89,972995
2022-11-03,601857.SH,4.89,4.97,4.88,4.95,1033841
2022-11-06,601857.SH,4.97,5.08,4.97,5.05,1188761
2022-11-07,601857.SH,5.06,5.08,5.03,5.06,691759
2022-11-08,601857.SH,5.02,5.06,5,5.02,600641
2022-11-09,601857.SH,4.97,4.98,4.9,4.95,1095406
2022-11-10,601857.SH,5,5.05,4.98,5.05,1144431
2022-11-13,601857.SH,5.05,5.11,5.02,5.03,1062604
2022-11-14,601857.SH,5,5.05,4.98,5.03,785992
2022-11-15,601857.SH,5.03,5.1,5.03,5.06,1005224
2022-11-16,601857.SH,5.06,5.06,5.01,5.04,785345
2022-11-17,601857.SH,5.01,5.03,4.99,5,804964
2022-11-20,601857.SH,4.98,4.99,4.94,4.97,678549
2022-11-21,601857.SH,4.98,5.1,4.97,5.07,1389390
2022-11-22,601857.SH,5.1,5.18,5.09,5.14,1532839
2022-11-23,601857.SH,5.09,5.14,5.08,5.11,811206
2022-11-24,601857.SH,5.12,5.2,5.1,5.18,1114229
2022-11-27,601857.SH,5.13,5.15,5.07,5.11,1021154
2022-11-28,601857.SH,5.14,5.2,5.12,5.19,1267211
2022-11-29,601857.SH,5.18,5.24,5.17,5.24,1281766
2022-11-30,601857.SH,5.27,5.28,5.19,5.19,1044701
2022-12-01,601857.SH,5.2,5.23,5.17,5.2,876848
2022-12-04,601857.SH,5.23,5.35,5.22,5.32,1719655
2022-12-05,601857.SH,5.28,5.31,5.25,5.28,1176087
2022-12-06,601857.SH,5.24,5.25,5.17,5.19,1295107
2022-12-07,601857.SH,5.18,5.2,5.13,5.15,1137146
2022-12-08,601857.SH,5.16,5.18,5.12,5.14,954341
2022-12-11,601857.SH,5.14,5.16,5.08,5.09,1175123
2022-12-12,601857.SH,5.11,5.13,5.08,5.1,897679
2022-12-13,601857.SH,5.11,5.15,5.09,5.14,821935
2022-12-14,601857.SH,5.16,5.17,5.08,5.09,760146
2022-12-15,601857.SH,5.07,5.13,5.05,5.11,718331
2022-12-18,601857.SH,5.1,5.11,5.01,5.02,904359
2022-12-19,601857.SH,5.01,5.05,4.98,5,766550
2022-12-20,601857.SH,5.01,5.02,4.98,4.99,501735
2022-12-21,601857.SH,5.03,5.05,4.99,5,596827
2022-12-22,601857.SH,4.98,5.01,4.97,4.98,594997
2022-12-25,601857.SH,5,5.03,4.97,4.98,683454
2022-12-26,601857.SH,5,5.01,4.98,5.01,573567
2022-12-27,601857.SH,5,5.07,4.98,5.05,837273
2022-12-28,601857.SH,5.03,5.03,4.96,4.96,1248619
2022-12-29,601857.SH,4.96,4.98,4.95,4.97,736796
2023-01-02,601857.SH,4.98,5.01,4.95,5.01,746730
2023-01-03,601857.SH,4.98,5,4.96,4.99,854073
2023-01-04,601857.SH,4.97,4.99,4.96,4.98,764221
2023-01-05,601857.SH,4.98,4.99,4.97,4.97,640460
2023-01-08,601857.SH,4.99,4.99,4.97,4.98,664377
2023-01-09,601857.SH,4.98,4.99,4.96,4.96,530174
2023-01-10,601857.SH,4.97,5,4.96,4.97,769815
2023-01-11,601857.SH,4.99,5.05,4.98,5.04,1134671
2023-01-12,601857.SH,5.04,5.1,5.03,5.09,1033610
2023-01-15,601857.SH,5.11,5.13,5.07,5.11,1029217
2023-01-16,601857.SH,5.11,5.11,5.06,5.08,734994
2023-01-17,601857.SH,5.09,5.12,5.07,5.09,737496
2023-01-18,601857.SH,5.09,5.1,5.06,5.1,836184
2023-01-19,601857.SH,5.13,5.21,5.13,5.19,1657264
2023-01-29,601857.SH,5.24,5.25,5.17,5.21,1390744
2023-01-30,601857.SH,5.19,5.22,5.16,5.17,1019934
2023-01-31,601857.SH,5.18,5.21,5.16,5.2,1186953
2023-02-01,601857.SH,5.19,5.19,5.15,5.18,1001027
2023-02-02,601857.SH,5.16,5.18,5.13,5.17,1104656
2023-02-05,601857.SH,5.14,5.16,5.12,5.15,824795
2023-02-06,601857.SH,5.16,5.19,5.15,5.17,683317
2023-02-07,601857.SH,5.21,5.21,5.14,5.15,814751
2023-02-08,601857.SH,5.16,5.18,5.15,5.17,550235
2023-02-09,601857.SH,5.16,5.17,5.13,5.14,658020
2023-02-12,601857.SH,5.15,5.17,5.13,5.15,776967
2023-02-13,601857.SH,5.16,5.17,5.14,5.17,509601
2023-02-14,601857.SH,5.16,5.17,5.13,5.15,690213
2023-02-15,601857.SH,5.15,5.21,5.14,5.15,1453962
2023-02-16,601857.SH,5.15,5.19,5.14,5.15,817739
2023-02-19,601857.SH,5.15,5.25,5.14,5.24,1519570
2023-02-20,601857.SH,5.24,5.3,5.23,5.26,1266276
2023-02-21,601857.SH,5.25,5.28,5.23,5.24,710108
2023-02-22,601857.SH,5.25,5.28,5.22,5.25,931993
2023-02-23,601857.SH,5.25,5.26,5.21,5.23,706267
2023-02-26,601857.SH,5.22,5.25,5.21,5.21,619285
2023-02-27,601857.SH,5.22,5.23,5.19,5.23,780919
2023-02-28,601857.SH,5.22,5.29,5.21,5.28,1190146
2023-03-01,601857.SH,5.28,5.39,5.26,5.36,1913892
2023-03-02,601857.SH,5.37,5.52,5.35,5.5,2395040
2023-03-05,601857.SH,5.52,5.62,5.48,5.51,1980120
2023-03-06,601857.SH,5.53,5.84,5.52,5.64,4481967
2023-03-07,601857.SH,5.55,5.6,5.51,5.57,1922833
2023-03-08,601857.SH,5.55,5.67,5.55,5.57,1534064
2023-03-09,601857.SH,5.54,5.59,5.43,5.44,1797840
2023-03-12,601857.SH,5.48,5.68,5.47,5.68,2510706
2023-03-13,601857.SH,5.64,5.68,5.51,5.55,2046658
2023-03-14,601857.SH,5.55,5.72,5.5,5.65,2231515
2023-03-15,601857.SH,5.55,5.57,5.47,5.48,2399968
2023-03-16,601857.SH,5.51,5.89,5.49,5.83,5235088
2023-03-19,601857.SH,5.8,5.99,5.74,5.77,4261525
2023-03-20,601857.SH,5.8,5.84,5.62,5.68,2255964
2023-03-21,601857.SH,5.7,5.78,5.66,5.7,1493989
2023-03-22,601857.SH,5.69,5.79,5.66,5.77,1857281
2023-03-23,601857.SH,5.74,5.74,5.63,5.64,1823709
2023-03-26,601857.SH,5.6,5.6,5.5,5.58,1589953
2023-03-27,601857.SH,5.65,5.73,5.59,5.67,1745598
2023-03-28,601857.SH,5.71,5.71,5.59,5.61,1235272
2023-03-29,601857.SH,5.7,6.03,5.69,6,5742410
2023-03-30,601857.SH,5.99,6.01,5.9,5.92,2082518
2023-04-02,601857.SH,6.05,6.18,5.97,6,3411577
2023-04-03,601857.SH,6.04,6.24,6,6.17,2940456
2023-04-05,601857.SH,6.12,6.2,6.08,6.18,1829100
2023-04-06,601857.SH,6.16,6.21,6.11,6.15,1198064
2023-04-09,601857.SH,6.16,6.49,6.16,6.46,3384283
2023-04-10,601857.SH,6.42,6.6,6.37,6.56,2763521
2023-04-11,601857.SH,6.57,6.87,6.57,6.83,3115413
2023-04-12,601857.SH,6.86,7.14,6.74,6.78,4540456
2023-04-13,601857.SH,6.78,6.94,6.7,6.9,2753880
2023-04-16,601857.SH,6.87,7.37,6.82,7.34,4255724
2023-04-17,601857.SH,7.29,7.34,7.16,7.29,2703990
2023-04-18,601857.SH,7.24,7.45,7.16,7.19,2556749
2023-04-19,601857.SH,7.12,7.36,7.06,7.32,2801528
2023-04-20,601857.SH,7.25,7.52,7.19,7.29,2745668
2023-04-23,601857.SH,7.29,7.42,7.21,7.32,2344652
2023-04-24,601857.SH,7.36,7.63,7.35,7.62,3384198
2023-04-25,601857.SH,7.5,7.6,7.38,7.54,2585258
2023-04-26,601857.SH,7.41,7.55,7.3,7.5,2061085
2023-04-27,601857.SH,7.47,7.89,7.43,7.89,2747828
2023-05-03,601857.SH,7.59,8.16,7.55,8.01,3555489
2023-05-04,601857.SH,8.01,8.04,7.79,7.97,2361696
2023-05-07,601857.SH,8.02,8.58,8.02,8.58,3490880
2023-05-08,601857.SH,8.59,8.64,8.09,8.09,4124989
2023-05-09,601857.SH,8.09,8.13,7.64,7.77,4139163
2023-05-10,601857.SH,7.75,7.78,7.57,7.63,2017570
2023-05-11,601857.SH,7.66,7.84,7.49,7.5,2689046
2023-05-14,601857.SH,7.42,7.51,7.24,7.47,2942770
2023-05-15,601857.SH,7.45,7.75,7.42,7.52,2174596
2023-05-16,601857.SH,7.43,7.55,7.32,7.47,1235443
2023-05-17,601857.SH,7.55,7.82,7.55,7.71,2038920
2023-05-18,601857.SH,7.68,7.71,7.48,7.53,1496114
2023-05-21,601857.SH,7.49,7.59,7.38,7.49,1296736
2023-05-22,601857.SH,7.49,7.58,7.35,7.35,1222603
2023-05-23,601857.SH,7.32,7.38,7.19,7.22,1622572
2023-05-24,601857.SH,7.2,7.27,7.02,7.16,2281736
2023-05-25,601857.SH,7.15,7.2,7.01,7.11,1241262
2023-05-28,601857.SH,7.25,7.71,7.23,7.62,2692567
2023-05-29,601857.SH,7.58,7.9,7.55,7.67,2169730
2023-05-30,601857.SH,7.58,7.69,7.4,7.5,1884317
2023-05-31,601857.SH,7.53,7.79,7.49,7.63,1803213
2023-06-01,601857.SH,7.71,7.81,7.62,7.65,1432497
2023-06-04,601857.SH,7.72,7.85,7.7,7.72,1380727
2023-06-05,601857.SH,7.67,7.8,7.63,7.66,1237333
2023-06-06,601857.SH,7.6,7.71,7.5,7.66,1029440
2023-06-07,601857.SH,7.66,7.87,7.57,7.82,1691084
2023-06-08,601857.SH,7.78,7.86,7.72,7.86,1725688
2023-06-11,601857.SH,7.8,8.05,7.74,7.78,1845869
2023-06-12,601857.SH,7.74,7.76,7.45,7.61,2050492
2023-06-13,601857.SH,7.68,7.77,7.57,7.6,1360193
2023-06-14,601857.SH,7.53,7.58,7.44,7.56,1244005
2023-06-15,601857.SH,7.62,7.68,7.5,7.58,1593429
2023-06-18,601857.SH,7.59,7.59,7.44,7.52,1154892
2023-06-19,601857.SH,7.55,7.55,7.3,7.37,1480959
2023-06-20,601857.SH,7.34,7.65,7.29,7.52,2429417
2023-06-25,601857.SH,7.45,7.59,7.41,7.46,1567128
2023-06-26,601857.SH,7.48,7.81,7.42,7.73,2167185
2023-06-27,601857.SH,7.53,7.59,7.46,7.54,1508646
2023-06-28,601857.SH,7.55,7.59,7.45,7.47,965943
2023-06-29,601857.SH,7.47,7.55,7.43,7.47,763164
2023-07-02,601857.SH,7.49,7.85,7.47,7.82,1720806
2023-07-03,601857.SH,7.81,8.04,7.74,7.79,1396819
2023-07-04,601857.SH,7.82,7.9,7.72,7.79,796149
2023-07-05,601857.SH,7.79,7.85,7.7,7.75,949319
2023-07-06,601857.SH,7.71,7.84,7.6,7.73,1034963
2023-07-09,601857.SH,7.79,7.82,7.6,7.63,1116973
2023-07-10,601857.SH,7.67,7.67,7.58,7.64,723912
2023-07-11,601857.SH,7.68,7.87,7.66,7.78,1437319
2023-07-12,601857.SH,7.82,8.24,7.79,8.24,2618371
2023-07-13,601857.SH,8.22,8.35,8.18,8.24,1244159
2023-07-16,601857.SH,8.22,8.23,8.06,8.13,805655
2023-07-17,601857.SH,8.14,8.14,7.99,8.06,763121
2023-07-18,601857.SH,8.08,8.24,8.06,8.14,850580
2023-07-19,601857.SH,8.13,8.17,7.99,8.02,871355
2023-07-20,601857.SH,8,8.07,7.94,8.01,587324
2023-07-23,601857.SH,7.95,8.04,7.86,7.96,632844
2023-07-24,601857.SH,8.14,8.21,8,8.03,1336450
2023-07-25,601857.SH,8.02,8.05,7.81,7.86,1398929
2023-07-26,601857.SH,7.87,8.02,7.84,7.87,1041708
2023-07-27,601857.SH,7.84,7.97,7.77,7.97,1230849
2023-07-30,601857.SH,7.91,8.06,7.83,7.92,1403416
2023-07-31,601857.SH,7.93,8.08,7.93,8.08,1294729
2023-08-01,601857.SH,8.09,8.1,7.56,7.63,3351154
2023-08-02,601857.SH,7.55,7.65,7.46,7.58,1523922
2023-08-03,601857.SH,7.62,7.77,7.6,7.62,1544003
2023-08-06,601857.SH,7.65,7.75,7.59,7.69,773119
2023-08-07,601857.SH,7.65,7.82,7.6,7.79,1059648
2023-08-08,601857.SH,7.78,7.84,7.71,7.8,809136
2023-08-09,601857.SH,7.87,7.98,7.85,7.92,1092984
2023-08-10,601857.SH,7.91,7.94,7.78,7.79,764126
2023-08-13,601857.SH,7.73,7.88,7.72,7.84,808896
2023-08-14,601857.SH,7.84,7.87,7.76,7.84,626279
2023-08-15,601857.SH,7.79,7.8,7.6,7.65,991037
2023-08-16,601857.SH,7.62,7.71,7.55,7.69,595233
2023-08-17,601857.SH,7.66,7.77,7.66,7.68,577901
2023-08-20,601857.SH,7.69,7.72,7.56,7.56,648950
2023-08-21,601857.SH,7.56,7.78,7.5,7.73,1169790
2023-08-22,601857.SH,7.73,7.83,7.7,7.75,878244
2023-08-23,601857.SH,7.73,7.79,7.64,7.66,818382
2023-08-24,601857.SH,7.63,7.75,7.6,7.71,746050
2023-08-27,601857.SH,8.02,8.03,7.73,7.83,1779257
2023-08-28,601857.SH,7.8,7.85,7.72,7.75,1106741
2023-08-29,601857.SH,7.79,7.89,7.76,7.76,939485
2023-08-30,601857.SH,7.79,7.82,7.67,7.75,962461
2023-08-31,601857.SH,7.75,7.81,7.71,7.76,1029252
2023-09-03,601857.SH,7.8,7.96,7.8,7.95,1574662
2023-09-04,601857.SH,7.93,7.98,7.89,7.95,924979
2023-09-05,601857.SH,8.02,8.11,7.88,8.08,1564053
2023-09-06,601857.SH,8.06,8.31,8.06,8.24,1623638
2023-09-07,601857.SH,8.21,8.23,8.02,8.06,1038510
2023-09-10,601857.SH,8.09,8.21,8.06,8.13,1067282
2023-09-11,601857.SH,8.15,8.22,8.06,8.1,877928
2023-09-12,601857.SH,8.19,8.31,8.14,8.27,1377366
2023-09-13,601857.SH,8.28,8.37,8.22,8.34,1502515
2023-09-14,601857.SH,8.42,8.58,8.25,8.29,2033961
2023-09-17,601857.SH,8.29,8.33,8.12,8.23,1669064
2023-09-18,601857.SH,8.22,8.34,8.2,8.32,1178341
2023-09-19,601857.SH,8.14,8.2,8.08,8.12,1267612
2023-09-20,601857.SH,8.12,8.18,7.99,7.99,1063015
2023-09-21,601857.SH,8.02,8.12,7.97,8.11,1111403
2023-09-24,601857.SH,8.13,8.16,7.98,8,1215911
2023-09-25,601857.SH,8,8.03,7.96,7.98,891332
2023-09-26,601857.SH,8.03,8.05,7.98,8,754604
2023-09-27,601857.SH,8.15,8.18,7.96,7.98,1250172
2023-10-08,601857.SH,7.79,7.94,7.61,7.91,1806692
2023-10-09,601857.SH,7.92,7.97,7.75,7.79,989316
2023-10-10,601857.SH,7.81,7.82,7.63,7.66,989973
2023-10-11,601857.SH,7.66,7.7,7.6,7.67,826176
2023-10-12,601857.SH,7.61,7.7,7.54,7.67,936652
2023-10-15,601857.SH,7.75,7.84,7.71,7.8,1314717
2023-10-16,601857.SH,7.76,7.95,7.71,7.93,1085745
2023-10-17,601857.SH,7.93,8.02,7.91,7.98,970317
2023-10-18,601857.SH,7.98,7.98,7.71,7.74,1198459
2023-10-19,601857.SH,7.78,7.8,7.67,7.69,858745
2023-10-22,601857.SH,7.63,7.69,7.51,7.57,864694
2023-10-23,601857.SH,7.56,7.77,7.55,7.76,1187572
2023-10-24,601857.SH,7.79,7.8,7.31,7.33,2208269
2023-10-25,601857.SH,7.3,7.48,7.29,7.45,1181437
2023-10-26,601857.SH,7.42,7.52,7.4,7.42,949549
2023-10-29,601857.SH,7.41,7.42,7.05,7.13,2413078
2023-10-30,601857.SH,7.1,7.15,7,7.12,1570334
2023-10-31,601857.SH,7.11,7.18,7.05,7.16,1217491
2023-11-01,601857.SH,7.2,7.3,7.16,7.25,1176057
2023-11-02,601857.SH,7.28,7.38,7.22,7.33,1068222
2023-11-05,601857.SH,7.28,7.28,7.03,7.09,2630123
2023-11-06,601857.SH,7.04,7.13,6.91,7.09,1663974
2023-11-07,601857.SH,6.99,7.05,6.95,7.03,1016303
2023-11-08,601857.SH,6.99,7.11,6.97,7.09,1029000
2023-11-09,601857.SH,7.08,7.12,7,7.08,716987
2023-11-12,601857.SH,7.11,7.15,7.02,7.14,839485
2023-11-13,601857.SH,7.15,7.21,7.08,7.1,697239
2023-11-14,601857.SH,7.11,7.18,7.1,7.18,834143
2023-11-15,601857.SH,7.14,7.21,7.12,7.13,501107
2023-11-16,601857.SH,7.06,7.07,6.95,7.04,1080657
2023-11-19,601857.SH,7.07,7.14,7.05,7.1,843360
2023-11-20,601857.SH,7.14,7.23,7.11,7.13,953629
2023-11-21,601857.SH,7.14,7.2,7.11,7.12,577260
2023-11-22,601857.SH,7.1,7.14,7.05,7.11,604763
2023-11-23,601857.SH,7.11,7.17,7.09,7.12,527176
2023-11-26,601857.SH,7.13,7.16,7.04,7.13,852578
2023-11-27,601857.SH,7.12,7.13,7.05,7.07,853113
2023-11-28,601857.SH,7.09,7.11,7.01,7.06,1013495
2023-11-29,601857.SH,7.07,7.21,7.05,7.18,1543681
2023-11-30,601857.SH,7.18,7.23,7.13,7.18,981647
2023-12-03,601857.SH,7.18,7.29,7.17,7.2,778993
2023-12-04,601857.SH,7.18,7.21,7.05,7.06,737555
2023-12-05,601857.SH,7.05,7.09,6.81,6.81,1874733
2023-12-06,601857.SH,6.76,6.82,6.71,6.78,1049996
2023-12-07,601857.SH,6.79,6.97,6.76,6.87,1162015
2023-12-10,601857.SH,6.87,6.91,6.67,6.86,1135475
2023-12-11,601857.SH,6.85,6.92,6.77,6.91,837792
2023-12-12,601857.SH,6.84,6.86,6.75,6.76,906688
2023-12-13,601857.SH,6.79,6.82,6.74,6.75,590997
2023-12-14,601857.SH,6.8,6.82,6.71,6.73,717703
2023-12-17,601857.SH,6.71,6.8,6.68,6.76,587152
2023-12-18,601857.SH,6.78,6.79,6.71,6.77,604562
2023-12-19,601857.SH,6.77,6.85,6.75,6.77,773174
2023-12-20,601857.SH,6.75,6.8,6.71,6.77,647116
2023-12-21,601857.SH,6.77,6.87,6.76,6.83,937392
2023-12-24,601857.SH,6.8,6.94,6.79,6.92,794727
2023-12-25,601857.SH,6.92,7.03,6.89,6.99,949538
2023-12-26,601857.SH,7,7.17,6.97,7.12,1077890
2023-12-27,601857.SH,7.13,7.18,7.01,7.06,1167205
2023-12-28,601857.SH,7.02,7.12,6.96,7.06,1188541
2024-01-01,601857.SH,7.06,7.19,7.05,7.14,1226087
2024-01-02,601857.SH,7.14,7.3,7.11,7.28,1346559
2024-01-03,601857.SH,7.33,7.46,7.32,7.43,1493913
2024-01-04,601857.SH,7.39,7.59,7.35,7.49,1529002
2024-01-07,601857.SH,7.5,7.57,7.42,7.47,1166565
2024-01-08,601857.SH,7.38,7.48,7.32,7.46,1069872
2024-01-09,601857.SH,7.46,7.55,7.39,7.41,798491
2024-01-10,601857.SH,7.37,7.39,7.2,7.23,1287456
2024-01-11,601857.SH,7.26,7.3,7.17,7.23,950054
2024-01-14,601857.SH,7.21,7.35,7.18,7.33,872155
2024-01-15,601857.SH,7.31,7.37,7.25,7.34,1006076
2024-01-16,601857.SH,7.3,7.34,7.2,7.2,1008841
2024-01-17,601857.SH,7.22,7.27,6.89,7.19,1955629
2024-01-18,601857.SH,7.15,7.2,7.05,7.14,1196944
2024-01-21,601857.SH,7.14,7.2,6.98,7.05,1309311
2024-01-22,601857.SH,7.01,7.08,6.86,7.01,1353855
2024-01-23,601857.SH,7.02,7.27,6.99,7.26,1699854
2024-01-24,601857.SH,7.3,7.99,7.27,7.99,3780275
2024-01-25,601857.SH,8.05,8.55,7.88,8.5,5930096
2024-01-28,601857.SH,8.39,8.85,8.25,8.4,5863925
2024-01-29,601857.SH,8.32,8.65,8.3,8.4,3644251
2024-01-30,601857.SH,8.34,8.56,8.3,8.36,3218143
2024-01-31,601857.SH,8.2,8.35,8.09,8.15,3644043
2024-02-01,601857.SH,8.1,8.3,7.97,8.1,3083389
2024-02-04,601857.SH,8.06,8.42,8.06,8.31,4355672
2024-02-05,601857.SH,8.25,8.34,8.04,8.12,3280114
2024-02-06,601857.SH,8.1,8.32,7.93,8.31,3734261
2024-02-07,601857.SH,8.21,8.4,8.13,8.28,2687418
2024-02-18,601857.SH,8.28,8.66,8.21,8.65,3215738
2024-02-19,601857.SH,8.6,8.67,8.52,8.64,1845503
2024-02-20,601857.SH,8.6,8.94,8.58,8.71,3122879
2024-02-21,601857.SH,8.63,9.21,8.63,9.21,3224117
2024-02-22,601857.SH,9.29,9.33,9,9.07,2824847
2024-02-25,601857.SH,9,9.13,8.81,8.84,2487285
2024-02-26,601857.SH,8.84,9.01,8.8,8.88,2084087
2024-02-27,601857.SH,8.81,8.97,8.68,8.84,2787274
2024-02-28,601857.SH,8.78,8.88,8.74,8.84,2069396
2024-02-29,601857.SH,8.78,8.88,8.72,8.78,1767140
2024-03-03,601857.SH,8.81,9.15,8.78,9.12,3135454
2024-03-04,601857.SH,9.05,9.14,8.93,9.05,2499299
2024-03-05,601857.SH,9.03,9.18,8.92,8.98,1919105
2024-03-06,601857.SH,8.95,9.24,8.95,9.07,2129867
2024-03-07,601857.SH,9.05,9.21,8.96,9.18,2027216
2024-03-10,601857.SH,9.1,9.14,8.89,9,2231140
2024-03-11,601857.SH,8.95,8.96,8.66,8.68,2569199
2024-03-12,601857.SH,8.63,8.75,8.53,8.69,1738542
2024-03-13,601857.SH,8.68,8.92,8.67,8.79,2136978
2024-03-14,601857.SH,8.8,8.88,8.69,8.85,1610674
2024-03-17,601857.SH,8.83,8.92,8.75,8.86,1084721
2024-03-18,601857.SH,8.88,9.05,8.87,8.9,1548478
2024-03-19,601857.SH,8.93,9.18,8.81,9.14,1831316
2024-03-20,601857.SH,9.08,9.23,9.03,9.17,1207836
2024-03-21,601857.SH,9.11,9.23,8.96,9.08,1604447
2024-03-24,601857.SH,9.04,9.38,9.03,9.28,1802881
2024-03-25,601857.SH,9.29,9.33,9.11,9.21,1909465
2024-03-26,601857.SH,9.14,9.24,9.09,9.17,1324508
2024-03-27,601857.SH,9.18,9.32,9.04,9.25,1575853
2024-03-28,601857.SH,9.33,9.9,9.32,9.88,2646471
2024-03-31,601857.SH,9.8,9.9,9.66,9.74,1941360
2024-04-01,601857.SH,9.79,10.12,9.78,9.96,2221506
2024-04-02,601857.SH,10.07,10.34,10,10.18,2828126
2024-04-07,601857.SH,10.05,10.52,10,10.27,2814909
2024-04-08,601857.SH,10.23,10.42,9.97,10.12,1981017
2024-04-09,601857.SH,10.06,10.33,10.03,10.27,1790332
2024-04-10,601857.SH,10.24,10.37,10.18,10.23,1588785
2024-04-11,601857.SH,10.19,10.31,10.14,10.27,1583924
2024-04-14,601857.SH,10.17,10.73,10.12,10.67,2676636
2024-04-15,601857.SH,10.6,11.02,10.59,10.9,3185851
2024-04-16,601857.SH,10.75,10.93,10.58,10.93,2439975
2024-04-17,601857.SH,10.72,10.84,10.56,10.62,2600513
2024-04-18,601857.SH,10.69,11.06,10.68,10.92,3417663
2024-04-21,601857.SH,10.8,11.05,10.57,10.63,2571758
2024-04-22,601857.SH,10.54,10.54,10.22,10.35,2494548
2024-04-23,601857.SH,10.39,10.45,10.24,10.43,1582284
2024-04-24,601857.SH,10.36,10.55,10.28,10.54,1620017
2024-04-25,601857.SH,10.61,10.85,10.58,10.68,2449801
2024-04-28,601857.SH,10.59,10.59,10.2,10.22,3321670
2024-04-29,601857.SH,10.12,10.4,10.06,10.27,2450672
2024-05-05,601857.SH,10,10.04,9.82,10.01,4179527
2024-05-06,601857.SH,9.96,10.12,9.94,10.12,2426159
2024-05-07,601857.SH,10.07,10.32,10.06,10.13,2045593
2024-05-08,601857.SH,10.16,10.2,10.02,10.07,1705342
2024-05-09,601857.SH,10.11,10.17,10.05,10.08,1555790
2024-05-12,601857.SH,9.93,10.1,9.91,10.02,1671123
2024-05-13,601857.SH,10.04,10.06,9.86,9.93,2108588
2024-05-14,601857.SH,9.88,9.97,9.8,9.89,1449595
2024-05-15,601857.SH,9.92,9.94,9.81,9.83,1299530
2024-05-16,601857.SH,9.83,9.96,9.79,9.92,1556888
2024-05-19,601857.SH,9.95,10.28,9.88,10.21,2877407
2024-05-20,601857.SH,10.13,10.18,9.98,10.13,1655796
2024-05-21,601857.SH,10.1,10.17,10.01,10.05,1314606
2024-05-22,601857.SH,9.98,10,9.89,9.91,1281721
2024-05-23,601857.SH,9.91,10.06,9.89,9.97,1310329
2024-05-26,601857.SH,9.98,10.3,9.98,10.24,2248014
2024-05-27,601857.SH,10.25,10.5,10.22,10.39,2115891
2024-05-28,601857.SH,10.46,10.53,10.32,10.49,1453699
2024-05-29,601857.SH,10.36,10.53,10.16,10.2,1733541
2024-05-30,601857.SH,10.11,10.22,10.08,10.14,1353945
2024-06-02,601857.SH,10.16,10.28,10.09,10.16,1817872
2024-06-03,601857.SH,9.96,10.02,9.85,9.99,2141284
2024-06-04,601857.SH,9.95,10.02,9.7,9.77,2175948
2024-06-05,601857.SH,9.8,10.08,9.76,9.99,2547537
2024-06-06,601857.SH,10.06,10.12,9.9,9.99,1453143
2024-06-10,601857.SH,10.08,10.11,9.78,9.82,1973930
2024-06-11,601857.SH,9.79,10.01,9.72,10,1724169
2024-06-12,601857.SH,10.01,10.03,9.86,9.91,1207756
2024-06-13,601857.SH,9.87,9.9,9.8,9.83,1258439
2024-06-16,601857.SH,9.8,9.83,9.64,9.65,1553835
2024-06-17,601857.SH,9.69,9.76,9.54,9.76,1431451
2024-06-18,601857.SH,9.76,9.94,9.74,9.89,1479239
2024-06-19,601857.SH,9.87,10.08,9.86,10.06,2264309
2024-06-20,601857.SH,10.05,10.23,9.94,9.97,1772746
2024-06-23,601857.SH,9.95,10.07,9.95,10.03,1185027
2024-06-24,601857.SH,10.03,10.2,9.97,10.05,1598439
2024-06-25,601857.SH,9.83,9.84,9.63,9.7,1302946
2024-06-26,601857.SH,9.66,9.75,9.56,9.69,1386924
2024-06-27,601857.SH,9.71,10.34,9.7,10.32,2702549
2024-06-30,601857.SH,10.29,10.54,10.24,10.43,1743307
2024-07-01,601857.SH,10.53,10.75,10.42,10.66,1771949
2024-07-02,601857.SH,10.65,10.74,10.47,10.57,1384818
2024-07-03,601857.SH,10.58,10.72,10.58,10.64,1203807
2024-07-04,601857.SH,10.63,10.7,10.34,10.54,1650690
2024-07-07,601857.SH,10.44,10.75,10.41,10.67,1390778
2024-07-08,601857.SH,10.66,10.69,10.53,10.64,1128519
2024-07-09,601857.SH,10.62,10.66,10.31,10.33,1567584
2024-07-10,601857.SH,10.35,10.47,10.25,10.46,1397590
2024-07-11,601857.SH,10.43,10.58,10.27,10.33,1359351
2024-07-14,601857.SH,10.24,10.5,10.14,10.47,1534145
2024-07-15,601857.SH,10.44,10.56,10.36,10.51,1114836
2024-07-16,601857.SH,10.46,10.5,10.05,10.09,2139500
2024-07-17,601857.SH,10.12,10.22,10.01,10.2,1486272
2024-07-18,601857.SH,10.1,10.11,9.88,9.97,1876459
2024-07-21,601857.SH,9.86,9.86,9.48,9.63,2576414
2024-07-22,601857.SH,9.58,9.63,9.5,9.51,1444746
2024-07-23,601857.SH,9.5,9.64,9.42,9.56,1718396
2024-07-24,601857.SH,9.55,9.55,9.13,9.16,2261720
2024-07-25,601857.SH,9.13,9.22,9.02,9.1,1659726
2024-07-28,601857.SH,9.03,9.16,8.95,9.14,1309562
2024-07-29,601857.SH,9.06,9.06,8.78,8.78,2183524
2024-07-30,601857.SH,8.75,8.99,8.74,8.97,2009305
2024-07-31,601857.SH,9.07,9.17,8.95,9.03,1600745
2024-08-01,601857.SH,8.87,8.91,8.78,8.86,1346720
2024-08-04,601857.SH,8.65,8.75,8.39,8.42,2933268
2024-08-05,601857.SH,8.48,8.57,8.42,8.49,1358304
2024-08-06,601857.SH,8.44,8.72,8.38,8.59,1577568
2024-08-07,601857.SH,8.65,8.72,8.54,8.55,992500
2024-08-08,601857.SH,8.58,8.78,8.56,8.74,1599886
2024-08-11,601857.SH,8.73,8.8,8.67,8.71,909479
2024-08-12,601857.SH,8.79,8.88,8.69,8.79,1261015
2024-08-13,601857.SH,8.71,8.79,8.66,8.78,780732
2024-08-14,601857.SH,8.75,8.91,8.71,8.86,1139332
2024-08-15,601857.SH,8.88,9.05,8.87,9.01,1268546
2024-08-18,601857.SH,8.98,9.12,8.93,9.07,1056188
2024-08-19,601857.SH,9.04,9.09,8.81,8.89,1405325
2024-08-20,601857.SH,8.84,8.93,8.8,8.93,845655
2024-08-21,601857.SH,8.88,8.94,8.81,8.9,878913
2024-08-22,601857.SH,8.92,9.09,8.86,8.93,959815
2024-08-25,601857.SH,9.01,9.09,8.92,9.05,1137326
2024-08-26,601857.SH,9.11,9.35,9.05,9.32,2174500
2024-08-27,601857.SH,9.25,9.35,9.12,9.18,1360484
2024-08-28,601857.SH,9.14,9.16,8.84,8.9,1458573
2024-08-29,601857.SH,8.9,9.04,8.8,8.93,1549532
2024-09-01,601857.SH,8.85,9.07,8.7,9.01,1452108
2024-09-02,601857.SH,8.98,9.04,8.67,8.71,1647423
2024-09-03,601857.SH,8.49,8.49,8.17,8.25,2342153
2024-09-04,601857.SH,8.21,8.28,8.05,8.13,1653425
2024-09-05,601857.SH,8.11,8.21,8.04,8.04,1110479
2024-09-08,601857.SH,7.99,8,7.71,7.82,1830158
2024-09-09,601857.SH,7.85,7.95,7.82,7.9,1255347
2024-09-10,601857.SH,7.72,7.77,7.55,7.75,2023977
2024-09-11,601857.SH,7.73,7.87,7.69,7.84,1331868
2024-09-12,601857.SH,7.88,7.98,7.88,7.9,1297172
2024-09-17,601857.SH,7.91,8.1,7.91,8.06,1174422
2024-09-18,601857.SH,7.9,7.9,7.7,7.85,1153688
2024-09-19,601857.SH,7.89,8.01,7.83,7.91,1334881
2024-09-22,601857.SH,7.91,8.09,7.86,8.01,965866
2024-09-23,601857.SH,8.11,8.37,8.04,8.36,1839363
2024-09-24,601857.SH,8.51,8.66,8.37,8.4,2124735
2024-09-25,601857.SH,8.3,8.45,8.25,8.39,2957530
2024-09-26,601857.SH,8.39,8.4,8.28,8.38,1794094
2024-09-29,601857.SH,8.53,9.17,8.53,9.02,5409262
2024-10-07,601857.SH,9.92,9.92,8.9,9.34,6429853
2024-10-08,601857.SH,9.1,9.13,8.45,8.45,4449018
2024-10-09,601857.SH,8.47,9.01,8.47,8.74,3934856
2024-10-10,601857.SH,8.85,8.89,8.63,8.7,2514852
2024-10-13,601857.SH,8.7,8.84,8.62,8.75,2214551
2024-10-14,601857.SH,8.58,8.61,8.42,8.43,2255167
2024-10-15,601857.SH,8.4,8.5,8.32,8.42,1669120
2024-10-16,601857.SH,8.41,8.59,8.35,8.35,1798041
2024-10-17,601857.SH,8.39,8.6,8.35,8.54,2402183
2024-10-20,601857.SH,8.5,8.59,8.41,8.46,2292546
2024-10-21,601857.SH,8.46,8.51,8.43,8.46,1670435
2024-10-22,601857.SH,8.5,8.53,8.43,8.48,1955565
2024-10-23,601857.SH,8.46,8.47,8.38,8.45,978373
2024-10-24,601857.SH,8.41,8.45,8.38,8.39,1218970
2024-10-27,601857.SH,8.33,8.37,8.18,8.37,2260085
2024-10-28,601857.SH,8.29,8.33,8.2,8.2,1590376
2024-10-29,601857.SH,8.2,8.25,8.08,8.11,1584254
2024-10-30,601857.SH,8.13,8.16,8.06,8.1,1283102
2024-10-31,601857.SH,8.13,8.38,8.11,8.3,2805247
2024-11-03,601857.SH,8.31,8.34,8.13,8.2,1949855
2024-11-04,601857.SH,8.2,8.29,8.14,8.28,2036945
2024-11-05,601857.SH,8.23,8.4,8.22,8.26,2373457
2024-11-06,601857.SH,8.22,8.35,8.16,8.35,2446811
2024-11-07,601857.SH,8.35,8.39,8.22,8.25,2061592
2024-11-10,601857.SH,8.2,8.2,8.02,8.09,2487678
2024-11-11,601857.SH,8.03,8.16,7.99,8,2130889
2024-11-12,601857.SH,7.99,8.16,7.97,8.07,2233181
2024-11-13,601857.SH,8.03,8.15,8.02,8.03,1850581
2024-11-14,601857.SH,8.03,8.1,7.98,8.03,1853547
2024-11-17,601857.SH,8.04,8.23,8.03,8.15,2782130
2024-11-18,601857.SH,8.19,8.2,8.06,8.13,1697556
2024-11-19,601857.SH,8.1,8.15,8.06,8.13,1175677
2024-11-20,601857.SH,8.11,8.16,8.08,8.11,1034576
2024-11-21,601857.SH,8.13,8.19,8.01,8.01,1664004
2024-11-24,601857.SH,8.05,8.15,8,8.03,1515802
2024-11-25,601857.SH,7.97,8.03,7.84,8.02,1313713
2024-11-26,601857.SH,7.98,8.04,7.94,8.03,960155
2024-11-27,601857.SH,8.02,8.06,7.99,8.03,756555
2024-11-28,601857.SH,8.04,8.11,8.03,8.04,1291504
2024-12-01,601857.SH,8.06,8.07,7.99,8.02,1300252
2024-12-02,601857.SH,8.01,8.1,7.98,8.1,1599734
2024-12-03,601857.SH,8.1,8.45,8.1,8.44,4325550
2024-12-04,601857.SH,8.32,8.38,8.26,8.29,1827162
2024-12-05,601857.SH,8.28,8.39,8.27,8.32,1598333
2024-12-08,601857.SH,8.29,8.48,8.24,8.43,2126592
2024-12-09,601857.SH,8.53,8.58,8.35,8.36,1914230
2024-12-10,601857.SH,8.34,8.47,8.33,8.45,1503909
2024-12-11,601857.SH,8.46,8.54,8.42,8.45,1392178
2024-12-12,601857.SH,8.41,8.43,8.27,8.28,1627296
2024-12-15,601857.SH,8.26,8.49,8.25,8.45,2072055
2024-12-16,601857.SH,8.43,8.59,8.43,8.48,1625591
2024-12-17,601857.SH,8.52,8.59,8.48,8.51,1324767
2024-12-18,601857.SH,8.46,8.55,8.4,8.42,1261274
2024-12-19,601857.SH,8.41,8.44,8.33,8.34,1060721
2024-12-22,601857.SH,8.38,8.62,8.37,8.58,2236033
2024-12-23,601857.SH,8.54,8.82,8.5,8.78,2386243
2024-12-24,601857.SH,8.76,9.05,8.75,9.02,2503521
2024-12-25,601857.SH,9.02,9.02,8.85,8.97,1845507
2024-12-26,601857.SH,8.98,9.07,8.81,8.92,1451990
2024-12-29,601857.SH,8.92,9.08,8.91,9,1459250
2024-12-30,601857.SH,9.02,9.05,8.92,8.94,1554074
2025-01-01,601857.SH,8.91,9.01,8.73,8.77,1849814
2025-01-02,601857.SH,8.81,8.95,8.8,8.85,1789653
2025-01-05,601857.SH,8.87,8.95,8.68,8.91,1704628
2025-01-06,601857.SH,8.86,8.93,8.75,8.84,1222673
2025-01-07,601857.SH,8.86,9.17,8.84,9.05,2275089
2025-01-08,601857.SH,8.99,9.03,8.7,8.82,1536295
2025-01-09,601857.SH,8.86,8.91,8.69,8.75,1434638
2025-01-12,601857.SH,8.9,8.95,8.72,8.87,1781679
2025-01-13,601857.SH,8.81,8.91,8.75,8.9,1588847
2025-01-14,601857.SH,8.86,9.02,8.79,8.86,1414869
2025-01-15,601857.SH,8.93,9.04,8.88,9,1534548
2025-01-16,601857.SH,8.95,8.98,8.82,8.83,1502697
2025-01-19,601857.SH,8.82,8.82,8.55,8.57,2354036
2025-01-20,601857.SH,8.53,8.56,8.41,8.45,1522666
2025-01-21,601857.SH,8.41,8.44,8.2,8.23,1922712
2025-01-22,601857.SH,8.26,8.37,8.24,8.26,1523746
2025-01-23,601857.SH,8.23,8.29,8.17,8.22,1491771
2025-01-26,601857.SH,8.22,8.35,8.19,8.33,1553732
2025-02-04,601857.SH,8.33,8.34,8.11,8.15,1525253
2025-02-05,601857.SH,8.15,8.22,8.13,8.2,1075761
2025-02-06,601857.SH,8.18,8.27,8.14,8.26,1382160
2025-02-09,601857.SH,8.25,8.28,8.2,8.23,1106241
2025-02-10,601857.SH,8.25,8.35,8.23,8.29,1479382
2025-02-11,601857.SH,8.3,8.3,8.23,8.28,1095270
2025-02-12,601857.SH,8.21,8.27,8.19,8.23,1339344
2025-02-13,601857.SH,8.23,8.24,8.08,8.11,2476827
2025-02-16,601857.SH,8.08,8.09,8.02,8.06,1784356
2025-02-17,601857.SH,8.05,8.14,8,8.07,2101961
2025-02-18,601857.SH,8.07,8.07,7.96,7.98,2269006
2025-02-19,601857.SH,7.98,8.04,7.95,8.01,1332230
2025-02-20,601857.SH,8.03,8.03,7.94,7.99,1375609
2025-02-23,601857.SH,7.94,7.96,7.88,7.9,1794476
2025-02-24,601857.SH,7.9,7.95,7.8,7.81,1792672
2025-02-25,601857.SH,7.77,7.85,7.75,7.79,1600731
2025-02-26,601857.SH,7.78,7.88,7.73,7.88,2098980
2025-02-27,601857.SH,7.85,7.97,7.84,7.86,2016127
2025-03-02,601857.SH,7.9,7.94,7.8,7.83,1550703
2025-03-03,601857.SH,7.78,7.78,7.61,7.62,2474927
2025-03-04,601857.SH,7.6,7.68,7.58,7.65,1404067
2025-03-05,601857.SH,7.59,7.66,7.56,7.65,1856582
2025-03-06,601857.SH,7.63,7.74,7.62,7.69,1766140
2025-03-09,601857.SH,7.68,7.73,7.63,7.66,1205263
2025-03-10,601857.SH,7.61,7.7,7.6,7.7,1041782
2025-03-11,601857.SH,7.7,7.73,7.65,7.67,946387
2025-03-12,601857.SH,7.72,7.83,7.7,7.82,2243720
2025-03-13,601857.SH,7.79,7.85,7.79,7.84,1748715
2025-03-16,601857.SH,7.88,7.94,7.87,7.92,1483619
2025-03-17,601857.SH,7.93,7.94,7.86,7.9,955415
2025-03-18,601857.SH,7.86,7.92,7.86,7.88,783274
2025-03-19,601857.SH,7.88,7.97,7.88,7.95,1304213
2025-03-20,601857.SH,7.98,8.09,7.94,7.96,2092425
2025-03-23,601857.SH,7.96,8,7.9,7.99,1263746
2025-03-24,601857.SH,7.99,8.08,7.97,8.08,1167963
2025-03-25,601857.SH,8.08,8.15,8.06,8.11,1046474
2025-03-26,601857.SH,8.11,8.19,8.1,8.18,1258087
2025-03-27,601857.SH,8.16,8.17,8.07,8.08,1294322
2025-03-30,601857.SH,8.1,8.24,8.07,8.22,2032178
2025-03-31,601857.SH,8.25,8.3,8.2,8.25,1367110
2025-04-01,601857.SH,8.25,8.27,8.15,8.17,1030759
2025-04-02,601857.SH,8.04,8.17,8.02,8.14,1195079
2025-04-06,601857.SH,7.54,7.66,7.33,7.34,3955675
2025-04-07,601857.SH,7.41,7.75,7.33,7.7,3366438
2025-04-08,601857.SH,7.6,7.6,7.4,7.54,3461384
2025-04-09,601857.SH,7.64,7.67,7.52,7.58,2508698
2025-04-10,601857.SH,7.56,7.58,7.49,7.56,1474061
2025-04-13,601857.SH,7.56,7.7,7.55,7.69,1697706
2025-04-14,601857.SH,7.68,7.76,7.66,7.75,1336538
2025-04-15,601857.SH,7.73,8,7.7,7.98,2156864
2025-04-16,601857.SH,7.97,8,7.91,7.99,1022840
2025-04-17,601857.SH,8,8.08,7.95,7.99,1071083
2025-04-20,601857.SH,7.96,8.01,7.92,7.94,804014
2025-04-21,601857.SH,7.92,8.05,7.91,8.01,1079581
2025-04-22,601857.SH,8.06,8.07,7.98,8,745146
2025-04-23,601857.SH,7.98,8.03,7.97,8,641255
2025-04-24,601857.SH,8.02,8.04,7.95,7.96,764798
2025-04-27,601857.SH,7.97,8.04,7.92,8.02,892857
2025-04-28,601857.SH,7.96,8.01,7.92,7.94,806642
2025-04-29,601857.SH,7.95,8.03,7.94,7.99,893545
2025-05-05,601857.SH,7.97,7.98,7.89,7.96,1224981
2025-05-06,601857.SH,8.1,8.11,7.99,8.1,1418988
2025-05-07,601857.SH,8.05,8.14,8.04,8.05,745340
2025-05-08,601857.SH,8.1,8.15,8.09,8.1,738469
2025-05-11,601857.SH,8.15,8.17,8.09,8.14,704514
2025-05-12,601857.SH,8.16,8.24,8.13,8.2,944139
2025-05-13,601857.SH,8.22,8.35,8.19,8.33,1278808
2025-05-14,601857.SH,8.29,8.35,8.25,8.28,846618
2025-05-15,601857.SH,8.25,8.29,8.13,8.15,1055129
2025-05-18,601857.SH,8.15,8.23,8.15,8.18,743488
2025-05-19,601857.SH,8.22,8.23,8.17,8.2,535847
2025-05-20,601857.SH,8.23,8.3,8.23,8.27,806758
2025-05-21,601857.SH,8.25,8.32,8.24,8.3,736094
2025-05-22,601857.SH,8.3,8.32,8.18,8.18,836930
2025-05-25,601857.SH,8.19,8.24,8.15,8.19,700119
2025-05-26,601857.SH,8.18,8.23,8.16,8.17,547481
2025-05-27,601857.SH,8.17,8.36,8.15,8.34,1460102
2025-05-28,601857.SH,8.35,8.41,8.3,8.31,803118
2025-05-29,601857.SH,8.3,8.37,8.26,8.29,974241
2025-06-02,601857.SH,8.33,8.38,8.28,8.3,770795
2025-06-03,601857.SH,8.32,8.39,8.28,8.39,770618
2025-06-04,601857.SH,8.38,8.44,8.38,8.39,745061
2025-06-05,601857.SH,8.4,8.56,8.39,8.51,1058665
2025-06-08,601857.SH,8.56,8.65,8.51,8.63,1157942
2025-06-09,601857.SH,8.66,8.75,8.63,8.72,1467198
2025-06-10,601857.SH,8.73,8.88,8.71,8.85,1253628
2025-06-11,601857.SH,8.9,8.93,8.81,8.88,1325073
2025-06-12,601857.SH,9.02,9.14,8.89,8.99,1916199
2025-06-15,601857.SH,9.03,9.08,8.89,9.02,1914127
2025-06-16,601857.SH,8.97,9.18,8.96,9.18,1879555
2025-06-17,601857.SH,9.2,9.26,9.14,9.18,1352390
2025-06-18,601857.SH,9.18,9.26,9.04,9.25,2294334
2025-06-19,601857.SH,9.2,9.24,9.1,9.16,1378425
2025-06-22,601857.SH,9.24,9.28,9.01,9.09,2268613
2025-06-23,601857.SH,8.85,9,8.66,8.96,2170967
2025-06-24,601857.SH,8.72,8.75,8.61,8.69,1467849
2025-06-25,601857.SH,8.69,8.78,8.67,8.74,1152639
2025-06-26,601857.SH,8.74,8.74,8.59,8.62,1208817
2025-06-29,601857.SH,8.61,8.64,8.48,8.55,1124289
2025-06-30,601857.SH,8.56,8.7,8.5,8.64,1010750
2025-07-01,601857.SH,8.64,8.66,8.59,8.6,784195
2025-07-02,601857.SH,8.63,8.64,8.54,8.55,800816
2025-07-03,601857.SH,8.55,8.61,8.53,8.6,890424
2025-07-06,601857.SH,8.6,8.6,8.45,8.53,876281
2025-07-07,601857.SH,8.55,8.62,8.51,8.57,906763
2025-07-08,601857.SH,8.59,8.73,8.58,8.58,1245673
2025-07-09,601857.SH,8.6,8.73,8.6,8.66,1219339
2025-07-10,601857.SH,8.66,8.82,8.65,8.65,2433816
2025-07-13,601857.SH,8.69,8.92,8.69,8.88,2046116
2025-07-14,601857.SH,8.86,8.96,8.82,8.93,1633159
2025-07-15,601857.SH,8.93,9.06,8.91,8.98,1298164
2025-07-16,601857.SH,8.98,9.03,8.87,8.91,1280391
2025-07-17,601857.SH,8.93,8.97,8.87,8.91,727547
2025-07-20,601857.SH,8.9,8.97,8.87,8.93,848144
2025-07-21,601857.SH,8.91,9.06,8.86,9.01,1459048
2025-07-22,601857.SH,8.99,9.06,8.92,8.94,1389100
2025-07-23,601857.SH,8.94,8.94,8.77,8.79,1845178
2025-07-24,601857.SH,8.8,8.88,8.65,8.67,1826029
2025-07-27,601857.SH,8.67,8.67,8.53,8.56,1513013
2025-07-28,601857.SH,8.59,8.74,8.59,8.72,1639582
2025-07-29,601857.SH,8.76,8.89,8.74,8.88,1482602
2025-07-30,601857.SH,8.88,8.9,8.73,8.87,1751251
2025-07-31,601857.SH,8.8,8.84,8.5,8.51,2267664
2025-08-03,601857.SH,8.44,8.51,8.4,8.47,1148588
2025-08-04,601857.SH,8.47,8.64,8.45,8.59,1361736
2025-08-05,601857.SH,8.59,8.67,8.57,8.64,941101
2025-08-06,601857.SH,8.62,8.68,8.59,8.68,766134
2025-08-07,601857.SH,8.65,8.82,8.63,8.77,983135
2025-08-10,601857.SH,8.75,8.79,8.58,8.59,1438294
2025-08-11,601857.SH,8.6,8.86,8.6,8.77,1797309
2025-08-12,601857.SH,8.75,8.81,8.7,8.71,1123968
2025-08-13,601857.SH,8.71,8.77,8.65,8.65,868383
2025-08-14,601857.SH,8.67,8.69,8.57,8.63,1224483
2025-08-17,601857.SH,8.62,8.63,8.56,8.58,1553718
2025-08-18,601857.SH,8.58,8.61,8.51,8.52,1196716
2025-08-19,601857.SH,8.52,8.65,8.5,8.62,1343897
2025-08-20,601857.SH,8.6,8.78,8.59,8.75,1435735
2025-08-21,601857.SH,8.74,8.77,8.62,8.69,1279088
2025-08-24,601857.SH,8.72,8.78,8.68,8.77,1341611
2025-08-25,601857.SH,8.78,8.87,8.74,8.77,1139935
2025-08-26,601857.SH,8.79,8.82,8.6,8.63,1937555
2025-08-27,601857.SH,8.65,8.68,8.55,8.64,1277404
2025-08-28,601857.SH,8.67,8.84,8.66,8.72,1895083
2025-08-31,601857.SH,8.72,8.78,8.6,8.71,1314852
2025-09-01,601857.SH,8.76,9.11,8.74,9.08,3830301
2025-09-02,601857.SH,9.08,9.25,9.01,9.1,2405765
2025-09-03,601857.SH,9.01,9.13,8.68,8.99,3789479
2025-09-04,601857.SH,8.9,8.98,8.85,8.9,1553733
2025-09-07,601857.SH,8.82,9.01,8.8,8.89,1821256
2025-09-08,601857.SH,8.89,8.97,8.76,8.79,1287228
2025-09-09,601857.SH,8.83,8.87,8.75,8.76,1244332
2025-09-10,601857.SH,8.77,8.79,8.66,8.73,1983960
2025-09-11,601857.SH,8.71,8.73,8.67,8.69,1429111
2025-09-14,601857.SH,8.7,8.8,8.67,8.77,1545689
2025-09-15,601857.SH,8.76,8.77,8.63,8.64,1792777
2025-09-16,601857.SH,8.48,8.56,8.41,8.46,1799903
2025-09-17,601857.SH,8.44,8.44,8.18,8.21,2451961
2025-09-18,601857.SH,8.19,8.24,8.13,8.15,1231908
2025-09-21,601857.SH,8.15,8.18,8.07,8.1,1215954
2025-09-22,601857.SH,8.1,8.19,8.05,8.14,1408235
2025-09-23,601857.SH,8.18,8.22,8.09,8.13,1398259
2025-09-24,601857.SH,8.15,8.17,8.1,8.14,1011105
2025-09-25,601857.SH,8.16,8.21,8.12,8.16,1090929
2025-09-28,601857.SH,8.18,8.22,8.08,8.17,1572105
2025-09-29,601857.SH,8.13,8.16,8.05,8.06,1674631
2025-10-08,601857.SH,8.07,8.29,8.04,8.28,2121467
2025-10-09,601857.SH,8.23,8.36,8.2,8.28,1314079
2025-10-12,601857.SH,8.14,8.29,8.09,8.23,2025834
2025-10-13,601857.SH,8.24,8.35,8.16,8.33,1826960
2025-10-14,601857.SH,8.33,8.36,8.23,8.29,1466844
2025-10-15,601857.SH,8.28,8.44,8.26,8.43,1769523
2025-10-16,601857.SH,8.41,8.5,8.36,8.41,1498353
2025-10-19,601857.SH,8.4,8.63,8.4,8.62,2088175
2025-10-20,601857.SH,8.62,8.78,8.58,8.76,2248426
2025-10-21,601857.SH,8.75,8.91,8.73,8.9,1775769
2025-10-22,601857.SH,8.92,9.18,8.92,9.18,2670713
2025-10-23,601857.SH,9.16,9.17,9,9.06,1761636
2025-10-26,601857.SH,9.03,9.2,8.96,9.17,1684603
2025-10-27,601857.SH,9.17,9.2,9.08,9.12,1018451
2025-10-28,601857.SH,9.08,9.14,9.04,9.09,945222
2025-10-29,601857.SH,9.12,9.24,9.08,9.1,1117190
2025-10-30,601857.SH,9.16,9.18,9.07,9.15,1195035
2025-11-02,601857.SH,9.19,9.57,9.16,9.56,2304430
2025-11-03,601857.SH,9.54,9.7,9.5,9.57,1696332
2025-11-04,601857.SH,9.5,9.57,9.42,9.53,1022523
2025-11-05,601857.SH,9.49,9.67,9.44,9.59,1227834
2025-11-06,601857.SH,9.6,9.75,9.59,9.71,1294428
2025-11-09,601857.SH,9.71,9.88,9.68,9.87,1469871
2025-11-10,601857.SH,9.85,9.87,9.68,9.77,1318530
2025-11-11,601857.SH,9.82,10.11,9.82,9.94,2058248
2025-11-12,601857.SH,9.78,9.94,9.77,9.92,1629633
2025-11-13,601857.SH,9.92,10.02,9.81,9.82,1032510
2025-11-16,601857.SH,9.82,9.97,9.66,9.87,1333107
2025-11-17,601857.SH,9.88,9.95,9.8,9.87,1089064
2025-11-18,601857.SH,9.87,10.32,9.83,10.27,2265611
2025-11-19,601857.SH,10.16,10.44,10.11,10.12,1814892
2025-11-20,601857.SH,10.11,10.21,10,10.03,2216950
2025-11-23,601857.SH,10.03,10.08,9.71,9.78,2427952
2025-11-24,601857.SH,9.77,9.83,9.67,9.8,1138486
2025-11-25,601857.SH,9.8,9.88,9.66,9.72,1244595
2025-11-26,601857.SH,9.72,9.88,9.59,9.85,1190050
2025-11-27,601857.SH,9.83,9.89,9.72,9.75,746617
2025-11-30,601857.SH,9.78,9.98,9.75,9.96,1148143
2025-12-01,601857.SH,9.94,10.17,9.92,10,1105501
2025-12-02,601857.SH,9.95,10.02,9.88,9.93,702358
2025-12-03,601857.SH,9.96,10.13,9.95,10.01,841998
2025-12-04,601857.SH,9.98,10.05,9.85,9.9,868218
2025-12-07,601857.SH,9.92,9.94,9.75,9.85,990388
2025-12-08,601857.SH,9.85,9.87,9.7,9.72,980174
2025-12-09,601857.SH,9.69,9.72,9.57,9.6,928152
2025-12-10,601857.SH,9.63,9.75,9.51,9.66,1201029
2025-12-11,601857.SH,9.59,9.59,9.45,9.53,1450303
2025-12-14,601857.SH,9.53,9.58,9.46,9.5,879616
2025-12-15,601857.SH,9.47,9.63,9.33,9.56,1533622
2025-12-16,601857.SH,9.53,9.64,9.43,9.51,1026261
2025-12-17,601857.SH,9.57,9.78,9.53,9.71,1048268
2025-12-18,601857.SH,9.66,9.75,9.55,9.65,1060865
2025-12-21,601857.SH,9.72,9.75,9.64,9.72,864092
2025-12-22,601857.SH,9.75,9.98,9.75,9.89,1053801
2025-12-23,601857.SH,9.87,9.9,9.73,9.85,840418
2025-12-24,601857.SH,9.82,9.94,9.79,9.83,706753
2025-12-25,601857.SH,9.77,9.9,9.77,9.85,701094
2025-12-28,601857.SH,9.84,10.1,9.81,10.06,1687833
2025-12-29,601857.SH,10.06,10.4,10.02,10.25,1726055
2025-12-30,601857.SH,10.26,10.47,10.26,10.41,1705611
2026-01-04,601857.SH,10.41,10.41,9.9,10.07,3084016
2026-01-05,601857.SH,10.05,10.3,9.97,10.27,1883382
2026-01-06,601857.SH,10.15,10.17,9.83,9.9,2318852
2026-01-07,601857.SH,9.89,9.9,9.8,9.8,1214572
2026-01-08,601857.SH,9.98,10.04,9.73,9.87,2075921
2026-01-11,601857.SH,9.85,9.92,9.78,9.86,1441895
2026-01-12,601857.SH,9.88,10.17,9.88,10.08,2059373
2026-01-13,601857.SH,10.14,10.22,9.82,9.85,3489625
2026-01-14,601857.SH,9.84,10.13,9.8,9.97,1934497
2026-01-15,601857.SH,9.9,9.99,9.71,9.8,2006821
2026-01-18,601857.SH,9.72,9.93,9.72,9.82,1076571
2026-01-19,601857.SH,9.82,9.97,9.82,9.92,1255945
2026-01-20,601857.SH,9.96,10.06,9.91,10,1553955
2026-01-21,601857.SH,10.08,10.48,10.08,10.15,3005582
2026-01-22,601857.SH,10.17,10.25,9.81,9.83,2684017
2026-01-25,601857.SH,9.9,10.49,9.89,10.39,4385854
2026-01-26,601857.SH,10.39,10.69,10.31,10.44,2872682
2026-01-27,601857.SH,10.6,11.08,10.53,10.77,4947940
2026-01-28,601857.SH,10.9,11,10.53,10.89,4224740
2026-01-29,601857.SH,10.93,11.15,10.74,11.02,4213905
2026-02-01,601857.SH,10.7,10.97,10.59,10.68,3236793
2026-02-02,601857.SH,10.65,10.68,10.33,10.47,2326550
2026-02-03,601857.SH,10.68,10.7,10.46,10.56,1815633
2026-02-04,601857.SH,10.61,10.64,10.31,10.53,1622496
2026-02-05,601857.SH,10.3,10.8,10.3,10.77,1985020
2026-02-08,601857.SH,10.69,10.78,10.65,10.75,1236788
2026-02-09,601857.SH,10.79,10.92,10.73,10.76,1106629
2026-02-10,601857.SH,10.77,10.88,10.64,10.85,1149357
2026-02-11,601857.SH,10.89,11.12,10.82,11.04,1626432
2026-02-12,601857.SH,10.8,10.8,10.45,10.54,2604602
2026-02-23,601857.SH,10.9,11.25,10.9,11.09,3251988
2026-02-24,601857.SH,11.14,11.29,10.93,10.99,2503621
2026-02-25,601857.SH,10.92,11.06,10.78,10.89,1352842
2026-02-26,601857.SH,10.88,10.96,10.8,10.86,1613761
2026-03-01,601857.SH,11.8,11.95,11.33,11.95,8752375
2026-03-02,601857.SH,12.31,13.15,12.3,13.15,9174676
2026-03-03,601857.SH,13.69,13.69,11.84,13.24,10747173
2026-03-04,601857.SH,12.65,13.18,12.28,12.69,7067136
2026-03-05,601857.SH,12.38,12.65,12.07,12.3,5103918
2026-03-08,601857.SH,13.48,13.48,12.91,12.92,8174453
2026-03-09,601857.SH,12.18,12.3,11.78,11.99,5243629
2026-03-10,601857.SH,11.78,12.16,11.65,12.13,4740546
2026-03-11,601857.SH,12.33,12.39,11.95,12.23,4035318
2026-03-12,601857.SH,12.32,12.39,11.96,12.05,3448139
2026-03-15,601857.SH,12.09,12.26,11.96,11.99,2527809
2026-03-16,601857.SH,11.87,12.12,11.8,12.02,2798838
2026-03-17,601857.SH,11.87,11.93,11.61,11.86,2159857
2026-03-18,601857.SH,12.1,12.52,12.07,12.48,5434174
2026-03-19,601857.SH,12,12.35,11.9,12.24,3064078
2026-03-22,601857.SH,12.25,12.46,11.82,12.34,4189739
2026-03-23,601857.SH,12,12.1,11.83,11.99,3225913
2026-03-24,601857.SH,11.62,11.73,11.39,11.7,2802176
2026-03-25,601857.SH,11.7,12.03,11.68,11.94,2738893
2026-03-26,601857.SH,11.94,12.1,11.83,12.07,2183201
2026-03-29,601857.SH,12.35,12.54,12.23,12.44,2888202
2026-03-30,601857.SH,12.44,12.62,12.17,12.19,2342004
2026-03-31,601857.SH,12.01,12.44,12.01,12.07,2527357
2026-04-01,601857.SH,12.2,12.39,12.15,12.35,2587901
2026-04-02,601857.SH,12.35,12.42,12.14,12.33,1634103
2026-04-06,601857.SH,12.3,12.68,12.15,12.56,1782161
2026-04-07,601857.SH,11.75,12.07,11.61,11.98,3574919
2026-04-08,601857.SH,12.02,12.22,12.01,12.1,1871447
2026-04-09,601857.SH,12.02,12.07,11.94,11.99,1574714
2026-04-12,601857.SH,12.15,12.19,11.91,12.09,1811090
2026-04-13,601857.SH,11.96,11.99,11.87,11.93,1416086
2026-04-14,601857.SH,11.77,11.8,11.64,11.76,1643167
2026-04-15,601857.SH,11.68,11.77,11.56,11.65,1536490
2026-04-16,601857.SH,11.66,11.7,11.48,11.53,1329297
2026-04-19,601857.SH,11.48,11.53,11.3,11.48,1457195
2026-04-20,601857.SH,11.44,11.55,11.41,11.47,1139478
2026-04-21,601857.SH,11.49,11.51,11.37,11.45,1229405
2026-04-22,601857.SH,11.46,11.83,11.41,11.82,2564992
2026-04-23,601857.SH,11.71,12.01,11.7,11.93,1945605
2026-04-26,601857.SH,11.88,12.05,11.82,11.96,1821517
2026-04-27,601857.SH,11.92,12.19,11.87,12.18,1816653
2026-04-28,601857.SH,12.2,12.36,12.15,12.25,1729879
2026-04-29,601857.SH,12.25,12.34,12.13,12.22,1607274
2026-05-05,601857.SH,11.99,12,11.83,11.89,1754401
2026-05-06,601857.SH,11.65,11.73,11.23,11.27,2697784
2026-05-07,601857.SH,11.33,11.34,11.03,11.12,1799663
2026-05-10,601857.SH,11.21,11.24,11.02,11.11,1740186
2026-05-11,601857.SH,11.13,11.3,11.09,11.19,2164022
2026-05-12,601857.SH,11.27,11.3,11.04,11.12,1683272
2026-05-13,601857.SH,11.11,11.32,11.07,11.25,2022432
2026-05-14,601857.SH,11.21,11.6,11.19,11.51,2336426
2026-05-17,601857.SH,11.6,11.75,11.43,11.54,1549238
2026-05-18,601857.SH,11.47,11.59,11.38,11.56,1283852
2026-05-19,601857.SH,11.57,11.75,11.57,11.63,1230242
2026-05-20,601857.SH,11.37,11.48,11.17,11.29,2095413
2026-05-21,601857.SH,11.28,11.31,11.01,11.08,1457316
2026-05-24,601857.SH,10.78,10.98,10.7,10.73,1536803
2026-05-25,601857.SH,10.73,10.99,10.71,10.96,1614188
2026-05-26,601857.SH,10.9,10.93,10.61,10.8,1808211
2026-05-27,601857.SH,10.76,10.96,10.73,10.8,1476741
2026-05-28,601857.SH,10.8,10.94,10.66,10.87,1896970
2026-05-31,601857.SH,10.85,10.99,10.73,10.82,1968312
2026-06-01,601857.SH,10.88,11.08,10.58,10.66,2353928
2026-06-02,601857.SH,10.7,10.87,10.44,10.85,2299809
2026-06-03,601857.SH,10.69,10.76,10.55,10.65,1349655
2026-06-04,601857.SH,10.6,10.8,10.55,10.61,1371556
2026-06-07,601857.SH,10.59,10.99,10.51,10.95,2625498
2026-06-08,601857.SH,10.72,10.86,10.3,10.34,2410790
2026-06-09,601857.SH,10.34,10.34,10.14,10.24,1389160
2026-06-10,601857.SH,10.38,10.45,10.21,10.37,1855876
2026-06-11,601857.SH,10.15,10.56,10.15,10.38,2866761
2026-06-14,601857.SH,10.27,10.35,10.08,10.13,2156630
2026-06-15,601857.SH,10.1,10.17,9.95,9.95,1660936
2026-06-16,601857.SH,9.91,9.93,9.73,9.77,1401834
2026-06-17,601857.SH,9.79,9.8,9.56,9.58,1282272
2026-06-21,601857.SH,9.59,9.77,9.51,9.68,1514545
2026-06-22,601857.SH,9.68,9.83,9.39,9.41,1500455
2026-06-23,601857.SH,9.41,9.53,9.31,9.41,1373454
2026-06-24,601857.SH,9.25,9.3,9.02,9.06,1890052
2026-06-25,601857.SH,8.96,9,8.76,8.93,1971272
2026-06-28,601857.SH,8.93,9.05,8.74,8.92,1648705
2026-06-29,601857.SH,8.89,8.92,8.65,8.68,1738388
2026-06-30,601857.SH,8.68,8.85,8.64,8.73,1246599
2026-07-01,601857.SH,8.6,8.89,8.59,8.82,1629198
2026-07-02,601857.SH,8.87,9.01,8.82,8.97,1463951
2026-07-05,601857.SH,8.9,9.14,8.85,9.09,1376047
2026-07-06,601857.SH,9.08,9.15,8.93,9.13,1432820
2026-07-07,601857.SH,9.18,9.53,9.15,9.26,2172820
2026-07-08,601857.SH,9.35,9.54,9.28,9.4,2169887
2026-07-09,601857.SH,9.29,9.3,9.12,9.27,1635201
2026-07-12,601857.SH,9.35,9.66,9.3,9.66,2630562
2026-07-13,601857.SH,9.8,10.03,9.72,10,3276065
2026-07-14,601857.SH,9.83,10.05,9.78,10.02,1599257
2026-07-15,601857.SH,10.04,10.15,9.86,9.99,1791047
2026-07-16,601857.SH,10,10.33,9.96,10.29,2650040
2026-07-19,601857.SH,10.37,11.11,10.36,11.01,3800310
2026-07-20,601857.SH,10.85,10.89,10.54,10.67,3002658
2026-07-21,601857.SH,10.78,10.92,10.65,10.92,1810247
2026-07-22,601857.SH,10.74,11.02,10.73,10.88,1552475
2026-07-23,601857.SH,11,11.18,10.77,11.03,2476911
2026-07-26,601857.SH,10.51,10.99,10.42,10.9,2333625
2026-07-27,601857.SH,10.81,11.1,10.71,11.1,1807000
2026-07-28,601857.SH,11.1,11.1,10.84,10.89,1683810
2026-07-29,601857.SH,10.94,11.27,10.94,11.27,2052531
2026-07-30,601857.SH,10.96,11.14,10.91,11.08,1630265
2026-08-02,601857.SH,10.95,11.11,10.9,11.05,1237321
2026-08-03,601857.SH,10.98,11.02,10.83,10.86,1295415
2026-08-04,601857.SH,10.74,10.78,10.54,10.63,1635203
2026-08-05,601857.SH,10.67,10.75,10.56,10.68,1254013
2026-08-06,601857.SH,10.78,10.88,10.74,10.77,1173961
2026-08-09,601857.SH,10.73,11.02,10.72,10.85,1087101
2026-08-10,601857.SH,10.99,11.22,10.95,11.06,1363308
2026-08-11,601857.SH,11,11,10.66,10.66,1483915
2026-08-12,601857.SH,10.59,10.62,10.42,10.56,1175883
2026-08-13,601857.SH,10.48,10.72,10.43,10.66,947600
2026-08-16,601857.SH,10.66,10.77,10.64,10.67,910497
2026-08-17,601857.SH,10.75,10.96,10.73,10.92,1138673
2026-08-18,601857.SH,11.05,11.22,10.98,11.21,2062671
2026-08-19,601857.SH,11.1,11.25,10.89,10.99,1447842
2026-08-20,601857.SH,11.05,11.39,11.05,11.2,1373368
2026-08-23,601857.SH,11.07,11.26,11.05,11.17,1005536
2026-08-24,601857.SH,11.21,11.3,11.14,11.19,785547
2026-08-25,601857.SH,10.9,11.14,10.82,11.01,1096981
2026-08-26,601857.SH,11.03,11.15,10.94,11.08,1221026
2026-08-27,601857.SH,11.12,11.27,11.08,11.23,992830
2026-08-30,601857.SH,11.39,11.51,11.32,11.42,1419124
2026-08-31,601857.SH,11.46,11.56,11.39,11.43,1136538
2026-09-01,601857.SH,11.58,11.63,11.23,11.26,1430457
2026-09-02,601857.SH,11.2,11.4,11.16,11.21,938164
2026-09-03,601857.SH,11.2,11.35,11.13,11.17,914625
2026-09-06,601857.SH,11.2,11.28,10.89,11.02,1322650
2026-09-07,601857.SH,11.01,11.3,10.99,11.3,1282732
2026-09-08,601857.SH,11.33,11.48,11.18,11.32,1192027
2026-09-09,601857.SH,11.4,11.51,11.24,11.27,1168436
2026-09-10,601857.SH,11.41,11.46,11.18,11.24,1975895
2026-09-13,601857.SH,11.31,11.42,11,11.04,1393457
2026-09-14,601857.SH,11.08,11.14,10.93,11.11,875565
2026-09-15,601857.SH,10.92,10.96,10.72,10.81,1132513
2026-09-16,601857.SH,10.7,10.76,10.53,10.62,1153315
2026-09-17,601857.SH,10.53,10.63,10.44,10.56,1188758
2026-09-20,601857.SH,10.52,10.7,10.42,10.67,1335356
2026-09-21,601857.SH,10.58,10.85,10.51,10.79,1156717
2026-09-22,601857.SH,10.8,10.82,10.66,10.71,855475
2026-09-23,601857.SH,10.69,11.04,10.68,10.95,1580436
2026-09-27,601857.SH,10.92,11.22,10.83,11.19,1631050
2026-09-28,601857.SH,11.18,11.26,11,11.12,1123302
2026-09-29,601857.SH,11.12,11.27,11.07,11.21,1091735
2022-08-02,601088.SH,28.15,28.2,27.52,27.62,236284
2022-08-03,601088.SH,27.58,27.74,27.2,27.61,225171
2022-08-04,601088.SH,27.61,27.95,26.67,27.29,314161
2022-08-07,601088.SH,27.03,27.96,26.95,27.89,219592
2022-08-08,601088.SH,27.9,28.85,27.9,28.49,256431
2022-08-09,601088.SH,28.49,28.8,27.93,28.35,205266
2022-08-10,601088.SH,28.67,28.68,28.08,28.45,167067
2022-08-11,601088.SH,28.55,29,28.5,28.94,213494
2022-08-14,601088.SH,28.96,29.73,28.7,29.22,258605
2022-08-15,601088.SH,29.09,29.39,28.82,29.19,155991
2022-08-16,601088.SH,29.2,29.32,28.88,29.06,153427
2022-08-17,601088.SH,29.11,29.38,28.6,28.98,178229
2022-08-18,601088.SH,28.85,29.89,28.85,29.7,262481
2022-08-21,601088.SH,29.76,30.4,29.76,30.15,333461
2022-08-22,601088.SH,30.15,30.93,29.78,30.56,330695
2022-08-23,601088.SH,30.6,31.19,30.29,30.84,373146
2022-08-24,601088.SH,30.71,32.38,30.65,32.38,613556
2022-08-25,601088.SH,32,32,31.09,31.26,511584
2022-08-28,601088.SH,30.87,31.96,30.5,31.88,396706
2022-08-29,601088.SH,31.8,31.83,30.37,30.52,380565
2022-08-30,601088.SH,30.4,30.77,30,30.34,296694
2022-08-31,601088.SH,30.22,31.59,30.01,31.11,339098
2022-09-01,601088.SH,31.08,31.25,30.51,30.66,238429
2022-09-04,601088.SH,31.2,32.75,30.9,32.56,494128
2022-09-05,601088.SH,32.56,33.21,32.26,32.88,371478
2022-09-06,601088.SH,32.6,32.97,32.5,32.61,215171
2022-09-07,601088.SH,32.23,32.7,31.86,32.3,230752
2022-09-08,601088.SH,32.69,32.95,32.21,32.73,279549
2022-09-12,601088.SH,32.52,32.65,31.78,32.45,258071
2022-09-13,601088.SH,32.1,32.77,32.07,32.35,159587
2022-09-14,601088.SH,32.68,33.35,31.89,32.39,296037
2022-09-15,601088.SH,32.12,32.32,30.95,30.96,401038
2022-09-18,601088.SH,31.07,31.87,31.07,31.5,223260
2022-09-19,601088.SH,31.71,31.84,31.18,31.35,129365
2022-09-20,601088.SH,31.34,31.6,31,31.18,170677
2022-09-21,601088.SH,30.92,32.1,30.88,31.99,215552
2022-09-22,601088.SH,31.98,32.25,31.1,31.18,163003
2022-09-25,601088.SH,30.65,31.55,30.3,30.36,258593
2022-09-26,601088.SH,30.9,30.97,29.6,30.4,224216
2022-09-27,601088.SH,30.38,31,30.34,30.64,205642
2022-09-28,601088.SH,31.09,32,30.75,31.41,267505
2022-09-29,601088.SH,31.6,31.92,31.1,31.64,219426
2022-10-09,601088.SH,31.99,32.42,31.88,31.98,264337
2022-10-10,601088.SH,32,32.3,31.37,31.61,155046
2022-10-11,601088.SH,31.5,32,31.2,31.93,165652
2022-10-12,601088.SH,31.88,32.09,30.82,31.07,192120
2022-10-13,601088.SH,31.34,32.09,31.2,31.54,216002
2022-10-16,601088.SH,31.34,31.75,30.48,31.18,207694
2022-10-17,601088.SH,31.22,31.85,30.88,30.99,203989
2022-10-18,601088.SH,30.83,31.47,30.73,31.04,195863
2022-10-19,601088.SH,31.11,31.16,30.35,30.45,227474
2022-10-20,601088.SH,30.46,31.3,30.44,30.82,181855
2022-10-23,601088.SH,30.7,31.15,29.75,29.85,288435
2022-10-24,601088.SH,30.22,30.23,29.61,29.83,207674
2022-10-25,601088.SH,29.71,30.04,28.8,29.01,341676
2022-10-26,601088.SH,29.05,29.66,29.05,29.33,250144
2022-10-27,601088.SH,29.3,30.05,29.15,29.36,303701
2022-10-30,601088.SH,29.51,30.62,27.95,28.03,612529
2022-10-31,601088.SH,28.21,28.63,27.57,28.42,435545
2022-11-01,601088.SH,28.31,29.35,28.01,29.15,268567
2022-11-02,601088.SH,29.15,29.46,28.74,28.83,179834
2022-11-03,601088.SH,28.8,30.15,28.77,29.74,231322
2022-11-06,601088.SH,29.8,30.69,29.62,30.17,303930
2022-11-07,601088.SH,30.28,30.6,29.77,29.91,183339
2022-11-08,601088.SH,29.85,30.08,29.3,29.41,158472
2022-11-09,601088.SH,29.11,29.59,28.18,29.45,288026
2022-11-10,601088.SH,29.85,29.99,29.36,29.85,303617
2022-11-13,601088.SH,29.95,30.23,28.41,28.6,522271
2022-11-14,601088.SH,28.5,28.78,28.1,28.59,270129
2022-11-15,601088.SH,28.75,29.14,28.5,28.84,308087
2022-11-16,601088.SH,28.67,28.7,28.13,28.24,292368
2022-11-17,601088.SH,28.33,28.53,28.07,28.28,203289
2022-11-20,601088.SH,28,28.34,27.83,27.99,272316
2022-11-21,601088.SH,28.01,28.83,27.96,28.57,332483
2022-11-22,601088.SH,28.59,29.78,28.58,29.34,433351
2022-11-23,601088.SH,29.15,29.7,29.13,29.41,200634
2022-11-24,601088.SH,29.33,30.5,29.25,30.26,461716
2022-11-27,601088.SH,29.88,30.54,29.75,30.37,330933
2022-11-28,601088.SH,30.4,30.58,29.9,30.25,280791
2022-11-29,601088.SH,30.3,30.99,29.99,30.55,345741
2022-11-30,601088.SH,30.87,30.97,29.82,29.86,353077
2022-12-01,601088.SH,29.79,30.05,29.26,29.39,233122
2022-12-04,601088.SH,29.8,29.95,29.41,29.83,284412
2022-12-05,601088.SH,29.61,30.05,29.32,29.95,230757
2022-12-06,601088.SH,30,30,29.06,29.24,323021
2022-12-07,601088.SH,29.24,29.36,28.86,29.1,201381
2022-12-08,601088.SH,29.05,29.2,28.93,29.11,241629
2022-12-11,601088.SH,29.01,29.37,28.35,28.43,297199
2022-12-12,601088.SH,28.58,28.88,28.28,28.65,213783
2022-12-13,601088.SH,28.73,28.9,28.47,28.82,161160
2022-12-14,601088.SH,28.71,28.89,28.2,28.38,208564
2022-12-15,601088.SH,28.41,28.75,28.32,28.58,206628
2022-12-18,601088.SH,28.53,28.6,27.98,28.14,233771
2022-12-19,601088.SH,28.14,28.26,27.75,27.91,218381
2022-12-20,601088.SH,27.91,27.98,27.68,27.73,171637
2022-12-21,601088.SH,27.93,28.09,27.42,27.52,209103
2022-12-22,601088.SH,27.57,27.7,27.21,27.67,124787
2022-12-25,601088.SH,27.66,27.78,27.51,27.67,123947
2022-12-26,601088.SH,27.79,28.28,27.73,28.07,195230
2022-12-27,601088.SH,27.95,28.25,27.91,28.16,180957
2022-12-28,601088.SH,28.07,28.09,27.41,27.57,219179
2022-12-29,601088.SH,27.6,27.93,27.56,27.62,146947
2023-01-02,601088.SH,27.62,28.05,27.5,28.01,244459
2023-01-03,601088.SH,27.95,28.05,27.4,27.73,261793
2023-01-04,601088.SH,27.73,27.78,27.43,27.6,246954
2023-01-05,601088.SH,27.59,27.7,27.45,27.62,211119
2023-01-08,601088.SH,27.78,27.85,27.5,27.7,214660
2023-01-09,601088.SH,27.61,27.71,27.26,27.44,202592
2023-01-10,601088.SH,27.64,28.89,27.43,28.82,582387
2023-01-11,601088.SH,28.7,28.95,28.36,28.8,300728
2023-01-12,601088.SH,28.8,29.41,28.79,28.98,263790
2023-01-15,601088.SH,28.95,28.97,28.48,28.62,383422
2023-01-16,601088.SH,28.6,28.75,28.27,28.66,209511
2023-01-17,601088.SH,28.6,29.07,28.49,28.51,190406
2023-01-18,601088.SH,28.63,28.85,28.28,28.56,193338
2023-01-19,601088.SH,28.55,28.85,28.49,28.71,202709
2023-01-29,601088.SH,28.75,28.78,28.04,28.06,390112
2023-01-30,601088.SH,28.28,28.55,28.2,28.39,260681
2023-01-31,601088.SH,28.41,28.41,28.1,28.28,282406
2023-02-01,601088.SH,28.28,28.54,28.04,28.49,296198
2023-02-02,601088.SH,28.3,28.45,28.15,28.25,248147
2023-02-05,601088.SH,28.13,28.28,28.03,28.12,219793
2023-02-06,601088.SH,28.12,28.32,28.07,28.15,176179
2023-02-07,601088.SH,28.18,28.22,27.9,27.91,188968
2023-02-08,601088.SH,27.85,28.18,27.83,28.03,163293
2023-02-09,601088.SH,28,28.03,27.63,27.7,202951
2023-02-12,601088.SH,27.68,27.7,27.26,27.43,327839
2023-02-13,601088.SH,27.5,27.59,27.26,27.52,183380
2023-02-14,601088.SH,27.49,27.6,27.17,27.21,276633
2023-02-15,601088.SH,27.3,27.4,26.76,26.9,301538
2023-02-16,601088.SH,26.85,27.22,26.82,27.03,265483
2023-02-19,601088.SH,27.09,27.67,27.09,27.58,359757
2023-02-20,601088.SH,27.55,27.96,27.41,27.89,332043
2023-02-21,601088.SH,27.81,28.08,27.68,27.86,280429
2023-02-22,601088.SH,28.3,28.46,27.89,28.02,348366
2023-02-23,601088.SH,27.93,28,27.74,27.85,221077
2023-02-26,601088.SH,27.85,28.2,27.85,27.96,258091
2023-02-27,601088.SH,27.98,28.04,27.8,28,183531
2023-02-28,601088.SH,28,28.18,27.9,28.06,227893
2023-03-01,601088.SH,28.06,28.47,27.96,28.18,270931
2023-03-02,601088.SH,28.3,28.52,28.09,28.46,335674
2023-03-05,601088.SH,28.42,28.53,28,28.14,326730
2023-03-06,601088.SH,28.08,29.77,28.08,28.87,783878
2023-03-07,601088.SH,28.7,28.74,28.28,28.48,284545
2023-03-08,601088.SH,28.52,29.04,28.38,28.55,250485
2023-03-09,601088.SH,28.46,28.46,28.07,28.12,255883
2023-03-12,601088.SH,28.08,29.08,28.08,29.02,376149
2023-03-13,601088.SH,29,29.4,28.61,28.73,292098
2023-03-14,601088.SH,28.9,29.06,28.63,28.84,244911
2023-03-15,601088.SH,28.4,28.6,28,28.04,387842
2023-03-16,601088.SH,28.24,28.9,28.16,28.57,327144
2023-03-19,601088.SH,28.66,29.32,28.39,28.83,438215
2023-03-20,601088.SH,28.93,28.98,28.37,28.53,276822
2023-03-21,601088.SH,28.6,29,28.52,28.87,234025
2023-03-22,601088.SH,28.9,29.45,28.82,29.38,419780
2023-03-23,601088.SH,29.49,29.5,28.66,28.98,393660
2023-03-26,601088.SH,27.9,28.08,27.3,27.68,878352
2023-03-27,601088.SH,27.68,27.75,27.3,27.38,469813
2023-03-28,601088.SH,27.48,27.53,27.18,27.27,249360
2023-03-29,601088.SH,27.28,28.15,27.2,28.13,443055
2023-03-30,601088.SH,28.06,28.27,27.95,28.17,196986
2023-04-02,601088.SH,28.3,28.55,27.88,27.89,290884
2023-04-03,601088.SH,27.9,28.29,27.81,28.21,223978
2023-04-05,601088.SH,28.21,28.21,27.88,27.92,158254
2023-04-06,601088.SH,27.9,28,27.64,27.74,204043
2023-04-09,601088.SH,27.6,27.67,27.44,27.61,196285
2023-04-10,601088.SH,27.65,27.74,27.33,27.58,181548
2023-04-11,601088.SH,27.65,28.11,27.53,27.85,226752
2023-04-12,601088.SH,27.85,28.29,27.78,28.17,260121
2023-04-13,601088.SH,28.18,28.54,28.02,28.4,345019
2023-04-16,601088.SH,28.39,29.16,28.28,29.04,388103
2023-04-17,601088.SH,29.12,29.45,28.96,29.37,316310
2023-04-18,601088.SH,29.37,29.61,29.27,29.29,275058
2023-04-19,601088.SH,29.16,29.45,28.95,29.25,263022
2023-04-20,601088.SH,29.15,29.49,29.03,29.03,243053
2023-04-23,601088.SH,29.07,29.38,28.76,28.91,225697
2023-04-24,601088.SH,28.91,29.1,28.53,28.79,264244
2023-04-25,601088.SH,28.85,29.02,28.55,28.69,180684
2023-04-26,601088.SH,28.77,28.88,28.11,28.72,305685
2023-04-27,601088.SH,28.65,29.16,28.58,29.08,214440
2023-05-03,601088.SH,28.85,29.71,28.42,29.57,361589
2023-05-04,601088.SH,29.56,30.28,29.41,29.89,318011
2023-05-07,601088.SH,29.88,32.12,29.88,31.73,839923
2023-05-08,601088.SH,31.99,32.56,31.55,31.68,535704
2023-05-09,601088.SH,31.6,31.8,30.92,31.36,439997
2023-05-10,601088.SH,31.2,31.36,30.73,31.03,255264
2023-05-11,601088.SH,31.05,31.45,30.65,30.84,289660
2023-05-14,601088.SH,30.66,30.97,30.45,30.85,311838
2023-05-15,601088.SH,30.87,32.11,30.82,31.16,460320
2023-05-16,601088.SH,31,31.12,30.58,30.77,272124
2023-05-17,601088.SH,30.86,31.2,30.76,30.92,242080
2023-05-18,601088.SH,30.86,31.19,30.56,30.93,176562
2023-05-21,601088.SH,30.76,31.18,30.75,30.83,233790
2023-05-22,601088.SH,30.91,31.22,30.69,30.76,251419
2023-05-23,601088.SH,30.7,30.77,30,30.19,433865
2023-05-24,601088.SH,30.12,30.27,29.8,30.05,306679
2023-05-25,601088.SH,29.89,29.9,29.27,29.3,300569
2023-05-28,601088.SH,29.3,29.65,28.74,29.45,316032
2023-05-29,601088.SH,29.44,29.58,29,29.17,180787
2023-05-30,601088.SH,28.98,28.98,27.98,28.23,461896
2023-05-31,601088.SH,28.1,28.25,27.9,27.97,287543
2023-06-01,601088.SH,28,28.3,27.96,28.26,211830
2023-06-04,601088.SH,28.11,28.65,28.11,28.56,220546
2023-06-05,601088.SH,28.6,29.81,28.35,29.31,401314
2023-06-06,601088.SH,29.37,29.66,28.9,29.32,195066
2023-06-07,601088.SH,29.39,29.66,29.26,29.6,143160
2023-06-08,601088.SH,29.57,29.7,29.32,29.45,148189
2023-06-11,601088.SH,29.34,30,29.29,29.83,249161
2023-06-12,601088.SH,29.75,29.97,29.47,29.62,136829
2023-06-13,601088.SH,29.69,30.13,29.69,30.03,237724
2023-06-14,601088.SH,30.02,30.15,29.59,30,203560
2023-06-15,601088.SH,30.05,30.38,29.9,29.96,201385
2023-06-18,601088.SH,29.96,30.32,29.76,29.82,146501
2023-06-19,601088.SH,29.99,30.03,29.66,29.8,157781
2023-06-20,601088.SH,29.65,30.1,29.65,29.81,197074
2023-06-25,601088.SH,29.68,29.8,29.45,29.69,210371
2023-06-26,601088.SH,29.68,30.21,29.52,29.98,237151
2023-06-27,601088.SH,30,30.49,30,30.37,268039
2023-06-28,601088.SH,30.39,30.58,29.9,30.15,246879
2023-06-29,601088.SH,30.14,30.95,30.14,30.75,270392
2023-07-02,601088.SH,30.6,31.27,30.6,31.16,347124
2023-07-03,601088.SH,31.1,31.38,31.02,31.11,323871
2023-07-04,601088.SH,28.58,28.98,28.48,28.85,280969
2023-07-05,601088.SH,28.68,28.93,28.57,28.63,148294
2023-07-06,601088.SH,28.53,28.95,28.53,28.7,139376
2023-07-09,601088.SH,28.89,28.95,28.48,28.63,125271
2023-07-10,601088.SH,28.83,28.83,28.46,28.51,111533
2023-07-11,601088.SH,28.62,28.63,28.3,28.42,129362
2023-07-12,601088.SH,28.5,28.84,28.42,28.68,127676
2023-07-13,601088.SH,28.68,29,28.68,28.86,113382
2023-07-16,601088.SH,28.18,28.18,27.3,27.76,419159
2023-07-17,601088.SH,27.85,27.99,27.63,27.83,221036
2023-07-18,601088.SH,27.61,28.17,27.61,27.96,122922
2023-07-19,601088.SH,28.07,28.33,27.75,27.76,118567
2023-07-20,601088.SH,27.8,27.94,27.6,27.67,96275
2023-07-23,601088.SH,27.3,27.74,27.3,27.58,94044
2023-07-24,601088.SH,27.9,28.29,27.78,28.23,191605
2023-07-25,601088.SH,28.23,28.6,28.23,28.45,116116
2023-07-26,601088.SH,28.5,28.63,28.28,28.38,101848
2023-07-27,601088.SH,28.4,28.6,28.16,28.41,150636
2023-07-30,601088.SH,28.6,28.95,28.26,28.38,175667
2023-07-31,601088.SH,28.35,28.58,28.3,28.44,99236
2023-08-01,601088.SH,28.48,28.48,27.88,27.91,124474
2023-08-02,601088.SH,28.05,28.05,27.79,27.89,115995
2023-08-03,601088.SH,28,28.19,27.75,27.8,154940
2023-08-06,601088.SH,27.72,27.89,27.65,27.86,110613
2023-08-07,601088.SH,27.75,28.07,27.67,27.92,96656
2023-08-08,601088.SH,27.86,27.99,27.71,27.83,93695
2023-08-09,601088.SH,27.8,28.37,27.78,28.12,233490
2023-08-10,601088.SH,28.07,28.25,27.51,27.51,198203
2023-08-13,601088.SH,27.32,27.55,27.15,27.36,145388
2023-08-14,601088.SH,27.4,27.57,27.25,27.52,116858
2023-08-15,601088.SH,27.45,27.58,27.35,27.4,77242
2023-08-16,601088.SH,27.32,27.47,27.15,27.41,83582
2023-08-17,601088.SH,27.41,27.56,27.3,27.35,91086
2023-08-20,601088.SH,27.47,27.47,27,27.01,125708
2023-08-21,601088.SH,27.02,27.63,27,27.52,144916
2023-08-22,601088.SH,27.53,28.35,27.53,28.04,304312
2023-08-23,601088.SH,28.12,28.34,27.74,27.81,179049
2023-08-24,601088.SH,27.83,28.05,27.76,27.89,127503
2023-08-27,601088.SH,28.88,29.01,28.34,28.5,384128
2023-08-28,601088.SH,28.6,28.69,28.32,28.44,241999
2023-08-29,601088.SH,28.6,28.66,28.24,28.28,155966
2023-08-30,601088.SH,28.5,28.5,28.11,28.17,135851
2023-08-31,601088.SH,28.31,28.87,28.2,28.75,281428
2023-09-03,601088.SH,28.98,29.8,28.91,29.58,438625
2023-09-04,601088.SH,29.4,29.87,29.21,29.76,275303
2023-09-05,601088.SH,29.72,29.93,29.53,29.68,202238
2023-09-06,601088.SH,29.68,30,29.47,29.79,307826
2023-09-07,601088.SH,29.58,29.74,29.31,29.44,146683
2023-09-10,601088.SH,29.5,30.3,29.45,29.79,247936
2023-09-11,601088.SH,29.7,30.05,29.59,29.81,150679
2023-09-12,601088.SH,29.98,30.39,29.82,30.26,233345
2023-09-13,601088.SH,30.27,31.38,30.26,31.15,443103
2023-09-14,601088.SH,31.46,31.61,30.96,31.17,346888
2023-09-17,601088.SH,31.2,31.3,30.74,31.23,230706
2023-09-18,601088.SH,31.25,31.66,31.1,31.38,277780
2023-09-19,601088.SH,31.38,31.66,31.09,31.47,204150
2023-09-20,601088.SH,31.39,31.54,31.06,31.16,179473
2023-09-21,601088.SH,31.31,31.4,30.8,31.25,241115
2023-09-24,601088.SH,31.46,31.75,31.21,31.35,168956
2023-09-25,601088.SH,31.35,31.53,31.09,31.16,130744
2023-09-26,601088.SH,31.28,31.28,30.7,30.86,181736
2023-09-27,601088.SH,31.15,31.33,30.72,31.2,214604
2023-10-08,601088.SH,31,31.64,30.92,31.55,208137
2023-10-09,601088.SH,31.55,31.55,30.98,31.06,145535
2023-10-10,601088.SH,31.25,31.27,30.5,30.86,211119
2023-10-11,601088.SH,31.09,31.15,30.58,30.7,100797
2023-10-12,601088.SH,30.5,30.84,30.41,30.77,98382
2023-10-15,601088.SH,30.97,31.48,30.8,31.43,227620
2023-10-16,601088.SH,31.4,31.64,31.16,31.59,141596
2023-10-17,601088.SH,31.51,32.05,31.4,31.6,178900
2023-10-18,601088.SH,31.4,31.48,30.91,30.95,148437
2023-10-19,601088.SH,31.04,31.16,30.68,30.78,120628
2023-10-22,601088.SH,30.8,31,30.56,30.93,156822
2023-10-23,601088.SH,30.88,30.96,30.26,30.59,207498
2023-10-24,601088.SH,30.88,30.95,30.34,30.36,185999
2023-10-25,601088.SH,30.47,30.85,30.23,30.55,152351
2023-10-26,601088.SH,30.5,30.77,30.33,30.35,132447
2023-10-29,601088.SH,30.35,30.55,29.71,29.71,243870
2023-10-30,601088.SH,29.69,30.5,29.65,30.32,187580
2023-10-31,601088.SH,30.21,30.42,29.85,30.29,153326
2023-11-01,601088.SH,30.54,30.75,30.3,30.49,126234
2023-11-02,601088.SH,30.63,30.93,30.28,30.37,131990
2023-11-05,601088.SH,30.32,30.47,29.3,29.48,355037
2023-11-06,601088.SH,29.33,29.85,29.33,29.65,154619
2023-11-07,601088.SH,29.48,29.85,29.45,29.76,160418
2023-11-08,601088.SH,29.87,30.8,29.83,30.72,251514
2023-11-09,601088.SH,30.69,31.22,30.4,31.1,238880
2023-11-12,601088.SH,31.14,31.3,30.56,30.93,138750
2023-11-13,601088.SH,30.88,31.1,30.55,30.65,113572
2023-11-14,601088.SH,30.79,30.93,30.55,30.74,113009
2023-11-15,601088.SH,30.71,30.87,30.45,30.77,129056
2023-11-16,601088.SH,30.7,30.91,30.49,30.8,163338
2023-11-19,601088.SH,30.83,30.84,30.41,30.72,127869
2023-11-20,601088.SH,30.78,31.2,30.68,30.71,164153
2023-11-21,601088.SH,30.62,30.85,30.48,30.65,113274
2023-11-22,601088.SH,30.62,31.03,30.55,30.95,126177
2023-11-23,601088.SH,30.87,31.32,30.86,31.05,183188
2023-11-26,601088.SH,31.25,31.41,30.94,31.25,170298
2023-11-27,601088.SH,31.23,31.24,30.74,30.99,141302
2023-11-28,601088.SH,31.18,31.27,31.01,31.17,145247
2023-11-29,601088.SH,31.05,31.5,31.04,31.49,266364
2023-11-30,601088.SH,31.49,31.73,31.29,31.51,277719
2023-12-03,601088.SH,31.49,31.82,31.4,31.76,223130
2023-12-04,601088.SH,31.68,31.88,31.2,31.28,204710
2023-12-05,601088.SH,31.26,31.29,30.79,31.04,172709
2023-12-06,601088.SH,31.01,31.01,30.56,30.57,211929
2023-12-07,601088.SH,30.55,30.94,30.21,30.58,241183
2023-12-10,601088.SH,30.42,31.23,30.07,31.08,350617
2023-12-11,601088.SH,30.99,31.25,30.68,31.25,214968
2023-12-12,601088.SH,31.22,31.22,30.72,30.78,163243
2023-12-13,601088.SH,30.88,30.95,30.46,30.69,198822
2023-12-14,601088.SH,30.7,31.04,30.4,30.41,242094
2023-12-17,601088.SH,30.42,30.91,30.18,30.75,249494
2023-12-18,601088.SH,30.8,31,30.55,30.8,177962
2023-12-19,601088.SH,30.9,31.35,30.8,31.03,272976
2023-12-20,601088.SH,31.02,31.18,30.48,30.77,267076
2023-12-21,601088.SH,30.82,31.59,30.78,31.38,328978
2023-12-24,601088.SH,31.36,31.82,31.16,31.76,278063
2023-12-25,601088.SH,31.85,32.52,31.26,31.31,381675
2023-12-26,601088.SH,31.5,31.85,31.22,31.65,236256
2023-12-27,601088.SH,31.65,32,30.87,31.22,375382
2023-12-28,601088.SH,31.08,31.5,31.01,31.35,257452
2024-01-01,601088.SH,31.39,32.65,31.37,32.38,421841
2024-01-02,601088.SH,32.37,33.18,32.3,32.98,319788
2024-01-03,601088.SH,33.01,33.6,33.01,33.43,390508
2024-01-04,601088.SH,33.33,33.8,33.08,33.45,316556
2024-01-07,601088.SH,33.3,33.81,33.05,33.65,459690
2024-01-08,601088.SH,33.5,34.15,33.22,34.05,295810
2024-01-09,601088.SH,34.05,34.5,33.54,33.85,243985
2024-01-10,601088.SH,33.85,33.85,33.17,33.25,294634
2024-01-11,601088.SH,33.15,33.69,33.06,33.62,211635
2024-01-14,601088.SH,33.5,34.18,33.43,34.04,238396
2024-01-15,601088.SH,33.89,34.47,33.82,34.28,218163
2024-01-16,601088.SH,34.18,34.66,34.04,34.14,319676
2024-01-17,601088.SH,34.14,34.4,33.2,34.07,464669
2024-01-18,601088.SH,34.01,34.01,32.81,33.25,602975
2024-01-21,601088.SH,33.22,33.49,32.65,32.96,381009
2024-01-22,601088.SH,32.82,33.8,32.65,33.62,299308
2024-01-23,601088.SH,33.79,34.7,33.59,34.61,326006
2024-01-24,601088.SH,34.78,35.39,34.45,35.12,332696
2024-01-25,601088.SH,35,35.96,34.9,35.8,306601
2024-01-28,601088.SH,35.82,36.03,35.5,35.65,251573
2024-01-29,601088.SH,35.7,36,35.25,35.76,277176
2024-01-30,601088.SH,35.39,37.19,35.35,37.12,467373
2024-01-31,601088.SH,36.85,36.95,36.03,36.3,349543
2024-02-01,601088.SH,36.3,37.3,35.9,37.02,426963
2024-02-04,601088.SH,36.81,38.13,36.7,38.13,413357
2024-02-05,601088.SH,37.95,38.6,37.41,37.74,432841
2024-02-06,601088.SH,37.74,38.66,36.8,38.59,515365
2024-02-07,601088.SH,38.29,38.37,37.53,38.07,362721
2024-02-18,601088.SH,37.81,39.95,37.51,39.81,403265
2024-02-19,601088.SH,39.76,40.26,39.28,39.76,309856
2024-02-20,601088.SH,39.76,40.03,39.33,39.58,346921
2024-02-21,601088.SH,39.37,41,39.27,40.83,413161
2024-02-22,601088.SH,40.9,40.9,39.5,39.85,371054
2024-02-25,601088.SH,39.34,39.7,38.42,38.6,501030
2024-02-26,601088.SH,38.4,38.99,38.22,38.58,302430
2024-02-27,601088.SH,38.47,39.22,37.85,39,489286
2024-02-28,601088.SH,38.6,38.88,38.22,38.6,375728
2024-02-29,601088.SH,38.35,38.94,38.08,38.38,320515
2024-03-03,601088.SH,38.2,39.1,38.03,38.99,421372
2024-03-04,601088.SH,38.96,39.78,38.8,39.55,383843
2024-03-05,601088.SH,39.55,40.38,39.16,39.42,369008
2024-03-06,601088.SH,39.28,40.15,39.2,40.09,314943
2024-03-07,601088.SH,39.93,40.09,39.16,39.75,308095
2024-03-10,601088.SH,39.5,39.66,38.3,38.7,402880
2024-03-11,601088.SH,38.5,38.6,36.92,37.18,659977
2024-03-12,601088.SH,37.16,37.17,36.39,37.07,356282
2024-03-13,601088.SH,36.99,37.53,36.5,37.42,337229
2024-03-14,601088.SH,37.25,37.4,36.22,37.31,447787
2024-03-17,601088.SH,36.85,36.94,36.38,36.76,386241
2024-03-18,601088.SH,36.61,38.1,36.53,37.33,373386
2024-03-19,601088.SH,37.25,38.06,36.86,37.49,286739
2024-03-20,601088.SH,37.4,38.03,36.9,37.67,306204
2024-03-21,601088.SH,37.67,38.09,37.33,37.94,332651
2024-03-24,601088.SH,37.2,39.15,37.02,38.51,511605
2024-03-25,601088.SH,38.99,39,37.53,38.03,385548
2024-03-26,601088.SH,38.17,39.2,38.06,38.84,325940
2024-03-27,601088.SH,38.9,39.14,38.36,38.64,349917
2024-03-28,601088.SH,38.56,39.44,38.41,39.09,239467
2024-03-31,601088.SH,39.1,39.11,38,38.38,384108
2024-04-01,601088.SH,38.37,39.13,38.21,39.05,326976
2024-04-02,601088.SH,39.05,39.75,38.88,39.59,277953
2024-04-07,601088.SH,39.36,40,38.88,39.58,230255
2024-04-08,601088.SH,39.73,40.06,39.19,39.69,196738
2024-04-09,601088.SH,39.68,40.58,39.65,40.13,300025
2024-04-10,601088.SH,40,40.48,39.6,40,194696
2024-04-11,601088.SH,39.9,40.08,39.49,39.73,215253
2024-04-14,601088.SH,39.7,41.24,39.67,41.05,330128
2024-04-15,601088.SH,41.05,42.19,40.87,41.7,392469
2024-04-16,601088.SH,41.6,41.99,40.89,41.9,250158
2024-04-17,601088.SH,41.61,42.4,41.07,41.36,265298
2024-04-18,601088.SH,41.08,42.2,41.05,41.89,261547
2024-04-21,601088.SH,41.88,42.57,40.24,40.3,322489
2024-04-22,601088.SH,39.91,40.49,39.01,39.9,278564
2024-04-23,601088.SH,40.3,40.45,39.38,39.8,225630
2024-04-24,601088.SH,39.72,40.3,39.45,39.96,202360
2024-04-25,601088.SH,39.75,40.12,39.5,39.55,283378
2024-04-28,601088.SH,39.48,39.48,38.61,39,417813
2024-04-29,601088.SH,39,40.01,38.91,39.83,297387
2024-05-05,601088.SH,39.69,39.73,38.8,39.55,337799
2024-05-06,601088.SH,39.49,39.99,39.4,39.93,220474
2024-05-07,601088.SH,40.01,41.45,40.01,41.15,381938
2024-05-08,601088.SH,40.99,41.3,40.61,40.85,265292
2024-05-09,601088.SH,40.84,41.2,40.66,40.97,227031
2024-05-12,601088.SH,40.76,40.96,39.95,40.78,218476
2024-05-13,601088.SH,40.61,40.73,39.65,40.27,264670
2024-05-14,601088.SH,40,40.33,39.85,40.17,144426
2024-05-15,601088.SH,40.17,40.22,39.55,39.6,212605
2024-05-16,601088.SH,39.53,39.92,39.4,39.89,208106
2024-05-19,601088.SH,39.9,41.12,39.86,40.93,271945
2024-05-20,601088.SH,40.88,42,40.64,41.97,294031
2024-05-21,601088.SH,41.9,42.52,41.66,41.74,242711
2024-05-22,601088.SH,41.71,42.13,41.42,42,167528
2024-05-23,601088.SH,42.08,42.2,41.3,41.31,165860
2024-05-26,601088.SH,41.59,43.02,41.52,42,256860
2024-05-27,601088.SH,42.01,43.41,41.94,42.9,237927
2024-05-28,601088.SH,42.9,43.65,42.6,43.45,216035
2024-05-29,601088.SH,43.11,43.86,42.7,43.09,233327
2024-05-30,601088.SH,43.26,43.4,42.33,42.33,200583
2024-06-02,601088.SH,42.7,43.58,42.62,43.34,265775
2024-06-03,601088.SH,43.22,43.26,42.33,42.34,330730
2024-06-04,601088.SH,42.31,43.4,42.2,42.75,265646
2024-06-05,601088.SH,42.77,44.76,42.77,44.16,326510
2024-06-06,601088.SH,44.21,44.39,43.85,44.15,221466
2024-06-10,601088.SH,44.16,44.52,43.11,43.44,243602
2024-06-11,601088.SH,43.23,44.85,43.01,44.65,264726
2024-06-12,601088.SH,44.5,44.98,44.17,44.58,182268
2024-06-13,601088.SH,44.45,45.12,44,44.35,281660
2024-06-16,601088.SH,44.22,44.47,43.3,43.54,275475
2024-06-17,601088.SH,43.52,43.73,42.8,43.57,169465
2024-06-18,601088.SH,43.4,44.12,43.17,43.44,234647
2024-06-19,601088.SH,43.41,44.83,43.19,44.63,357049
2024-06-20,601088.SH,44.41,44.68,43.76,44.11,198663
2024-06-23,601088.SH,44.29,44.6,43.91,44.25,201107
2024-06-24,601088.SH,44.34,44.36,43.67,43.93,180148
2024-06-25,601088.SH,43.82,44.15,43.05,43.75,188638
2024-06-26,601088.SH,43.57,43.99,43.17,43.5,250690
2024-06-27,601088.SH,43.23,44.63,43.2,44.37,221058
2024-06-30,601088.SH,44.41,45.96,44.4,45.28,209954
2024-07-01,601088.SH,45.3,45.88,44.76,45.8,226740
2024-07-02,601088.SH,45.6,46.02,44.92,45.25,201696
2024-07-03,601088.SH,45.24,45.78,45.24,45.4,160590
2024-07-04,601088.SH,45.4,45.68,44.09,45.1,274057
2024-07-07,601088.SH,42.8,43.63,42.3,43.38,256615
2024-07-08,601088.SH,43.3,43.55,42.71,43.4,237948
2024-07-09,601088.SH,43.09,43.2,41.18,41.71,479604
2024-07-10,601088.SH,41.33,42.11,40.87,41.68,340069
2024-07-11,601088.SH,41.53,42.03,40.91,41.21,240981
2024-07-14,601088.SH,41,42.44,40.8,42.39,248250
2024-07-15,601088.SH,42.25,42.6,41.89,42.41,200503
2024-07-16,601088.SH,42.38,42.57,41.44,41.72,219835
2024-07-17,601088.SH,41.9,42.13,41.49,42.05,172059
2024-07-18,601088.SH,42.03,42.17,41.48,41.97,223182
2024-07-21,601088.SH,41.73,41.91,39.9,41.73,395104
2024-07-22,601088.SH,41.5,41.85,40.9,41.06,180917
2024-07-23,601088.SH,40.96,41.95,40.8,41.76,182274
2024-07-24,601088.SH,41.72,41.72,40.68,41.25,212565
2024-07-25,601088.SH,41.25,41.4,40.46,40.8,181751
2024-07-28,601088.SH,40.58,41.11,40.45,40.84,138376
2024-07-29,601088.SH,40.68,40.76,39.52,39.8,222957
2024-07-30,601088.SH,39.81,40.25,39.41,39.75,252128
2024-07-31,601088.SH,39.99,40.32,39.26,39.41,211508
2024-08-01,601088.SH,39.2,39.29,38.51,39.11,169024
2024-08-04,601088.SH,38.85,38.86,38.23,38.47,220318
2024-08-05,601088.SH,38.51,38.7,37.89,38.15,190758
2024-08-06,601088.SH,38.15,39.39,38.01,38.88,210320
2024-08-07,601088.SH,39,39.48,38.86,38.89,145630
2024-08-08,601088.SH,38.8,39.3,38.5,39.05,111245
2024-08-11,601088.SH,38.82,39.65,38.63,39.3,130940
2024-08-12,601088.SH,39.3,39.72,38.82,39.08,121937
2024-08-13,601088.SH,39,39.4,38.53,39.13,89491
2024-08-14,601088.SH,39,40.38,38.95,40.19,234366
2024-08-15,601088.SH,40.19,40.64,40.07,40.53,137140
2024-08-18,601088.SH,40.53,41.21,40.26,40.35,136253
2024-08-19,601088.SH,40.36,40.45,39.44,39.69,140468
2024-08-20,601088.SH,39.84,40.08,39.1,39.77,129766
2024-08-21,601088.SH,39.77,40.07,39.51,39.93,106754
2024-08-22,601088.SH,39.81,40.99,39.76,40.28,132912
2024-08-25,601088.SH,40.35,40.55,39.81,40.35,119887
2024-08-26,601088.SH,40.34,41.79,40.15,41.7,217915
2024-08-27,601088.SH,41.53,42.18,41.05,41.41,158142
2024-08-28,601088.SH,41.38,41.5,40.46,40.75,126864
2024-08-29,601088.SH,40.51,41.03,39.77,40.55,215265
2024-09-01,601088.SH,40.51,41.49,40.08,41.08,211244
2024-09-02,601088.SH,41.08,41.75,39.8,40.18,190063
2024-09-03,601088.SH,40,40.2,39.55,39.66,132628
2024-09-04,601088.SH,39.63,40.06,38.61,38.72,252778
2024-09-05,601088.SH,38.7,39.03,38.03,38.04,169405
2024-09-08,601088.SH,38,38.04,36.62,37.22,262540
2024-09-09,601088.SH,37.2,38.23,37.17,37.49,186155
2024-09-10,601088.SH,37.2,37.28,35.95,36.74,242707
2024-09-11,601088.SH,36.93,37.83,36.59,37.61,242603
2024-09-12,601088.SH,37.5,38.19,37.5,37.85,145765
2024-09-17,601088.SH,37.62,38.8,37.62,38.24,133429
2024-09-18,601088.SH,38.44,38.44,37.05,38,232973
2024-09-19,601088.SH,37.95,38.68,37.83,38.5,216328
2024-09-22,601088.SH,38.33,39.49,38.21,39.1,163078
2024-09-23,601088.SH,39.7,41.19,39.25,41.18,341698
2024-09-24,601088.SH,42,42.9,41.39,41.78,296897
2024-09-25,601088.SH,42,42.77,41.53,42.73,281726
2024-09-26,601088.SH,43.51,43.51,41.5,41.81,244527
2024-09-29,601088.SH,42.32,44.97,41.2,43.6,959338
2024-10-07,601088.SH,47.1,47.5,40.77,42.44,1184684
2024-10-08,601088.SH,41.92,42.53,40.32,40.35,581658
2024-10-09,601088.SH,40.5,43.76,40.5,42.95,755400
2024-10-10,601088.SH,43.15,44.05,42,42.6,514446
2024-10-13,601088.SH,42.4,43.55,41.92,42.67,349670
2024-10-14,601088.SH,42.64,42.98,41.81,41.81,267214
2024-10-15,601088.SH,41.68,42.13,41.27,41.53,210124
2024-10-16,601088.SH,41.58,42.47,40.97,40.99,217664
2024-10-17,601088.SH,41.05,42.4,40.86,41.98,363281
2024-10-20,601088.SH,41.92,42.45,41.1,41.32,349041
2024-10-21,601088.SH,41.33,41.67,41.04,41.44,252865
2024-10-22,601088.SH,41.38,41.64,40.88,41.05,290194
2024-10-23,601088.SH,41.05,41.46,40.76,41.29,228104
2024-10-24,601088.SH,41.29,41.37,40.81,40.93,191066
2024-10-27,601088.SH,41.34,42,40.86,41.1,355493
2024-10-28,601088.SH,41.03,41.37,40.59,40.98,276754
2024-10-29,601088.SH,40.88,41.22,40.11,40.44,241958
2024-10-30,601088.SH,40.31,40.53,39.5,40.04,264521
2024-10-31,601088.SH,40.03,41.44,40.03,41.07,357442
2024-11-03,601088.SH,41.12,41.16,40.3,40.75,242673
2024-11-04,601088.SH,40.65,41.05,40.43,41.03,232380
2024-11-05,601088.SH,41.05,41.48,40.24,40.33,336105
2024-11-06,601088.SH,40.33,40.83,40.12,40.81,299158
2024-11-07,601088.SH,40.81,41.38,39.87,40.19,401891
2024-11-10,601088.SH,39.69,39.8,39.03,39.38,338166
2024-11-11,601088.SH,39.22,39.66,38.88,38.91,357723
2024-11-12,601088.SH,38.77,39.9,38.67,39.37,357783
2024-11-13,601088.SH,39.11,40.1,38.93,39.61,331770
2024-11-14,601088.SH,39.58,40.4,39.2,40.14,413475
2024-11-17,601088.SH,39.99,41.5,39.93,41.43,572251
2024-11-18,601088.SH,41.43,41.64,40.66,41.11,349897
2024-11-19,601088.SH,40.85,41.24,40.8,41.04,221818
2024-11-20,601088.SH,40.96,41.56,40.9,41.19,202641
2024-11-21,601088.SH,41.19,41.32,39.8,39.8,273446
2024-11-24,601088.SH,40.18,40.37,39.5,40.11,237382
2024-11-25,601088.SH,39.63,40.12,39.15,39.8,189375
2024-11-26,601088.SH,39.81,40.67,39.65,40.6,252597
2024-11-27,601088.SH,40.59,40.74,40.18,40.27,157280
2024-11-28,601088.SH,40.48,40.58,39.9,39.96,186744
2024-12-01,601088.SH,39.8,39.92,39.1,39.61,371897
2024-12-02,601088.SH,39.5,40.24,39.41,40.23,268668
2024-12-03,601088.SH,39.98,42.3,39.9,42.1,583117
2024-12-04,601088.SH,41.99,42.25,41.67,41.92,239114
2024-12-05,601088.SH,41.97,42.68,41.9,42.34,265694
2024-12-08,601088.SH,41.9,42.98,41.51,42.5,245034
2024-12-09,601088.SH,43.41,43.66,42.11,42.54,349047
2024-12-10,601088.SH,42.54,43.4,42.43,43.38,290901
2024-12-11,601088.SH,43.27,43.4,42.52,43.11,259012
2024-12-12,601088.SH,42.96,43.13,42.34,42.6,431696
2024-12-15,601088.SH,42.35,43.59,42.35,43.45,367968
2024-12-16,601088.SH,43.33,44.2,42.72,42.8,293785
2024-12-17,601088.SH,43.18,43.85,42.93,43.06,282466
2024-12-18,601088.SH,42.72,43.35,42.5,42.61,172714
2024-12-19,601088.SH,42.6,42.72,41.05,41.34,401080
2024-12-22,601088.SH,41.2,42.17,40.98,41.78,334907
2024-12-23,601088.SH,41.7,41.98,41.16,41.74,195970
2024-12-24,601088.SH,41.82,43.26,41.74,42.9,283469
2024-12-25,601088.SH,42.68,43.09,42.1,42.13,221777
2024-12-26,601088.SH,42.18,42.53,41.68,42.19,186498
2024-12-29,601088.SH,42.4,43.29,42.4,42.78,217621
2024-12-30,601088.SH,42.9,43.97,42.7,43.48,358717
2025-01-01,601088.SH,43.34,43.99,42.3,42.59,303614
2025-01-02,601088.SH,42.92,43.01,41.97,42.07,240857
2025-01-05,601088.SH,42.2,42.33,41.42,41.81,215897
2025-01-06,601088.SH,41.83,41.92,40.78,41.1,218459
2025-01-07,601088.SH,40.95,41.55,40.5,40.88,284577
2025-01-08,601088.SH,40.5,40.66,39.5,39.57,404247
2025-01-09,601088.SH,39.5,39.93,38.9,39.18,284883
2025-01-12,601088.SH,39.23,39.51,38.76,38.89,243307
2025-01-13,601088.SH,39.2,39.32,38.69,39.32,308139
2025-01-14,601088.SH,39.18,39.93,38.96,39.21,296397
2025-01-15,601088.SH,39.35,39.92,39.05,39.7,310889
2025-01-16,601088.SH,39.68,40.06,39.47,39.61,251202
2025-01-19,601088.SH,39.7,39.7,38.7,38.74,358526
2025-01-20,601088.SH,38.78,38.88,38.1,38.21,254690
2025-01-21,601088.SH,38.49,38.5,37.91,38.09,237790
2025-01-22,601088.SH,38.35,38.98,38.17,38.41,254596
2025-01-23,601088.SH,38.62,39.4,38.2,39.08,362081
2025-01-26,601088.SH,39.1,40.1,39.09,40,294570
2025-02-04,601088.SH,40,40,38.41,38.82,340451
2025-02-05,601088.SH,38.82,38.95,38.41,38.95,218669
2025-02-06,601088.SH,38.8,38.97,38.51,38.89,266592
2025-02-09,601088.SH,38.7,38.85,38.46,38.59,238162
2025-02-10,601088.SH,38.54,38.97,38.38,38.55,243556
2025-02-11,601088.SH,38.56,38.56,38.03,38.22,306603
2025-02-12,601088.SH,38.24,38.45,38.02,38.11,297500
2025-02-13,601088.SH,38.17,38.21,37.92,38.13,281874
2025-02-16,601088.SH,38.1,38.1,37.12,37.28,607599
2025-02-17,601088.SH,37,37.29,36.5,36.61,561347
2025-02-18,601088.SH,36.62,36.63,36.02,36.1,451298
2025-02-19,601088.SH,36,36.3,35.73,36.21,348442
2025-02-20,601088.SH,36.17,36.24,35.28,35.38,624510
2025-02-23,601088.SH,35.08,36.1,34.78,35.76,648935
2025-02-24,601088.SH,35.53,36.59,35.44,35.63,638887
2025-02-25,601088.SH,35.63,36.08,35.33,35.54,330143
2025-02-26,601088.SH,35.4,35.88,34.85,35.74,468932
2025-02-27,601088.SH,35.68,35.88,35.44,35.45,355891
2025-03-02,601088.SH,35.58,35.92,35.4,35.54,278621
2025-03-03,601088.SH,35.4,35.54,35.13,35.35,214580
2025-03-04,601088.SH,35.26,35.73,35.01,35.73,326331
2025-03-05,601088.SH,35.69,35.69,35.23,35.49,292504
2025-03-06,601088.SH,35.49,36.18,35.4,35.89,427318
2025-03-09,601088.SH,35.8,36.52,35.78,36.1,321060
2025-03-10,601088.SH,36.08,36.45,35.8,36.43,311668
2025-03-11,601088.SH,36.35,36.35,35.8,35.93,250216
2025-03-12,601088.SH,35.94,37.57,35.93,37.22,841553
2025-03-13,601088.SH,37.1,37.5,37.03,37.17,438879
2025-03-16,601088.SH,37.16,37.46,37,37.03,287856
2025-03-17,601088.SH,36.98,36.98,36.59,36.68,241270
2025-03-18,601088.SH,36.68,36.91,36.52,36.68,208821
2025-03-19,601088.SH,36.78,37.15,36.7,36.75,228590
2025-03-20,601088.SH,36.62,37.15,36.62,36.62,292942
2025-03-23,601088.SH,36.9,37.48,36.67,37.12,416657
2025-03-24,601088.SH,37.12,38.1,36.97,37.75,582797
2025-03-25,601088.SH,37.76,38.13,37.45,38.03,368485
2025-03-26,601088.SH,37.94,38.27,37.79,37.98,232027
2025-03-27,601088.SH,37.89,37.99,37.6,37.83,189156
2025-03-30,601088.SH,37.72,38.37,37.64,38.35,355103
2025-03-31,601088.SH,38.29,38.76,38.25,38.65,235040
2025-04-01,601088.SH,38.74,38.74,38.31,38.65,194211
2025-04-02,601088.SH,38.22,39.03,38.21,38.96,246859
2025-04-06,601088.SH,38.02,38.48,36.8,37.34,713661
2025-04-07,601088.SH,37.75,39.18,37.38,39.18,641167
2025-04-08,601088.SH,38.87,39.67,38.4,39.46,635886
2025-04-09,601088.SH,39.23,39.23,38.04,38.99,471852
2025-04-10,601088.SH,38.88,38.89,37.81,38.02,385928
2025-04-13,601088.SH,37.98,38.71,37.66,38.6,323444
2025-04-14,601088.SH,38.34,38.86,38.33,38.6,245793
2025-04-15,601088.SH,38.59,39.46,38.3,39.46,419014
2025-04-16,601088.SH,39.31,39.31,38.88,39.28,190058
2025-04-17,601088.SH,39.04,39.51,38.83,39.2,220231
2025-04-20,601088.SH,39.14,39.43,38.76,38.92,204960
2025-04-21,601088.SH,38.79,39.11,38.64,38.64,172892
2025-04-22,601088.SH,38.61,38.76,38.4,38.54,186066
2025-04-23,601088.SH,38.5,39.02,38.45,38.94,236946
2025-04-24,601088.SH,38.81,38.85,38.4,38.68,247435
2025-04-27,601088.SH,37.96,38.33,37.09,38,464877
2025-04-28,601088.SH,37.85,38.28,37.74,38.27,211368
2025-04-29,601088.SH,38.2,38.58,37.75,38.3,222598
2025-05-05,601088.SH,38.5,38.5,37.91,38.35,212633
2025-05-06,601088.SH,39.35,39.35,38.2,38.78,227501
2025-05-07,601088.SH,38.48,38.89,38.41,38.55,161938
2025-05-08,601088.SH,38.49,39.1,38.48,38.84,225716
2025-05-11,601088.SH,38.85,38.89,38.42,38.56,278268
2025-05-12,601088.SH,38.62,39.26,38.38,39.05,288845
2025-05-13,601088.SH,39.1,39.45,38.96,39.28,205271
2025-05-14,601088.SH,39.35,40.07,39.34,40.06,340840
2025-05-15,601088.SH,39.95,40.19,39.31,39.46,251467
2025-05-18,601088.SH,39.46,39.88,39.17,39.18,175074
2025-05-19,601088.SH,39.22,39.45,39.03,39.15,146983
2025-05-20,601088.SH,39.23,40.4,39.22,40.1,331941
2025-05-21,601088.SH,39.96,40.55,39.9,40.4,194927
2025-05-22,601088.SH,40.28,40.53,39.53,39.7,229595
2025-05-25,601088.SH,39.7,40.04,39.44,39.63,184960
2025-05-26,601088.SH,39.71,40.05,39.52,39.52,166516
2025-05-27,601088.SH,39.53,40.13,39.3,39.81,148282
2025-05-28,601088.SH,39.82,39.97,39.63,39.79,158213
2025-05-29,601088.SH,39.78,40.23,39.56,39.56,166103
2025-06-02,601088.SH,39.24,39.5,38.91,39.17,279804
2025-06-03,601088.SH,39.24,39.32,38.91,39.29,215021
2025-06-04,601088.SH,39.33,39.97,39.24,39.3,185654
2025-06-05,601088.SH,39.31,39.67,39.12,39.54,211295
2025-06-08,601088.SH,39.5,39.71,39.25,39.5,182015
2025-06-09,601088.SH,39.6,39.74,39.4,39.65,227565
2025-06-10,601088.SH,39.59,39.93,39.55,39.7,208016
2025-06-11,601088.SH,39.75,39.93,38.98,39.02,327840
2025-06-12,601088.SH,39.22,39.37,38.97,39.26,277292
2025-06-15,601088.SH,39.25,39.25,38.71,39.04,236710
2025-06-16,601088.SH,39.04,39.57,38.76,39.5,250436
2025-06-17,601088.SH,39.53,39.75,39.15,39.22,183772
2025-06-18,601088.SH,39.09,39.46,38.73,39.39,291212
2025-06-19,601088.SH,39.38,39.67,39.25,39.44,209680
2025-06-22,601088.SH,39.49,39.98,39.2,39.85,212871
2025-06-23,601088.SH,39.8,40.01,39.68,39.85,244854
2025-06-24,601088.SH,39.86,40.2,39.63,40.15,216169
2025-06-25,601088.SH,40.15,40.3,39.84,40.04,245629
2025-06-26,601088.SH,39.98,40.18,39.79,39.93,243658
2025-06-29,601088.SH,39.93,40.71,39.89,40.54,292145
2025-06-30,601088.SH,40.55,41.05,40.3,40.94,200369
2025-07-01,601088.SH,40.94,41.55,40.81,41.54,223335
2025-07-02,601088.SH,41.69,41.7,40.33,40.4,286023
2025-07-03,601088.SH,40.4,41.18,40.4,41.05,302941
2025-07-06,601088.SH,38.79,38.79,37.57,37.7,461567
2025-07-07,601088.SH,37.75,37.85,37.5,37.72,201887
2025-07-08,601088.SH,37.72,37.93,37.5,37.5,209201
2025-07-09,601088.SH,37.64,37.73,37.41,37.46,235447
2025-07-10,601088.SH,37.46,37.77,36.8,36.8,433798
2025-07-13,601088.SH,37.06,37.98,37.06,37.42,514914
2025-07-14,601088.SH,37.47,37.94,37.25,37.47,262273
2025-07-15,601088.SH,37.48,37.55,37.2,37.28,151482
2025-07-16,601088.SH,37.27,37.34,36.97,37.13,172185
2025-07-17,601088.SH,37.24,37.58,37.23,37.4,207788
2025-07-20,601088.SH,37.51,37.84,37.37,37.77,257130
2025-07-21,601088.SH,37.77,39.99,37.58,39.48,745186
2025-07-22,601088.SH,39.68,40.18,38.71,38.82,509400
2025-07-23,601088.SH,38.83,39.18,38.34,38.82,391504
2025-07-24,601088.SH,38.82,38.91,38.36,38.43,234304
2025-07-27,601088.SH,38.23,38.24,37.74,37.8,295034
2025-07-28,601088.SH,37.7,37.97,37.68,37.82,178729
2025-07-29,601088.SH,38.01,38.9,37.88,38.5,329797
2025-07-30,601088.SH,38.28,38.3,37.6,38.16,351497
2025-07-31,601088.SH,38.17,38.42,37.54,37.56,244398
2025-08-17,601088.SH,41.32,41.32,39.01,39.23,1265353
2025-08-18,601088.SH,39.15,39.23,38.26,38.27,694509
2025-08-19,601088.SH,38.18,38.64,38.02,38.63,421035
2025-08-20,601088.SH,38.6,38.6,38.24,38.44,318277
2025-08-21,601088.SH,38.44,38.5,38.15,38.5,346032
2025-08-24,601088.SH,38.57,39.19,38.57,39.1,419225
2025-08-25,601088.SH,39.13,39.19,38.81,38.83,275362
2025-08-26,601088.SH,38.77,38.77,38.21,38.23,313917
2025-08-27,601088.SH,38.11,38.16,37.63,37.9,303219
2025-08-28,601088.SH,37.9,38.3,37.46,37.47,510555
2025-08-31,601088.SH,37.6,38.38,37.47,37.9,469625
2025-09-01,601088.SH,37.9,38.35,37.66,38.16,425727
2025-09-02,601088.SH,38.17,38.25,37.61,37.78,281242
2025-09-03,601088.SH,37.68,38.38,37.24,38.17,477476
2025-09-04,601088.SH,38,38.24,37.79,38.16,254571
2025-09-07,601088.SH,38.16,38.3,37.88,38.05,312085
2025-09-08,601088.SH,38.15,38.27,37.93,38.14,221530
2025-09-09,601088.SH,38.1,38.55,37.94,38.17,295492
2025-09-10,601088.SH,38.2,38.32,38.03,38.28,280992
2025-09-11,601088.SH,38.32,38.42,37.65,37.76,447319
2025-09-14,601088.SH,37.75,38.24,37.68,38.19,336996
2025-09-15,601088.SH,38.3,38.78,38.3,38.41,427233
2025-09-16,601088.SH,38.33,39.13,38.3,38.98,459279
2025-09-17,601088.SH,38.95,38.97,38.12,38.28,345893
2025-09-18,601088.SH,38.27,38.85,38.11,38.6,350244
2025-09-21,601088.SH,38.73,38.98,38.3,38.51,271093
2025-09-22,601088.SH,38.36,38.96,38.17,38.86,330174
2025-09-23,601088.SH,38.73,39.16,38.65,38.95,285006
2025-09-24,601088.SH,38.93,38.93,38.45,38.72,198185
2025-09-25,601088.SH,38.8,38.91,38.52,38.76,215392
2025-09-28,601088.SH,38.58,38.75,38,38.35,320278
2025-09-29,601088.SH,38.33,38.6,38.03,38.5,238863
2025-10-08,601088.SH,38.28,39.46,38.27,39.44,433829
2025-10-09,601088.SH,39.43,40.04,39,39.77,392610
2025-10-12,601088.SH,39.46,40.2,39.12,39.95,441117
2025-10-13,601088.SH,39.9,40.88,39.68,40.65,475246
2025-10-14,601088.SH,40.64,41.12,40.34,40.86,379537
2025-10-15,601088.SH,40.75,42.11,40.6,42.01,485243
2025-10-16,601088.SH,41.97,42.66,41.65,41.9,454770
2025-10-19,601088.SH,41.79,42.45,41.58,42.23,379734
2025-10-20,601088.SH,42.23,42.23,41.05,41.8,457363
2025-10-21,601088.SH,41.8,42.19,41.63,42.14,274130
2025-10-22,601088.SH,41.98,42.6,41.98,42.22,257633
2025-10-23,601088.SH,42.29,42.7,42.01,42.5,274323
2025-10-26,601088.SH,42,42.92,41.13,42.69,345299
2025-10-27,601088.SH,42.69,43.07,42.4,42.59,214642
2025-10-28,601088.SH,42.48,42.5,41.95,42.14,219040
2025-10-29,601088.SH,42.31,43.81,42.2,43.04,385781
2025-10-30,601088.SH,43.25,43.46,42.26,42.51,227773
2025-11-02,601088.SH,42.8,43.95,42.66,43.42,277292
2025-11-03,601088.SH,43.5,43.95,43.33,43.52,228244
2025-11-04,601088.SH,43.4,44.07,43.38,43.58,245746
2025-11-05,601088.SH,43.58,44.39,43.38,43.99,284128
2025-11-06,601088.SH,43.96,44.12,43.46,43.73,231890
2025-11-09,601088.SH,42.9,43.49,42.51,43.15,221563
2025-11-10,601088.SH,43.13,43.21,42.36,42.8,209937
2025-11-11,601088.SH,42.76,43.25,42.6,42.6,198412
2025-11-12,601088.SH,42.69,42.85,42.02,42.62,217782
2025-11-13,601088.SH,42.76,43.06,42.05,42.09,168367
2025-11-16,601088.SH,42.06,42.74,41.52,42.4,231337
2025-11-17,601088.SH,42.24,42.58,41.85,41.91,176418
2025-11-18,601088.SH,41.85,42.76,41.66,42.52,176676
2025-11-19,601088.SH,42.31,42.81,41.91,42,140730
2025-11-20,601088.SH,42.5,42.55,41.59,42.07,279435
2025-11-23,601088.SH,42.28,42.34,41.12,41.2,292889
2025-11-24,601088.SH,41.5,41.55,40.95,41.2,214540
2025-11-25,601088.SH,41.21,41.49,40.99,41,166049
2025-11-26,601088.SH,41.01,41.45,40.79,41.45,140562
2025-11-27,601088.SH,41.28,41.39,41.1,41.14,141934
2025-11-30,601088.SH,41.14,41.37,40.9,41.34,175652
2025-12-01,601088.SH,41.4,41.75,41.04,41.6,194337
2025-12-02,601088.SH,41.48,41.92,41.3,41.64,167481
2025-12-03,601088.SH,41.6,42.22,41.51,41.75,167043
2025-12-04,601088.SH,41.6,41.75,41.31,41.53,139097
2025-12-07,601088.SH,41.49,41.49,40.58,40.9,237398
2025-12-08,601088.SH,41,41.13,40.4,40.48,162385
2025-12-09,601088.SH,40.47,40.47,40.02,40.18,168461
2025-12-10,601088.SH,40.47,40.67,40.04,40.31,173344
2025-12-11,601088.SH,40.17,40.29,39.83,40,262758
2025-12-14,601088.SH,40,40.26,39.89,39.91,170979
2025-12-15,601088.SH,39.9,40.21,39.52,40.17,230113
2025-12-16,601088.SH,40.16,40.25,39.94,40,203129
2025-12-17,601088.SH,40.2,40.93,40,40.83,203516
2025-12-18,601088.SH,40.68,40.86,40.43,40.59,161984
2025-12-21,601088.SH,41.18,41.25,40.03,40.88,402006
2025-12-22,601088.SH,40.87,41.46,40.84,41.15,228690
2025-12-23,601088.SH,41.1,41.13,40.12,40.25,259818
2025-12-24,601088.SH,40.25,40.35,40.01,40.13,132088
2025-12-25,601088.SH,40.05,40.25,40.01,40.07,165969
2025-12-28,601088.SH,40.07,40.65,40.01,40.2,240738
2025-12-29,601088.SH,40.21,40.49,40,40.45,237468
2025-12-30,601088.SH,40.35,40.55,40.16,40.5,194531
2026-01-04,601088.SH,40.51,40.75,40.22,40.26,283836
2026-01-05,601088.SH,40.3,41.02,40.07,40.78,367008
2026-01-06,601088.SH,41,41.32,40.24,41.26,414322
2026-01-07,601088.SH,41.26,41.66,41.16,41.45,344926
2026-01-08,601088.SH,41.4,42.55,41.22,42.45,368140
2026-01-11,601088.SH,42.45,42.55,41.68,41.86,260950
2026-01-12,601088.SH,41.94,42.33,41.7,41.9,222889
2026-01-13,601088.SH,42,42,41.38,41.74,273423
2026-01-14,601088.SH,41.6,42.1,41.48,41.56,232559
2026-01-15,601088.SH,41.58,42,40.66,41,303871
2026-01-18,601088.SH,40.66,41.3,40.51,40.7,227742
2026-01-19,601088.SH,40.73,40.99,40.51,40.85,198199
2026-01-20,601088.SH,40.98,40.98,40,40.08,320677
2026-01-21,601088.SH,40.1,40.85,40,40.65,317150
2026-01-22,601088.SH,40.79,40.8,39.86,40,337432
2026-01-25,601088.SH,40,42.2,39.8,41.65,685746
2026-01-26,601088.SH,41.66,42.17,40.51,40.65,374792
2026-01-27,601088.SH,40.8,41.84,40.36,41.18,651930
2026-01-28,601088.SH,41.3,41.64,40.52,41.38,444644
2026-01-29,601088.SH,41.37,42.46,41.18,41.93,442671
2026-02-01,601088.SH,41.65,41.65,40.02,40.21,438352
2026-02-02,601088.SH,40.25,40.48,39.52,39.6,388603
2026-02-03,601088.SH,39.65,42.6,39.65,42.42,882483
2026-02-04,601088.SH,41.9,42.35,41.18,41.86,361014
2026-02-05,601088.SH,41.43,42.19,41.05,41.67,251804
2026-02-08,601088.SH,41.87,42.44,41.58,42.21,241415
2026-02-09,601088.SH,42.21,42.6,42.02,42.48,213252
2026-02-10,601088.SH,42.67,42.98,42.13,42.86,190880
2026-02-11,601088.SH,42.85,43.07,42.4,42.56,224671
2026-02-12,601088.SH,42.56,42.58,41.11,41.45,314720
2026-02-23,601088.SH,41.73,42.69,41.73,42.52,255000
2026-02-24,601088.SH,42.53,42.8,42.05,42.18,228811
2026-02-25,601088.SH,42.18,42.77,41.74,41.83,171434
2026-02-26,601088.SH,41.9,42.45,41.68,42.26,207992
2026-03-01,601088.SH,43.09,44.88,42.46,44.73,801407
2026-03-02,601088.SH,44.7,46.61,43.95,45.81,852497
2026-03-03,601088.SH,45,46.31,43.66,46.11,708649
2026-03-04,601088.SH,45.65,46.3,44.6,45.88,512237
2026-03-05,601088.SH,45.6,46.2,45,45.83,310826
2026-03-08,601088.SH,47.5,49.59,47.5,47.95,883473
2026-03-09,601088.SH,45.99,47.19,45.9,46.18,471321
2026-03-10,601088.SH,45.8,48.06,45.51,47.83,434295
2026-03-11,601088.SH,48.25,49.8,47.7,49.26,569225
2026-03-12,601088.SH,49.41,49.68,48.43,48.92,395521
2026-03-15,601088.SH,49.11,49.33,47.9,48.49,319344
2026-03-16,601088.SH,48.01,48.65,47.21,47.74,375142
2026-03-17,601088.SH,47.74,48.3,46.72,47.48,321139
2026-03-18,601088.SH,48,49.9,47.65,49.47,558452
2026-03-19,601088.SH,48.61,49.78,48.31,49.55,437423
2026-03-22,601088.SH,50.23,50.38,48.8,49.5,735948
2026-03-23,601088.SH,48.63,49.29,47.9,48.48,465628
2026-03-24,601088.SH,47.48,47.5,46.6,47.25,579111
2026-03-25,601088.SH,47.13,47.98,47.05,47.69,359226
2026-03-26,601088.SH,47.56,48.03,47.18,47.5,225465
2026-03-29,601088.SH,47.89,48.43,47.62,47.82,281265
2026-03-30,601088.SH,47.73,48.19,46.6,46.75,391121
2026-03-31,601088.SH,46.33,47.48,45.87,46.62,335887
2026-04-01,601088.SH,46.68,47.9,46.68,47.69,322374
2026-04-02,601088.SH,47.7,47.88,47.03,47.58,213241
2026-04-06,601088.SH,47.58,48.59,47.22,48.42,264360
2026-04-07,601088.SH,47.45,47.49,46.13,46.76,502729
2026-04-08,601088.SH,46.8,47.3,46.58,46.79,222418
2026-04-09,601088.SH,46.5,46.63,46.1,46.38,256774
2026-04-12,601088.SH,46.7,46.7,46.08,46.32,232870
2026-04-13,601088.SH,46.11,46.22,45.42,45.66,301577
2026-04-14,601088.SH,45.21,46.01,45,45.83,282062
2026-04-15,601088.SH,45.82,46.07,45.35,45.53,275144
2026-04-16,601088.SH,45.55,45.69,45.33,45.55,214783
2026-04-19,601088.SH,45.6,45.74,45.16,45.23,224465
2026-04-20,601088.SH,45.23,46.16,45.22,45.98,289871
2026-04-21,601088.SH,45.98,46.8,45.8,45.87,356676
2026-04-22,601088.SH,45.88,47.25,45.45,46.98,419952
2026-04-23,601088.SH,46.99,47.55,46.66,47.19,345475
2026-04-26,601088.SH,46.5,47.17,46.32,46.78,266005
2026-04-27,601088.SH,46.76,48.3,46.57,48.15,408840
2026-04-28,601088.SH,48.16,48.7,47.77,47.98,338646
2026-04-29,601088.SH,48.1,48.18,47.52,48,305251
2026-05-05,601088.SH,47.6,47.99,46.67,47.73,308231
2026-05-06,601088.SH,47.5,47.5,45.5,45.59,497080
2026-05-07,601088.SH,45.53,45.89,45.13,45.18,285197
2026-05-10,601088.SH,45.18,45.38,44.75,45.17,308770
2026-05-11,601088.SH,45.17,45.38,44.94,45.2,242518
2026-05-12,601088.SH,45.25,45.38,44.65,44.8,245975
2026-05-13,601088.SH,44.81,45.4,44.53,45.17,343917
2026-05-14,601088.SH,45.16,45.9,44.77,45.7,406673
2026-05-17,601088.SH,45.95,46.18,45.26,45.85,368307
2026-05-18,601088.SH,45.85,46.6,45.57,46.07,359079
2026-05-19,601088.SH,46.15,46.97,46,46,304957
2026-05-20,601088.SH,45.79,45.79,45,45.26,252644
2026-05-21,601088.SH,45.26,45.49,44.7,44.98,274673
2026-05-24,601088.SH,45.48,46.98,44.72,44.78,543124
2026-05-25,601088.SH,44.75,45.1,44.35,44.8,364563
2026-05-26,601088.SH,44.85,46.23,44.24,46.1,397446
2026-05-27,601088.SH,45.8,46.87,45.6,46.15,325109
2026-05-28,601088.SH,46.01,47.89,45.9,46.92,584495
2026-05-31,601088.SH,47,49.01,47,49,576751
2026-06-01,601088.SH,48.7,50.16,47.7,48.24,566863
2026-06-02,601088.SH,47.78,49.18,47.66,48.85,412752
2026-06-03,601088.SH,48.56,49.8,48.51,49.02,379687
2026-06-04,601088.SH,48.75,49.8,48.52,48.52,358227
2026-06-07,601088.SH,48.57,51.18,48.33,50.76,552636
2026-06-08,601088.SH,49.5,50.3,48.56,48.98,383146
2026-06-09,601088.SH,48.75,48.8,47.41,47.51,340919
2026-06-10,601088.SH,47.9,48.33,47.04,47.29,281183
2026-06-11,601088.SH,46.99,47,45.8,46.14,946837
2026-06-14,601088.SH,45.6,45.6,43.11,43.39,898193
2026-06-15,601088.SH,43.14,43.2,42.12,42.52,656871
2026-06-16,601088.SH,42.65,42.71,41.59,41.86,503545
2026-06-17,601088.SH,41.88,42.55,41.26,41.26,544116
2026-06-21,601088.SH,41.2,41.78,40.8,41.51,715589
2026-06-22,601088.SH,41.5,41.88,40.65,40.66,541233
2026-06-23,601088.SH,40.7,40.86,39.9,40.05,387443
2026-06-24,601088.SH,39.8,40.37,39.2,39.4,479018
2026-06-25,601088.SH,39.43,39.75,38.86,39.57,435101
2026-06-28,601088.SH,39.59,40.3,38.85,39.98,418684
2026-06-29,601088.SH,39.97,40.07,38.73,39.04,406936
2026-06-30,601088.SH,38.97,40,38.73,39.48,398399
2026-07-01,601088.SH,39.8,41.06,39.74,40.77,627085
2026-07-02,601088.SH,40.77,41.5,40.44,40.7,359577
2026-07-05,601088.SH,40.49,42.03,40.2,41.91,502183
2026-07-06,601088.SH,41.8,42.3,41.1,41.76,368613
2026-07-07,601088.SH,41.76,42.7,41.56,42.29,369896
2026-07-08,601088.SH,42,42.59,41.57,42.13,325881
2026-07-09,601088.SH,41.89,42.16,41.45,42.04,302459
2026-07-12,601088.SH,41.2,42.78,40.72,42.65,475729
2026-07-13,601088.SH,42.66,44.36,42.47,43.42,509314
2026-07-14,601088.SH,42.98,43.8,42.88,43.69,294449
2026-07-15,601088.SH,43.78,44.24,42.65,43.27,304559
2026-07-16,601088.SH,43.18,44.44,43.02,43.95,479851
2026-07-19,601088.SH,43.9,46.14,43.73,46.14,573334
2026-07-20,601088.SH,46.15,46.8,44.3,45.1,621611
2026-07-21,601088.SH,44.68,45.44,44.05,45.44,470939
2026-07-22,601088.SH,45.4,45.7,44.67,45.32,314085
2026-07-23,601088.SH,46,46,45.09,45.7,337964
2026-07-26,601088.SH,45.7,45.7,44.5,44.83,313972
2026-07-27,601088.SH,44.53,45.44,43.96,45.44,367293
2026-07-28,601088.SH,45.99,45.99,44.9,45.03,301204
2026-07-29,601088.SH,45,45.79,44.87,45.7,366594
2026-07-30,601088.SH,44.5,45.69,43.88,45.69,486004
2026-08-02,601088.SH,44.92,44.98,43.64,43.73,412090
2026-08-03,601088.SH,43.5,43.5,42.73,43.15,385284
2026-08-04,601088.SH,42.81,43.25,42.38,43,273990
2026-08-05,601088.SH,42.9,44.27,42.9,43.97,395057
2026-08-06,601088.SH,43.89,44.37,43.38,43.94,268352
2026-08-09,601088.SH,43.79,44.96,43.71,44.68,298631
2026-08-10,601088.SH,44.94,45.13,44.3,44.7,253125
2026-08-11,601088.SH,44.5,44.94,44.05,44.07,233639
2026-08-12,601088.SH,43.87,44.45,43.6,44.34,269477
2026-08-13,601088.SH,44.22,44.93,43.82,44.72,220258
2026-08-16,601088.SH,44.72,45.17,44.6,44.79,212123
2026-08-17,601088.SH,44.8,45.97,44.79,45.7,336580
2026-08-18,601088.SH,46,46.52,45.8,46.52,400030
2026-08-19,601088.SH,46,47.11,45.8,46.55,272944
2026-08-20,601088.SH,46.34,46.9,46.29,46.41,181214
2026-08-23,601088.SH,46.38,47,46.29,46.89,239412
2026-08-24,601088.SH,46.89,47.5,46.73,47.17,257966
2026-08-25,601088.SH,46.86,47.66,46.68,47.26,195735
2026-08-26,601088.SH,47.05,48,47.04,47.8,217244
2026-08-27,601088.SH,47.8,48.18,47.08,47.63,227265
2026-08-30,601088.SH,48,48.97,47.55,48.78,396072
2026-08-31,601088.SH,48.78,49.48,48.24,48.3,323023
2026-09-01,601088.SH,48.95,49.05,47.4,48.05,347215
2026-09-02,601088.SH,48,48.58,47.67,47.78,218397
2026-09-03,601088.SH,47.77,48.09,47.22,47.61,198627
2026-09-06,601088.SH,47.5,47.76,45.22,46.09,475177
2026-09-07,601088.SH,46,46.33,45.6,46.32,259288
2026-09-08,601088.SH,46.16,47.39,45.95,47.33,297539
2026-09-09,601088.SH,47.36,47.51,46.76,47.28,200597
2026-09-10,601088.SH,47.34,48.1,47.05,47.51,304794
2026-09-13,601088.SH,47.4,48.16,46.97,47.2,198557
2026-09-14,601088.SH,47.38,47.45,46.91,46.98,157743
2026-09-15,601088.SH,46.93,47.18,46.25,47.1,199171
2026-09-16,601088.SH,47,47.09,46.11,46.48,177747
2026-09-17,601088.SH,46.2,46.7,46.1,46.23,163658
2026-09-20,601088.SH,46.18,46.85,45.76,46.8,171297
2026-09-21,601088.SH,46.43,47.74,46.15,47.51,248559
2026-09-22,601088.SH,47.51,47.84,47.12,47.21,132385
2026-09-23,601088.SH,47.34,48.16,47.15,48.03,252767
2026-09-27,601088.SH,47.79,48.41,47.56,48.39,230731
2026-09-28,601088.SH,48.3,48.31,46.71,47.3,222092
2026-09-29,601088.SH,47.05,48.23,46.99,47.8,207016
