date,symbol,open,high,low,close,volume
2022-08-08,688981.SH,43.05,43.16,42.22,43.11,314034
2022-08-09,688981.SH,42.99,43.49,42.5,42.5,297817
2022-08-10,688981.SH,42.99,43.95,42.8,43.48,338999
2022-08-11,688981.SH,43.39,43.4,42.68,42.71,230424
2022-08-14,688981.SH,42.66,42.66,41.83,41.84,252264
2022-08-15,688981.SH,41.84,42.09,41.5,41.63,162400
2022-08-16,688981.SH,41.62,42.14,41.62,41.79,139829
2022-08-17,688981.SH,41.8,42.14,41.62,41.88,146745
2022-08-18,688981.SH,41.8,42.07,40.98,40.99,190213
2022-08-21,688981.SH,40.98,41.27,40.21,41.09,132142
2022-08-22,688981.SH,41.07,41.08,40.6,40.66,97741
2022-08-23,688981.SH,40.7,40.71,39.68,39.7,193128
2022-08-24,688981.SH,39.7,39.99,39.35,39.88,125266
2022-08-25,688981.SH,40.01,40.37,39.92,40.27,109767
2022-08-28,688981.SH,40,40.26,39.86,40.08,107698
2022-08-29,688981.SH,40.08,40.39,39.91,40.1,96543
2022-08-30,688981.SH,40.2,40.35,39.63,40.21,144663
2022-08-31,688981.SH,40.23,40.61,39.8,39.95,131265
2022-09-01,688981.SH,40.06,40.66,39.94,40.4,139480
2022-09-04,688981.SH,40.15,40.15,39.78,39.94,96981
2022-09-05,688981.SH,39.8,40.1,39.78,40.05,93940
2022-09-06,688981.SH,40.04,40.63,39.99,40.23,162778
2022-09-07,688981.SH,40.21,40.23,39.92,39.94,90525
2022-09-08,688981.SH,39.95,40.34,39.81,40.2,94358
2022-09-12,688981.SH,40.27,40.64,40.27,40.4,101787
2022-09-13,688981.SH,39.98,40.38,39.9,40.18,94747
2022-09-14,688981.SH,40.2,40.48,39.9,40.07,142243
2022-09-15,688981.SH,40.1,40.48,39.75,39.79,144906
2022-09-18,688981.SH,39.77,39.77,37.66,38.56,173032
2022-09-19,688981.SH,38.59,39.17,38.44,38.7,100714
2022-09-20,688981.SH,38.6,38.81,38.06,38.45,77199
2022-09-21,688981.SH,38.33,38.78,38.21,38.45,72677
2022-09-22,688981.SH,38.4,38.57,37.88,38.14,78292
2022-09-25,688981.SH,38.01,38.1,37.38,37.47,89026
2022-09-26,688981.SH,37.5,38.37,37.5,38.37,87983
2022-09-27,688981.SH,38.18,38.24,37.72,37.79,72521
2022-09-28,688981.SH,38,38.28,37.52,37.56,83605
2022-09-29,688981.SH,37.51,38.1,37.51,37.78,76341
2022-10-09,688981.SH,37.77,38.57,37.7,37.72,147786
2022-10-10,688981.SH,37.68,37.99,36.2,36.83,135289
2022-10-11,688981.SH,36.6,37.5,36.46,37.47,131383
2022-10-12,688981.SH,37.47,37.47,36.8,36.84,140383
2022-10-13,688981.SH,37.2,38.24,37.05,37.86,189577
2022-10-16,688981.SH,37.54,38.53,37.53,38.41,149202
2022-10-17,688981.SH,38.59,38.62,37.97,38.1,95714
2022-10-18,688981.SH,38.11,38.39,37.8,37.83,98772
2022-10-19,688981.SH,37.77,39.1,37.7,38.67,239670
2022-10-20,688981.SH,38.48,38.59,38.11,38.31,136193
2022-10-23,688981.SH,38.3,38.8,37.48,37.49,165890
2022-10-24,688981.SH,37.48,38.4,37.2,37.6,120921
2022-10-25,688981.SH,37.6,39.83,37.46,39.06,296743
2022-10-26,688981.SH,39.03,43.18,38.8,42.13,638606
2022-10-27,688981.SH,41.79,42.47,41.05,41.55,418435
2022-10-30,688981.SH,41.6,42.95,41.6,41.71,355746
2022-10-31,688981.SH,41.55,42.1,40.88,41.72,253455
2022-11-01,688981.SH,41.51,42.82,41.31,41.81,283656
2022-11-02,688981.SH,41.7,42.5,41.5,42.05,233751
2022-11-03,688981.SH,41.9,42.39,41.51,42.15,273022
2022-11-06,688981.SH,42.06,42.45,41.84,41.88,197672
2022-11-07,688981.SH,42.1,42.18,41.01,41.36,198097
2022-11-08,688981.SH,41.13,41.54,41.11,41.15,118701
2022-11-09,688981.SH,41.2,41.38,40.15,40.3,203096
2022-11-10,688981.SH,41.2,41.45,40.67,40.71,219454
2022-11-13,688981.SH,40.79,41.68,40.71,41.4,195687
2022-11-14,688981.SH,41.4,43.1,41.35,42.79,401863
2022-11-15,688981.SH,42.79,43.58,42.44,42.48,274631
2022-11-16,688981.SH,42.2,42.8,41.82,42.66,227430
2022-11-17,688981.SH,42.63,42.87,41.8,41.81,178750
2022-11-20,688981.SH,41.69,41.89,41.4,41.58,101525
2022-11-21,688981.SH,41.57,41.93,40.94,41,159215
2022-11-22,688981.SH,41,41.39,40.7,40.77,122947
2022-11-23,688981.SH,41,41.18,40.59,40.68,99432
2022-11-24,688981.SH,40.8,41.1,40.69,40.69,103398
2022-11-27,688981.SH,40.14,40.39,40.01,40.08,111735
2022-11-28,688981.SH,40.15,41.2,40.15,40.98,155072
2022-11-29,688981.SH,41.11,41.28,40.71,40.84,97356
2022-11-30,688981.SH,41.2,41.55,40.87,40.98,159846
2022-12-01,688981.SH,40.88,41.15,40.62,40.65,109465
2022-12-04,688981.SH,40.8,41.36,40.79,41.36,191016
2022-12-05,688981.SH,41.3,42.32,41.19,41.91,235413
2022-12-06,688981.SH,42,42.15,41.61,41.92,162255
2022-12-07,688981.SH,41.96,42.07,41.5,41.9,144485
2022-12-08,688981.SH,41.98,42.27,41.85,42.16,204660
2022-12-11,688981.SH,42.13,42.38,41.66,41.95,177422
2022-12-12,688981.SH,41.9,42.12,41.72,41.8,106618
2022-12-13,688981.SH,43.96,43.96,42.56,42.57,379173
2022-12-14,688981.SH,42.46,43.2,42.25,42.77,186118
2022-12-15,688981.SH,42.5,43.18,42.18,43,200437
2022-12-18,688981.SH,42.8,43.15,41.7,41.78,151957
2022-12-19,688981.SH,41.58,42.15,41.55,41.85,99083
2022-12-20,688981.SH,41.73,41.96,41,41.29,86115
2022-12-21,688981.SH,41.55,41.65,40.99,41.07,67444
2022-12-22,688981.SH,40.9,41.33,40.83,41.06,74289
2022-12-25,688981.SH,40.9,41.54,40.9,41.43,74695
2022-12-26,688981.SH,41.39,41.61,41.15,41.48,61293
2022-12-27,688981.SH,41.43,41.52,40.89,40.9,77231
2022-12-28,688981.SH,40.67,41.27,40.67,40.89,64762
2022-12-29,688981.SH,41.01,41.35,41.01,41.14,60396
2023-01-02,688981.SH,41.08,41.56,40.99,41.54,88545
2023-01-03,688981.SH,41.6,41.93,41.55,41.92,119135
2023-01-04,688981.SH,41.8,41.91,41.6,41.87,95095
2023-01-05,688981.SH,41.87,42.2,41.62,41.68,129975
2023-01-08,688981.SH,41.8,42.05,41.43,41.53,110499
2023-01-09,688981.SH,41.6,41.78,41.49,41.56,79748
2023-01-10,688981.SH,41.48,41.78,41.17,41.18,85209
2023-01-11,688981.SH,41.18,41.33,40.8,40.82,89348
2023-01-12,688981.SH,40.93,41.3,40.9,41.3,78856
2023-01-15,688981.SH,41.21,42.3,41.1,41.92,171816
2023-01-16,688981.SH,42.13,42.45,41.91,42.1,138559
2023-01-17,688981.SH,42.15,42.24,41.94,42,80879
2023-01-18,688981.SH,41.88,42.53,41.85,42.5,130140
2023-01-19,688981.SH,42.48,42.81,42.41,42.59,121937
2023-01-29,688981.SH,42.7,43.08,42.37,42.37,201349
2023-01-30,688981.SH,42.3,42.6,41.67,41.86,154298
2023-01-31,688981.SH,41.99,43.55,41.96,43.46,313003
2023-02-01,688981.SH,43.61,43.95,43.16,43.42,258361
2023-02-02,688981.SH,43.2,43.62,42.81,43.33,156675
2023-02-05,688981.SH,43.09,43.26,42.75,43,116905
2023-02-06,688981.SH,42.91,43.18,42.91,43.18,117853
2023-02-07,688981.SH,43.2,43.4,42.62,42.62,112179
2023-02-08,688981.SH,42.5,43.6,42.45,43.6,213293
2023-02-09,688981.SH,43.09,43.64,42.86,43.07,196437
2023-02-12,688981.SH,43.08,43.43,42.8,42.98,170067
2023-02-13,688981.SH,43.01,43.47,42.83,43.03,121554
2023-02-14,688981.SH,43.03,43.1,42.73,42.86,112552
2023-02-15,688981.SH,42.88,43.19,41.8,41.98,206393
2023-02-16,688981.SH,42,42.45,41.78,41.81,156489
2023-02-19,688981.SH,41.98,42.26,41.61,42.26,108397
2023-02-20,688981.SH,42.27,42.57,42.2,42.35,97091
2023-02-21,688981.SH,42.39,42.53,42.2,42.3,73652
2023-02-22,688981.SH,42.28,42.45,42.06,42.16,71846
2023-02-23,688981.SH,42.15,42.32,41.94,41.97,81071
2023-02-26,688981.SH,41.94,42.06,41.57,41.63,90787
2023-02-27,688981.SH,41.78,42.2,41.53,42.02,132823
2023-02-28,688981.SH,41.99,42.46,41.92,42.37,137024
2023-03-01,688981.SH,42.41,42.65,42.25,42.46,114671
2023-03-02,688981.SH,42.88,43.88,42.88,43.32,310282
2023-03-05,688981.SH,43.12,43.84,42.9,43.4,215696
2023-03-06,688981.SH,43.32,43.66,42.68,42.73,175736
2023-03-07,688981.SH,42.7,42.93,42.56,42.84,108048
2023-03-08,688981.SH,42.8,43.88,42.8,43.27,235764
2023-03-09,688981.SH,43,43.67,42.73,43,199761
2023-03-12,688981.SH,43,43.74,42.56,43.6,216498
2023-03-13,688981.SH,43.65,48.88,43.38,48.01,1363550
2023-03-14,688981.SH,48.01,50.95,47.88,48.88,1275671
2023-03-15,688981.SH,48.77,50.5,48.74,49.31,951214
2023-03-16,688981.SH,50.1,52.98,49.1,52.57,1401298
2023-03-19,688981.SH,52.6,53.66,51.66,51.81,1005252
2023-03-20,688981.SH,51.81,52.66,50.95,52.11,674449
2023-03-21,688981.SH,51.95,52.5,51.36,52.3,588231
2023-03-22,688981.SH,52,53.38,50.6,52.32,908342
2023-03-23,688981.SH,52,52.1,50.69,50.8,676051
2023-03-26,688981.SH,50.5,50.77,48.89,49.5,649113
2023-03-27,688981.SH,49.75,50.12,48.71,49.1,454941
2023-03-28,688981.SH,49.19,50.32,47.98,49.36,708926
2023-03-29,688981.SH,49.02,50.19,48.8,49.08,457796
2023-03-30,688981.SH,49.1,50.65,48.91,50.11,504834
2023-04-02,688981.SH,50.33,54.6,49.87,54.58,1339896
2023-04-03,688981.SH,54.25,57.99,54.01,56.66,1674924
2023-04-05,688981.SH,57.5,61.61,57.28,59.07,1874796
2023-04-06,688981.SH,59.83,60.9,58.14,59.9,1205414
2023-04-09,688981.SH,60.3,63.54,59.6,60,1242695
2023-04-10,688981.SH,60,61.58,57.33,58.43,1090664
2023-04-11,688981.SH,57.9,60.5,57.75,59.3,751777
2023-04-12,688981.SH,58.7,59.22,57.5,58,609876
2023-04-13,688981.SH,58.67,62.3,57.38,62.26,1260910
2023-04-16,688981.SH,62.5,63.68,61.71,63,926839
2023-04-17,688981.SH,62.22,62.25,59.61,60.9,829263
2023-04-18,688981.SH,60.99,64.38,60.15,62.21,1056699
2023-04-19,688981.SH,61.84,66.5,61.84,66.48,1317248
2023-04-20,688981.SH,66.13,66.33,62.11,62.8,1002269
2023-04-23,688981.SH,62.5,64.5,60.11,63.05,846990
2023-04-24,688981.SH,63.06,64.57,60.85,61.37,872288
2023-04-25,688981.SH,60.7,61.06,56.7,58.16,1066287
2023-04-26,688981.SH,57.3,59.45,57.01,58.29,593022
2023-04-27,688981.SH,57.91,61.6,57.81,61.58,672403
2023-05-03,688981.SH,60.5,60.95,58,58.76,592898
2023-05-04,688981.SH,58.5,59.93,58.26,58.8,362074
2023-05-07,688981.SH,58.99,61.19,58.89,59.43,482318
2023-05-08,688981.SH,58.96,59.35,52.52,52.78,1482705
2023-05-09,688981.SH,52.26,53.45,51.6,52.45,585357
2023-05-10,688981.SH,53.05,53.7,52.61,52.96,336977
2023-05-11,688981.SH,54.5,56.59,53.41,53.69,738352
2023-05-14,688981.SH,53,55.3,52.42,54.87,452112
2023-05-15,688981.SH,54.81,55.3,53.88,54.25,374179
2023-05-16,688981.SH,53.93,54.95,53.71,54.2,292402
2023-05-17,688981.SH,54.38,55.55,54.33,55.1,352904
2023-05-18,688981.SH,54.82,56.36,54.82,55,353945
2023-05-21,688981.SH,55,56,54.2,54.55,257486
2023-05-22,688981.SH,54.2,54.7,52.9,52.9,315326
2023-05-23,688981.SH,52.6,52.6,48.78,49.91,852373
2023-05-24,688981.SH,50.29,50.58,49.03,50.36,406264
2023-05-25,688981.SH,50.46,52.31,50.45,51.8,414356
2023-05-28,688981.SH,52.25,53.58,51.51,52.6,398252
2023-05-29,688981.SH,52.19,53.03,52.08,52.89,265929
2023-05-30,688981.SH,52.7,54.8,52.51,54.4,434674
2023-05-31,688981.SH,53.85,55.17,53.48,54.42,305227
2023-06-01,688981.SH,54.6,54.8,52.88,53.72,238832
2023-06-04,688981.SH,54.79,56.03,54.5,55.04,428499
2023-06-05,688981.SH,55.04,55.76,53.61,53.99,293169
2023-06-06,688981.SH,54,55.16,53.71,54.67,238489
2023-06-07,688981.SH,54.6,54.6,53.18,53.56,262984
2023-06-08,688981.SH,53.79,54.18,52.81,53.53,359992
2023-06-11,688981.SH,53.49,53.83,52.38,52.87,301533
2023-06-12,688981.SH,53.09,55.91,52.82,55.4,545663
2023-06-13,688981.SH,55.63,56.27,55.06,56,424842
2023-06-14,688981.SH,55.72,56.3,54.45,54.78,371454
2023-06-15,688981.SH,54.53,55.93,54.11,55.56,350062
2023-06-18,688981.SH,55.3,56.1,54.88,55.06,316519
2023-06-19,688981.SH,54.9,55.22,51.02,52.27,778681
2023-06-20,688981.SH,52,52.5,50,50.8,478358
2023-06-25,688981.SH,50.66,51.56,49.82,50.97,325229
2023-06-26,688981.SH,50.9,51.71,50.9,51.39,194617
2023-06-27,688981.SH,51.87,52.38,50.75,51.72,283307
2023-06-28,688981.SH,51.23,51.97,50.86,51,198620
2023-06-29,688981.SH,50.75,51.52,50.45,50.52,245850
2023-07-02,688981.SH,50.67,51,49.6,51,290169
2023-07-03,688981.SH,51,52,50.63,51.41,295855
2023-07-04,688981.SH,51.25,51.4,50.71,50.98,174457
2023-07-05,688981.SH,50.89,51.05,49.89,50,232103
2023-07-06,688981.SH,49.81,50.18,49.06,49.38,283361
2023-07-09,688981.SH,49.41,49.88,49.38,49.72,119692
2023-07-10,688981.SH,49.72,50.42,49.5,50.3,196696
2023-07-11,688981.SH,50.32,50.45,48.22,48.38,383720
2023-07-12,688981.SH,48.6,49.37,48.6,49.2,250773
2023-07-13,688981.SH,49.2,50.13,49.16,49.46,183227
2023-07-16,688981.SH,49.16,49.46,48.6,48.77,165079
2023-07-17,688981.SH,49,50.75,49,49.7,278801
2023-07-18,688981.SH,49.5,49.58,48.88,49.15,160503
2023-07-19,688981.SH,49.33,49.55,49.02,49.29,130656
2023-07-20,688981.SH,49.01,49.24,48.88,49,125845
2023-07-23,688981.SH,48.88,49.51,48.84,49,113750
2023-07-24,688981.SH,49.66,49.8,49.23,49.77,179669
2023-07-25,688981.SH,49.66,50.18,49.54,50.15,161153
2023-07-26,688981.SH,50.01,50.14,49.2,49.39,163391
2023-07-27,688981.SH,49.03,50.35,48.99,50.26,186981
2023-07-30,688981.SH,50.31,51.38,50.28,51.36,259441
2023-07-31,688981.SH,51.4,51.57,50.49,50.72,181103
2023-08-01,688981.SH,50.87,51.12,50.66,50.83,108140
2023-08-02,688981.SH,50.7,51.18,50.18,50.91,120482
2023-08-03,688981.SH,51.37,51.61,51.01,51.1,171008
2023-08-06,688981.SH,51.12,51.18,49.06,49.26,324039
2023-08-07,688981.SH,49.12,49.9,48.98,49.47,161480
2023-08-08,688981.SH,49.3,49.59,48.46,48.64,179610
2023-08-09,688981.SH,48.66,49,48.34,48.47,141846
2023-08-10,688981.SH,48.85,48.95,46.91,46.92,318556
2023-08-13,688981.SH,46.58,47.36,46.3,47.34,135853
2023-08-14,688981.SH,47.47,47.75,46.91,47.52,129261
2023-08-15,688981.SH,47.5,48.09,47.3,47.55,137537
2023-08-16,688981.SH,47.3,48.25,46.71,48.15,134233
2023-08-17,688981.SH,48.78,48.86,47.87,48.01,147358
2023-08-20,688981.SH,47.9,48.59,47.63,47.68,111878
2023-08-21,688981.SH,47.87,48.97,47.6,48.82,202561
2023-08-22,688981.SH,48.54,48.99,47.76,47.89,157167
2023-08-23,688981.SH,48.13,48.94,47.78,48.62,128400
2023-08-24,688981.SH,48.4,48.64,47.69,48.3,136746
2023-08-27,688981.SH,50.72,50.98,48.52,48.55,239094
2023-08-28,688981.SH,48.61,51,48.61,51,395939
2023-08-29,688981.SH,53.98,54.54,52.32,52.94,711225
2023-08-30,688981.SH,52.6,54.79,52.3,54.24,567918
2023-08-31,688981.SH,54.38,54.68,52.76,53.68,372843
2023-09-03,688981.SH,53.9,56.9,53.27,56.9,550281
2023-09-04,688981.SH,57.36,58.66,55.15,55.63,854584
2023-09-05,688981.SH,55.16,57.4,54.81,56.83,655365
2023-09-06,688981.SH,55.88,55.88,51.96,52.12,847809
2023-09-07,688981.SH,52.06,53.24,51.41,52.5,493698
2023-09-10,688981.SH,52.58,52.92,51.66,52.06,385281
2023-09-11,688981.SH,52,52.2,51.5,51.52,240090
2023-09-12,688981.SH,51.4,51.88,50.32,50.76,300129
2023-09-13,688981.SH,50.71,51.58,50.51,50.77,231069
2023-09-14,688981.SH,50.93,52.63,50.61,51.7,439800
2023-09-17,688981.SH,51.32,51.37,48.42,49.63,471021
2023-09-18,688981.SH,49.53,50.13,49.18,49.35,219407
2023-09-19,688981.SH,49.01,49.65,48.98,49.34,123819
2023-09-20,688981.SH,49.3,49.99,49.21,49.5,150680
2023-09-21,688981.SH,49.6,51.38,49.41,51.2,282187
2023-09-24,688981.SH,51.21,51.98,50.86,51.33,215607
2023-09-25,688981.SH,51.2,51.2,50.01,50.06,186902
2023-09-26,688981.SH,50.18,51,50.07,50.66,151176
2023-09-27,688981.SH,50.7,51.42,50.25,51.15,176076
2023-10-08,688981.SH,50.8,51.48,50.3,50.72,159837
2023-10-09,688981.SH,50.73,51.65,50.73,50.83,167264
2023-10-10,688981.SH,50.9,54.29,50.5,54.2,461001
2023-10-11,688981.SH,53.75,54.19,53.01,53.69,358583
2023-10-12,688981.SH,53.17,55.88,53.06,54.56,500164
2023-10-15,688981.SH,54.3,55.1,53.05,53.1,236188
2023-10-16,688981.SH,53.1,56.34,52.7,54.4,347672
2023-10-17,688981.SH,55.84,56.73,54.48,54.57,442979
2023-10-18,688981.SH,54.13,57.28,54,56.03,752741
2023-10-19,688981.SH,55.61,58.15,55.61,57.1,707396
2023-10-22,688981.SH,56.88,57.74,55.5,56.79,483075
2023-10-23,688981.SH,56.79,57.1,53.36,55.05,480800
2023-10-24,688981.SH,56,56.82,54.68,54.68,322059
2023-10-25,688981.SH,54.2,55.6,54.1,54.89,280744
2023-10-26,688981.SH,54.58,57.5,54.4,56.98,471623
2023-10-29,688981.SH,56.74,58.98,56.67,58.3,507354
2023-10-30,688981.SH,58.38,58.38,56.88,57.25,280258
2023-10-31,688981.SH,57.14,59.08,56.78,58.21,361576
2023-11-01,688981.SH,58.5,59.11,57.13,57.31,290943
2023-11-02,688981.SH,57.45,57.99,56.81,57.86,276587
2023-11-05,688981.SH,57.89,58.4,56.96,57.3,337907
2023-11-06,688981.SH,57,57.55,56.01,57.55,307593
2023-11-07,688981.SH,57.2,59.38,57.01,58.31,466935
2023-11-08,688981.SH,58.01,58.61,56.87,57,240178
2023-11-09,688981.SH,55.55,56.18,53.93,54.39,497181
2023-11-12,688981.SH,54.56,54.88,53.63,54.24,249508
2023-11-13,688981.SH,54.22,54.88,53.96,54.65,229617
2023-11-14,688981.SH,55.02,55.19,54.32,54.32,197293
2023-11-15,688981.SH,54.01,54.2,53.25,53.42,198555
2023-11-16,688981.SH,54,54.07,53.38,53.7,153105
2023-11-19,688981.SH,53.57,54.31,53.22,53.92,195937
2023-11-20,688981.SH,53.98,54.34,53.58,53.61,156090
2023-11-21,688981.SH,53.42,53.79,52.63,52.64,167712
2023-11-22,688981.SH,52.5,53.46,52.42,53.38,142333
2023-11-23,688981.SH,53.2,54.2,53.15,54.09,182634
2023-11-26,688981.SH,54.09,54.79,53.6,54.61,229086
2023-11-27,688981.SH,54.69,54.88,54.2,54.55,153921
2023-11-28,688981.SH,54.61,54.79,53.6,53.7,141341
2023-11-29,688981.SH,53.76,54.19,53.45,53.7,107829
2023-11-30,688981.SH,53.6,54.57,52.9,54.15,178655
2023-12-03,688981.SH,54.15,54.53,53.03,53.18,165568
2023-12-04,688981.SH,53.05,53.17,52.39,52.39,143971
2023-12-05,688981.SH,52.16,52.78,51.74,51.97,182132
2023-12-06,688981.SH,51.88,52.67,51.55,52.67,232852
2023-12-07,688981.SH,52.67,52.68,51.1,52.55,381398
2023-12-10,688981.SH,52.01,53.22,51.7,53.18,219874
2023-12-11,688981.SH,53.24,54.17,52.86,54.12,209746
2023-12-12,688981.SH,54,54.56,53.7,53.75,179163
2023-12-13,688981.SH,54,54.2,53.07,53.1,123584
2023-12-14,688981.SH,53.29,54.14,53.03,53.6,121309
2023-12-17,688981.SH,53.49,53.99,53.2,53.74,100652
2023-12-18,688981.SH,53.65,54.94,53.61,54.76,204125
2023-12-19,688981.SH,54.89,55.24,54.46,54.51,144750
2023-12-20,688981.SH,54.24,54.7,53.36,54.57,144983
2023-12-21,688981.SH,54.49,55.19,54.39,54.79,151735
2023-12-24,688981.SH,54.6,55,52.85,53.01,177884
2023-12-25,688981.SH,53.01,53.23,51.8,51.85,144016
2023-12-26,688981.SH,51.83,52.29,51.18,51.91,151735
2023-12-27,688981.SH,51.7,53.45,51.68,53.13,192119
2023-12-28,688981.SH,53,53.5,52.88,53.02,126487
2024-01-01,688981.SH,53.02,53.27,52.72,52.96,134591
2024-01-02,688981.SH,52.85,53.18,52.16,52.48,128475
2024-01-03,688981.SH,52.5,52.7,51.42,51.88,148885
2024-01-04,688981.SH,51.75,52.48,50.19,50.58,194369
2024-01-07,688981.SH,50.59,50.81,48.6,49.5,224988
2024-01-08,688981.SH,49.48,49.67,47.9,48.45,204946
2024-01-09,688981.SH,48.25,48.55,47.41,47.47,149635
2024-01-10,688981.SH,47.28,48.22,47.15,47.6,178597
2024-01-11,688981.SH,47.5,47.55,45.79,45.83,229001
2024-01-14,688981.SH,45.8,46.56,45.24,45.67,159438
2024-01-15,688981.SH,45.59,46.08,44.9,45.99,173026
2024-01-16,688981.SH,45.95,45.95,44.69,44.69,132214
2024-01-17,688981.SH,44.69,45.68,43.38,45.64,276796
2024-01-18,688981.SH,45.5,46.38,45.2,45.86,196674
2024-01-21,688981.SH,45.67,46.23,44.5,44.83,260600
2024-01-22,688981.SH,44.83,45.69,44.53,44.72,203392
2024-01-23,688981.SH,44.94,45.58,43.73,45.37,208729
2024-01-24,688981.SH,45.45,47.41,45.07,47.26,255771
2024-01-25,688981.SH,46.9,47.18,46.23,46.5,180096
2024-01-28,688981.SH,46.5,47.18,44.97,45.35,168195
2024-01-29,688981.SH,44.99,45.25,43.03,43.08,236311
2024-01-30,688981.SH,43,44.19,41.85,43.29,264881
2024-01-31,688981.SH,42.8,44.1,41.77,42.68,219480
2024-02-01,688981.SH,42.78,43.25,40.68,42.13,252096
2024-02-04,688981.SH,42.26,43.55,40.32,42.97,285353
2024-02-05,688981.SH,42.71,45,42.06,44.97,292767
2024-02-06,688981.SH,44.66,44.67,42.75,42.9,442122
2024-02-07,688981.SH,43.11,44.3,43.03,44,309155
2024-02-18,688981.SH,44.6,45.07,44.11,44.82,285691
2024-02-19,688981.SH,44.55,45.03,43.9,44.45,186966
2024-02-20,688981.SH,44.26,45.8,44.15,44.99,249732
2024-02-21,688981.SH,44.95,45.71,44.61,45.14,244719
2024-02-22,688981.SH,45.26,45.44,44.6,44.98,229296
2024-02-25,688981.SH,44.65,45.55,44.34,44.92,271582
2024-02-26,688981.SH,44.82,47.58,44.55,47.32,505759
2024-02-27,688981.SH,47,47.92,45.5,45.56,451760
2024-02-28,688981.SH,45.4,49.11,45.3,48.35,569612
2024-02-29,688981.SH,48.05,48.75,47.7,48.51,395755
2024-03-03,688981.SH,48.5,48.7,47.67,48,270261
2024-03-04,688981.SH,47.76,48.4,47.59,48,285279
2024-03-05,688981.SH,48,48.05,47.01,47.59,203828
2024-03-06,688981.SH,47.65,48.45,46.8,47.09,238631
2024-03-07,688981.SH,47.11,47.76,46.6,47.4,189472
2024-03-10,688981.SH,46.86,48.23,46.5,47.99,267494
2024-03-11,688981.SH,47.86,48.5,47.68,47.88,210032
2024-03-12,688981.SH,47.97,48.88,47.6,47.85,243074
2024-03-13,688981.SH,47.51,47.81,46.62,46.7,204172
2024-03-14,688981.SH,46.6,46.84,46,46.67,161960
2024-03-17,688981.SH,46.87,48.44,46.7,47.97,298343
2024-03-18,688981.SH,47.8,47.99,47.2,47.21,172452
2024-03-19,688981.SH,47.49,48.15,47.25,47.54,153500
2024-03-20,688981.SH,47.54,48.1,47.1,47.55,195076
2024-03-21,688981.SH,47.3,47.51,45.58,45.6,292865
2024-03-24,688981.SH,45.59,45.66,44.56,44.56,214482
2024-03-25,688981.SH,44.6,45.05,44.2,44.54,154277
2024-03-26,688981.SH,44.82,44.82,43.38,43.41,159330
2024-03-27,688981.SH,43.41,44.46,43.41,44,155078
2024-03-28,688981.SH,43.93,43.98,42.9,43.66,165388
2024-03-31,688981.SH,43.66,44.63,43.58,44.3,183511
2024-04-01,688981.SH,44.28,44.3,43.65,43.95,115069
2024-04-02,688981.SH,44.98,45.24,44.08,44.24,223610
2024-04-07,688981.SH,43.7,43.71,42.5,42.51,243290
2024-04-08,688981.SH,42.37,42.88,42.25,42.7,140939
2024-04-09,688981.SH,42.7,42.98,42.1,42.18,137975
2024-04-10,688981.SH,42.1,42.6,40.5,41.19,224263
2024-04-11,688981.SH,41.02,41.45,40.31,40.33,203770
2024-04-14,688981.SH,40.33,41.55,40.01,41.19,216778
2024-04-15,688981.SH,41,41.87,40.78,41.18,185270
2024-04-16,688981.SH,41.2,41.79,40.91,41.75,181267
2024-04-17,688981.SH,41.5,41.88,41.35,41.61,165833
2024-04-18,688981.SH,41.36,41.74,40.85,41.38,137413
2024-04-21,688981.SH,41.31,41.62,40.86,41.31,109905
2024-04-22,688981.SH,41.32,41.68,41.02,41.11,109941
2024-04-23,688981.SH,41.25,41.39,40.8,41.25,151939
2024-04-24,688981.SH,41.25,41.86,40.92,41.34,143844
2024-04-25,688981.SH,41.1,42.12,41.1,42.06,220510
2024-04-28,688981.SH,42.13,43.36,42.13,43.05,237697
2024-04-29,688981.SH,43,43,41.76,41.91,233965
2024-05-05,688981.SH,42.49,43.03,42.33,42.56,220429
2024-05-06,688981.SH,42.55,42.73,42.2,42.71,129383
2024-05-07,688981.SH,42.81,42.82,42.08,42.16,111559
2024-05-08,688981.SH,42.18,43.89,42.16,43.72,312166
2024-05-09,688981.SH,43.7,43.98,42.74,42.99,257788
2024-05-12,688981.SH,42.7,43.5,42.38,43.06,155253
2024-05-13,688981.SH,43.06,43.45,42.71,42.92,135428
2024-05-14,688981.SH,42.74,42.87,41.62,41.66,211119
2024-05-15,688981.SH,42,42.5,41.8,41.82,149031
2024-05-16,688981.SH,41.83,42.32,41.56,42.3,126369
2024-05-19,688981.SH,42.4,42.88,42.2,42.57,148071
2024-05-20,688981.SH,42.62,42.63,42.03,42.11,97814
2024-05-21,688981.SH,42.15,42.45,41.84,42.27,143029
2024-05-22,688981.SH,42.18,42.2,41.08,41.17,173715
2024-05-23,688981.SH,41.13,41.35,41,41.03,101366
2024-05-26,688981.SH,41.36,43.17,41.36,43.13,374930
2024-05-27,688981.SH,43.13,43.99,42.9,43.11,349633
2024-05-28,688981.SH,42.87,43.4,42.59,42.94,168153
2024-05-29,688981.SH,43.03,45.96,42.8,45.39,688850
2024-05-30,688981.SH,45.1,45.49,44.69,44.85,314630
2024-06-02,688981.SH,44.96,46.36,44.8,45.44,393682
2024-06-03,688981.SH,45.3,45.75,44.72,45.55,240510
2024-06-04,688981.SH,45.42,47.14,45.3,46.12,395897
2024-06-05,688981.SH,47.23,47.74,46.51,46.8,530523
2024-06-06,688981.SH,46.79,47.74,46.42,47.21,361994
2024-06-10,688981.SH,47.09,49,47.05,48.94,543172
2024-06-11,688981.SH,48.7,48.7,47.59,47.9,415576
2024-06-12,688981.SH,48.18,48.85,47.11,47.2,451427
2024-06-13,688981.SH,46.9,47.09,46.08,46.49,430889
2024-06-16,688981.SH,46.4,47.99,46.3,47.77,371984
2024-06-17,688981.SH,47.88,48.8,47.76,48.13,346620
2024-06-18,688981.SH,48.1,48.29,46.88,47.53,312582
2024-06-19,688981.SH,47.45,49.91,47.37,48.8,591656
2024-06-20,688981.SH,48.34,48.78,47.47,48.75,306605
2024-06-23,688981.SH,48.6,49.76,47.18,47.26,410178
2024-06-24,688981.SH,47.04,47.39,45.26,45.54,431295
2024-06-25,688981.SH,45.95,46.78,45.42,46.47,254825
2024-06-26,688981.SH,46.17,46.45,45.58,45.71,187443
2024-06-27,688981.SH,45.52,46.42,45.51,46.1,218020
2024-06-30,688981.SH,46.18,46.42,44.93,45.81,218021
2024-07-01,688981.SH,45.7,46.05,45.31,45.46,192230
2024-07-02,688981.SH,45.55,46.74,45.01,46.26,278849
2024-07-03,688981.SH,46.1,46.87,46.03,46.16,214786
2024-07-04,688981.SH,46.02,46.67,45.21,46.64,229884
2024-07-07,688981.SH,46.55,47.3,46.35,46.7,238544
2024-07-08,688981.SH,46.55,48.56,46.55,48.16,360704
2024-07-09,688981.SH,47.88,48.3,47.7,47.99,195773
2024-07-10,688981.SH,48.47,49.22,48.11,48.27,299908
2024-07-11,688981.SH,47.9,48.83,47.42,48.64,220728
2024-07-14,688981.SH,48.68,49.36,48.65,48.94,200877
2024-07-15,688981.SH,48.7,49.28,47.93,49.2,305539
2024-07-16,688981.SH,49.08,49.1,48.36,48.36,231866
2024-07-17,688981.SH,47.33,49.1,47.06,48.75,291437
2024-07-18,688981.SH,48.5,51.35,48.34,51.2,608624
2024-07-21,688981.SH,50.9,51.45,50.65,50.98,305580
2024-07-22,688981.SH,51,51.35,49.18,49.28,334544
2024-07-23,688981.SH,49.34,49.89,48.7,48.85,245582
2024-07-24,688981.SH,48.6,49.53,48.11,48.7,206800
2024-07-25,688981.SH,48.68,49.76,48.6,49.75,180695
2024-07-28,688981.SH,49.59,49.98,46.53,46.7,369941
2024-07-29,688981.SH,46.68,47.88,46.6,47.6,221184
2024-07-30,688981.SH,47.51,49.2,47.5,49.1,207143
2024-07-31,688981.SH,48.99,49.79,48.9,49.11,161893
2024-08-01,688981.SH,48.61,49.22,48.1,48.42,193644
2024-08-04,688981.SH,47.95,48.48,47,47.29,233085
2024-08-05,688981.SH,47.7,47.96,46.3,47.27,177103
2024-08-06,688981.SH,47.4,47.56,47.1,47.22,87378
2024-08-07,688981.SH,47.01,47.9,46.76,47.48,125732
2024-08-08,688981.SH,49.5,49.81,48.47,48.49,271805
2024-08-11,688981.SH,48.35,48.98,48,48.78,144573
2024-08-12,688981.SH,48.8,49.2,48.74,49.2,142119
2024-08-13,688981.SH,49.3,49.46,48.8,48.95,130242
2024-08-14,688981.SH,48.61,49.75,48.56,49.68,185120
2024-08-15,688981.SH,49.63,49.73,49.07,49.46,118403
2024-08-18,688981.SH,49.49,49.98,49.14,49.46,106591
2024-08-19,688981.SH,49.46,49.59,48.47,48.75,142709
2024-08-20,688981.SH,48.75,48.98,47.76,47.78,142469
2024-08-21,688981.SH,47.6,47.85,46.03,46.54,234638
2024-08-22,688981.SH,46.5,47.2,46.12,47.13,130266
2024-08-25,688981.SH,47.12,47.45,46.88,47.35,89836
2024-08-26,688981.SH,47.3,47.35,46.54,46.72,110601
2024-08-27,688981.SH,46.8,47.66,46.69,47.36,92523
2024-08-28,688981.SH,47.15,47.62,46.99,47.26,106166
2024-08-29,688981.SH,46.85,48.48,46.71,48.24,215168
2024-09-01,688981.SH,48.04,48.2,46.71,46.78,152630
2024-09-02,688981.SH,46.67,47.18,45.65,46.26,170095
2024-09-03,688981.SH,45.79,46.26,45.51,45.53,121542
2024-09-04,688981.SH,45.6,46.1,45.52,45.97,96704
2024-09-05,688981.SH,46.02,46.08,45.08,45.08,103709
2024-09-08,688981.SH,44.81,45.45,44.63,44.87,91520
2024-09-09,688981.SH,44.88,45.09,43.95,44.84,124351
2024-09-10,688981.SH,44.5,44.7,42.9,43.33,211768
2024-09-11,688981.SH,43.3,43.89,42.95,42.98,135165
2024-09-12,688981.SH,43.2,43.26,42.4,42.4,141555
2024-09-17,688981.SH,42.68,43.47,42.5,43.17,154174
2024-09-18,688981.SH,43.28,44.14,43,43.74,144365
2024-09-19,688981.SH,43.72,43.99,43.28,43.86,103734
2024-09-22,688981.SH,43.98,44.05,43.37,43.43,94437
2024-09-23,688981.SH,43.73,44.79,43.37,44.77,214159
2024-09-24,688981.SH,45.05,46,44.82,44.9,247583
2024-09-25,688981.SH,45,46.49,44.77,46.36,260173
2024-09-26,688981.SH,47,50,47,49.99,298874
2024-09-29,688981.SH,53,59.99,53,59.99,1092636
2024-10-07,688981.SH,71.99,71.99,70,71.99,976652
2024-10-08,688981.SH,72.19,86.39,70.5,83.89,3475315
2024-10-09,688981.SH,85.1,86.35,70.01,75.02,2104016
2024-10-10,688981.SH,71.03,73.7,68.8,69.48,1362732
2024-10-13,688981.SH,69.48,76.5,67.77,75.6,1364157
2024-10-14,688981.SH,74.99,81.53,73.48,74.18,1404021
2024-10-15,688981.SH,71.14,76.76,70.88,74.09,854294
2024-10-16,688981.SH,77,77.64,74.02,75.12,882099
2024-10-17,688981.SH,75.8,90.14,74.44,90.14,2093876
2024-10-20,688981.SH,94,107.76,91.9,97.48,2794293
2024-10-21,688981.SH,94.99,99.04,92.89,96.04,1859135
2024-10-22,688981.SH,93.04,95.5,91.54,92.31,1383956
2024-10-23,688981.SH,91.45,96.47,91.17,94.56,1125060
2024-10-24,688981.SH,94.56,98.66,92.52,93.7,1106464
2024-10-27,688981.SH,93,93.98,92,93.1,725668
2024-10-28,688981.SH,92.78,96.55,92.29,92.3,1132671
2024-10-29,688981.SH,91.79,92.78,84.85,85.82,1608709
2024-10-30,688981.SH,85.48,88.94,83.7,86.93,1166113
2024-10-31,688981.SH,85.19,88.25,84.81,84.81,883510
2024-11-03,688981.SH,84.63,87.19,84.18,86.81,576583
2024-11-04,688981.SH,87.48,96,87.01,95.8,1453833
2024-11-05,688981.SH,97,99.97,93.33,96.04,1417986
2024-11-06,688981.SH,94.2,105,94.01,101.89,1262530
2024-11-07,688981.SH,107.3,109.5,100,100.3,1609571
2024-11-10,688981.SH,104.6,108.3,100.62,104.98,1380690
2024-11-11,688981.SH,102.6,104.87,100,101.11,1088668
2024-11-12,688981.SH,99.9,100.9,97.88,99.14,807595
2024-11-13,688981.SH,99.13,102,96.61,96.87,761941
2024-11-14,688981.SH,96.87,98.7,94.9,94.91,710667
2024-11-17,688981.SH,95.7,97.5,91.37,92.3,828974
2024-11-18,688981.SH,92.1,95.39,90.22,94.9,831597
2024-11-19,688981.SH,94,94.57,92.6,93.28,585075
2024-11-20,688981.SH,93,94.9,92.5,93.5,561971
2024-11-21,688981.SH,94.7,95.5,88.55,88.77,792401
2024-11-24,688981.SH,88.76,88.77,84.52,86.16,769059
2024-11-25,688981.SH,85.97,86.66,85.03,85.1,353635
2024-11-26,688981.SH,84.65,89.04,83.13,88,774305
2024-11-27,688981.SH,88.2,90.3,86.83,87.08,611101
2024-11-28,688981.SH,86.83,93.45,85.64,90.1,879404
2024-12-01,688981.SH,89.9,90.69,88.01,89.49,640108
2024-12-02,688981.SH,89.67,90.35,86.03,87.23,586760
2024-12-03,688981.SH,90.53,91,87.25,87.67,681067
2024-12-04,688981.SH,86.2,88.26,86.14,87,395957
2024-12-05,688981.SH,86.5,89.69,86.3,88.93,540441
2024-12-08,688981.SH,88.06,88.75,85.99,86.78,424113
2024-12-09,688981.SH,91.49,91.99,87.79,88,696681
2024-12-10,688981.SH,87.11,88.33,86.5,86.82,400654
2024-12-11,688981.SH,87.16,88.2,85.69,87.17,444898
2024-12-12,688981.SH,86.81,86.81,82.85,82.99,820032
2024-12-15,688981.SH,82.3,83.2,81.21,81.5,476296
2024-12-16,688981.SH,81.35,83.1,81.31,82.19,406622
2024-12-17,688981.SH,82.82,83.95,82.09,83.4,484000
2024-12-18,688981.SH,82.3,86.53,81.88,85.44,673992
2024-12-19,688981.SH,85.07,98.8,85.07,94.28,1767703
2024-12-22,688981.SH,93.69,99.2,93.6,95.18,1456756
2024-12-23,688981.SH,95.99,97.34,92.99,96.86,912045
2024-12-24,688981.SH,96.48,99.8,96.38,97.99,985329
2024-12-25,688981.SH,98,98.88,96.15,96.73,711046
2024-12-26,688981.SH,96.78,102.37,96.49,97.51,1144716
2024-12-29,688981.SH,96.6,100.53,96,99.29,906573
2024-12-30,688981.SH,99,99.58,94.59,94.62,878238
2025-01-01,688981.SH,93.81,95.09,88.5,89.96,849711
2025-01-02,688981.SH,90.1,91.13,87.53,88.31,612890
2025-01-05,688981.SH,88.84,89.6,85.72,86.94,438313
2025-01-06,688981.SH,87.1,90.75,86,90.6,672148
2025-01-07,688981.SH,88.88,91.28,85.99,88.82,687907
2025-01-08,688981.SH,88.4,93.33,88.1,91.32,724165
2025-01-09,688981.SH,90.85,96.68,90.85,93.18,899889
2025-01-12,688981.SH,91,95.86,89.88,95.02,680256
2025-01-13,688981.SH,96.95,99.58,94.45,98.77,928881
2025-01-14,688981.SH,97.5,102.29,97.3,99.55,776592
2025-01-15,688981.SH,102.18,104.46,96.6,96.6,1034775
2025-01-16,688981.SH,96.51,104.77,96.51,102.7,1094032
2025-01-19,688981.SH,102.98,103,100.3,101.05,596673
2025-01-20,688981.SH,101.5,104.35,101.1,101.84,744353
2025-01-21,688981.SH,101.3,103.22,99.5,100.24,616412
2025-01-22,688981.SH,102.8,103.87,96.7,96.84,868506
2025-01-23,688981.SH,97.16,98.62,96.77,97.85,471983
2025-01-26,688981.SH,98.38,98.39,93.9,93.94,528446
2025-02-04,688981.SH,100.16,102.84,99.44,101.37,977568
2025-02-05,688981.SH,100.11,106.43,99.66,104.43,893970
2025-02-06,688981.SH,104.42,105.27,100.08,102.53,932541
2025-02-09,688981.SH,102.8,104.52,101.01,103.85,668563
2025-02-10,688981.SH,103.6,103.7,100.36,100.86,544490
2025-02-11,688981.SH,101.5,104.44,99.41,104.32,975860
2025-02-12,688981.SH,104.77,104.96,100.89,101.11,690646
2025-02-13,688981.SH,99.96,100.87,98.16,99.08,567135
2025-02-16,688981.SH,99.3,102.45,99.3,101,580942
2025-02-17,688981.SH,101.01,101.27,98.17,98.28,505462
2025-02-18,688981.SH,97.95,102.58,97.91,101.94,700747
2025-02-19,688981.SH,101,101.4,98.88,99.21,564940
2025-02-20,688981.SH,99.6,105.92,99.6,103.98,1233868
2025-02-23,688981.SH,103,106.86,102,103.4,747225
2025-02-24,688981.SH,100.88,103.94,100.11,101.28,711722
2025-02-25,688981.SH,102.86,105.5,100.06,104,889911
2025-02-26,688981.SH,103.13,105.21,100.44,102.44,697908
2025-02-27,688981.SH,101,101.59,97.67,97.79,678408
2025-03-02,688981.SH,96.99,98.1,95.18,96,498787
2025-03-03,688981.SH,95,99.07,94.61,97.28,444694
2025-03-04,688981.SH,97.3,98.2,96.16,97.57,350973
2025-03-05,688981.SH,98.85,100.3,98.37,98.66,567567
2025-03-06,688981.SH,97.6,98.55,96.52,96.88,393987
2025-03-09,688981.SH,96.39,97.29,95.01,95.66,384519
2025-03-10,688981.SH,94,96.32,93.8,96.12,306263
2025-03-11,688981.SH,96.5,97.05,95.71,95.9,286390
2025-03-12,688981.SH,95.39,96.08,92.1,92.98,442011
2025-03-13,688981.SH,92.98,95.61,92.5,94.81,401376
2025-03-16,688981.SH,94.89,94.91,93.16,93.37,312052
2025-03-17,688981.SH,93.99,95.8,93.9,94.1,298666
2025-03-18,688981.SH,93.9,94.57,93.5,93.75,233190
2025-03-19,688981.SH,93.8,94.29,93,93.27,272040
2025-03-20,688981.SH,92.98,92.98,90.9,91.2,365399
2025-03-23,688981.SH,91.5,91.68,89.81,91.45,296545
2025-03-24,688981.SH,91.45,91.45,89.25,89.87,283382
2025-03-25,688981.SH,90.2,91.2,89.82,90,194908
2025-03-26,688981.SH,90,93.78,89.37,92.47,457297
2025-03-27,688981.SH,91.54,92.48,90.35,90.4,274409
2025-03-30,688981.SH,90.39,91.7,88.36,89.33,268205
2025-03-31,688981.SH,89.5,89.75,86.19,86.5,411913
2025-04-01,688981.SH,86.38,87.45,85.72,86.85,240567
2025-04-02,688981.SH,85.97,89.2,85.9,88.09,302774
2025-04-06,688981.SH,84.5,86.88,77.8,84,853684
2025-04-07,688981.SH,84,85.88,83,85,538169
2025-04-08,688981.SH,84.03,91.58,83.17,90.18,746014
2025-04-09,688981.SH,92.02,92.18,89.82,90.95,522287
2025-04-10,688981.SH,90.86,95.48,90.2,92.9,713434
2025-04-13,688981.SH,93.5,93.54,91.69,92,376119
2025-04-14,688981.SH,91.8,91.8,89.68,90.39,278523
2025-04-15,688981.SH,91,92,89.87,92,279251
2025-04-16,688981.SH,91.3,92.38,91,91.8,228970
2025-04-17,688981.SH,91.49,91.88,90.53,91.35,138480
2025-04-20,688981.SH,91.34,91.75,90.13,90.51,232215
2025-04-21,688981.SH,90.5,90.88,89.75,90.01,217505
2025-04-22,688981.SH,90.15,90.72,89.85,90.07,211848
2025-04-23,688981.SH,90.15,90.2,88.5,89.1,208815
2025-04-24,688981.SH,89.1,89.55,88.03,88.42,230068
2025-04-27,688981.SH,88.42,89.09,88,88.23,144467
2025-04-28,688981.SH,88.02,88.52,87.8,88,131109
2025-04-29,688981.SH,88.23,89.41,88.01,89.05,201831
2025-05-05,688981.SH,89.4,90.35,89.25,89.9,238587
2025-05-06,688981.SH,91.46,91.66,89.73,90.5,263420
2025-05-07,688981.SH,90.09,90.09,89.31,89.98,232452
2025-05-08,688981.SH,87,87.82,85.72,85.83,583010
2025-05-11,688981.SH,85.9,86.32,84.16,86.32,368373
2025-05-12,688981.SH,87.2,87.3,85.38,85.52,241259
2025-05-13,688981.SH,85.58,86.75,85.28,86.06,231899
2025-05-14,688981.SH,85.8,85.98,84.35,84.42,215519
2025-05-15,688981.SH,84.16,84.78,83.88,84.7,170394
2025-05-18,688981.SH,84.71,85.28,83.72,85.01,164122
2025-05-19,688981.SH,85.4,85.82,85,85.04,154838
2025-05-20,688981.SH,84.79,85.15,84,84.07,198406
2025-05-21,688981.SH,84,84.68,83.71,83.81,133474
2025-05-22,688981.SH,83.8,84.24,82.89,82.9,185620
2025-05-25,688981.SH,83.42,84.68,83.41,84.02,223781
2025-05-26,688981.SH,84,84.23,82.95,83,144056
2025-05-27,688981.SH,83.14,83.24,82,82.01,157667
2025-05-28,688981.SH,82.05,83.49,81.9,83.44,192956
2025-05-29,688981.SH,83.01,83.1,81.94,82.09,145772
2025-06-02,688981.SH,82.2,82.78,81.37,82.47,141137
2025-06-03,688981.SH,82.6,83.32,82.26,83.18,137134
2025-06-04,688981.SH,83.49,84.87,83.03,84.39,247592
2025-06-05,688981.SH,84.33,85,83.78,84.56,186347
2025-06-08,688981.SH,84.15,85.08,84.1,84.43,192275
2025-06-09,688981.SH,84.49,84.49,82.02,82.32,254439
2025-06-10,688981.SH,82.46,83.36,82.29,82.91,154359
2025-06-11,688981.SH,82.5,82.88,82.06,82.27,145370
2025-06-12,688981.SH,82,83.1,81.71,82.79,226217
2025-06-15,688981.SH,82.3,83.07,82.28,82.96,125096
2025-06-16,688981.SH,82.98,83.13,82.02,82.4,137647
2025-06-17,688981.SH,82.23,82.67,81.66,82.01,149121
2025-06-18,688981.SH,82,82.88,81.51,81.65,177290
2025-06-19,688981.SH,81.73,82.59,81.22,81.28,166914
2025-06-22,688981.SH,81.03,85.3,80.9,84.25,453871
2025-06-23,688981.SH,84.25,85.37,84.09,85.15,309367
2025-06-24,688981.SH,85,88.53,85,88.39,557190
2025-06-25,688981.SH,88.39,89.98,87.2,87.28,386565
2025-06-26,688981.SH,87.58,88.15,86.7,86.88,261659
2025-06-29,688981.SH,88.18,89.63,87.79,88.17,343528
2025-06-30,688981.SH,88,88.85,87.65,87.76,216888
2025-07-01,688981.SH,87.5,87.73,85.81,86.1,225573
2025-07-02,688981.SH,86.38,86.73,85.78,86.24,146150
2025-07-03,688981.SH,86,87.2,84.86,85.8,252257
2025-07-06,688981.SH,85.69,86.86,85.37,85.48,135349
2025-07-07,688981.SH,85.49,86.85,85.18,86.74,217668
2025-07-08,688981.SH,86.65,86.86,85.52,85.85,183102
2025-07-09,688981.SH,85.61,86.17,85.5,85.67,175639
2025-07-10,688981.SH,85.7,89.34,85.4,88.16,469922
2025-07-13,688981.SH,88.3,88.49,87.47,87.52,189831
2025-07-14,688981.SH,87.15,87.95,86.61,87.89,206173
2025-07-15,688981.SH,87.73,88.2,86.77,87.12,196709
2025-07-16,688981.SH,87.06,89,86.32,88.79,287922
2025-07-17,688981.SH,88.75,89.13,87.93,88.51,219960
2025-07-20,688981.SH,88.45,89.52,88.04,89.02,222719
2025-07-21,688981.SH,88.7,90.55,88.5,89.08,297421
2025-07-22,688981.SH,88.9,90.19,88.3,89.39,316549
2025-07-23,688981.SH,89.1,92.9,89,91.75,522325
2025-07-24,688981.SH,91.74,93.68,90.99,93.47,442125
2025-07-27,688981.SH,93.64,93.69,91.96,92.18,342640
2025-07-28,688981.SH,92,92.63,90.81,92.17,294142
2025-07-29,688981.SH,91.7,91.83,89.74,90.36,310019
2025-07-30,688981.SH,90.32,92.75,89.46,89.5,461989
2025-07-31,688981.SH,89.2,90.33,88.02,88.29,274140
2025-08-03,688981.SH,87.95,90.63,87.88,90.07,286058
2025-08-04,688981.SH,89.85,90.58,89.58,90,195679
2025-08-05,688981.SH,89.86,91,89.53,90.78,267798
2025-08-06,688981.SH,90.7,91.7,89.75,90.59,315260
2025-08-07,688981.SH,88,88.5,86.66,86.66,584731
2025-08-10,688981.SH,86.69,87.18,86.22,86.96,279193
2025-08-11,688981.SH,86.95,90.1,86.42,88.52,551552
2025-08-12,688981.SH,88.01,89.23,88,88.66,384304
2025-08-13,688981.SH,88.69,92.58,88.69,89.46,741492
2025-08-14,688981.SH,89,93.3,88.48,91.84,690499
2025-08-17,688981.SH,93.5,95.17,91.36,92.31,833423
2025-08-18,688981.SH,91.67,92.48,89.35,89.35,744652
2025-08-19,688981.SH,89.4,92.49,88.19,92.28,858746
2025-08-20,688981.SH,92.3,94.11,90.8,91.05,606826
2025-08-21,688981.SH,92.5,105,92.42,103.97,2061948
2025-08-24,688981.SH,106,109.24,101.1,103.17,1760637
2025-08-25,688981.SH,101,102.57,100.13,100.93,856074
2025-08-26,688981.SH,102.2,106.69,100.59,101.51,1422621
2025-08-27,688981.SH,102,119.22,101.99,119.22,2420325
2025-08-28,688981.SH,114,116,112.26,114.76,1639670
2025-09-08,688981.SH,102,108.65,101.2,102.99,1574696
2025-09-09,688981.SH,103,105.96,102.13,103.91,1039926
2025-09-10,688981.SH,102.62,112.8,99.98,110.28,1467502
2025-09-11,688981.SH,109.28,112.49,108.01,108.42,1159022
2025-09-14,688981.SH,110.55,112.55,107.5,108.66,946836
2025-09-15,688981.SH,109,111.86,108.09,109.78,866259
2025-09-16,688981.SH,110.8,120.8,109.8,117.39,1528476
2025-09-17,688981.SH,119.98,127.49,116.35,122.15,1931568
2025-09-18,688981.SH,123,127.4,120.11,121.34,1449106
2025-09-21,688981.SH,120.54,129.83,119.05,128.92,1588281
2025-09-22,688981.SH,127.64,129.33,122.63,128.51,1441274
2025-09-23,688981.SH,126.88,137.98,126.23,134.98,1460948
2025-09-24,688981.SH,133,137.8,132.31,134.11,1032583
2025-09-25,688981.SH,132.71,135.95,131.2,132.27,912445
2025-09-28,688981.SH,131,136.02,129.16,136.02,1027207
2025-09-29,688981.SH,138.5,142,136.6,140.13,986229
2025-10-08,688981.SH,144,153,137,138.91,1662841
2025-10-09,688981.SH,134.87,134.94,127.17,127.95,1617421
2025-10-12,688981.SH,126,136.48,126,136.47,1402995
2025-10-13,688981.SH,136.96,137.8,125.8,127.2,1321004
2025-10-14,688981.SH,127.18,129.73,124.6,129.56,807987
2025-10-15,688981.SH,127.8,130.28,126.6,127.3,612311
2025-10-16,688981.SH,126.85,127.32,120.87,121.98,820529
2025-10-19,688981.SH,124.1,125.18,121.69,122.63,571239
2025-10-20,688981.SH,123.8,127.85,122.61,127.19,784151
2025-10-21,688981.SH,125.42,129.27,123.81,126.81,653954
2025-10-22,688981.SH,125.18,128.5,124.01,128.3,634264
2025-10-23,688981.SH,130.3,134.8,128.9,134.06,1024466
2025-10-26,688981.SH,137.5,137.5,132.3,134.5,1012643
2025-10-27,688981.SH,133,135.8,132,132.69,695189
2025-10-28,688981.SH,132,134.53,130.31,133,688461
2025-10-29,688981.SH,133,133,128.51,128.55,692864
2025-10-30,688981.SH,128.03,128.7,124.18,124.18,691669
2025-11-02,688981.SH,122,122.6,117.55,120.21,747709
2025-11-03,688981.SH,121,122.66,119,119.88,477384
2025-11-04,688981.SH,116.9,121.1,116.5,119.78,485016
2025-11-05,688981.SH,121.9,125.99,121.05,124.85,731508
2025-11-06,688981.SH,122.93,124.18,122.05,122.11,382292
2025-11-09,688981.SH,122.13,122.95,118.76,120.01,395833
2025-11-10,688981.SH,120.6,121.47,117.53,117.73,342530
2025-11-11,688981.SH,117,119.8,115.74,119.63,457016
2025-11-12,688981.SH,118.99,123.33,117.8,123.1,549889
2025-11-13,688981.SH,123,125.5,117.89,118.18,775294
2025-11-16,688981.SH,116.82,119.29,116.51,117.63,421773
2025-11-17,688981.SH,117.5,120.18,117.13,117.96,473915
2025-11-18,688981.SH,117.99,118.49,115.51,116.28,415120
2025-11-19,688981.SH,117.99,118.29,116.46,116.78,344703
2025-11-20,688981.SH,113.86,116.08,113,113,461359
2025-11-23,688981.SH,112.99,113.5,108.18,111.51,557909
2025-11-24,688981.SH,112.5,113.96,111.37,111.68,407224
2025-11-25,688981.SH,110.7,113.9,110.61,112.71,419554
2025-11-26,688981.SH,113.8,116.8,112.56,112.71,523431
2025-11-27,688981.SH,112.71,114.11,111.4,113.6,308664
2025-11-30,688981.SH,113.4,114.68,112.6,114.4,327640
2025-12-01,688981.SH,114.1,114.19,112.7,113,237772
2025-12-02,688981.SH,112.8,113.69,111.13,111.62,245414
2025-12-03,688981.SH,111.65,114.73,110.98,114.73,387552
2025-12-04,688981.SH,114,114.88,112.5,114.18,352654
2025-12-07,688981.SH,114.21,118,114.18,117.2,508360
2025-12-08,688981.SH,115.58,117.9,115.51,116.32,371384
2025-12-09,688981.SH,115.58,116.59,113.44,116.31,315715
2025-12-10,688981.SH,116.53,117.14,113.5,113.61,303109
2025-12-11,688981.SH,113.61,117.42,111.6,116.8,584998
2025-12-14,688981.SH,115.15,116.5,113,113.01,342417
2025-12-15,688981.SH,112.5,113.35,110.27,110.7,323380
2025-12-16,688981.SH,110.82,113.9,110.13,113.29,343893
2025-12-17,688981.SH,112.8,115.72,112.75,112.8,314700
2025-12-18,688981.SH,113.2,115.48,113,113.63,272613
2025-12-21,688981.SH,114.6,121.44,114.6,120.45,810114
2025-12-22,688981.SH,120.5,121.58,119.02,119.9,483601
2025-12-23,688981.SH,122.5,124.38,121.11,123.41,629561
2025-12-24,688981.SH,123,125.99,122.66,123.08,471810
2025-12-25,688981.SH,122.58,124.79,121.16,122.1,402398
2025-12-28,688981.SH,123,125.65,122.02,122.5,506832
2025-12-29,688981.SH,124.45,126.69,124,125.28,604958
2025-12-30,688981.SH,125.99,126.2,122.4,122.83,411587
2026-01-04,688981.SH,126.84,130.17,126.2,129.95,911394
2026-01-05,688981.SH,129,134.2,128.77,131.84,730697
2026-01-06,688981.SH,131.84,132.82,128.85,129.98,598041
2026-01-07,688981.SH,128.95,134.68,128.91,130.15,616919
2026-01-08,688981.SH,129.15,130.01,127.77,128.88,511275
2026-01-11,688981.SH,128.52,129.62,126.68,127.66,563936
2026-01-12,688981.SH,127.49,128.15,122.86,123.63,652073
2026-01-13,688981.SH,123.51,127.6,123.5,124.49,649684
2026-01-14,688981.SH,123.49,125.5,122.33,124.44,556604
2026-01-15,688981.SH,127.5,128.82,124.88,126.99,756513
2026-01-18,688981.SH,127.05,128.5,125.12,125.29,477537
2026-01-19,688981.SH,125,125.5,121.81,122.18,508694
2026-01-20,688981.SH,120.93,128.89,120.58,127.19,970525
2026-01-21,688981.SH,128.98,130.82,125.57,126.8,648095
2026-01-22,688981.SH,126.8,127.37,124.03,124.96,490631
2026-01-25,688981.SH,124.01,125.88,121.9,121.92,502567
2026-01-26,688981.SH,122,125.74,119.22,124.05,655262
2026-01-27,688981.SH,124.99,128.99,124.99,128.55,994583
2026-01-28,688981.SH,127.6,127.81,122.16,122.4,715649
2026-01-29,688981.SH,121.33,124.94,120.07,122.97,527719
2026-02-01,688981.SH,121.4,122.59,116.8,117.06,596691
2026-02-02,688981.SH,118.69,118.84,113.46,116.03,561770
2026-02-03,688981.SH,114.5,114.99,113.15,114.84,351393
2026-02-04,688981.SH,112.99,114.5,110.39,111.8,446448
2026-02-05,688981.SH,110.14,114.6,110.14,112.7,408227
2026-02-08,688981.SH,114.8,115.07,113.7,114.93,321018
2026-02-09,688981.SH,115.2,116.9,114.85,116.2,340437
2026-02-10,688981.SH,114,116.14,113.5,115.01,345337
2026-02-11,688981.SH,115.55,117.18,115.11,116.58,333623
2026-02-12,688981.SH,116.23,117.98,115.56,116.93,343687
2026-02-23,688981.SH,118.03,118.18,115.62,115.82,276156
2026-02-24,688981.SH,117,117.5,115.85,116.13,275529
2026-02-25,688981.SH,116.13,117.23,114.29,116.65,327022
2026-02-26,688981.SH,115.03,115.87,114.32,115,279309
2026-03-01,688981.SH,112.88,114.2,112.3,112.53,349785
2026-03-02,688981.SH,113.23,114.75,107.69,108.31,540987
2026-03-03,688981.SH,107.32,109.7,106.12,106.69,322750
2026-03-04,688981.SH,108.6,109.26,106.09,106.9,353532
2026-03-05,688981.SH,107,108.34,106.17,106.5,340486
2026-03-08,688981.SH,103.97,105.79,101.63,105.14,393560
2026-03-09,688981.SH,106.9,107.75,105.7,107.28,318322
2026-03-10,688981.SH,107.23,108.8,107,107.1,279983
2026-03-11,688981.SH,107,108.55,104.95,106.01,288820
2026-03-12,688981.SH,105.02,107.83,104.5,107.06,341633
2026-03-15,688981.SH,106.31,110.32,105.5,108.6,422555
2026-03-16,688981.SH,108.54,108.58,105.99,106.02,295718
2026-03-17,688981.SH,105.78,106.88,105.25,106.6,263346
2026-03-18,688981.SH,105.01,107.69,104.51,105.96,378656
2026-03-19,688981.SH,105.2,105.72,102.18,102.18,381295
2026-03-22,688981.SH,100.01,101.99,97.4,98.04,506671
2026-03-23,688981.SH,98.9,99.37,97.25,99.25,336803
2026-03-24,688981.SH,99.67,100.94,99.28,99.99,321306
2026-03-25,688981.SH,99.55,99.7,96.55,96.88,313199
2026-03-26,688981.SH,96,98.39,95.87,97.5,280875
2026-03-29,688981.SH,95.8,96.19,94,95.83,328870
2026-03-30,688981.SH,95.8,97.4,94,94.05,293839
2026-03-31,688981.SH,96.4,96.7,94.81,96.33,325648
2026-04-01,688981.SH,95.5,95.79,92.51,93.2,293828
2026-04-02,688981.SH,93.41,93.94,91.76,91.78,216462
2026-04-06,688981.SH,91.5,96.99,91.2,95.62,458242
2026-04-07,688981.SH,99.02,101.54,99.02,101.18,544697
2026-04-08,688981.SH,99.4,101.2,99.2,99.72,310717
2026-04-09,688981.SH,101,102.79,100.68,101.01,406305
2026-04-12,688981.SH,99.85,102.8,99.72,100.64,351885
2026-04-13,688981.SH,102.1,102.28,100.38,101.52,370911
2026-04-14,688981.SH,102.05,106.1,101.8,103.91,704839
2026-04-15,688981.SH,103.5,105,103,104.18,393721
2026-04-16,688981.SH,103.82,107.3,103.27,105.23,503755
2026-04-19,688981.SH,105.93,108.6,105.01,107.96,547703
2026-04-20,688981.SH,107.33,108.15,105.68,107.46,372584
2026-04-21,688981.SH,106.8,108.08,106.5,107.87,375217
2026-04-22,688981.SH,108.88,109.12,105.2,105.98,441491
2026-04-23,688981.SH,105.58,113.25,104.61,110.96,910704
2026-04-26,688981.SH,113.25,117.69,112.6,116.58,970296
2026-04-27,688981.SH,115.24,117.64,113.02,114,625007
2026-04-28,688981.SH,113.35,113.82,109.78,112.47,514883
2026-04-29,688981.SH,113.31,119.88,113.3,118.73,1018383
2026-05-05,688981.SH,122,128.12,121.74,123.1,1292941
2026-05-06,688981.SH,125.11,127.48,122.22,125.34,842774
2026-05-07,688981.SH,122.9,123.19,120.05,120.31,708618
2026-05-10,688981.SH,122.99,124.57,121.9,122.52,814860
2026-05-11,688981.SH,124.44,125.44,120,121.98,817732
2026-05-12,688981.SH,119,122.5,116.04,121.86,954951
2026-05-13,688981.SH,121.92,124.04,117,117.9,790650
2026-05-14,688981.SH,121,125,118.48,119.02,1328101
2026-05-17,688981.SH,117.4,120.34,115.6,117.62,748969
2026-05-18,688981.SH,116.16,118.88,112.68,118.82,840270
2026-05-19,688981.SH,118,136.63,117.5,133.81,2248801
2026-05-20,688981.SH,134,137.63,127.1,127.22,1546777
2026-05-21,688981.SH,129.33,132.18,126.5,131.33,1199478
2026-05-24,688981.SH,136,157.6,136,156,2521802
2026-05-25,688981.SH,150.73,154.44,145.5,149.18,1799242
2026-05-26,688981.SH,150,153.52,145,146.22,1234984
2026-05-27,688981.SH,146,159.05,146,153.7,1608232
2026-05-28,688981.SH,150.92,152.38,138.49,139.91,1536813
2026-05-31,688981.SH,139.76,140.8,132.04,132.44,1008849
2026-06-01,688981.SH,132.98,135.5,129.3,132.48,923688
2026-06-02,688981.SH,132,138.75,131.85,134,992127
2026-06-03,688981.SH,131,137.57,130,134.88,778527
2026-06-04,688981.SH,131,134.75,126.7,127.4,934574
2026-06-07,688981.SH,120,124.28,120,121.92,781226
2026-06-08,688981.SH,123.5,128.03,120.89,127.3,769663
2026-06-09,688981.SH,125,131.18,124.5,125.34,669094
2026-06-10,688981.SH,124,129.08,123.01,127.4,626276
2026-06-11,688981.SH,131.64,134.87,124.37,124.88,817437
2026-06-14,688981.SH,128.59,131,124.89,130.52,728604
2026-06-15,688981.SH,131,134.34,127.93,130.14,745583
2026-06-16,688981.SH,127.91,134.88,126.68,134.7,963562
2026-06-17,688981.SH,136.11,144.63,132.88,140.7,1244937
2026-06-21,688981.SH,140.78,148,140,145.59,1060961
2026-06-22,688981.SH,143.58,148.3,139.6,141.7,918201
2026-06-23,688981.SH,141.5,156.35,141.32,151.53,1411624
2026-06-24,688981.SH,152,158.66,151,156.86,1186102
2026-06-25,688981.SH,153.7,156.22,146.5,148.76,1076155
2026-06-28,688981.SH,147.8,152.99,141,151,1027401
2026-06-29,688981.SH,152.05,160.66,150,158.82,1066795
2026-06-30,688981.SH,160.19,166.88,152.31,154.48,1146777
2026-07-01,688981.SH,146.5,151.69,141.26,144.1,949024
2026-07-02,688981.SH,144.89,146.45,140.2,140.31,770412
2026-07-05,688981.SH,143.4,147.86,135.26,143.99,896631
2026-07-06,688981.SH,142,149.51,140.16,145.42,689117
2026-07-07,688981.SH,148,156.98,142.6,152.1,1000253
2026-07-08,688981.SH,153.68,174.51,152.1,173,1446296
2026-07-09,688981.SH,173,176.34,162.58,163.02,1127089
2026-07-12,688981.SH,160.01,172.44,160.01,163.58,1081333
2026-07-13,688981.SH,165.66,166.88,150.2,160.99,1162794
2026-07-14,688981.SH,160,162.78,150.25,153.64,834883
2026-07-15,688981.SH,146,160.47,145.99,151.8,842586
2026-07-16,688981.SH,150.01,155.51,139.02,139.88,1029520
2026-07-19,688981.SH,145,147.47,138.11,144,939425
2026-07-20,688981.SH,148,161.4,140.58,160,1139808
2026-07-21,688981.SH,156,160.4,153.38,155.59,799705
2026-07-22,688981.SH,157,157.49,143.56,145.09,748152
2026-07-23,688981.SH,145.31,148.6,142.56,143.73,477433
2026-07-26,688981.SH,145.69,146.05,136.81,143.77,536378
2026-07-27,688981.SH,141.68,146.5,134.58,136.7,658066
2026-07-28,688981.SH,138.31,138.88,128,130.9,683856
2026-07-29,688981.SH,128.68,130.79,121.82,122.99,799846
2026-07-30,688981.SH,134,134.99,123.69,123.99,773130
2026-08-02,688981.SH,123,123.41,116,116.5,654376
2026-08-03,688981.SH,116.7,122.5,115.21,121.1,644307
2026-08-04,688981.SH,121,127.55,120.36,125.45,663329
2026-08-05,688981.SH,122,126.99,121.88,124.15,518881
2026-08-06,688981.SH,123.36,128.5,123.13,128.5,601908
2026-08-09,688981.SH,128.49,128.66,124.11,126.25,427654
2026-08-10,688981.SH,124.85,128.43,124.5,125.41,371760
2026-08-11,688981.SH,126,128.5,124.51,127.96,438380
2026-08-12,688981.SH,129,134.5,129,129.44,666294
2026-08-13,688981.SH,133.99,135.36,129.67,132.87,774497
2026-08-16,688981.SH,132,137.42,130.8,136.76,680113
2026-08-17,688981.SH,136,137.48,132.47,134.98,574241
2026-08-18,688981.SH,130.87,131.56,126.01,128.01,665954
2026-08-19,688981.SH,128.8,129.28,124.79,125.5,401270
2026-08-20,688981.SH,124.32,126.86,124.2,124.8,305664
2026-08-23,688981.SH,124.5,124.78,118.3,120.58,476717
2026-08-24,688981.SH,118.58,121.64,117.88,120,310643
2026-08-25,688981.SH,120.5,124.6,120.22,124.15,401081
2026-08-26,688981.SH,124.05,126.78,123.51,126.33,343777
2026-08-27,688981.SH,126.33,128.47,125.5,125.88,296693
2026-08-30,688981.SH,123,129.89,122.75,128.7,372780
2026-08-31,688981.SH,128,128.12,125.46,126.11,235781
2026-09-01,688981.SH,124.58,124.58,122,122.55,285453
2026-09-02,688981.SH,123.77,124.86,122.9,123.87,221538
2026-09-03,688981.SH,124.98,125.75,120.55,121.14,312718
2026-09-06,688981.SH,122.5,125.3,122.22,124.12,313148
2026-09-07,688981.SH,124.25,124.44,121.5,121.52,277642
2026-09-08,688981.SH,122.12,122.96,120.06,120.51,218576
2026-09-09,688981.SH,120,120.37,118.9,119.18,191519
2026-09-10,688981.SH,118,118.4,115.8,117.41,351651
2026-09-13,688981.SH,116.8,116.8,113.96,114.07,277147
2026-09-14,688981.SH,113.61,117.37,113.6,114.86,255207
2026-09-15,688981.SH,114.86,120.99,114.6,120.9,394365
2026-09-16,688981.SH,119.5,120.77,117.9,118.62,245086
2026-09-17,688981.SH,120.78,123.43,119.93,122,387220
2026-09-20,688981.SH,122.6,123.94,120.96,122.01,258705
2026-09-21,688981.SH,124.1,125.61,121.82,122.41,321425
2026-09-22,688981.SH,122.4,122.41,120.8,121.39,183422
2026-09-23,688981.SH,121.1,121.39,119.63,119.98,186610
2026-09-27,688981.SH,119.51,119.62,115.29,116.56,269354
2026-09-28,688981.SH,116.57,117.8,116.26,117.51,183806
2026-09-29,688981.SH,117.77,118.18,111.29,111.99,428746
2022-08-16,300308.SZ,33.43,33.92,32.98,33.62,125840
2022-08-17,300308.SZ,33.4,34.83,33.28,34.5,174925
2022-08-18,300308.SZ,34.5,35.17,33.45,33.45,122885
2022-08-21,300308.SZ,33.38,33.43,32.5,33.08,105915
2022-08-22,300308.SZ,33,33.09,32.52,32.87,75978
2022-08-23,300308.SZ,32.71,32.8,30.7,30.8,188462
2022-08-24,300308.SZ,31,31.12,29.96,30.32,144804
2022-08-25,300308.SZ,30.38,30.86,29.97,30.13,122343
2022-08-28,300308.SZ,29.6,30.1,29.37,29.88,98625
2022-08-29,300308.SZ,29.99,30.14,29.54,29.95,85439
2022-08-30,300308.SZ,29.56,29.93,29.01,29.32,117635
2022-08-31,300308.SZ,29.05,29.39,28.52,28.66,187099
2022-09-01,300308.SZ,28.74,29.49,28.7,29.23,140329
2022-09-04,300308.SZ,29.23,29.48,28.8,29.25,91337
2022-09-05,300308.SZ,29.4,29.64,29.18,29.57,94523
2022-09-06,300308.SZ,29.63,30.17,29.31,29.78,118562
2022-09-07,300308.SZ,29.8,29.88,29.26,29.31,82215
2022-09-08,300308.SZ,29.31,29.53,29.17,29.33,65255
2022-09-12,300308.SZ,29.47,29.72,28.94,29.02,72924
2022-09-13,300308.SZ,28.56,28.99,28.36,28.62,67927
2022-09-14,300308.SZ,28.74,28.8,26.82,27,167888
2022-09-15,300308.SZ,27.18,27.18,26.28,26.33,103769
2022-09-18,300308.SZ,26.5,26.98,26.08,26.83,96404
2022-09-19,300308.SZ,26.9,27.15,26.7,26.95,75455
2022-09-20,300308.SZ,26.98,27.12,26.4,26.92,57454
2022-09-21,300308.SZ,26.77,27.05,26.68,26.85,52537
2022-09-22,300308.SZ,26.95,27.43,26.03,27.1,133931
2022-09-25,300308.SZ,26.8,27.12,26.67,26.72,89846
2022-09-26,300308.SZ,26.62,27.7,26.51,27.56,82442
2022-09-27,300308.SZ,27.38,27.66,26.92,26.96,72422
2022-09-28,300308.SZ,27.24,27.48,26.66,26.8,69782
2022-09-29,300308.SZ,26.52,26.88,26.05,26.08,55341
2022-10-09,300308.SZ,26.08,26.25,25.36,25.39,74738
2022-10-10,300308.SZ,26.41,26.85,26.08,26.55,120438
2022-10-11,300308.SZ,26.54,27.34,26.27,27.22,131483
2022-10-12,300308.SZ,27.26,27.92,27.08,27.35,114833
2022-10-13,300308.SZ,27.59,28.09,27.5,27.72,101542
2022-10-16,300308.SZ,27.48,27.93,27.37,27.88,80396
2022-10-17,300308.SZ,28.05,28.48,27.58,28.21,129476
2022-10-18,300308.SZ,27.99,28.97,27.95,28.26,143056
2022-10-19,300308.SZ,28.11,28.75,27.78,28.26,101468
2022-10-20,300308.SZ,28.3,28.64,28.09,28.18,77550
2022-10-23,300308.SZ,28.2,28.76,27.5,27.91,123236
2022-10-24,300308.SZ,27.46,28.08,27.14,27.74,85605
2022-10-25,300308.SZ,27.8,28.78,27.61,28.71,106139
2022-10-26,300308.SZ,30.01,30.32,29.18,29.37,257930
2022-10-27,300308.SZ,29.1,29.81,28.83,29.12,123840
2022-10-30,300308.SZ,29.4,29.54,28.12,29.28,263736
2022-10-31,300308.SZ,28.67,29.7,28.67,29.6,220442
2022-11-01,300308.SZ,29.5,29.76,29.38,29.49,116168
2022-11-02,300308.SZ,29.4,30.15,29.23,29.66,117144
2022-11-03,300308.SZ,29.7,30.4,29.63,30.28,159268
2022-11-06,300308.SZ,30.23,30.4,29.9,30.09,113900
2022-11-07,300308.SZ,29.9,30.15,29.7,29.9,79857
2022-11-08,300308.SZ,29.91,29.95,29.33,29.46,83321
2022-11-09,300308.SZ,29.22,29.65,29.1,29.15,59914
2022-11-10,300308.SZ,29.74,30.24,29.19,29.27,110100
2022-11-13,300308.SZ,29.27,29.5,28.7,28.97,88653
2022-11-14,300308.SZ,28.6,29.99,28.6,29.88,127907
2022-11-15,300308.SZ,29.83,30.56,29.8,29.91,93149
2022-11-16,300308.SZ,30,30.18,29.58,30.11,65167
2022-11-17,300308.SZ,30,30.34,29.76,29.91,82677
2022-11-20,300308.SZ,29.7,29.99,29.21,29.7,79404
2022-11-21,300308.SZ,29.66,29.92,29.28,29.45,79961
2022-11-22,300308.SZ,29.35,29.49,28.68,29.14,94827
2022-11-23,300308.SZ,29.14,29.63,28.9,29.06,58732
2022-11-24,300308.SZ,29.05,29.05,28.54,28.58,50572
2022-11-27,300308.SZ,28,28.38,27.8,28.12,74259
2022-11-28,300308.SZ,28.09,29.2,28.09,29,92541
2022-11-29,300308.SZ,28.99,29.04,28.52,28.63,60805
2022-11-30,300308.SZ,28.8,29.15,28.37,28.45,91548
2022-12-01,300308.SZ,28.45,28.9,28.41,28.61,65265
2022-12-04,300308.SZ,28.85,28.95,28.5,28.68,63691
2022-12-05,300308.SZ,28.56,28.88,28.5,28.58,46519
2022-12-06,300308.SZ,28.49,28.58,27.89,28.12,91285
2022-12-07,300308.SZ,28.03,28.47,27.83,28.16,75695
2022-12-08,300308.SZ,28.11,28.27,27.72,28.18,97800
2022-12-11,300308.SZ,28.1,28.8,27.96,28.59,78423
2022-12-12,300308.SZ,28.42,29.06,28.32,28.71,83572
2022-12-13,300308.SZ,28.62,29.85,28.61,28.89,101765
2022-12-14,300308.SZ,28.69,29.13,28.46,28.6,62080
2022-12-15,300308.SZ,28.46,28.64,27.55,28.05,83021
2022-12-18,300308.SZ,27.99,28.25,27.51,27.6,55033
2022-12-19,300308.SZ,27.6,27.73,27.19,27.41,41952
2022-12-20,300308.SZ,27.41,27.46,26.8,27.08,47698
2022-12-21,300308.SZ,27.19,27.23,26.55,26.58,62048
2022-12-22,300308.SZ,26.46,26.7,26.03,26.33,59051
2022-12-25,300308.SZ,26.3,26.77,26.3,26.56,47846
2022-12-26,300308.SZ,26.74,27.16,26.57,26.95,64547
2022-12-27,300308.SZ,26.87,26.92,26.52,26.68,41412
2022-12-28,300308.SZ,26.43,27.52,26.37,27.14,88130
2022-12-29,300308.SZ,27.08,27.47,26.94,27.03,57798
2023-01-02,300308.SZ,27.2,28.57,26.88,28.3,113000
2023-01-03,300308.SZ,28.21,28.86,28.1,28.68,74769
2023-01-04,300308.SZ,28.56,28.79,28.42,28.67,67242
2023-01-05,300308.SZ,28.68,28.68,28.28,28.42,68781
2023-01-08,300308.SZ,28.54,28.54,27.98,28.2,69137
2023-01-09,300308.SZ,28.2,28.35,28.02,28.25,38061
2023-01-10,300308.SZ,28.35,28.35,27.92,27.96,41759
2023-01-11,300308.SZ,28.01,28.27,27.83,28.11,41389
2023-01-12,300308.SZ,28.11,28.19,27.7,27.82,49455
2023-01-15,300308.SZ,27.87,28.5,27.71,28.21,58294
2023-01-16,300308.SZ,28.3,28.56,28.17,28.32,48470
2023-01-17,300308.SZ,28.32,28.86,28.11,28.7,60343
2023-01-18,300308.SZ,28.7,28.94,28.56,28.86,46517
2023-01-19,300308.SZ,28.96,29.29,28.73,28.99,57322
2023-01-29,300308.SZ,29.4,29.45,28.82,28.91,72234
2023-01-30,300308.SZ,29.5,29.97,29.08,29.1,123894
2023-01-31,300308.SZ,30,30.3,29.22,29.83,125566
2023-02-01,300308.SZ,30.1,30.67,29.75,30.35,156886
2023-02-02,300308.SZ,30.38,31.7,30.3,31.56,217365
2023-02-05,300308.SZ,31.93,32.3,31.35,32.04,213555
2023-02-06,300308.SZ,32.57,34.61,32.5,33.83,398733
2023-02-07,300308.SZ,34.21,34.89,33,33.1,206069
2023-02-08,300308.SZ,33,35.46,32.25,35.18,368725
2023-02-09,300308.SZ,35.2,36.88,34.35,34.95,468958
2023-02-12,300308.SZ,35.29,36.38,34.83,35.98,335379
2023-02-13,300308.SZ,35.58,36.45,34.79,35.15,281984
2023-02-14,300308.SZ,34.86,36.65,34.6,35.78,340292
2023-02-15,300308.SZ,35.53,36.6,34.7,35.04,253962
2023-02-16,300308.SZ,34.83,34.89,33.17,33.35,284333
2023-02-19,300308.SZ,33.4,34.28,33.3,34.2,177241
2023-02-20,300308.SZ,34.2,34.41,33.53,33.72,115232
2023-02-21,300308.SZ,33.57,34.33,33.38,33.7,109891
2023-02-22,300308.SZ,33.55,33.94,33.35,33.5,76059
2023-02-23,300308.SZ,33.77,35.38,33.77,34.87,262287
2023-02-26,300308.SZ,34.76,35.27,34.39,34.58,123274
2023-02-27,300308.SZ,35.88,36.78,35.01,35.5,279870
2023-02-28,300308.SZ,35.51,36.5,35.3,35.91,267576
2023-03-01,300308.SZ,35.8,37.77,35.66,36.62,316350
2023-03-02,300308.SZ,35.67,36.34,35.08,35.43,273963
2023-03-05,300308.SZ,35.25,36.48,35.25,35.57,193422
2023-03-06,300308.SZ,35.31,35.8,34.37,34.41,184152
2023-03-07,300308.SZ,34.5,34.97,34,34.63,146436
2023-03-08,300308.SZ,34.31,34.92,33.98,34.43,116466
2023-03-09,300308.SZ,34.05,35.1,33.96,34.32,141098
2023-03-12,300308.SZ,34.21,35.17,33.74,34.76,173620
2023-03-13,300308.SZ,34.43,35.35,33.55,33.55,234818
2023-03-14,300308.SZ,33.86,34.18,32.72,32.86,183571
2023-03-15,300308.SZ,32.63,33.23,32.36,32.63,118812
2023-03-16,300308.SZ,32.88,35.45,32.8,34.61,270241
2023-03-19,300308.SZ,34.65,37.38,34.62,35.82,405273
2023-03-20,300308.SZ,36,37.2,35.12,36.83,278905
2023-03-21,300308.SZ,36.95,44.2,36.95,44.2,777000
2023-03-22,300308.SZ,45.76,51.5,45.25,50,924590
2023-03-23,300308.SZ,51.15,52.82,49.32,52.23,858604
2023-03-26,300308.SZ,51,57.04,50.8,56.04,799712
2023-03-27,300308.SZ,54.7,56.05,53.3,53.81,586153
2023-03-28,300308.SZ,54,57.78,53.88,55.55,646732
2023-03-29,300308.SZ,55.08,56.49,52,55,530936
2023-03-30,300308.SZ,54.61,60.2,53.61,58.9,609150
2023-04-02,300308.SZ,60.6,68.55,59.6,67.24,767535
2023-04-03,300308.SZ,66.08,69.75,65.01,67.1,556282
2023-04-05,300308.SZ,66.99,73.31,65.61,67,690544
2023-04-06,300308.SZ,67.71,71.7,66.51,70.5,494901
2023-04-09,300308.SZ,71,77.88,67.87,70.18,601379
2023-04-10,300308.SZ,69.05,72,65.98,68.3,552441
2023-04-11,300308.SZ,66.91,69.66,65,68.57,482323
2023-04-12,300308.SZ,70.66,71.98,63.8,64.73,579238
2023-04-13,300308.SZ,65.57,67.23,63.77,66.51,473816
2023-04-16,300308.SZ,65.3,66.26,63.86,64.68,319455
2023-04-17,300308.SZ,65.02,77.62,64.4,74.48,798156
2023-04-18,300308.SZ,74.48,78.52,74,75.62,645767
2023-04-19,300308.SZ,76.58,82,76.01,81,616850
2023-04-20,300308.SZ,79.99,81.37,77,78.19,472219
2023-04-23,300308.SZ,80.57,89.16,80.56,85.41,645325
2023-04-24,300308.SZ,83.19,86.88,78.6,80.89,653017
2023-04-25,300308.SZ,81.91,85.53,78.38,79.45,664904
2023-04-26,300308.SZ,75.75,82.5,75.31,78.49,598639
2023-04-27,300308.SZ,79.56,91.11,78.83,90,662410
2023-05-03,300308.SZ,86.5,87.8,81.68,85.2,576000
2023-05-04,300308.SZ,86.08,87.56,75.88,78.39,591266
2023-05-07,300308.SZ,78.2,81.63,74.01,77.44,482677
2023-05-08,300308.SZ,77.55,84.8,77.55,81.94,473712
2023-05-09,300308.SZ,83.37,84.69,74.17,75.8,535088
2023-05-10,300308.SZ,75.56,76.8,72.2,72.54,440698
2023-05-11,300308.SZ,72.45,76.79,72.05,75.83,430434
2023-05-14,300308.SZ,77,79.87,72.49,79.6,465991
2023-05-15,300308.SZ,79.16,79.79,75.93,76.82,394401
2023-05-16,300308.SZ,77,82.52,76.02,79.01,434806
2023-05-17,300308.SZ,88.5,94.81,85.55,94.81,561366
2023-05-18,300308.SZ,96.01,99.59,90.81,93.55,785144
2023-05-21,300308.SZ,93.55,93.88,87.36,89.89,480796
2023-05-22,300308.SZ,90.25,92.42,86.97,87.2,529941
2023-05-23,300308.SZ,85.3,92.21,85.08,87.67,571798
2023-05-24,300308.SZ,95.88,99.89,90,93.18,765341
2023-05-25,300308.SZ,93.26,99.35,91.3,91.45,609410
2023-05-28,300308.SZ,94.38,102.38,94.01,96,624194
2023-05-29,300308.SZ,98.75,110,96.13,109,646267
2023-05-30,300308.SZ,106.03,108.09,102.3,107.5,460506
2023-05-31,300308.SZ,105,110.99,104,108.04,383390
2023-06-01,300308.SZ,111.15,112.8,104.21,106.7,288436
2023-06-04,300308.SZ,105,115.38,105,111.2,388505
2023-06-05,300308.SZ,112,113.5,106.18,107.31,320564
2023-06-06,300308.SZ,107.1,111.1,105.53,108.11,284178
2023-06-07,300308.SZ,106.1,109.59,103.27,106.72,343757
2023-06-08,300308.SZ,106.7,118.5,103.5,115.2,579818
2023-06-11,300308.SZ,115.2,122.64,114,121.5,401497
2023-06-12,300308.SZ,120,123.98,118.04,121.55,279625
2023-06-13,300308.SZ,124,134.56,121.7,129.55,409320
2023-06-14,300308.SZ,133.9,139.88,132,134.79,440665
2023-06-15,300308.SZ,136.35,156.5,132.64,155,458447
2023-06-18,300308.SZ,158.09,164.8,153.46,160.01,491894
2023-06-19,300308.SZ,160.01,170,156.1,170,452094
2023-06-20,300308.SZ,165.66,166,157.05,159.9,473777
2023-06-25,300308.SZ,156.56,158,145.24,148,622281
2023-06-26,300308.SZ,147.44,149.89,144.99,147.2,366486
2023-06-27,300308.SZ,139.01,145.5,132.96,141.98,474849
2023-06-28,300308.SZ,144,149.8,143.5,148.01,461718
2023-06-29,300308.SZ,145,154.58,144.02,147.45,486622
2023-07-02,300308.SZ,147.78,148.6,138.89,146,413579
2023-07-03,300308.SZ,146.51,150.33,145,146.52,310201
2023-07-04,300308.SZ,146.01,146.52,138.72,138.96,341397
2023-07-05,300308.SZ,138.78,145.56,137.7,139.8,323412
2023-07-06,300308.SZ,144.59,150.62,136.23,146.99,507938
2023-07-09,300308.SZ,145.22,146.89,137.04,143.6,419946
2023-07-10,300308.SZ,145.98,148.8,142.58,148.5,345456
2023-07-11,300308.SZ,149.5,152,138.79,138.79,465962
2023-07-12,300308.SZ,141.84,154.7,141.84,154.2,536983
2023-07-13,300308.SZ,156.66,159.6,151.11,155.39,539874
2023-07-16,300308.SZ,154.1,164.95,153.93,157.71,405983
2023-07-17,300308.SZ,160.08,160.5,149.99,151.29,311922
2023-07-18,300308.SZ,154,155.96,148.92,149,221403
2023-07-19,300308.SZ,147.5,148.4,129.55,130,671198
2023-07-20,300308.SZ,130.01,131.73,125.71,130.24,527382
2023-07-23,300308.SZ,130.16,135.93,128.88,131,393842
2023-07-24,300308.SZ,133.16,140.98,130.01,134.25,447119
2023-07-25,300308.SZ,134.42,135.58,127.03,129.04,400397
2023-07-26,300308.SZ,127.1,131.1,126.11,127.9,253277
2023-07-27,300308.SZ,126.63,131.19,124.6,126.9,341067
2023-07-30,300308.SZ,124.08,131.45,124,128,372555
2023-07-31,300308.SZ,128,135.99,127.66,134.8,484146
2023-08-01,300308.SZ,134,135.99,130.52,133.8,264234
2023-08-02,300308.SZ,130.38,135.49,128.33,130.51,301570
2023-08-03,300308.SZ,130.03,141.03,129.51,139.95,458229
2023-08-06,300308.SZ,141,146.66,138.88,141.75,413930
2023-08-07,300308.SZ,141.75,144.43,134.5,134.51,303276
2023-08-08,300308.SZ,134.18,136.15,126.61,126.84,417352
2023-08-09,300308.SZ,124.06,127.19,122.01,124.01,314116
2023-08-10,300308.SZ,125.43,127.14,121.98,121.98,209528
2023-08-13,300308.SZ,122.7,123.52,120.31,123.52,299863
2023-08-14,300308.SZ,129,129.88,121.01,121.9,425348
2023-08-15,300308.SZ,120.02,123.3,118.11,121.01,313831
2023-08-16,300308.SZ,118.8,124.2,117.18,122.25,320164
2023-08-17,300308.SZ,121.5,122.5,115.51,115.51,315174
2023-08-20,300308.SZ,116.33,120.55,115.3,117.87,255052
2023-08-21,300308.SZ,122.1,126.55,118.15,126,465006
2023-08-22,300308.SZ,123.48,123.49,118.1,119,286357
2023-08-23,300308.SZ,124,126,119.33,121,409584
2023-08-24,300308.SZ,113.33,115.14,106.01,106.95,580820
2023-08-27,300308.SZ,114,116.06,110.1,111.5,487689
2023-08-28,300308.SZ,113,121,109.53,115.19,439491
2023-08-29,300308.SZ,116.1,119.59,113.38,116,313843
2023-08-30,300308.SZ,114,116.34,113.75,114.62,193111
2023-08-31,300308.SZ,113.9,115.29,110.85,112.15,209959
2023-09-03,300308.SZ,112.96,113.48,110.75,112.35,165719
2023-09-04,300308.SZ,111.9,111.9,108.12,109.01,214383
2023-09-05,300308.SZ,109.12,110.95,106.8,109.7,198480
2023-09-06,300308.SZ,109.1,110.75,106.11,106.31,239296
2023-09-07,300308.SZ,103.57,107.2,102,105.25,287886
2023-09-10,300308.SZ,106.25,112.99,104.52,109.2,379722
2023-09-11,300308.SZ,108.08,111.88,107.55,109.92,244787
2023-09-12,300308.SZ,109.45,110.9,105.36,106.67,180589
2023-09-13,300308.SZ,107.17,108.31,102.5,102.65,246306
2023-09-14,300308.SZ,103.39,104.16,97.41,98.68,363809
2023-09-17,300308.SZ,99,99.59,94.72,95.5,296946
2023-09-18,300308.SZ,96.4,99.26,93.69,96.5,265244
2023-09-19,300308.SZ,96.49,100.9,96,97.15,275470
2023-09-20,300308.SZ,96.5,100.32,96.21,97.37,239776
2023-09-21,300308.SZ,97.97,112.92,97.5,111.08,647611
2023-09-24,300308.SZ,111.08,111.9,106.8,107.5,410389
2023-09-25,300308.SZ,109.95,115.77,109.3,111.8,442133
2023-09-26,300308.SZ,111.25,116.2,111.25,114.07,276082
2023-09-27,300308.SZ,117.88,119.33,114.02,115.8,306391
2023-10-08,300308.SZ,115.43,116.98,107.51,111.06,442494
2023-10-09,300308.SZ,110.37,112.72,107.98,109.45,255412
2023-10-10,300308.SZ,110.55,113.77,107.66,109.73,254655
2023-10-11,300308.SZ,111,111.42,105.63,106.67,218266
2023-10-12,300308.SZ,105.8,106.37,100.9,102.37,294906
2023-10-15,300308.SZ,101.35,102.78,99.38,100.01,222840
2023-10-16,300308.SZ,101.12,103.5,97.88,100.56,238039
2023-10-17,300308.SZ,96.61,98.11,93.22,97.45,345664
2023-10-18,300308.SZ,96.77,97.51,94.23,94.64,221355
2023-10-19,300308.SZ,96.98,97.17,93.76,94.07,250655
2023-10-22,300308.SZ,97.17,99.16,93.7,96.1,390850
2023-10-23,300308.SZ,98.2,101.8,94.52,95.8,580028
2023-10-24,300308.SZ,91.46,95.64,87.8,88.01,579931
2023-10-25,300308.SZ,88.66,90.75,87.61,89.9,349972
2023-10-26,300308.SZ,89.01,90.28,87.42,89.41,272731
2023-10-29,300308.SZ,89.37,90.8,87.5,89.82,273032
2023-10-30,300308.SZ,90.2,90.61,85.91,87.75,277602
2023-10-31,300308.SZ,87.2,88.6,85.05,85.22,226990
2023-11-01,300308.SZ,86.54,89.33,85.9,85.93,273153
2023-11-02,300308.SZ,86.5,91.16,86.5,88.65,383210
2023-11-05,300308.SZ,90.44,91.91,89,91.42,374255
2023-11-06,300308.SZ,90.89,104,90.28,99.2,563865
2023-11-07,300308.SZ,97.1,98.57,95.71,96.65,356276
2023-11-08,300308.SZ,99,103.17,98.3,100.99,399700
2023-11-09,300308.SZ,100.5,105.2,100,101.54,313228
2023-11-12,300308.SZ,105.8,108.51,103.8,104.9,378875
2023-11-13,300308.SZ,104.91,107.64,102.55,105.01,275454
2023-11-14,300308.SZ,108,108,100.13,104,308091
2023-11-15,300308.SZ,102,103.9,100.01,100.04,236171
2023-11-16,300308.SZ,100.09,107,100.09,105.59,316933
2023-11-19,300308.SZ,103.65,105.57,100.58,102.35,326041
2023-11-20,300308.SZ,103.88,107.3,103.09,103.57,292441
2023-11-21,300308.SZ,102,102.5,97.3,97.36,367765
2023-11-22,300308.SZ,96.89,98.5,95.8,98.14,206942
2023-11-23,300308.SZ,97.31,97.77,93.86,94.4,200773
2023-11-26,300308.SZ,94.01,99.17,94,97.88,278191
2023-11-27,300308.SZ,96.5,97.09,94.06,94.75,161032
2023-11-28,300308.SZ,94.92,95.8,93.45,94.74,159551
2023-11-29,300308.SZ,94.1,95.35,93.58,94.92,151676
2023-11-30,300308.SZ,94.89,101.54,93.14,100,410446
2023-12-03,300308.SZ,100.52,105,100.1,102.78,354377
2023-12-04,300308.SZ,101.88,103.99,100.51,100.8,270608
2023-12-05,300308.SZ,100,101.5,98.8,100.68,177177
2023-12-06,300308.SZ,102.6,105.5,100.22,104.37,323807
2023-12-07,300308.SZ,107.86,119.9,106.03,117.5,628438
2023-12-10,300308.SZ,117.24,121,114.22,120.15,443290
2023-12-11,300308.SZ,120.12,121.5,112,114.96,438344
2023-12-12,300308.SZ,114.15,115.99,113.13,113.4,205264
2023-12-13,300308.SZ,115,116.88,112.1,112.81,238962
2023-12-14,300308.SZ,113.38,114.3,108.56,110.05,201303
2023-12-17,300308.SZ,109.12,115.5,108.51,113.39,274000
2023-12-18,300308.SZ,114.13,114.89,109.99,113.19,199868
2023-12-19,300308.SZ,113.2,113.56,107.55,109.3,238898
2023-12-20,300308.SZ,108.21,117.9,107.44,114.19,298798
2023-12-21,300308.SZ,112.68,114.66,109.38,110.39,238635
2023-12-24,300308.SZ,111.11,113.28,107.68,111.25,152210
2023-12-25,300308.SZ,110.59,111.38,105.61,106.96,195585
2023-12-26,300308.SZ,107.58,109.01,106.61,107.13,133511
2023-12-27,300308.SZ,106.88,110.2,106.4,109.01,199079
2023-12-28,300308.SZ,109.11,115.93,109.08,112.91,241047
2024-01-01,300308.SZ,112.85,114.78,110.53,110.61,147911
2024-01-02,300308.SZ,109.11,109.99,104.89,104.99,221087
2024-01-03,300308.SZ,104.7,105.67,102.36,104,166507
2024-01-04,300308.SZ,103.62,104.5,99.2,100.03,175521
2024-01-07,300308.SZ,99.8,101.11,97.82,98.8,132630
2024-01-08,300308.SZ,101.78,103.53,100.5,101.32,200011
2024-01-09,300308.SZ,101.33,102.71,98.3,100,138602
2024-01-10,300308.SZ,100,104.48,99.91,103.39,192897
2024-01-11,300308.SZ,102.63,102.98,99.56,100.56,138420
2024-01-14,300308.SZ,99.36,103.6,99.36,101.88,126476
2024-01-15,300308.SZ,100.89,101.26,98.4,100.29,169026
2024-01-16,300308.SZ,100.66,102.84,99.02,99.02,191932
2024-01-17,300308.SZ,97.04,109.95,96.83,109.83,370998
2024-01-18,300308.SZ,112.3,113.58,110.39,111,318973
2024-01-21,300308.SZ,116,116.5,110.99,111.6,327150
2024-01-22,300308.SZ,111.99,117.26,110.84,114,297570
2024-01-23,300308.SZ,113.65,114.18,108.98,113.7,269552
2024-01-24,300308.SZ,112.48,119.2,111.42,118.35,297010
2024-01-25,300308.SZ,117.99,118,113.8,115.96,232150
2024-01-28,300308.SZ,113.65,113.65,96.7,103.82,426559
2024-01-29,300308.SZ,103,105.8,100.73,101.2,213968
2024-01-30,300308.SZ,100.02,107.89,98.75,102.8,282995
2024-01-31,300308.SZ,103.79,116,101.55,111.05,351116
2024-02-01,300308.SZ,111.88,113.88,107.7,109.85,279578
2024-02-04,300308.SZ,108,117.43,107.87,112,365547
2024-02-05,300308.SZ,110.66,124.88,109.8,124.88,354969
2024-02-06,300308.SZ,123.1,125.99,121.59,124.61,270580
2024-02-07,300308.SZ,127.5,137,124.8,127,355918
2024-02-18,300308.SZ,138,152.4,133.86,152.4,415891
2024-02-19,300308.SZ,153,162.99,151,159.5,448372
2024-02-20,300308.SZ,152,154.03,147.3,149.96,451416
2024-02-21,300308.SZ,158.05,159.64,149.47,154.51,419515
2024-02-22,300308.SZ,160,161,147.05,147.73,490341
2024-02-25,300308.SZ,142.03,151.41,142.03,149.03,332927
2024-02-26,300308.SZ,147.46,164.7,146.02,161.94,451323
2024-02-27,300308.SZ,161,162.9,149.81,149.81,401106
2024-02-28,300308.SZ,153,158.8,151,155.16,368094
2024-02-29,300308.SZ,156.03,163.52,156.03,161.1,378207
2024-03-03,300308.SZ,166.11,170.66,160.11,165.66,405035
2024-03-04,300308.SZ,163.3,179.9,162.62,169.16,469234
2024-03-05,300308.SZ,167,170.2,162.84,167.28,304080
2024-03-06,300308.SZ,170,174.77,164,164.14,303689
2024-03-07,300308.SZ,168.87,176.93,164.65,174.99,364538
2024-03-10,300308.SZ,167.03,170.97,164.28,170.6,341617
2024-03-11,300308.SZ,169.8,171.59,159.77,164.85,361905
2024-03-12,300308.SZ,171.41,171.88,164.89,165,317684
2024-03-13,300308.SZ,162,172,162,169.53,311017
2024-03-14,300308.SZ,167,180.4,165.59,177.36,389742
2024-03-17,300308.SZ,178.75,186.08,177.59,179.99,329936
2024-03-18,300308.SZ,173.31,176.65,171.45,173.81,332772
2024-03-19,300308.SZ,172,175.66,166,168.96,321580
2024-03-20,300308.SZ,169.24,172.66,166.33,167.68,253273
2024-03-21,300308.SZ,168,170.52,166.36,167.68,226153
2024-03-24,300308.SZ,167.96,171.88,164,166.51,223357
2024-03-25,300308.SZ,165.51,172.78,150,158.5,465246
2024-03-26,300308.SZ,160.78,161.97,152.76,154.2,290856
2024-03-27,300308.SZ,155.01,159.88,151.13,154.69,263309
2024-03-28,300308.SZ,153.1,157,151.85,156.56,167220
2024-03-31,300308.SZ,157.79,163.88,155.77,163,217931
2024-04-01,300308.SZ,162,166,160.03,162.55,194556
2024-04-02,300308.SZ,159,160.55,155.63,156.1,166304
2024-04-07,300308.SZ,155.6,169.3,155.6,164.56,259243
2024-04-08,300308.SZ,164,165.98,160.23,164.9,170383
2024-04-09,300308.SZ,162.27,164.88,157,159.5,168491
2024-04-10,300308.SZ,161,164.58,159.79,160.15,148863
2024-04-11,300308.SZ,164,174.3,163.5,169.33,307351
2024-04-14,300308.SZ,167.79,172.54,166.56,169.5,179396
2024-04-15,300308.SZ,167.3,172.5,163.05,166.36,187935
2024-04-16,300308.SZ,168.33,176.05,166,174.61,214536
2024-04-17,300308.SZ,170.66,176.3,168.2,173.38,164135
2024-04-18,300308.SZ,172.15,175.24,163.9,170.7,214528
2024-04-21,300308.SZ,155,159.99,150.88,158.36,349183
2024-04-22,300308.SZ,158.97,161.86,154.47,157.51,240667
2024-04-23,300308.SZ,159.77,169,157.86,168.27,276107
2024-04-24,300308.SZ,164.9,167.83,163.28,164.15,166718
2024-04-25,300308.SZ,170.99,187.98,170.6,184.86,406578
2024-04-28,300308.SZ,187.96,190,185.52,187.7,249760
2024-04-29,300308.SZ,187.5,192.88,186.1,186.31,165901
2024-05-05,300308.SZ,191,192.61,182.85,183.22,198702
2024-05-06,300308.SZ,187.78,188.72,172.1,176.79,308644
2024-05-07,300308.SZ,175.5,177.93,173.5,174.8,160688
2024-05-08,300308.SZ,173.9,174.6,168.22,173.18,182080
2024-05-09,300308.SZ,170.8,172.68,166.68,171.2,153239
2024-05-12,300308.SZ,172.5,176,170.46,171.55,166640
2024-05-13,300308.SZ,171.86,173,164.69,165.43,214661
2024-05-14,300308.SZ,165.01,171.21,164.5,166.77,154121
2024-05-15,300308.SZ,171.98,174.58,170,170.5,232075
2024-05-16,300308.SZ,167.8,173.31,164.23,170.58,199081
2024-05-19,300308.SZ,169,178.85,166.5,176.86,242249
2024-05-20,300308.SZ,176.66,180.3,175.75,177.43,133052
2024-05-21,300308.SZ,176,176.88,172.72,173.17,139400
2024-05-22,300308.SZ,178,179.67,168.88,173.79,221645
2024-05-23,300308.SZ,172,179.74,164.98,165.39,273666
2024-05-26,300308.SZ,166.11,170.89,165,168.39,166951
2024-05-27,300308.SZ,167,167.39,160.1,161.01,247346
2024-05-28,300308.SZ,165,166,160.47,161,157898
2024-05-29,300308.SZ,161.1,162.9,158.66,159.97,109585
2024-05-30,300308.SZ,157,162.68,154.54,157.27,149536
2024-06-02,300308.SZ,161,171.71,159.33,168.35,285076
2024-06-03,300308.SZ,170,174.99,169.4,173,204402
2024-06-04,300308.SZ,172.1,173.5,166.96,166.96,141072
2024-06-05,300308.SZ,123.3,129.92,123.3,125.42,405410
2024-06-06,300308.SZ,124.1,125.94,118.99,119.51,315917
2024-06-10,300308.SZ,118.99,121.66,117.39,119.01,199735
2024-06-11,300308.SZ,119,121.33,117.02,119.21,166250
2024-06-12,300308.SZ,120.87,126.43,119.68,123.7,306309
2024-06-13,300308.SZ,125.01,140.48,124.08,138.3,586874
2024-06-16,300308.SZ,141,144.94,140.5,142.51,378266
2024-06-17,300308.SZ,142.58,151.49,142.58,146.91,344578
2024-06-18,300308.SZ,149.75,150.24,144.2,146,246413
2024-06-19,300308.SZ,146,148.96,144.66,144.7,208398
2024-06-20,300308.SZ,140.5,145.8,140.01,143,236958
2024-06-23,300308.SZ,145.2,146.49,139.55,140.21,204613
2024-06-24,300308.SZ,135,137.6,133.55,134.9,264489
2024-06-25,300308.SZ,138,140.77,137.6,140,266283
2024-06-26,300308.SZ,137.97,140,135.8,136.14,173074
2024-06-27,300308.SZ,136,141.84,135.75,137.88,228263
2024-06-30,300308.SZ,137.35,146.33,137.01,144.9,296493
2024-07-01,300308.SZ,144.98,147.66,142.7,145.61,228769
2024-07-02,300308.SZ,144,144.45,140.1,143.5,151175
2024-07-03,300308.SZ,145.8,147.35,143.01,143.01,172767
2024-07-04,300308.SZ,143.6,144.28,138.71,141.5,180387
2024-07-07,300308.SZ,146.09,147,142.39,144.39,203808
2024-07-08,300308.SZ,143.89,156,142.41,154.33,310068
2024-07-09,300308.SZ,154,157.97,152.58,157.53,236345
2024-07-10,300308.SZ,159.21,159.68,149.3,153.26,290843
2024-07-11,300308.SZ,148.11,150.97,146,150.12,200312
2024-07-14,300308.SZ,148,151.37,145.3,149.58,179397
2024-07-15,300308.SZ,149.68,150.48,143.8,148.12,252086
2024-07-16,300308.SZ,146.98,147.47,140.43,141.71,289923
2024-07-17,300308.SZ,136.01,140.51,133.25,140,337909
2024-07-18,300308.SZ,137.2,139.3,134.96,134.98,224671
2024-07-21,300308.SZ,134,136.5,132.14,134.6,206271
2024-07-22,300308.SZ,137,137.08,130.9,130.92,202718
2024-07-23,300308.SZ,129.51,135.5,129.19,130.34,221289
2024-07-24,300308.SZ,126.7,127.38,120.85,122.27,343554
2024-07-25,300308.SZ,122.71,125.8,121.07,124.25,224745
2024-07-28,300308.SZ,123.99,131.31,123.16,129.59,269963
2024-07-29,300308.SZ,128,129.48,125.68,127.66,158539
2024-07-30,300308.SZ,126.38,130,123.1,129.5,281327
2024-07-31,300308.SZ,134.5,135.45,129.51,129.9,279792
2024-08-01,300308.SZ,122.38,124.22,118.68,118.98,379676
2024-08-04,300308.SZ,113.04,116.8,108.99,110.12,470589
2024-08-05,300308.SZ,114.9,117.24,112.92,114.48,333818
2024-08-06,300308.SZ,113,116,112,113.32,206353
2024-08-07,300308.SZ,110,112.29,109,110.5,204452
2024-08-08,300308.SZ,113,115,112.28,112.53,255182
2024-08-11,300308.SZ,112.35,115.4,112.35,113.35,175290
2024-08-12,300308.SZ,115,118.49,114.1,116.94,254796
2024-08-13,300308.SZ,120.02,120.5,115.78,115.78,206355
2024-08-14,300308.SZ,115.76,116.92,113.8,115.1,149763
2024-08-15,300308.SZ,118.2,121.89,118.2,119.96,275063
2024-08-18,300308.SZ,121.2,123.65,119.45,121.64,187254
2024-08-19,300308.SZ,123.99,125.18,121.25,121.69,169605
2024-08-20,300308.SZ,120.2,123.77,120,122.22,133815
2024-08-21,300308.SZ,122.46,123.27,120.47,121.39,106735
2024-08-22,300308.SZ,120.99,121.48,118.5,119.92,122754
2024-08-25,300308.SZ,121.8,122.37,112.86,114.34,263663
2024-08-26,300308.SZ,113.51,115.58,111.72,113.25,163776
2024-08-27,300308.SZ,113,115.51,111.23,112.56,148952
2024-08-28,300308.SZ,106.77,107.5,102.3,106.64,374851
2024-08-29,300308.SZ,106.42,110.9,106.33,108.9,312595
2024-09-01,300308.SZ,108.55,109.37,104,104.13,220858
2024-09-02,300308.SZ,104.15,106.11,103.2,105.31,130149
2024-09-03,300308.SZ,99,103.16,98,101.9,312259
2024-09-04,300308.SZ,101.89,104.01,100.41,101.67,186346
2024-09-05,300308.SZ,101,102.21,99.19,99.42,144856
2024-09-08,300308.SZ,98.6,102.3,97.76,102,194696
2024-09-09,300308.SZ,102.2,108.73,101.34,106.43,330988
2024-09-10,300308.SZ,108.38,109.15,105.56,106.18,196116
2024-09-11,300308.SZ,111,112,107.9,108,221984
2024-09-12,300308.SZ,108.3,116.7,108.27,115.94,352840
2024-09-17,300308.SZ,114,116.22,113.01,113.64,151176
2024-09-18,300308.SZ,114.12,114.59,106.66,110.03,273385
2024-09-19,300308.SZ,111.9,112.5,108.18,109,160763
2024-09-22,300308.SZ,108.18,111.21,107.49,108.9,126153
2024-09-23,300308.SZ,109.13,122.17,109.13,122.16,360207
2024-09-24,300308.SZ,125.69,126.5,121.61,121.99,286312
2024-09-25,300308.SZ,123.01,129.98,121.7,129.68,268390
2024-09-26,300308.SZ,128.79,137.68,126.06,133.6,495555
2024-09-29,300308.SZ,136,155.5,132,154.86,613065
2024-10-07,300308.SZ,185.8,185.83,161.7,185.83,749893
2024-10-08,300308.SZ,175.11,185.57,163.5,166.4,657548
2024-10-09,300308.SZ,168.2,169.69,157,162.71,463609
2024-10-10,300308.SZ,159.01,168.3,156.69,159.64,351761
2024-10-13,300308.SZ,159,162.58,152.35,162,422674
2024-10-14,300308.SZ,161,167.06,157.68,157.8,326374
2024-10-15,300308.SZ,151.86,154.73,147.66,148.7,378805
2024-10-16,300308.SZ,151,153.5,148.75,150.5,251067
2024-10-17,300308.SZ,150,177,149.66,168,586464
2024-10-20,300308.SZ,166.4,171.8,159.11,164.97,547727
2024-10-21,300308.SZ,169,170.33,163.5,170,407264
2024-10-22,300308.SZ,160,162.62,155.7,156.16,605579
2024-10-23,300308.SZ,154.85,165.98,154.5,157.1,440364
2024-10-24,300308.SZ,158.89,159.81,153.65,156.36,389426
2024-10-27,300308.SZ,156.37,156.75,148.1,150.54,408521
2024-10-28,300308.SZ,147.9,148,143.07,143.47,498015
2024-10-29,300308.SZ,143,145.5,139.32,141.25,368389
2024-10-30,300308.SZ,140,146.28,138.8,143.02,374541
2024-10-31,300308.SZ,141.48,145.86,139.51,140.73,295208
2024-11-03,300308.SZ,141.99,146.9,140.99,143.15,260752
2024-11-04,300308.SZ,143.15,148.83,142.5,148.29,443240
2024-11-05,300308.SZ,148.35,149.2,142.01,142.9,418908
2024-11-06,300308.SZ,138.97,147.78,136.36,145.08,421563
2024-11-07,300308.SZ,147.51,151.22,142.21,142.21,494000
2024-11-10,300308.SZ,141,147.2,138.02,144.9,434024
2024-11-11,300308.SZ,145.01,150.77,142.51,147.5,545816
2024-11-12,300308.SZ,146.52,158.08,144.1,156.3,670281
2024-11-13,300308.SZ,154.75,156.57,148.09,148.81,396361
2024-11-14,300308.SZ,148.81,152.88,140.2,140.5,379955
2024-11-17,300308.SZ,139,139.96,130.88,132.01,407716
2024-11-18,300308.SZ,133.33,136.67,129.87,134.8,298371
2024-11-19,300308.SZ,135.49,141.49,135.38,138.14,336938
2024-11-20,300308.SZ,136.01,138.3,131.25,133.8,323285
2024-11-21,300308.SZ,133.8,138.98,131.78,132.28,301188
2024-11-24,300308.SZ,132.5,133.8,122.5,125,430137
2024-11-25,300308.SZ,124,129,123.5,127.04,310497
2024-11-26,300308.SZ,126,130.49,124.41,128.69,246176
2024-11-27,300308.SZ,127.42,127.89,124.3,124.79,252412
2024-11-28,300308.SZ,125,129.86,124.53,126.73,284905
2024-12-01,300308.SZ,127.99,134.16,127.45,132.03,347663
2024-12-02,300308.SZ,132,133.2,128.88,130,199422
2024-12-03,300308.SZ,129.58,131.38,127.3,128.02,185633
2024-12-04,300308.SZ,129.11,134.46,128.95,131.84,317611
2024-12-05,300308.SZ,132.06,134.2,130.79,131.51,202956
2024-12-08,300308.SZ,131.55,131.59,123.41,125.1,376291
2024-12-09,300308.SZ,128.85,128.86,121.52,123.15,450225
2024-12-10,300308.SZ,122,126.19,120.11,125.13,327307
2024-12-11,300308.SZ,125,131.62,124.88,130.17,450174
2024-12-12,300308.SZ,130,131.38,125.16,127.1,346546
2024-12-15,300308.SZ,127.97,128.23,122.28,122.8,291855
2024-12-16,300308.SZ,123,130.47,122.55,125.99,412614
2024-12-17,300308.SZ,127.2,127.5,122.66,123.43,265389
2024-12-18,300308.SZ,122.18,127.53,121.8,127.04,310959
2024-12-19,300308.SZ,126.31,129.99,126.31,127.1,294910
2024-12-22,300308.SZ,129.5,135.76,128.28,132.59,521949
2024-12-23,300308.SZ,133.01,134.2,128.18,131.61,350993
2024-12-24,300308.SZ,131.22,137.94,130.69,134.99,363559
2024-12-25,300308.SZ,135.87,141.5,133.56,140.8,428982
2024-12-26,300308.SZ,141.11,141.56,135.73,136.85,333322
2024-12-29,300308.SZ,138,138.3,130.08,131.18,365015
2024-12-30,300308.SZ,130.96,131,123.5,123.51,393877
2025-01-01,300308.SZ,122.8,125.8,120.7,122.11,268596
2025-01-02,300308.SZ,122.51,124.7,121,123.01,267897
2025-01-05,300308.SZ,124.88,128.28,124.5,125.49,263932
2025-01-06,300308.SZ,126.36,128.6,123.6,128.35,292006
2025-01-07,300308.SZ,125.88,125.9,121.72,124.22,286371
2025-01-08,300308.SZ,123.01,123.7,121.48,121.51,293510
2025-01-09,300308.SZ,121.44,121.44,112.8,113.13,530303
2025-01-12,300308.SZ,110.2,114.08,109.69,110.8,357467
2025-01-13,300308.SZ,110.9,114.5,108.78,114.35,383434
2025-01-14,300308.SZ,113.21,113.38,110.23,110.54,293297
2025-01-15,300308.SZ,111.88,120.37,110.7,119.49,710478
2025-01-16,300308.SZ,120,120.58,115.15,116.9,446539
2025-01-19,300308.SZ,117.96,121.4,117.84,119.16,390652
2025-01-20,300308.SZ,122,122.96,118.38,119.56,382739
2025-01-21,300308.SZ,121.88,133.95,121.6,132,844803
2025-01-22,300308.SZ,132.58,134.67,127.31,127.75,608420
2025-01-23,300308.SZ,127.14,129.96,126.24,128.25,411116
2025-01-26,300308.SZ,123,123,114.82,114.82,681942
2025-02-04,300308.SZ,109,109,95.82,98.25,971081
2025-02-05,300308.SZ,100.79,101.28,98.03,101,654658
2025-02-06,300308.SZ,102,109.4,101.71,107.78,762699
2025-02-09,300308.SZ,110.66,111.47,107.81,110.62,505152
2025-02-10,300308.SZ,111.02,113.88,109.6,111.5,438795
2025-02-11,300308.SZ,110.7,111.99,110,111.9,354246
2025-02-12,300308.SZ,111,111.33,108.06,108.12,394350
2025-02-13,300308.SZ,109.77,111.33,106.05,107.43,362389
2025-02-16,300308.SZ,108.61,117.86,108.6,115.56,715224
2025-02-17,300308.SZ,114.41,116.98,113.02,113.59,459562
2025-02-18,300308.SZ,114.15,114.66,111.46,114.24,377064
2025-02-19,300308.SZ,114.21,116.24,112.61,114.44,353730
2025-02-20,300308.SZ,115.89,120.7,114.8,118.73,574486
2025-02-23,300308.SZ,118,118,114.01,114.5,520554
2025-02-24,300308.SZ,111.01,113.12,110.5,111.35,457928
2025-02-25,300308.SZ,110.76,112.36,108.01,112.22,494340
2025-02-26,300308.SZ,113.8,114.83,107.53,108.18,527821
2025-02-27,300308.SZ,103,103.97,100.22,100.87,555441
2025-03-02,300308.SZ,102.44,104.48,100.12,102.77,426040
2025-03-03,300308.SZ,98.28,103.28,97.8,102.46,321353
2025-03-04,300308.SZ,102.98,104.97,102.39,103.46,252249
2025-03-05,300308.SZ,104,106.48,102.8,105.17,409559
2025-03-06,300308.SZ,103.77,103.79,101.86,102.24,327768
2025-03-09,300308.SZ,102.24,103.1,101,102.38,240640
2025-03-10,300308.SZ,100,101.81,99.4,101.78,205600
2025-03-11,300308.SZ,102.7,103.58,101.81,102.36,256009
2025-03-12,300308.SZ,103.75,104.88,101.8,102.49,271436
2025-03-13,300308.SZ,102,104.77,101.3,103.99,367064
2025-03-16,300308.SZ,105,105.81,104,104.26,264415
2025-03-17,300308.SZ,104.23,109.87,102.81,108.86,652396
2025-03-18,300308.SZ,106.68,106.68,104.78,104.98,352791
2025-03-19,300308.SZ,105.3,106.5,104.81,105,198893
2025-03-20,300308.SZ,104.32,104.96,102.11,102.45,227333
2025-03-23,300308.SZ,102.12,103.95,101.32,102.88,229785
2025-03-24,300308.SZ,103.69,104.8,101.93,102,207223
2025-03-25,300308.SZ,101.94,102.47,101.07,101.08,159092
2025-03-26,300308.SZ,99.58,100.48,97.52,99.12,242059
2025-03-27,300308.SZ,99,99.12,97.41,97.41,201285
2025-03-30,300308.SZ,97,98.98,96.69,98.64,182507
2025-03-31,300308.SZ,99.03,99.39,98.24,98.61,122959
2025-04-01,300308.SZ,98.88,101.38,98.32,99.76,218279
2025-04-02,300308.SZ,96.88,97.96,93.43,93.88,424985
2025-04-06,300308.SZ,80.1,82.5,75.1,75.1,616307
2025-04-07,300308.SZ,75.19,76.76,70.47,72.28,692792
2025-04-08,300308.SZ,69.98,73.54,67.2,71.99,595501
2025-04-09,300308.SZ,80.18,81.5,77.1,77.49,709269
2025-04-10,300308.SZ,76,79.28,75.91,78.37,428937
2025-04-13,300308.SZ,81,84.5,80.9,81.54,548927
2025-04-14,300308.SZ,81.15,81.38,79.29,80.17,249801
2025-04-15,300308.SZ,78.53,78.71,76.66,77.99,266701
2025-04-16,300308.SZ,77.09,78.85,77.09,77.61,184925
2025-04-17,300308.SZ,77.61,79.27,77.55,79.14,257548
2025-04-20,300308.SZ,80.43,82.26,79.15,81.19,332028
2025-04-21,300308.SZ,80,80.58,79.11,80.07,236164
2025-04-22,300308.SZ,82.1,85.34,80.88,83.52,608234
2025-04-23,300308.SZ,83,84.16,81.26,81.33,306174
2025-04-24,300308.SZ,82.5,86.99,82.5,85.27,644758
2025-04-27,300308.SZ,85.27,85.52,83.21,83.39,311217
2025-04-28,300308.SZ,83.35,84.23,82.42,83.09,207647
2025-04-29,300308.SZ,83.25,84.1,82.41,83.49,224421
2025-05-05,300308.SZ,85.17,87.19,85.15,86.65,347501
2025-05-06,300308.SZ,88.76,89.04,85.64,86.65,314636
2025-05-07,300308.SZ,88.86,98,88.13,96.49,991735
2025-05-08,300308.SZ,94.69,96.46,94,94.8,423055
2025-05-11,300308.SZ,98.8,99.06,95.1,97.27,468250
2025-05-12,300308.SZ,100.8,100.8,96.41,96.43,522157
2025-05-13,300308.SZ,98.05,101.09,98.05,98.39,545564
2025-05-14,300308.SZ,98,98.08,94.1,94.12,434820
2025-05-15,300308.SZ,93.4,99.48,93.21,97.83,521695
2025-05-18,300308.SZ,96.69,97.4,95.22,95.28,305671
2025-05-19,300308.SZ,95.29,97.18,94.4,95.96,264243
2025-05-20,300308.SZ,95.63,97.3,94.65,95.73,262242
2025-05-21,300308.SZ,95,96.78,94.4,94.46,239775
2025-05-22,300308.SZ,94.41,95.36,91.7,91.87,273099
2025-05-25,300308.SZ,91.99,92.99,90.86,92.36,187616
2025-05-26,300308.SZ,90.99,92.18,88.88,90.16,278219
2025-05-27,300308.SZ,91,92.99,91,92.62,306261
2025-05-28,300308.SZ,93.6,96.59,93.28,94.94,422422
2025-05-29,300308.SZ,93.78,94.38,92.51,93.55,212966
2025-06-02,300308.SZ,92.5,93.22,91.75,91.76,183330
2025-06-03,300308.SZ,92.99,97.97,92.99,97.3,611625
2025-06-04,300308.SZ,97.3,103.58,96.5,102.88,677680
2025-06-05,300308.SZ,102,104.45,101.25,103.45,468038
2025-06-08,300308.SZ,105.31,111.16,105.11,108.55,726916
2025-06-09,300308.SZ,108.1,109.73,106.61,107.77,479187
2025-06-10,300308.SZ,110,110.98,107.08,107.98,343044
2025-06-11,300308.SZ,107.1,119.2,107,116,864869
2025-06-12,300308.SZ,114.51,117.89,113.98,116.65,474889
2025-06-15,300308.SZ,116.92,123.45,116.9,120.57,593699
2025-06-16,300308.SZ,121.01,122.2,117.9,119.36,358237
2025-06-17,300308.SZ,118.51,125.6,116.1,125.06,678263
2025-06-18,300308.SZ,124.56,130.79,123.6,128.3,625735
2025-06-19,300308.SZ,130,131.18,124.77,129.5,493005
2025-06-22,300308.SZ,127.3,129.33,122.68,127.09,535024
2025-06-23,300308.SZ,128.38,129.97,124.3,125.25,450006
2025-06-24,300308.SZ,127,128.69,123.2,125.73,492457
2025-06-25,300308.SZ,127.6,133.18,127.08,129.7,599787
2025-06-26,300308.SZ,129.17,140.27,126.56,138.4,662779
2025-06-29,300308.SZ,141.5,146.6,138.01,145.86,752144
2025-06-30,300308.SZ,143.59,146.78,142.75,145.3,319591
2025-07-01,300308.SZ,142.5,142.6,138.13,138.93,365771
2025-07-02,300308.SZ,141.47,143.84,139.49,142.26,383979
2025-07-03,300308.SZ,143.11,145.18,138.55,139.45,418745
2025-07-06,300308.SZ,137.5,139.77,130.21,135.15,575204
2025-07-07,300308.SZ,134.76,145.26,133.82,144.88,532241
2025-07-08,300308.SZ,145,149.36,144.05,145.3,415096
2025-07-09,300308.SZ,146.52,148.68,142,146.59,435404
2025-07-10,300308.SZ,144.74,147.88,142.55,145.28,310989
2025-07-13,300308.SZ,144.33,150.5,144.33,149.82,388532
2025-07-14,300308.SZ,155.3,174.99,155.3,174.81,924064
2025-07-15,300308.SZ,179.8,181.97,169.67,170.76,905852
2025-07-16,300308.SZ,169.19,178.99,169.17,176.85,604631
2025-07-17,300308.SZ,181.18,192.01,179,180.62,611562
2025-07-20,300308.SZ,179.89,188.4,177.18,187.95,596835
2025-07-21,300308.SZ,187.1,197.1,181.4,184.44,592913
2025-07-22,300308.SZ,179,187.88,176,186.18,405784
2025-07-23,300308.SZ,190.5,192.96,181.67,185.2,442080
2025-07-24,300308.SZ,186,189.9,184.51,185.22,287877
2025-07-27,300308.SZ,186,193.23,184.2,191.87,438948
2025-07-28,300308.SZ,198.01,210.99,198.01,209.93,584404
2025-07-29,300308.SZ,207.06,211.8,203.59,210.6,390506
2025-07-30,300308.SZ,221,228.6,215.93,217.61,644066
2025-07-31,300308.SZ,212.52,220.88,207.63,210.63,475947
2025-08-03,300308.SZ,207.53,210.34,204.5,208.42,330837
2025-08-04,300308.SZ,216.5,218.37,203.5,210.92,414138
2025-08-05,300308.SZ,206.71,213.58,206.61,210.52,255302
2025-08-06,300308.SZ,210.52,216,197.2,208.46,453077
2025-08-07,300308.SZ,207,213.88,205,209.3,327315
2025-08-10,300308.SZ,210,220.5,209.99,214.75,350763
2025-08-11,300308.SZ,215,226.39,213,225.68,430829
2025-08-12,300308.SZ,226.75,252.96,224,252,551265
2025-08-13,300308.SZ,246.4,248.09,239.4,239.47,407601
2025-08-14,300308.SZ,241.47,245.45,235.11,238.05,350541
2025-08-17,300308.SZ,241.62,268,238.08,260,469850
2025-08-18,300308.SZ,260,277.58,258.9,275.5,409789
2025-08-19,300308.SZ,261.99,269,257.41,267.79,408197
2025-08-20,300308.SZ,272.8,274.6,256.1,265.22,394436
2025-08-21,300308.SZ,259.11,280.88,259,278.9,382582
2025-08-24,300308.SZ,288,320,288,320,498061
2025-08-25,300308.SZ,313.6,322.8,306,314,361919
2025-08-26,300308.SZ,320,345.9,311.31,325.1,610746
2025-08-27,300308.SZ,322.87,359.58,322.45,359.03,583916
2025-08-28,300308.SZ,352,367.7,344.97,354.92,490333
2025-08-31,300308.SZ,372.75,413.8,364,406.1,598651
2025-09-01,300308.SZ,402.02,419.6,373.87,384,784127
2025-09-02,300308.SZ,392,429.99,379.1,426.19,712352
2025-09-03,300308.SZ,436,448,363.88,369.14,939057
2025-09-04,300308.SZ,378.02,418.88,361.72,407,792551
2025-09-07,300308.SZ,394,394,344,369.99,741116
2025-09-08,300308.SZ,365.02,372.61,347,359.29,480631
2025-09-09,300308.SZ,378,395.48,370.58,385,620102
2025-09-10,300308.SZ,402.19,443.99,402.19,439.97,656802
2025-09-11,300308.SZ,417,431.99,410,422.09,472506
2025-09-14,300308.SZ,410,419.97,397.64,408.02,357525
2025-09-15,300308.SZ,410.03,421.97,396.22,411.42,442533
2025-09-16,300308.SZ,405,412.98,391.11,406.2,324316
2025-09-17,300308.SZ,394.21,429.99,389.21,409.4,561608
2025-09-18,300308.SZ,415.4,425,400.03,421.5,466536
2025-09-21,300308.SZ,417.29,421.8,394.68,418,412685
2025-09-22,300308.SZ,447.01,457.01,418,434.29,534440
2025-09-23,300308.SZ,416.01,435,410,423.5,393386
2025-09-24,300308.SZ,416.01,442.96,404,434.6,505592
2025-09-25,300308.SZ,429.05,442.3,413.7,413.7,351118
2025-09-28,300308.SZ,410.12,433.17,403.09,416.75,429059
2025-09-29,300308.SZ,418.51,435,398.06,403.68,392893
2025-10-08,300308.SZ,419,426.66,397.68,398.81,390909
2025-10-09,300308.SZ,399.01,407.8,381.01,390,384286
2025-10-12,300308.SZ,369,382,361.8,376.99,409313
2025-10-13,300308.SZ,385,385.94,344,346.1,514339
2025-10-14,300308.SZ,345,357,337,354.12,353173
2025-10-15,300308.SZ,351.14,379.3,350.03,366.97,342568
2025-10-16,300308.SZ,367.17,381.91,360,373.6,467636
2025-10-19,300308.SZ,408.19,421.21,395.58,403,601551
2025-10-20,300308.SZ,410,451.48,405,441.5,565179
2025-10-21,300308.SZ,436.09,457.5,436.09,444.3,397499
2025-10-22,300308.SZ,441.08,443,425.7,440.88,276011
2025-10-23,300308.SZ,450,495.65,437.1,494,491025
2025-10-26,300308.SZ,503.98,515,495.56,508.94,450724
2025-10-27,300308.SZ,503.3,536,501,513,417961
2025-10-28,300308.SZ,538.01,542.01,506.16,520.72,417271
2025-10-29,300308.SZ,516.51,538,509,514.74,453310
2025-10-30,300308.SZ,503,509,472,473.01,563013
2025-11-02,300308.SZ,470.67,483.4,457.51,480,398409
2025-11-03,300308.SZ,489.6,504.29,473.88,477.8,360854
2025-11-04,300308.SZ,462.02,480,458.79,477.01,264088
2025-11-05,300308.SZ,488,507.88,482.27,496.88,373251
2025-11-06,300308.SZ,491,499.79,479,490.05,243100
2025-11-09,300308.SZ,488.88,495.88,460,490,352111
2025-11-10,300308.SZ,493.68,499.66,464,468.05,325131
2025-11-11,300308.SZ,459.63,492.39,450.01,491.75,423022
2025-11-12,300308.SZ,489.28,489.28,470.01,481,313317
2025-11-13,300308.SZ,465.18,473.88,454.22,462.82,247273
2025-11-16,300308.SZ,475.2,488.64,468.4,483.2,282466
2025-11-17,300308.SZ,474.7,490.8,470.01,472.91,240679
2025-11-18,300308.SZ,472.43,499.7,472,488.6,337865
2025-11-19,300308.SZ,515,522.38,490.33,492,353522
2025-11-20,300308.SZ,472.99,483,460,464.01,414123
2025-11-23,300308.SZ,470,476.99,436.96,456.8,464258
2025-11-24,300308.SZ,477.01,494.8,470.01,479.66,439365
2025-11-25,300308.SZ,475.2,556.88,470.4,543.22,628951
2025-11-26,300308.SZ,537,558.77,523.36,524,437328
2025-11-27,300308.SZ,527.2,529.8,508.6,514.5,324657
2025-11-30,300308.SZ,524,546.5,515,538,372867
2025-12-01,300308.SZ,542,551.13,535.5,542,271615
2025-12-02,300308.SZ,540.54,558.58,522.11,523.73,368328
2025-12-03,300308.SZ,517.37,536.53,512.34,535.5,263194
2025-12-04,300308.SZ,539.53,545,525,537.05,282826
2025-12-07,300308.SZ,543,585,539,570,408224
2025-12-08,300308.SZ,570.09,613,568.54,606,371293
2025-12-09,300308.SZ,609.06,620,589.5,616,302094
2025-12-10,300308.SZ,610,627.11,585.91,586.81,363531
2025-12-11,300308.SZ,587,603.88,570.22,582,468789
2025-12-14,300308.SZ,570,588,568,570.86,300987
2025-12-15,300308.SZ,568.8,575,545.01,551.79,279702
2025-12-16,300308.SZ,557,592.07,556.66,589.98,323570
2025-12-17,300308.SZ,576.99,579.87,563.43,571.2,241629
2025-12-18,300308.SZ,583.34,587,570.28,571.7,224429
2025-12-21,300308.SZ,590.01,622,590.01,617.5,394412
2025-12-22,300308.SZ,625,628.99,614,621,233642
2025-12-23,300308.SZ,627.64,638,617.6,634.4,235091
2025-12-24,300308.SZ,645,658.8,618.41,639.8,259387
2025-12-25,300308.SZ,628.3,636.95,618,627,213762
2025-12-28,300308.SZ,627.64,633.69,612.73,618,241126
2025-12-29,300308.SZ,618.1,644.34,615,632,261145
2025-12-30,300308.SZ,629,633,608,610,225604
2026-01-04,300308.SZ,621.08,627.29,600.17,623.51,302042
2026-01-05,300308.SZ,606,615.8,590.2,605.25,335583
2026-01-06,300308.SZ,616.8,628,602,619.6,280015
2026-01-07,300308.SZ,611.1,616,592,595.45,291962
2026-01-08,300308.SZ,575.94,595,561.61,583.2,385723
2026-01-11,300308.SZ,570,600,558.85,591.97,383608
2026-01-12,300308.SZ,580.8,616.6,580.01,585.76,320559
2026-01-13,300308.SZ,595.35,600.88,567.01,593,417330
2026-01-14,300308.SZ,583.2,636.99,581.02,625.02,459038
2026-01-15,300308.SZ,635.97,645,615.02,617,372724
2026-01-18,300308.SZ,605,619,602.57,605.5,223079
2026-01-19,300308.SZ,605.52,608,580,585,262900
2026-01-20,300308.SZ,586.24,599.66,581,581.9,250959
2026-01-21,300308.SZ,590.08,624.5,585,621,401944
2026-01-22,300308.SZ,614,615,580.16,585,396560
2026-01-25,300308.SZ,580,598,572.01,589.8,260881
2026-01-26,300308.SZ,589.96,630,586.7,615.6,387287
2026-01-27,300308.SZ,632,644.98,623,628,329264
2026-01-28,300308.SZ,637,637.95,610.11,613.85,248940
2026-01-29,300308.SZ,616.2,653.58,605.93,649,357592
2026-02-01,300308.SZ,635.01,658.58,591,591,559980
2026-02-02,300308.SZ,607,618.8,576,589.7,429180
2026-02-03,300308.SZ,570,574.55,525.13,560,527210
2026-02-04,300308.SZ,561.01,577.75,556.01,561.99,318675
2026-02-05,300308.SZ,548.11,561.88,530.3,540.01,328676
2026-02-08,300308.SZ,561,573.99,550.12,565.99,366633
2026-02-09,300308.SZ,561.55,573.68,555.5,555.71,217158
2026-02-10,300308.SZ,551.01,554,522.53,531.91,397136
2026-02-11,300308.SZ,535,546.38,523.38,527.46,301786
2026-02-12,300308.SZ,524,543.8,515,531,260436
2026-02-23,300308.SZ,542,572.02,522,554,356558
2026-02-24,300308.SZ,550,569.86,548,566.07,214792
2026-02-25,300308.SZ,566.07,574,559,572.22,252800
2026-02-26,300308.SZ,555,559.98,531.11,534,347125
2026-03-01,300308.SZ,520,580,520,570.58,493103
2026-03-02,300308.SZ,570.8,599.04,563.28,563.8,393101
2026-03-03,300308.SZ,554.02,563.5,536.5,539,307429
2026-03-04,300308.SZ,556,585,552.6,557,379004
2026-03-05,300308.SZ,553,559.98,537.06,545.48,219668
2026-03-08,300308.SZ,520.1,528.3,506,525.99,314743
2026-03-09,300308.SZ,540,548.98,530.02,547,283094
2026-03-10,300308.SZ,557,568.9,553,554.68,238972
2026-03-11,300308.SZ,557.25,563.58,528.5,534.8,239117
2026-03-12,300308.SZ,526.5,548.88,525.01,542.02,211982
2026-03-15,300308.SZ,549.05,565,540.32,561.7,274320
2026-03-16,300308.SZ,570,577.88,539,543,300410
2026-03-17,300308.SZ,553.86,582.05,550,580,377805
2026-03-18,300308.SZ,580,592.8,569.9,575.2,331408
2026-03-19,300308.SZ,605,632.72,604.1,612,538539
2026-03-22,300308.SZ,590.31,618.1,585,599.62,378520
2026-03-23,300308.SZ,599,605,577,603.19,282636
2026-03-24,300308.SZ,625,635,616.05,628.4,335631
2026-03-25,300308.SZ,626.89,645,612.83,614.2,262769
2026-03-26,300308.SZ,598.85,609.88,588.66,598,224326
2026-03-29,300308.SZ,585,595.58,579,589.08,209255
2026-03-30,300308.SZ,571,585.9,555,569.41,261202
2026-03-31,300308.SZ,591,602,581.2,601.87,255405
2026-04-01,300308.SZ,593.01,596.77,578.69,582,177310
2026-04-02,300308.SZ,600,625,594.35,606.52,290271
2026-04-06,300308.SZ,608,636.66,597.7,619.53,239031
2026-04-07,300308.SZ,653.53,688.26,643,688.14,396630
2026-04-08,300308.SZ,682,700,678.01,693.02,249619
2026-04-09,300308.SZ,700,743.04,694.01,734.65,330801
2026-04-12,300308.SZ,738.8,744,714.23,738,228876
2026-04-13,300308.SZ,750,786.22,748.78,773,292668
2026-04-14,300308.SZ,787,808.83,766,779.98,323452
2026-04-15,300308.SZ,772.37,810.11,762.35,809.61,286570
2026-04-16,300308.SZ,841,865,820.24,851,398572
2026-04-19,300308.SZ,849,878.98,840.58,850,272631
2026-04-20,300308.SZ,849.75,868,839,864.86,251138
2026-04-21,300308.SZ,859.3,893.2,854,886.62,294383
2026-04-22,300308.SZ,890,919.99,877.78,897,309869
2026-04-23,300308.SZ,900.25,915,854.53,886.99,383884
2026-04-26,300308.SZ,899,900,854,857.03,318149
2026-04-27,300308.SZ,854,854,821,825,295109
2026-04-28,300308.SZ,816.23,863,816.23,846,251731
2026-04-29,300308.SZ,863.66,874.65,845,857.5,212710
2026-05-05,300308.SZ,888.5,889,840.45,856,309386
2026-05-06,300308.SZ,858,889.15,835,877.47,277190
2026-05-07,300308.SZ,864.95,898.95,861.56,886,197641
2026-05-10,300308.SZ,889.06,946.79,870,940.13,322655
2026-05-11,300308.SZ,961,1022.9,960,1017.99,345421
2026-05-12,300308.SZ,999.68,1052.2,991.12,1049.2,260005
2026-05-13,300308.SZ,1065,1088.88,1025.1,1078,300571
2026-05-14,300308.SZ,1068.99,1099.87,1034,1049.87,276253
2026-05-17,300308.SZ,1030.03,1075,1030.03,1045,243132
2026-05-18,300308.SZ,1026,1037.38,988.88,1030,272749
2026-05-19,300308.SZ,1019.11,1071,1019.11,1037,225973
2026-05-20,300308.SZ,1060,1065,993.34,993.34,237726
2026-05-21,300308.SZ,1010.04,1044.87,1006.18,1037.98,209338
2026-05-24,300308.SZ,1054.99,1094.98,1025.55,1093,250761
2026-05-25,300308.SZ,1079,1110,1076,1103,234391
2026-05-26,300308.SZ,1090,1147,1088.67,1111.37,250688
2026-05-27,300308.SZ,1100,1199.79,1085.56,1197.99,287465
2026-05-28,300308.SZ,1190,1209.99,1155,1161.16,287268
2026-05-31,300308.SZ,1161,1183.61,1113.9,1130,269782
2026-06-01,300308.SZ,1153.6,1205.58,1140.01,1191.81,290063
2026-06-02,300308.SZ,1220,1320,1220,1275,345251
2026-06-03,300308.SZ,1250,1290,1241.36,1280,217142
2026-06-04,300308.SZ,1273.2,1301.51,1160,1179.99,474741
2026-06-07,300308.SZ,1132.79,1179.45,1132,1154.99,336120
2026-06-08,300308.SZ,1140.97,1196.16,1126.9,1180,398930
2026-06-09,300308.SZ,1150,1174,1128.8,1147,228965
2026-06-10,300308.SZ,1136,1174.9,1093,1124,305924
2026-06-11,300308.SZ,1182,1188.5,1128.18,1149,346851
2026-06-14,300308.SZ,1175,1245,1122,1245,342237
2026-06-15,300308.SZ,1240,1273.68,1232.46,1248.09,232822
2026-06-16,300308.SZ,1228,1276.13,1220.05,1276.11,217562
2026-06-17,300308.SZ,1270,1368.5,1268.73,1367.88,285516
2026-06-21,300308.SZ,1367.78,1416.88,1343.38,1382.33,280333
2026-06-22,300308.SZ,1395,1395,1300,1310.01,291773
2026-06-23,300308.SZ,1313.61,1344.88,1282.15,1312.18,262257
2026-06-24,300308.SZ,1326,1345.09,1280.02,1323.4,376090
2026-06-25,300308.SZ,1296,1296.94,1235.13,1253.89,352811
2026-06-28,300308.SZ,1239,1264.21,1169.49,1220,352899
2026-06-29,300308.SZ,1223.01,1295.6,1218.21,1270,276783
2026-06-30,300308.SZ,1263.5,1315.57,1208,1223.17,271557
2026-07-01,300308.SZ,1160,1198,1127.4,1143,317620
2026-07-02,300308.SZ,1130,1188.01,1115,1116,328618
2026-07-05,300308.SZ,1136.54,1141,1060.34,1098.92,315566
2026-07-06,300308.SZ,1098,1138.2,1089,1121.9,292864
2026-07-07,300308.SZ,1134.8,1179.3,1114.56,1128.35,317328
2026-07-08,300308.SZ,1153,1199.99,1117.01,1194.9,358884
2026-07-09,300308.SZ,1210,1218,1093.98,1093.98,423262
2026-07-12,300308.SZ,1100.01,1148.48,1076.8,1108,344521
2026-07-13,300308.SZ,1108.53,1198.66,1098,1184.05,400476
2026-07-14,300308.SZ,1190,1207.98,1160,1169.31,247946
2026-07-15,300308.SZ,1122.22,1163,1098,1113,306634
2026-07-16,300308.SZ,1057.36,1072,950.55,979.46,561861
2026-07-19,300308.SZ,1028.43,1057.77,967.68,1004,453665
2026-07-20,300308.SZ,1020.01,1136.8,988.82,1136.55,481157
2026-07-21,300308.SZ,1110,1138.88,1060.5,1060.8,367980
2026-07-22,300308.SZ,1089.54,1115,1060,1072.52,272541
2026-07-23,300308.SZ,1050.53,1082.54,1039.01,1046.51,216877
2026-07-26,300308.SZ,1021.02,1080,1003.33,1076.94,255903
2026-07-27,300308.SZ,1001.06,1018,899.99,908,541051
2026-07-28,300308.SZ,915,965,889.5,951,468715
2026-07-29,300308.SZ,919.01,933,793.03,864,693702
2026-07-30,300308.SZ,960,986.89,901,902.01,569420
2026-08-02,300308.SZ,891,933.61,875.87,902.5,321852
2026-08-03,300308.SZ,940,1033.89,934.44,1021.99,505913
2026-08-04,300308.SZ,880,983.17,880,947.74,723230
2026-08-05,300308.SZ,901.02,995,882.55,955,422951
2026-08-06,300308.SZ,981.09,999.88,902,919.87,571892
2026-08-09,300308.SZ,917.99,919.8,835,864.58,525921
2026-08-10,300308.SZ,880.14,898.48,850.4,886.96,339737
2026-08-11,300308.SZ,880.13,936.8,876.01,921,310729
2026-08-12,300308.SZ,960,966.06,920.66,921.04,293371
2026-08-13,300308.SZ,930,948.77,916,943,200147
2026-08-16,300308.SZ,949,1014.87,917.46,1001.03,363257
2026-08-17,300308.SZ,1000,1009,971.81,988.1,220739
2026-08-18,300308.SZ,943.88,953.08,886,895.6,358012
2026-08-19,300308.SZ,904.99,912.01,881,904.2,227062
2026-08-20,300308.SZ,909,943.88,901.4,943,287039
2026-08-23,300308.SZ,945,949.73,850,870.22,389093
2026-08-24,300308.SZ,850.23,871.91,837.12,846,293560
2026-08-25,300308.SZ,855,866,830,850.9,218110
2026-08-26,300308.SZ,877.01,880,860.05,866.12,261548
2026-08-27,300308.SZ,863.99,915.88,856.63,858.35,317196
2026-08-30,300308.SZ,830,863.56,830,851.9,224228
2026-08-31,300308.SZ,852.5,887,837.33,859.3,286622
2026-09-01,300308.SZ,840.01,848,814.06,822.4,266699
2026-09-02,300308.SZ,833.2,835.9,804.02,813,216429
2026-09-03,300308.SZ,825.01,834.96,808.9,814,211067
2026-09-06,300308.SZ,838.61,902.26,836.13,898.46,431303
2026-09-07,300308.SZ,899.2,933.98,894,902.37,287658
2026-09-08,300308.SZ,932.5,934.49,901,908.9,201101
2026-09-09,300308.SZ,890.01,909,882.01,890.1,173099
2026-09-10,300308.SZ,898.17,929.8,891.17,926,327813
2026-09-13,300308.SZ,890,895,866.66,873,271830
2026-09-14,300308.SZ,873.38,883.73,858,864.01,179554
2026-09-15,300308.SZ,869.02,918.38,866,907.8,240218
2026-09-16,300308.SZ,900.3,927.83,892.51,896,227875
2026-09-17,300308.SZ,910,947.6,893.08,926.43,295055
2026-09-20,300308.SZ,939.5,958.86,931.66,941,209622
2026-09-21,300308.SZ,968,974.99,921,927.72,234785
2026-09-22,300308.SZ,936.01,939,918.33,922.5,147633
2026-09-23,300308.SZ,918.51,936.58,895.86,895.86,184866
2026-09-27,300308.SZ,884,888,808,815,301939
2026-09-28,300308.SZ,814,823,808.8,813.01,160712
2026-09-29,300308.SZ,821.99,831.59,808,808.44,157263
2022-07-27,600150.SH,23.56,24.33,23.2,24.02,707991
2022-07-28,600150.SH,23.82,23.88,22.96,23.39,574905
2022-07-31,600150.SH,23.53,23.69,22.9,23.14,465756
2022-08-01,600150.SH,23.39,23.85,22.37,22.46,726771
2022-08-02,600150.SH,22.3,23.24,22.23,22.49,691747
2022-08-03,600150.SH,22.63,22.85,21.95,22.22,526036
2022-08-04,600150.SH,22.22,22.6,21.88,22.48,485800
2022-08-07,600150.SH,22.43,23.49,22.3,22.93,492406
2022-08-08,600150.SH,22.93,23.23,22.7,23.01,354449
2022-08-09,600150.SH,22.98,23.46,22.71,22.8,358424
2022-08-10,600150.SH,22.99,24.99,22.99,24.74,1132544
2022-08-11,600150.SH,24.8,24.85,24.1,24.5,513629
2022-08-14,600150.SH,24.63,25.35,24.4,24.8,493770
2022-08-15,600150.SH,24.64,25.82,24.4,25.61,729698
2022-08-16,600150.SH,25.45,27.49,25.4,26.91,976691
2022-08-17,600150.SH,26.8,27.32,26.65,26.97,516526
2022-08-18,600150.SH,27.04,27.21,25.9,26.27,573780
2022-08-21,600150.SH,26.26,28.08,25.7,27.68,834220
2022-08-22,600150.SH,27.35,27.95,27.29,27.65,482099
2022-08-23,600150.SH,27.65,27.95,26.25,26.55,610551
2022-08-24,600150.SH,26.82,28.26,26.56,27.74,777500
2022-08-25,600150.SH,27.79,27.97,26.11,26.23,670873
2022-08-28,600150.SH,25.8,27.28,25.61,27.08,653122
2022-08-29,600150.SH,26.81,26.86,25.8,26.63,518632
2022-08-30,600150.SH,26.29,26.62,24.8,25.04,685862
2022-08-31,600150.SH,25.11,25.48,24.49,24.85,437572
2022-09-01,600150.SH,24.87,26.68,24.87,26.1,600049
2022-09-04,600150.SH,26.23,27.59,26.06,27.48,559249
2022-09-05,600150.SH,27.49,28.11,27,27.96,586545
2022-09-06,600150.SH,27.75,28.68,27.26,27.45,489906
2022-09-07,600150.SH,27.45,28.21,26.81,27.55,479787
2022-09-08,600150.SH,27.33,27.59,26.49,26.79,394777
2022-09-12,600150.SH,26.55,27.33,25.9,26.52,391499
2022-09-13,600150.SH,26.04,27.21,26.01,26.91,415676
2022-09-14,600150.SH,27,27.05,24.76,25.08,654078
2022-09-15,600150.SH,24.92,25.54,24.7,24.74,409640
2022-09-18,600150.SH,24.43,25.2,24,24.68,363616
2022-09-19,600150.SH,25,26.39,24.9,25.61,487473
2022-09-20,600150.SH,25.5,26.5,25.31,25.85,464482
2022-09-21,600150.SH,25.69,27.04,25.59,26.78,462725
2022-09-22,600150.SH,26.73,27.15,25.78,26.23,379851
2022-09-25,600150.SH,25.72,26.15,24.51,24.73,484833
2022-09-26,600150.SH,24.88,25,23.64,24.05,744753
2022-09-27,600150.SH,24.05,24.78,23.02,23.19,581683
2022-09-28,600150.SH,23.37,23.64,22.73,23.42,427007
2022-09-29,600150.SH,23.25,23.51,22.2,22.65,498338
2022-10-09,600150.SH,22.65,23.7,22.5,22.87,458895
2022-10-10,600150.SH,22.8,23.1,22.25,22.96,328241
2022-10-11,600150.SH,22.96,23.28,22.28,23.16,397316
2022-10-12,600150.SH,23.1,23.9,22.86,22.88,548261
2022-10-13,600150.SH,22.99,23.93,22.8,23.77,594048
2022-10-16,600150.SH,23.61,24.19,23.52,24.02,454498
2022-10-17,600150.SH,24,24.2,23.3,23.7,392756
2022-10-18,600150.SH,23.6,25.29,23.23,24.93,697661
2022-10-19,600150.SH,24.7,25.5,24.05,25.16,636696
2022-10-20,600150.SH,25.17,26.25,25.02,25.9,558320
2022-10-23,600150.SH,26.08,26.31,25.3,26,531575
2022-10-24,600150.SH,26,27.02,25.52,26.84,516508
2022-10-25,600150.SH,26.8,27.11,26.3,26.86,363467
2022-10-26,600150.SH,26.83,26.93,25.77,25.8,492681
2022-10-27,600150.SH,25.59,26.4,25.34,25.49,349845
2022-10-30,600150.SH,25.15,26.84,25.02,26.52,600237
2022-10-31,600150.SH,26.52,26.75,25.92,26.49,434554
2022-11-01,600150.SH,26.49,27.46,26.33,26.42,606851
2022-11-02,600150.SH,26,26.98,25.82,26.88,378056
2022-11-03,600150.SH,26.9,27.42,26.68,27.26,380119
2022-11-06,600150.SH,27.5,27.5,26.43,26.46,377295
2022-11-07,600150.SH,26.36,26.64,26.03,26.28,292672
2022-11-08,600150.SH,26.2,26.66,25.82,25.89,372198
2022-11-09,600150.SH,25.56,25.79,24.46,24.92,562215
2022-11-10,600150.SH,25.4,25.58,24.55,25.35,514083
2022-11-13,600150.SH,25,25.29,24.6,24.83,476790
2022-11-14,600150.SH,24.57,25.26,24.57,25.17,412093
2022-11-15,600150.SH,25.14,25.83,24.94,25.41,393224
2022-11-16,600150.SH,25.22,25.42,24.7,25.28,350357
2022-11-17,600150.SH,25.29,25.77,24.76,24.78,311720
2022-11-20,600150.SH,24.6,25.18,24.3,25.02,262470
2022-11-21,600150.SH,25,26.76,24.9,25.96,721270
2022-11-22,600150.SH,25.98,26.31,25.68,25.96,456702
2022-11-23,600150.SH,25.99,26.67,25.85,25.99,356941
2022-11-24,600150.SH,26.09,26.25,25.61,25.91,299062
2022-11-27,600150.SH,25.5,26.52,25.12,25.78,420708
2022-11-28,600150.SH,25.63,25.85,25.2,25.34,460331
2022-11-29,600150.SH,25.3,25.5,24.47,25.09,433656
2022-11-30,600150.SH,25.03,25.12,24.63,24.91,367877
2022-12-01,600150.SH,24.73,24.94,23.61,23.61,736773
2022-12-04,600150.SH,23.45,24.42,23.45,24.39,529944
2022-12-05,600150.SH,24.27,24.35,23.85,24.13,410067
2022-12-06,600150.SH,24.03,24.19,23.51,23.69,299395
2022-12-07,600150.SH,23.61,23.85,23.18,23.27,346370
2022-12-08,600150.SH,23.26,23.44,23,23.42,308819
2022-12-11,600150.SH,23.32,23.38,22.72,23,387239
2022-12-12,600150.SH,23.05,23.25,22.68,22.8,295477
2022-12-13,600150.SH,22.78,23.3,22.78,22.94,272733
2022-12-14,600150.SH,22.95,23.15,22.63,23.07,219907
2022-12-15,600150.SH,22.92,23.04,22.4,22.55,327488
2022-12-18,600150.SH,22.5,22.83,22.21,22.44,222604
2022-12-19,600150.SH,22.46,23.39,22.33,23,426413
2022-12-20,600150.SH,22.95,22.95,21.94,22.15,348577
2022-12-21,600150.SH,22.25,22.49,21.54,21.67,366431
2022-12-22,600150.SH,21.32,21.81,21.32,21.51,212109
2022-12-25,600150.SH,21.66,22.09,21.48,22.09,251300
2022-12-26,600150.SH,22.01,22.23,21.91,22.16,209603
2022-12-27,600150.SH,22.07,22.6,22,22.26,259758
2022-12-28,600150.SH,22.2,22.69,22.15,22.65,255756
2022-12-29,600150.SH,22.65,22.75,22.23,22.28,230494
2023-01-02,600150.SH,22.3,23,22.2,22.9,310631
2023-01-03,600150.SH,22.99,23.06,22.73,23,229646
2023-01-04,600150.SH,22.93,23.14,22.87,23.08,218081
2023-01-05,600150.SH,22.98,23.2,22.58,22.64,336249
2023-01-08,600150.SH,22.65,22.75,22.39,22.39,281654
2023-01-09,600150.SH,22.4,22.46,21.94,22,292536
2023-01-10,600150.SH,22.12,22.44,21.86,22.08,253070
2023-01-11,600150.SH,22.23,22.38,21.94,22.07,173462
2023-01-12,600150.SH,22.01,22.5,21.76,21.95,360032
2023-01-15,600150.SH,22.03,23.18,22.03,23.18,614682
2023-01-16,600150.SH,23.18,23.76,22.85,23.63,468407
2023-01-17,600150.SH,23.62,23.92,23.5,23.6,280295
2023-01-18,600150.SH,23.63,23.65,23.2,23.6,259003
2023-01-19,600150.SH,23.52,23.7,23.51,23.66,216687
2023-01-29,600150.SH,24.01,24.09,23.56,23.68,392387
2023-01-30,600150.SH,23.54,23.94,23.41,23.71,232843
2023-01-31,600150.SH,23.64,23.95,23.64,23.86,306487
2023-02-01,600150.SH,23.98,24.12,23.52,23.59,302557
2023-02-02,600150.SH,23.5,24,23.25,23.91,348593
2023-02-05,600150.SH,23.8,24.25,23.5,23.55,340064
2023-02-06,600150.SH,23.68,23.86,23.42,23.59,189709
2023-02-07,600150.SH,23.5,23.95,23.38,23.39,251786
2023-02-08,600150.SH,23.29,24.44,23.23,24.34,665367
2023-02-09,600150.SH,24.25,24.29,23.89,24.05,315194
2023-02-12,600150.SH,24.11,24.55,24.09,24.42,410466
2023-02-13,600150.SH,24.33,24.53,24.03,24.23,293840
2023-02-14,600150.SH,24.23,24.23,23.77,23.84,286319
2023-02-15,600150.SH,23.8,24.08,22.94,23.15,422752
2023-02-16,600150.SH,23,23.25,22.87,23.03,309331
2023-02-19,600150.SH,23.01,23.33,22.8,23.27,237176
2023-02-20,600150.SH,23.24,23.68,23.18,23.41,229301
2023-02-21,600150.SH,23.36,23.65,23.12,23.25,244385
2023-02-22,600150.SH,23.2,23.43,22.91,23.03,245088
2023-02-23,600150.SH,23.03,24.59,23.03,24.09,820471
2023-02-26,600150.SH,24.1,24.43,23.72,24.3,513571
2023-02-27,600150.SH,24.18,24.3,23.47,23.89,503078
2023-02-28,600150.SH,23.76,24.38,23.6,24.27,460193
2023-03-01,600150.SH,24.26,25.27,24.21,24.93,735610
2023-03-02,600150.SH,24.9,26.45,24.65,26.37,1165039
2023-03-05,600150.SH,26.79,27.67,26.46,26.58,1330708
2023-03-06,600150.SH,26.63,27.12,25.85,25.95,881232
2023-03-07,600150.SH,25.9,26.5,25.58,26.32,593208
2023-03-08,600150.SH,26.18,26.88,25.89,26.1,495468
2023-03-09,600150.SH,25.9,26.09,25.36,25.39,431901
2023-03-12,600150.SH,25.33,25.84,25.28,25.79,434948
2023-03-13,600150.SH,25.58,26.15,25.24,25.89,566313
2023-03-14,600150.SH,25.77,26.11,25.4,25.98,396021
2023-03-15,600150.SH,25.64,25.74,24.8,24.88,533488
2023-03-16,600150.SH,25.02,25.39,24.94,25.1,349726
2023-03-19,600150.SH,25.1,25.6,24.61,24.68,459833
2023-03-20,600150.SH,25.2,26,24.9,25.12,600433
2023-03-21,600150.SH,25,25.61,24.73,24.92,464053
2023-03-22,600150.SH,24.75,25.01,24.58,24.95,352446
2023-03-23,600150.SH,24.88,24.88,24,24.2,475853
2023-03-26,600150.SH,23.99,24.21,23.71,24.04,346856
2023-03-27,600150.SH,24.07,24.39,23.74,23.85,342205
2023-03-28,600150.SH,23.85,23.86,23.09,23.22,511370
2023-03-29,600150.SH,23.22,23.55,23.1,23.38,319948
2023-03-30,600150.SH,23.21,23.55,23.21,23.4,274602
2023-04-02,600150.SH,23.4,23.58,23.05,23.24,486709
2023-04-03,600150.SH,23.24,23.64,22.83,23.16,656950
2023-04-05,600150.SH,23,23.41,22.71,23.4,529443
2023-04-06,600150.SH,23.41,23.54,23.2,23.41,465117
2023-04-09,600150.SH,25.28,25.28,24.28,24.29,1342600
2023-04-10,600150.SH,24.2,24.21,23.63,23.81,747579
2023-04-11,600150.SH,23.82,23.99,23.56,23.82,531628
2023-04-12,600150.SH,23.81,24.85,23.62,24.81,1050708
2023-04-13,600150.SH,24.6,24.62,24.19,24.51,609441
2023-04-16,600150.SH,24.38,24.99,24.29,24.8,764842
2023-04-17,600150.SH,24.76,25.12,24.51,24.88,629125
2023-04-18,600150.SH,24.8,25.02,24.18,24.21,666615
2023-04-19,600150.SH,24.14,24.22,23.72,23.79,554861
2023-04-20,600150.SH,23.72,25.27,23.55,24.69,1540119
2023-04-23,600150.SH,24.71,25.53,24.3,25.43,1523661
2023-04-24,600150.SH,25.38,25.89,24.8,25.28,1161375
2023-04-25,600150.SH,25.2,25.78,25.08,25.45,1050605
2023-04-26,600150.SH,25.23,27.26,24.91,26.69,1699830
2023-04-27,600150.SH,25.76,26.19,25.18,25.91,1587400
2023-05-03,600150.SH,25.62,27.19,25.47,26,1432914
2023-05-04,600150.SH,25.7,26.59,24.92,25.15,1140841
2023-05-07,600150.SH,25.28,27.67,25.25,27.67,1988469
2023-05-08,600150.SH,29,29.14,27.73,27.78,2895123
2023-05-09,600150.SH,27.5,28.23,26.87,27.25,1453926
2023-05-10,600150.SH,27.3,27.53,25.87,26.5,1124240
2023-05-11,600150.SH,26.45,26.85,25.94,26.01,943815
2023-05-14,600150.SH,25.9,28.61,25.63,28.61,1653036
2023-05-15,600150.SH,28.78,30,28.2,28.76,2435520
2023-05-16,600150.SH,28.52,30.58,27.93,30.04,2248970
2023-05-17,600150.SH,29.43,30.49,29.35,29.95,1408099
2023-05-18,600150.SH,29.8,30.33,28.8,29.03,1170941
2023-05-21,600150.SH,28.71,29.29,28.5,28.8,724223
2023-05-22,600150.SH,28.65,28.96,27.78,27.98,1001690
2023-05-23,600150.SH,27.85,28.69,27.66,27.78,994225
2023-05-24,600150.SH,27.5,28.28,27.41,28.17,906733
2023-05-25,600150.SH,28,28.15,27,27.82,821214
2023-05-28,600150.SH,28.26,29.68,28,29.06,1293568
2023-05-29,600150.SH,28.77,29.76,28.61,29.08,994908
2023-05-30,600150.SH,28.83,29.5,28.56,28.82,962732
2023-05-31,600150.SH,28.55,29.4,27.79,28.93,1168304
2023-06-01,600150.SH,28.93,29.65,28.37,28.4,968103
2023-06-04,600150.SH,28.09,29.18,28.06,28.64,718835
2023-06-05,600150.SH,28.71,29.06,27.8,27.84,757496
2023-06-06,600150.SH,27.84,28.11,27.37,27.57,758977
2023-06-07,600150.SH,27.54,28.43,27.47,27.8,675603
2023-06-08,600150.SH,27.67,27.95,27.41,27.8,528310
2023-06-11,600150.SH,27.84,28.18,27.51,27.75,550300
2023-06-12,600150.SH,27.65,27.8,27.06,27.76,582262
2023-06-13,600150.SH,27.62,28.24,27.6,27.76,687679
2023-06-14,600150.SH,27.67,27.99,27.32,27.5,502937
2023-06-15,600150.SH,27.9,29.6,27.85,28.68,1278598
2023-06-18,600150.SH,28.68,30.38,28.68,30.15,1427838
2023-06-19,600150.SH,30.08,33.17,29.74,32.7,2344400
2023-06-20,600150.SH,32.7,33.67,32.1,32.28,1747070
2023-06-25,600150.SH,32.35,33.17,31.5,31.88,1322035
2023-06-26,600150.SH,32,33.44,31.35,32.89,1731652
2023-06-27,600150.SH,32.55,33.32,32.41,32.41,1292228
2023-06-28,600150.SH,32,32.99,31.75,32.61,918146
2023-06-29,600150.SH,33,33.3,32.15,32.91,831283
2023-07-02,600150.SH,32.92,33.41,32.47,32.73,1108205
2023-07-03,600150.SH,32.5,32.78,31.18,31.65,1375542
2023-07-04,600150.SH,31.82,31.82,30.86,30.98,937287
2023-07-05,600150.SH,30.9,31.36,30.84,31,565668
2023-07-06,600150.SH,30.91,31.4,30.7,30.95,615194
2023-07-09,600150.SH,31.14,31.53,30.61,31.04,541036
2023-07-10,600150.SH,31,31.44,30.83,30.94,531500
2023-07-11,600150.SH,30.9,30.9,30.2,30.24,652650
2023-07-12,600150.SH,30.25,31.02,30,30.67,623241
2023-07-13,600150.SH,30.54,32.1,30.4,31.75,932768
2023-07-16,600150.SH,31.34,32.81,31.17,32.23,890126
2023-07-17,600150.SH,32.13,32.46,31.81,31.88,556148
2023-07-18,600150.SH,31.88,32.18,31.49,31.85,399273
2023-07-19,600150.SH,31.86,32.15,31.21,31.43,482323
2023-07-20,600150.SH,31.16,31.45,30.68,30.9,489145
2023-07-23,600150.SH,30.71,32.79,30.68,32.27,801157
2023-07-24,600150.SH,32.52,32.52,32,32.34,534974
2023-07-25,600150.SH,32.34,32.86,31.44,31.68,549946
2023-07-26,600150.SH,31.72,33.88,31.65,32.89,1031747
2023-07-27,600150.SH,32.62,32.84,31.38,32.4,896136
2023-07-30,600150.SH,32.06,33.47,31.87,33.38,1053892
2023-07-31,600150.SH,33.72,33.75,32.88,33.17,634448
2023-08-01,600150.SH,33.17,33.32,32.2,32.47,611383
2023-08-02,600150.SH,32.25,32.63,31.9,32.28,488402
2023-08-03,600150.SH,32.14,32.47,30.7,30.7,1214629
2023-08-06,600150.SH,30.4,31,30.26,30.74,538088
2023-08-07,600150.SH,30.73,30.73,29.13,29.31,1083609
2023-08-08,600150.SH,29.1,29.6,28.96,29.1,443746
2023-08-09,600150.SH,29.41,29.6,29.23,29.39,414894
2023-08-10,600150.SH,29.39,29.55,28.91,29.01,353408
2023-08-13,600150.SH,28.66,29.86,28.56,29.75,572818
2023-08-14,600150.SH,29.59,29.94,29.22,29.43,342069
2023-08-15,600150.SH,29.3,29.38,28.58,28.7,417116
2023-08-16,600150.SH,28.6,29.1,28.23,29.08,485677
2023-08-17,600150.SH,28.96,29.08,28.13,28.16,499890
2023-08-20,600150.SH,28.16,28.58,27.92,27.96,346539
2023-08-21,600150.SH,28.05,29,28.05,28.98,626663
2023-08-22,600150.SH,28.84,28.86,28.33,28.35,300033
2023-08-23,600150.SH,28.55,28.68,28.12,28.19,339506
2023-08-24,600150.SH,28,28.47,27.52,28.2,316187
2023-08-27,600150.SH,29.83,29.83,28.38,28.5,535215
2023-08-28,600150.SH,28.43,29.26,28.34,29.06,455127
2023-08-29,600150.SH,28.9,29.3,28.75,29.14,369520
2023-08-30,600150.SH,29.14,29.14,28.21,28.39,481782
2023-08-31,600150.SH,28.2,28.53,28.15,28.39,255022
2023-09-03,600150.SH,28.5,29.08,28.3,28.92,395460
2023-09-04,600150.SH,28.78,29.1,28.67,28.84,237809
2023-09-05,600150.SH,28.7,28.84,28.25,28.47,328455
2023-09-06,600150.SH,28.41,28.42,26.86,27.07,801396
2023-09-07,600150.SH,26.96,27.62,26.85,27.41,439295
2023-09-10,600150.SH,27.41,28.02,27.35,27.93,446967
2023-09-11,600150.SH,27.89,28.03,27.57,27.69,264230
2023-09-12,600150.SH,27.6,27.7,27.27,27.48,221760
2023-09-13,600150.SH,27.48,27.85,27.4,27.51,238936
2023-09-14,600150.SH,27.55,27.94,27.37,27.42,356950
2023-09-17,600150.SH,27.35,27.96,27.12,27.85,300936
2023-09-18,600150.SH,27.88,28.39,27.65,28.01,347740
2023-09-19,600150.SH,28.05,28.16,27.73,27.75,186633
2023-09-20,600150.SH,27.68,28.41,27.62,27.85,310451
2023-09-21,600150.SH,27.78,28.29,27.62,28.21,348324
2023-09-24,600150.SH,28.19,28.82,27.97,28.12,513135
2023-09-25,600150.SH,28.06,28.79,27.95,28.28,470209
2023-09-26,600150.SH,28.27,28.62,27.32,27.38,810894
2023-09-27,600150.SH,27.64,27.95,27.5,27.9,473802
2023-10-08,600150.SH,27.82,28.75,27.34,28.33,442310
2023-10-09,600150.SH,28.33,28.45,27.65,27.75,363520
2023-10-10,600150.SH,27.72,28.12,27.14,27.49,455960
2023-10-11,600150.SH,27.66,27.71,27.33,27.54,369384
2023-10-12,600150.SH,27.4,27.43,26.45,26.8,490973
2023-10-15,600150.SH,26.8,27.13,26.75,26.93,330338
2023-10-16,600150.SH,26.89,27.01,26.55,26.88,228808
2023-10-17,600150.SH,26.86,26.86,26.18,26.18,317384
2023-10-18,600150.SH,26.05,26.28,25.76,25.79,357283
2023-10-19,600150.SH,25.73,26.1,25.67,25.74,275472
2023-10-22,600150.SH,25.7,25.84,25,25.19,300625
2023-10-23,600150.SH,25.38,25.45,25.01,25.22,340318
2023-10-24,600150.SH,25.3,25.52,25.05,25.1,312827
2023-10-25,600150.SH,25.05,25.5,24.8,25.49,445589
2023-10-26,600150.SH,25.38,26.04,25.26,25.88,318672
2023-10-29,600150.SH,25.61,26.06,25.47,26.01,333910
2023-10-30,600150.SH,26.23,26.27,25.33,25.88,388546
2023-10-31,600150.SH,25.88,26.14,25.7,25.95,279454
2023-11-01,600150.SH,26.02,26.26,25.57,25.57,240554
2023-11-02,600150.SH,25.55,26.03,25.55,25.95,316587
2023-11-05,600150.SH,26,26.19,25.84,26.17,370069
2023-11-06,600150.SH,26.1,26.17,25.91,26.06,236670
2023-11-07,600150.SH,25.97,26.12,25.78,25.9,251103
2023-11-08,600150.SH,26,26.28,25.66,25.73,352709
2023-11-09,600150.SH,25.58,25.58,25.3,25.5,318264
2023-11-12,600150.SH,25.6,25.74,25.16,25.73,409909
2023-11-13,600150.SH,25.72,26.18,25.61,26.08,449331
2023-11-14,600150.SH,26.19,26.27,25.89,26.06,271162
2023-11-15,600150.SH,26.06,26.25,25.87,25.88,234931
2023-11-16,600150.SH,25.79,25.88,25.55,25.71,220436
2023-11-19,600150.SH,25.65,26.75,25.63,26.65,610157
2023-11-20,600150.SH,26.85,26.85,26.34,26.38,360599
2023-11-21,600150.SH,26.3,26.6,26.06,26.09,248294
2023-11-22,600150.SH,26.1,26.44,25.98,26.31,287788
2023-11-23,600150.SH,26.3,26.3,25.6,25.74,312717
2023-11-26,600150.SH,25.78,26.29,25.48,26,329261
2023-11-27,600150.SH,25.93,26.35,25.93,26.35,296802
2023-11-28,600150.SH,26.26,26.76,26.12,26.44,426730
2023-11-29,600150.SH,26.55,28.15,26.51,27.64,850249
2023-11-30,600150.SH,27.41,27.7,27.28,27.58,398206
2023-12-03,600150.SH,27.6,28.28,27.53,27.95,513834
2023-12-04,600150.SH,27.98,28.15,27.41,27.42,405590
2023-12-05,600150.SH,28,28.14,27.45,28.01,461777
2023-12-06,600150.SH,27.83,28.15,27.51,27.99,413487
2023-12-07,600150.SH,27.8,28.21,27.57,27.59,548672
2023-12-10,600150.SH,27.41,28,26.96,27.93,435839
2023-12-11,600150.SH,28.1,28.88,28.06,28.78,690672
2023-12-12,600150.SH,28.62,29.09,28.52,28.73,476326
2023-12-13,600150.SH,28.66,29.3,28.56,28.59,338313
2023-12-14,600150.SH,28.59,29.1,28.38,28.82,341038
2023-12-17,600150.SH,28.71,29.37,28.49,29.03,407724
2023-12-18,600150.SH,28.98,29.82,28.89,29.65,505645
2023-12-19,600150.SH,29.61,29.97,28.99,29.19,417223
2023-12-20,600150.SH,29,29.43,28.7,29.2,387123
2023-12-21,600150.SH,29.1,29.5,29.02,29.31,418669
2023-12-24,600150.SH,29.13,29.45,28.62,28.88,417872
2023-12-25,600150.SH,28.84,29.01,28.45,28.77,277200
2023-12-26,600150.SH,28.62,29.35,28.62,29.28,333130
2023-12-27,600150.SH,29.3,29.4,28.74,28.8,436568
2023-12-28,600150.SH,28.8,29.48,28.71,29.44,375375
2024-01-01,600150.SH,29.63,30.5,29.43,29.8,556976
2024-01-02,600150.SH,29.62,30.3,29.62,30.25,423748
2024-01-03,600150.SH,30.13,30.24,29.39,29.8,387940
2024-01-04,600150.SH,29.66,30.09,29.29,29.52,312921
2024-01-07,600150.SH,29.76,29.85,29.31,29.45,293983
2024-01-08,600150.SH,29.25,29.33,28.71,29.09,361043
2024-01-09,600150.SH,29,29.5,28.52,29.16,283741
2024-01-10,600150.SH,29,29.75,29,29.6,256516
2024-01-11,600150.SH,29.6,29.97,29.46,29.63,224139
2024-01-14,600150.SH,29.5,29.96,29.14,29.43,202703
2024-01-15,600150.SH,29.43,29.64,29,29.5,306683
2024-01-16,600150.SH,29.43,29.55,28.79,28.79,193530
2024-01-17,600150.SH,28.48,28.75,27.71,28.64,684013
2024-01-18,600150.SH,28.55,28.95,28.45,28.68,259933
2024-01-21,600150.SH,28.56,28.77,27.8,28.04,424100
2024-01-22,600150.SH,27.8,28.31,27.61,28.15,293319
2024-01-23,600150.SH,28.38,29.43,28.1,29.36,414844
2024-01-24,600150.SH,29.25,30.98,29.16,30.79,735624
2024-01-25,600150.SH,30.65,30.84,30.33,30.74,409196
2024-01-28,600150.SH,30.53,31.45,30.52,30.65,506683
2024-01-29,600150.SH,30.69,32,30.4,31.26,767447
2024-01-30,600150.SH,30.87,31.1,30.33,30.59,547140
2024-01-31,600150.SH,30.16,30.96,30,30.53,401342
2024-02-01,600150.SH,30.53,31.27,29.64,30.69,591109
2024-02-04,600150.SH,30.34,30.98,29.5,30.38,581909
2024-02-05,600150.SH,30,30.79,29.36,30.34,662337
2024-02-06,600150.SH,30.34,31.67,30.03,31.67,649874
2024-02-07,600150.SH,32,32.15,31.11,31.4,571697
2024-02-18,600150.SH,31.41,33,31.28,32.91,683926
2024-02-19,600150.SH,32.82,33.39,32.36,32.77,490119
2024-02-20,600150.SH,32.51,33.84,32.51,32.93,695042
2024-02-21,600150.SH,32.67,33.7,32.65,33.55,516257
2024-02-22,600150.SH,33.6,33.87,32.99,33.23,450070
2024-02-25,600150.SH,33.09,33.75,32.7,32.86,508283
2024-02-26,600150.SH,32.66,33.65,32.65,33.65,467739
2024-02-27,600150.SH,33.74,34.64,33.2,33.2,684028
2024-02-28,600150.SH,33.07,35.5,33.04,35.5,791444
2024-02-29,600150.SH,35.52,35.83,35.18,35.66,488771
2024-03-03,600150.SH,35.4,37.88,35.38,36.91,781094
2024-03-04,600150.SH,36.56,37.77,36.28,37.47,599858
2024-03-05,600150.SH,37.4,37.65,36.71,37.26,486447
2024-03-06,600150.SH,37.18,38.19,36.47,36.74,603287
2024-03-07,600150.SH,36.8,37.59,36.51,37.45,491143
2024-03-10,600150.SH,37.51,37.75,36.53,37.02,462738
2024-03-11,600150.SH,37.12,37.14,34.51,34.83,1275723
2024-03-12,600150.SH,34.4,34.8,33.69,34.35,935621
2024-03-13,600150.SH,34.01,34.9,33.99,34.34,507449
2024-03-14,600150.SH,33.99,34.48,33.81,34.3,423949
2024-03-17,600150.SH,34.31,35.42,34.11,35.12,610996
2024-03-18,600150.SH,35,35.33,34.78,34.78,371335
2024-03-19,600150.SH,34.71,35.34,34.6,34.88,371914
2024-03-20,600150.SH,34.8,35.59,34.78,35.01,381167
2024-03-21,600150.SH,35.05,35.09,34.43,35,393149
2024-03-24,600150.SH,34.82,35.24,34.32,34.8,395703
2024-03-25,600150.SH,34.81,35.43,34.75,34.97,333882
2024-03-26,600150.SH,34.77,35.18,34.4,34.7,346728
2024-03-27,600150.SH,34.7,35,34.08,34.6,448946
2024-03-28,600150.SH,34.6,37.37,34.52,37,834550
2024-03-31,600150.SH,36.81,37.75,36.43,37.45,542213
2024-04-01,600150.SH,37.22,37.88,37.2,37.44,443045
2024-04-02,600150.SH,37.33,38.5,37.28,37.8,531689
2024-04-07,600150.SH,37.74,39.12,37.53,38.6,569394
2024-04-08,600150.SH,38.4,38.68,37.38,37.44,507793
2024-04-09,600150.SH,37.36,37.85,36.9,37.2,419423
2024-04-10,600150.SH,37.1,38.33,37.03,37.7,408008
2024-04-11,600150.SH,37.6,38.29,37.14,37.28,369109
2024-04-14,600150.SH,37.28,39.74,37.28,39.58,672093
2024-04-15,600150.SH,39.62,39.91,38.49,38.64,576615
2024-04-16,600150.SH,38.48,39.42,37.65,39.37,463410
2024-04-17,600150.SH,38.69,39.15,37.9,38.76,591081
2024-04-18,600150.SH,38.5,39.99,38.45,39.1,502895
2024-04-21,600150.SH,39.1,39.48,37.35,37.53,606170
2024-04-22,600150.SH,37.38,37.6,36.08,36.55,597087
2024-04-23,600150.SH,36.61,37.06,36.54,36.92,317502
2024-04-24,600150.SH,36.89,37.29,36.59,37.05,301405
2024-04-25,600150.SH,37.05,37.54,36.91,37.44,420122
2024-04-28,600150.SH,37.8,37.86,35.56,36.63,792652
2024-04-29,600150.SH,36.73,37.32,35.99,36.5,502141
2024-05-05,600150.SH,36.75,37.5,36.13,37.04,591674
2024-05-06,600150.SH,36.81,38.17,36.71,37.49,616205
2024-05-07,600150.SH,37.49,37.56,37.04,37.21,320968
2024-05-08,600150.SH,37.21,38.3,37.1,38.25,565092
2024-05-09,600150.SH,38.25,38.76,37.7,37.99,435290
2024-05-12,600150.SH,37.75,38.68,37.33,38.47,508611
2024-05-13,600150.SH,38.47,39.05,38.21,38.58,393304
2024-05-14,600150.SH,38.4,38.54,36.9,36.95,539283
2024-05-15,600150.SH,36.7,36.95,36.28,36.35,537934
2024-05-16,600150.SH,36.31,36.57,35.35,35.81,662120
2024-05-19,600150.SH,35.83,36.52,35.79,36.31,458613
2024-05-20,600150.SH,36.25,36.71,36.01,36.21,364144
2024-05-21,600150.SH,36.25,36.32,35.56,35.77,336829
2024-05-22,600150.SH,35.7,36.13,35.23,35.44,374776
2024-05-23,600150.SH,35.32,35.83,35.12,35.46,371532
2024-05-26,600150.SH,35.5,36.1,35.38,36.09,440066
2024-05-27,600150.SH,36.09,36.26,35.6,35.89,304035
2024-05-28,600150.SH,35.8,36.05,35.51,35.7,240099
2024-05-29,600150.SH,35.51,37.97,35.36,37.49,846137
2024-05-30,600150.SH,37.43,37.65,37.1,37.14,331204
2024-06-02,600150.SH,37.25,38.33,37.23,37.8,499501
2024-06-03,600150.SH,37.7,38.04,37.45,37.9,326180
2024-06-04,600150.SH,37.77,38.37,37.62,37.74,350174
2024-06-05,600150.SH,37.8,38.7,37.56,38.18,508022
2024-06-06,600150.SH,38.22,38.98,38.08,38.48,396557
2024-06-10,600150.SH,38.48,39.15,36.6,37.25,627210
2024-06-11,600150.SH,36.9,37.92,36.88,37.74,305151
2024-06-12,600150.SH,37.68,39.18,37.61,38.8,499195
2024-06-13,600150.SH,38.65,38.85,37.76,38.14,386443
2024-06-16,600150.SH,38.2,38.64,38.02,38.34,231736
2024-06-17,600150.SH,38.35,39.1,38.02,38.87,360951
2024-06-18,600150.SH,38.88,39.06,37.41,37.99,402915
2024-06-19,600150.SH,37.89,39.16,37.89,38.32,429414
2024-06-20,600150.SH,38.32,38.48,37.5,38.24,296398
2024-06-23,600150.SH,38.03,38.3,37.6,37.6,271122
2024-06-24,600150.SH,37.54,37.76,36.65,37.05,421288
2024-06-25,600150.SH,36.99,37.5,36.55,37.4,314679
2024-06-26,600150.SH,37.25,38.04,36.85,37.75,346166
2024-06-27,600150.SH,37.82,40.99,37.7,40.71,952061
2024-06-30,600150.SH,40.69,41.38,40.47,41.17,480451
2024-07-01,600150.SH,41.17,41.55,40.73,41.1,331898
2024-07-02,600150.SH,41.03,41.2,40,40.44,339798
2024-07-03,600150.SH,40.43,40.91,40.34,40.44,249443
2024-07-04,600150.SH,40.37,40.43,39.36,40.16,341793
2024-07-07,600150.SH,40.14,40.65,39.67,40.34,289704
2024-07-08,600150.SH,40.67,41.48,39.7,41.01,508245
2024-07-09,600150.SH,41.1,42,40.5,41.12,395353
2024-07-10,600150.SH,41.13,42.44,41.13,41.88,404910
2024-07-11,600150.SH,41.89,42.18,41.46,41.75,255508
2024-07-14,600150.SH,41.6,42.51,40.7,41.7,444871
2024-07-15,600150.SH,41.68,41.89,41.3,41.69,252760
2024-07-16,600150.SH,41.72,42.32,40.9,41.17,303643
2024-07-17,600150.SH,40.88,42.37,40.58,42.3,420656
2024-07-18,600150.SH,42.1,43.2,41.83,43.1,444243
2024-07-21,600150.SH,42.99,43.66,42.5,42.98,385927
2024-07-22,600150.SH,42.97,43.1,41.56,41.7,373331
2024-07-23,600150.SH,41.5,42.86,41.42,42.34,389270
2024-07-24,600150.SH,42.02,42.09,39.7,40.01,663765
2024-07-25,600150.SH,40.01,40.92,39.8,40.53,394210
2024-07-28,600150.SH,40.69,42.36,40.69,41.35,424154
2024-07-29,600150.SH,41.25,41.45,40.6,41.3,259775
2024-07-30,600150.SH,41.14,41.63,39.9,40.98,424303
2024-07-31,600150.SH,40.8,42.13,40.58,41.23,385055
2024-08-01,600150.SH,41.01,41.95,40.88,41.22,318761
2024-08-04,600150.SH,40.6,41.1,39.47,39.55,482800
2024-08-05,600150.SH,39.8,40.18,39.01,39.59,377391
2024-08-06,600150.SH,39.59,40.08,39.28,39.6,251652
2024-08-07,600150.SH,39.43,39.59,38.68,38.81,328029
2024-08-08,600150.SH,38.9,39.07,38.01,38.05,273805
2024-08-11,600150.SH,38.13,38.58,37.66,38,237828
2024-08-12,600150.SH,38.4,39.5,38.39,39.29,416533
2024-08-13,600150.SH,39.2,39.58,38.75,39.32,228049
2024-08-14,600150.SH,39.37,39.76,39.01,39.41,248026
2024-08-15,600150.SH,39.56,39.56,38.88,39.2,194541
2024-08-18,600150.SH,38.9,39.55,38.78,39.42,178111
2024-08-19,600150.SH,39.52,39.53,38.5,38.78,213799
2024-08-20,600150.SH,38.56,39.03,38.36,38.95,173884
2024-08-21,600150.SH,38.95,39.24,38.51,38.98,184346
2024-08-22,600150.SH,38.98,39.33,38.51,38.81,210677
2024-08-25,600150.SH,38.78,39.06,38.08,38.82,220916
2024-08-26,600150.SH,38.71,38.86,38.11,38.33,168723
2024-08-27,600150.SH,38.44,39.76,38.36,38.95,347464
2024-08-28,600150.SH,38.92,39.15,38.22,38.76,206780
2024-08-29,600150.SH,38.76,39.13,38.37,38.37,412411
2024-09-01,600150.SH,38.33,38.34,34.64,34.9,908455
2024-09-18,600150.SH,37.48,37.48,35,36.06,1136555
2024-09-19,600150.SH,35.45,35.45,33.51,33.88,853179
2024-09-22,600150.SH,33.31,34.35,33.29,33.9,604450
2024-09-23,600150.SH,34.03,35.38,33.21,35.04,874298
2024-09-24,600150.SH,35.16,36.87,35.15,36.85,899377
2024-09-25,600150.SH,36.4,37.34,35.6,37.29,736531
2024-09-26,600150.SH,37.33,38.41,36.92,38.39,551413
2024-09-29,600150.SH,39.6,42.08,38.8,41.77,1308294
2024-10-07,600150.SH,45.95,45.95,41.5,43.3,1512021
2024-10-08,600150.SH,42.5,43.16,40.07,40.15,1029998
2024-10-09,600150.SH,40.6,44.1,40.42,42.13,1283155
2024-10-10,600150.SH,42.43,42.58,39.8,40.48,867959
2024-10-13,600150.SH,40.69,41.58,40.03,40.68,854284
2024-10-14,600150.SH,40.28,40.39,39.31,39.43,644515
2024-10-15,600150.SH,38.9,40.26,38.72,39.42,591612
2024-10-16,600150.SH,39.52,39.64,38.38,38.38,763062
2024-10-17,600150.SH,38.15,39.63,37.72,39.15,842641
2024-10-20,600150.SH,39.68,39.75,38.95,39.07,775072
2024-10-21,600150.SH,39.08,39.28,38.43,39.01,554421
2024-10-22,600150.SH,39.02,39.75,38.82,39.25,809798
2024-10-23,600150.SH,39.24,39.24,38.13,38.19,607135
2024-10-24,600150.SH,38.16,38.88,38.12,38.22,537591
2024-10-27,600150.SH,38.27,38.97,37.8,38.71,567569
2024-10-28,600150.SH,38.8,39.2,38.27,38.32,534560
2024-10-29,600150.SH,38.05,38.73,37.91,38.65,557781
2024-10-30,600150.SH,38.06,38.1,35.94,36.75,1326855
2024-10-31,600150.SH,36.5,37.91,36.36,36.85,688788
2024-11-03,600150.SH,36.75,37.2,36.54,36.88,507359
2024-11-04,600150.SH,36.8,38.18,36.56,37.96,882153
2024-11-05,600150.SH,38,38.25,37.4,37.64,684959
2024-11-06,600150.SH,37.26,38.09,37.15,38.09,606556
2024-11-07,600150.SH,38.36,38.43,37.45,37.51,778021
2024-11-10,600150.SH,37.62,37.98,37,37.65,702693
2024-11-11,600150.SH,37.6,37.79,36.57,36.73,706070
2024-11-12,600150.SH,36.55,38.85,36.51,38.8,1493482
2024-11-13,600150.SH,38.3,39.03,37.62,37.72,785946
2024-11-14,600150.SH,37.6,38.21,36.89,36.89,606109
2024-11-17,600150.SH,36.95,37.55,36.28,36.71,530825
2024-11-18,600150.SH,36.72,37.03,35.52,36.26,600985
2024-11-19,600150.SH,36.26,36.31,35.8,36.25,371547
2024-11-20,600150.SH,36.24,36.58,36.09,36.33,305508
2024-11-21,600150.SH,36.35,36.36,35.08,35.17,455521
2024-11-24,600150.SH,35.16,35.78,34.81,35.11,364783
2024-11-25,600150.SH,35.2,35.48,34.95,35.21,251458
2024-11-26,600150.SH,35.3,35.94,34.93,35.88,398294
2024-11-27,600150.SH,35.87,35.87,35.21,35.27,324824
2024-11-28,600150.SH,35.12,35.47,34.96,35.32,382171
2024-12-01,600150.SH,35.31,36.5,35.23,36.24,578520
2024-12-02,600150.SH,36.25,36.25,35.6,35.88,343099
2024-12-03,600150.SH,35.9,36.16,35.4,35.82,328686
2024-12-04,600150.SH,35.8,35.8,35.35,35.52,289849
2024-12-05,600150.SH,35.33,35.75,35.26,35.55,340905
2024-12-08,600150.SH,35.46,35.76,35.13,35.6,363620
2024-12-09,600150.SH,36.4,36.49,35.58,35.61,490530
2024-12-10,600150.SH,35.45,35.57,35.28,35.48,258879
2024-12-11,600150.SH,35.46,35.79,35.23,35.63,352377
2024-12-12,600150.SH,35.47,35.48,34.69,34.7,505325
2024-12-15,600150.SH,34.6,35,34.08,34.79,430086
2024-12-16,600150.SH,34.79,36.5,34.7,35.87,1009162
2024-12-17,600150.SH,36.19,37.05,35.87,36.07,863039
2024-12-18,600150.SH,35.61,36.6,35.5,36.25,512193
2024-12-19,600150.SH,36.13,36.21,35.67,35.67,414097
2024-12-22,600150.SH,35.65,36.52,35.3,36.18,530492
2024-12-23,600150.SH,36.08,36.24,35.81,36.12,330315
2024-12-24,600150.SH,36.25,36.4,35.77,35.95,347347
2024-12-25,600150.SH,35.88,36.05,35.7,35.8,269354
2024-12-26,600150.SH,35.7,36.77,35.69,36.44,692748
2024-12-29,600150.SH,36.65,36.94,36.26,36.44,408037
2024-12-30,600150.SH,36.31,36.85,35.82,35.96,485962
2025-01-01,600150.SH,35.89,36.06,34.28,34.57,609966
2025-01-02,600150.SH,34.48,34.57,33.58,33.73,450413
2025-01-05,600150.SH,33.58,34.05,32.77,33.08,433309
2025-01-06,600150.SH,33.11,33.44,32.81,33.4,296229
2025-01-07,600150.SH,34,34.29,33.35,34.02,488971
2025-01-08,600150.SH,34.01,34.01,33.41,33.43,331457
2025-01-09,600150.SH,33.17,33.39,32.5,32.5,372314
2025-01-12,600150.SH,31.92,32.36,31.8,32.16,319615
2025-01-13,600150.SH,32.1,33.12,31.91,33.05,433173
2025-01-14,600150.SH,32.99,32.99,32.02,32.12,428279
2025-01-15,600150.SH,32.2,32.99,31.95,32.82,558889
2025-01-16,600150.SH,32.52,33.14,32.51,32.68,295189
2025-01-19,600150.SH,32.7,33.44,32.7,33,397853
2025-01-20,600150.SH,33.25,33.25,32.62,32.84,239124
2025-01-21,600150.SH,32.97,33,32.36,32.86,299955
2025-01-22,600150.SH,33.05,33.51,32.96,33.07,345352
2025-01-23,600150.SH,33,34.08,32.91,33.78,574262
2025-01-26,600150.SH,33.89,34.46,33.54,33.58,331243
2025-02-04,600150.SH,33.73,33.75,33.11,33.54,286287
2025-02-05,600150.SH,33.51,33.93,33.22,33.85,282108
2025-02-06,600150.SH,33.85,34.07,33.51,33.74,389455
2025-02-09,600150.SH,33.67,33.77,33.5,33.59,305856
2025-02-10,600150.SH,33.53,33.53,33.06,33.2,297311
2025-02-11,600150.SH,33.05,33.55,33.03,33.31,256770
2025-02-12,600150.SH,33.24,33.79,33.19,33.27,361488
2025-02-13,600150.SH,33.28,33.84,33.21,33.46,330005
2025-02-16,600150.SH,33.47,33.84,33.1,33.23,431457
2025-02-17,600150.SH,33.3,33.31,32.03,32.2,554508
2025-02-18,600150.SH,32.35,33.26,32.1,32.52,500653
2025-02-19,600150.SH,32.59,32.59,31.42,31.58,785524
2025-02-20,600150.SH,31.55,31.97,31.36,31.77,520778
2025-02-23,600150.SH,31.49,32.19,31.14,31.58,497237
2025-02-24,600150.SH,31.38,31.45,31.05,31.1,391988
2025-02-25,600150.SH,31.07,31.15,30.8,31.02,473570
2025-02-26,600150.SH,31.04,31.33,30.94,31.21,446423
2025-02-27,600150.SH,31.2,31.71,30.81,30.86,604393
2025-03-02,600150.SH,30.82,30.97,30.38,30.46,494519
2025-03-03,600150.SH,30.68,31.2,30.47,30.94,558472
2025-03-04,600150.SH,30.79,30.9,30.3,30.4,501871
2025-03-05,600150.SH,30.4,30.67,30.1,30.56,489914
2025-03-06,600150.SH,30.4,31.6,30.26,31.07,768327
2025-03-09,600150.SH,31.07,31.5,31,31.22,475147
2025-03-10,600150.SH,30.95,31.36,30.8,31.3,376482
2025-03-11,600150.SH,31.31,31.35,30.88,30.91,407185
2025-03-12,600150.SH,30.9,31.9,30.57,31.5,580555
2025-03-13,600150.SH,31.6,31.95,31.26,31.78,726537
2025-03-16,600150.SH,32,32.77,31.88,31.93,833835
2025-03-17,600150.SH,31.83,31.96,31.5,31.63,494440
2025-03-18,600150.SH,31.51,31.59,31.32,31.36,302414
2025-03-19,600150.SH,31.4,31.85,31.28,31.58,469553
2025-03-20,600150.SH,31.46,32.77,31.41,32.43,1254887
2025-03-23,600150.SH,32.64,32.64,31.7,32.1,728787
2025-03-24,600150.SH,31.91,32.27,31.54,31.67,449639
2025-03-25,600150.SH,31.5,31.79,31.5,31.61,300514
2025-03-26,600150.SH,31.51,31.57,31.03,31.29,380206
2025-03-27,600150.SH,31.13,31.25,30.72,30.78,385532
2025-03-30,600150.SH,30.61,30.93,30.42,30.5,266089
2025-03-31,600150.SH,30.65,30.93,30.58,30.63,250647
2025-04-01,600150.SH,30.63,30.76,30.41,30.72,206871
2025-04-02,600150.SH,30.42,30.64,30.33,30.35,252127
2025-04-06,600150.SH,29,29,27.32,27.32,743016
2025-04-07,600150.SH,27.34,28.68,26.93,28.64,874431
2025-04-08,600150.SH,28.28,29.55,28.1,29.47,829731
2025-04-09,600150.SH,29.8,29.9,29.11,29.25,627000
2025-04-10,600150.SH,29.2,29.3,28.9,29.24,388507
2025-04-13,600150.SH,29.31,29.38,29.14,29.14,307310
2025-04-14,600150.SH,29.09,29.14,28.72,28.92,274318
2025-04-15,600150.SH,28.92,29.09,28.5,28.79,318671
2025-04-16,600150.SH,28.7,29.8,28.61,29.36,508102
2025-04-17,600150.SH,29.18,29.24,28.8,28.97,262285
2025-04-20,600150.SH,28.8,29.1,28.63,29.02,220714
2025-04-21,600150.SH,29.01,29.28,29,29.1,234636
2025-04-22,600150.SH,29.16,29.27,28.95,29.1,228072
2025-04-23,600150.SH,29.1,29.1,28.78,28.8,190237
2025-04-24,600150.SH,28.85,29.38,28.78,29.22,317415
2025-04-27,600150.SH,29.21,29.35,28.96,28.97,193534
2025-04-28,600150.SH,29,29.52,28.86,29.52,351134
2025-04-29,600150.SH,29.55,29.61,29.24,29.28,293356
2025-05-05,600150.SH,29.37,29.68,29.36,29.59,283884
2025-05-06,600150.SH,29.85,30.26,29.56,30.07,604864
2025-05-07,600150.SH,29.91,30.18,29.8,30.14,373620
2025-05-08,600150.SH,30.74,30.82,30.14,30.18,574503
2025-05-11,600150.SH,30.28,33.2,30.02,33.06,1728458
2025-05-12,600150.SH,32.73,32.73,31.55,31.59,1081706
2025-05-13,600150.SH,31.59,31.8,31.42,31.68,483250
2025-05-14,600150.SH,31.67,31.9,31.31,31.38,436388
2025-05-15,600150.SH,31.3,31.7,31.14,31.37,318592
2025-05-18,600150.SH,31.48,31.58,31.26,31.43,266004
2025-05-19,600150.SH,31.4,31.65,31.19,31.47,303483
2025-05-20,600150.SH,31.5,31.99,31.35,31.8,413913
2025-05-21,600150.SH,31.8,31.8,31.25,31.28,278901
2025-05-22,600150.SH,31.22,31.46,31.02,31.06,248886
2025-05-25,600150.SH,31.06,31.19,30.88,31.06,211496
2025-05-26,600150.SH,31.09,31.12,30.71,30.87,178837
2025-05-27,600150.SH,30.86,30.91,30.52,30.61,192631
2025-05-28,600150.SH,30.61,30.86,30.51,30.75,194246
2025-05-29,600150.SH,30.65,30.99,30.47,30.67,260834
2025-06-02,600150.SH,30.66,30.96,30.61,30.79,228257
2025-06-03,600150.SH,30.79,31,30.67,30.93,203754
2025-06-04,600150.SH,30.85,30.91,30.6,30.75,249594
2025-06-05,600150.SH,30.8,30.9,30.62,30.76,198383
2025-06-08,600150.SH,30.77,31.05,30.77,30.92,265803
2025-06-09,600150.SH,30.97,30.97,30.18,30.27,355196
2025-06-10,600150.SH,30.43,30.76,30.28,30.61,257717
2025-06-11,600150.SH,30.56,30.56,30.31,30.49,175774
2025-06-12,600150.SH,30.56,30.9,30.54,30.77,311749
2025-06-15,600150.SH,30.76,31.12,30.51,30.98,267660
2025-06-16,600150.SH,30.98,31.1,30.81,31.1,219676
2025-06-17,600150.SH,31.1,31.4,31.03,31.19,366700
2025-06-18,600150.SH,31.18,31.18,30.42,30.77,364377
2025-06-19,600150.SH,30.72,31.11,30.6,30.84,245026
2025-06-22,600150.SH,30.7,31.09,30.5,31.04,292388
2025-06-23,600150.SH,30.82,31.04,30.76,30.96,308793
2025-06-24,600150.SH,30.96,31.52,30.89,31.51,485523
2025-06-25,600150.SH,31.41,32.38,31.36,31.69,701785
2025-06-26,600150.SH,31.61,32.05,31.52,31.82,404695
2025-06-29,600150.SH,32.1,32.66,32.1,32.54,607467
2025-06-30,600150.SH,32.59,33.47,32.32,33.33,803647
2025-07-01,600150.SH,33.66,33.8,32.96,33.03,745185
2025-07-02,600150.SH,33.03,33.5,32.68,33.26,545473
2025-07-03,600150.SH,33.3,33.32,32.7,32.81,446148
2025-07-06,600150.SH,33.6,33.7,32.91,33.2,617247
2025-07-07,600150.SH,33.19,33.2,32.71,32.97,437764
2025-07-08,600150.SH,32.9,33.05,32.4,32.52,421604
2025-07-09,600150.SH,32.49,32.61,32.34,32.38,352902
2025-07-10,600150.SH,32.84,35.33,32.82,34.77,1781811
2025-07-13,600150.SH,34.5,34.59,33.71,33.73,824076
2025-07-14,600150.SH,33.75,34.23,33.69,33.95,507250
2025-07-15,600150.SH,33.98,34.09,33.7,33.77,330280
2025-07-16,600150.SH,33.79,33.97,33.55,33.87,435056
2025-07-17,600150.SH,33.88,34.19,33.78,34.08,408672
2025-07-20,600150.SH,35.02,35.27,34.31,34.79,834171
2025-07-21,600150.SH,34.8,34.92,34.41,34.7,543944
2025-07-22,600150.SH,34.7,34.98,34.48,34.6,505003
2025-07-23,600150.SH,34.59,34.96,34.43,34.89,459812
2025-07-24,600150.SH,34.89,35.5,34.59,35.13,600475
2025-07-27,600150.SH,35.17,35.23,34.66,34.9,486345
2025-07-28,600150.SH,34.76,35.25,34.61,35.02,379711
2025-07-29,600150.SH,35.02,35.33,34.6,34.82,499719
2025-07-30,600150.SH,34.61,34.82,34.14,34.33,546744
2025-07-31,600150.SH,34.2,34.37,33.79,33.88,413384
2025-08-03,600150.SH,33.75,34.12,33.58,34.04,385901
2025-08-04,600150.SH,35.2,35.3,34.28,35.01,963115
2025-08-05,600150.SH,35.47,38.51,35.13,38.51,2241050
2025-08-06,600150.SH,40,40.1,38.12,38.6,2419918
2025-08-07,600150.SH,38.5,39.99,38.3,38.99,1530248
2025-08-10,600150.SH,39.15,39.25,37.8,37.88,1483287
2025-08-11,600150.SH,37.88,39.23,37.2,38.5,1583928
2025-08-18,600150.SH,40.98,40.98,38.38,38.38,2474328
2025-08-19,600150.SH,37.89,37.9,35.5,37.1,1529543
2025-08-20,600150.SH,37.1,37.3,36.6,36.72,953612
2025-08-21,600150.SH,36.72,37.03,36.25,36.93,1094618
2025-08-24,600150.SH,36.96,38.02,36.95,37.43,1332769
2025-08-25,600150.SH,37.53,37.53,36.9,36.9,1028288
2025-08-26,600150.SH,36.9,37.38,36.52,36.54,983190
2025-08-27,600150.SH,36.49,36.83,35.88,36.82,899411
2025-08-28,600150.SH,36.84,37.55,36.78,37.38,1158859
2025-08-31,600150.SH,37.78,39.15,37.25,38.92,1642590
2025-09-01,600150.SH,38.92,38.94,37.88,38.45,1030939
2025-09-02,600150.SH,38.84,38.93,37.02,37.52,1171545
2025-09-03,600150.SH,37.3,38.85,37.05,38.53,1501007
2025-09-04,600150.SH,38.56,39.56,38.2,39.46,1551131
2025-09-07,600150.SH,39.17,39.19,38.19,38.38,1023513
2025-09-08,600150.SH,38.16,38.48,37.73,37.84,662254
2025-09-09,600150.SH,37.71,38.29,37.28,37.98,658958
2025-09-10,600150.SH,37.85,37.97,37.28,37.93,673732
2025-09-11,600150.SH,38.12,38.67,37.89,38.02,636046
2025-09-14,600150.SH,38.01,38.8,37.55,38.51,837630
2025-09-15,600150.SH,38.07,38.07,36.88,37.04,1449714
2025-09-16,600150.SH,37,37,36.02,36.07,1356588
2025-09-17,600150.SH,35.9,36.45,35,35.25,1621817
2025-09-18,600150.SH,35.15,35.48,35.07,35.21,675692
2025-09-21,600150.SH,35.21,35.8,34.53,35.77,994574
2025-09-22,600150.SH,35.8,35.8,34.82,35.07,744907
2025-09-23,600150.SH,34.8,35.34,34.78,35.19,554119
2025-09-24,600150.SH,34.97,35.08,34.72,34.89,597999
2025-09-25,600150.SH,34.8,35.4,34.69,34.9,598119
2025-09-28,600150.SH,34.75,35.17,34.33,34.57,841153
2025-09-29,600150.SH,34.65,34.84,34.41,34.6,865589
2025-10-08,600150.SH,34.47,35.05,34.25,35.04,1031166
2025-10-09,600150.SH,35.03,35.29,34.85,34.95,862229
2025-10-12,600150.SH,34,34.83,33.83,34.69,808580
2025-10-13,600150.SH,34.99,35.8,34.93,35.29,1172839
2025-10-14,600150.SH,35.29,35.35,34.78,35.33,779657
2025-10-15,600150.SH,35.26,35.64,35.13,35.29,664834
2025-10-16,600150.SH,35.26,35.61,34.6,34.66,800893
2025-10-19,600150.SH,34.8,35.28,34.58,34.89,552673
2025-10-20,600150.SH,35.31,36.5,35.31,36.29,1497434
2025-10-21,600150.SH,36,36.18,35.55,35.65,771881
2025-10-22,600150.SH,35.63,35.68,35.07,35.45,528288
2025-10-23,600150.SH,35.47,36.07,35.47,35.72,669271
2025-10-26,600150.SH,36.2,36.97,36.17,36.55,1277787
2025-10-27,600150.SH,36.5,36.85,36.28,36.62,898148
2025-10-28,600150.SH,36.66,36.8,36.34,36.73,794834
2025-10-29,600150.SH,36.67,36.68,36.02,36.04,850832
2025-10-30,600150.SH,36.41,36.76,35.86,35.9,829803
2025-11-02,600150.SH,35.8,36.49,35.73,36.43,760574
2025-11-03,600150.SH,36.46,36.55,35.88,36.25,696234
2025-11-04,600150.SH,35.91,36.44,35.71,36.15,591953
2025-11-05,600150.SH,36.09,36.25,35.84,35.95,602283
2025-11-06,600150.SH,35.96,36.85,35.8,35.81,1286003
2025-11-09,600150.SH,35.66,35.66,34.92,35.23,937584
2025-11-10,600150.SH,35.38,35.59,34.81,34.82,708096
2025-11-11,600150.SH,34.78,34.78,34.27,34.46,589559
2025-11-12,600150.SH,34.46,34.62,34.43,34.6,462701
2025-11-13,600150.SH,34.47,34.61,34.3,34.31,357151
2025-11-16,600150.SH,34.8,35.18,34.58,34.65,786772
2025-11-17,600150.SH,34.64,34.64,34,34.02,558126
2025-11-18,600150.SH,34.03,35.05,33.93,34.98,1106140
2025-11-19,600150.SH,34.7,34.82,34.4,34.41,586293
2025-11-20,600150.SH,34.2,34.83,33.95,34.26,841279
2025-11-23,600150.SH,34.17,35.5,34.1,35.49,1425619
2025-11-24,600150.SH,35.3,35.31,34.81,34.93,993883
2025-11-25,600150.SH,34.76,34.78,34.11,34.23,781562
2025-11-26,600150.SH,34.2,34.31,34.09,34.14,412673
2025-11-27,600150.SH,34.16,34.55,34.07,34.37,469273
2025-11-30,600150.SH,34.26,34.43,34.16,34.34,434067
2025-12-01,600150.SH,34.37,34.65,34.27,34.36,520464
2025-12-02,600150.SH,34.21,34.34,33.83,33.83,592071
2025-12-03,600150.SH,33.7,33.82,33.32,33.5,497780
2025-12-04,600150.SH,33.56,33.89,33.48,33.77,397738
2025-12-07,600150.SH,33.85,34.35,33.73,33.74,472896
2025-12-08,600150.SH,34.66,35.48,34.56,34.56,1385630
2025-12-09,600150.SH,34.33,34.8,34.32,34.66,538567
2025-12-10,600150.SH,34.65,34.7,34.04,34.09,474428
2025-12-11,600150.SH,34.08,34.47,34.01,34.21,509974
2025-12-14,600150.SH,34.12,34.24,33.8,33.81,434375
2025-12-15,600150.SH,33.82,33.82,32.8,32.81,685541
2025-12-16,600150.SH,32.68,33.02,32.48,32.95,467912
2025-12-17,600150.SH,32.71,32.89,32.64,32.65,352304
2025-12-18,600150.SH,32.65,33.2,32.61,33.2,442694
2025-12-21,600150.SH,33.16,33.34,33.09,33.17,372160
2025-12-22,600150.SH,33.18,33.39,32.91,33.28,422381
2025-12-23,600150.SH,33.18,33.44,33.11,33.37,336765
2025-12-24,600150.SH,33.34,33.96,33.27,33.84,490564
2025-12-25,600150.SH,33.76,33.88,33.51,33.68,449135
2025-12-28,600150.SH,33.66,33.88,33.47,33.54,349135
2025-12-29,600150.SH,33.54,33.71,33.25,33.26,375980
2025-12-30,600150.SH,33.27,33.56,33.17,33.26,392238
2026-01-04,600150.SH,33.41,34.58,33.41,34.48,1061571
2026-01-05,600150.SH,34.3,35.25,34.23,35.11,973088
2026-01-06,600150.SH,35.05,35.07,34.43,34.47,687795
2026-01-07,600150.SH,34.47,36.23,34.45,35.88,1509154
2026-01-08,600150.SH,35.95,36.23,35.5,35.77,992664
2026-01-11,600150.SH,35.79,36.4,35.79,36.14,967612
2026-01-12,600150.SH,36.1,36.36,35.5,35.85,908737
2026-01-13,600150.SH,35.66,36.46,35.5,35.73,1031283
2026-01-14,600150.SH,35.45,36.29,35.43,36,764586
2026-01-15,600150.SH,36.03,36.05,35.22,35.33,760223
2026-01-18,600150.SH,35.05,36.09,34.86,35.75,722968
2026-01-19,600150.SH,35.7,36.05,35.35,35.57,560928
2026-01-20,600150.SH,35.51,36,35.17,35.27,798164
2026-01-21,600150.SH,35.4,36.4,35.29,36.06,1273102
2026-01-22,600150.SH,36.07,36.66,35.43,35.53,1175213
2026-01-25,600150.SH,35.56,36.1,35.14,35.34,981191
2026-01-26,600150.SH,35.33,35.35,34.77,34.9,685695
2026-01-27,600150.SH,35.03,35.75,34.62,34.69,953372
2026-01-28,600150.SH,34.62,34.73,33.91,34.57,996602
2026-01-29,600150.SH,34.6,34.71,33.21,33.54,1059073
2026-02-01,600150.SH,33.7,34.46,33.05,33.1,1007225
2026-02-02,600150.SH,33.4,34.71,33.26,34.62,1355656
2026-02-03,600150.SH,34.49,35.6,34.39,35.11,1104590
2026-02-04,600150.SH,34.99,35.24,34.38,34.66,565076
2026-02-05,600150.SH,34.42,34.53,33.82,33.91,640752
2026-02-08,600150.SH,34.21,34.36,33.93,34.09,430966
2026-02-09,600150.SH,34.12,34.85,33.91,34.8,875773
2026-02-10,600150.SH,34.75,35.44,34.56,34.99,857185
2026-02-11,600150.SH,34.85,36.48,34.69,36.06,1454636
2026-02-12,600150.SH,35.9,36.75,35.87,36.35,1259759
2026-02-23,600150.SH,36.69,37.9,36.4,37.32,1353908
2026-02-24,600150.SH,37.14,38.3,37.12,38.1,1512818
2026-02-25,600150.SH,37.95,38.2,37.68,38.11,867160
2026-02-26,600150.SH,38,38.28,37.59,37.75,878614
2026-03-01,600150.SH,38.1,38.38,37.67,38.13,1185762
2026-03-02,600150.SH,38.31,39.07,37.48,37.57,1318067
2026-03-03,600150.SH,37.29,38.86,36.78,38.56,1509048
2026-03-04,600150.SH,38.8,39.27,38.51,38.76,1060742
2026-03-05,600150.SH,38.55,39.45,38.43,38.93,983634
2026-03-08,600150.SH,38.64,38.78,37.25,37.32,1223581
2026-03-09,600150.SH,37.6,37.96,36.95,37,803308
2026-03-10,600150.SH,37.01,37.09,36.37,36.56,804612
2026-03-11,600150.SH,36.58,36.65,35.77,36,780189
2026-03-12,600150.SH,35.89,35.98,35.08,35.18,790381
2026-03-15,600150.SH,35.6,35.61,34.63,34.91,810469
2026-03-16,600150.SH,34.95,35.2,34.36,34.4,801264
2026-03-17,600150.SH,34.46,34.6,34.02,34.58,708021
2026-03-18,600150.SH,34.17,34.71,34.05,34.16,801953
2026-03-19,600150.SH,34.38,34.41,33.15,33.15,970724
2026-03-22,600150.SH,32.49,32.5,30.83,31.13,1384161
2026-03-23,600150.SH,31.52,31.73,31.1,31.58,774084
2026-03-24,600150.SH,31.81,32.06,31.64,31.85,714826
2026-03-25,600150.SH,31.85,31.85,30.52,30.67,832688
2026-03-26,600150.SH,30.29,30.98,30,30.84,529242
2026-03-29,600150.SH,30.35,30.78,30.16,30.55,567154
2026-03-30,600150.SH,30.9,31.53,30.81,30.84,825881
2026-03-31,600150.SH,31.3,31.44,30.88,31.05,573898
2026-04-01,600150.SH,31,31.21,30.62,30.9,479427
2026-04-02,600150.SH,30.91,31,30.4,30.51,364583
2026-04-06,600150.SH,30.55,32.29,30.55,31.98,1125420
2026-04-07,600150.SH,32.26,32.43,31.81,32.42,1019298
2026-04-08,600150.SH,32.15,32.33,31.91,32.23,552745
2026-04-09,600150.SH,32.3,32.88,32.3,32.65,600439
2026-04-12,600150.SH,32.37,32.83,32.23,32.66,521050
2026-04-13,600150.SH,33.28,33.4,32.71,33,581181
2026-04-14,600150.SH,33.2,33.2,32.55,32.71,508909
2026-04-15,600150.SH,32.76,33.18,32.63,32.72,545939
2026-04-16,600150.SH,32.61,33.12,32.24,33.03,635352
2026-04-19,600150.SH,33.12,35.42,33.09,35.28,1796601
2026-04-20,600150.SH,35.44,36.61,35.44,36.32,1494088
2026-04-21,600150.SH,36,36.64,35.9,36.48,908800
2026-04-22,600150.SH,36.52,38.91,36.51,38.6,2419553
2026-04-23,600150.SH,38.6,39.2,38.01,38.8,1601599
2026-04-26,600150.SH,38.8,39.3,38.08,38.41,1085257
2026-04-27,600150.SH,38.71,41.97,38.59,41.32,2628896
2026-04-28,600150.SH,41,41.48,40.84,41.16,1122602
2026-04-29,600150.SH,43,43.42,41.5,41.76,2533775
2026-05-05,600150.SH,41.02,41.52,39.74,41.18,2245588
2026-05-06,600150.SH,40.99,41.93,40.38,40.61,1253757
2026-05-07,600150.SH,40.6,41.8,39.93,41.15,1340817
2026-05-10,600150.SH,40.89,41.38,40.43,41.18,1145185
2026-05-11,600150.SH,41.2,41.68,40.09,40.5,1128202
2026-05-12,600150.SH,40.6,42.04,40.6,41.77,1483540
2026-05-13,600150.SH,41.56,41.8,40.2,40.22,1007488
2026-05-14,600150.SH,40.8,41.66,40.1,40.55,1004478
2026-05-17,600150.SH,40.2,40.55,38.01,38.17,1548147
2026-05-18,600150.SH,38.4,38.52,37.35,37.49,932417
2026-05-19,600150.SH,37.47,39.15,37.08,38.7,1062498
2026-05-20,600150.SH,38.65,40.44,38.32,38.4,1217573
2026-05-21,600150.SH,39.44,39.48,38.06,38.4,980710
2026-05-24,600150.SH,38.33,38.94,37.65,37.9,798279
2026-05-25,600150.SH,37.74,38.7,37.11,38.69,989381
2026-05-26,600150.SH,38.5,39.99,37.6,38.02,1200232
2026-05-27,600150.SH,37.75,38.37,37.08,38.18,911771
2026-05-28,600150.SH,38,38.46,37.12,37.38,810830
2026-05-31,600150.SH,37.38,37.63,36.63,36.74,759067
2026-06-01,600150.SH,36.63,36.74,35.82,36.45,747759
2026-06-02,600150.SH,36.51,37,36.02,36.33,618827
2026-06-03,600150.SH,36.01,37.5,36,36.89,858509
2026-06-04,600150.SH,36.8,37.18,35.85,35.95,891306
2026-06-07,600150.SH,35.23,36.18,34.6,34.83,851667
2026-06-08,600150.SH,34.95,35.25,34.08,34.65,858666
2026-06-09,600150.SH,34.6,35.32,33.93,35.06,859656
2026-06-10,600150.SH,34.75,34.93,34.15,34.45,614629
2026-06-11,600150.SH,34.7,35.68,34.64,34.89,1030478
2026-06-14,600150.SH,35.35,36.43,35.35,35.91,1171037
2026-06-15,600150.SH,35.92,36.49,35.46,35.99,788617
2026-06-16,600150.SH,35.98,37.16,35.88,37.15,1132133
2026-06-17,600150.SH,37.02,37.43,35.72,36.14,1182191
2026-06-21,600150.SH,35.9,37.35,35.5,37.33,1284417
2026-06-22,600150.SH,37.5,37.92,35.58,35.81,1249031
2026-06-23,600150.SH,35.81,36.44,35.3,35.35,852773
2026-06-24,600150.SH,35.09,35.96,34.77,35.33,921558
2026-06-25,600150.SH,35.2,35.29,33.21,33.4,1220541
2026-06-28,600150.SH,33.35,33.89,32.87,33.59,904847
2026-06-29,600150.SH,33.3,34.36,32.86,33.79,888221
2026-06-30,600150.SH,33.79,35.88,33.65,35.19,1368207
2026-07-01,600150.SH,35.23,36.23,34.25,34.36,1124443
2026-07-02,600150.SH,34.8,37.66,34.8,37.15,1881515
2026-07-05,600150.SH,36.95,38.09,36.95,37.64,1521030
2026-07-06,600150.SH,37.64,38.18,36.95,37.33,975057
2026-07-07,600150.SH,37.32,37.32,35.46,35.98,1381369
2026-07-08,600150.SH,35.99,36.63,35,36.06,1146794
2026-07-09,600150.SH,36,38.26,35.73,37.04,1946673
2026-07-12,600150.SH,36.94,36.94,33.77,34.21,2166009
2026-07-13,600150.SH,34.16,34.68,33.08,33.77,1508391
2026-07-14,600150.SH,33.55,34.38,33.33,34.31,995213
2026-07-15,600150.SH,34.01,34.05,32.95,33,1221496
2026-07-16,600150.SH,32.69,32.88,32.12,32.34,939558
2026-07-19,600150.SH,32.28,33.16,32.1,33.01,998988
2026-07-20,600150.SH,33.7,33.7,32.54,32.96,932801
2026-07-21,600150.SH,32.88,33.8,32.67,33.02,1083698
2026-07-22,600150.SH,33.27,33.87,32.68,33.76,1066949
2026-07-23,600150.SH,33.7,33.87,32.93,33.06,794522
2026-07-26,600150.SH,33.3,33.55,32.95,33.53,621576
2026-07-27,600150.SH,33.12,33.86,32.91,33.49,850435
2026-07-28,600150.SH,33.9,34.96,33.69,34.73,1367703
2026-07-29,600150.SH,34.63,34.73,34.32,34.63,780076
2026-07-30,600150.SH,34.33,35.26,34.2,35.18,983411
2026-08-02,600150.SH,35.02,35.18,34.62,35.1,647688
2026-08-03,600150.SH,34.93,35.05,34.4,34.48,754154
2026-08-04,600150.SH,34.59,35.36,34.2,35.2,993464
2026-08-05,600150.SH,34.9,35.12,34.54,34.9,678005
2026-08-06,600150.SH,34.9,35.35,34.58,34.85,955453
2026-08-09,600150.SH,34.77,35.28,34.63,34.83,818317
2026-08-10,600150.SH,34.8,35.03,33.96,33.97,1000970
2026-08-11,600150.SH,33.76,33.94,33.51,33.89,618362
2026-08-12,600150.SH,33.88,34.3,33.74,33.78,654359
2026-08-13,600150.SH,33.75,34.19,33.33,33.42,718783
2026-08-16,600150.SH,33.31,33.83,33.1,33.65,573162
2026-08-17,600150.SH,33.7,33.79,33.28,33.49,498258
2026-08-18,600150.SH,33.43,33.43,32.94,33.14,641601
2026-08-19,600150.SH,33.13,33.8,32.93,32.99,576018
2026-08-20,600150.SH,32.83,33.79,32.59,33.68,760207
2026-08-23,600150.SH,33.59,34.39,33.58,33.8,623120
2026-08-24,600150.SH,33.73,34.08,33.58,33.84,425124
2026-08-25,600150.SH,33.84,34.43,33.77,34.11,644757
2026-08-26,600150.SH,34.15,34.59,33.85,34.52,584752
2026-08-27,600150.SH,34.45,35.01,34.38,34.78,665665
2026-08-30,600150.SH,34.8,34.81,33.62,34.08,888333
2026-08-31,600150.SH,33.99,34.68,33.89,34.43,816377
2026-09-01,600150.SH,34.2,34.47,33.73,33.93,710157
2026-09-02,600150.SH,34.1,35.04,34.1,34.32,1007900
2026-09-03,600150.SH,34.5,37.75,34.5,37.47,3377447
2026-09-06,600150.SH,37.74,38.82,37.5,38.38,2319546
2026-09-07,600150.SH,38.56,39.69,38.29,39.08,1496585
2026-09-08,600150.SH,38.84,39.69,38.45,39.53,1193542
2026-09-09,600150.SH,39.25,41.18,39.25,40.82,1757402
2026-09-10,600150.SH,39.5,40,38.9,39.75,1832758
2026-09-13,600150.SH,39.74,40.82,38.95,38.98,1463873
2026-09-14,600150.SH,38.5,38.96,38.06,38.16,1218125
2026-09-15,600150.SH,38.25,38.38,37.41,37.79,899264
2026-09-16,600150.SH,37.75,39.32,37.46,38.96,1189282
2026-09-17,600150.SH,38.6,39.97,38.28,39.47,1137487
2026-09-20,600150.SH,39.34,41.08,38.84,41.02,1319707
2026-09-21,600150.SH,40.86,41.1,39.78,40.12,986463
2026-09-22,600150.SH,40.04,40.14,38.53,38.59,841875
2026-09-23,600150.SH,38.59,38.85,38.02,38.09,642630
2026-09-27,600150.SH,38.37,38.94,37.84,38.08,982418
2026-09-28,600150.SH,37.97,39.15,37.57,38.95,959006
2026-09-29,600150.SH,39.13,39.93,39.01,39.1,833419
2022-08-16,002415.SZ,31.45,31.71,31.11,31.65,479175
2022-08-17,002415.SZ,31.56,31.56,31.25,31.3,383052
2022-08-18,002415.SZ,31.3,31.39,30.91,30.97,462920
2022-08-21,002415.SZ,30.81,31.19,30.57,30.99,423629
2022-08-22,002415.SZ,30.86,31.12,30.6,30.82,351184
2022-08-23,002415.SZ,30.8,30.82,30,30.23,642143
2022-08-24,002415.SZ,30.24,30.3,29.31,29.44,680811
2022-08-25,002415.SZ,29.53,30.24,29.26,29.93,533704
2022-08-28,002415.SZ,29.58,29.95,29.38,29.95,361385
2022-08-29,002415.SZ,29.85,30.15,29.7,29.82,271347
2022-08-30,002415.SZ,29.78,30.05,29.6,29.87,354560
2022-08-31,002415.SZ,29.79,30.03,29.65,29.7,315608
2022-09-01,002415.SZ,29.73,29.79,29.38,29.5,262828
2022-09-04,002415.SZ,29.49,29.49,28.1,28.39,720354
2022-09-05,002415.SZ,28.42,29.05,28.11,28.87,562060
2022-09-06,002415.SZ,28.7,29.01,28.39,28.55,435321
2022-09-07,002415.SZ,28.62,28.86,28.24,28.65,398821
2022-09-08,002415.SZ,28.61,29.1,28.5,28.98,443767
2022-09-12,002415.SZ,29.08,29.67,29.07,29.62,558434
2022-09-13,002415.SZ,29.2,29.42,29.01,29.25,352421
2022-09-14,002415.SZ,29.3,29.67,28.81,28.99,408220
2022-09-15,002415.SZ,30.2,30.7,29.53,29.8,1157651
2022-09-18,002415.SZ,29.51,29.99,28.8,29.65,532512
2022-09-19,002415.SZ,29.69,30.38,29.53,30.23,498628
2022-09-20,002415.SZ,30.2,30.68,29.81,30.24,456445
2022-09-21,002415.SZ,30,30.59,29.58,29.59,433541
2022-09-22,002415.SZ,29.49,29.55,28.7,29.05,487608
2022-09-25,002415.SZ,28.73,29.15,28.61,28.88,348585
2022-09-26,002415.SZ,28.9,29.47,28.75,29.45,330106
2022-09-27,002415.SZ,29.3,30.46,29.24,30.1,741447
2022-09-28,002415.SZ,30.19,30.49,30.05,30.41,488332
2022-09-29,002415.SZ,30.22,30.69,30.04,30.42,415771
2022-10-09,002415.SZ,30.42,30.42,29.05,29.1,475814
2022-10-10,002415.SZ,29.1,29.69,28.61,29.3,322503
2022-10-11,002415.SZ,29.2,29.37,28.5,29.37,382797
2022-10-12,002415.SZ,29.09,29.95,28.83,29.5,339930
2022-10-13,002415.SZ,29.73,30.6,29.35,30.28,544783
2022-10-16,002415.SZ,30.05,31.36,29.85,31.29,612672
2022-10-17,002415.SZ,31.31,31.38,30.76,31.05,394320
2022-10-18,002415.SZ,30.97,30.97,30.15,30.16,349938
2022-10-19,002415.SZ,30,30.87,29.96,30.45,349590
2022-10-20,002415.SZ,30.47,30.58,30.01,30.18,229183
2022-10-23,002415.SZ,30.14,30.43,29.45,29.6,365916
2022-10-24,002415.SZ,29.4,29.49,28.8,29.02,343959
2022-10-25,002415.SZ,29.1,29.68,29.02,29.36,318774
2022-10-26,002415.SZ,29.4,30.15,29.24,29.87,364754
2022-10-27,002415.SZ,29.75,29.77,28.11,28.4,799359
2022-10-30,002415.SZ,27.01,28.72,26.8,28.42,784491
2022-10-31,002415.SZ,28.38,28.87,27.92,28.85,398901
2022-11-01,002415.SZ,28.58,29.6,28.57,29.3,515792
2022-11-02,002415.SZ,29.1,29.44,28.8,29.31,332390
2022-11-03,002415.SZ,29.2,30.2,29.12,30.02,570378
2022-11-06,002415.SZ,29.81,30.15,29.68,29.83,357712
2022-11-07,002415.SZ,29.78,29.79,29.31,29.57,304936
2022-11-08,002415.SZ,29.4,29.61,28.85,28.97,319411
2022-11-09,002415.SZ,28.8,28.95,28.56,28.68,263089
2022-11-10,002415.SZ,29.57,30.05,28.86,29.81,655618
2022-11-13,002415.SZ,29.82,30.6,29.82,30.59,629945
2022-11-14,002415.SZ,30.55,31.8,30.22,31.78,899182
2022-11-15,002415.SZ,31.71,31.9,31.36,31.42,497212
2022-11-16,002415.SZ,31.5,31.66,30.95,31.57,362666
2022-11-17,002415.SZ,31.65,32.96,31.61,32.44,888624
2022-11-20,002415.SZ,32.18,32.69,31.27,32.54,609378
2022-11-21,002415.SZ,32.3,32.52,31.64,31.89,348375
2022-11-22,002415.SZ,31.95,32.28,30.95,31.31,374304
2022-11-23,002415.SZ,31.4,31.48,31.08,31.2,196123
2022-11-24,002415.SZ,31.2,31.48,30.86,30.9,232385
2022-11-27,002415.SZ,29.7,30.99,29.53,30.37,404537
2022-11-28,002415.SZ,30.38,31.8,30.38,31.64,420180
2022-11-29,002415.SZ,31.59,32.28,31.23,31.51,371433
2022-11-30,002415.SZ,32.2,32.57,31.81,32.05,381121
2022-12-01,002415.SZ,31.82,32.26,31.82,31.95,237553
2022-12-04,002415.SZ,32.5,33.52,32.02,33.43,788563
2022-12-05,002415.SZ,33.22,34.88,33.18,34.12,808711
2022-12-06,002415.SZ,34.11,34.4,33.57,33.8,354191
2022-12-07,002415.SZ,33.7,33.96,33.3,33.7,345999
2022-12-08,002415.SZ,33.65,35.1,33.55,34.54,640499
2022-12-11,002415.SZ,34.5,34.99,34.25,34.39,465357
2022-12-12,002415.SZ,34.36,34.99,34.36,34.62,310578
2022-12-13,002415.SZ,34.65,35.66,34.53,34.99,466705
2022-12-14,002415.SZ,35,35.21,34.42,34.91,286213
2022-12-15,002415.SZ,34.54,35.5,34.32,34.34,284113
2022-12-18,002415.SZ,34.97,34.97,34.02,34.2,301657
2022-12-19,002415.SZ,34.29,34.39,33.01,33.45,471980
2022-12-20,002415.SZ,33.47,33.94,33.22,33.66,208267
2022-12-21,002415.SZ,33.97,34.74,33.8,34,288722
2022-12-22,002415.SZ,34,34.93,33.6,34.63,306545
2022-12-25,002415.SZ,34.63,35.2,34.41,34.92,276617
2022-12-26,002415.SZ,34.98,35.26,34.34,34.51,324946
2022-12-27,002415.SZ,34.54,34.55,33.55,34,378824
2022-12-28,002415.SZ,33.7,34.3,33.38,34.25,331507
2022-12-29,002415.SZ,34.4,34.79,34.09,34.68,297998
2023-01-02,002415.SZ,34.6,34.94,34.01,34.29,300608
2023-01-03,002415.SZ,34.16,34.47,33.35,33.92,345958
2023-01-04,002415.SZ,33.92,34.66,33.85,34.35,376571
2023-01-05,002415.SZ,34.35,34.35,33.67,33.75,271466
2023-01-08,002415.SZ,33.5,33.8,33.01,33.07,454191
2023-01-09,002415.SZ,33.08,33.57,32.19,33.34,447534
2023-01-10,002415.SZ,33.29,33.29,32.7,32.89,350216
2023-01-11,002415.SZ,32.89,33.15,32.51,32.66,280309
2023-01-12,002415.SZ,32.7,33.7,32.64,33.64,347173
2023-01-15,002415.SZ,33.62,35.03,33.44,34.67,584594
2023-01-16,002415.SZ,34.7,35.25,34.63,34.75,285820
2023-01-17,002415.SZ,34.7,35.66,34.6,35.16,380380
2023-01-18,002415.SZ,35.14,36.9,35,36.79,615355
2023-01-19,002415.SZ,36.66,38,36.61,36.73,469366
2023-01-29,002415.SZ,37.11,38.56,36.98,37.05,510443
2023-01-30,002415.SZ,37.05,37.68,35.66,35.85,494704
2023-01-31,002415.SZ,35.86,36.65,35.66,36.25,327069
2023-02-01,002415.SZ,36.24,37.26,35.99,36.39,353843
2023-02-02,002415.SZ,36.3,36.88,35.73,36.7,349943
2023-02-05,002415.SZ,36.6,37.55,36.23,36.52,498205
2023-02-06,002415.SZ,36.61,37.69,36.56,37.26,553709
2023-02-07,002415.SZ,37.28,37.29,36.66,36.9,320581
2023-02-08,002415.SZ,36.68,37.85,36.4,37.73,382055
2023-02-09,002415.SZ,37.73,37.74,36.4,36.7,403994
2023-02-12,002415.SZ,36.48,36.75,35.85,36.6,345028
2023-02-13,002415.SZ,36.6,36.64,35.94,36.18,239805
2023-02-14,002415.SZ,36.02,36.37,35.67,36.18,256272
2023-02-15,002415.SZ,36.17,38.52,36.17,37.39,1050073
2023-02-16,002415.SZ,36.99,37.44,36.51,36.51,454479
2023-02-19,002415.SZ,36,38.95,35.85,38.7,923026
2023-02-20,002415.SZ,38.7,39.78,38.26,38.76,611728
2023-02-21,002415.SZ,38.61,38.99,37.9,38.17,424493
2023-02-22,002415.SZ,38.18,38.35,37.47,37.74,286157
2023-02-23,002415.SZ,37.77,38.36,37.4,37.68,282331
2023-02-26,002415.SZ,37.52,37.85,37.11,37.22,262679
2023-02-27,002415.SZ,37.89,38.87,37.7,38.38,422214
2023-02-28,002415.SZ,38.38,39.9,38.3,39.81,666088
2023-03-01,002415.SZ,39.6,40.33,39.2,39.4,420749
2023-03-02,002415.SZ,39.5,39.59,38.75,39.37,285898
2023-03-05,002415.SZ,39.47,40.28,39.31,39.9,347939
2023-03-06,002415.SZ,39.85,40.67,38.69,38.92,373176
2023-03-07,002415.SZ,38.8,39.1,38.12,39,324065
2023-03-08,002415.SZ,39,39.09,38.11,38.32,349158
2023-03-09,002415.SZ,38.11,38.76,37.6,37.81,404164
2023-03-12,002415.SZ,37.4,39.36,37.37,39.21,520131
2023-03-13,002415.SZ,39.2,39.5,38.58,38.9,390504
2023-03-14,002415.SZ,39.39,40.88,38.93,39.08,717822
2023-03-15,002415.SZ,38.71,39.21,37.85,38.01,415925
2023-03-16,002415.SZ,38.4,40.8,38.38,40.35,946185
2023-03-19,002415.SZ,40.35,42.7,40.34,41.26,1120275
2023-03-20,002415.SZ,41.01,41.76,40.48,41,453716
2023-03-21,002415.SZ,41,42.88,40.99,42.8,721256
2023-03-22,002415.SZ,42.55,45,42.35,44.8,1049297
2023-03-23,002415.SZ,44.8,45.01,43.34,44.6,674000
2023-03-26,002415.SZ,44,46.34,43.02,43.61,1020359
2023-03-27,002415.SZ,43.56,43.56,42.08,42.45,673982
2023-03-28,002415.SZ,42.45,43.51,41.59,42.8,494972
2023-03-29,002415.SZ,42.59,42.7,40.72,41.6,705868
2023-03-30,002415.SZ,41.69,43.46,41.28,42.66,612882
2023-04-02,002415.SZ,42.9,43.65,41.04,42.43,914916
2023-04-03,002415.SZ,42.35,46.17,42,44.91,1111949
2023-04-05,002415.SZ,43.6,44.94,43.38,43.86,761112
2023-04-06,002415.SZ,43.9,46.8,43.9,45.58,784733
2023-04-09,002415.SZ,47.99,48.84,44.44,45.05,1023651
2023-04-10,002415.SZ,44.51,45.89,43.69,44.38,589569
2023-04-11,002415.SZ,44.31,46.68,44.31,46.37,654572
2023-04-12,002415.SZ,45.73,46.25,44.9,45.2,438488
2023-04-13,002415.SZ,45.08,45.17,43.1,44.56,682535
2023-04-16,002415.SZ,43.29,44.5,42.08,43.95,754625
2023-04-17,002415.SZ,43.85,44.35,42.45,43.54,546393
2023-04-18,002415.SZ,43.48,44.2,42.81,43.16,466695
2023-04-19,002415.SZ,43.16,43.55,40.57,41.62,1367787
2023-04-20,002415.SZ,41.4,42.05,39.7,39.72,891762
2023-04-23,002415.SZ,40.03,40.8,38.78,39.25,588258
2023-04-24,002415.SZ,39.2,39.47,36.96,37.45,1034495
2023-04-25,002415.SZ,37.47,37.8,36.43,37.1,716751
2023-04-26,002415.SZ,37,38.44,36.9,37.9,481494
2023-04-27,002415.SZ,37.54,38.15,37.23,37.75,435613
2023-05-03,002415.SZ,37.7,37.75,36.6,37.2,429395
2023-05-04,002415.SZ,37.17,37.46,35.66,36.06,605513
2023-05-07,002415.SZ,36.19,37.16,35.66,35.92,514451
2023-05-08,002415.SZ,35.95,36.4,35.22,35.95,397604
2023-05-09,002415.SZ,35.9,36.6,35.71,36.4,333926
2023-05-10,002415.SZ,36.42,36.68,36.01,36.27,238828
2023-05-11,002415.SZ,36.31,36.55,35.25,35.45,331062
2023-05-14,002415.SZ,35.48,35.6,34.6,35.36,414279
2023-05-15,002415.SZ,35.51,35.69,34.85,35.45,313996
2023-05-16,002415.SZ,35.25,35.29,34.77,35,265899
2023-05-17,002415.SZ,35.01,35.67,34.5,35.53,393148
2023-05-18,002415.SZ,35,35.87,34.35,35.62,483080
2023-05-21,002415.SZ,35.7,36.39,35.35,35.88,314084
2023-05-22,002415.SZ,35.88,37,35.83,36.68,450154
2023-05-23,002415.SZ,36.4,36.46,35.8,36,255378
2023-05-24,002415.SZ,35.95,36.35,34.59,34.95,442214
2023-05-25,002415.SZ,35.2,35.61,34.46,35.44,348414
2023-05-28,002415.SZ,35.44,35.67,33.7,34,577366
2023-05-29,002415.SZ,34,35.19,33.8,35.16,376374
2023-05-30,002415.SZ,35.17,35.48,34.6,34.86,257120
2023-05-31,002415.SZ,34.89,36.4,34.44,35.9,507622
2023-06-01,002415.SZ,35.9,36.08,35.48,35.91,296013
2023-06-04,002415.SZ,35.92,36.58,35.61,36,341780
2023-06-05,002415.SZ,36,36.18,34.89,34.9,311117
2023-06-06,002415.SZ,34.86,35.2,34.5,34.72,244922
2023-06-07,002415.SZ,34.65,35,34.31,34.55,185684
2023-06-08,002415.SZ,34.6,34.64,31.39,32.36,1186535
2023-06-11,002415.SZ,32.16,32.56,31.21,31.75,813858
2023-06-12,002415.SZ,31.85,33.76,31.67,33.58,781269
2023-06-13,002415.SZ,33.5,34.03,33.18,33.37,462297
2023-06-14,002415.SZ,33.38,33.87,32.9,33.44,369680
2023-06-15,002415.SZ,33.76,35.46,33.21,35.14,625822
2023-06-18,002415.SZ,35.14,36.58,34.76,36.15,704937
2023-06-19,002415.SZ,36.07,36.65,35.61,36.34,505903
2023-06-20,002415.SZ,36.17,36.17,35.16,35.16,395455
2023-06-25,002415.SZ,34.67,35.1,33.8,33.84,423554
2023-06-26,002415.SZ,34.02,34.5,33.81,34.1,347781
2023-06-27,002415.SZ,34.15,34.22,32.85,33.74,369919
2023-06-28,002415.SZ,33.73,34.04,33.19,33.37,259115
2023-06-29,002415.SZ,33.38,33.62,32.94,33.11,342204
2023-07-02,002415.SZ,33.12,33.67,33.08,33.4,346354
2023-07-03,002415.SZ,33.34,35.11,33.15,34.59,582922
2023-07-04,002415.SZ,34.51,34.55,33.9,34.27,293648
2023-07-05,002415.SZ,34.08,34.51,33.68,33.88,278128
2023-07-06,002415.SZ,33.55,33.59,32.86,33.3,231790
2023-07-09,002415.SZ,33.51,34.07,33.15,34.05,263892
2023-07-10,002415.SZ,34,34.37,33.88,34.2,208076
2023-07-11,002415.SZ,34.21,34.68,33.75,34.29,299861
2023-07-12,002415.SZ,34.29,34.95,34.29,34.88,256819
2023-07-13,002415.SZ,34.82,35.25,34.55,34.65,224811
2023-07-16,002415.SZ,34.6,34.65,33.99,34.21,169352
2023-07-17,002415.SZ,34.17,34.44,34,34.07,170717
2023-07-18,002415.SZ,34.02,34.3,33.91,34.29,135276
2023-07-19,002415.SZ,34.62,34.76,33.8,33.82,185099
2023-07-20,002415.SZ,33.7,33.95,33.31,33.42,146683
2023-07-23,002415.SZ,33.34,33.47,32.7,32.95,194826
2023-07-24,002415.SZ,33.4,34.8,33.36,34.49,365992
2023-07-25,002415.SZ,34.4,34.59,33.96,34.11,174767
2023-07-26,002415.SZ,34.11,35.26,34.1,34.69,301694
2023-07-27,002415.SZ,34.5,35.79,34.45,35.52,374944
2023-07-30,002415.SZ,35.76,37,35.76,36.32,452361
2023-07-31,002415.SZ,36.32,36.66,35.63,36,264396
2023-08-01,002415.SZ,36,36.21,35.53,35.66,160862
2023-08-02,002415.SZ,35.53,35.99,35.27,35.53,193944
2023-08-03,002415.SZ,35.81,36.83,35.81,36.55,348024
2023-08-06,002415.SZ,36.54,37.65,36.25,36.58,384304
2023-08-07,002415.SZ,36.68,36.85,36.1,36.33,173045
2023-08-08,002415.SZ,36.12,36.55,35.95,35.98,133692
2023-08-09,002415.SZ,35.9,36.55,35.9,36.2,141068
2023-08-10,002415.SZ,36.18,36.38,35.11,35.26,288138
2023-08-13,002415.SZ,35,35.01,34.46,34.96,187467
2023-08-14,002415.SZ,34.96,35.3,34.42,34.82,204481
2023-08-15,002415.SZ,34.81,34.81,33.72,33.74,228999
2023-08-16,002415.SZ,33.71,34.68,33.5,34.4,181998
2023-08-17,002415.SZ,34.43,34.9,33.85,33.9,168904
2023-08-20,002415.SZ,34.02,35.45,34,34.37,316680
2023-08-21,002415.SZ,34.7,35.34,34.26,35.19,262269
2023-08-22,002415.SZ,35.1,35.5,34.17,34.18,270956
2023-08-23,002415.SZ,34.35,34.68,33.8,34.19,182755
2023-08-24,002415.SZ,33.89,33.97,33.05,33.28,254663
2023-08-27,002415.SZ,35.03,35.26,33.8,34.04,373131
2023-08-28,002415.SZ,33.95,35.48,33.74,35.36,294234
2023-08-29,002415.SZ,35.36,35.7,34.92,35.45,239541
2023-08-30,002415.SZ,35.37,35.64,35.04,35.28,137784
2023-08-31,002415.SZ,35.27,35.8,35,35.55,182718
2023-09-03,002415.SZ,35.7,36.2,35.66,35.81,276551
2023-09-04,002415.SZ,35.68,36.11,35.44,35.53,239584
2023-09-05,002415.SZ,35.41,35.7,34.7,35.17,243389
2023-09-06,002415.SZ,35.17,35.17,34.2,34.3,227249
2023-09-07,002415.SZ,34.31,34.44,33.92,33.98,162795
2023-09-10,002415.SZ,34,34.5,33.8,34,269223
2023-09-11,002415.SZ,34.02,34.19,33.62,33.77,210378
2023-09-12,002415.SZ,33.78,33.8,33,33.23,316079
2023-09-13,002415.SZ,33.22,33.43,33.04,33.24,191118
2023-09-14,002415.SZ,33.4,33.45,32.2,32.55,335845
2023-09-17,002415.SZ,32.4,33.01,32.19,32.49,200909
2023-09-18,002415.SZ,32.51,32.53,31.72,31.85,357424
2023-09-19,002415.SZ,31.85,32.05,31.66,32.01,168770
2023-09-20,002415.SZ,32.08,32.23,31.75,31.92,135381
2023-09-21,002415.SZ,31.91,33.29,31.84,33.2,302880
2023-09-24,002415.SZ,33.2,33.34,32.9,33.05,178381
2023-09-25,002415.SZ,33.1,34.09,33.07,33.49,341075
2023-09-26,002415.SZ,33.29,33.51,33.02,33.45,148174
2023-09-27,002415.SZ,33.45,33.87,33.38,33.8,194514
2023-10-08,002415.SZ,33.79,34.15,33.18,34.01,218527
2023-10-09,002415.SZ,34.22,34.27,33.67,33.81,164097
2023-10-10,002415.SZ,33.81,34.35,33.81,34.18,180791
2023-10-11,002415.SZ,34.35,34.7,34.08,34.6,210843
2023-10-12,002415.SZ,34.44,34.7,34.1,34.41,162492
2023-10-15,002415.SZ,34.36,34.36,33.66,33.77,148581
2023-10-16,002415.SZ,33.95,34.37,33.73,33.94,145755
2023-10-17,002415.SZ,33.93,34.04,33.6,33.69,125515
2023-10-18,002415.SZ,33.59,33.78,33.21,33.24,132760
2023-10-19,002415.SZ,33.16,33.3,32.58,32.69,147115
2023-10-22,002415.SZ,33.6,34.21,33.1,33.8,382144
2023-10-23,002415.SZ,33.72,34,33.02,33.87,285297
2023-10-24,002415.SZ,34.8,35.69,34.72,35.27,447794
2023-10-25,002415.SZ,35,35.4,34.76,35.34,246674
2023-10-26,002415.SZ,35.29,36.29,35.05,35.9,344520
2023-10-29,002415.SZ,35.83,37,35.59,36.56,364811
2023-10-30,002415.SZ,36.55,36.68,35.99,36.45,224206
2023-10-31,002415.SZ,36.49,36.59,35.9,36.17,207965
2023-11-01,002415.SZ,36.13,36.42,35.83,35.87,145799
2023-11-02,002415.SZ,36,36.31,35.76,35.81,164708
2023-11-05,002415.SZ,35.9,37.16,35.9,36.93,345642
2023-11-06,002415.SZ,36.89,37.31,36.64,36.86,253424
2023-11-07,002415.SZ,36.67,37.53,36.59,37.22,255360
2023-11-08,002415.SZ,37.16,37.75,36.83,37.07,244293
2023-11-09,002415.SZ,36.9,37.5,36.6,37.18,175802
2023-11-12,002415.SZ,37.25,37.58,36.91,37.24,184447
2023-11-13,002415.SZ,37.16,37.43,36.45,36.49,234207
2023-11-14,002415.SZ,36.95,37.14,36.21,36.65,191412
2023-11-15,002415.SZ,36.5,36.79,36,36,171762
2023-11-16,002415.SZ,35.95,36.28,35.62,35.71,198332
2023-11-19,002415.SZ,35.7,36.06,35.47,35.79,179573
2023-11-20,002415.SZ,35.83,36.36,35.72,35.87,175027
2023-11-21,002415.SZ,35.88,35.97,35.31,35.55,125945
2023-11-22,002415.SZ,35.55,35.95,35.21,35.85,128442
2023-11-23,002415.SZ,36.3,36.35,35.56,35.81,150740
2023-11-26,002415.SZ,35.81,35.82,35.1,35.28,174932
2023-11-27,002415.SZ,35.18,35.49,35.11,35.28,123269
2023-11-28,002415.SZ,35.28,35.44,34.88,35.02,124957
2023-11-29,002415.SZ,34.83,35.08,34.67,34.79,130609
2023-11-30,002415.SZ,34.84,35.5,34.5,35.5,202543
2023-12-03,002415.SZ,35.6,35.99,34.88,34.9,198810
2023-12-04,002415.SZ,34.45,34.88,33.78,33.8,224489
2023-12-05,002415.SZ,33.77,34.05,33.35,33.6,170697
2023-12-06,002415.SZ,33.6,33.62,33,33.09,247689
2023-12-07,002415.SZ,33.1,33.52,32.65,32.65,428556
2023-12-10,002415.SZ,32.67,34.25,32.51,34.18,412224
2023-12-11,002415.SZ,34.01,34.15,33.51,34.02,248031
2023-12-12,002415.SZ,33.98,34.02,33.4,33.5,178588
2023-12-13,002415.SZ,33.6,33.76,33.25,33.32,137704
2023-12-14,002415.SZ,33.32,33.58,33.11,33.31,113719
2023-12-17,002415.SZ,33.17,33.71,32.89,33.14,126942
2023-12-18,002415.SZ,33.02,33.32,32.8,33.32,131522
2023-12-19,002415.SZ,33.31,33.42,32.72,32.8,156263
2023-12-20,002415.SZ,32.67,33.08,32.61,32.88,178766
2023-12-21,002415.SZ,32.79,32.88,32.4,32.7,194133
2023-12-24,002415.SZ,32.59,33.13,32.51,32.94,163162
2023-12-25,002415.SZ,32.94,33.03,32.71,32.8,163093
2023-12-26,002415.SZ,32.76,33.07,32.7,32.94,167172
2023-12-27,002415.SZ,32.94,34.03,32.79,33.85,294559
2023-12-28,002415.SZ,33.81,34.75,33.69,34.72,332343
2024-01-01,002415.SZ,34.68,34.68,33.25,33.77,384246
2024-01-02,002415.SZ,33.48,33.7,32.82,33.06,304836
2024-01-03,002415.SZ,33,33.02,32.04,32.58,340313
2024-01-04,002415.SZ,32.36,32.94,32.14,32.43,234766
2024-01-07,002415.SZ,32.42,32.42,31.3,31.68,303620
2024-01-08,002415.SZ,31.66,31.68,30.42,31.15,413645
2024-01-09,002415.SZ,30.93,30.99,30.2,30.35,292050
2024-01-10,002415.SZ,30.35,31.2,30.21,30.86,324031
2024-01-11,002415.SZ,30.73,30.93,30.36,30.43,290265
2024-01-14,002415.SZ,30.5,30.63,30.15,30.5,288362
2024-01-15,002415.SZ,30.47,30.7,30.18,30.67,227740
2024-01-16,002415.SZ,30.83,31.24,30.75,30.98,359275
2024-01-17,002415.SZ,30.66,31.9,30.41,31.63,432608
2024-01-18,002415.SZ,31.5,31.92,31.4,31.68,276198
2024-01-21,002415.SZ,31.65,31.78,30.64,30.89,314734
2024-01-22,002415.SZ,30.89,31.09,30.11,30.74,330313
2024-01-23,002415.SZ,30.71,31.38,30.18,31.38,267174
2024-01-24,002415.SZ,31.38,32.18,31.19,32.06,277308
2024-01-25,002415.SZ,32.08,32.24,31.5,31.7,256807
2024-01-28,002415.SZ,31.88,32.12,31.46,31.5,185241
2024-01-29,002415.SZ,31.97,32.7,31.8,31.82,388196
2024-01-30,002415.SZ,31.65,32.15,30.86,31.92,308749
2024-01-31,002415.SZ,31.75,32.2,31.16,31.88,256941
2024-02-01,002415.SZ,31.87,32.2,29.82,31.08,335162
2024-02-04,002415.SZ,30.66,31.6,30.27,31.1,377249
2024-02-05,002415.SZ,30.8,32.8,30.72,32.55,417534
2024-02-06,002415.SZ,32.58,33.35,32.26,32.93,376516
2024-02-07,002415.SZ,33.5,33.99,33.02,33.65,414607
2024-02-18,002415.SZ,34.61,34.8,33.5,33.8,378765
2024-02-19,002415.SZ,33.43,34.05,33.29,33.91,262659
2024-02-20,002415.SZ,33.61,34.48,33.51,33.98,321610
2024-02-21,002415.SZ,34.24,34.66,34.11,34.32,262065
2024-02-22,002415.SZ,34.38,34.64,34,34.59,278107
2024-02-25,002415.SZ,34.57,34.82,34.25,34.29,272814
2024-02-26,002415.SZ,34.11,34.95,33.85,34.95,385887
2024-02-27,002415.SZ,35.05,35.63,34.5,34.5,423925
2024-02-28,002415.SZ,34.26,35.12,34.2,34.95,347575
2024-02-29,002415.SZ,34.93,35.87,34.73,35.68,470802
2024-03-03,002415.SZ,35.69,36.1,34.63,35,517399
2024-03-04,002415.SZ,34.78,36.8,34.51,35.52,694961
2024-03-05,002415.SZ,35,35,34.33,34.42,522810
2024-03-06,002415.SZ,34.35,34.67,33.75,33.95,372159
2024-03-07,002415.SZ,33.99,34.17,33.36,33.93,335910
2024-03-10,002415.SZ,33.74,34.3,33.6,34.2,347382
2024-03-11,002415.SZ,34.21,34.43,33.85,34.35,403847
2024-03-12,002415.SZ,34.34,34.63,33.98,34.01,353514
2024-03-13,002415.SZ,33.88,34.12,33.33,33.47,328459
2024-03-14,002415.SZ,33.44,33.44,32.95,33.26,413389
2024-03-17,002415.SZ,33.38,33.52,33.06,33.51,403869
2024-03-18,002415.SZ,33.4,33.57,33.21,33.32,330921
2024-03-19,002415.SZ,33.2,33.48,33.11,33.47,325440
2024-03-20,002415.SZ,33.5,33.62,33.26,33.36,300981
2024-03-21,002415.SZ,33.3,33.3,32.61,32.73,357877
2024-03-24,002415.SZ,32.7,33.45,32.51,32.65,297496
2024-03-25,002415.SZ,32.3,32.55,32.02,32.35,274264
2024-03-26,002415.SZ,32.35,32.8,32.03,32.45,299124
2024-03-27,002415.SZ,32.31,32.92,32.18,32.55,280732
2024-03-28,002415.SZ,32.42,32.69,32,32.16,295148
2024-03-31,002415.SZ,32.21,33,32.21,32.85,394809
2024-04-01,002415.SZ,32.96,32.98,32.05,32.19,346442
2024-04-02,002415.SZ,32.19,32.25,31.58,31.78,343147
2024-04-07,002415.SZ,31.76,31.9,31.53,31.6,227591
2024-04-08,002415.SZ,31.58,31.94,31.31,31.84,256287
2024-04-09,002415.SZ,31.84,31.84,31.07,31.18,263664
2024-04-10,002415.SZ,31.06,31.46,30.92,31.24,207557
2024-04-11,002415.SZ,31.4,31.47,30.85,30.92,249327
2024-04-14,002415.SZ,30.63,31.46,30.63,31.19,308070
2024-04-15,002415.SZ,31.15,32.08,31.03,31.56,486558
2024-04-16,002415.SZ,31.62,32.14,31.1,32.11,397382
2024-04-17,002415.SZ,32.01,32.32,31.8,31.97,366002
2024-04-18,002415.SZ,31.86,32.19,31.41,32.1,334379
2024-04-21,002415.SZ,31.7,33.1,31.67,32.85,627859
2024-04-22,002415.SZ,32.9,32.97,32.3,32.6,346462
2024-04-23,002415.SZ,32.53,32.61,32.07,32.51,309600
2024-04-24,002415.SZ,32.38,32.67,32.08,32.64,318441
2024-04-25,002415.SZ,32.52,32.92,32.45,32.87,466844
2024-04-28,002415.SZ,32.86,33.41,32.56,33.26,489537
2024-04-29,002415.SZ,33.24,33.24,32.93,33.11,236633
2024-05-05,002415.SZ,33.51,33.87,33.4,33.76,445451
2024-05-06,002415.SZ,33.67,33.85,33.55,33.63,225354
2024-05-07,002415.SZ,33.64,33.64,32.73,32.74,422879
2024-05-08,002415.SZ,32.73,33.17,32.71,33.05,218767
2024-05-09,002415.SZ,33.07,33.45,32.91,33.17,283422
2024-05-12,002415.SZ,33.06,33.39,32.67,33.22,221327
2024-05-13,002415.SZ,33.22,33.68,33.19,33.53,241352
2024-05-14,002415.SZ,33.53,33.8,33.2,33.21,210766
2024-05-15,002415.SZ,33.32,33.42,32.99,33.09,231438
2024-05-16,002415.SZ,33.1,33.69,33,33.69,214622
2024-05-19,002415.SZ,33.69,34.34,33.64,33.88,298027
2024-05-20,002415.SZ,33.2,33.27,32.75,32.92,249133
2024-05-21,002415.SZ,32.72,33.14,32.72,33.03,156926
2024-05-22,002415.SZ,32.96,33.35,32.36,32.48,206130
2024-05-23,002415.SZ,32.46,32.75,32.36,32.48,171170
2024-05-26,002415.SZ,32.48,32.6,31.82,32.58,253465
2024-05-27,002415.SZ,32.48,32.82,32.31,32.59,137925
2024-05-28,002415.SZ,32.59,32.79,32.48,32.7,154515
2024-05-29,002415.SZ,32.55,32.8,32.34,32.66,140112
2024-05-30,002415.SZ,32.7,32.79,32.56,32.61,150474
2024-06-02,002415.SZ,32.72,32.77,32.35,32.66,179986
2024-06-03,002415.SZ,32.55,33.5,32.54,32.95,259617
2024-06-04,002415.SZ,33,33.64,32.97,33.42,337711
2024-06-05,002415.SZ,33.3,33.58,32.95,33.12,212835
2024-06-06,002415.SZ,33.12,33.6,32.79,33.12,243998
2024-06-10,002415.SZ,32.92,33.53,32.9,33.5,209564
2024-06-11,002415.SZ,33.41,33.7,32.85,32.88,285472
2024-06-12,002415.SZ,32.79,32.81,31.92,32.48,343521
2024-06-13,002415.SZ,32.4,33.1,32.32,32.93,222064
2024-06-16,002415.SZ,32.76,33.29,32.07,32.2,351692
2024-06-17,002415.SZ,32.23,32.59,32.08,32.46,166685
2024-06-18,002415.SZ,32.55,32.59,32.23,32.23,133568
2024-06-19,002415.SZ,32.12,32.23,31.31,31.65,302426
2024-06-20,002415.SZ,31.52,31.9,31.43,31.85,136140
2024-06-23,002415.SZ,31.79,31.79,31.27,31.42,209074
2024-06-24,002415.SZ,31.42,31.61,30.71,30.92,210119
2024-06-25,002415.SZ,31,31.14,30.65,31.04,217687
2024-06-26,002415.SZ,31.05,31.06,30.5,30.71,180629
2024-06-27,002415.SZ,30.67,31.08,30.61,30.91,181627
2024-06-30,002415.SZ,30.93,30.96,30.41,30.81,160453
2024-07-01,002415.SZ,30.81,30.97,30.03,30.12,306422
2024-07-02,002415.SZ,30.15,30.3,29.86,30.17,185850
2024-07-03,002415.SZ,30.16,30.53,29.6,29.75,239819
2024-07-04,002415.SZ,29.66,29.86,29.35,29.83,156550
2024-07-07,002415.SZ,29.83,29.95,29,29.33,214069
2024-07-08,002415.SZ,29.2,29.43,28.86,29.41,290273
2024-07-09,002415.SZ,29.34,29.72,29.12,29.42,208487
2024-07-10,002415.SZ,29.82,30.3,29.6,30.1,289079
2024-07-11,002415.SZ,30.15,30.15,29.75,30.03,173734
2024-07-14,002415.SZ,29.98,30.14,29.75,30.03,135822
2024-07-15,002415.SZ,29.98,30.3,29.82,30.25,186670
2024-07-16,002415.SZ,30.24,30.48,29.98,30.28,188167
2024-07-17,002415.SZ,30.15,30.15,29.62,30.02,212389
2024-07-18,002415.SZ,30.02,30.38,29.86,30.3,210241
2024-07-21,002415.SZ,30.32,30.54,30.1,30.37,188283
2024-07-22,002415.SZ,30.25,30.3,29.58,29.58,227201
2024-07-23,002415.SZ,29.55,29.64,28.97,29.32,215102
2024-07-24,002415.SZ,29.2,29.33,28.92,29.3,183613
2024-07-25,002415.SZ,29.3,29.56,29.11,29.55,187788
2024-07-28,002415.SZ,29.55,29.59,29.01,29.11,187007
2024-07-29,002415.SZ,29.09,29.09,28.2,28.67,359028
2024-07-30,002415.SZ,28.5,29.21,28.33,29.07,449685
2024-07-31,002415.SZ,29.08,29.18,28.66,28.77,315119
2024-08-01,002415.SZ,28.51,28.74,28.36,28.38,289399
2024-08-04,002415.SZ,28.22,28.44,27.47,27.53,461210
2024-08-05,002415.SZ,27.7,27.9,27.54,27.73,257511
2024-08-06,002415.SZ,27.7,27.8,27.34,27.52,265708
2024-08-07,002415.SZ,27.42,27.61,26.86,27.59,364182
2024-08-08,002415.SZ,27.59,27.74,27.14,27.2,218030
2024-08-11,002415.SZ,27.1,27.23,27.04,27.13,163721
2024-08-12,002415.SZ,27.17,27.25,27,27.15,180813
2024-08-13,002415.SZ,27.13,27.36,27.04,27.25,164620
2024-08-14,002415.SZ,27.16,27.54,27.11,27.45,195196
2024-08-15,002415.SZ,27.45,27.72,27.42,27.54,222362
2024-08-18,002415.SZ,26.83,27.15,26.52,26.71,610220
2024-08-19,002415.SZ,26.7,26.75,26.2,26.44,332087
2024-08-20,002415.SZ,26.44,26.68,26.4,26.53,177212
2024-08-21,002415.SZ,26.54,26.59,26.18,26.22,169285
2024-08-22,002415.SZ,26.18,26.6,26.12,26.55,172015
2024-08-25,002415.SZ,26.68,26.69,26.13,26.38,200204
2024-08-26,002415.SZ,26.31,26.34,26,26.14,153665
2024-08-27,002415.SZ,26.08,26.29,26.03,26.2,123991
2024-08-28,002415.SZ,26.14,26.31,26.01,26.17,195710
2024-08-29,002415.SZ,26.15,26.95,26.04,26.72,371371
2024-09-01,002415.SZ,26.63,26.65,26.17,26.17,218001
2024-09-02,002415.SZ,26.08,26.47,26.06,26.4,197814
2024-09-03,002415.SZ,26.3,26.65,26.21,26.54,184831
2024-09-04,002415.SZ,26.55,26.6,26.36,26.48,187408
2024-09-05,002415.SZ,26.46,26.53,26.13,26.15,140628
2024-09-08,002415.SZ,26.11,26.12,25.31,25.33,330155
2024-09-09,002415.SZ,25.39,25.87,25.03,25.85,280469
2024-09-10,002415.SZ,25.68,25.85,25.52,25.73,162024
2024-09-11,002415.SZ,25.74,25.95,25.26,25.27,199981
2024-09-12,002415.SZ,25.27,25.39,25.03,25.08,171472
2024-09-17,002415.SZ,25.1,25.17,24.71,25.13,201371
2024-09-18,002415.SZ,25.22,25.43,24.83,25.17,273412
2024-09-19,002415.SZ,25.2,25.38,24.93,25.34,242693
2024-09-22,002415.SZ,25.33,25.56,25.26,25.35,176577
2024-09-23,002415.SZ,25.5,26.17,25.34,26.17,409033
2024-09-24,002415.SZ,26.58,27.6,26.58,26.91,665837
2024-09-25,002415.SZ,26.91,28.22,26.9,28.22,619064
2024-09-26,002415.SZ,29,30.24,28.99,29.69,1054625
2024-09-29,002415.SZ,31.02,32.32,30.6,32.29,1426073
2024-10-07,002415.SZ,35.52,35.52,32.3,33.83,2274300
2024-10-08,002415.SZ,33.3,33.3,31.46,31.5,1189689
2024-10-09,002415.SZ,31.26,32.19,31.1,31.37,790535
2024-10-10,002415.SZ,31.18,31.21,29.25,29.63,891878
2024-10-13,002415.SZ,29.63,30.75,29.51,30.42,1096891
2024-10-14,002415.SZ,30.44,30.95,29.28,29.31,886973
2024-10-15,002415.SZ,28.86,29,28.08,28.28,875208
2024-10-16,002415.SZ,28.46,28.66,27.97,27.99,696249
2024-10-17,002415.SZ,27.9,29.65,27.72,28.87,999984
2024-10-20,002415.SZ,30.8,31.49,30.01,30.73,2188494
2024-10-21,002415.SZ,30.7,30.99,30.01,30.84,825399
2024-10-22,002415.SZ,30.85,31.15,30.61,30.9,712447
2024-10-23,002415.SZ,30.74,30.8,30.35,30.66,520313
2024-10-24,002415.SZ,30.66,31.1,30.37,30.95,637222
2024-10-27,002415.SZ,30.49,30.61,30.1,30.61,757095
2024-10-28,002415.SZ,30.62,30.88,30.3,30.54,577099
2024-10-29,002415.SZ,30.33,30.35,29.8,30.01,565877
2024-10-30,002415.SZ,29.99,30.3,29.36,30.11,564802
2024-10-31,002415.SZ,29.92,30.3,29.75,30.12,468641
2024-11-03,002415.SZ,30.13,31,30.02,31,652972
2024-11-04,002415.SZ,31,31.59,30.72,31.42,790511
2024-11-05,002415.SZ,31.42,31.62,31,31.25,762275
2024-11-06,002415.SZ,31,31.85,30.81,31.83,646359
2024-11-07,002415.SZ,32.01,32.36,31.44,31.6,714886
2024-11-10,002415.SZ,31.48,33.2,31.18,32.88,1080826
2024-11-11,002415.SZ,33,33,32,32.17,733160
2024-11-12,002415.SZ,32.07,32.58,31.8,32.42,597571
2024-11-13,002415.SZ,32.43,32.7,31.55,31.63,512331
2024-11-14,002415.SZ,31.63,32.28,31.4,31.4,498724
2024-11-17,002415.SZ,31.6,31.71,30.61,30.72,566350
2024-11-18,002415.SZ,30.72,31.14,30.44,31.09,386985
2024-11-19,002415.SZ,31.05,31.28,30.88,31.1,273774
2024-11-20,002415.SZ,31.11,31.11,30.72,30.89,257343
2024-11-21,002415.SZ,30.88,30.95,30,30.02,375540
2024-11-24,002415.SZ,30.01,30.07,29.38,29.59,327553
2024-11-25,002415.SZ,29.6,29.87,29.54,29.59,181484
2024-11-26,002415.SZ,29.51,30.02,29.45,30.02,280959
2024-11-27,002415.SZ,30,30.15,29.75,29.8,252513
2024-11-28,002415.SZ,29.91,30.26,29.64,30.08,282653
2024-12-01,002415.SZ,30,30.3,29.91,30.23,451052
2024-12-02,002415.SZ,30.11,30.2,29.8,29.99,319601
2024-12-03,002415.SZ,29.94,29.95,29.63,29.67,266565
2024-12-04,002415.SZ,29.67,29.78,29.45,29.72,255385
2024-12-05,002415.SZ,29.9,30.65,29.9,30.64,560277
2024-12-08,002415.SZ,30.65,31.77,30.46,31.27,707477
2024-12-09,002415.SZ,32.87,32.96,31.93,31.97,1080024
2024-12-10,002415.SZ,31.97,32.1,31.35,31.51,476081
2024-12-11,002415.SZ,31.52,31.65,31.3,31.58,379419
2024-12-12,002415.SZ,31.41,31.41,30.8,30.81,540361
2024-12-15,002415.SZ,30.91,31.08,30.18,30.4,399771
2024-12-16,002415.SZ,30.4,30.84,30.26,30.5,327590
2024-12-17,002415.SZ,30.81,31.25,30.79,31,407450
2024-12-18,002415.SZ,30.61,31.1,30.53,31.04,301415
2024-12-19,002415.SZ,31.01,31.07,30.75,30.88,312762
2024-12-22,002415.SZ,30.88,31.09,30.6,30.72,391766
2024-12-23,002415.SZ,30.7,31.08,30.47,30.74,413838
2024-12-24,002415.SZ,30.8,31.39,30.66,31.25,532228
2024-12-25,002415.SZ,31.32,31.51,30.91,31.5,503498
2024-12-26,002415.SZ,31.6,31.64,31,31.06,345618
2024-12-29,002415.SZ,30.95,31.21,30.9,31.02,288680
2024-12-30,002415.SZ,31.05,31.07,30.36,30.7,511077
2025-01-01,002415.SZ,30.58,30.58,29.41,29.6,489232
2025-01-02,002415.SZ,29.66,29.78,28.7,28.83,429863
2025-01-05,002415.SZ,28.84,28.89,28.2,28.32,389216
2025-01-06,002415.SZ,28.33,28.47,28.2,28.41,293223
2025-01-07,002415.SZ,28.36,28.37,27.53,28.09,390032
2025-01-08,002415.SZ,28,28.41,27.88,28.13,282786
2025-01-09,002415.SZ,28.12,28.26,27.8,27.8,211258
2025-01-12,002415.SZ,27.59,28.1,27.51,27.67,264246
2025-01-13,002415.SZ,27.72,28.37,27.56,28.36,493002
2025-01-14,002415.SZ,28.37,28.37,27.9,28.1,327651
2025-01-15,002415.SZ,28.14,28.46,27.95,28.13,275257
2025-01-16,002415.SZ,28.02,28.37,27.9,28.2,215102
2025-01-19,002415.SZ,28.37,28.54,28.22,28.28,301355
2025-01-20,002415.SZ,28.41,28.47,28.2,28.39,229567
2025-01-21,002415.SZ,28.39,28.58,28.03,28.46,325267
2025-01-22,002415.SZ,28.75,28.94,28.41,28.63,351262
2025-01-23,002415.SZ,28.5,29.07,28.45,29.02,373733
2025-01-26,002415.SZ,29.13,29.25,28.93,29.03,268623
2025-02-04,002415.SZ,29.55,30.2,29.28,30,704038
2025-02-05,002415.SZ,29.9,30.45,29.66,30.37,562969
2025-02-06,002415.SZ,30.37,31.02,30.35,30.88,812889
2025-02-09,002415.SZ,30.88,31.25,30.67,31.05,553157
2025-02-10,002415.SZ,31.1,31.58,30.89,31.22,589687
2025-02-11,002415.SZ,31.21,31.21,30.6,30.91,552004
2025-02-12,002415.SZ,30.9,30.9,30.3,30.49,452335
2025-02-13,002415.SZ,30.48,31.85,30.4,31.54,683746
2025-02-16,002415.SZ,31.88,31.9,31.4,31.58,452273
2025-02-17,002415.SZ,31.56,32.67,31.42,32.1,1053079
2025-02-18,002415.SZ,32,32.32,31.71,32.25,514035
2025-02-19,002415.SZ,32.19,32.77,31.98,32.09,394611
2025-02-20,002415.SZ,32.1,32.77,32.08,32.69,640663
2025-02-23,002415.SZ,32.16,32.79,31.65,31.85,1103666
2025-02-24,002415.SZ,31.46,31.46,30.85,31.1,743264
2025-02-25,002415.SZ,31.1,31.29,30.83,31.21,494811
2025-02-26,002415.SZ,31.17,31.4,30.54,30.95,483799
2025-02-27,002415.SZ,30.94,31.12,30.1,30.14,429248
2025-03-02,002415.SZ,30.19,30.82,30.19,30.52,353727
2025-03-03,002415.SZ,30.43,30.95,30.3,30.85,391544
2025-03-04,002415.SZ,30.8,31.29,30.76,31.16,369645
2025-03-05,002415.SZ,31.29,33.76,31.25,33.6,1792938
2025-03-06,002415.SZ,33.07,34.07,32.98,33.56,1029249
2025-03-09,002415.SZ,33.39,33.79,32.71,33.63,663769
2025-03-10,002415.SZ,33.16,33.47,32.8,33.13,513788
2025-03-11,002415.SZ,33.17,33.64,33,33.28,408676
2025-03-12,002415.SZ,33.1,33.68,32.78,33.16,391959
2025-03-13,002415.SZ,32.96,33.38,32.88,33.35,459028
2025-03-16,002415.SZ,33.28,33.55,33.14,33.35,342187
2025-03-17,002415.SZ,33.65,33.86,33.2,33.37,337288
2025-03-18,002415.SZ,33.37,33.6,33.11,33.3,267416
2025-03-19,002415.SZ,33.31,33.38,31.8,31.89,717862
2025-03-20,002415.SZ,31.85,31.94,31.26,31.33,355063
2025-03-23,002415.SZ,31.34,31.69,30.96,31.41,272458
2025-03-24,002415.SZ,31.41,31.5,31.17,31.24,170583
2025-03-25,002415.SZ,31.41,31.42,30.91,31,228278
2025-03-26,002415.SZ,31,31.33,30.82,31.08,228978
2025-03-27,002415.SZ,31.07,31.17,30.95,30.97,143849
2025-03-30,002415.SZ,30.9,31.09,30.14,30.7,352168
2025-03-31,002415.SZ,30.72,30.76,30.21,30.46,326592
2025-04-01,002415.SZ,30.49,30.5,30.21,30.33,227390
2025-04-02,002415.SZ,30.12,30.28,29.8,29.91,319971
2025-04-06,002415.SZ,28.6,28.79,27.06,27.89,740912
2025-04-07,002415.SZ,27.95,28.66,27.53,28.09,574018
2025-04-08,002415.SZ,27.99,28.3,27.63,28.17,652885
2025-04-09,002415.SZ,28.42,28.97,28.25,28.83,492102
2025-04-10,002415.SZ,28.6,28.82,28.19,28.5,419223
2025-04-13,002415.SZ,28.8,29.05,28.66,28.7,305306
2025-04-14,002415.SZ,28.7,28.75,28.31,28.58,239012
2025-04-15,002415.SZ,28.51,28.51,28.01,28.36,307634
2025-04-16,002415.SZ,28.2,28.35,28.15,28.21,273242
2025-04-17,002415.SZ,28.2,28.39,28.02,28.37,208472
2025-04-20,002415.SZ,28.58,29.37,28.45,28.88,428671
2025-04-21,002415.SZ,28.8,28.89,28.35,28.49,322237
2025-04-22,002415.SZ,28.63,28.69,28.38,28.48,307322
2025-04-23,002415.SZ,28.52,28.61,28.18,28.33,326178
2025-04-24,002415.SZ,28.32,28.33,28.13,28.18,333327
2025-04-27,002415.SZ,28.18,28.24,28.02,28.06,263723
2025-04-28,002415.SZ,28.06,28.2,27.92,28.14,178708
2025-04-29,002415.SZ,28.15,28.31,28.1,28.21,231297
2025-05-05,002415.SZ,28.35,28.83,28.3,28.83,388268
2025-05-06,002415.SZ,29.05,29.27,28.64,28.84,345008
2025-05-07,002415.SZ,28.68,29,28.67,28.92,263582
2025-05-08,002415.SZ,28.92,28.92,28.54,28.65,221948
2025-05-11,002415.SZ,28.79,28.95,28.65,28.94,342352
2025-05-12,002415.SZ,29.27,29.29,28.73,28.82,311527
2025-05-13,002415.SZ,28.83,29.08,28.7,29.01,318259
2025-05-14,002415.SZ,28.98,28.98,28.73,28.79,200996
2025-05-15,002415.SZ,28.7,28.86,28.55,28.8,169305
2025-05-18,002415.SZ,28.81,28.86,28.61,28.77,194152
2025-05-19,002415.SZ,28.1,28.2,27.9,28.18,258778
2025-05-20,002415.SZ,28.18,28.66,28.11,28.48,303614
2025-05-21,002415.SZ,28.4,28.46,28.22,28.31,193578
2025-05-22,002415.SZ,28.29,28.39,28.12,28.18,237553
2025-05-25,002415.SZ,28.18,28.27,28.04,28.24,189369
2025-05-26,002415.SZ,28.15,28.18,27.96,28.11,185945
2025-05-27,002415.SZ,28.1,28.18,28,28.01,161162
2025-05-28,002415.SZ,28.07,28.34,28.01,28.28,236107
2025-05-29,002415.SZ,28.19,28.22,28.05,28.13,152289
2025-06-02,002415.SZ,28.04,28.19,27.93,28.04,215928
2025-06-03,002415.SZ,28.08,28.29,28.05,28.25,200058
2025-06-04,002415.SZ,28.29,28.53,28.2,28.48,265595
2025-06-05,002415.SZ,28.55,28.65,28.31,28.55,232926
2025-06-08,002415.SZ,28.57,28.65,28.35,28.45,363016
2025-06-09,002415.SZ,28.45,28.46,27.97,28.13,393118
2025-06-10,002415.SZ,28.13,28.28,28.04,28.12,332891
2025-06-11,002415.SZ,28.09,28.09,27.81,27.99,383732
2025-06-12,002415.SZ,27.91,27.94,27.69,27.76,376609
2025-06-15,002415.SZ,27.62,27.77,27.41,27.59,456678
2025-06-16,002415.SZ,27.51,27.66,27.44,27.62,205254
2025-06-17,002415.SZ,27.62,27.66,27.45,27.65,185746
2025-06-18,002415.SZ,27.58,27.62,27.3,27.45,305405
2025-06-19,002415.SZ,27.33,27.44,27.24,27.26,208001
2025-06-22,002415.SZ,27.05,27.35,27.02,27.32,198879
2025-06-23,002415.SZ,27.38,27.64,27.31,27.61,281276
2025-06-24,002415.SZ,27.65,27.82,27.53,27.81,320566
2025-06-25,002415.SZ,27.8,27.98,27.54,27.59,314808
2025-06-26,002415.SZ,27.59,27.84,27.56,27.64,282154
2025-06-29,002415.SZ,27.03,27.78,27.03,27.73,442301
2025-06-30,002415.SZ,27.6,27.63,27.38,27.53,328065
2025-07-01,002415.SZ,27.5,27.57,27.38,27.51,212872
2025-07-02,002415.SZ,27.49,27.76,27.46,27.71,326892
2025-07-03,002415.SZ,27.72,27.8,27.59,27.61,299226
2025-07-06,002415.SZ,27.62,27.62,27.4,27.43,229587
2025-07-07,002415.SZ,27.44,27.65,27.44,27.62,256150
2025-07-08,002415.SZ,27.63,27.77,27.55,27.68,326503
2025-07-09,002415.SZ,27.66,27.86,27.55,27.78,304835
2025-07-10,002415.SZ,27.79,28.05,27.79,27.9,489184
2025-07-13,002415.SZ,27.9,27.92,27.72,27.76,286367
2025-07-14,002415.SZ,27.76,27.95,27.63,27.93,462288
2025-07-15,002415.SZ,27.81,27.85,27.68,27.72,366518
2025-07-16,002415.SZ,27.72,27.98,27.65,27.94,448502
2025-07-17,002415.SZ,27.99,28.16,27.92,28.01,429856
2025-07-20,002415.SZ,28.08,28.29,28.01,28.14,445394
2025-07-21,002415.SZ,28.13,28.5,28.02,28.4,636593
2025-07-22,002415.SZ,28.41,28.8,28.2,28.27,657323
2025-07-23,002415.SZ,28.25,28.64,28.22,28.64,486126
2025-07-24,002415.SZ,28.72,28.82,28.59,28.66,386553
2025-07-27,002415.SZ,28.75,28.82,28.46,28.59,464196
2025-07-28,002415.SZ,28.5,28.59,28.24,28.56,443797
2025-07-29,002415.SZ,28.55,28.69,28.25,28.49,483652
2025-07-30,002415.SZ,28.44,28.47,28,28.1,542431
2025-07-31,002415.SZ,28.26,29.56,28.1,29.11,1298877
2025-08-03,002415.SZ,28.75,29.15,28.37,28.57,1141282
2025-08-04,002415.SZ,28.66,29.39,28.66,29.33,1076301
2025-08-05,002415.SZ,29.3,29.68,29.21,29.28,799404
2025-08-06,002415.SZ,29.31,29.78,29.1,29.15,656133
2025-08-07,002415.SZ,29.2,29.23,28.76,28.77,512567
2025-08-10,002415.SZ,28.8,28.97,28.69,28.85,493794
2025-08-11,002415.SZ,29.09,29.64,29.05,29.25,668916
2025-08-12,002415.SZ,29.3,29.65,29.23,29.52,655170
2025-08-13,002415.SZ,29.5,29.65,29.1,29.19,573268
2025-08-14,002415.SZ,29.17,29.56,29.16,29.56,566379
2025-08-17,002415.SZ,29.61,30.5,29.6,30.02,1093845
2025-08-18,002415.SZ,30.02,30.17,29.8,29.86,577845
2025-08-19,002415.SZ,29.8,30.19,29.61,30.19,602425
2025-08-20,002415.SZ,30.28,30.75,30.05,30.33,700483
2025-08-21,002415.SZ,30.25,31.15,30.16,31.09,998030
2025-08-24,002415.SZ,31.48,31.55,30.81,31.18,1021059
2025-08-25,002415.SZ,31.01,31.47,30.88,31.28,672901
2025-08-26,002415.SZ,31.55,32.27,30.82,30.85,1177366
2025-08-27,002415.SZ,30.81,31.3,30.4,31.18,907168
2025-08-28,002415.SZ,31.18,31.58,31.05,31.17,865002
2025-08-31,002415.SZ,31.2,31.32,30.8,31.15,699327
2025-09-01,002415.SZ,31.08,31.19,30.26,30.64,753069
2025-09-02,002415.SZ,30.65,30.88,29.76,29.9,648237
2025-09-03,002415.SZ,29.99,30.07,28.93,29.3,749056
2025-09-04,002415.SZ,29.3,29.66,28.99,29.62,557236
2025-09-07,002415.SZ,29.63,30.68,29.63,30.33,749521
2025-09-08,002415.SZ,30.33,30.33,30,30.18,454187
2025-09-09,002415.SZ,30.3,30.7,29.95,30.2,495452
2025-09-10,002415.SZ,30.18,30.89,30.08,30.89,690172
2025-09-11,002415.SZ,30.98,31.31,30.74,30.75,704978
2025-09-14,002415.SZ,30.74,30.89,30.31,30.49,490990
2025-09-15,002415.SZ,30.41,30.96,30.31,30.87,521356
2025-09-16,002415.SZ,30.87,30.96,30.38,30.75,480062
2025-09-17,002415.SZ,30.75,32.1,30.59,30.92,1191373
2025-09-18,002415.SZ,30.92,31.06,30.66,30.71,574498
2025-09-21,002415.SZ,30.65,30.77,30.2,30.41,560417
2025-09-22,002415.SZ,30.41,30.66,29.88,30.29,585407
2025-09-23,002415.SZ,30.18,31.04,30.02,30.97,805147
2025-09-24,002415.SZ,31,31.5,30.88,31.24,764545
2025-09-25,002415.SZ,31.19,31.34,30.56,30.66,551668
2025-09-28,002415.SZ,30.66,31.3,30.21,31.22,659294
2025-09-29,002415.SZ,31.22,31.89,31.08,31.52,785014
2025-10-08,002415.SZ,31.8,34.67,31.8,34.17,2910955
2025-10-09,002415.SZ,33.78,34.48,33.27,33.91,1920925
2025-10-12,002415.SZ,32.75,33.57,32.32,33.36,1541999
2025-10-13,002415.SZ,33.52,34.78,33.05,33.25,1399432
2025-10-14,002415.SZ,33.11,33.81,32.56,33.37,1023012
2025-10-15,002415.SZ,33.21,34.22,32.8,33.4,1001571
2025-10-16,002415.SZ,33.35,34.1,32.63,33.06,1161803
2025-10-19,002415.SZ,33.89,34,32.05,32.36,1279132
2025-10-20,002415.SZ,32.36,32.79,32.22,32.58,751995
2025-10-21,002415.SZ,32.31,33.6,31.96,33.47,1003215
2025-10-22,002415.SZ,33.37,33.7,32.76,33.43,704130
2025-10-23,002415.SZ,33.43,33.85,33.18,33.29,715806
2025-10-26,002415.SZ,33.63,34.28,33.38,33.9,947477
2025-10-27,002415.SZ,33.55,33.74,32.95,32.98,747509
2025-10-28,002415.SZ,33.1,33.44,33.01,33.35,505885
2025-10-29,002415.SZ,33.28,33.95,33.1,33.22,751046
2025-10-30,002415.SZ,33.1,33.67,32.8,32.87,733807
2025-11-02,002415.SZ,32.88,33.15,32.06,32.6,590340
2025-11-03,002415.SZ,32.55,32.63,31.51,31.79,628534
2025-11-04,002415.SZ,31.46,31.63,31.06,31.5,582252
2025-11-05,002415.SZ,31.7,31.95,31.6,31.8,450628
2025-11-06,002415.SZ,31.55,31.67,31.35,31.37,396812
2025-11-09,002415.SZ,31.38,31.95,31.38,31.81,413663
2025-11-10,002415.SZ,31.81,31.98,31.62,31.72,365490
2025-11-11,002415.SZ,31.55,31.69,31.11,31.43,373169
2025-11-12,002415.SZ,31.4,31.95,31.36,31.69,377034
2025-11-13,002415.SZ,31.5,31.58,31.31,31.31,364409
2025-11-16,002415.SZ,31.2,31.28,30.46,30.46,631420
2025-11-17,002415.SZ,30.45,30.79,30.38,30.73,338439
2025-11-18,002415.SZ,30.73,30.9,30.28,30.42,284587
2025-11-19,002415.SZ,30.63,30.69,30.21,30.23,228812
2025-11-20,002415.SZ,29.96,30.35,29.8,29.82,410856
2025-11-23,002415.SZ,29.9,30.09,29.7,29.86,406304
2025-11-24,002415.SZ,30.1,30.42,29.96,29.99,454322
2025-11-25,002415.SZ,30.02,30.08,29.85,29.9,299289
2025-11-26,002415.SZ,29.97,30.02,29.71,29.73,297374
2025-11-27,002415.SZ,29.73,30.03,29.64,30.02,255311
2025-11-30,002415.SZ,30.01,30.58,29.93,30.58,423579
2025-12-01,002415.SZ,30.51,30.68,30.35,30.52,253690
2025-12-02,002415.SZ,30.49,30.55,30.23,30.34,208616
2025-12-03,002415.SZ,30.3,30.55,30.24,30.35,184382
2025-12-04,002415.SZ,30.35,30.38,29.86,30.07,397511
2025-12-07,002415.SZ,30.15,30.66,30.14,30.43,424773
2025-12-08,002415.SZ,30.4,30.42,29.94,29.99,351850
2025-12-09,002415.SZ,29.99,30.11,29.75,30,247831
2025-12-10,002415.SZ,30.03,30.1,29.35,29.4,425618
2025-12-11,002415.SZ,29.4,29.69,29.13,29.63,491281
2025-12-14,002415.SZ,29.42,29.57,29,29.02,434887
2025-12-15,002415.SZ,29,29.02,28.61,28.69,354465
2025-12-16,002415.SZ,28.69,29.19,28.65,29.07,269612
2025-12-17,002415.SZ,28.96,29.2,28.9,29.02,217351
2025-12-18,002415.SZ,29.09,29.35,29.09,29.19,251168
2025-12-21,002415.SZ,29.25,29.38,29.08,29.15,339661
2025-12-22,002415.SZ,29.16,29.33,28.95,29.14,302355
2025-12-23,002415.SZ,29.1,29.45,29.02,29.33,314941
2025-12-24,002415.SZ,29.34,29.67,29.3,29.63,361135
2025-12-25,002415.SZ,29.62,30.03,29.56,29.82,401721
2025-12-28,002415.SZ,29.82,29.89,29.53,29.6,305911
2025-12-29,002415.SZ,29.51,29.94,29.46,29.85,270171
2025-12-30,002415.SZ,29.85,29.92,29.63,29.84,330214
2026-01-04,002415.SZ,29.88,30.12,29.87,30,543031
2026-01-05,002415.SZ,30.03,30.4,29.92,30.39,503623
2026-01-06,002415.SZ,30.46,30.51,30,30.07,503242
2026-01-07,002415.SZ,30.01,30.22,29.87,30.01,403194
2026-01-08,002415.SZ,29.98,30.3,29.9,30.26,466105
2026-01-11,002415.SZ,30.5,31.86,30.48,31.64,1177043
2026-01-12,002415.SZ,31.85,31.88,30.77,30.87,899391
2026-01-13,002415.SZ,31.02,32,31.02,31.43,1089643
2026-01-14,002415.SZ,31.25,31.54,31.08,31.29,556221
2026-01-15,002415.SZ,31.42,31.47,30.75,31,651375
2026-01-18,002415.SZ,31,31.26,30.85,31.01,459179
2026-01-19,002415.SZ,31.06,31.22,30.59,31.14,553129
2026-01-20,002415.SZ,32.03,32.99,31.81,32.6,1892094
2026-01-21,002415.SZ,32.7,32.79,32.01,32.09,858979
2026-01-22,002415.SZ,32.09,32.43,31.92,31.95,743424
2026-01-25,002415.SZ,32.05,32.43,31.47,32.31,982147
2026-01-26,002415.SZ,32.2,32.26,31.8,31.9,574297
2026-01-27,002415.SZ,31.96,32.32,31.83,32.03,606173
2026-01-28,002415.SZ,32.03,32.46,31.86,32.2,760728
2026-01-29,002415.SZ,31.98,32.17,31.18,31.33,716842
2026-02-01,002415.SZ,31.3,31.81,31.23,31.61,699191
2026-02-02,002415.SZ,31.61,31.86,30.84,31.86,658925
2026-02-03,002415.SZ,31.61,31.97,31.25,31.93,477906
2026-02-04,002415.SZ,31.6,32.66,31.56,32.5,922449
2026-02-05,002415.SZ,32.3,32.71,32.26,32.64,586497
2026-02-08,002415.SZ,32.8,32.84,32.35,32.54,509719
2026-02-09,002415.SZ,32.55,33.08,32.4,32.86,523966
2026-02-10,002415.SZ,32.81,32.9,32.37,32.4,414714
2026-02-11,002415.SZ,32.38,32.66,32.33,32.49,381721
2026-02-12,002415.SZ,32.4,32.7,32.2,32.38,317704
2026-02-23,002415.SZ,32.58,32.89,32.27,32.34,381461
2026-02-24,002415.SZ,32.32,32.51,31.85,31.93,535259
2026-02-25,002415.SZ,31.87,31.99,31.2,31.56,657404
2026-02-26,002415.SZ,31.4,31.45,31.14,31.44,399166
2026-03-01,002415.SZ,31.01,31.41,30.81,31.16,484190
2026-03-02,002415.SZ,31.18,31.28,30.25,30.31,741356
2026-03-03,002415.SZ,30.03,30.55,29.95,30.26,427896
2026-03-04,002415.SZ,30.61,30.89,30.6,30.76,368056
2026-03-05,002415.SZ,30.49,31.09,30.46,31.07,272439
2026-03-08,002415.SZ,30.61,31.19,30.44,31.16,412952
2026-03-09,002415.SZ,31.3,31.37,31.05,31.32,310388
2026-03-10,002415.SZ,31.34,31.7,31.18,31.65,382859
2026-03-11,002415.SZ,31.53,31.93,31.45,31.92,345862
2026-03-12,002415.SZ,31.69,32.02,31.62,31.94,367074
2026-03-15,002415.SZ,31.92,32.04,31.63,31.76,314161
2026-03-16,002415.SZ,31.81,32.05,31.52,31.62,348725
2026-03-17,002415.SZ,31.61,32.2,31.18,32.17,494308
2026-03-18,002415.SZ,31.9,32,31.13,31.25,433232
2026-03-19,002415.SZ,31.27,31.62,31.17,31.3,315698
2026-03-22,002415.SZ,30.64,31.08,29.95,30.01,479521
2026-03-23,002415.SZ,30.38,30.48,29.56,30.28,418668
2026-03-24,002415.SZ,30.28,30.83,30.21,30.78,315977
2026-03-25,002415.SZ,30.73,31,30.17,30.37,287777
2026-03-26,002415.SZ,30.07,30.6,30.03,30.35,197710
2026-03-29,002415.SZ,30,30.56,29.6,30.53,348653
2026-03-30,002415.SZ,30.35,30.68,30.26,30.42,233407
2026-03-31,002415.SZ,30.75,30.84,30.52,30.72,211749
2026-04-01,002415.SZ,30.72,30.86,30.2,30.4,242198
2026-04-02,002415.SZ,30.49,30.65,30.19,30.27,196364
2026-04-06,002415.SZ,30.27,30.5,29.92,30.2,281594
2026-04-07,002415.SZ,30.55,30.98,30.44,30.88,345766
2026-04-08,002415.SZ,30.58,30.86,30.45,30.76,238773
2026-04-09,002415.SZ,30.88,32.1,30.83,31.71,622901
2026-04-12,002415.SZ,31.51,32.66,31.41,32.65,642490
2026-04-13,002415.SZ,32.74,33.88,32.74,33.48,1243152
2026-04-14,002415.SZ,33.45,33.5,32.91,33.2,575623
2026-04-15,002415.SZ,33.29,33.59,33.05,33.54,479349
2026-04-16,002415.SZ,33.49,33.75,32.75,33.13,798901
2026-04-19,002415.SZ,34.81,35.29,34.4,34.51,1334411
2026-04-20,002415.SZ,34.5,34.65,33.69,33.73,729407
2026-04-21,002415.SZ,33.56,33.95,33.41,33.63,485982
2026-04-22,002415.SZ,33.5,34.13,33.35,33.49,496834
2026-04-23,002415.SZ,33.68,34,33.3,33.6,405259
2026-04-26,002415.SZ,33.55,34.39,33.51,33.97,500328
2026-04-27,002415.SZ,34.01,35.18,33.68,34.65,766107
2026-04-28,002415.SZ,34.5,35.3,34.29,34.81,585983
2026-04-29,002415.SZ,34.75,36.84,34.57,36.29,1175309
2026-05-05,002415.SZ,36.68,37.09,35.79,36.04,930106
2026-05-06,002415.SZ,35.92,36.45,35.56,35.96,630231
2026-05-07,002415.SZ,35.88,35.88,35.2,35.55,576552
2026-05-10,002415.SZ,35.8,36.86,35.17,35.36,946135
2026-05-11,002415.SZ,35.36,35.51,34.55,34.56,790012
2026-05-12,002415.SZ,34.5,34.69,33.79,34.49,721892
2026-05-13,002415.SZ,34.59,34.85,33.45,33.45,691964
2026-05-14,002415.SZ,33.63,34.08,33.02,33.12,618546
2026-05-17,002415.SZ,33.15,33.47,32.75,33,487055
2026-05-18,002415.SZ,32.85,33.41,32.55,33.38,528476
2026-05-19,002415.SZ,32.6,33.5,32.46,32.55,564306
2026-05-20,002415.SZ,32.84,33.15,31.6,31.63,623098
2026-05-21,002415.SZ,31.8,31.94,31.29,31.83,418305
2026-05-24,002415.SZ,32.01,32.4,31.84,32.27,479258
2026-05-25,002415.SZ,32.15,32.84,31.42,32,663439
2026-05-26,002415.SZ,31.92,32.54,31.46,31.65,582351
2026-05-27,002415.SZ,31.41,31.45,30.23,30.76,889979
2026-05-28,002415.SZ,31,31.2,30.15,30.56,751809
2026-05-31,002415.SZ,30.56,30.76,30.01,30.06,707627
2026-06-01,002415.SZ,30.11,30.96,30,30.75,747356
2026-06-02,002415.SZ,30.55,31.15,30.28,30.77,585573
2026-06-03,002415.SZ,30.62,30.92,30.45,30.63,412574
2026-06-04,002415.SZ,30.77,31.53,30.51,31.28,761527
2026-06-07,002415.SZ,30.7,31.11,30.1,30.3,681107
2026-06-08,002415.SZ,30.57,30.83,30.2,30.49,542694
2026-06-09,002415.SZ,30.2,30.5,30.11,30.38,444842
2026-06-10,002415.SZ,30.2,30.3,29.76,29.98,513304
2026-06-11,002415.SZ,30.25,30.67,30.12,30.24,662501
2026-06-14,002415.SZ,30.6,31,30.35,30.71,546377
2026-06-15,002415.SZ,30.78,32.59,30.6,32.2,1057855
2026-06-16,002415.SZ,31.85,32.87,31.7,32.36,805756
2026-06-17,002415.SZ,32.07,32.74,31.45,32.3,824633
2026-06-21,002415.SZ,32.2,32.9,31.41,32.83,916410
2026-06-22,002415.SZ,32.51,32.9,31.36,31.41,689675
2026-06-23,002415.SZ,31.4,34.49,31.02,34.03,1671709
2026-06-24,002415.SZ,33.9,35.54,33.84,34.44,1475231
2026-06-25,002415.SZ,34.42,34.67,33.25,33.32,784932
2026-06-28,002415.SZ,33.5,34.26,32.47,32.99,1011854
2026-06-29,002415.SZ,33,35.26,32.98,34.2,1233722
2026-06-30,002415.SZ,34.82,36.16,33.82,34.03,1445911
2026-07-01,002415.SZ,33.56,34.83,33.1,33.61,974041
2026-07-02,002415.SZ,33.8,34.63,33.45,34,933776
2026-07-05,002415.SZ,34.14,34.28,32.85,33.83,918683
2026-07-06,002415.SZ,33.55,34.82,33.42,33.86,876801
2026-07-07,002415.SZ,34.14,34.89,34.06,34.35,1061956
2026-07-08,002415.SZ,33.9,35.41,33.85,35.39,1091917
2026-07-09,002415.SZ,35.2,35.86,34.43,34.45,1156138
2026-07-12,002415.SZ,34.2,34.23,33.05,33.19,939634
2026-07-13,002415.SZ,33.07,33.72,32.88,33.58,661921
2026-07-14,002415.SZ,33.35,34.43,33.19,34.1,654280
2026-07-15,002415.SZ,33.77,34.76,33.65,34.12,696975
2026-07-16,002415.SZ,34.13,34.5,32.82,33.15,961181
2026-07-19,002415.SZ,33.68,34.82,33.52,34.28,1012328
2026-07-20,002415.SZ,34.59,35.26,33.5,35.11,1307423
2026-07-21,002415.SZ,34.72,35.88,34.15,35.63,1218622
2026-07-22,002415.SZ,35.59,36,35.2,35.77,909009
2026-07-23,002415.SZ,35.4,35.78,34.76,35.49,781489
2026-07-26,002415.SZ,36.93,38.09,36.17,36.99,2899344
2026-07-27,002415.SZ,36.56,37,36.1,36.14,1194714
2026-07-28,002415.SZ,36.46,36.51,34.78,35.74,1263005
2026-07-29,002415.SZ,35.59,36.09,35.13,35.62,988175
2026-07-30,002415.SZ,36.15,38,35.56,37.65,1715574
2026-08-02,002415.SZ,37.7,39.18,37.51,37.95,1533759
2026-08-03,002415.SZ,38.23,38.8,37.54,38.63,1144505
2026-08-04,002415.SZ,38.4,39,38.18,38.44,1050263
2026-08-05,002415.SZ,38.09,38.15,37.12,37.45,1017034
2026-08-06,002415.SZ,37.26,37.46,36.86,37.24,855704
2026-08-09,002415.SZ,37.16,37.64,36.67,37.44,922271
2026-08-10,002415.SZ,37.26,38.03,36.28,36.37,1062285
2026-08-11,002415.SZ,36.36,36.82,36.21,36.47,772194
2026-08-12,002415.SZ,36.5,36.78,35.66,35.66,936951
2026-08-13,002415.SZ,35.62,35.81,34.54,34.88,987041
2026-08-16,002415.SZ,34.91,35.2,34.76,35.09,628489
2026-08-17,002415.SZ,35,35.19,34.58,35.18,568941
2026-08-18,002415.SZ,34.5,34.52,33.62,33.89,764347
2026-08-19,002415.SZ,34.05,34.45,33.94,34.07,481725
2026-08-20,002415.SZ,33.92,34.5,33.8,34.4,463215
2026-08-23,002415.SZ,34.38,34.95,33.84,34.15,770809
2026-08-24,002415.SZ,33.98,35.13,33.89,34.75,649120
2026-08-25,002415.SZ,34.76,34.86,34.51,34.78,418033
2026-08-26,002415.SZ,34.78,35.34,34.6,35.29,546467
2026-08-27,002415.SZ,35.2,35.44,35.01,35.1,458803
2026-08-30,002415.SZ,34.91,35.8,34.8,35.79,569123
2026-08-31,002415.SZ,35.76,36.18,35.59,35.92,439766
2026-09-01,002415.SZ,35.64,35.93,35.18,35.18,443589
2026-09-02,002415.SZ,35.25,35.45,34.85,34.98,380124
2026-09-03,002415.SZ,35.51,35.78,34.7,34.87,371608
2026-09-06,002415.SZ,34.89,35.18,34.44,34.87,427223
2026-09-07,002415.SZ,34.78,34.79,32.1,33.65,1852061
2026-09-08,002415.SZ,33.63,33.87,33.36,33.75,645001
2026-09-09,002415.SZ,33.57,33.76,33.31,33.51,373420
2026-09-10,002415.SZ,33.2,33.53,32.95,33.25,433789
2026-09-13,002415.SZ,33.05,33.46,32.85,33.16,264980
2026-09-14,002415.SZ,33.16,33.24,32.68,32.77,298958
2026-09-15,002415.SZ,32.71,32.79,32.21,32.61,419289
2026-09-16,002415.SZ,32.56,32.67,32.3,32.45,331201
2026-09-17,002415.SZ,32.66,33.04,32.57,32.94,449652
2026-09-20,002415.SZ,32.99,33.05,32.3,32.58,578970
2026-09-21,002415.SZ,32.84,33.32,32.81,33.18,521385
2026-09-22,002415.SZ,33.19,33.2,32.93,33.11,277964
2026-09-23,002415.SZ,33.01,33.13,32.62,32.63,247915
2026-09-27,002415.SZ,32.54,32.64,31.99,32.16,384560
2026-09-28,002415.SZ,32.17,32.4,31.98,32.11,263730
2026-09-29,002415.SZ,32.17,32.56,32.17,32.46,308721
2022-08-16,603259.SH,91.15,92.4,91.02,91.94,213583
2022-08-17,603259.SH,91.6,92.65,90.13,90.79,234912
2022-08-18,603259.SH,90.23,90.74,89.28,90.41,194507
2022-08-21,603259.SH,89.88,91.55,89.41,91.22,199024
2022-08-22,603259.SH,91,91.2,88.03,89.05,333594
2022-08-23,603259.SH,88.58,89.65,87.45,87.8,193187
2022-08-24,603259.SH,87.99,88.77,86.9,88.65,161200
2022-08-25,603259.SH,89,90.49,88.23,89.55,200640
2022-08-28,603259.SH,88,88.66,87.6,88.52,135219
2022-08-29,603259.SH,88.34,89,86.41,87.35,200137
2022-08-30,603259.SH,86.7,90.8,86.5,89.65,315910
2022-08-31,603259.SH,89.02,89.98,87.36,87.75,195073
2022-09-01,603259.SH,87.88,88.19,85.5,86.25,210833
2022-09-04,603259.SH,85.93,86.19,83.02,83.8,276905
2022-09-05,603259.SH,84.71,85.05,83.2,84.21,205189
2022-09-06,603259.SH,83.5,84.33,81.85,84.24,288225
2022-09-07,603259.SH,84.15,84.94,82.58,82.74,161214
2022-09-08,603259.SH,85,86,83.75,84.83,277801
2022-09-12,603259.SH,81.88,81.88,76.35,76.35,746735
2022-09-13,603259.SH,72.55,76.55,72.52,75.32,406801
2022-09-14,603259.SH,77.29,78.87,76.58,76.81,418231
2022-09-15,603259.SH,76.15,77.15,73.74,73.74,270727
2022-09-18,603259.SH,74.02,74.8,72.77,73.6,215493
2022-09-19,603259.SH,73.71,74.25,72.32,74.05,174339
2022-09-20,603259.SH,73.67,74.43,71.76,71.9,219493
2022-09-21,603259.SH,70.5,71.45,69.72,70.15,285439
2022-09-22,603259.SH,70.13,71.28,68.75,69.42,242022
2022-09-25,603259.SH,69,71.65,68.88,70.47,243767
2022-09-26,603259.SH,70.47,73,69.5,72.24,297641
2022-09-27,603259.SH,71.81,72.87,70.56,70.8,207824
2022-09-28,603259.SH,71.88,74.8,71,72.55,338549
2022-09-29,603259.SH,72.9,73.17,71.1,71.69,182994
2022-10-09,603259.SH,73.91,74.5,68.84,69.15,291140
2022-10-10,603259.SH,69.15,69.51,67.2,69.4,173231
2022-10-11,603259.SH,69.45,70.04,67.21,69.8,226669
2022-10-12,603259.SH,71.1,75.55,70.5,73.6,471437
2022-10-13,603259.SH,74.4,80.96,73.6,80.96,572998
2022-10-16,603259.SH,81.99,84.35,81.01,82.4,582952
2022-10-17,603259.SH,82.41,82.99,80.15,81.84,336409
2022-10-18,603259.SH,81.29,81.29,79,80.15,313863
2022-10-19,603259.SH,79,81.18,78.74,78.86,302968
2022-10-20,603259.SH,78.51,79.5,76.58,76.91,331324
2022-10-23,603259.SH,77.12,77.7,73.55,74.23,346673
2022-10-24,603259.SH,74.2,74.98,72.27,73.2,259135
2022-10-25,603259.SH,73.62,80.4,73.62,78.2,573924
2022-10-26,603259.SH,80,81.41,77,78.5,539082
2022-10-27,603259.SH,78.48,80.9,77.13,78.39,385386
2022-10-30,603259.SH,77.2,77.77,74.88,76.4,265950
2022-10-31,603259.SH,76.98,81.1,75.85,81,436940
2022-11-01,603259.SH,80,82.57,79.16,81.13,405676
2022-11-02,603259.SH,80.02,82.66,79.61,81.23,246113
2022-11-03,603259.SH,81.12,84.35,80.77,84,341847
2022-11-06,603259.SH,83,86.52,82.64,86.18,334440
2022-11-07,603259.SH,85.52,85.52,82.79,83.65,266996
2022-11-08,603259.SH,83,83.99,82.38,82.53,164658
2022-11-09,603259.SH,81.85,84.17,81.65,82.27,151801
2022-11-10,603259.SH,86.5,87.95,84.58,85.36,535267
2022-11-13,603259.SH,86.16,88.46,85.1,87.16,342262
2022-11-14,603259.SH,86.71,87.5,84.58,87.33,263657
2022-11-15,603259.SH,86.99,90.28,86.53,88.25,294494
2022-11-16,603259.SH,87.46,87.73,84.22,85.95,293780
2022-11-17,603259.SH,85.82,88.6,85.66,86.51,226793
2022-11-20,603259.SH,85.53,85.82,83.58,85.45,190299
2022-11-21,603259.SH,85.43,87.01,83.19,83.8,181501
2022-11-22,603259.SH,83.45,84.15,80.91,82.01,235836
2022-11-23,603259.SH,82.61,83.59,81.56,82.18,109360
2022-11-24,603259.SH,82,82.3,80.26,81.94,113181
2022-11-27,603259.SH,75,77,73.75,76.07,473184
2022-11-28,603259.SH,76.55,79.33,76.1,78.2,330733
2022-11-29,603259.SH,77.85,78.67,77.2,78,171308
2022-11-30,603259.SH,79.3,80.89,79,80,182884
2022-12-01,603259.SH,79.9,79.9,77.51,77.7,177758
2022-12-04,603259.SH,78.9,79.09,77.6,78.4,151459
2022-12-05,603259.SH,78.39,80.49,77.79,78.21,178101
2022-12-06,603259.SH,78,79.93,77.87,78.88,133741
2022-12-07,603259.SH,78.61,80.78,77.81,80.04,164143
2022-12-08,603259.SH,80.08,80.99,78.88,80,209962
2022-12-11,603259.SH,80.01,81.49,79.7,80.71,145903
2022-12-12,603259.SH,80.71,80.8,78.61,78.8,124167
2022-12-13,603259.SH,78.81,79.8,78.31,78.64,116774
2022-12-14,603259.SH,78.32,78.89,77.13,78.25,129552
2022-12-15,603259.SH,78.7,79.55,77.86,79.08,119758
2022-12-18,603259.SH,78.52,79.07,77.12,77.28,109660
2022-12-19,603259.SH,76.88,77.75,75,75.31,130365
2022-12-20,603259.SH,75.81,76.3,75.1,75.18,82064
2022-12-21,603259.SH,76,78.45,75.1,77,172570
2022-12-22,603259.SH,76.76,78,75.6,77.02,96366
2022-12-25,603259.SH,77.4,78.1,76.7,77.71,87174
2022-12-26,603259.SH,78.1,79.65,77.85,78.94,136153
2022-12-27,603259.SH,78.78,80.42,77.82,79.13,143514
2022-12-28,603259.SH,78.33,82.1,78.2,80.94,239859
2022-12-29,603259.SH,80.6,81.96,80.6,81,157083
2023-01-02,603259.SH,80.86,82.41,79.41,81.69,181707
2023-01-03,603259.SH,82.3,83.8,82,82.6,173547
2023-01-04,603259.SH,83.68,89.27,82.71,87.97,427766
2023-01-05,603259.SH,87.41,88.18,86.63,87.57,247861
2023-01-08,603259.SH,87.65,90.65,87.5,89.39,235511
2023-01-09,603259.SH,90,90.39,88.6,89.53,148120
2023-01-10,603259.SH,89.46,91.78,89.39,89.56,195201
2023-01-11,603259.SH,90.73,92.58,90.3,90.92,200450
2023-01-12,603259.SH,91.1,91.4,89.73,91,197490
2023-01-15,603259.SH,91.11,99.9,90.9,98.18,501666
2023-01-16,603259.SH,98,98.7,94.32,95.66,326387
2023-01-17,603259.SH,95.23,95.5,93.88,94.73,137317
2023-01-18,603259.SH,94.54,98.8,93.48,97.49,288929
2023-01-19,603259.SH,97.2,99.5,96.6,97.5,159158
2023-01-29,603259.SH,100,100,96.08,96.34,213055
2023-01-30,603259.SH,96.6,98.35,93.03,93.25,235885
2023-01-31,603259.SH,93.35,93.98,92.01,93.88,161939
2023-02-01,603259.SH,94.15,97.43,92.8,95,205555
2023-02-02,603259.SH,94.23,94.96,92.98,93.8,110656
2023-02-05,603259.SH,92.6,92.61,89.51,91.44,247299
2023-02-06,603259.SH,91.92,93.24,90.69,91.7,129812
2023-02-07,603259.SH,92,93.39,90.55,90.73,118062
2023-02-08,603259.SH,90.08,91.6,90,91.32,100842
2023-02-09,603259.SH,91.26,91.5,88.88,89.77,156139
2023-02-12,603259.SH,89,91.1,88.12,89.3,188009
2023-02-13,603259.SH,89.22,89.84,87.94,89.08,142694
2023-02-14,603259.SH,89.21,89.39,86.5,86.95,200283
2023-02-15,603259.SH,87.4,88.18,85.57,86.1,179908
2023-02-16,603259.SH,85.8,86.9,85.1,85.21,155069
2023-02-19,603259.SH,85.58,86.29,84.19,86.22,189017
2023-02-20,603259.SH,86.22,86.46,84.68,85.26,157963
2023-02-21,603259.SH,84.52,85.1,83.74,83.9,150439
2023-02-22,603259.SH,83.3,85.38,83.3,84.08,149751
2023-02-23,603259.SH,84.06,84.07,82.55,82.66,152491
2023-02-26,603259.SH,82.3,83.5,81.56,81.9,156228
2023-02-27,603259.SH,81.9,82.76,81.61,82.68,142977
2023-02-28,603259.SH,82.35,84.06,81.01,83.82,252480
2023-03-01,603259.SH,83.83,84.01,82.9,83.45,138773
2023-03-02,603259.SH,83.98,85.54,83.13,83.25,220031
2023-03-05,603259.SH,83.01,83.62,81.5,82,222873
2023-03-06,603259.SH,82,83.29,81.03,81.2,176907
2023-03-07,603259.SH,80.5,80.89,79.5,79.95,180974
2023-03-08,603259.SH,80.2,81.52,80.11,80.75,165599
2023-03-09,603259.SH,79.8,81.17,78.83,80.22,175742
2023-03-12,603259.SH,79.99,80,77.85,78.97,250036
2023-03-13,603259.SH,78.63,80.22,78.27,79.02,165996
2023-03-14,603259.SH,79.68,80.71,78.17,78.3,170474
2023-03-15,603259.SH,77.7,78.35,75.89,76.27,260539
2023-03-16,603259.SH,76.88,77,73.88,74.15,351859
2023-03-19,603259.SH,74.58,75.21,72.79,74,307928
2023-03-20,603259.SH,75.06,80.51,75.05,80.26,565240
2023-03-21,603259.SH,80.48,82.47,80.1,81.3,386695
2023-03-22,603259.SH,80.72,82.51,79.69,80.28,280614
2023-03-23,603259.SH,80.01,81.9,79.88,80.14,203401
2023-03-26,603259.SH,80.97,83.01,78.71,82.03,358990
2023-03-27,603259.SH,82,82,80.58,81.22,178525
2023-03-28,603259.SH,81.95,81.95,79.98,80.14,169543
2023-03-29,603259.SH,80.31,81.78,79.5,81.49,201100
2023-03-30,603259.SH,81.5,81.69,78.74,79.5,295479
2023-04-02,603259.SH,79.18,79.18,77.08,77.86,325755
2023-04-03,603259.SH,78,78.1,75.9,77.8,354267
2023-04-05,603259.SH,77.5,78.66,76.88,78.6,214268
2023-04-06,603259.SH,78.5,83.99,77.88,83.82,477282
2023-04-09,603259.SH,84.42,85.46,83.42,84.61,352975
2023-04-10,603259.SH,85,85.39,82.42,83.8,259074
2023-04-11,603259.SH,83.73,84.27,82.28,82.93,189288
2023-04-12,603259.SH,82.94,86.52,81.61,86.18,444085
2023-04-13,603259.SH,86.88,88.83,85.22,85.8,407254
2023-04-16,603259.SH,85.09,86.93,84.5,85.62,222422
2023-04-17,603259.SH,81.03,81.73,79.01,80.82,529235
2023-04-18,603259.SH,80.29,81.2,78.74,79.36,329532
2023-04-19,603259.SH,79.36,80.58,77.55,78.13,265044
2023-04-20,603259.SH,77.75,78.15,76.3,76.41,230335
2023-04-23,603259.SH,77,77.5,74.38,75,258920
2023-04-24,603259.SH,75.01,75.01,67.5,67.5,721630
2023-04-25,603259.SH,66.89,69.19,66.51,68.33,380251
2023-04-26,603259.SH,68.33,68.71,66.4,67.12,314549
2023-04-27,603259.SH,67.22,68.5,66.8,67.53,242069
2023-05-03,603259.SH,67.71,68.28,67.08,67.26,201998
2023-05-04,603259.SH,67.2,67.2,66,66.47,155399
2023-05-07,603259.SH,66.47,68.37,65.65,67.72,262815
2023-05-08,603259.SH,67.01,67.34,66.04,66.49,182604
2023-05-09,603259.SH,66.25,67.11,65.16,66.6,180746
2023-05-10,603259.SH,67.1,69.1,66.54,67.79,315143
2023-05-11,603259.SH,67.55,68,66.06,66.22,189413
2023-05-14,603259.SH,66,69.2,65.82,69.03,253161
2023-05-15,603259.SH,68.87,69.22,68.05,68.84,158137
2023-05-16,603259.SH,68.71,68.71,67.47,67.8,136528
2023-05-17,603259.SH,67.8,68.15,66.52,66.82,143259
2023-05-18,603259.SH,66.74,67.65,66,67.2,129924
2023-05-21,603259.SH,67.8,68.88,66.89,68.4,201707
2023-05-22,603259.SH,68.35,70.45,68.3,69.18,239689
2023-05-23,603259.SH,68.75,69.75,68.5,68.8,171685
2023-05-24,603259.SH,68.5,69.02,67.27,67.82,166109
2023-05-25,603259.SH,67.81,67.81,66,66.02,196584
2023-05-28,603259.SH,66.56,66.88,65.66,66.79,184191
2023-05-29,603259.SH,66.32,67.05,64.26,66.5,225817
2023-05-30,603259.SH,66.3,67.1,64.12,65,290613
2023-05-31,603259.SH,64.5,68.16,64.3,67.1,354103
2023-06-01,603259.SH,67.6,68.47,66,67.84,214216
2023-06-04,603259.SH,67.84,67.84,65.6,66.09,195835
2023-06-05,603259.SH,66.1,66.26,64.44,64.45,176578
2023-06-06,603259.SH,65.09,65.18,62.88,63.28,218790
2023-06-07,603259.SH,63.18,64.71,62.42,64.11,192728
2023-06-08,603259.SH,64.11,67.49,63.8,67.44,416579
2023-06-11,603259.SH,67.35,68.6,66.58,67.71,230518
2023-06-12,603259.SH,67.94,69.27,67.85,68.81,190818
2023-06-13,603259.SH,68.24,68.57,67.35,67.66,162756
2023-06-14,603259.SH,68.05,71.11,68.01,70.9,343994
2023-06-15,603259.SH,70.93,72.45,70.91,71.81,290553
2023-06-18,603259.SH,71.49,71.79,69.59,69.8,226935
2023-06-19,603259.SH,69.8,70.83,68.95,68.95,268298
2023-06-20,603259.SH,68.25,68.67,62.88,63.3,660267
2023-06-25,603259.SH,62.69,64.96,62.5,64.11,249490
2023-06-26,603259.SH,64.07,64.74,63.24,63.7,163190
2023-06-27,603259.SH,63.73,63.85,62.4,62.64,177415
2023-06-28,603259.SH,62.7,62.98,61.24,61.82,185082
2023-06-29,603259.SH,61.83,62.74,61.52,62.31,148663
2023-07-02,603259.SH,62.32,63.97,61.89,63.69,182457
2023-07-03,603259.SH,63.58,65.31,62.26,64.85,272890
2023-07-04,603259.SH,64.56,64.88,63.87,64.54,114994
2023-07-05,603259.SH,64.5,64.5,63.11,63.48,142568
2023-07-06,603259.SH,63.18,63.68,62.8,63.01,116367
2023-07-09,603259.SH,63.6,64.75,63.37,63.6,148614
2023-07-10,603259.SH,63.83,64.1,62.8,63.9,102317
2023-07-11,603259.SH,63.67,64.14,63.21,63.4,114687
2023-07-12,603259.SH,63.95,67.4,63.95,67.13,424483
2023-07-13,603259.SH,67.14,68.29,66.92,67.66,206725
2023-07-16,603259.SH,67.02,67.09,65,65.86,162012
2023-07-17,603259.SH,66.42,68.26,65.66,68.02,273259
2023-07-18,603259.SH,68,68.49,67.41,67.87,138348
2023-07-19,603259.SH,68.33,68.77,67.64,67.64,137782
2023-07-20,603259.SH,67.63,68.88,67.1,67.8,166092
2023-07-23,603259.SH,67.1,69.83,67.1,67.73,198814
2023-07-24,603259.SH,68.62,68.99,67.02,68.15,191494
2023-07-25,603259.SH,68.5,70.13,68.15,69.19,206473
2023-07-26,603259.SH,69.01,70.12,68.52,69.3,171859
2023-07-27,603259.SH,68.71,69.66,67.27,69.28,228022
2023-07-30,603259.SH,69.81,73.8,69.81,71.67,452639
2023-07-31,603259.SH,74.78,75.5,73.98,74.98,543052
2023-08-01,603259.SH,75.28,75.4,73.27,73.8,265334
2023-08-02,603259.SH,73.7,77.22,73.28,77.05,435760
2023-08-03,603259.SH,77.3,77.37,74.8,75.56,293622
2023-08-06,603259.SH,74.98,75.23,73.26,73.97,300774
2023-08-07,603259.SH,73.6,74.5,72.55,73.61,185577
2023-08-08,603259.SH,71.98,77.1,71.67,76.24,422491
2023-08-09,603259.SH,76.28,79.29,75.91,78.9,374291
2023-08-10,603259.SH,78.89,80.1,78.45,78.6,254894
2023-08-13,603259.SH,77.49,79.02,76.8,78.49,211302
2023-08-14,603259.SH,78.41,78.81,76.92,78.01,145446
2023-08-15,603259.SH,77.7,79.36,77.38,77.91,148671
2023-08-16,603259.SH,77.19,80.17,77.01,79.73,217651
2023-08-17,603259.SH,79.75,79.85,77.76,77.77,180036
2023-08-20,603259.SH,77.41,79.22,77.24,77.8,185530
2023-08-21,603259.SH,77.8,78.81,75.91,77.59,214790
2023-08-22,603259.SH,78.37,78.58,76.35,76.43,164616
2023-08-23,603259.SH,77,79.8,76.8,78.7,237535
2023-08-24,603259.SH,78.67,81.5,78.18,79.06,206406
2023-08-27,603259.SH,83.13,83.45,78.9,79.22,320767
2023-08-28,603259.SH,79.27,82,79,81.26,228568
2023-08-29,603259.SH,82.42,82.82,80.8,82.14,178748
2023-08-30,603259.SH,82.48,82.6,81.4,81.5,121397
2023-08-31,603259.SH,81.5,81.83,79.29,80.16,133292
2023-09-03,603259.SH,80.9,82.19,80,81.38,140668
2023-09-04,603259.SH,80.9,82.16,80.5,81.41,127061
2023-09-05,603259.SH,80.99,80.99,76.6,77,321445
2023-09-06,603259.SH,77,77.27,75.84,76.3,142812
2023-09-07,603259.SH,75.86,77,75.54,76.2,93126
2023-09-10,603259.SH,76.3,78.8,75.65,77.5,136974
2023-09-11,603259.SH,77.5,78.5,76.92,77.45,126311
2023-09-12,603259.SH,77.05,78.25,76.63,77.33,105465
2023-09-13,603259.SH,77.37,78.3,77.2,77.96,84860
2023-09-14,603259.SH,78.23,81.13,77.73,79.8,195268
2023-09-17,603259.SH,79.8,81.62,79.68,81,167991
2023-09-18,603259.SH,81,81.1,79.78,80.4,91433
2023-09-19,603259.SH,80.3,81.11,79.5,80.19,91487
2023-09-20,603259.SH,79.65,80.08,78.28,78.55,132034
2023-09-21,603259.SH,79.49,79.55,77.72,79.55,136983
2023-09-24,603259.SH,79.85,81.88,79.06,81.5,235477
2023-09-25,603259.SH,82.07,82.6,81.3,81.55,163094
2023-09-26,603259.SH,83,88,82.87,87.67,434115
2023-09-27,603259.SH,88.02,89.09,85.74,86.18,297129
2023-10-08,603259.SH,86.49,87.2,84.6,86.49,189808
2023-10-09,603259.SH,86.7,86.99,84.4,84.45,174465
2023-10-10,603259.SH,85.06,89.36,85,88.15,294156
2023-10-11,603259.SH,90,90.5,87.81,89.3,241552
2023-10-12,603259.SH,88.6,91.05,88.36,90.18,228062
2023-10-15,603259.SH,90.4,91.11,87.7,87.9,205117
2023-10-16,603259.SH,88.8,88.97,87.3,88.25,129757
2023-10-17,603259.SH,88.08,88.33,86.86,87.51,131262
2023-10-18,603259.SH,86.9,87.67,86.1,86.18,134370
2023-10-19,603259.SH,85.94,85.96,84.11,84.62,153511
2023-10-22,603259.SH,83.95,85.29,82.92,84.35,128650
2023-10-23,603259.SH,85,85.19,83.4,84.07,168590
2023-10-24,603259.SH,85.3,86.88,83.38,83.47,211870
2023-10-25,603259.SH,83,84.78,82.61,84.37,153991
2023-10-26,603259.SH,84,89.5,83.5,88.72,252907
2023-10-29,603259.SH,88.23,93.56,88.23,90.46,336782
2023-10-30,603259.SH,85.8,88.7,83.36,86.51,426365
2023-10-31,603259.SH,86.49,86.7,83.05,84.95,239191
2023-11-01,603259.SH,84.93,87.18,84.87,85.38,174065
2023-11-02,603259.SH,85.6,87.89,85,86.92,183849
2023-11-05,603259.SH,88.3,91,88.01,90.88,265928
2023-11-06,603259.SH,90.38,91.39,89.59,89.75,156335
2023-11-07,603259.SH,89.4,92.6,89.23,90.73,201578
2023-11-08,603259.SH,90.82,91.17,88.56,88.93,178856
2023-11-09,603259.SH,88.18,88.96,87.78,88.19,93888
2023-11-12,603259.SH,88.19,88.5,86.03,86.52,139693
2023-11-13,603259.SH,87.3,87.75,84.93,85.56,169004
2023-11-14,603259.SH,87.72,89.23,86.9,87.7,164560
2023-11-15,603259.SH,87.38,88.11,85.02,85.42,124725
2023-11-16,603259.SH,85.42,85.7,84.58,85.36,108713
2023-11-19,603259.SH,85.78,87.79,85.21,86.86,151440
2023-11-20,603259.SH,86.99,88.1,86.62,86.86,114493
2023-11-21,603259.SH,86.4,86.4,84.17,84.23,147293
2023-11-22,603259.SH,84.22,84.97,83.9,84.68,102595
2023-11-23,603259.SH,84.8,85.07,83.66,83.76,96552
2023-11-26,603259.SH,83.5,83.63,82.22,83.13,156551
2023-11-27,603259.SH,83.15,85.12,83.01,84.24,144561
2023-11-28,603259.SH,84.39,84.6,83.5,83.81,92487
2023-11-29,603259.SH,83.41,83.83,82.3,82.6,136882
2023-11-30,603259.SH,82.6,83.3,81.3,83,160316
2023-12-03,603259.SH,81.35,81.35,76,77.26,402332
2023-12-04,603259.SH,76,77.19,74,74.7,324911
2023-12-05,603259.SH,75.08,77.26,75.08,76.16,231000
2023-12-06,603259.SH,76.1,76.1,73.83,75.5,194972
2023-12-07,603259.SH,75.36,76.25,74.3,76,258711
2023-12-10,603259.SH,75.35,77,74.7,76.71,166816
2023-12-11,603259.SH,76.5,76.5,74.92,75.3,148699
2023-12-12,603259.SH,75,75.28,73.6,74.03,196560
2023-12-13,603259.SH,75.5,76.85,74.52,74.61,177988
2023-12-14,603259.SH,75.38,75.77,73.2,73.38,156558
2023-12-17,603259.SH,73.35,74.2,72.69,73.52,125443
2023-12-18,603259.SH,72.8,73.56,72.31,72.91,121861
2023-12-19,603259.SH,73.1,73.9,72.4,72.41,93846
2023-12-20,603259.SH,71.96,74.7,71.65,73.25,155781
2023-12-21,603259.SH,73.12,73.52,71.6,72.53,144222
2023-12-24,603259.SH,72,74.28,71.95,73.57,103812
2023-12-25,603259.SH,73.56,73.56,71.49,72.16,104868
2023-12-26,603259.SH,72.18,72.56,71.1,71.25,149565
2023-12-27,603259.SH,71.6,73.74,71.05,73.45,210950
2023-12-28,603259.SH,73.45,73.76,72.31,72.76,167549
2024-01-01,603259.SH,72.95,73.01,68.9,70.5,280682
2024-01-02,603259.SH,70.05,71.17,69.88,70.1,142197
2024-01-03,603259.SH,69.98,69.98,68.64,69.16,210134
2024-01-04,603259.SH,69.4,69.55,67.5,68.11,177233
2024-01-07,603259.SH,67.83,68.18,67.1,67.46,148078
2024-01-08,603259.SH,67.8,68.9,66.9,67.4,161649
2024-01-09,603259.SH,67.1,68.38,66.33,67.62,169720
2024-01-10,603259.SH,72,72.72,69.8,71.75,401024
2024-01-11,603259.SH,71.01,73.88,70.92,71.82,232131
2024-01-14,603259.SH,71.1,73.95,71.1,72.65,176932
2024-01-15,603259.SH,72.11,73.4,71.81,73.35,141080
2024-01-16,603259.SH,72.93,73.16,71.5,71.5,144416
2024-01-17,603259.SH,71,73.93,70.81,73.82,259359
2024-01-18,603259.SH,73.41,75.3,73,74.89,317311
2024-01-21,603259.SH,74.79,75.38,73.2,74.46,260221
2024-01-22,603259.SH,73.9,75.08,73.09,74.07,198385
2024-01-23,603259.SH,74.58,74.69,72.2,74,174389
2024-01-24,603259.SH,73.96,74.06,72.11,73.29,192357
2024-01-25,603259.SH,72.5,74.69,65.96,65.96,445270
2024-01-28,603259.SH,63,63.98,59.36,59.36,1060979
2024-01-29,603259.SH,56.4,58.6,56.18,56.85,873965
2024-01-30,603259.SH,56,56.55,53.9,54.2,656972
2024-01-31,603259.SH,54.56,56.94,53.73,55.8,583373
2024-02-01,603259.SH,56.91,57.43,50.22,50.22,657075
2024-02-04,603259.SH,46.28,51.73,45.2,48.23,1593025
2024-02-05,603259.SH,46.86,52.81,45.37,52.25,1132591
2024-02-06,603259.SH,53.61,56.38,53.61,55.25,1112956
2024-02-07,603259.SH,53.65,54.5,52,53.12,990074
2024-02-18,603259.SH,50.5,51.28,48.62,50.05,1328064
2024-02-19,603259.SH,49.85,51.64,49.33,51.57,1003199
2024-02-20,603259.SH,51,55.5,50.82,53.74,1088746
2024-02-21,603259.SH,53.09,54.36,52.88,54.11,628862
2024-02-22,603259.SH,54.04,54.18,52.55,53.58,694107
2024-02-25,603259.SH,53.84,55.47,53.75,54.65,750276
2024-02-26,603259.SH,54.29,54.98,53.61,54.98,646237
2024-02-27,603259.SH,55.43,56.55,53,53.01,907268
2024-02-28,603259.SH,52.53,54.65,52.5,54.48,638709
2024-02-29,603259.SH,54.3,55.39,54.01,55.02,553752
2024-03-03,603259.SH,55.57,60.52,55.56,60,1241227
2024-03-04,603259.SH,58.32,59.27,57.11,58.23,822375
2024-03-05,603259.SH,59.01,59.48,57.8,58.73,562814
2024-03-06,603259.SH,52.86,54.97,52.86,52.86,1131704
2024-03-07,603259.SH,51.08,52.19,50.81,51.84,973106
2024-03-10,603259.SH,52.63,55.28,51.52,54.77,1085102
2024-03-11,603259.SH,56,58.37,56,57.2,1238663
2024-03-12,603259.SH,57,57.67,55.95,56.75,746320
2024-03-13,603259.SH,58.48,58.88,51.88,53.51,1943570
2024-03-14,603259.SH,52.34,53.34,51.15,51.31,1456329
2024-03-17,603259.SH,51.2,53.44,48.8,53.41,1913967
2024-03-18,603259.SH,51.94,51.94,50.8,50.81,1681927
2024-03-19,603259.SH,50.85,51.11,50.01,50.33,1102141
2024-03-20,603259.SH,50.38,50.73,49.91,50.02,966806
2024-03-21,603259.SH,49,49.43,47.9,47.91,1276320
2024-03-24,603259.SH,49.3,49.96,48.81,48.9,1220113
2024-03-25,603259.SH,48.65,48.7,46.98,47.46,1031548
2024-03-26,603259.SH,47,48.17,46.28,46.58,895205
2024-03-27,603259.SH,46.34,47.56,46.12,47.03,821089
2024-03-28,603259.SH,46.55,46.92,45.88,46.18,745451
2024-03-31,603259.SH,46.18,47.84,46.15,47.84,969524
2024-04-01,603259.SH,47.84,47.85,46.52,47.06,756143
2024-04-02,603259.SH,47.08,47.89,46.82,47.31,745816
2024-04-07,603259.SH,46.01,46.65,45.77,46.11,836100
2024-04-08,603259.SH,46.12,47.07,44.9,46.92,1055583
2024-04-09,603259.SH,46.5,47.05,45.53,45.58,696944
2024-04-10,603259.SH,45,45.3,43.7,43.8,1165953
2024-04-11,603259.SH,43.51,44.38,42.89,42.89,790011
2024-04-14,603259.SH,42.8,43.12,41.67,42.38,819553
2024-04-15,603259.SH,42.18,42.5,41.17,41.19,703952
2024-04-16,603259.SH,41.35,43.55,41.28,43.15,1122331
2024-04-17,603259.SH,43.1,44.35,42.39,43.43,1091479
2024-04-18,603259.SH,42.8,42.99,41.86,42.2,746107
2024-04-21,603259.SH,41.9,42.69,41.63,42.1,508548
2024-04-22,603259.SH,42.25,43.3,41.48,42.63,921190
2024-04-23,603259.SH,42.31,42.5,41.75,41.96,700785
2024-04-24,603259.SH,41.75,42.4,41.59,41.6,716876
2024-04-25,603259.SH,41.38,43.13,41.3,42.92,1197094
2024-04-28,603259.SH,43.09,45.02,42.93,44.57,1149394
2024-04-29,603259.SH,44.66,44.78,43.52,43.67,806986
2024-05-05,603259.SH,44.44,46.39,44.34,45.78,1267891
2024-05-06,603259.SH,45.6,45.86,45.18,45.65,643177
2024-05-07,603259.SH,45.4,45.58,44.66,44.71,626057
2024-05-08,603259.SH,44.71,45.99,44.69,45.37,750410
2024-05-09,603259.SH,45.65,45.8,44.53,44.85,609055
2024-05-12,603259.SH,48.51,48.68,45.79,46.19,1853031
2024-05-13,603259.SH,45.9,47.9,45.77,47.14,1459675
2024-05-14,603259.SH,46.6,46.66,45.01,45.22,1059937
2024-05-15,603259.SH,45.4,46.33,43.68,45.58,967508
2024-05-16,603259.SH,45.23,45.75,44.58,44.9,694696
2024-05-19,603259.SH,44.6,45.16,44.5,44.7,562431
2024-05-20,603259.SH,44.5,44.58,43.5,43.71,669217
2024-05-21,603259.SH,43.7,44.28,43.6,44.12,482077
2024-05-22,603259.SH,43.86,44.05,43.23,43.29,427282
2024-05-23,603259.SH,43.15,43.6,42.75,42.75,381302
2024-05-26,603259.SH,42.99,43.04,41.52,42.42,551580
2024-05-27,603259.SH,42.23,42.92,41.98,42.26,367068
2024-05-28,603259.SH,42.11,42.5,42.07,42.27,308288
2024-05-29,603259.SH,42.11,42.3,41.85,41.94,285871
2024-05-30,603259.SH,42.28,42.76,42.07,42.11,375926
2024-06-02,603259.SH,42.17,42.26,41.71,42,371091
2024-06-03,603259.SH,42,43.3,41.9,43.28,600163
2024-06-04,603259.SH,43,43.35,42.81,42.9,365379
2024-06-05,603259.SH,43.19,43.45,42.48,42.58,403321
2024-06-06,603259.SH,42.6,42.9,42.11,42.39,306699
2024-06-10,603259.SH,42.24,42.5,41.55,42.46,335807
2024-06-11,603259.SH,42.6,46.12,42.52,45.38,1512348
2024-06-12,603259.SH,45.3,45.72,44.68,45,974218
2024-06-13,603259.SH,44.7,44.74,43.7,43.7,1094695
2024-06-16,603259.SH,43.56,44.44,43.52,43.97,485207
2024-06-17,603259.SH,43.89,43.99,41.8,42.53,772227
2024-06-18,603259.SH,42.45,42.59,41.9,41.94,469523
2024-06-19,603259.SH,41.98,42.35,41.08,41.09,597775
2024-06-20,603259.SH,40.88,40.88,40.15,40.49,426641
2024-06-23,603259.SH,40.23,40.86,39.88,40.42,370791
2024-06-24,603259.SH,40.43,40.84,40.17,40.49,309645
2024-06-25,603259.SH,39.68,40.35,39.15,40.21,321574
2024-06-26,603259.SH,40,40.04,39.33,39.33,261424
2024-06-27,603259.SH,39.24,39.67,39.09,39.19,258802
2024-06-30,603259.SH,39.2,39.3,38.21,38.66,328048
2024-07-01,603259.SH,38.56,38.84,38.23,38.29,259265
2024-07-02,603259.SH,38.23,39.28,37.88,38.7,376656
2024-07-03,603259.SH,38.5,38.59,37.59,37.6,324686
2024-07-04,603259.SH,37.53,38.45,37.19,38.02,337834
2024-07-07,603259.SH,38,38.01,36.78,36.87,341117
2024-07-08,603259.SH,36.8,37.44,36.36,37.26,384348
2024-07-09,603259.SH,37.09,38.27,36.96,37.54,354027
2024-07-10,603259.SH,38.2,39.07,38.05,38.82,492815
2024-07-11,603259.SH,38.74,39.49,38.7,38.8,359474
2024-07-14,603259.SH,38.53,38.8,37.95,38.05,283786
2024-07-15,603259.SH,37.94,38.68,37.92,38.49,243139
2024-07-16,603259.SH,38.48,39.53,38.31,39.22,441771
2024-07-17,603259.SH,39.1,39.45,38.76,39.33,344850
2024-07-18,603259.SH,39.12,39.73,38.87,39.6,342695
2024-07-21,603259.SH,39.57,40.34,39.4,40.07,400006
2024-07-22,603259.SH,39.85,39.95,39.14,39.2,319138
2024-07-23,603259.SH,39.19,39.88,38.5,38.65,291816
2024-07-24,603259.SH,38.41,39.57,38.33,39.26,316448
2024-07-25,603259.SH,39.36,39.83,39.15,39.54,252937
2024-07-28,603259.SH,39.53,39.65,38.6,39,294569
2024-07-29,603259.SH,40,41.5,40,40.69,1004849
2024-07-30,603259.SH,40.66,42.68,40.59,42.54,823555
2024-07-31,603259.SH,42.58,42.66,41.86,42.3,544728
2024-08-01,603259.SH,42.18,43.81,42.06,42.91,759364
2024-08-04,603259.SH,42.66,43.79,42.42,42.49,635803
2024-08-05,603259.SH,42.95,43.7,42.5,43.4,573473
2024-08-06,603259.SH,43.31,43.4,42.73,42.9,343861
2024-08-07,603259.SH,42.7,43.26,42.47,42.5,348530
2024-08-08,603259.SH,42.63,42.78,41.5,41.5,434524
2024-08-11,603259.SH,41.49,41.72,41.08,41.38,239242
2024-08-12,603259.SH,41.45,41.5,40.8,41.2,231842
2024-08-13,603259.SH,41.17,41.19,39.84,39.87,357287
2024-08-14,603259.SH,39.81,40.58,39.64,40.13,281154
2024-08-15,603259.SH,40.14,40.49,39.65,40.22,245008
2024-08-18,603259.SH,40.11,40.45,39.67,39.77,225551
2024-08-19,603259.SH,39.9,39.98,39.21,39.3,191109
2024-08-20,603259.SH,39.41,39.42,38.6,38.74,244059
2024-08-21,603259.SH,38.68,38.99,37.4,37.5,386469
2024-08-22,603259.SH,37.49,37.76,37.34,37.49,189633
2024-08-25,603259.SH,37.52,38.2,37.31,38.14,309184
2024-08-26,603259.SH,38,38.43,37.7,38.07,216779
2024-08-27,603259.SH,37.99,38.48,37.71,38.3,235963
2024-08-28,603259.SH,38.1,38.97,37.84,38.71,313055
2024-08-29,603259.SH,38.88,39.62,38.43,39.18,410641
2024-09-01,603259.SH,39.05,39.18,37.72,37.74,362110
2024-09-02,603259.SH,37.74,38.53,37.62,38.39,270428
2024-09-03,603259.SH,38.23,39.71,38.21,39.4,431539
2024-09-04,603259.SH,39.35,40.36,39.35,39.66,304817
2024-09-05,603259.SH,39.66,39.72,38.78,38.8,199394
2024-09-08,603259.SH,38.76,40.58,38.68,39.41,517414
2024-09-09,603259.SH,39,39,36.86,37.29,727966
2024-09-10,603259.SH,37.55,38.68,37.34,38.54,490958
2024-09-11,603259.SH,38.56,40.23,38.5,39.76,565023
2024-09-12,603259.SH,39.98,40.68,39.76,39.82,452094
2024-09-17,603259.SH,39.76,40.1,39.41,40.02,222069
2024-09-18,603259.SH,40.15,41.1,39.87,40.68,433100
2024-09-19,603259.SH,40.68,40.92,40.36,40.58,286986
2024-09-22,603259.SH,43,43.79,41.44,41.75,1036036
2024-09-23,603259.SH,42,42.52,40.89,42.5,830104
2024-09-24,603259.SH,42.95,44.44,42.5,42.71,1242644
2024-09-25,603259.SH,41.84,43.33,41.5,43.27,961583
2024-09-26,603259.SH,44,47.6,44,47.6,1160147
2024-09-29,603259.SH,52.36,52.36,50.9,52.36,1509338
2024-10-07,603259.SH,57.6,57.6,54.52,57.6,2107490
2024-10-08,603259.SH,57.53,59.5,54.88,55.79,1827696
2024-10-09,603259.SH,56.08,57.61,54.46,54.93,1171175
2024-10-10,603259.SH,53.98,53.98,50.68,51.45,1066526
2024-10-13,603259.SH,51.95,52.18,50.4,51.9,780223
2024-10-14,603259.SH,51.92,52.3,50.05,50.08,645826
2024-10-15,603259.SH,49,49.76,48.5,48.96,594906
2024-10-16,603259.SH,49.3,49.54,48.16,48.18,487388
2024-10-17,603259.SH,47.8,51.47,47.78,50.22,982914
2024-10-20,603259.SH,50.52,50.92,49.62,50.36,718422
2024-10-21,603259.SH,50.21,51.44,49.9,50.8,574351
2024-10-22,603259.SH,50.82,52.5,50.3,51.49,860325
2024-10-23,603259.SH,51.49,51.86,49.91,50.14,696845
2024-10-24,603259.SH,49.88,53.16,49.8,53,1147011
2024-10-27,603259.SH,52.97,53.66,52.2,53.44,692598
2024-10-28,603259.SH,55.95,56.15,53.42,53.49,1088119
2024-10-29,603259.SH,53.01,53.68,51.72,52.14,652796
2024-10-30,603259.SH,51.76,52.96,51.5,52,534554
2024-10-31,603259.SH,51.7,52.45,51,51.15,511573
2024-11-03,603259.SH,51.15,52.48,51.08,51.96,407714
2024-11-04,603259.SH,52,54.46,51.29,53.79,800430
2024-11-05,603259.SH,53.8,56.5,53.53,54.9,1029205
2024-11-06,603259.SH,53.67,56.72,53.45,56.72,909111
2024-11-07,603259.SH,57.86,58.05,55.92,56.12,815247
2024-11-10,603259.SH,55.5,57.85,55.38,57.43,652272
2024-11-11,603259.SH,57.52,61,57.16,58.3,1127148
2024-11-12,603259.SH,57.57,58.2,55.6,56.56,758130
2024-11-13,603259.SH,56.19,56.77,54.25,54.4,567268
2024-11-14,603259.SH,53.98,54.45,52.87,52.87,533736
2024-11-17,603259.SH,52.47,53.1,51.36,51.62,482398
2024-11-18,603259.SH,51.93,52.58,50.69,52.08,422373
2024-11-19,603259.SH,51.8,53.08,51.68,52.57,451493
2024-11-20,603259.SH,52.45,52.46,51.74,52.17,289348
2024-11-21,603259.SH,52.01,52.01,49.56,49.63,539044
2024-11-24,603259.SH,49.63,50.14,48.55,49.1,348252
2024-11-25,603259.SH,49.29,49.85,48.94,49,252699
2024-11-26,603259.SH,49.01,50.08,48.98,49.92,354915
2024-11-27,603259.SH,50.07,50.35,49.24,49.4,264742
2024-11-28,603259.SH,49.4,50.68,49.29,50.14,353790
2024-12-01,603259.SH,50.01,51.37,49.7,51.22,383675
2024-12-02,603259.SH,51.1,52.77,50.93,52.32,520359
2024-12-03,603259.SH,52.2,52.3,51.2,51.48,323949
2024-12-04,603259.SH,51.4,51.94,51,51.41,256192
2024-12-05,603259.SH,51.2,56.38,51.1,55.22,1055039
2024-12-08,603259.SH,59.6,60.2,57.82,58.98,1562911
2024-12-09,603259.SH,60.51,60.74,57.75,57.97,909352
2024-12-10,603259.SH,57.49,58.58,57.15,57.69,462224
2024-12-11,603259.SH,57.3,57.55,56.35,57.09,482256
2024-12-12,603259.SH,56.6,57.1,56.19,56.5,582368
2024-12-15,603259.SH,56.21,57.1,55.87,56.21,361684
2024-12-16,603259.SH,56,56.8,55.42,55.5,309573
2024-12-17,603259.SH,55.8,56.4,55.46,56.1,255413
2024-12-18,603259.SH,55.52,56.83,55.35,55.91,309137
2024-12-19,603259.SH,55.88,56.53,55.61,55.79,234714
2024-12-22,603259.SH,55.68,57.05,55.6,56.26,340255
2024-12-23,603259.SH,56.07,56.6,56.07,56.45,236492
2024-12-24,603259.SH,57.5,58,55.5,55.64,382330
2024-12-25,603259.SH,55.27,56.07,55,55.51,204623
2024-12-26,603259.SH,55.4,55.48,54.32,54.79,320379
2024-12-29,603259.SH,54.55,56.4,54.52,56.1,335452
2024-12-30,603259.SH,56.08,56.08,55.02,55.04,272688
2025-01-01,603259.SH,55.03,55.29,52.7,53.06,350818
2025-01-02,603259.SH,53.05,53.58,52.21,52.37,257327
2025-01-05,603259.SH,52.69,53.5,51.81,52.9,306606
2025-01-06,603259.SH,52.6,52.65,51.45,52.38,283194
2025-01-07,603259.SH,52.16,52.54,51.13,51.91,226504
2025-01-08,603259.SH,51.99,53.65,51.99,52.61,216653
2025-01-09,603259.SH,53.47,54.3,52.94,53.36,334537
2025-01-12,603259.SH,52.63,53.63,52.44,53.17,200885
2025-01-13,603259.SH,53.81,55.35,53.52,55,326687
2025-01-14,603259.SH,54.9,54.9,52.53,53.28,387271
2025-01-15,603259.SH,53.82,54.76,53.21,53.53,220881
2025-01-16,603259.SH,53.22,53.57,52.88,53,209879
2025-01-19,603259.SH,53.62,56.69,53.62,56.03,578833
2025-01-20,603259.SH,56.03,56.3,54.51,55.49,379054
2025-01-21,603259.SH,55.28,55.63,54.37,54.57,223447
2025-01-22,603259.SH,55.1,55.55,54.37,54.38,233257
2025-01-23,603259.SH,54.35,57,54.18,55.86,480684
2025-01-26,603259.SH,55.87,56.28,55.33,55.36,219337
2025-02-04,603259.SH,55.9,56.25,55.28,55.99,269885
2025-02-05,603259.SH,56,58.36,55.69,58.05,470491
2025-02-06,603259.SH,58.41,59,57.4,58.17,436211
2025-02-09,603259.SH,57.98,59.18,57.95,58.6,301618
2025-02-10,603259.SH,58.8,58.86,57.5,57.51,242115
2025-02-11,603259.SH,57.53,57.78,56.96,57.63,272208
2025-02-12,603259.SH,57.6,58.07,56.75,56.86,247498
2025-02-13,603259.SH,57.05,60.16,57.05,59.48,723356
2025-02-16,603259.SH,60.84,62.56,60.1,62.32,766883
2025-02-17,603259.SH,62,62.92,61.18,61.48,478964
2025-02-18,603259.SH,61.18,63.98,60.8,62.5,493715
2025-02-19,603259.SH,62.48,64.88,62.21,64.36,531287
2025-02-20,603259.SH,64.5,69.25,64.5,68.41,753723
2025-02-23,603259.SH,67.2,67.2,63.4,63.61,965106
2025-02-24,603259.SH,61.7,63.3,61.7,62.48,525984
2025-02-25,603259.SH,63,64.63,62.82,64.43,430342
2025-02-26,603259.SH,63.75,64.44,61.86,62.45,511397
2025-02-27,603259.SH,61.89,62.6,60.65,61.13,426529
2025-03-02,603259.SH,61.44,62,60.04,60.67,403761
2025-03-03,603259.SH,60.1,60.66,59.65,60.38,316723
2025-03-04,603259.SH,60.86,60.93,59.52,59.9,258607
2025-03-05,603259.SH,60.5,62.74,60.5,62.38,438067
2025-03-06,603259.SH,62,63.15,61.85,62.51,349128
2025-03-09,603259.SH,63.34,63.49,61.36,62,288093
2025-03-10,603259.SH,60.89,61.81,60.71,61.63,225145
2025-03-11,603259.SH,61.75,62.72,61.4,61.59,200124
2025-03-12,603259.SH,61.57,61.97,60.78,61.1,170318
2025-03-13,603259.SH,61.35,64.41,61.11,63.91,559670
2025-03-16,603259.SH,64.2,64.5,63.42,64.03,259844
2025-03-17,603259.SH,67.8,70.43,67.2,69.68,978984
2025-03-18,603259.SH,69.69,70.68,69.23,70,549035
2025-03-19,603259.SH,70.01,70.53,68.32,69.57,391345
2025-03-20,603259.SH,69.16,69.57,66.72,66.98,470393
2025-03-23,603259.SH,67.02,67.8,66.8,67.36,278489
2025-03-24,603259.SH,67.33,67.89,66.43,66.59,211481
2025-03-25,603259.SH,66.59,67.14,65.62,65.74,215777
2025-03-26,603259.SH,65.5,68.12,65.39,68,365477
2025-03-27,603259.SH,67.97,69.47,67.58,67.79,291557
2025-03-30,603259.SH,67.1,68.48,66.88,67.32,226716
2025-03-31,603259.SH,67.7,70,67.47,68.23,478781
2025-04-01,603259.SH,68.23,68.23,65.77,66.05,383466
2025-04-02,603259.SH,65.5,66.39,63.42,63.52,502840
2025-04-06,603259.SH,57.81,58.38,57.17,57.17,421011
2025-04-07,603259.SH,58.08,58.14,51.45,51.61,1272885
2025-04-08,603259.SH,49.8,51.25,48.48,51.25,1207097
2025-04-09,603259.SH,53.8,53.81,52,52.3,838260
2025-04-10,603259.SH,52.1,52.85,51.45,52.1,631199
2025-04-13,603259.SH,53,54.26,52.75,53.11,625625
2025-04-14,603259.SH,53.06,53.06,51.9,52.58,388329
2025-04-15,603259.SH,52.4,52.4,51.1,52.36,409871
2025-04-16,603259.SH,51.98,52.59,51.82,52.51,266995
2025-04-17,603259.SH,52.56,53.45,52.35,52.85,240255
2025-04-20,603259.SH,52.86,53.98,52.6,53.89,258899
2025-04-21,603259.SH,53.68,54.95,53.37,54.55,370347
2025-04-22,603259.SH,55.81,56.84,55.65,56.22,487976
2025-04-23,603259.SH,56.22,57.71,56,56.42,372755
2025-04-24,603259.SH,57.12,57.92,56.78,57.36,326328
2025-04-27,603259.SH,57.35,58.57,56.7,58.09,351136
2025-04-28,603259.SH,59.5,61.58,59.23,60.45,677220
2025-04-29,603259.SH,60.79,60.8,59.09,59.17,430395
2025-05-05,603259.SH,60.99,61.14,59.88,60.34,409107
2025-05-06,603259.SH,61.4,61.4,57.92,58.25,643098
2025-05-07,603259.SH,58.26,59.39,58.09,58.98,344885
2025-05-08,603259.SH,58.8,59.39,58.48,59.06,240900
2025-05-11,603259.SH,58,59.98,58,59.41,373049
2025-05-12,603259.SH,60.6,60.61,59.7,59.86,303867
2025-05-13,603259.SH,60.19,61.28,59.62,61.03,341428
2025-05-14,603259.SH,61.1,62.34,60.8,61.39,343116
2025-05-15,603259.SH,61,61.4,60.4,61.36,210077
2025-05-18,603259.SH,61.1,61.18,60.15,61.05,179317
2025-05-19,603259.SH,61.3,62.98,61.3,62.66,318648
2025-05-20,603259.SH,61.28,62.75,60.9,62.05,297693
2025-05-21,603259.SH,61.5,63.12,60.9,62.79,353599
2025-05-22,603259.SH,62.77,64.21,61.97,62.05,457973
2025-05-25,603259.SH,62.05,63.02,61.42,61.67,295211
2025-05-26,603259.SH,61.99,62.66,61.54,62.2,219150
2025-05-27,603259.SH,62.2,62.39,61.56,61.65,158647
2025-05-28,603259.SH,61.85,64.73,61.82,64.7,425271
2025-05-29,603259.SH,64,64.63,63.51,63.51,281716
2025-06-02,603259.SH,63.83,64.58,63.5,64.47,240327
2025-06-03,603259.SH,64.45,65.43,64.03,65.12,288113
2025-06-04,603259.SH,65.13,65.21,63.72,64.48,244178
2025-06-05,603259.SH,64.48,64.58,63.7,64,207564
2025-06-08,603259.SH,64.39,65.88,63.96,64.8,332328
2025-06-09,603259.SH,64.81,66.32,64.6,64.9,353143
2025-06-10,603259.SH,65.3,65.55,64.72,65.05,253724
2025-06-11,603259.SH,65.06,67.8,64.75,67.71,477555
2025-06-12,603259.SH,67.71,69.94,67.31,68.27,561615
2025-06-15,603259.SH,67.85,69.39,66.6,68.46,324359
2025-06-16,603259.SH,69,69.37,66.36,66.5,365808
2025-06-17,603259.SH,66.3,66.99,65.5,65.7,340243
2025-06-18,603259.SH,65.71,66.24,64.5,64.93,253259
2025-06-19,603259.SH,64.98,65.5,64.8,65.27,210991
2025-06-22,603259.SH,64.66,65.43,63.91,65.27,258503
2025-06-23,603259.SH,65.6,66.84,65.6,66.84,290531
2025-06-24,603259.SH,67.2,67.94,66.33,67.81,248628
2025-06-25,603259.SH,67.5,67.5,65.52,65.68,315677
2025-06-26,603259.SH,65.68,66.42,65.32,65.83,196914
2025-06-29,603259.SH,65.72,69.65,65.6,69.55,468343
2025-06-30,603259.SH,69.11,71.39,69.11,70.7,343609
2025-07-01,603259.SH,70.98,71.38,69.96,70.2,218891
2025-07-02,603259.SH,70.2,71.07,69.9,70.72,227081
2025-07-03,603259.SH,70.72,71.65,70.04,70.82,231366
2025-07-06,603259.SH,70.75,70.75,69.22,69.84,210369
2025-07-07,603259.SH,69.63,70.88,69.55,70.4,198884
2025-07-08,603259.SH,69.39,70.98,68.9,69.7,230899
2025-07-09,603259.SH,69.81,71.39,69.81,70.14,298622
2025-07-10,603259.SH,73.5,77.15,73.3,77.15,811132
2025-07-13,603259.SH,77.5,79.52,77.21,78.6,780301
2025-07-14,603259.SH,78.94,80.86,78.94,80.08,452165
2025-07-15,603259.SH,79.66,80.47,78.38,78.81,316248
2025-07-16,603259.SH,78.91,81.49,78.53,81.02,415837
2025-07-17,603259.SH,81.21,83.14,81.21,82.6,415796
2025-07-20,603259.SH,82.61,83.49,80.84,82.76,496753
2025-07-21,603259.SH,82.12,85.93,82,82.78,452814
2025-07-22,603259.SH,83.8,85.59,83.3,84.06,489928
2025-07-23,603259.SH,83.66,87,83.51,87,479778
2025-07-24,603259.SH,87,91.2,86.39,88.88,610941
2025-07-27,603259.SH,89.5,91.62,88.81,91.62,532680
2025-07-28,603259.SH,93.45,99.76,90.7,98.69,940147
2025-07-29,603259.SH,98.6,102.49,97.25,98.85,929140
2025-07-30,603259.SH,96,98.85,94.92,96.27,983541
2025-07-31,603259.SH,95.59,96.39,92.36,93,893263
2025-08-03,603259.SH,93,93,89.61,91.85,639168
2025-08-04,603259.SH,92.9,94.15,92.52,93.29,484983
2025-08-05,603259.SH,93.29,95.75,92.98,93.58,525255
2025-08-06,603259.SH,92.46,93.92,90.06,91.21,583679
2025-08-07,603259.SH,90.3,91.65,89,90.66,422063
2025-08-10,603259.SH,90.8,92.5,90.6,91.23,404319
2025-08-11,603259.SH,91.55,91.75,90.1,91.5,371731
2025-08-12,603259.SH,92.1,99.5,91.64,98.12,1031052
2025-08-13,603259.SH,99,102.36,97.3,98.68,807632
2025-08-14,603259.SH,97.55,99.3,96.66,97.8,547930
2025-08-17,603259.SH,97.8,99.3,96.5,96.98,627115
2025-08-18,603259.SH,97.15,99,90.01,90.26,1311654
2025-08-19,603259.SH,89.37,91.98,89.08,91.81,821138
2025-08-20,603259.SH,92.3,93.33,91.2,91.7,397170
2025-08-21,603259.SH,92,94.02,91.25,94,580164
2025-08-24,603259.SH,95.44,100,94.69,99.98,933118
2025-08-25,603259.SH,99.4,99.4,96.41,96.8,670047
2025-08-26,603259.SH,97.4,98.99,95.4,95.4,620201
2025-08-27,603259.SH,94.93,95.85,92.5,95.69,583061
2025-08-28,603259.SH,95.78,103.96,95.62,103.3,1016596
2025-08-31,603259.SH,104.2,112.01,101.51,111.58,1012454
2025-09-01,603259.SH,111,115.79,109.55,112,1061258
2025-09-02,603259.SH,111.72,112.95,108.69,110.88,719372
2025-09-03,603259.SH,112.27,112.7,99.98,101.94,1028634
2025-09-04,603259.SH,101.93,108.32,100.2,107.4,802292
2025-09-07,603259.SH,108.38,111.88,106.77,110.6,710975
2025-09-08,603259.SH,108.94,112.65,105.32,106.37,642184
2025-09-09,603259.SH,106.1,109.37,105.8,107.23,478518
2025-09-10,603259.SH,99,105.2,97.55,104.65,1003402
2025-09-11,603259.SH,105.6,107.28,103.31,105.47,566621
2025-09-14,603259.SH,105,108.99,105,107,513922
2025-09-15,603259.SH,106.5,107.5,105.53,107.05,350009
2025-09-16,603259.SH,106.89,110.72,105.38,109.29,497652
2025-09-17,603259.SH,109.47,110.9,106.06,107.43,543069
2025-09-18,603259.SH,107.7,109.97,105,108.75,501637
2025-09-21,603259.SH,108.01,110.53,106.76,109.03,439836
2025-09-22,603259.SH,108.5,109.73,102.69,104.78,643314
2025-09-23,603259.SH,104.02,106.17,104.02,105.03,393492
2025-09-24,603259.SH,104.88,108.5,104.88,107.38,527097
2025-09-25,603259.SH,104.7,104.94,101.66,102.92,485285
2025-09-28,603259.SH,102.9,105.6,101.5,105.27,469354
2025-09-29,603259.SH,105.27,112.26,105.22,112.03,707395
2025-10-08,603259.SH,112.03,113.97,109.85,112.85,554708
2025-10-09,603259.SH,111.78,111.8,104.5,104.72,689309
2025-10-12,603259.SH,98,101.04,97.8,99.73,700936
2025-10-13,603259.SH,101.05,101.9,95.34,95.92,561891
2025-10-14,603259.SH,96.1,99.65,94.85,99.46,421801
2025-10-15,603259.SH,99.46,102.43,98.66,101.06,391604
2025-10-16,603259.SH,100.8,101.26,96.46,96.6,396419
2025-10-19,603259.SH,98.1,100.55,97.5,98.89,298477
2025-10-20,603259.SH,99.86,102.11,99.02,102.04,335447
2025-10-21,603259.SH,101.29,102.88,100.71,100.9,211322
2025-10-22,603259.SH,100.95,102,99.81,101.9,224875
2025-10-23,603259.SH,102.5,105.35,101.96,103.81,379004
2025-10-26,603259.SH,110.6,111,105.3,106.64,719765
2025-10-27,603259.SH,106.79,108.28,103.9,103.96,462310
2025-10-28,603259.SH,103.25,106.93,102.84,106.04,453234
2025-10-29,603259.SH,100.5,100.5,96.46,97.06,1231186
2025-10-30,603259.SH,97.41,100.5,96.55,99.4,656941
2025-11-02,603259.SH,99.43,99.87,95.8,96.41,558467
2025-11-03,603259.SH,96,96.02,93.24,93.81,546861
2025-11-04,603259.SH,92.13,95.7,92.13,94.31,391007
2025-11-05,603259.SH,94.4,95.87,93.56,95.69,298148
2025-11-06,603259.SH,95,95.81,94,94.84,234023
2025-11-09,603259.SH,94.68,94.84,92.24,93.45,408649
2025-11-10,603259.SH,94.4,94.4,92.25,92.5,230680
2025-11-11,603259.SH,92.9,94.47,92.28,92.35,349597
2025-11-12,603259.SH,93.2,96.9,92.5,96.46,563458
2025-11-13,603259.SH,95.58,96.65,94.74,95.02,318675
2025-11-16,603259.SH,95,95,92.7,93.76,274932
2025-11-17,603259.SH,93.75,94.41,92.01,92.32,289230
2025-11-18,603259.SH,92.32,94.3,91.77,93.2,246981
2025-11-19,603259.SH,94.39,95.63,93.42,93.67,245151
2025-11-20,603259.SH,93.05,94.33,90.5,91.8,346841
2025-11-23,603259.SH,93,94.07,92.02,93.97,328367
2025-11-24,603259.SH,95.3,95.6,94.03,94.31,321832
2025-11-25,603259.SH,94.65,96.5,93.87,95.28,331289
2025-11-26,603259.SH,93.5,93.5,91.22,92.2,506125
2025-11-27,603259.SH,92.2,92.49,90.8,91.19,318704
2025-11-30,603259.SH,91.39,92.3,91,92.3,275995
2025-12-01,603259.SH,92.03,92.18,89.19,89.42,433339
2025-12-02,603259.SH,89.1,89.5,87.18,87.62,466477
2025-12-03,603259.SH,88.08,89.62,87.61,89.59,303975
2025-12-04,603259.SH,90.25,91.48,89.52,90.4,384581
2025-12-07,603259.SH,90.83,91.91,90.41,91.55,364691
2025-12-08,603259.SH,91.4,94.33,91.05,92.17,390102
2025-12-09,603259.SH,91.48,92.95,89.67,92.75,295731
2025-12-10,603259.SH,92.99,95.66,92.76,93.4,457596
2025-12-11,603259.SH,93.68,94.15,92.42,94.05,473405
2025-12-14,603259.SH,92.8,93.4,91,91.21,341657
2025-12-15,603259.SH,91,91.99,88.5,89.12,280709
2025-12-16,603259.SH,89.37,91.1,88.73,90.59,301577
2025-12-17,603259.SH,90.05,92.2,89.59,90.59,286539
2025-12-18,603259.SH,91,94.69,90.5,92.47,463762
2025-12-21,603259.SH,92.39,93.51,90.83,91.21,357154
2025-12-22,603259.SH,91.6,91.79,90.34,90.62,251255
2025-12-23,603259.SH,90.62,92.1,90.24,90.82,250669
2025-12-24,603259.SH,90.88,92,90.28,91.94,221820
2025-12-25,603259.SH,91.8,93.6,91.57,92.7,257040
2025-12-28,603259.SH,92.63,93.5,91.65,92.5,284169
2025-12-29,603259.SH,92.1,92.58,90.52,91.9,307348
2025-12-30,603259.SH,91.9,93.79,90.64,90.64,419166
2026-01-04,603259.SH,90.85,96.2,90.85,94.57,728620
2026-01-05,603259.SH,95.13,96.5,94.11,96.25,463757
2026-01-06,603259.SH,96.28,98.9,95.99,98.04,530854
2026-01-07,603259.SH,98.81,99.9,97,98.17,420669
2026-01-08,603259.SH,98.68,101,97.02,99.08,507614
2026-01-11,603259.SH,100,101,97.6,98.68,443952
2026-01-12,603259.SH,101.8,106.5,101.66,104.6,924548
2026-01-13,603259.SH,104.55,106.99,102,103.4,632239
2026-01-14,603259.SH,103.01,105.88,102.52,103.56,367229
2026-01-15,603259.SH,103.58,106.3,102.89,104.3,447752
2026-01-18,603259.SH,104.4,105.73,100.5,102.39,479083
2026-01-19,603259.SH,101.88,102.3,97.87,99.46,481131
2026-01-20,603259.SH,99,100.76,98.2,98.55,386898
2026-01-21,603259.SH,99,99.66,96.56,97.6,415188
2026-01-22,603259.SH,98.01,99.38,96.94,97.6,386841
2026-01-25,603259.SH,97.85,97.98,95.81,96.72,402339
2026-01-26,603259.SH,96.87,97.75,95.33,95.79,381809
2026-01-27,603259.SH,96,96.3,94.63,95.7,457468
2026-01-28,603259.SH,95.62,98.55,94.65,98.02,535591
2026-01-29,603259.SH,97.85,98.78,95.2,95.2,402506
2026-02-01,603259.SH,95.21,96.18,92.91,93.2,362993
2026-02-02,603259.SH,93.4,94.85,92.43,94.6,291676
2026-02-03,603259.SH,94,95.99,92.82,95.61,332632
2026-02-04,603259.SH,96.1,98.47,96,97.11,393998
2026-02-05,603259.SH,96.38,98.88,95.66,97.83,351942
2026-02-08,603259.SH,98.4,98.77,97.07,98.7,257073
2026-02-09,603259.SH,98.69,102.21,98.25,101.35,421589
2026-02-10,603259.SH,101.86,102.8,101,102.14,291920
2026-02-11,603259.SH,102.75,106.58,102.41,104.9,526404
2026-02-12,603259.SH,104.89,104.89,101.78,101.91,329875
2026-02-23,603259.SH,103.66,103.88,100,100.17,327751
2026-02-24,603259.SH,100.1,100.55,98.22,99.85,277230
2026-02-25,603259.SH,99.53,99.78,97.8,98.01,244309
2026-02-26,603259.SH,97.88,99.08,97.18,98.01,235059
2026-03-01,603259.SH,96.1,98.36,95.56,96.04,335033
2026-03-02,603259.SH,96.32,97.95,93.68,93.75,362723
2026-03-03,603259.SH,93.3,94.38,91.55,92.02,296434
2026-03-04,603259.SH,93.46,94.17,91.86,92.45,261603
2026-03-05,603259.SH,92.3,94.25,92.05,93.3,268557
2026-03-08,603259.SH,91.7,91.78,89.1,91.1,348440
2026-03-09,603259.SH,92.5,94.6,92.4,94.15,289137
2026-03-10,603259.SH,94.3,94.95,92.52,92.89,250341
2026-03-11,603259.SH,92.89,93.63,91.01,91.91,274974
2026-03-12,603259.SH,91.15,92.15,90.72,90.87,227111
2026-03-15,603259.SH,90.68,91.52,89.13,91.1,278050
2026-03-16,603259.SH,91.33,94.58,91.12,92.46,408841
2026-03-17,603259.SH,92.47,93.55,92.14,93.49,232830
2026-03-18,603259.SH,92,92.74,91.24,91.58,240717
2026-03-19,603259.SH,91.57,93.59,90.9,90.9,250437
2026-03-22,603259.SH,89.31,90.52,87.09,87.79,414038
2026-03-23,603259.SH,90,93.68,90,93.68,757180
2026-03-24,603259.SH,94.63,94.93,92.98,94.02,370141
2026-03-25,603259.SH,94.45,96.5,94.23,94.73,372559
2026-03-26,603259.SH,93.9,97.26,93.81,97,448900
2026-03-29,603259.SH,95.9,96.91,94.61,96.61,369073
2026-03-30,603259.SH,96.75,100.21,96.75,98.1,526440
2026-03-31,603259.SH,100.06,104.11,98.08,103.81,790276
2026-04-01,603259.SH,103,104.6,102.28,103.19,473332
2026-04-02,603259.SH,100.7,101.35,98.84,99.99,457631
2026-04-06,603259.SH,100.02,103.26,98.42,101.3,337296
2026-04-07,603259.SH,104,104.33,101.17,103.74,462516
2026-04-08,603259.SH,103.73,107.68,102.97,106.19,477029
2026-04-09,603259.SH,106,107.66,105.51,106.33,323723
2026-04-12,603259.SH,105.8,106.78,104.91,105.71,249609
2026-04-13,603259.SH,106.71,106.8,104.12,106.55,310174
2026-04-14,603259.SH,108.3,108.75,105.44,106.83,367846
2026-04-15,603259.SH,107.11,107.88,105.59,105.66,347648
2026-04-16,603259.SH,105,105.07,99.27,99.39,777282
2026-04-19,603259.SH,99.39,100.19,98.32,99.76,373939
2026-04-20,603259.SH,99.5,99.99,97.61,98.55,299367
2026-04-21,603259.SH,98.2,99.8,98.12,99.25,270679
2026-04-22,603259.SH,99.92,101.27,98.89,100.19,356492
2026-04-23,603259.SH,99.03,101.32,98.29,100.08,318338
2026-04-26,603259.SH,99.96,101.19,99.16,100.52,322196
2026-04-27,603259.SH,110.5,110.57,108.02,110.57,538372
2026-04-28,603259.SH,111,114.5,109.92,111.18,1040522
2026-04-29,603259.SH,110,111.01,106.62,109.55,596825
2026-05-05,603259.SH,111.63,111.74,108,109,540922
2026-05-06,603259.SH,109.74,112.31,109.2,111.28,480968
2026-05-07,603259.SH,110.01,110.2,106.7,106.8,455336
2026-05-10,603259.SH,106.65,108.98,105.5,108.72,539195
2026-05-11,603259.SH,108,113.16,107.74,110.33,649941
2026-05-12,603259.SH,110.44,111.16,107.94,108.92,351526
2026-05-13,603259.SH,110,111.37,103,103.01,601413
2026-05-14,603259.SH,104.77,105.85,102.62,103.13,394487
2026-05-17,603259.SH,102.9,103.82,101.32,102.05,274709
2026-05-18,603259.SH,102,103.79,101.2,101.79,284165
2026-05-19,603259.SH,101.4,104.55,101.21,103.1,325473
2026-05-20,603259.SH,103.11,107.63,102.73,104.23,583266
2026-05-21,603259.SH,105.38,105.45,102.58,103.98,332227
2026-05-24,603259.SH,103,104,101.3,102.55,311856
2026-05-25,603259.SH,102,104.35,100.61,104.11,390969
2026-05-26,603259.SH,104,104.28,101.09,102.63,372197
2026-05-27,603259.SH,102.48,102.98,99.8,100.8,337441
2026-05-28,603259.SH,100.8,103.46,99.44,101.6,570781
2026-05-31,603259.SH,101.63,104.39,99.26,99.99,529033
2026-06-01,603259.SH,99.98,100.56,96.08,99.75,384078
2026-06-02,603259.SH,99.37,100.3,98,98.85,341714
2026-06-03,603259.SH,98.25,99.18,96.4,96.75,332222
2026-06-04,603259.SH,98.38,100.24,96.03,96.56,424532
2026-06-07,603259.SH,95.72,97.31,94.06,96,458456
2026-06-08,603259.SH,93.88,93.88,88.32,93.48,824478
2026-06-09,603259.SH,93.35,97.36,93.2,97.04,576466
2026-06-10,603259.SH,96.01,97.6,95.53,97.07,329181
2026-06-11,603259.SH,97.5,99.9,95.09,99.71,612700
2026-06-14,603259.SH,99.1,99.76,97.84,99.37,367699
2026-06-15,603259.SH,98.83,100,98,98.16,271703
2026-06-16,603259.SH,98.26,98.79,96.5,98.2,273505
2026-06-17,603259.SH,97.8,104.33,97.72,102.72,569423
2026-06-21,603259.SH,103.16,106.97,101.7,106.83,571962
2026-06-22,603259.SH,107,109.36,105.76,106.31,525084
2026-06-23,603259.SH,106.9,116.94,106.9,115.4,1098058
2026-06-24,603259.SH,114,118.5,113.23,117.22,764344
2026-06-25,603259.SH,119,121.07,116.96,118.18,684942
2026-06-28,603259.SH,117.21,126.8,116.8,126.17,1030535
2026-06-29,603259.SH,125,126.8,123,124.51,793759
2026-06-30,603259.SH,123,126.66,115.58,125.2,1124768
2026-07-01,603259.SH,123.85,129.15,121,121.3,844699
2026-07-02,603259.SH,123.6,125.06,119.52,124.12,712822
2026-07-05,603259.SH,123.01,128.05,122,122.97,921698
2026-07-06,603259.SH,120.5,122.95,118.01,118.3,665947
2026-07-07,603259.SH,118.39,120.25,115.31,115.4,509875
2026-07-08,603259.SH,115.01,121.43,114.52,121.07,583217
2026-07-09,603259.SH,120,126.73,120,123.3,683076
2026-07-12,603259.SH,123.21,124.2,119.26,120.24,553876
2026-07-13,603259.SH,118.88,127.75,117.92,127.51,750924
2026-07-14,603259.SH,127.62,135.17,127.62,131.5,1149977
2026-07-15,603259.SH,128.2,131.4,125,127,837022
2026-07-16,603259.SH,126.79,127.99,117.7,117.89,861483
2026-07-19,603259.SH,117.74,124.78,117.01,124.22,691940
2026-07-20,603259.SH,126,126.83,120.8,126.45,648280
2026-07-21,603259.SH,125.12,130.9,124.41,125.9,602588
2026-07-22,603259.SH,126,129.18,124.22,127.45,468445
2026-07-23,603259.SH,127.45,128.45,123.66,125,443756
2026-07-26,603259.SH,127,128,122.17,124.66,447049
2026-07-27,603259.SH,123.3,125.25,122.17,123.02,334767
2026-07-28,603259.SH,127.78,127.8,123.25,126.5,547765
2026-07-29,603259.SH,126.6,126.63,121.41,125.48,560173
2026-07-30,603259.SH,123,130.23,122.5,128.43,570793
2026-08-02,603259.SH,129.2,132.38,126.15,128.5,623890
2026-08-03,603259.SH,137.49,141.35,136.2,141.35,747059
2026-08-04,603259.SH,143.96,150,141.47,147.5,1344755
2026-08-05,603259.SH,148.82,149.37,141.45,142.7,775094
2026-08-06,603259.SH,144.56,155.48,142.2,154.82,927227
2026-08-09,603259.SH,159.99,166.66,157.93,161.34,1265362
2026-08-10,603259.SH,160.41,165.8,157.77,160.21,920758
2026-08-11,603259.SH,159.21,161.96,158.08,159.04,670272
2026-08-12,603259.SH,158.9,164.8,157.15,162.33,742253
2026-08-13,603259.SH,160.5,163,157.5,159.24,545901
2026-08-16,603259.SH,159,168.38,157.4,166.89,689433
2026-08-17,603259.SH,165.1,168.7,163.5,167.18,503781
2026-08-18,603259.SH,167,168.5,162.4,164,557916
2026-08-19,603259.SH,171,173.6,165.97,167.9,859114
2026-08-20,603259.SH,164,166.39,162.11,162.86,572445
2026-08-23,603259.SH,160.99,163.4,153.77,155.84,685575
2026-08-24,603259.SH,154.13,161.29,154.1,161,590510
2026-08-25,603259.SH,161,163.4,157.91,159.25,344185
2026-08-26,603259.SH,159.38,160.41,157,159.94,349446
2026-08-27,603259.SH,159.95,161.35,156.56,157.4,291937
2026-08-30,603259.SH,154.26,155.45,150.22,154.78,476254
2026-08-31,603259.SH,154.7,154.98,152.01,154.4,293400
2026-09-01,603259.SH,154.55,157.7,151.7,155.99,421070
2026-09-02,603259.SH,157.69,158.88,154.26,156.63,301039
2026-09-03,603259.SH,155.88,157.01,153.21,153.83,257217
2026-09-06,603259.SH,152.93,155.36,152.38,153.25,237831
2026-09-07,603259.SH,152.97,156.35,152.05,156.35,363959
2026-09-08,603259.SH,155.05,157.17,152.89,154.88,287079
2026-09-09,603259.SH,154.15,155.3,152.03,154.5,256708
2026-09-10,603259.SH,154,154.36,149.7,151.24,303599
2026-09-13,603259.SH,151.23,158.88,150,158.86,440256
2026-09-14,603259.SH,157.1,159.68,155.92,156.67,261077
2026-09-15,603259.SH,156.13,160.99,155.1,157.71,310470
2026-09-16,603259.SH,157,162.46,156.79,160.49,376313
2026-09-17,603259.SH,161.11,164.55,158.7,160,374103
2026-09-20,603259.SH,161.99,168.28,161,167.96,512601
2026-09-21,603259.SH,167.91,171.2,165.54,167.85,369971
2026-09-22,603259.SH,167.18,170.33,166.7,167.95,269224
2026-09-23,603259.SH,166.8,168.57,162.3,162.4,346919
2026-09-27,603259.SH,164.75,165.88,159.89,161.8,350119
2026-09-28,603259.SH,161.81,166.68,159.47,160.66,303179
2026-09-29,603259.SH,160.01,169.2,159.4,167.34,449509
2022-08-16,600030.SH,19.99,20.28,19.81,20.2,776178
2022-08-17,600030.SH,20.1,20.2,19.97,20.02,371902
2022-08-18,600030.SH,20.04,20.18,19.96,19.98,373062
2022-08-21,600030.SH,19.92,20.12,19.9,19.95,362703
2022-08-22,600030.SH,19.95,20.18,19.81,19.9,515282
2022-08-23,600030.SH,19.89,20.15,19.5,19.54,768150
2022-08-24,600030.SH,19.56,20.28,19.51,20.12,961571
2022-08-25,600030.SH,19.7,19.72,19.34,19.4,648589
2022-08-28,600030.SH,19.28,19.5,19.21,19.37,399914
2022-08-29,600030.SH,19.36,19.5,19,19.25,609104
2022-08-30,600030.SH,19.15,19.76,19.12,19.52,889231
2022-08-31,600030.SH,19.38,19.5,19.17,19.3,530111
2022-09-01,600030.SH,19.3,19.48,19.1,19.24,446179
2022-09-04,600030.SH,19.16,19.34,19.08,19.27,430613
2022-09-05,600030.SH,19.3,19.5,19.28,19.48,599818
2022-09-06,600030.SH,19.4,19.45,19.3,19.37,319087
2022-09-07,600030.SH,19.4,19.54,19.31,19.31,374768
2022-09-08,600030.SH,19.35,19.92,19.32,19.78,1007421
2022-09-12,600030.SH,19.86,20,19.72,19.83,622301
2022-09-13,600030.SH,19.6,19.74,19.54,19.58,523532
2022-09-14,600030.SH,19.6,19.8,19.41,19.53,615972
2022-09-15,600030.SH,19.39,19.47,18.36,18.42,1918654
2022-09-18,600030.SH,18.35,18.56,18.31,18.42,658783
2022-09-19,600030.SH,18.46,18.57,18.32,18.42,447836
2022-09-20,600030.SH,18.31,18.55,18.24,18.43,481071
2022-09-21,600030.SH,18.28,18.48,18.26,18.39,327023
2022-09-22,600030.SH,18.37,18.5,18.25,18.36,376786
2022-09-25,600030.SH,18.24,18.31,18,18.02,477755
2022-09-26,600030.SH,18.1,18.18,17.83,18.07,596610
2022-09-27,600030.SH,17.96,18,17.65,17.72,544254
2022-09-28,600030.SH,17.85,17.87,17.32,17.4,568276
2022-09-29,600030.SH,17.39,17.57,17.36,17.42,412399
2022-10-09,600030.SH,17.28,17.61,17.25,17.33,444611
2022-10-10,600030.SH,17.41,17.65,17.27,17.39,393165
2022-10-11,600030.SH,17.39,17.82,17.3,17.79,562548
2022-10-12,600030.SH,17.72,17.77,17.59,17.71,414404
2022-10-13,600030.SH,17.87,18.2,17.82,18.07,621606
2022-10-16,600030.SH,18,18.25,17.96,18.18,395460
2022-10-17,600030.SH,18.22,18.3,18.1,18.17,375948
2022-10-18,600030.SH,18.16,18.27,18.06,18.1,435640
2022-10-19,600030.SH,18.05,18.36,18.02,18.1,462291
2022-10-20,600030.SH,18.39,18.5,18.14,18.2,702020
2022-10-23,600030.SH,18.32,18.55,17.66,17.76,852518
2022-10-24,600030.SH,17.8,17.97,17.46,17.53,736668
2022-10-25,600030.SH,17.5,17.84,17.45,17.53,695153
2022-10-26,600030.SH,17.58,17.81,17.55,17.6,512715
2022-10-27,600030.SH,17.52,17.64,17.15,17.22,594711
2022-10-30,600030.SH,17.19,17.44,17.04,17.21,618304
2022-10-31,600030.SH,17.28,17.9,17.26,17.9,834094
2022-11-01,600030.SH,17.7,18.02,17.67,17.91,651511
2022-11-02,600030.SH,17.85,17.88,17.65,17.73,377555
2022-11-03,600030.SH,17.71,18.39,17.71,18.25,862706
2022-11-06,600030.SH,18.15,18.4,18.11,18.27,598130
2022-11-07,600030.SH,18.3,18.39,18.12,18.28,372081
2022-11-08,600030.SH,18.27,18.41,18.2,18.25,333565
2022-11-09,600030.SH,18.16,18.55,18.12,18.43,617652
2022-11-10,600030.SH,19,19.2,18.71,18.96,1247938
2022-11-13,600030.SH,19.14,19.52,19,19.2,1340592
2022-11-14,600030.SH,19.11,20.09,19.11,19.8,1424833
2022-11-15,600030.SH,19.71,19.87,19.4,19.43,730208
2022-11-16,600030.SH,19.36,19.49,19.24,19.46,513618
2022-11-17,600030.SH,19.45,19.5,19.12,19.15,565865
2022-11-20,600030.SH,19,19,18.7,18.85,460381
2022-11-21,600030.SH,18.94,19.33,18.82,19.16,535088
2022-11-22,600030.SH,19.13,19.42,19.08,19.22,487637
2022-11-23,600030.SH,19.38,19.49,19.07,19.1,406165
2022-11-24,600030.SH,19.1,19.45,19.06,19.35,542375
2022-11-27,600030.SH,19,19.05,18.75,19.01,536798
2022-11-28,600030.SH,19.05,19.91,19.05,19.74,1212733
2022-11-29,600030.SH,19.65,20.09,19.62,19.82,1055676
2022-11-30,600030.SH,20.18,20.96,19.93,19.97,1979497
2022-12-01,600030.SH,20,20.13,19.74,19.83,585850
2022-12-04,600030.SH,20.14,20.88,20.14,20.83,1680806
2022-12-05,600030.SH,20.63,21.26,20.63,20.9,1251618
2022-12-06,600030.SH,20.84,20.98,20.5,20.59,760814
2022-12-07,600030.SH,20.55,20.72,20.4,20.51,632475
2022-12-08,600030.SH,20.55,20.76,20.26,20.64,844050
2022-12-11,600030.SH,20.44,20.55,20.16,20.24,694337
2022-12-12,600030.SH,20.3,20.5,20.21,20.3,597671
2022-12-13,600030.SH,20.35,20.7,20.16,20.54,590594
2022-12-14,600030.SH,20.45,20.6,20.25,20.27,433059
2022-12-15,600030.SH,20.22,20.58,20.19,20.41,594499
2022-12-18,600030.SH,20.46,20.6,19.86,19.96,682772
2022-12-19,600030.SH,19.9,20.1,19.56,19.71,488120
2022-12-20,600030.SH,19.84,19.85,19.67,19.74,295335
2022-12-21,600030.SH,20,20.06,19.77,19.87,468564
2022-12-22,600030.SH,19.73,19.97,19.68,19.79,354937
2022-12-25,600030.SH,19.75,19.91,19.62,19.67,342238
2022-12-26,600030.SH,19.8,20.17,19.7,20.14,596653
2022-12-27,600030.SH,20.06,20.15,19.96,20.05,313698
2022-12-28,600030.SH,19.9,19.98,19.63,19.78,483679
2022-12-29,600030.SH,19.85,20.15,19.85,19.91,448713
2023-01-02,600030.SH,19.78,19.97,19.36,19.9,692944
2023-01-03,600030.SH,19.94,20.2,19.9,20.15,492645
2023-01-04,600030.SH,20.3,20.55,20.21,20.44,780586
2023-01-05,600030.SH,20.34,20.51,20.25,20.41,503337
2023-01-08,600030.SH,20.55,20.9,20.5,20.65,786134
2023-01-09,600030.SH,20.6,20.76,20.41,20.44,479810
2023-01-10,600030.SH,20.5,20.58,20.19,20.34,552668
2023-01-11,600030.SH,20.39,20.47,20.22,20.46,387843
2023-01-12,600030.SH,20.46,20.75,20.27,20.75,828639
2023-01-15,600030.SH,20.78,21.99,20.66,21.54,2366243
2023-01-16,600030.SH,21.37,21.67,21.3,21.63,807047
2023-01-17,600030.SH,21.51,21.7,21.38,21.38,593369
2023-01-18,600030.SH,21.33,21.63,21.26,21.62,678180
2023-01-19,600030.SH,21.64,21.7,21.35,21.67,710780
2023-01-29,600030.SH,22.25,22.29,21.46,21.61,1278232
2023-01-30,600030.SH,21.73,21.83,21.29,21.41,829063
2023-01-31,600030.SH,21.49,22.18,21.41,22.09,1005566
2023-02-01,600030.SH,22.47,22.49,21.4,21.43,1943692
2023-02-02,600030.SH,21.3,21.38,21.06,21.36,819820
2023-02-05,600030.SH,21.16,21.16,20.8,20.85,788730
2023-02-06,600030.SH,20.95,21.03,20.83,20.9,416286
2023-02-07,600030.SH,20.91,20.98,20.81,20.87,307495
2023-02-08,600030.SH,20.84,21.17,20.8,21.17,505692
2023-02-09,600030.SH,21.1,21.1,20.88,20.96,389886
2023-02-12,600030.SH,20.82,21.03,20.75,20.93,470592
2023-02-13,600030.SH,21,21.02,20.76,20.92,378261
2023-02-14,600030.SH,20.89,20.96,20.71,20.75,441502
2023-02-15,600030.SH,20.77,21.05,20.4,20.57,754672
2023-02-16,600030.SH,20.55,20.65,20.23,20.24,534649
2023-02-19,600030.SH,20.47,21.1,20.41,21.04,965455
2023-02-20,600030.SH,20.93,21.17,20.89,21.09,717272
2023-02-21,600030.SH,21,21.1,20.73,20.8,690167
2023-02-22,600030.SH,20.81,21.18,20.81,21.03,694633
2023-02-23,600030.SH,21.05,21.09,20.59,20.59,760295
2023-02-26,600030.SH,20.38,20.54,20.3,20.44,374362
2023-02-27,600030.SH,20.5,20.67,20.35,20.65,418406
2023-02-28,600030.SH,20.61,21,20.53,20.9,570920
2023-03-01,600030.SH,20.84,20.99,20.78,20.88,395712
2023-03-02,600030.SH,20.92,21.23,20.85,21.17,710361
2023-03-05,600030.SH,21.18,21.19,20.63,20.69,877479
2023-03-06,600030.SH,20.65,21.16,20.47,20.51,1201098
2023-03-07,600030.SH,20.39,20.45,20.25,20.36,676840
2023-03-08,600030.SH,20.44,20.51,20.26,20.28,442349
2023-03-09,600030.SH,20.12,20.16,19.91,19.99,587130
2023-03-12,600030.SH,20,20.18,19.95,20.13,446131
2023-03-13,600030.SH,20.03,20.05,19.69,19.86,568961
2023-03-14,600030.SH,20.04,20.1,19.94,20.05,495211
2023-03-15,600030.SH,19.85,20.09,19.83,19.91,472923
2023-03-16,600030.SH,20.05,20.5,20.05,20.16,881548
2023-03-19,600030.SH,20.16,20.42,20.01,20.05,651845
2023-03-20,600030.SH,20.13,20.35,20.05,20.21,438535
2023-03-21,600030.SH,20.3,20.38,20.17,20.3,539983
2023-03-22,600030.SH,20.16,20.5,20.13,20.49,509007
2023-03-23,600030.SH,20.46,20.59,20.37,20.52,428716
2023-03-26,600030.SH,20.52,20.59,20.27,20.4,513917
2023-03-27,600030.SH,20.44,20.49,20.3,20.39,380341
2023-03-28,600030.SH,20.48,20.49,20.1,20.21,481011
2023-03-29,600030.SH,20.17,20.62,20.06,20.48,576891
2023-03-30,600030.SH,20.41,20.59,20.37,20.48,390271
2023-04-02,600030.SH,20.48,21.05,20.47,21,1285585
2023-04-03,600030.SH,21,21.15,20.9,21.07,992536
2023-04-05,600030.SH,21.05,21.08,20.81,20.89,566802
2023-04-06,600030.SH,20.9,21.35,20.83,21.17,789999
2023-04-09,600030.SH,21.32,21.46,21.05,21.12,849665
2023-04-10,600030.SH,21.25,21.71,21.24,21.34,1161390
2023-04-11,600030.SH,21.34,21.48,21.23,21.34,612833
2023-04-12,600030.SH,21.22,21.23,20.93,20.94,647184
2023-04-13,600030.SH,21.01,21.13,20.82,20.95,481025
2023-04-16,600030.SH,20.95,21.78,20.91,21.78,1624228
2023-04-17,600030.SH,21.77,21.92,21.6,21.73,990579
2023-04-18,600030.SH,21.71,21.73,21.42,21.48,658684
2023-04-19,600030.SH,21.41,21.59,21.33,21.55,568484
2023-04-20,600030.SH,21.52,21.54,20.8,20.81,952917
2023-04-23,600030.SH,20.79,20.9,20.49,20.62,712967
2023-04-24,600030.SH,20.6,20.9,20.49,20.72,745541
2023-04-25,600030.SH,20.6,20.76,20.48,20.63,651940
2023-04-26,600030.SH,20.6,21.1,20.53,21.03,886401
2023-04-27,600030.SH,20.78,21.23,20.53,21.02,1268279
2023-05-03,600030.SH,20.83,21.46,20.52,21.27,1070272
2023-05-04,600030.SH,21.37,22.23,21.35,21.93,2183066
2023-05-07,600030.SH,21.8,22.98,21.65,22.69,2838762
2023-05-08,600030.SH,22.88,23.91,22.7,22.74,4023736
2023-05-09,600030.SH,22.5,22.66,21.77,21.89,2103400
2023-05-10,600030.SH,21.92,22.11,21.72,21.8,830927
2023-05-11,600030.SH,21.76,21.88,21.43,21.5,851291
2023-05-14,600030.SH,21.47,21.9,21.08,21.82,1122918
2023-05-15,600030.SH,21.8,22.15,21.68,21.8,804855
2023-05-16,600030.SH,21.7,21.9,21.55,21.66,483320
2023-05-17,600030.SH,21.67,22.02,21.6,21.67,604724
2023-05-18,600030.SH,21.6,21.6,21.21,21.29,766753
2023-05-21,600030.SH,21.27,21.46,21.21,21.3,484949
2023-05-22,600030.SH,21.28,21.32,20.85,20.85,773846
2023-05-23,600030.SH,20.84,20.84,20.26,20.28,1090077
2023-05-24,600030.SH,20.21,20.36,20.1,20.32,660117
2023-05-25,600030.SH,20.32,20.49,20.16,20.37,457693
2023-05-28,600030.SH,20.36,20.44,20.22,20.35,500163
2023-05-29,600030.SH,20.39,20.46,20.1,20.36,655883
2023-05-30,600030.SH,20.3,20.3,19.95,20.05,982478
2023-05-31,600030.SH,20.05,20.31,19.96,20.1,750125
2023-06-01,600030.SH,20.15,20.27,20.11,20.19,882620
2023-06-04,600030.SH,20.2,20.22,19.98,20,613004
2023-06-05,600030.SH,20,20.21,19.8,19.83,740980
2023-06-06,600030.SH,19.85,20.04,19.81,19.87,476803
2023-06-07,600030.SH,19.88,20.29,19.74,20.2,771346
2023-06-08,600030.SH,20.18,20.3,20.08,20.18,510678
2023-06-11,600030.SH,20.15,20.17,19.83,19.85,897547
2023-06-12,600030.SH,19.81,20,19.81,19.98,509990
2023-06-13,600030.SH,20,20.26,19.98,20,756191
2023-06-14,600030.SH,20.13,20.36,20.03,20.3,830879
2023-06-15,600030.SH,20.33,20.43,20.22,20.39,702426
2023-06-18,600030.SH,20.38,20.38,20.09,20.15,679583
2023-06-19,600030.SH,20.15,20.21,20,20.06,601379
2023-06-20,600030.SH,20.02,20.09,19.82,19.85,512318
2023-06-25,600030.SH,19.66,19.66,19.28,19.29,833980
2023-06-26,600030.SH,19.3,19.56,19.3,19.49,376666
2023-06-27,600030.SH,19.47,19.54,19.36,19.5,384117
2023-06-28,600030.SH,19.49,19.57,19.37,19.44,295886
2023-06-29,600030.SH,19.42,19.91,19.42,19.78,518329
2023-07-02,600030.SH,19.8,20.39,19.78,20.24,871629
2023-07-03,600030.SH,20.18,20.41,20.16,20.28,462444
2023-07-04,600030.SH,20.26,20.34,20.15,20.15,343733
2023-07-05,600030.SH,20,20.23,19.97,20.05,421413
2023-07-06,600030.SH,19.97,20.24,19.92,20.13,415074
2023-07-09,600030.SH,20.16,20.29,20.02,20.12,339428
2023-07-10,600030.SH,20.2,20.3,20.15,20.24,353911
2023-07-11,600030.SH,20.27,20.31,20.06,20.08,315572
2023-07-12,600030.SH,20.19,20.54,20.18,20.47,803793
2023-07-13,600030.SH,20.53,20.58,20.39,20.5,445111
2023-07-16,600030.SH,20.44,20.44,20.2,20.28,349439
2023-07-17,600030.SH,20.38,20.39,20.2,20.29,274262
2023-07-18,600030.SH,20.14,20.43,20.14,20.41,387182
2023-07-19,600030.SH,20.5,20.55,20.29,20.3,441118
2023-07-20,600030.SH,20.3,20.57,20.27,20.36,445415
2023-07-23,600030.SH,20.16,20.6,20.15,20.39,396661
2023-07-24,600030.SH,21.3,21.75,20.99,21.58,2590025
2023-07-25,600030.SH,21.55,21.8,21.44,21.78,1284302
2023-07-26,600030.SH,21.77,21.97,21.47,21.52,916243
2023-07-27,600030.SH,21.47,23.67,21.46,23.67,4413377
2023-07-30,600030.SH,24.3,24.87,23.9,24.1,4465017
2023-07-31,600030.SH,23.9,24.27,23.38,23.67,2738399
2023-08-01,600030.SH,23.68,24.59,23.65,23.85,2239608
2023-08-02,600030.SH,24.46,24.84,23.79,24.43,2633857
2023-08-03,600030.SH,25,26.1,24.49,24.7,4677813
2023-08-06,600030.SH,24.28,24.88,23.91,24.77,1919689
2023-08-07,600030.SH,24.42,25.4,23.88,24.9,2488180
2023-08-08,600030.SH,24.64,25.2,24.53,24.91,1639236
2023-08-09,600030.SH,24.9,25.2,24.75,25.2,1872111
2023-08-10,600030.SH,24.98,24.98,23.98,24.1,2801688
2023-08-13,600030.SH,23.5,24.23,23.5,23.75,1938486
2023-08-14,600030.SH,23.73,24.14,23.63,24.11,1491247
2023-08-15,600030.SH,23.76,24.64,23.44,24.01,1453083
2023-08-16,600030.SH,23.8,24.23,23.5,23.95,1330955
2023-08-17,600030.SH,24.26,24.83,23.97,23.97,1600767
2023-08-20,600030.SH,23.67,23.76,22.89,22.94,2116638
2023-08-21,600030.SH,23.23,23.47,22.9,23.22,1277267
2023-08-22,600030.SH,23.11,23.24,22.79,22.8,752343
2023-08-23,600030.SH,23.01,23.92,22.95,23.56,1556384
2023-08-24,600030.SH,22.99,23.64,22.83,23.43,1343605
2023-08-27,600030.SH,25.77,25.77,23.66,23.79,5056354
2023-08-28,600030.SH,23.37,23.75,22.9,23.38,2511461
2023-08-29,600030.SH,23.38,23.38,22.53,22.56,2316335
2023-08-30,600030.SH,22.56,22.72,22.18,22.2,1216414
2023-08-31,600030.SH,22.32,22.65,22.21,22.38,998386
2023-09-03,600030.SH,22.51,22.76,22.3,22.57,992210
2023-09-04,600030.SH,22.47,22.47,22.24,22.38,646908
2023-09-05,600030.SH,22.24,22.32,21.96,22.13,977957
2023-09-06,600030.SH,22.13,22.42,22.01,22.12,857824
2023-09-07,600030.SH,22.03,22.32,21.78,22.25,735701
2023-09-10,600030.SH,22.3,22.78,22.11,22.6,1127082
2023-09-11,600030.SH,22.51,22.62,22.36,22.39,655934
2023-09-12,600030.SH,22.44,22.46,22.18,22.28,558953
2023-09-13,600030.SH,22.27,22.38,22.16,22.29,559797
2023-09-14,600030.SH,22.34,22.38,21.95,22.05,749102
2023-09-17,600030.SH,21.95,22.15,21.82,22.14,597284
2023-09-18,600030.SH,22.14,22.15,21.96,22.02,479372
2023-09-19,600030.SH,21.99,22.05,21.73,21.9,393267
2023-09-20,600030.SH,21.82,22.03,21.72,21.73,493029
2023-09-21,600030.SH,21.69,22.65,21.67,22.61,1278377
2023-09-24,600030.SH,22.48,22.48,21.85,21.9,1036854
2023-09-25,600030.SH,21.87,22.14,21.83,21.98,571626
2023-09-26,600030.SH,21.91,22.18,21.91,22.03,583678
2023-09-27,600030.SH,22.07,22.16,21.65,21.66,854426
2023-10-08,600030.SH,21.42,21.74,21.09,21.68,707714
2023-10-09,600030.SH,21.81,21.86,21.41,21.43,405554
2023-10-10,600030.SH,21.58,21.67,21.45,21.51,393846
2023-10-11,600030.SH,21.88,21.98,21.65,21.76,577071
2023-10-12,600030.SH,21.58,21.64,21.46,21.52,375228
2023-10-15,600030.SH,21.47,21.71,21.32,21.51,424367
2023-10-16,600030.SH,21.59,22.19,21.51,21.95,857709
2023-10-17,600030.SH,21.81,22.04,21.76,21.86,469291
2023-10-18,600030.SH,21.7,21.93,21.52,21.56,790917
2023-10-19,600030.SH,21.43,21.75,21.4,21.53,654234
2023-10-22,600030.SH,21.36,21.47,21.05,21.18,546026
2023-10-23,600030.SH,21.3,21.78,21.25,21.62,765613
2023-10-24,600030.SH,21.92,22.1,21.73,21.84,784531
2023-10-25,600030.SH,21.71,21.9,21.51,21.8,530432
2023-10-26,600030.SH,21.66,22.18,21.4,22.03,929863
2023-10-29,600030.SH,21.86,21.88,21.33,21.6,1028837
2023-10-30,600030.SH,21.58,21.86,21.5,21.71,672834
2023-10-31,600030.SH,21.93,22.04,21.5,21.73,581701
2023-11-01,600030.SH,21.73,21.87,21.48,21.53,482603
2023-11-02,600030.SH,21.53,21.9,21.42,21.86,895103
2023-11-05,600030.SH,22.55,23.04,22.26,22.83,1935126
2023-11-06,600030.SH,22.61,22.92,22.58,22.79,966080
2023-11-07,600030.SH,22.78,22.82,22.41,22.58,918894
2023-11-08,600030.SH,22.47,22.61,22.3,22.46,610136
2023-11-09,600030.SH,22.35,22.55,22.3,22.46,567732
2023-11-12,600030.SH,22.46,22.48,22.21,22.29,532958
2023-11-13,600030.SH,22.31,22.95,22.3,22.62,1105527
2023-11-14,600030.SH,22.89,22.92,22.52,22.6,728543
2023-11-15,600030.SH,22.6,22.7,22.42,22.43,462101
2023-11-16,600030.SH,22.33,22.52,22.24,22.52,484639
2023-11-19,600030.SH,22.51,22.52,22.07,22.35,588282
2023-11-20,600030.SH,22.47,22.84,22.36,22.44,744222
2023-11-21,600030.SH,22.31,22.48,22.2,22.21,364603
2023-11-22,600030.SH,22.21,22.29,21.92,22.24,498746
2023-11-23,600030.SH,22.19,22.24,22.03,22.05,465400
2023-11-26,600030.SH,22,22.01,21.51,21.69,820899
2023-11-27,600030.SH,21.68,21.78,21.52,21.61,463398
2023-11-28,600030.SH,21.66,21.66,21.3,21.4,498813
2023-11-29,600030.SH,21.4,21.5,21.28,21.45,477454
2023-11-30,600030.SH,21.41,21.62,21.31,21.56,494455
2023-12-03,600030.SH,21.51,21.62,21.4,21.41,374544
2023-12-04,600030.SH,21.34,21.48,21.1,21.13,477292
2023-12-05,600030.SH,21.09,21.18,20.95,20.95,463647
2023-12-06,600030.SH,20.9,21.13,20.82,21.03,431004
2023-12-07,600030.SH,21.02,21.16,20.95,20.95,468350
2023-12-10,600030.SH,20.8,21.25,20.59,21.21,717469
2023-12-11,600030.SH,21.07,21.2,21.03,21.13,418151
2023-12-12,600030.SH,21.12,21.12,20.7,20.71,667977
2023-12-13,600030.SH,20.8,20.87,20.48,20.5,547770
2023-12-14,600030.SH,20.57,20.81,20.44,20.46,589352
2023-12-17,600030.SH,20.4,20.59,20.32,20.44,422359
2023-12-18,600030.SH,20.43,20.64,20.36,20.64,485472
2023-12-19,600030.SH,20.61,20.62,20.14,20.16,614281
2023-12-20,600030.SH,20.11,20.35,20.03,20.27,532444
2023-12-21,600030.SH,20.2,20.39,20.02,20.28,530620
2023-12-24,600030.SH,20.18,20.3,19.99,20.01,497957
2023-12-25,600030.SH,20,20.05,19.73,19.85,402623
2023-12-26,600030.SH,19.83,20.08,19.62,19.9,631842
2023-12-27,600030.SH,19.83,20.45,19.81,20.37,872080
2023-12-28,600030.SH,20.33,20.54,20.28,20.37,644382
2024-01-01,600030.SH,20.38,20.4,20.06,20.07,587765
2024-01-02,600030.SH,20,20.25,19.98,20.18,547514
2024-01-03,600030.SH,20.12,20.16,19.84,20,503918
2024-01-04,600030.SH,19.95,20.18,19.66,19.79,696148
2024-01-07,600030.SH,19.72,19.86,19.4,19.42,625671
2024-01-08,600030.SH,19.42,19.56,19.33,19.46,458458
2024-01-09,600030.SH,19.45,19.63,19.26,19.46,525961
2024-01-10,600030.SH,19.48,19.66,19.34,19.6,447933
2024-01-11,600030.SH,19.5,19.73,19.45,19.52,397471
2024-01-14,600030.SH,19.36,19.69,19.33,19.48,338558
2024-01-15,600030.SH,19.45,19.62,19.22,19.58,580084
2024-01-16,600030.SH,19.5,19.53,19.22,19.22,561491
2024-01-17,600030.SH,19.07,19.54,18.78,19.49,1121366
2024-01-18,600030.SH,19.3,19.58,19.25,19.47,691141
2024-01-21,600030.SH,19.4,19.57,18.92,19.13,984471
2024-01-22,600030.SH,19.05,19.95,18.94,19.78,1152870
2024-01-23,600030.SH,19.88,20.62,19.61,20.52,1453993
2024-01-24,600030.SH,20.34,20.7,20.13,20.56,1542794
2024-01-25,600030.SH,20.4,21.08,20.31,20.83,1482557
2024-01-28,600030.SH,20.72,20.89,20.53,20.58,893544
2024-01-29,600030.SH,20.45,20.8,20.28,20.44,900567
2024-01-30,600030.SH,20.35,20.72,20.25,20.5,793198
2024-01-31,600030.SH,20.3,20.78,20.28,20.44,765051
2024-02-01,600030.SH,20.44,20.52,19.67,20.18,1022182
2024-02-04,600030.SH,20.08,20.52,19.76,20.18,996991
2024-02-05,600030.SH,20.16,21.22,20,21.14,1210246
2024-02-06,600030.SH,21.02,21.28,20.9,21.18,1121726
2024-02-07,600030.SH,21.3,21.53,21.08,21.25,1009396
2024-02-18,600030.SH,21.12,21.12,20.55,20.85,952239
2024-02-19,600030.SH,20.73,21.17,20.68,20.99,888629
2024-02-20,600030.SH,20.9,21.71,20.81,21.38,1287130
2024-02-21,600030.SH,21.27,21.8,21.23,21.73,1094041
2024-02-22,600030.SH,21.74,21.78,21.46,21.52,777536
2024-02-25,600030.SH,21.54,21.63,21.31,21.34,646414
2024-02-26,600030.SH,21.32,21.47,21.23,21.46,810284
2024-02-27,600030.SH,21.52,21.74,21,21,1172925
2024-02-28,600030.SH,21,21.35,20.95,21.3,963923
2024-02-29,600030.SH,21.3,21.44,21.1,21.32,723936
2024-03-03,600030.SH,21.33,21.36,21.06,21.16,590709
2024-03-04,600030.SH,21.03,21.24,21.02,21.18,790445
2024-03-05,600030.SH,21.17,21.4,21.03,21.1,654451
2024-03-06,600030.SH,21.07,21.2,20.71,20.81,892486
2024-03-07,600030.SH,20.8,20.9,20.71,20.8,465433
2024-03-10,600030.SH,20.89,21.2,20.87,21.19,758369
2024-03-11,600030.SH,21.3,21.45,21.16,21.4,820888
2024-03-12,600030.SH,21.4,21.43,21.05,21.07,635468
2024-03-13,600030.SH,21.01,21.16,20.71,20.8,675060
2024-03-14,600030.SH,20.71,20.89,20.59,20.87,608804
2024-03-17,600030.SH,20.89,21.43,20.87,21.26,1026790
2024-03-18,600030.SH,21.22,21.22,20.81,20.83,724657
2024-03-19,600030.SH,20.77,20.97,20.74,20.84,479502
2024-03-20,600030.SH,20.87,21.17,20.8,20.83,680561
2024-03-21,600030.SH,20.83,20.87,20.44,20.5,766249
2024-03-24,600030.SH,19.8,19.92,19.5,19.5,1799742
2024-03-25,600030.SH,19.41,19.62,19.41,19.6,763998
2024-03-26,600030.SH,19.52,19.54,19.32,19.35,687822
2024-03-27,600030.SH,19.3,19.53,19.23,19.31,1037015
2024-03-28,600030.SH,19.28,19.28,19.1,19.2,867231
2024-03-31,600030.SH,19.3,19.44,19.3,19.41,907087
2024-04-01,600030.SH,19.42,19.47,19.28,19.31,688563
2024-04-02,600030.SH,19.28,19.29,19.13,19.16,530948
2024-04-07,600030.SH,19,19.07,18.78,18.92,724600
2024-04-08,600030.SH,18.9,19.05,18.88,18.93,448793
2024-04-09,600030.SH,18.89,18.91,18.35,18.41,975998
2024-04-10,600030.SH,18.34,18.52,18.29,18.34,612759
2024-04-11,600030.SH,18.35,18.42,17.9,17.94,1057567
2024-04-14,600030.SH,17.5,17.92,17.26,17.74,1799117
2024-04-15,600030.SH,17.51,18,17.48,17.63,1249252
2024-04-16,600030.SH,17.58,18.11,17.45,18.1,1205475
2024-04-17,600030.SH,18.01,18.53,17.98,18.21,1349376
2024-04-18,600030.SH,18.1,18.3,18.06,18.13,782310
2024-04-21,600030.SH,18.13,18.55,18.13,18.28,779616
2024-04-22,600030.SH,18.32,18.43,18.2,18.27,665688
2024-04-23,600030.SH,18.25,18.33,18.05,18.27,548570
2024-04-24,600030.SH,18.25,18.32,18.11,18.18,516679
2024-04-25,600030.SH,18.55,19.27,18.37,19.16,2255741
2024-04-28,600030.SH,19.17,19.52,19.05,19.38,1886652
2024-04-29,600030.SH,19.25,19.36,18.95,19.01,1022410
2024-05-05,600030.SH,19.25,19.45,19.12,19.21,1078318
2024-05-06,600030.SH,19.2,19.25,19.07,19.12,659792
2024-05-07,600030.SH,19.03,19.1,18.75,18.78,783103
2024-05-08,600030.SH,18.83,19.02,18.82,18.91,742667
2024-05-09,600030.SH,18.94,19.14,18.85,19.06,905794
2024-05-12,600030.SH,19.03,19.13,18.76,18.98,814225
2024-05-13,600030.SH,19.01,19.03,18.83,19.01,669019
2024-05-14,600030.SH,19.06,19.09,18.74,18.75,774121
2024-05-15,600030.SH,18.8,18.98,18.74,18.78,605089
2024-05-16,600030.SH,18.78,19.22,18.73,19.19,1010141
2024-05-19,600030.SH,19.19,19.51,19.15,19.29,1325606
2024-05-20,600030.SH,19.23,19.36,19.15,19.24,565401
2024-05-21,600030.SH,19.2,19.36,19.15,19.31,644842
2024-05-22,600030.SH,19.21,19.27,18.84,18.87,863178
2024-05-23,600030.SH,18.8,18.92,18.52,18.59,726459
2024-05-26,600030.SH,18.6,18.76,18.54,18.73,583703
2024-05-27,600030.SH,18.68,18.91,18.6,18.62,470922
2024-05-28,600030.SH,18.56,18.8,18.56,18.65,379778
2024-05-29,600030.SH,18.59,18.68,18.45,18.56,475489
2024-05-30,600030.SH,18.64,18.84,18.58,18.62,519552
2024-06-02,600030.SH,18.55,18.56,18.35,18.43,585957
2024-06-03,600030.SH,18.43,18.61,18.43,18.56,486497
2024-06-04,600030.SH,18.52,18.67,18.52,18.54,451342
2024-06-05,600030.SH,18.58,18.68,18.43,18.49,592333
2024-06-06,600030.SH,18.55,18.6,18.2,18.38,571643
2024-06-10,600030.SH,18.28,18.48,18.28,18.34,452710
2024-06-11,600030.SH,18.31,18.38,18.27,18.28,415911
2024-06-12,600030.SH,18.3,18.36,18.2,18.26,461596
2024-06-13,600030.SH,18.24,18.77,18.2,18.63,1211654
2024-06-16,600030.SH,18.51,18.67,18.46,18.66,596441
2024-06-17,600030.SH,18.65,18.89,18.6,18.71,574730
2024-06-18,600030.SH,18.74,18.74,18.52,18.53,463449
2024-06-19,600030.SH,18.53,18.6,18.36,18.38,423174
2024-06-20,600030.SH,18.4,18.59,18.25,18.44,604170
2024-06-23,600030.SH,18.41,18.57,18.4,18.42,519767
2024-06-24,600030.SH,18.43,18.46,18,18.12,749159
2024-06-25,600030.SH,18.09,18.45,18.02,18.4,510173
2024-06-26,600030.SH,18.36,18.46,18.25,18.4,541513
2024-06-27,600030.SH,18.36,18.6,18.13,18.23,707386
2024-06-30,600030.SH,18.19,18.28,18,18.2,466210
2024-07-01,600030.SH,18.15,18.39,18.13,18.19,400207
2024-07-02,600030.SH,18.19,18.43,18.07,18.38,434344
2024-07-03,600030.SH,18.35,18.45,18.03,18.04,520144
2024-07-04,600030.SH,18.1,18.1,17.7,17.81,786784
2024-07-07,600030.SH,17.7,17.78,17.45,17.5,602173
2024-07-08,600030.SH,17.47,17.91,17.35,17.86,641412
2024-07-09,600030.SH,17.81,18.45,17.76,18.17,917488
2024-07-10,600030.SH,18.26,18.45,18.18,18.32,558238
2024-07-11,600030.SH,18.33,18.41,18.23,18.36,362182
2024-07-14,600030.SH,18.36,18.55,18.32,18.46,534401
2024-07-15,600030.SH,18.49,18.85,18.4,18.73,849412
2024-07-16,600030.SH,18.7,18.91,18.66,18.85,837772
2024-07-17,600030.SH,18.86,19,18.64,18.97,884104
2024-07-18,600030.SH,18.96,19.44,18.92,19.39,1591096
2024-07-21,600030.SH,19.99,20.24,19.57,20.19,3704495
2024-07-22,600030.SH,19.85,19.87,19.18,19.2,2571229
2024-07-23,600030.SH,19.07,19.3,18.76,18.88,1687897
2024-07-24,600030.SH,18.84,19.34,18.79,19.02,1306207
2024-07-25,600030.SH,18.92,19.54,18.87,19.26,1134245
2024-07-28,600030.SH,19.05,19.19,18.86,18.88,959431
2024-07-29,600030.SH,18.82,18.97,18.74,18.92,700063
2024-07-30,600030.SH,18.92,20.12,18.88,19.8,2253176
2024-07-31,600030.SH,19.55,19.82,19.51,19.58,1264389
2024-08-01,600030.SH,19.48,19.65,19.15,19.21,977032
2024-08-04,600030.SH,19.12,19.42,19.09,19.12,966170
2024-08-05,600030.SH,19.32,19.37,18.93,19.11,750600
2024-08-06,600030.SH,19.12,19.22,18.93,18.97,572451
2024-08-07,600030.SH,18.93,19.22,18.85,19.07,647325
2024-08-08,600030.SH,19.14,19.2,18.88,18.89,539984
2024-08-11,600030.SH,18.82,18.92,18.72,18.87,450726
2024-08-12,600030.SH,18.85,19.08,18.8,19.06,474724
2024-08-13,600030.SH,18.99,19.07,18.83,18.85,465023
2024-08-14,600030.SH,18.84,19.3,18.81,19.15,835145
2024-08-15,600030.SH,19.1,19.21,19,19.1,453321
2024-08-18,600030.SH,19.07,19.22,19.01,19.04,433058
2024-08-19,600030.SH,19.06,19.08,18.87,18.93,416586
2024-08-20,600030.SH,18.9,18.98,18.79,18.92,379242
2024-08-21,600030.SH,19,19.09,18.64,18.73,502415
2024-08-22,600030.SH,18.71,19.2,18.69,19.1,686559
2024-08-25,600030.SH,18.63,18.72,18.37,18.46,588413
2024-08-26,600030.SH,18.4,18.51,18.26,18.46,402103
2024-08-27,600030.SH,18.41,18.53,18.33,18.43,333701
2024-08-28,600030.SH,18.5,18.95,18.46,18.79,866324
2024-08-29,600030.SH,18.75,19.48,18.72,19.29,1421581
2024-09-01,600030.SH,19.19,19.2,18.91,18.92,653954
2024-09-02,600030.SH,18.91,19.25,18.91,19.12,508719
2024-09-03,600030.SH,19.05,19.29,19.05,19.12,467109
2024-09-04,600030.SH,19.05,19.18,18.97,19.11,523895
2024-09-05,600030.SH,19.44,19.58,19.04,19.06,1176128
2024-09-08,600030.SH,18.79,19.2,18.75,18.98,729015
2024-09-09,600030.SH,19.04,19.06,18.75,18.88,530734
2024-09-10,600030.SH,18.85,19.08,18.82,19,460408
2024-09-11,600030.SH,19.02,19.04,18.84,18.88,341256
2024-09-12,600030.SH,18.91,19.08,18.84,18.92,461500
2024-09-17,600030.SH,18.8,19.01,18.77,18.94,379326
2024-09-18,600030.SH,19.07,19.5,18.95,19.34,989389
2024-09-19,600030.SH,19.3,19.36,19.13,19.29,629197
2024-09-22,600030.SH,19.32,19.47,19.17,19.31,536511
2024-09-23,600030.SH,19.71,20.83,19.4,20.82,2869163
2024-09-24,600030.SH,21.29,21.78,21.05,21.16,3007318
2024-09-25,600030.SH,21.01,22.49,21.01,22.48,3093203
2024-09-26,600030.SH,23.4,24.73,22.7,24.73,2799347
2024-09-29,600030.SH,27.2,27.2,26.44,27.2,3949175
2024-10-07,600030.SH,29.92,29.92,29.92,29.92,1475213
2024-10-08,600030.SH,31,32.89,28.77,30.35,13514551
2024-10-09,600030.SH,29.1,29.74,27.48,27.75,7746704
2024-10-10,600030.SH,27.2,28.84,26.68,28.17,4859990
2024-10-13,600030.SH,27.97,27.98,26.07,27.46,4504191
2024-10-14,600030.SH,27,27.79,26.66,26.72,2781009
2024-10-15,600030.SH,26.11,27.14,26.07,26.41,2594892
2024-10-16,600030.SH,26.5,26.99,26.14,26.16,2065194
2024-10-17,600030.SH,26.12,28.78,26.1,27.91,5711829
2024-10-20,600030.SH,27.44,27.9,27.2,27.46,3633977
2024-10-21,600030.SH,27.48,27.91,27.32,27.67,2238021
2024-10-22,600030.SH,27.68,28.19,27.47,27.57,2793650
2024-10-23,600030.SH,27.4,27.71,27.11,27.28,1629023
2024-10-24,600030.SH,27.28,27.89,27.2,27.5,1665721
2024-10-27,600030.SH,27.51,27.61,27.34,27.49,1345732
2024-10-28,600030.SH,27.52,27.96,27.2,27.23,1868916
2024-10-29,600030.SH,27.25,27.78,27.17,27.46,1944753
2024-10-30,600030.SH,27.4,28.8,27.2,28.12,4095204
2024-10-31,600030.SH,28.12,28.62,27.84,27.95,2721582
2024-11-03,600030.SH,28.01,29.07,28.01,29.06,2742897
2024-11-04,600030.SH,29.23,30.99,28.69,30.47,4274424
2024-11-05,600030.SH,31.01,33,30.59,31.08,5450964
2024-11-06,600030.SH,30.5,34.19,30.5,34.19,4804505
2024-11-07,600030.SH,36.49,36.49,34.55,34.88,7454303
2024-11-10,600030.SH,33.55,35.6,33.1,34.88,5133058
2024-11-11,600030.SH,34.89,35.1,33.18,33.93,4145650
2024-11-12,600030.SH,33,33.49,32.47,32.92,3647055
2024-11-13,600030.SH,32.93,33.63,32.59,32.67,2554451
2024-11-14,600030.SH,32.67,33,31.11,31.13,3022570
2024-11-17,600030.SH,31.05,31.41,30.38,30.67,2450264
2024-11-18,600030.SH,30.7,31.52,30.48,31.3,2194106
2024-11-19,600030.SH,31.34,32.16,31.01,31.74,2172904
2024-11-20,600030.SH,31.52,32.12,31.38,31.89,1904306
2024-11-21,600030.SH,31.89,31.98,30.24,30.33,2305779
2024-11-24,600030.SH,30.33,30.5,29.14,29.66,2318101
2024-11-25,600030.SH,29.68,30.25,29.59,29.72,1365193
2024-11-26,600030.SH,29.69,30.29,29.49,30.28,1783034
2024-11-27,600030.SH,30.36,30.41,29.81,29.87,1281967
2024-11-28,600030.SH,29.88,31.88,29.75,30.75,2932909
2024-12-01,600030.SH,30.6,31.46,30.49,31.27,1932380
2024-12-02,600030.SH,31.27,31.46,30.7,31.08,1542309
2024-12-03,600030.SH,31,31.2,30.62,30.8,1178786
2024-12-04,600030.SH,30.7,31.25,30.65,30.9,1158933
2024-12-05,600030.SH,30.9,31.64,30.65,31.24,2054177
2024-12-08,600030.SH,31.15,31.38,30.75,31.12,1258572
2024-12-09,600030.SH,33,33,31.39,31.48,3066784
2024-12-10,600030.SH,31.43,31.72,31.16,31.34,1311480
2024-12-11,600030.SH,31.28,31.98,31.04,31.66,1694641
2024-12-12,600030.SH,31.34,31.35,30.37,30.42,2013226
2024-12-15,600030.SH,30.3,30.35,29.95,30.03,1263453
2024-12-16,600030.SH,30.01,30.65,29.91,30.23,1197166
2024-12-17,600030.SH,30.4,30.5,30.18,30.29,698694
2024-12-18,600030.SH,30,30.39,29.88,30.33,921468
2024-12-19,600030.SH,30.09,30.56,30.03,30.34,977712
2024-12-22,600030.SH,30.1,30.53,29.88,29.92,1045889
2024-12-23,600030.SH,29.92,30.38,29.9,30.32,1082009
2024-12-24,600030.SH,30.34,30.39,29.9,30.09,940862
2024-12-25,600030.SH,30.09,30.33,29.95,30.15,811412
2024-12-26,600030.SH,30.16,30.76,29.92,30.22,1792644
2024-12-29,600030.SH,30.1,30.54,30,30.51,1206691
2024-12-30,600030.SH,30.53,30.57,29.15,29.17,1980813
2025-01-01,600030.SH,28.98,29,27.17,27.45,2828487
2025-01-02,600030.SH,27.34,27.57,26.84,26.97,1839546
2025-01-05,600030.SH,26.8,27.11,26.52,27.06,1236877
2025-01-06,600030.SH,27.1,27.32,26.81,27.16,979724
2025-01-07,600030.SH,27.12,27.28,26.5,26.98,1192336
2025-01-08,600030.SH,26.93,27.12,26.8,26.89,630008
2025-01-09,600030.SH,26.93,27.08,26.46,26.46,800250
2025-01-12,600030.SH,26.16,26.59,26.16,26.51,660664
2025-01-13,600030.SH,26.62,27.76,26.55,27.7,1666249
2025-01-14,600030.SH,27.49,27.66,27.28,27.37,888640
2025-01-15,600030.SH,27.55,27.79,27.02,27.25,884584
2025-01-16,600030.SH,27.11,27.59,27.11,27.31,670563
2025-01-19,600030.SH,27.55,27.85,27.32,27.4,909528
2025-01-20,600030.SH,27.6,27.64,27.25,27.42,729070
2025-01-21,600030.SH,27.35,27.43,27.1,27.23,700671
2025-01-22,600030.SH,27.82,28.5,27.43,27.45,1624528
2025-01-23,600030.SH,27.43,27.74,27.34,27.54,969037
2025-01-26,600030.SH,27.63,27.65,26.92,26.93,886260
2025-02-04,600030.SH,27.27,27.27,26.84,26.95,786529
2025-02-05,600030.SH,26.9,27.46,26.84,27.37,1044842
2025-02-06,600030.SH,27.35,28.67,27.23,28.14,2157366
2025-02-09,600030.SH,28.16,28.3,27.96,28.15,1089053
2025-02-10,600030.SH,28.11,28.13,27.83,27.97,890392
2025-02-11,600030.SH,27.97,28.35,27.71,28.27,1159838
2025-02-12,600030.SH,28.27,28.57,28,28.12,1476617
2025-02-13,600030.SH,28,28.37,27.96,28.24,986332
2025-02-16,600030.SH,28.5,28.63,28.1,28.29,1208649
2025-02-17,600030.SH,28.19,28.23,27.46,27.54,1114981
2025-02-18,600030.SH,27.55,28.16,27.5,27.99,1000718
2025-02-19,600030.SH,27.93,28.06,27.72,27.89,712570
2025-02-20,600030.SH,27.89,28.61,27.71,28.46,1847404
2025-02-23,600030.SH,28.46,28.68,28.11,28.35,1197933
2025-02-24,600030.SH,28.1,28.22,27.72,27.83,1038604
2025-02-25,600030.SH,27.88,28.45,27.76,28.45,1393827
2025-02-26,600030.SH,28.23,28.5,27.83,28.24,1444800
2025-02-27,600030.SH,28.16,28.58,27.3,27.33,1594991
2025-03-02,600030.SH,27.43,27.8,27.21,27.36,1065090
2025-03-03,600030.SH,27.22,27.49,27.16,27.36,641731
2025-03-04,600030.SH,27.36,27.48,27.12,27.34,781856
2025-03-05,600030.SH,27.51,28.1,27.5,28,1562844
2025-03-06,600030.SH,27.8,27.89,27.52,27.58,957912
2025-03-09,600030.SH,27.5,27.5,27.14,27.24,904438
2025-03-10,600030.SH,27,27.31,26.91,27.3,779486
2025-03-11,600030.SH,27.3,27.72,27.19,27.3,975786
2025-03-12,600030.SH,27.25,27.45,26.98,27.1,860429
2025-03-13,600030.SH,27.23,28.46,27.14,28.07,2612084
2025-03-16,600030.SH,28.18,28.18,27.83,27.86,1040020
2025-03-17,600030.SH,27.96,28.11,27.84,27.95,684072
2025-03-18,600030.SH,27.93,28.09,27.83,27.93,677623
2025-03-19,600030.SH,27.93,27.95,27.61,27.68,641191
2025-03-20,600030.SH,27.6,27.71,27.05,27.09,977013
2025-03-23,600030.SH,27.09,27.2,27,27.19,668790
2025-03-24,600030.SH,27.2,27.22,27,27.02,539051
2025-03-25,600030.SH,27.02,27.11,26.94,26.98,564081
2025-03-26,600030.SH,26.94,27.16,26.71,26.9,725472
2025-03-27,600030.SH,26.98,27.03,26.73,26.8,658976
2025-03-30,600030.SH,26.72,26.84,26.3,26.52,797839
2025-03-31,600030.SH,26.52,26.66,26.39,26.44,596398
2025-04-01,600030.SH,26.4,26.61,26.35,26.54,456719
2025-04-02,600030.SH,26.3,26.72,26.3,26.44,558678
2025-04-06,600030.SH,25,25.17,23.8,24.02,2277300
2025-04-07,600030.SH,24.11,24.59,23.88,24.5,1718956
2025-04-08,600030.SH,24.44,25.12,24.15,24.89,1423352
2025-04-09,600030.SH,25.25,25.4,24.7,25.14,1227315
2025-04-10,600030.SH,25.13,25.59,25.03,25.36,932290
2025-04-13,600030.SH,25.44,25.49,25.21,25.23,635100
2025-04-14,600030.SH,25.19,25.21,24.94,25.11,562516
2025-04-15,600030.SH,25.09,25.25,24.77,25.15,662043
2025-04-16,600030.SH,25.05,25.25,24.97,25.17,481695
2025-04-17,600030.SH,25.06,25.25,25,25.15,476294
2025-04-20,600030.SH,25.07,25.28,24.99,25.23,441371
2025-04-21,600030.SH,25.2,25.3,25.08,25.08,459491
2025-04-22,600030.SH,25.23,25.28,25.04,25.13,483724
2025-04-23,600030.SH,25.12,25.25,24.95,25,519161
2025-04-24,600030.SH,25.1,25.33,25.08,25.2,670113
2025-04-27,600030.SH,25.2,25.21,25,25.13,440656
2025-04-28,600030.SH,25.14,25.2,24.96,25.01,462586
2025-04-29,600030.SH,25.08,25.28,25.02,25.08,514514
2025-05-05,600030.SH,25.28,25.68,25.2,25.51,819030
2025-05-06,600030.SH,26.28,26.42,25.61,25.67,1173234
2025-05-07,600030.SH,25.64,26.2,25.55,25.86,836747
2025-05-08,600030.SH,25.8,25.88,25.54,25.55,476958
2025-05-11,600030.SH,25.78,26.38,25.65,26.3,1314582
2025-05-12,600030.SH,26.5,26.55,26.06,26.09,796426
2025-05-13,600030.SH,26.05,27.74,26.01,27.07,2739056
2025-05-14,600030.SH,26.8,27.01,26.52,26.58,994565
2025-05-15,600030.SH,26.47,26.68,26.13,26.21,714800
2025-05-18,600030.SH,26.18,26.24,26.02,26.11,492746
2025-05-19,600030.SH,26.16,26.28,26.06,26.09,505241
2025-05-20,600030.SH,26.09,26.2,26.03,26.04,536492
2025-05-21,600030.SH,26,26.07,25.86,25.99,443995
2025-05-22,600030.SH,25.93,26.15,25.66,25.67,664482
2025-05-25,600030.SH,25.65,25.77,25.53,25.62,450699
2025-05-26,600030.SH,25.59,25.63,25.42,25.51,435105
2025-05-27,600030.SH,25.54,25.58,25.36,25.42,354733
2025-05-28,600030.SH,25.41,25.79,25.41,25.7,542716
2025-05-29,600030.SH,25.58,25.65,25.37,25.52,549771
2025-06-02,600030.SH,25.4,25.78,25.36,25.59,549946
2025-06-03,600030.SH,25.58,26.05,25.56,25.89,639143
2025-06-04,600030.SH,25.92,26.23,25.86,26.18,852046
2025-06-05,600030.SH,26.18,26.28,25.95,25.98,504054
2025-06-08,600030.SH,26.08,26.53,26.08,26.43,908770
2025-06-09,600030.SH,26.43,26.49,25.82,25.95,735344
2025-06-10,600030.SH,26.05,26.7,26,26.38,1032666
2025-06-11,600030.SH,26.17,26.68,26.06,26.44,748015
2025-06-12,600030.SH,26.35,26.44,26.18,26.3,737265
2025-06-15,600030.SH,26.2,26.75,26.17,26.68,780961
2025-06-16,600030.SH,26.67,26.72,26.52,26.7,514968
2025-06-17,600030.SH,26.7,26.71,26.25,26.38,523048
2025-06-18,600030.SH,26.35,26.42,25.86,25.91,652147
2025-06-19,600030.SH,25.91,26.05,25.88,25.88,419924
2025-06-22,600030.SH,25.78,26.3,25.75,26.23,552358
2025-06-23,600030.SH,26.28,27.07,26.26,26.91,1364250
2025-06-24,600030.SH,26.94,28.2,26.85,28.03,2856361
2025-06-25,600030.SH,27.98,28.06,27.55,27.57,1669402
2025-06-26,600030.SH,27.65,28.46,27.5,27.58,1776585
2025-06-29,600030.SH,27.61,27.85,27.35,27.62,968626
2025-06-30,600030.SH,27.63,27.78,27.31,27.39,707623
2025-07-01,600030.SH,27.4,27.52,27.23,27.28,575251
2025-07-02,600030.SH,27.39,27.75,27.36,27.67,725989
2025-07-03,600030.SH,27.6,28.05,27.35,27.66,1021394
2025-07-06,600030.SH,27.53,27.91,27.49,27.79,572224
2025-07-07,600030.SH,27.72,28.08,27.71,28.02,845803
2025-07-08,600030.SH,28.02,28.26,27.76,27.81,807702
2025-07-09,600030.SH,27.78,28.42,27.72,28.23,1421972
2025-07-10,600030.SH,28.33,29.29,28.16,28.66,2465015
2025-07-13,600030.SH,28.77,28.82,28.38,28.41,1009297
2025-07-14,600030.SH,28.45,28.62,28.08,28.24,943268
2025-07-15,600030.SH,28.24,28.33,27.9,28.08,761524
2025-07-16,600030.SH,28.07,28.38,28.01,28.25,639997
2025-07-17,600030.SH,28.3,28.46,28.16,28.34,666698
2025-07-20,600030.SH,28.45,29.01,28.34,28.9,1329005
2025-07-21,600030.SH,28.9,29.08,28.54,28.93,1121874
2025-07-22,600030.SH,29.01,30.06,29,29.78,2887813
2025-07-23,600030.SH,29.56,30.28,29.48,30.04,2097841
2025-07-24,600030.SH,30.09,30.22,29.61,29.7,1213935
2025-07-27,600030.SH,29.73,30.43,29.64,29.96,1257925
2025-07-28,600030.SH,29.8,29.99,29.45,29.95,1229931
2025-07-29,600030.SH,29.9,30.33,29.45,29.78,1268809
2025-07-30,600030.SH,29.59,29.9,28.85,29.02,1413395
2025-07-31,600030.SH,29,29.2,28.7,28.75,963891
2025-08-03,600030.SH,28.65,28.99,28.6,28.91,713718
2025-08-04,600030.SH,28.96,29.28,28.88,29.18,913589
2025-08-05,600030.SH,29.1,29.26,28.96,29.16,739240
2025-08-06,600030.SH,29.21,29.45,28.94,29.11,880056
2025-08-07,600030.SH,29.1,29.11,28.82,28.88,654561
2025-08-10,600030.SH,28.89,29.65,28.89,29.38,1267735
2025-08-11,600030.SH,29.44,29.57,29.31,29.48,820513
2025-08-12,600030.SH,29.65,30.06,29.32,29.62,2000479
2025-08-13,600030.SH,29.71,30.2,29.57,29.65,1861877
2025-08-14,600030.SH,29.65,31.51,29.51,31.1,4008066
2025-08-17,600030.SH,31.19,32.3,30.9,31.7,3566482
2025-08-18,600030.SH,31.5,31.83,30.94,31.02,1968583
2025-08-19,600030.SH,30.9,31.16,30.35,31.15,1858230
2025-08-20,600030.SH,31.35,31.42,30.72,30.88,1379013
2025-08-21,600030.SH,30.87,32.22,30.86,32.2,2704920
2025-08-24,600030.SH,32.5,32.53,31.63,32.14,2514492
2025-08-25,600030.SH,31.94,32.09,31.63,31.68,1399983
2025-08-26,600030.SH,31.67,32.08,30.87,30.89,2094917
2025-08-27,600030.SH,30.9,31.5,30.69,31.5,1639484
2025-08-28,600030.SH,31.7,32.08,31.35,31.48,2486871
2025-08-31,600030.SH,31.49,31.55,30.9,31.17,1708743
2025-09-01,600030.SH,31.2,31.33,30.66,30.78,1700846
2025-09-02,600030.SH,30.97,31.07,29.52,29.79,1884761
2025-09-03,600030.SH,29.76,29.91,29.2,29.56,1815807
2025-09-04,600030.SH,29.57,29.85,29.33,29.83,1333731
2025-09-07,600030.SH,29.8,29.8,29.35,29.45,1551198
2025-09-08,600030.SH,29.45,29.74,29.38,29.52,1179284
2025-09-09,600030.SH,29.57,29.69,29.34,29.48,884048
2025-09-10,600030.SH,29.39,30.33,29.3,30.33,1863991
2025-09-11,600030.SH,30.36,30.43,29.7,29.78,1479843
2025-09-14,600030.SH,29.86,30.15,29.42,29.59,1724541
2025-09-15,600030.SH,29.6,29.86,29.21,29.28,2083444
2025-09-16,600030.SH,29.29,29.51,28.96,28.99,3024153
2025-09-17,600030.SH,29.01,29.19,28.15,28.35,3729979
2025-09-18,600030.SH,28.25,28.6,28.14,28.31,1662300
2025-09-21,600030.SH,28.45,28.88,28.36,28.78,1559234
2025-09-22,600030.SH,28.63,28.81,28.25,28.5,1497357
2025-09-23,600030.SH,28.35,28.87,28.34,28.69,1558198
2025-09-24,600030.SH,28.63,28.84,28.55,28.71,1328063
2025-09-25,600030.SH,28.67,28.99,28.51,28.72,1266431
2025-09-28,600030.SH,28.72,31.49,28.62,30.41,5937714
2025-09-29,600030.SH,30.28,30.6,29.74,29.9,2950388
2025-10-08,600030.SH,29.6,30.25,29.35,29.65,3807985
2025-10-09,600030.SH,29.64,30.27,29.54,29.68,2675856
2025-10-12,600030.SH,28.9,29.49,28.81,29.2,2110493
2025-10-13,600030.SH,29.2,29.71,28.93,29.03,1955125
2025-10-14,600030.SH,29.14,29.73,29.06,29.69,1964852
2025-10-15,600030.SH,29.6,29.98,29.5,29.65,1597315
2025-10-16,600030.SH,29.66,29.93,29.05,29.09,1739899
2025-10-19,600030.SH,29.4,29.54,29.12,29.23,1227307
2025-10-20,600030.SH,29.31,30.11,29.21,29.36,3068678
2025-10-21,600030.SH,29.22,29.23,29.02,29.19,1226948
2025-10-22,600030.SH,29.2,29.58,28.85,29.52,1403605
2025-10-23,600030.SH,29.55,30.06,29.5,29.87,2990943
2025-10-26,600030.SH,30.25,30.63,29.83,29.99,4612142
2025-10-27,600030.SH,29.98,30.34,29.8,30,2263316
2025-10-28,600030.SH,29.95,30.46,29.85,30.3,3136702
2025-10-29,600030.SH,30.19,30.23,29.62,29.68,2452208
2025-10-30,600030.SH,29.72,29.87,29.37,29.38,1671532
2025-11-02,600030.SH,29.35,29.38,28.93,29.22,1393517
2025-11-03,600030.SH,29.18,29.25,28.96,29.08,1197589
2025-11-04,600030.SH,28.93,29.17,28.92,29.06,940559
2025-11-05,600030.SH,29.12,29.43,29.1,29.19,1625618
2025-11-06,600030.SH,29.09,29.12,28.95,29,960721
2025-11-09,600030.SH,29,29.46,28.96,29.3,1621940
2025-11-10,600030.SH,29.34,29.4,29,29.06,1042995
2025-11-11,600030.SH,29.07,29.11,28.81,28.9,1086308
2025-11-12,600030.SH,28.88,29.12,28.86,29.08,1178749
2025-11-13,600030.SH,28.95,28.96,28.62,28.64,1201707
2025-11-16,600030.SH,28.61,28.61,28.26,28.29,1077709
2025-11-17,600030.SH,28.27,28.43,28.17,28.22,915154
2025-11-18,600030.SH,28.22,28.42,28.2,28.3,844813
2025-11-19,600030.SH,28.85,28.94,28.28,28.3,1528643
2025-11-20,600030.SH,28.01,28.25,27.3,27.3,1695039
2025-11-23,600030.SH,27.4,27.5,27.26,27.39,891389
2025-11-24,600030.SH,27.47,27.65,27.4,27.47,802259
2025-11-25,600030.SH,27.52,27.72,27.44,27.6,681695
2025-11-26,600030.SH,27.53,27.81,27.52,27.58,648647
2025-11-27,600030.SH,27.61,27.64,27.41,27.59,746598
2025-11-30,600030.SH,27.5,27.73,27.48,27.67,707987
2025-12-01,600030.SH,27.66,27.69,27.35,27.37,652922
2025-12-02,600030.SH,27.45,27.57,27.03,27.15,781105
2025-12-03,600030.SH,27.14,27.38,27.02,27.2,692376
2025-12-04,600030.SH,27.2,28.09,27.16,27.86,1637905
2025-12-07,600030.SH,28.38,29.06,28.38,28.7,3146217
2025-12-08,600030.SH,28.52,28.83,28.38,28.53,1301285
2025-12-09,600030.SH,28.42,28.57,28.16,28.52,992897
2025-12-10,600030.SH,28.55,28.58,28.15,28.29,742250
2025-12-11,600030.SH,28.26,28.56,28.08,28.41,1067570
2025-12-14,600030.SH,28.26,28.94,28.18,28.55,1193241
2025-12-15,600030.SH,28.44,28.79,28.28,28.48,1001616
2025-12-16,600030.SH,28.48,29.15,28.4,28.97,1617038
2025-12-17,600030.SH,28.9,28.9,28.47,28.53,1135938
2025-12-18,600030.SH,28.58,28.94,28.47,28.68,983482
2025-12-21,600030.SH,28.62,28.79,28.6,28.65,753313
2025-12-22,600030.SH,28.68,28.88,28.59,28.63,940647
2025-12-23,600030.SH,28.61,28.83,28.55,28.74,789519
2025-12-24,600030.SH,28.75,29.02,28.7,28.96,1044948
2025-12-25,600030.SH,28.96,29.4,28.9,29.1,1413526
2025-12-28,600030.SH,29.03,29.14,28.86,28.94,906711
2025-12-29,600030.SH,28.86,29.02,28.75,28.83,854348
2025-12-30,600030.SH,28.8,29.07,28.68,28.71,856348
2026-01-04,600030.SH,28.83,29.36,28.8,29.33,1851770
2026-01-05,600030.SH,29.36,30.25,29.33,30.19,3349358
2026-01-06,600030.SH,30.21,30.21,29.4,29.5,2295021
2026-01-07,600030.SH,29.29,29.29,28.45,28.54,3150272
2026-01-08,600030.SH,28.54,28.67,28.35,28.57,2326772
2026-01-11,600030.SH,28.57,28.85,28.41,28.78,2173083
2026-01-12,600030.SH,28.85,29.15,28.48,28.55,2159691
2026-01-13,600030.SH,28.49,29.13,28.15,28.23,3218823
2026-01-14,600030.SH,28.38,28.8,28.23,28.28,2078141
2026-01-15,600030.SH,28.5,28.57,27.99,28.08,2095813
2026-01-18,600030.SH,27.74,27.97,27.7,27.91,1594338
2026-01-19,600030.SH,27.93,28.15,27.91,28.05,1385133
2026-01-20,600030.SH,28.03,28.11,27.79,27.94,1410501
2026-01-21,600030.SH,27.9,28.22,27.82,27.92,1725925
2026-01-22,600030.SH,28,28.06,27.7,27.77,1881061
2026-01-25,600030.SH,27.77,28.44,27.71,28.07,2637512
2026-01-26,600030.SH,28.09,28.14,27.8,27.86,1415238
2026-01-27,600030.SH,27.89,28.18,27.77,27.94,1718794
2026-01-28,600030.SH,27.9,28.58,27.7,28.56,2977812
2026-01-29,600030.SH,28.5,28.52,28.08,28.08,1907095
2026-02-01,600030.SH,28.09,28.6,27.83,27.86,1818336
2026-02-02,600030.SH,28.07,28.1,27.71,27.97,1322917
2026-02-03,600030.SH,27.85,28.39,27.84,28.38,1572193
2026-02-04,600030.SH,28.29,28.49,28.13,28.29,1156842
2026-02-05,600030.SH,28.2,28.36,28.1,28.16,1074027
2026-02-08,600030.SH,28.01,28.1,27.88,28.06,970534
2026-02-09,600030.SH,28.06,28.18,27.98,28.09,756298
2026-02-10,600030.SH,28.11,28.15,27.95,28.04,836660
2026-02-11,600030.SH,28.03,28.03,27.77,27.87,957854
2026-02-12,600030.SH,27.87,28,27.62,27.62,1090465
2026-02-23,600030.SH,27.76,27.8,27.61,27.63,847928
2026-02-24,600030.SH,27.64,27.89,27.61,27.74,1016230
2026-02-25,600030.SH,27.75,27.78,27.33,27.38,1326289
2026-02-26,600030.SH,27.36,27.49,27.18,27.37,877588
2026-03-01,600030.SH,27.11,27.2,26.86,27.07,1309694
2026-03-02,600030.SH,27.06,27.38,26.75,26.8,1607211
2026-03-03,600030.SH,26.6,26.65,26.05,26.14,1500801
2026-03-04,600030.SH,26.33,26.44,26.1,26.21,818991
2026-03-05,600030.SH,26.18,26.58,26.11,26.43,776733
2026-03-08,600030.SH,26.01,26.01,25.63,25.88,1269465
2026-03-09,600030.SH,26.1,26.27,26,26.13,908378
2026-03-10,600030.SH,26.14,26.2,25.94,26.1,884026
2026-03-11,600030.SH,26,26.08,25.8,25.93,918618
2026-03-12,600030.SH,25.73,25.95,25.66,25.75,806477
2026-03-15,600030.SH,25.66,25.69,25.36,25.5,1156698
2026-03-16,600030.SH,25.5,26.55,25.5,25.91,2211718
2026-03-17,600030.SH,25.9,26.02,25.75,25.97,859659
2026-03-18,600030.SH,25.75,25.84,25.5,25.61,1071594
2026-03-19,600030.SH,25.62,25.71,25.3,25.3,1008963
2026-03-22,600030.SH,25,25,24.09,24.29,1992656
2026-03-23,600030.SH,24.5,24.61,24.08,24.36,1279101
2026-03-24,600030.SH,24.4,24.85,24.36,24.66,1134772
2026-03-25,600030.SH,24.58,24.62,24.05,24.13,1138389
2026-03-26,600030.SH,24.05,24.37,24.01,24.26,947720
2026-03-29,600030.SH,23.99,24.17,23.88,24.1,909493
2026-03-30,600030.SH,24.1,24.44,24.03,24.04,1022486
2026-03-31,600030.SH,24.43,24.6,24.25,24.51,1171459
2026-04-01,600030.SH,24.47,24.47,24.08,24.13,788736
2026-04-02,600030.SH,24.22,24.26,23.95,23.98,710234
2026-04-06,600030.SH,23.99,24.08,23.77,23.92,714436
2026-04-07,600030.SH,24.45,24.77,24.33,24.7,1527460
2026-04-08,600030.SH,24.48,24.48,24.1,24.15,987408
2026-04-09,600030.SH,25.01,26.5,25.01,25.9,4259329
2026-04-12,600030.SH,25.62,26.28,25.49,26.09,2151639
2026-04-13,600030.SH,26.3,26.37,25.88,26.19,1453464
2026-04-14,600030.SH,26.33,26.39,25.97,26.01,1107538
2026-04-15,600030.SH,26.12,26.48,26.04,26.31,1430036
2026-04-16,600030.SH,26.2,26.34,26.08,26.26,1060355
2026-04-19,600030.SH,26.23,26.41,26.15,26.3,966521
2026-04-20,600030.SH,26.25,26.41,26.15,26.3,813881
2026-04-21,600030.SH,26.16,27.01,26.15,26.71,1913517
2026-04-22,600030.SH,26.58,26.77,26.35,26.48,1205818
2026-04-23,600030.SH,26.37,26.38,26.05,26.23,1042356
2026-04-26,600030.SH,26.4,27.07,26.4,26.77,1545964
2026-04-27,600030.SH,26.85,27.65,26.85,27.3,2607905
2026-04-28,600030.SH,27.15,27.38,27.02,27.32,1485660
2026-04-29,600030.SH,27.23,27.78,27.07,27.22,1730018
2026-05-05,600030.SH,27.29,27.84,27.29,27.49,1787384
2026-05-06,600030.SH,27.63,27.69,27.07,27.23,1593632
2026-05-07,600030.SH,27.1,27.2,26.83,26.95,1300625
2026-05-10,600030.SH,26.83,27.48,26.75,27.33,1961411
2026-05-11,600030.SH,27.35,27.44,27.13,27.22,1281736
2026-05-12,600030.SH,27.15,27.46,26.96,27.15,1222137
2026-05-13,600030.SH,27.2,27.33,26.66,26.66,1467589
2026-05-14,600030.SH,26.76,26.8,26.18,26.35,1322318
2026-05-17,600030.SH,26.21,26.43,25.98,26.16,1018635
2026-05-18,600030.SH,26.12,26.33,25.88,26.27,962249
2026-05-19,600030.SH,26.18,26.39,26,26.08,959271
2026-05-20,600030.SH,26.28,27.09,26.2,26.22,2297861
2026-05-21,600030.SH,26.38,26.44,25.81,25.87,1410869
2026-05-24,600030.SH,26.05,26.44,25.91,26.19,1287794
2026-05-25,600030.SH,26.18,26.68,25.89,26.21,1931766
2026-05-26,600030.SH,26.18,26.41,25.53,25.77,1753604
2026-05-27,600030.SH,25.88,25.96,25.21,25.35,1394504
2026-05-28,600030.SH,25.53,26.75,25.53,26.05,3282611
2026-05-31,600030.SH,26.01,26.31,25.53,25.67,2214100
2026-06-01,600030.SH,25.6,25.68,25.25,25.58,1781080
2026-06-02,600030.SH,25.5,25.9,25.34,25.6,1832381
2026-06-03,600030.SH,25.42,25.84,25.41,25.59,1293750
2026-06-04,600030.SH,25.66,26.04,25.59,25.67,1580962
2026-06-07,600030.SH,25.41,25.83,25.35,25.43,1784321
2026-06-08,600030.SH,25.44,25.57,25.21,25.52,1046876
2026-06-09,600030.SH,25.06,25.75,24.95,25.66,1746653
2026-06-10,600030.SH,25.6,26.05,25.22,25.51,1455812
2026-06-11,600030.SH,25.56,26.45,25.31,26.29,2693845
2026-06-14,600030.SH,26.45,27.4,26.44,26.86,3104656
2026-06-15,600030.SH,26.69,27.29,26.63,27.25,2204001
2026-06-16,600030.SH,27.28,27.56,27.16,27.37,1797741
2026-06-17,600030.SH,27.35,27.35,26.5,26.56,1933687
2026-06-21,600030.SH,26.45,28.72,26.38,28.64,5270852
2026-06-22,600030.SH,28.7,29.3,28.15,28.32,3891265
2026-06-23,600030.SH,28.18,28.8,27.7,27.89,2762750
2026-06-24,600030.SH,27.88,29.06,27.71,28.98,3785551
2026-06-25,600030.SH,28.8,29.16,27.71,27.74,2895167
2026-06-28,600030.SH,28,28.92,27.95,28.49,2534787
2026-06-29,600030.SH,28.33,28.95,28.32,28.73,2203334
2026-06-30,600030.SH,28.66,29.88,28.51,29.47,4282451
2026-07-01,600030.SH,29.37,29.43,28.56,28.62,2855323
2026-07-02,600030.SH,28.88,29.12,28.33,28.95,2306069
2026-07-05,600030.SH,29.52,29.65,28.92,29.23,2238544
2026-07-06,600030.SH,29.14,29.14,28.25,28.45,1897307
2026-07-07,600030.SH,28.29,28.55,27.98,28,1354651
2026-07-08,600030.SH,28.01,28.76,27.8,28.68,1903829
2026-07-09,600030.SH,28.6,28.74,28.25,28.4,1674824
2026-07-12,600030.SH,28.38,28.49,27.93,28.12,1590384
2026-07-13,600030.SH,28,28.06,27.4,28,1766765
2026-07-14,600030.SH,27.93,28.83,27.84,28.6,1870214
2026-07-15,600030.SH,28.34,28.44,27.99,28.1,1384927
2026-07-16,600030.SH,28,28.27,27.6,27.6,1700779
2026-07-19,600030.SH,27.76,28.39,27.76,28.28,1907384
2026-07-20,600030.SH,28.5,28.5,27.95,28.34,1690768
2026-07-21,600030.SH,28.14,28.37,27.91,28.3,1095416
2026-07-22,600030.SH,28.38,28.72,28.16,28.62,1315248
2026-07-23,600030.SH,28.6,28.6,27.89,27.95,1296219
2026-07-26,600030.SH,28.3,28.3,27.77,28.26,1054715
2026-07-27,600030.SH,28.1,28.15,27.8,28.09,1036693
2026-07-28,600030.SH,28.09,28.54,27.83,28.5,1507019
2026-07-29,600030.SH,28.28,28.6,28.11,28.49,1331493
2026-07-30,600030.SH,28.51,28.83,28.38,28.43,1657755
2026-08-02,600030.SH,28.19,28.3,28.06,28.27,1049248
2026-08-03,600030.SH,28.22,28.42,27.97,28,1265364
2026-08-04,600030.SH,28.01,28.3,27.9,28.18,1228483
2026-08-05,600030.SH,28.06,28.15,27.82,27.92,1055685
2026-08-06,600030.SH,27.88,27.98,27.77,27.95,997475
2026-08-09,600030.SH,27.99,28.14,27.86,27.95,915438
2026-08-10,600030.SH,27.92,28.12,27.74,27.74,1065258
2026-08-11,600030.SH,27.7,27.8,27.51,27.7,837685
2026-08-12,600030.SH,27.7,28.09,27.67,27.84,1090192
2026-08-13,600030.SH,27.82,27.93,27.28,27.31,1287368
2026-08-16,600030.SH,27.25,27.6,27.15,27.54,970960
2026-08-17,600030.SH,27.54,27.59,27.14,27.39,871900
2026-08-18,600030.SH,27.29,27.47,27,27.15,987556
2026-08-19,600030.SH,27.15,27.28,26.89,27.04,926431
2026-08-20,600030.SH,27.15,27.24,26.93,27.12,774128
2026-08-23,600030.SH,27.1,27.42,27.01,27.27,1054049
2026-08-24,600030.SH,27.28,27.33,27.05,27.15,628597
2026-08-25,600030.SH,27.15,27.83,27.05,27.77,1726269
2026-08-26,600030.SH,27.67,27.95,27.52,27.93,1353730
2026-08-27,600030.SH,27.88,28.05,27.8,27.93,973068
2026-08-30,600030.SH,27.83,27.92,27.47,27.8,1137738
2026-08-31,600030.SH,27.69,28.08,27.64,28.02,1151209
2026-09-01,600030.SH,27.91,28,27.46,27.47,1029812
2026-09-02,600030.SH,27.5,28.05,27.49,27.86,1181153
2026-09-03,600030.SH,27.96,28.33,27.95,27.99,1392558
2026-09-06,600030.SH,28.05,28.13,27.63,27.67,968006
2026-09-07,600030.SH,27.66,27.76,27.28,27.34,1043783
2026-09-08,600030.SH,27.3,27.43,27.17,27.33,720130
2026-09-09,600030.SH,27.3,27.68,27.21,27.6,1016181
2026-09-10,600030.SH,27.43,27.44,26.75,26.92,1355075
2026-09-13,600030.SH,26.78,26.78,26.52,26.61,781249
2026-09-14,600030.SH,26.61,26.66,26.28,26.35,831424
2026-09-15,600030.SH,26.34,26.57,26.08,26.45,810440
2026-09-16,600030.SH,26.28,26.45,26.11,26.16,747029
2026-09-17,600030.SH,26.28,26.62,26.28,26.54,847598
2026-09-20,600030.SH,26.55,26.8,26.48,26.74,711983
2026-09-21,600030.SH,26.83,27.03,26.75,26.89,787181
2026-09-22,600030.SH,26.9,26.95,26.67,26.79,480557
2026-09-23,600030.SH,26.75,26.75,26.25,26.29,712514
2026-09-27,600030.SH,26.26,26.32,25.79,25.94,836086
2026-09-28,600030.SH,25.81,26.03,25.8,25.82,675294
2026-09-29,600030.SH,25.9,25.96,25.76,25.86,551482
2022-08-16,300059.SZ,22.89,23.54,22.66,23.38,2311513
2022-08-17,300059.SZ,23.21,23.37,23.09,23.09,1182093
2022-08-18,300059.SZ,23.12,23.3,22.89,22.9,1076958
2022-08-21,300059.SZ,22.85,22.98,22.6,22.67,1254464
2022-08-22,300059.SZ,22.65,23.18,22.51,22.74,1420897
2022-08-23,300059.SZ,22.67,23.35,22.35,22.42,1943779
2022-08-24,300059.SZ,22.5,22.91,22.32,22.81,1504682
2022-08-25,300059.SZ,22.79,22.79,22.28,22.39,1324155
2022-08-28,300059.SZ,22,22.25,21.91,22.14,1026640
2022-08-29,300059.SZ,22.16,22.28,21.68,21.96,1350641
2022-08-30,300059.SZ,21.8,22.58,21.77,22.2,1667694
2022-08-31,300059.SZ,22.05,22.22,21.83,21.88,937966
2022-09-01,300059.SZ,22.05,22.15,21.64,21.9,892838
2022-09-04,300059.SZ,21.74,21.95,21.65,21.92,728669
2022-09-05,300059.SZ,22,22.42,21.96,22.37,1414990
2022-09-06,300059.SZ,22.23,22.32,22.08,22.17,869646
2022-09-07,300059.SZ,22.3,22.49,22.21,22.22,1043262
2022-09-08,300059.SZ,22.28,22.9,22.2,22.66,1866476
2022-09-12,300059.SZ,22.8,23.03,22.65,22.67,1140803
2022-09-13,300059.SZ,22.34,22.56,22.2,22.37,1051333
2022-09-14,300059.SZ,22.55,22.85,22.14,22.35,1394099
2022-09-15,300059.SZ,22.2,22.35,19.25,19.94,6882529
2022-09-18,300059.SZ,19.51,19.57,19.07,19.14,2806398
2022-09-19,300059.SZ,19.24,19.53,19.05,19.29,1789546
2022-09-20,300059.SZ,19.06,19.08,18.59,18.9,2340389
2022-09-21,300059.SZ,18.56,18.86,18.46,18.56,2002263
2022-09-22,300059.SZ,18.51,18.77,18.25,18.41,1681130
2022-09-25,300059.SZ,18.15,18.49,18.04,18.14,1643916
2022-09-26,300059.SZ,18.25,18.46,18.11,18.46,1461164
2022-09-27,300059.SZ,18.28,18.44,17.85,17.87,1829959
2022-09-28,300059.SZ,18.08,18.17,17.74,17.82,1557086
2022-09-29,300059.SZ,17.9,18.09,17.61,17.62,1281509
2022-10-09,300059.SZ,17.62,17.73,17.22,17.3,1287965
2022-10-10,300059.SZ,17.41,17.7,17.18,17.39,1315065
2022-10-11,300059.SZ,17.33,17.93,17.18,17.92,1716494
2022-10-12,300059.SZ,17.65,17.94,17.61,17.71,1256004
2022-10-13,300059.SZ,17.95,18.45,17.86,18.13,2362150
2022-10-16,300059.SZ,17.99,18.38,17.91,18.29,1452239
2022-10-17,300059.SZ,18.44,18.48,18.08,18.18,1255581
2022-10-18,300059.SZ,18.14,18.23,17.74,17.74,1491768
2022-10-19,300059.SZ,17.61,18.22,17.53,17.82,1663694
2022-10-20,300059.SZ,18.3,18.38,17.83,17.88,1872831
2022-10-23,300059.SZ,17.85,18.35,17.01,17.09,3242994
2022-10-24,300059.SZ,16.9,17,15.5,15.54,5446459
2022-10-25,300059.SZ,15.61,16.12,15.41,15.75,3852984
2022-10-26,300059.SZ,15.75,16.55,15.71,16.05,3435851
2022-10-27,300059.SZ,15.83,16.04,15.25,15.37,2648982
2022-10-30,300059.SZ,15.26,15.85,15.22,15.61,1957692
2022-10-31,300059.SZ,15.61,16.2,15.5,16.2,3334801
2022-11-01,300059.SZ,16.03,16.52,15.92,16.25,3165460
2022-11-02,300059.SZ,16,16.24,15.97,16.11,1651824
2022-11-03,300059.SZ,16.05,17.47,16.05,17.19,4725072
2022-11-06,300059.SZ,17.03,17.39,16.97,17.26,2218536
2022-11-07,300059.SZ,17.27,17.35,17.02,17.18,1388170
2022-11-08,300059.SZ,17.15,17.3,17.01,17.03,1393530
2022-11-09,300059.SZ,16.83,17.19,16.7,17.07,1831724
2022-11-10,300059.SZ,17.83,18.44,17.47,17.98,5276411
2022-11-13,300059.SZ,18.21,18.59,18,18.09,3855750
2022-11-14,300059.SZ,18.05,19.27,17.92,19.06,4362496
2022-11-15,300059.SZ,18.95,19.11,18.5,18.57,2932293
2022-11-16,300059.SZ,18.45,18.6,18.2,18.6,1913388
2022-11-17,300059.SZ,18.59,18.67,18.18,18.2,1756100
2022-11-20,300059.SZ,18,18.01,17.51,17.8,2049948
2022-11-21,300059.SZ,17.85,18.25,17.79,17.93,1809041
2022-11-22,300059.SZ,17.86,18.14,17.73,17.87,1182014
2022-11-23,300059.SZ,18.25,18.28,17.77,17.8,1102469
2022-11-24,300059.SZ,17.76,18.21,17.74,17.92,1329645
2022-11-27,300059.SZ,17.4,17.5,17.13,17.46,1880110
2022-11-28,300059.SZ,17.6,18.9,17.57,18.62,4028304
2022-11-29,300059.SZ,18.5,18.72,18.37,18.5,1995145
2022-11-30,300059.SZ,19.05,19.75,19.03,19.03,3659992
2022-12-01,300059.SZ,19.04,19.28,18.7,18.93,1853206
2022-12-04,300059.SZ,19.3,19.89,19.22,19.87,3556049
2022-12-05,300059.SZ,19.7,20.48,19.67,19.97,2552980
2022-12-06,300059.SZ,19.9,20.29,19.63,19.91,1819780
2022-12-07,300059.SZ,19.98,20.08,19.8,20,1495886
2022-12-08,300059.SZ,20,20.74,19.83,20.58,2803555
2022-12-11,300059.SZ,20.4,20.45,19.77,19.78,1902925
2022-12-12,300059.SZ,19.79,20.02,19.76,19.81,924323
2022-12-13,300059.SZ,19.9,20.25,19.8,20.13,1289290
2022-12-14,300059.SZ,19.93,20.05,19.63,19.69,1245406
2022-12-15,300059.SZ,19.58,19.77,19.47,19.6,1265524
2022-12-18,300059.SZ,19.67,19.94,18.74,18.95,2269367
2022-12-19,300059.SZ,18.95,19.04,18.54,18.7,1282918
2022-12-20,300059.SZ,18.75,19.09,18.72,18.85,1080798
2022-12-21,300059.SZ,19.05,19.34,18.8,18.95,1259258
2022-12-22,300059.SZ,18.76,19.25,18.71,19.03,963725
2022-12-25,300059.SZ,19.08,19.14,18.67,19.03,1084472
2022-12-26,300059.SZ,19.26,19.57,19.03,19.45,1759408
2022-12-27,300059.SZ,19.32,19.55,19.25,19.32,1087661
2022-12-28,300059.SZ,19.17,19.44,18.92,19.37,1052446
2022-12-29,300059.SZ,19.43,19.64,19.38,19.4,996149
2023-01-02,300059.SZ,19.19,19.34,18.4,19.27,2251739
2023-01-03,300059.SZ,19.19,19.65,19.15,19.35,1300907
2023-01-04,300059.SZ,19.6,20.41,19.57,20.37,3153216
2023-01-05,300059.SZ,20.3,20.6,20.2,20.37,1669262
2023-01-08,300059.SZ,20.54,21.34,20.5,21.07,2489792
2023-01-09,300059.SZ,21.04,21.5,20.9,21,1821270
2023-01-10,300059.SZ,21.14,21.55,20.86,20.91,1533638
2023-01-11,300059.SZ,21.04,21.19,20.81,21.1,1125178
2023-01-12,300059.SZ,21.2,21.75,21.05,21.75,2117860
2023-01-15,300059.SZ,21.83,23.41,21.8,22.52,4385628
2023-01-16,300059.SZ,22.41,22.88,22.35,22.8,1827773
2023-01-17,300059.SZ,22.51,23.08,22.51,22.67,1367117
2023-01-18,300059.SZ,22.65,23.35,22.51,23.34,1899054
2023-01-19,300059.SZ,23.28,23.3,22.9,23.23,1504011
2023-01-29,300059.SZ,23.96,24.08,22.71,22.9,2524456
2023-01-30,300059.SZ,22.92,23.11,22.33,22.49,2001233
2023-01-31,300059.SZ,22.63,23.36,22.41,23.36,2000132
2023-02-01,300059.SZ,23.48,23.57,22.7,22.7,2670149
2023-02-02,300059.SZ,22.56,22.85,22.34,22.58,1461973
2023-02-05,300059.SZ,22.2,22.32,21.45,21.92,2091384
2023-02-06,300059.SZ,22.05,22.16,21.9,22.1,1080976
2023-02-07,300059.SZ,22.1,22.15,21.7,21.73,1122943
2023-02-08,300059.SZ,21.7,22.32,21.66,22.25,1535034
2023-02-09,300059.SZ,22.17,22.29,21.84,21.97,1073331
2023-02-12,300059.SZ,21.85,22.22,21.75,22.18,1155853
2023-02-13,300059.SZ,22.23,22.27,21.81,22.04,937972
2023-02-14,300059.SZ,22,22.09,21.64,21.66,1198102
2023-02-15,300059.SZ,21.7,22.27,21.3,21.55,2256336
2023-02-16,300059.SZ,21.41,21.6,20.92,20.95,1563464
2023-02-19,300059.SZ,21.15,22.09,21.08,21.99,2196908
2023-02-20,300059.SZ,21.88,22.29,21.87,22.13,1387650
2023-02-21,300059.SZ,21.97,22.1,21.62,21.75,1179010
2023-02-22,300059.SZ,21.73,22.22,21.73,21.8,1319901
2023-02-23,300059.SZ,21.85,21.88,20.81,20.9,2764277
2023-02-26,300059.SZ,20.61,20.84,20.4,20.63,1220632
2023-02-27,300059.SZ,20.78,20.96,20.57,20.92,1071220
2023-02-28,300059.SZ,20.92,21.4,20.8,21.28,1755123
2023-03-01,300059.SZ,21.17,21.26,21.01,21.07,918192
2023-03-02,300059.SZ,21.21,21.45,20.95,21.35,1230575
2023-03-05,300059.SZ,21.33,21.33,20.85,20.96,1196200
2023-03-06,300059.SZ,20.87,21,20.05,20.06,2414698
2023-03-07,300059.SZ,20.05,20.19,19.91,20.14,1143909
2023-03-08,300059.SZ,20.17,20.22,19.86,20,1187760
2023-03-09,300059.SZ,19.82,20.17,19.8,19.88,1203697
2023-03-12,300059.SZ,19.76,20.14,19.76,20.1,1028447
2023-03-13,300059.SZ,20.02,20.1,19.6,19.97,1120041
2023-03-14,300059.SZ,20.15,20.35,20.01,20.01,1105883
2023-03-15,300059.SZ,19.9,20.03,19.66,19.72,1196962
2023-03-16,300059.SZ,20,20.55,20,20.31,2252594
2023-03-19,300059.SZ,20.24,20.44,19.92,19.98,1593085
2023-03-20,300059.SZ,20.1,20.3,19.96,20.18,1337358
2023-03-21,300059.SZ,20.15,20.23,18.75,19,5159513
2023-03-22,300059.SZ,18.75,19.58,18.72,19.55,2833338
2023-03-23,300059.SZ,19.88,20.3,19.81,20.24,3293770
2023-03-26,300059.SZ,20.07,21.1,20.07,20.62,3661212
2023-03-27,300059.SZ,20.44,20.56,19.78,19.93,2178111
2023-03-28,300059.SZ,20,20.15,19.82,19.97,1344564
2023-03-29,300059.SZ,19.96,20.15,19.63,20.04,1531143
2023-03-30,300059.SZ,20,20.14,19.76,20.03,1680317
2023-04-02,300059.SZ,20.05,23.05,20.03,22.89,9340107
2023-04-03,300059.SZ,23,23.84,22.44,22.7,6342572
2023-04-05,300059.SZ,22.21,22.42,21.7,22.03,3700880
2023-04-06,300059.SZ,22.15,22.86,21.87,22.45,3333930
2023-04-09,300059.SZ,22.73,22.93,21.68,21.78,3128824
2023-04-10,300059.SZ,21.95,22.3,21.5,21.76,2663732
2023-04-11,300059.SZ,21.99,22.65,21.75,22.17,3136660
2023-04-12,300059.SZ,21.91,22.01,21.46,21.57,2272568
2023-04-13,300059.SZ,21.58,21.75,21.29,21.59,1880560
2023-04-16,300059.SZ,21.41,22.07,21.41,21.83,2992301
2023-04-17,300059.SZ,18.12,18.37,17.94,18.03,2582802
2023-04-18,300059.SZ,17.89,17.95,17.66,17.69,2362169
2023-04-19,300059.SZ,17.68,17.98,17.47,17.97,2466300
2023-04-20,300059.SZ,17.85,17.9,17.01,17.03,3338189
2023-04-23,300059.SZ,16.55,16.65,15.83,16,4728879
2023-04-24,300059.SZ,16,16.22,15.76,16.08,2742465
2023-04-25,300059.SZ,15.95,16.03,15.69,15.86,2082213
2023-04-26,300059.SZ,15.8,15.85,15.35,15.68,2837098
2023-04-27,300059.SZ,15.75,16.35,15.71,16.09,2701298
2023-05-03,300059.SZ,15.94,16.13,15.73,15.97,2148450
2023-05-04,300059.SZ,15.99,16.4,15.91,16,3055662
2023-05-07,300059.SZ,15.95,16.35,15.66,16.12,3603943
2023-05-08,300059.SZ,16.17,17.42,15.96,16.57,7206104
2023-05-09,300059.SZ,16.3,16.45,15.95,16.12,3375762
2023-05-10,300059.SZ,16.1,16.24,16.02,16.06,1834056
2023-05-11,300059.SZ,16,16.06,15.6,15.62,2359488
2023-05-14,300059.SZ,15.55,16.1,15.42,16.08,2469200
2023-05-15,300059.SZ,16.05,16.17,15.85,15.89,1690145
2023-05-16,300059.SZ,15.81,15.96,15.72,15.82,1366136
2023-05-17,300059.SZ,15.82,15.93,15.66,15.73,1532614
2023-05-18,300059.SZ,15.65,15.83,15.54,15.69,1290839
2023-05-21,300059.SZ,15.7,15.83,15.62,15.78,1184708
2023-05-22,300059.SZ,15.79,15.8,15.6,15.61,1103844
2023-05-23,300059.SZ,15.52,15.6,15.33,15.33,1798139
2023-05-24,300059.SZ,15.26,15.41,14.9,15.1,2568678
2023-05-25,300059.SZ,15.1,15.23,14.98,15.14,1252597
2023-05-28,300059.SZ,15.1,15.18,14.52,14.61,3264339
2023-05-29,300059.SZ,14.58,14.63,14.11,14.43,3586647
2023-05-30,300059.SZ,14.37,14.42,14.01,14.02,2936247
2023-05-31,300059.SZ,14.02,14.39,13.98,14.2,2614688
2023-06-01,300059.SZ,14.2,14.56,14.18,14.52,2372385
2023-06-04,300059.SZ,14.47,14.53,14.35,14.43,1491338
2023-06-05,300059.SZ,14.4,14.52,14.14,14.16,1956850
2023-06-06,300059.SZ,14.19,14.48,14.19,14.29,1736205
2023-06-07,300059.SZ,14.23,14.58,14.13,14.46,1993055
2023-06-08,300059.SZ,14.41,14.42,14.13,14.23,2290531
2023-06-11,300059.SZ,14.16,14.25,14,14.16,2126002
2023-06-12,300059.SZ,14.11,14.45,14.11,14.37,2341515
2023-06-13,300059.SZ,14.4,14.58,14.23,14.26,2432372
2023-06-14,300059.SZ,14.3,14.68,14.27,14.65,3931120
2023-06-15,300059.SZ,14.7,14.9,14.54,14.86,3394753
2023-06-18,300059.SZ,14.85,14.91,14.65,14.73,2604701
2023-06-19,300059.SZ,14.68,14.95,14.65,14.74,2332800
2023-06-20,300059.SZ,14.7,14.77,14.3,14.3,2453883
2023-06-25,300059.SZ,14.09,14.23,13.98,14.01,2124669
2023-06-26,300059.SZ,14.01,14.22,14,14.16,1402170
2023-06-27,300059.SZ,14.15,14.18,13.92,14.1,1493220
2023-06-28,300059.SZ,14.05,14.13,13.98,14.01,1379507
2023-06-29,300059.SZ,13.98,14.34,13.96,14.2,2049650
2023-07-02,300059.SZ,14.26,14.53,14.19,14.45,1937520
2023-07-03,300059.SZ,14.4,14.49,14.3,14.45,1543013
2023-07-04,300059.SZ,14.41,14.41,14.23,14.24,1209021
2023-07-05,300059.SZ,14.2,14.3,14.09,14.1,1326506
2023-07-06,300059.SZ,14.05,14.2,13.98,14.02,1740801
2023-07-09,300059.SZ,14.09,14.25,14.05,14.09,1395999
2023-07-10,300059.SZ,14.12,14.19,14.06,14.18,1240160
2023-07-11,300059.SZ,14.17,14.25,13.97,14,1749097
2023-07-12,300059.SZ,14.08,14.52,14.07,14.49,4049041
2023-07-13,300059.SZ,14.43,14.54,14.39,14.41,1700330
2023-07-16,300059.SZ,14.36,14.36,14.16,14.24,1345235
2023-07-17,300059.SZ,14.26,14.39,14.22,14.31,1156918
2023-07-18,300059.SZ,14.25,14.39,14.23,14.37,1201509
2023-07-19,300059.SZ,14.45,14.49,14.21,14.22,1446584
2023-07-20,300059.SZ,14.16,14.33,14.13,14.21,1262649
2023-07-23,300059.SZ,14.11,14.21,14.07,14.09,1243442
2023-07-24,300059.SZ,14.81,15.27,14.62,15.1,8265865
2023-07-25,300059.SZ,14.98,15.03,14.71,14.84,3468211
2023-07-26,300059.SZ,14.92,14.98,14.64,14.67,2215562
2023-07-27,300059.SZ,14.61,16.35,14.56,16.14,10512915
2023-07-30,300059.SZ,16.4,16.71,16.04,16.08,8878070
2023-07-31,300059.SZ,15.88,16.33,15.79,15.91,4611943
2023-08-01,300059.SZ,15.85,16.64,15.82,16.17,5157661
2023-08-02,300059.SZ,16.37,16.96,16.08,16.92,6824017
2023-08-03,300059.SZ,17.5,17.9,16.95,16.96,11552852
2023-08-06,300059.SZ,16.53,16.87,16.42,16.73,5190368
2023-08-07,300059.SZ,16.56,17.05,16.15,16.62,5235445
2023-08-08,300059.SZ,16.51,16.93,16.51,16.57,2972261
2023-08-09,300059.SZ,16.53,17,16.53,16.97,4335257
2023-08-10,300059.SZ,16.71,16.72,16.09,16.12,5833319
2023-08-13,300059.SZ,15.7,16.09,15.63,15.89,3453465
2023-08-14,300059.SZ,15.8,16.57,15.8,16.51,4802575
2023-08-15,300059.SZ,16.19,16.8,16.08,16.26,4107085
2023-08-16,300059.SZ,16.14,16.35,15.84,16.23,3674175
2023-08-17,300059.SZ,16.25,16.6,16.05,16.07,3055414
2023-08-20,300059.SZ,15.78,15.9,15.32,15.36,4272099
2023-08-21,300059.SZ,15.5,15.87,15.32,15.66,3267280
2023-08-22,300059.SZ,15.5,15.58,15.34,15.34,2001232
2023-08-23,300059.SZ,15.48,15.92,15.43,15.62,3049335
2023-08-24,300059.SZ,15.7,15.96,15.66,15.79,2794987
2023-08-27,300059.SZ,18.4,18.4,16.32,16.4,11969649
2023-08-28,300059.SZ,16.15,16.97,15.96,16.66,6788413
2023-08-29,300059.SZ,16.47,16.54,16.18,16.22,4054001
2023-08-30,300059.SZ,16.2,16.33,15.87,15.87,2781441
2023-08-31,300059.SZ,15.99,16.2,15.89,15.98,2270338
2023-09-03,300059.SZ,16.05,16.18,15.84,16.1,2313356
2023-09-04,300059.SZ,15.99,16,15.84,15.89,1725334
2023-09-05,300059.SZ,15.81,15.82,15.57,15.73,2008972
2023-09-06,300059.SZ,15.7,15.86,15.6,15.64,1782047
2023-09-07,300059.SZ,15.6,15.75,15.48,15.68,1474619
2023-09-10,300059.SZ,15.68,15.95,15.53,15.82,2285210
2023-09-11,300059.SZ,15.75,15.76,15.59,15.6,1489527
2023-09-12,300059.SZ,15.57,15.65,15.31,15.38,1628437
2023-09-13,300059.SZ,15.43,15.47,15.31,15.41,1173508
2023-09-14,300059.SZ,15.46,15.54,15.33,15.39,1362365
2023-09-17,300059.SZ,15.31,15.52,15.18,15.4,1295227
2023-09-18,300059.SZ,15.37,15.42,15.22,15.31,1221512
2023-09-19,300059.SZ,15.27,15.37,15.21,15.25,970491
2023-09-20,300059.SZ,15.21,15.34,14.92,14.95,1732893
2023-09-21,300059.SZ,14.89,15.6,14.89,15.56,2858320
2023-09-24,300059.SZ,15.4,15.4,15.15,15.2,1736819
2023-09-25,300059.SZ,15.19,15.27,15.14,15.17,1101226
2023-09-26,300059.SZ,15.15,15.28,15.13,15.18,1204064
2023-09-27,300059.SZ,15.25,15.29,15.15,15.2,1020500
2023-10-08,300059.SZ,15.08,15.21,14.9,15.12,1339213
2023-10-09,300059.SZ,15.21,15.33,15.12,15.13,1141528
2023-10-10,300059.SZ,15.22,15.35,15.13,15.23,1381747
2023-10-11,300059.SZ,15.55,15.59,15.31,15.37,1663004
2023-10-12,300059.SZ,15.21,15.27,15.08,15.13,1192366
2023-10-15,300059.SZ,15.14,15.16,14.91,14.96,1290502
2023-10-16,300059.SZ,14.99,15.28,14.93,15.13,1515680
2023-10-17,300059.SZ,15,15.15,14.96,15.02,1074030
2023-10-18,300059.SZ,14.95,15.23,14.95,14.97,1741288
2023-10-19,300059.SZ,14.8,15.08,14.75,14.96,1304164
2023-10-22,300059.SZ,14.86,14.92,14.38,14.54,1961021
2023-10-23,300059.SZ,14.61,15.11,14.56,14.99,2410383
2023-10-24,300059.SZ,15.12,15.13,14.88,14.91,1727812
2023-10-25,300059.SZ,14.81,14.89,14.69,14.84,1327067
2023-10-26,300059.SZ,14.72,15.14,14.69,15.06,1823655
2023-10-29,300059.SZ,14.96,15.24,14.93,15.19,1924073
2023-10-30,300059.SZ,15.14,15.38,15.1,15.27,1773755
2023-10-31,300059.SZ,15.35,15.49,15.17,15.19,1214711
2023-11-01,300059.SZ,15.23,15.31,15.05,15.05,1159270
2023-11-02,300059.SZ,15.11,15.42,15.09,15.36,1857262
2023-11-05,300059.SZ,15.65,15.93,15.52,15.79,3426303
2023-11-06,300059.SZ,15.68,15.79,15.61,15.67,2135179
2023-11-07,300059.SZ,15.66,15.73,15.46,15.57,1687787
2023-11-08,300059.SZ,15.57,15.67,15.52,15.54,1133652
2023-11-09,300059.SZ,15.47,15.59,15.38,15.43,1199589
2023-11-12,300059.SZ,15.45,15.49,15.36,15.44,1144866
2023-11-13,300059.SZ,15.47,15.76,15.43,15.55,2094393
2023-11-14,300059.SZ,15.72,15.78,15.51,15.54,1676611
2023-11-15,300059.SZ,15.5,15.56,15.28,15.29,1393874
2023-11-16,300059.SZ,15.28,15.35,15.2,15.3,1075429
2023-11-19,300059.SZ,15.29,15.3,15.05,15.25,1314325
2023-11-20,300059.SZ,15.31,15.46,15.2,15.2,1579497
2023-11-21,300059.SZ,15.15,15.23,15,15,1254261
2023-11-22,300059.SZ,15,15.06,14.91,15.05,990125
2023-11-23,300059.SZ,15.03,15.03,14.85,14.88,1048540
2023-11-26,300059.SZ,14.81,14.87,14.7,14.82,1035228
2023-11-27,300059.SZ,14.8,14.88,14.72,14.81,914778
2023-11-28,300059.SZ,14.83,14.86,14.6,14.63,991342
2023-11-29,300059.SZ,14.67,14.76,14.59,14.64,957279
2023-11-30,300059.SZ,14.64,14.77,14.49,14.72,1281620
2023-12-03,300059.SZ,14.7,14.87,14.62,14.72,1183503
2023-12-04,300059.SZ,14.69,14.69,14.47,14.48,1189256
2023-12-05,300059.SZ,14.45,14.54,14.37,14.41,1144145
2023-12-06,300059.SZ,14.36,14.53,14.32,14.46,1086575
2023-12-07,300059.SZ,14.45,14.52,14.35,14.37,1146095
2023-12-10,300059.SZ,14.3,14.65,14.13,14.58,2025994
2023-12-11,300059.SZ,14.5,14.59,14.45,14.51,1013974
2023-12-12,300059.SZ,14.49,14.49,14.18,14.18,1245173
2023-12-13,300059.SZ,14.27,14.35,14.13,14.15,950403
2023-12-14,300059.SZ,14.2,14.34,14.13,14.18,1060131
2023-12-17,300059.SZ,14.13,14.29,14.11,14.16,1063940
2023-12-18,300059.SZ,14.15,14.24,14.06,14.17,1081583
2023-12-19,300059.SZ,14.17,14.2,13.85,13.86,1386244
2023-12-20,300059.SZ,13.8,14.03,13.7,13.92,1260294
2023-12-21,300059.SZ,13.89,14.01,13.76,13.89,1162806
2023-12-24,300059.SZ,13.86,13.92,13.81,13.86,678999
2023-12-25,300059.SZ,13.86,13.89,13.65,13.69,859582
2023-12-26,300059.SZ,13.69,13.74,13.01,13.42,2342975
2023-12-27,300059.SZ,13.35,14.1,13.32,13.96,2523412
2023-12-28,300059.SZ,13.91,14.11,13.9,14.04,1520285
2024-01-01,300059.SZ,14.04,14.05,13.79,13.8,1064376
2024-01-02,300059.SZ,13.81,13.86,13.56,13.71,1213635
2024-01-03,300059.SZ,13.7,13.71,13.4,13.46,1374692
2024-01-04,300059.SZ,13.44,13.61,13.22,13.28,1433099
2024-01-07,300059.SZ,13.21,13.34,13.03,13.07,1419888
2024-01-08,300059.SZ,13.07,13.23,12.97,13.1,1188095
2024-01-09,300059.SZ,13.03,13.19,12.91,12.98,1119933
2024-01-10,300059.SZ,12.96,13.26,12.88,13.17,1590514
2024-01-11,300059.SZ,13.1,13.17,12.95,12.95,1277011
2024-01-14,300059.SZ,12.88,13.08,12.81,12.83,1189663
2024-01-15,300059.SZ,12.79,12.96,12.6,12.93,1813376
2024-01-16,300059.SZ,12.82,12.84,12.43,12.43,1874319
2024-01-17,300059.SZ,12.32,12.88,12.28,12.82,2794326
2024-01-18,300059.SZ,12.71,12.8,12.63,12.7,1448930
2024-01-21,300059.SZ,12.67,12.78,12.3,12.41,2034770
2024-01-22,300059.SZ,12.42,12.84,12.36,12.71,2173214
2024-01-23,300059.SZ,12.8,13.38,12.55,13.27,3567731
2024-01-24,300059.SZ,13.1,13.52,13.03,13.35,3201998
2024-01-25,300059.SZ,13.25,13.36,13.09,13.12,2395878
2024-01-28,300059.SZ,13.12,13.21,12.82,12.82,1709190
2024-01-29,300059.SZ,12.72,12.9,12.54,12.56,1592304
2024-01-30,300059.SZ,12.52,12.69,12.44,12.48,1583445
2024-01-31,300059.SZ,12.42,12.89,12.41,12.69,2008944
2024-02-01,300059.SZ,12.66,12.76,12.09,12.45,2435755
2024-02-04,300059.SZ,12.3,12.63,11.83,12.33,2862609
2024-02-05,300059.SZ,12.19,13.28,12.12,13.2,3376731
2024-02-06,300059.SZ,13.04,13.27,13.02,13.13,2872257
2024-02-07,300059.SZ,13.3,13.47,13.23,13.27,2748025
2024-02-18,300059.SZ,13.35,13.35,13.03,13.23,1991514
2024-02-19,300059.SZ,13.18,13.46,13.12,13.34,2165076
2024-02-20,300059.SZ,13.23,14.09,13.17,13.62,4185012
2024-02-21,300059.SZ,13.5,13.82,13.47,13.73,2535117
2024-02-22,300059.SZ,13.75,13.82,13.65,13.73,2053785
2024-02-25,300059.SZ,13.73,13.76,13.54,13.55,2034038
2024-02-26,300059.SZ,13.75,14.03,13.7,14.02,3461022
2024-02-27,300059.SZ,14.19,14.36,13.63,13.64,4248433
2024-02-28,300059.SZ,13.63,14.07,13.6,14.04,3145819
2024-02-29,300059.SZ,13.99,14.17,13.83,14,2853508
2024-03-03,300059.SZ,13.95,13.97,13.75,13.83,1943817
2024-03-04,300059.SZ,13.77,13.87,13.71,13.74,1683969
2024-03-05,300059.SZ,13.73,13.98,13.7,13.79,1858425
2024-03-06,300059.SZ,13.75,13.88,13.55,13.57,1975334
2024-03-07,300059.SZ,13.58,13.66,13.46,13.56,1344551
2024-03-10,300059.SZ,13.59,13.79,13.52,13.79,2082205
2024-03-11,300059.SZ,13.85,14.08,13.78,13.96,2887106
2024-03-12,300059.SZ,13.94,13.95,13.71,13.77,1953198
2024-03-13,300059.SZ,13.72,13.87,13.54,13.63,1640365
2024-03-14,300059.SZ,13.63,13.71,13.48,13.66,1657301
2024-03-17,300059.SZ,13.7,14.07,13.67,13.97,3225804
2024-03-18,300059.SZ,13.9,13.9,13.71,13.71,2052849
2024-03-19,300059.SZ,13.69,13.78,13.62,13.72,1545079
2024-03-20,300059.SZ,13.76,14.06,13.76,13.84,2932438
2024-03-21,300059.SZ,13.79,13.8,13.55,13.55,2143480
2024-03-24,300059.SZ,13.39,13.52,13.15,13.17,2070163
2024-03-25,300059.SZ,13.15,13.25,13.02,13.14,1442902
2024-03-26,300059.SZ,13.1,13.11,12.79,12.79,1564381
2024-03-27,300059.SZ,12.76,13.06,12.76,12.88,1507826
2024-03-28,300059.SZ,12.83,12.9,12.76,12.89,1142306
2024-03-31,300059.SZ,13.04,13.14,13.03,13.09,1434979
2024-04-01,300059.SZ,13.09,13.11,12.91,12.95,1197352
2024-04-02,300059.SZ,12.92,12.96,12.8,12.81,1087907
2024-04-07,300059.SZ,12.7,12.71,12.51,12.53,1436062
2024-04-08,300059.SZ,12.54,12.65,12.51,12.61,897314
2024-04-09,300059.SZ,12.61,12.62,12.34,12.42,1233379
2024-04-10,300059.SZ,12.33,12.48,12.28,12.32,1190300
2024-04-11,300059.SZ,12.34,12.37,12.07,12.1,1385027
2024-04-14,300059.SZ,12.11,12.69,12.09,12.45,2566215
2024-04-15,300059.SZ,12.35,12.52,12.19,12.24,1739267
2024-04-16,300059.SZ,12.29,12.56,12.24,12.53,1976849
2024-04-17,300059.SZ,12.48,12.75,12.4,12.47,2218064
2024-04-18,300059.SZ,12.39,12.5,12.31,12.33,1261704
2024-04-21,300059.SZ,12.35,12.53,12.32,12.38,1041480
2024-04-22,300059.SZ,12.37,12.5,12.36,12.44,1081515
2024-04-23,300059.SZ,12.43,12.47,12.33,12.45,1149046
2024-04-24,300059.SZ,12.4,12.48,12.26,12.35,1200561
2024-04-25,300059.SZ,12.65,13.2,12.51,13.12,4877064
2024-04-28,300059.SZ,13.05,13.38,12.98,13.25,4181879
2024-04-29,300059.SZ,13.15,13.29,13.04,13.05,2034359
2024-05-05,300059.SZ,13.28,13.57,13.21,13.25,2972697
2024-05-06,300059.SZ,13.21,13.27,13.13,13.18,1623536
2024-05-07,300059.SZ,13.16,13.18,12.92,12.96,1431148
2024-05-08,300059.SZ,12.97,13.17,12.97,13.08,1408171
2024-05-09,300059.SZ,13.09,13.19,12.99,13.11,1593608
2024-05-12,300059.SZ,13.04,13.14,12.85,13.01,1622576
2024-05-13,300059.SZ,13.01,13.1,12.93,13.05,1423154
2024-05-14,300059.SZ,13.1,13.11,12.69,12.71,1985982
2024-05-15,300059.SZ,12.77,13.03,12.7,12.82,1967218
2024-05-16,300059.SZ,12.77,13.09,12.76,13.07,1842245
2024-05-19,300059.SZ,13.01,13.29,12.99,13.1,2158011
2024-05-20,300059.SZ,13.05,13.19,12.99,13.04,1358674
2024-05-21,300059.SZ,13.01,13.11,12.97,13.05,1149878
2024-05-22,300059.SZ,12.99,13,12.71,12.76,1621191
2024-05-23,300059.SZ,12.72,12.78,12.5,12.53,1373055
2024-05-26,300059.SZ,12.52,12.69,12.48,12.67,1123950
2024-05-27,300059.SZ,12.61,12.71,12.52,12.53,892250
2024-05-28,300059.SZ,12.53,12.63,12.44,12.49,827952
2024-05-29,300059.SZ,12.43,12.5,12.39,12.44,871857
2024-05-30,300059.SZ,12.5,12.59,12.41,12.41,1015521
2024-06-02,300059.SZ,12.33,12.4,12.22,12.3,1279313
2024-06-03,300059.SZ,12.29,12.42,12.26,12.39,1175316
2024-06-04,300059.SZ,12.37,12.47,12.31,12.36,981507
2024-06-05,300059.SZ,12.37,12.43,12.24,12.26,1225253
2024-06-06,300059.SZ,12.3,12.36,11.96,12.16,1500355
2024-06-10,300059.SZ,12.09,12.22,12.05,12.12,1027172
2024-06-11,300059.SZ,12.11,12.31,12.08,12.18,1121418
2024-06-12,300059.SZ,12.18,12.26,12.14,12.17,927012
2024-06-13,300059.SZ,12.14,12.41,12.03,12.34,2337721
2024-06-16,300059.SZ,12.22,12.37,12.19,12.34,1265781
2024-06-17,300059.SZ,12.35,12.44,12.32,12.38,1265352
2024-06-18,300059.SZ,12.39,12.39,12.16,12.19,1041772
2024-06-19,300059.SZ,12.18,12.19,11.94,11.94,1477666
2024-06-20,300059.SZ,11.95,12.05,11.85,11.94,1174194
2024-06-23,300059.SZ,11.85,11.97,11.8,11.8,1113826
2024-06-24,300059.SZ,11.78,11.84,11.51,11.54,1523402
2024-06-25,300059.SZ,11.51,11.73,11.44,11.69,1193790
2024-06-26,300059.SZ,11.62,11.63,11.34,11.34,1284323
2024-06-27,300059.SZ,11.32,11.44,10.35,10.56,4166152
2024-06-30,300059.SZ,10.48,10.73,10.33,10.47,2408741
2024-07-01,300059.SZ,10.49,10.57,10.23,10.27,2214498
2024-07-02,300059.SZ,10.28,10.38,10,10.26,2719517
2024-07-03,300059.SZ,10.23,10.36,10.13,10.13,1506043
2024-07-04,300059.SZ,10.11,10.28,10.06,10.21,1458826
2024-07-07,300059.SZ,10.15,10.19,9.93,9.96,1644105
2024-07-08,300059.SZ,9.98,10.21,9.87,10.13,2138943
2024-07-09,300059.SZ,10.06,10.3,10.03,10.12,1524608
2024-07-10,300059.SZ,10.3,10.59,10.23,10.43,2540237
2024-07-11,300059.SZ,10.41,10.47,10.32,10.36,1276222
2024-07-14,300059.SZ,10.31,10.4,10.27,10.33,988324
2024-07-15,300059.SZ,10.34,10.48,10.29,10.45,1339593
2024-07-16,300059.SZ,10.45,10.59,10.42,10.5,1507446
2024-07-17,300059.SZ,10.47,10.59,10.37,10.54,1484562
2024-07-18,300059.SZ,10.48,10.75,10.48,10.7,1791080
2024-07-21,300059.SZ,10.86,10.9,10.57,10.69,1939132
2024-07-22,300059.SZ,10.62,10.67,10.34,10.35,1589709
2024-07-23,300059.SZ,10.33,10.37,10.11,10.14,1618385
2024-07-24,300059.SZ,10.11,10.33,10.08,10.27,1464041
2024-07-25,300059.SZ,10.28,10.65,10.26,10.52,1627670
2024-07-28,300059.SZ,10.47,10.52,10.39,10.4,911294
2024-07-29,300059.SZ,10.36,10.44,10.3,10.38,1048107
2024-07-30,300059.SZ,10.4,11.39,10.38,11.14,4844677
2024-07-31,300059.SZ,11,11.12,10.94,10.98,2455328
2024-08-01,300059.SZ,10.93,11.08,10.73,10.78,1789986
2024-08-04,300059.SZ,10.7,11.05,10.69,10.73,2095202
2024-08-05,300059.SZ,10.87,10.92,10.62,10.75,1588950
2024-08-06,300059.SZ,10.71,10.83,10.62,10.68,1214322
2024-08-07,300059.SZ,10.64,10.88,10.57,10.67,1593420
2024-08-08,300059.SZ,10.73,10.76,10.46,10.46,1553363
2024-08-11,300059.SZ,10.53,10.69,10.48,10.55,1401138
2024-08-12,300059.SZ,10.56,10.73,10.47,10.72,1428034
2024-08-13,300059.SZ,10.65,10.75,10.64,10.65,1242392
2024-08-14,300059.SZ,10.62,10.83,10.61,10.67,2335212
2024-08-15,300059.SZ,10.61,10.65,10.52,10.57,1328058
2024-08-18,300059.SZ,10.55,10.71,10.53,10.61,1132544
2024-08-19,300059.SZ,10.61,10.66,10.5,10.52,1216429
2024-08-20,300059.SZ,10.47,10.56,10.43,10.51,782955
2024-08-21,300059.SZ,10.55,10.58,10.18,10.19,1691114
2024-08-22,300059.SZ,10.2,10.38,10.19,10.3,1355242
2024-08-25,300059.SZ,10.3,10.42,10.27,10.33,945201
2024-08-26,300059.SZ,10.3,10.32,10.17,10.21,824313
2024-08-27,300059.SZ,10.18,10.26,10.11,10.22,839135
2024-08-28,300059.SZ,10.19,10.44,10.18,10.39,1353469
2024-08-29,300059.SZ,10.39,10.96,10.35,10.8,3452666
2024-09-01,300059.SZ,10.74,10.78,10.39,10.4,2016130
2024-09-02,300059.SZ,10.35,10.53,10.34,10.46,1308935
2024-09-03,300059.SZ,10.36,10.57,10.35,10.46,1125029
2024-09-04,300059.SZ,10.47,10.7,10.47,10.65,1488531
2024-09-05,300059.SZ,10.8,10.88,10.54,10.56,2165132
2024-09-08,300059.SZ,10.48,10.65,10.42,10.55,1309104
2024-09-09,300059.SZ,10.56,10.6,10.35,10.52,1225407
2024-09-10,300059.SZ,10.48,10.57,10.46,10.53,940124
2024-09-11,300059.SZ,10.53,10.59,10.43,10.45,968416
2024-09-12,300059.SZ,10.45,10.54,10.38,10.38,968291
2024-09-17,300059.SZ,10.4,10.47,10.31,10.43,928580
2024-09-18,300059.SZ,10.51,11.06,10.46,10.76,3454169
2024-09-19,300059.SZ,10.66,10.78,10.63,10.76,1719761
2024-09-22,300059.SZ,10.77,10.83,10.68,10.73,1094177
2024-09-23,300059.SZ,10.94,11.97,10.74,11.96,8212806
2024-09-24,300059.SZ,12.32,12.8,12.16,12.42,9169734
2024-09-25,300059.SZ,12.26,14.29,12.25,14.1,10933873
2024-09-26,300059.SZ,14.76,16.92,14.53,16.92,18026542
2024-09-29,300059.SZ,19.49,20.3,19.16,20.3,15369516
2024-10-07,300059.SZ,24.36,24.36,22.77,24.36,13667678
2024-10-08,300059.SZ,24,29,22.61,24.9,34623506
2024-10-09,300059.SZ,24.1,24.56,19.92,20.55,23863267
2024-10-10,300059.SZ,19.51,21.5,19.51,20.85,14583066
2024-10-13,300059.SZ,20.65,21.6,18.89,21.07,16536439
2024-10-14,300059.SZ,20.3,21.26,20.13,20.16,11437951
2024-10-15,300059.SZ,19.64,21.07,19.64,20.38,11287698
2024-10-16,300059.SZ,20.52,20.93,19.86,19.9,10250686
2024-10-17,300059.SZ,19.84,23.88,19.56,22.95,24874025
2024-10-20,300059.SZ,21.91,22.9,21.85,22.25,16843057
2024-10-21,300059.SZ,22.1,23.27,22,22.63,12709582
2024-10-22,300059.SZ,22.88,23.72,22.28,22.52,13998658
2024-10-23,300059.SZ,22.2,22.8,21.9,22.19,8835484
2024-10-24,300059.SZ,22.25,23.36,22,22.7,11503090
2024-10-27,300059.SZ,22.48,22.94,22.4,22.66,7618521
2024-10-28,300059.SZ,22.82,23.14,22.1,22.18,9054298
2024-10-29,300059.SZ,21.9,22.22,21.32,21.57,8453141
2024-10-30,300059.SZ,21.58,24.5,21.39,23.19,19478776
2024-10-31,300059.SZ,22.8,24.24,22.74,23,15831916
2024-11-03,300059.SZ,23,25,22.77,24.78,14909581
2024-11-04,300059.SZ,25.01,28.61,24.11,27.35,20848157
2024-11-05,300059.SZ,27.63,29.5,26,26.44,20553706
2024-11-06,300059.SZ,25.75,30,25.75,30,21388769
2024-11-07,300059.SZ,31,31,28.02,28.24,18256953
2024-11-10,300059.SZ,27.6,29.19,27.6,28.7,10566847
2024-11-11,300059.SZ,28.71,29.12,27.6,28.35,11009865
2024-11-12,300059.SZ,28.01,28.68,27.42,28.18,8398931
2024-11-13,300059.SZ,28,28.42,27.4,27.41,7428857
2024-11-14,300059.SZ,27.34,27.55,25.59,25.63,11396456
2024-11-17,300059.SZ,25.6,26.5,24.81,25.83,9686997
2024-11-18,300059.SZ,25.93,27.12,25.65,26.97,10048143
2024-11-19,300059.SZ,26.55,27.12,26.4,26.67,7156019
2024-11-20,300059.SZ,26.5,27.95,26.46,27.39,9635016
2024-11-21,300059.SZ,27.15,27.66,25.73,25.9,9245169
2024-11-24,300059.SZ,25.76,26.09,24.82,25.37,7117160
2024-11-25,300059.SZ,25.37,25.98,25.1,25.14,5321035
2024-11-26,300059.SZ,25,26.5,24.86,26.41,8603075
2024-11-27,300059.SZ,26.41,26.54,25.74,25.78,6177662
2024-11-28,300059.SZ,25.78,28.88,25.78,27.26,13252220
2024-12-01,300059.SZ,26.8,27.79,26.7,27.46,8277176
2024-12-02,300059.SZ,27.35,27.95,26.91,27.36,7141623
2024-12-03,300059.SZ,27.1,27.66,26.81,26.93,5763574
2024-12-04,300059.SZ,26.83,27.77,26.79,27.48,6311507
2024-12-05,300059.SZ,27.4,28.44,27.15,27.84,8999560
2024-12-08,300059.SZ,27.57,28.14,27.2,27.54,5740585
2024-12-09,300059.SZ,30,30,27.79,28,13897989
2024-12-10,300059.SZ,27.85,28.29,27.37,27.65,6475469
2024-12-11,300059.SZ,27.6,28.3,27.38,27.91,6578230
2024-12-12,300059.SZ,27.58,27.58,26.34,26.41,9012205
2024-12-15,300059.SZ,26.2,26.23,25.55,25.75,5658129
2024-12-16,300059.SZ,25.72,26.28,25.65,25.88,4710760
2024-12-17,300059.SZ,26,26.15,25.7,25.81,3273522
2024-12-18,300059.SZ,25.38,26.05,25.26,25.85,3508311
2024-12-19,300059.SZ,25.86,26.49,25.77,26.11,4390279
2024-12-22,300059.SZ,25.89,26.39,25.74,25.9,3523176
2024-12-23,300059.SZ,25.92,26.33,25.76,26.29,3935739
2024-12-24,300059.SZ,26.33,26.37,25.84,26.1,3210913
2024-12-25,300059.SZ,26.09,26.26,25.92,26.07,2826093
2024-12-26,300059.SZ,26.08,27.18,25.96,26.55,6766872
2024-12-29,300059.SZ,26.4,27.16,26.33,27.16,5837462
2024-12-30,300059.SZ,27.01,27.19,25.8,25.82,6539326
2025-01-01,300059.SZ,25.58,25.66,23.52,23.99,8937697
2025-01-02,300059.SZ,23.92,23.99,22.86,22.86,6621088
2025-01-05,300059.SZ,22.59,23,22.4,22.54,4233747
2025-01-06,300059.SZ,22.62,23.05,22.41,23.01,4215494
2025-01-07,300059.SZ,22.79,23.05,21.96,22.56,5778178
2025-01-08,300059.SZ,22.48,22.87,22.33,22.49,2992003
2025-01-09,300059.SZ,22.49,22.69,21.88,21.88,3352471
2025-01-12,300059.SZ,21.46,22.34,21.46,22.12,3368406
2025-01-13,300059.SZ,22.42,23.89,22.22,23.86,8798740
2025-01-14,300059.SZ,23.55,23.66,23.23,23.32,4489054
2025-01-15,300059.SZ,23.55,23.97,23.07,23.39,4473025
2025-01-16,300059.SZ,23.25,23.74,23.18,23.44,3635276
2025-01-19,300059.SZ,23.78,23.96,23.33,23.51,4143183
2025-01-20,300059.SZ,23.8,23.98,23.26,23.85,4366911
2025-01-21,300059.SZ,23.62,23.79,23.37,23.67,3596647
2025-01-22,300059.SZ,24.4,25.2,23.73,23.73,8530899
2025-01-23,300059.SZ,23.57,24.2,23.56,24.09,4729397
2025-01-26,300059.SZ,24.09,24.15,22.93,22.94,4614557
2025-02-04,300059.SZ,23.3,23.35,22.9,22.99,3134682
2025-02-05,300059.SZ,22.89,23.87,22.78,23.69,4783466
2025-02-06,300059.SZ,23.54,25.08,23.51,24.28,9336072
2025-02-09,300059.SZ,24.28,24.51,24.03,24.34,4937143
2025-02-10,300059.SZ,24.29,24.29,23.78,23.94,4067322
2025-02-11,300059.SZ,23.85,24.69,23.84,24.54,5046452
2025-02-12,300059.SZ,24.3,24.79,24.11,24.16,5508430
2025-02-13,300059.SZ,24.03,24.36,23.9,24.22,3962256
2025-02-16,300059.SZ,24.56,24.73,24.16,24.37,4793367
2025-02-17,300059.SZ,24.2,24.27,23.28,23.33,5138123
2025-02-18,300059.SZ,23.3,23.96,23.26,23.82,4209937
2025-02-19,300059.SZ,23.72,23.83,23.49,23.57,2958360
2025-02-20,300059.SZ,23.65,24.52,23.34,24.35,7552709
2025-02-23,300059.SZ,24.23,24.53,23.88,24.12,4873934
2025-02-24,300059.SZ,23.75,24.05,23.63,23.7,3459575
2025-02-25,300059.SZ,23.8,24.49,23.61,24.4,6228897
2025-02-26,300059.SZ,24.2,24.38,23.67,24.13,5763511
2025-02-27,300059.SZ,23.93,24.24,23.18,23.23,4677474
2025-03-02,300059.SZ,23.23,23.45,22.78,22.95,3473314
2025-03-03,300059.SZ,22.78,23.09,22.71,22.98,2219291
2025-03-04,300059.SZ,22.95,23.18,22.77,22.98,2677567
2025-03-05,300059.SZ,23.21,24.18,23.2,23.93,7120487
2025-03-06,300059.SZ,23.68,23.75,23.33,23.41,3888683
2025-03-09,300059.SZ,23.36,23.43,23.08,23.27,2239749
2025-03-10,300059.SZ,22.95,23.39,22.91,23.38,2375561
2025-03-11,300059.SZ,23.46,24.05,23.36,23.61,4167681
2025-03-12,300059.SZ,23.5,23.74,23.17,23.35,2876501
2025-03-13,300059.SZ,23.47,25.13,23.42,24.43,10796204
2025-03-16,300059.SZ,24.19,24.35,23.96,24.08,4692484
2025-03-17,300059.SZ,24.31,24.37,24.01,24.13,2682559
2025-03-18,300059.SZ,24.12,24.25,23.95,24.03,2813603
2025-03-19,300059.SZ,24.06,24.07,23.69,23.81,2506707
2025-03-20,300059.SZ,23.71,23.91,23.23,23.27,3308993
2025-03-23,300059.SZ,23.26,23.32,22.93,23.27,2626628
2025-03-24,300059.SZ,23.3,23.32,22.9,22.93,2070916
2025-03-25,300059.SZ,22.98,23.23,22.96,22.97,1656005
2025-03-26,300059.SZ,22.9,23.25,22.78,22.98,2047425
2025-03-27,300059.SZ,23.04,23.18,22.9,23,1791405
2025-03-30,300059.SZ,22.82,22.98,22.39,22.58,2631446
2025-03-31,300059.SZ,22.68,22.78,22.15,22.2,2979505
2025-04-01,300059.SZ,22.2,22.65,22.15,22.44,2236954
2025-04-02,300059.SZ,22.19,22.65,22.17,22.45,1944456
2025-04-06,300059.SZ,21,21.45,18.18,19.33,8468046
2025-04-07,300059.SZ,19.66,20.15,19.44,19.7,5205690
2025-04-08,300059.SZ,19.46,20.75,19.02,20.5,6151753
2025-04-09,300059.SZ,21,21.18,20.48,20.5,5204106
2025-04-10,300059.SZ,20.35,20.87,20.33,20.58,3181844
2025-04-13,300059.SZ,20.71,20.83,20.56,20.6,2363680
2025-04-14,300059.SZ,20.54,20.54,20.31,20.44,1687248
2025-04-15,300059.SZ,20.29,20.41,19.98,20.32,1982697
2025-04-16,300059.SZ,20.2,20.44,20.16,20.25,1556376
2025-04-17,300059.SZ,20.2,20.57,20.16,20.48,1954427
2025-04-20,300059.SZ,20.3,20.77,20.27,20.63,1948439
2025-04-21,300059.SZ,20.54,20.74,20.49,20.55,1681166
2025-04-22,300059.SZ,20.7,20.84,20.56,20.62,2185046
2025-04-23,300059.SZ,20.6,20.72,20.39,20.48,1796597
2025-04-24,300059.SZ,20.58,20.83,20.5,20.7,2662966
2025-04-27,300059.SZ,20.65,20.71,20.49,20.56,1568217
2025-04-28,300059.SZ,20.56,20.65,20.45,20.49,1363576
2025-04-29,300059.SZ,20.53,20.8,20.43,20.57,1913051
2025-05-05,300059.SZ,20.7,21.08,20.61,20.99,3281601
2025-05-06,300059.SZ,22,22.58,21.1,21.25,6512921
2025-05-07,300059.SZ,21.09,21.39,21.04,21.22,2677465
2025-05-08,300059.SZ,21.21,21.27,20.77,20.83,2203757
2025-05-11,300059.SZ,21.06,21.97,20.89,21.72,5248646
2025-05-12,300059.SZ,21.9,21.9,21.42,21.45,3206485
2025-05-13,300059.SZ,21.42,23.28,21.21,22.53,8840209
2025-05-14,300059.SZ,22.16,22.3,21.8,21.82,4158058
2025-05-15,300059.SZ,21.76,21.97,21.51,21.53,2299942
2025-05-18,300059.SZ,21.49,21.65,21.27,21.5,1719714
2025-05-19,300059.SZ,21.58,21.71,21.45,21.52,1977812
2025-05-20,300059.SZ,21.46,21.64,21.35,21.38,1962405
2025-05-21,300059.SZ,21.3,21.44,21.18,21.23,1615666
2025-05-22,300059.SZ,21.16,21.38,20.76,20.78,2706667
2025-05-25,300059.SZ,20.71,20.86,20.67,20.8,1592372
2025-05-26,300059.SZ,20.8,20.85,20.63,20.69,1283460
2025-05-27,300059.SZ,20.75,20.78,20.47,20.5,1320527
2025-05-28,300059.SZ,20.54,20.97,20.5,20.85,2179626
2025-05-29,300059.SZ,20.74,20.75,20.52,20.62,1558466
2025-06-02,300059.SZ,20.48,20.88,20.44,20.66,1681364
2025-06-03,300059.SZ,20.65,21.13,20.57,20.94,2470884
2025-06-04,300059.SZ,20.97,21.26,20.86,21.13,2383024
2025-06-05,300059.SZ,21.13,21.19,20.87,20.89,1707078
2025-06-08,300059.SZ,21.01,21.58,21,21.46,3942525
2025-06-09,300059.SZ,21.39,21.49,20.77,20.97,2956596
2025-06-10,300059.SZ,21.05,21.9,20.99,21.49,4647897
2025-06-11,300059.SZ,21.31,22.08,21.3,21.65,4027992
2025-06-12,300059.SZ,21.48,21.64,21.27,21.33,3089201
2025-06-15,300059.SZ,21.33,21.77,21.33,21.73,2694928
2025-06-16,300059.SZ,21.75,21.78,21.58,21.71,1999927
2025-06-17,300059.SZ,21.63,21.68,21.3,21.5,1990721
2025-06-18,300059.SZ,21.45,21.46,20.86,20.93,2626455
2025-06-19,300059.SZ,21,21.05,20.69,20.71,1639367
2025-06-22,300059.SZ,20.6,21.02,20.52,20.93,1997781
2025-06-23,300059.SZ,21,22.1,20.93,21.81,6091340
2025-06-24,300059.SZ,21.89,24.44,21.81,24,14426468
2025-06-25,300059.SZ,23.52,23.78,23.05,23.13,9530584
2025-06-26,300059.SZ,23.16,24.15,23,23.04,8263584
2025-06-29,300059.SZ,23.05,23.2,22.73,23.13,4434661
2025-06-30,300059.SZ,23.1,23.12,22.68,22.88,3104074
2025-07-01,300059.SZ,22.89,23.03,22.61,22.71,2538284
2025-07-02,300059.SZ,22.74,22.99,22.71,22.88,2872658
2025-07-03,300059.SZ,22.8,23.46,22.62,22.8,5203312
2025-07-06,300059.SZ,22.66,22.92,22.65,22.75,2496617
2025-07-07,300059.SZ,22.73,23.27,22.71,23.15,4178849
2025-07-08,300059.SZ,23.16,23.35,22.86,22.93,3394849
2025-07-09,300059.SZ,22.85,23.34,22.8,23.15,3907103
2025-07-10,300059.SZ,23.29,24.59,23.06,23.86,10988631
2025-07-13,300059.SZ,23.97,23.97,23.53,23.62,4191571
2025-07-14,300059.SZ,23.62,23.94,23.38,23.53,3652497
2025-07-15,300059.SZ,23.6,23.71,23.26,23.42,2614532
2025-07-16,300059.SZ,23.4,23.65,23.36,23.6,2816150
2025-07-17,300059.SZ,23.6,23.7,23.39,23.52,2630520
2025-07-20,300059.SZ,23.18,23.5,22.85,23.35,4796391
2025-07-21,300059.SZ,23.45,23.77,23.26,23.54,4570954
2025-07-22,300059.SZ,23.75,24.32,23.64,23.71,8038893
2025-07-23,300059.SZ,23.6,24.45,23.54,24.32,7128599
2025-07-24,300059.SZ,24.55,24.68,23.92,23.99,4710020
2025-07-27,300059.SZ,24.02,24.45,23.92,24.12,3946332
2025-07-28,300059.SZ,23.95,24.18,23.58,24.18,4110596
2025-07-29,300059.SZ,24.11,24.25,23.6,23.81,3985599
2025-07-30,300059.SZ,23.67,24.04,23.1,23.23,4434649
2025-07-31,300059.SZ,23.2,23.47,23.06,23.17,2666164
2025-08-03,300059.SZ,23.01,23.36,23,23.35,2060185
2025-08-04,300059.SZ,23.46,23.64,23.31,23.63,2786412
2025-08-05,300059.SZ,23.58,23.69,23.45,23.63,2099509
2025-08-06,300059.SZ,23.69,23.85,23.43,23.54,2771975
2025-08-07,300059.SZ,23.46,23.47,23.2,23.2,2292248
2025-08-10,300059.SZ,23.17,23.97,23.17,23.8,4649608
2025-08-11,300059.SZ,23.78,24.08,23.66,23.99,3657654
2025-08-12,300059.SZ,24.15,24.8,23.86,24.58,8357734
2025-08-13,300059.SZ,24.58,25.09,24.35,24.36,7567901
2025-08-14,300059.SZ,24.31,27.2,24.29,26.76,16970798
2025-08-17,300059.SZ,26.98,28.97,26.25,27.85,16382484
2025-08-18,300059.SZ,27.39,27.86,26.83,26.9,9022578
2025-08-19,300059.SZ,26.64,27.08,26.32,27.08,6654322
2025-08-20,300059.SZ,27.36,27.45,26.62,26.8,5071351
2025-08-21,300059.SZ,26.7,28,26.7,27.85,9070640
2025-08-24,300059.SZ,28.28,28.92,27.77,28.23,10192545
2025-08-25,300059.SZ,27.97,28.41,27.83,27.93,5315570
2025-08-26,300059.SZ,27.94,28.45,27.19,27.21,7910275
2025-08-27,300059.SZ,27.15,27.96,26.85,27.96,7424374
2025-08-28,300059.SZ,28.1,29.36,27.73,28.91,11324704
2025-08-31,300059.SZ,28.79,29.05,28.24,28.69,6503521
2025-09-01,300059.SZ,28.56,28.59,27.62,27.85,7750720
2025-09-02,300059.SZ,28.08,28.38,26.33,26.63,8001157
2025-09-03,300059.SZ,26.55,26.97,25.9,26.21,7404168
2025-09-04,300059.SZ,26.32,26.69,25.9,26.6,5005652
2025-09-07,300059.SZ,26.4,26.72,26.24,26.42,3972249
2025-09-08,300059.SZ,26.42,26.66,26.12,26.19,3917382
2025-09-09,300059.SZ,26.24,26.57,26.12,26.19,3130555
2025-09-10,300059.SZ,26.05,27.58,25.93,27.27,7044542
2025-09-11,300059.SZ,27.17,27.64,26.91,26.95,4848188
2025-09-14,300059.SZ,26.95,27.56,26.86,27.21,4538579
2025-09-15,300059.SZ,27.26,27.95,26.96,27.71,5601416
2025-09-16,300059.SZ,27.61,28.5,27.5,28.21,6805608
2025-09-17,300059.SZ,27.9,27.9,26.6,26.87,9178318
2025-09-18,300059.SZ,26.77,27.03,26.55,26.55,4290828
2025-09-21,300059.SZ,26.55,26.97,26.55,26.89,3243423
2025-09-22,300059.SZ,26.57,26.59,25.7,26.12,5378856
2025-09-23,300059.SZ,26,26.73,25.89,26.45,4443358
2025-09-24,300059.SZ,26.4,26.79,26.35,26.47,3587728
2025-09-25,300059.SZ,26.37,26.53,26.05,26.06,3034211
2025-09-28,300059.SZ,26.04,28.45,25.99,27.58,11086841
2025-09-29,300059.SZ,27.31,27.56,27.01,27.12,5721847
2025-10-08,300059.SZ,26.52,27.08,26.19,26.76,6099472
2025-10-09,300059.SZ,26.63,27,26.01,26.09,6029855
2025-10-12,300059.SZ,25.17,25.8,25.12,25.62,4119214
2025-10-13,300059.SZ,25.7,26.15,25.12,25.16,4157998
2025-10-14,300059.SZ,25.35,25.62,25.14,25.54,3021398
2025-10-15,300059.SZ,25.42,25.63,25.31,25.42,2377814
2025-10-16,300059.SZ,25.4,25.62,24.81,24.86,3095666
2025-10-19,300059.SZ,25.25,25.34,24.86,25.02,2282606
2025-10-20,300059.SZ,25.12,25.55,25.04,25.36,2974160
2025-10-21,300059.SZ,25.21,25.25,24.99,25.12,1776224
2025-10-22,300059.SZ,25.16,25.48,24.92,25.47,2503845
2025-10-23,300059.SZ,25.54,25.9,25.43,25.9,3578518
2025-10-26,300059.SZ,26.35,26.45,25.93,26.04,4751975
2025-10-27,300059.SZ,25.85,26.4,25.81,26,3503684
2025-10-28,300059.SZ,25.91,26.79,25.88,26.49,5442583
2025-10-29,300059.SZ,26.29,26.33,25.61,25.63,4676083
2025-10-30,300059.SZ,25.78,25.87,25.5,25.5,2499029
2025-11-02,300059.SZ,25.49,25.59,25.15,25.56,2201174
2025-11-03,300059.SZ,25.41,25.48,25.2,25.26,1895090
2025-11-04,300059.SZ,25.09,25.37,25.01,25.26,1665933
2025-11-05,300059.SZ,25.27,25.68,25.27,25.51,2398456
2025-11-06,300059.SZ,25.28,25.32,25.1,25.14,2024228
2025-11-09,300059.SZ,25.12,25.52,25.11,25.4,2137426
2025-11-10,300059.SZ,25.39,25.44,24.92,24.93,2499582
2025-11-11,300059.SZ,24.93,25.02,24.5,24.69,2094237
2025-11-12,300059.SZ,24.59,25.14,24.59,25.13,2295320
2025-11-13,300059.SZ,24.9,24.98,24.52,24.54,2028105
2025-11-16,300059.SZ,24.51,24.66,24.44,24.51,1486185
2025-11-17,300059.SZ,24.5,24.69,24.46,24.49,1507223
2025-11-18,300059.SZ,24.48,24.61,24.16,24.33,1750690
2025-11-19,300059.SZ,24.71,24.8,24.06,24.07,2188140
2025-11-20,300059.SZ,23.88,24.08,23.26,23.3,3036576
2025-11-23,300059.SZ,23.4,23.62,23.26,23.43,1733268
2025-11-24,300059.SZ,23.49,23.63,23.38,23.42,1944435
2025-11-25,300059.SZ,23.42,23.53,23.31,23.34,1688908
2025-11-26,300059.SZ,23.33,23.63,23.26,23.3,1937378
2025-11-27,300059.SZ,23.29,23.41,23.06,23.4,1790869
2025-11-30,300059.SZ,23.22,23.34,22.85,23.09,3075251
2025-12-01,300059.SZ,23.03,23.05,22.59,22.61,2342667
2025-12-02,300059.SZ,22.67,22.8,22.18,22.23,2243828
2025-12-03,300059.SZ,22.25,22.59,22.17,22.39,1800087
2025-12-04,300059.SZ,22.35,23.72,22.31,23.31,5480686
2025-12-07,300059.SZ,23.8,24.22,23.54,23.64,5772388
2025-12-08,300059.SZ,23.4,23.63,23.16,23.28,2697168
2025-12-09,300059.SZ,23.21,23.45,22.96,23.29,2249149
2025-12-10,300059.SZ,23.35,23.36,22.84,22.84,1938096
2025-12-11,300059.SZ,22.89,23.3,22.86,23.02,2261272
2025-12-14,300059.SZ,22.81,23.24,22.71,22.85,1866631
2025-12-15,300059.SZ,22.75,22.93,22.57,22.61,1875025
2025-12-16,300059.SZ,22.61,23.42,22.46,23.09,3418178
2025-12-17,300059.SZ,23,23.15,22.84,22.86,1893200
2025-12-18,300059.SZ,22.87,23.3,22.83,23,1936654
2025-12-21,300059.SZ,22.98,23.19,22.94,23.08,1600989
2025-12-22,300059.SZ,23.06,23.24,22.93,23.02,1849650
2025-12-23,300059.SZ,22.95,23.33,22.92,23.2,2161645
2025-12-24,300059.SZ,23.15,23.43,23.1,23.34,2172053
2025-12-25,300059.SZ,23.34,24.05,23.23,23.61,4319282
2025-12-28,300059.SZ,23.58,23.6,23.3,23.35,2214027
2025-12-29,300059.SZ,23.29,23.63,23.21,23.43,2247939
2025-12-30,300059.SZ,23.43,23.61,23.18,23.18,1992395
2026-01-04,300059.SZ,23.22,23.75,23.21,23.75,3565234
2026-01-05,300059.SZ,23.68,25.37,23.65,25.11,9060921
2026-01-06,300059.SZ,24.88,24.97,24.26,24.53,5193860
2026-01-07,300059.SZ,24.29,24.29,23.87,24,4013454
2026-01-08,300059.SZ,24,24.36,23.99,24.13,3409884
2026-01-11,300059.SZ,24.06,25.05,24.01,25.05,7006227
2026-01-12,300059.SZ,25.3,25.48,24.41,24.49,5734424
2026-01-13,300059.SZ,24.36,25.71,24.36,24.72,9371079
2026-01-14,300059.SZ,24.21,24.52,23.91,24.06,4963534
2026-01-15,300059.SZ,24.29,24.43,23.83,23.89,3251692
2026-01-18,300059.SZ,23.8,23.82,23.45,23.5,2997355
2026-01-19,300059.SZ,23.49,23.66,23.32,23.44,2585704
2026-01-20,300059.SZ,23.43,23.53,23.25,23.31,2307018
2026-01-21,300059.SZ,23.31,23.52,23.24,23.31,2157398
2026-01-22,300059.SZ,23.36,23.45,23.25,23.3,2589457
2026-01-25,300059.SZ,23.25,23.73,23.13,23.31,4255350
2026-01-26,300059.SZ,23.28,23.3,22.73,22.9,3164758
2026-01-27,300059.SZ,22.9,23.02,22.77,22.78,2551353
2026-01-28,300059.SZ,22.66,23.3,22.39,23.14,4177875
2026-01-29,300059.SZ,23.1,23.1,22.68,22.7,2698550
2026-02-01,300059.SZ,22.61,23.05,22.45,22.53,2397881
2026-02-02,300059.SZ,22.68,22.73,22.48,22.7,1799504
2026-02-03,300059.SZ,22.6,23.12,22.52,22.89,2975684
2026-02-04,300059.SZ,22.75,23.13,22.71,22.93,2720392
2026-02-05,300059.SZ,22.78,22.91,22.65,22.66,1978229
2026-02-08,300059.SZ,22.81,22.95,22.72,22.95,2088064
2026-02-09,300059.SZ,22.92,23.09,22.85,22.89,1522516
2026-02-10,300059.SZ,22.85,22.94,22.73,22.77,1494661
2026-02-11,300059.SZ,22.75,22.77,22.65,22.66,1533620
2026-02-12,300059.SZ,22.7,22.82,22.36,22.37,2054685
2026-02-23,300059.SZ,22.49,22.57,22.33,22.41,1412138
2026-02-24,300059.SZ,22.47,22.89,22.43,22.74,2559644
2026-02-25,300059.SZ,22.69,22.7,22.43,22.5,1891532
2026-02-26,300059.SZ,22.46,22.67,22.37,22.52,1766812
2026-03-01,300059.SZ,22.26,22.32,21.9,21.95,2826772
2026-03-02,300059.SZ,21.93,22.33,21.62,21.64,2907619
2026-03-03,300059.SZ,21.43,21.55,20.95,21.02,2885489
2026-03-04,300059.SZ,21.33,21.35,20.99,21.09,2128068
2026-03-05,300059.SZ,21,21.64,20.96,21.56,2338196
2026-03-08,300059.SZ,21.15,21.34,21.02,21.23,1973014
2026-03-09,300059.SZ,21.42,21.56,21.26,21.36,1611210
2026-03-10,300059.SZ,21.35,21.59,21.25,21.47,1803025
2026-03-11,300059.SZ,21.38,21.53,21.25,21.36,1517371
2026-03-12,300059.SZ,21.3,21.46,21.06,21.1,1766135
2026-03-15,300059.SZ,21.09,21.23,20.94,21.21,1447071
2026-03-16,300059.SZ,21.3,22.07,21.26,21.56,4200422
2026-03-17,300059.SZ,21.45,21.55,21.31,21.51,1857579
2026-03-18,300059.SZ,21.34,21.6,21.25,21.33,2174638
2026-03-19,300059.SZ,21.2,21.22,20.21,20.21,4774624
2026-03-22,300059.SZ,19.78,20.05,19.56,19.61,3141250
2026-03-23,300059.SZ,19.87,19.96,19.55,19.77,2088912
2026-03-24,300059.SZ,19.75,20.15,19.73,19.9,2251418
2026-03-25,300059.SZ,19.81,19.82,19.1,19.12,2794390
2026-03-26,300059.SZ,18.93,19.39,18.89,19.21,1814800
2026-03-29,300059.SZ,18.92,19.15,18.83,19.07,1584573
2026-03-30,300059.SZ,19.07,19.37,18.85,18.89,1692907
2026-03-31,300059.SZ,19.2,19.29,19.08,19.19,1729787
2026-04-01,300059.SZ,19.11,19.12,18.68,18.75,1797448
2026-04-02,300059.SZ,18.82,18.87,18.48,18.48,1383924
2026-04-06,300059.SZ,18.51,18.61,18.35,18.45,1233648
2026-04-07,300059.SZ,18.9,19.59,18.8,19.49,3911372
2026-04-08,300059.SZ,19.15,19.16,18.91,18.95,2104108
2026-04-09,300059.SZ,19.22,20.46,19.22,19.76,5970106
2026-04-12,300059.SZ,19.52,20.25,19.5,20.01,3459852
2026-04-13,300059.SZ,20.19,20.28,19.84,20.15,2689218
2026-04-14,300059.SZ,20.29,20.34,19.8,19.85,2181632
2026-04-15,300059.SZ,19.94,20.25,19.86,20.06,2361668
2026-04-16,300059.SZ,19.95,20.15,19.8,20.04,2157491
2026-04-19,300059.SZ,20.05,20.24,19.92,20.15,2155679
2026-04-20,300059.SZ,20.04,20.13,19.82,19.94,1729478
2026-04-21,300059.SZ,19.86,20.36,19.82,20.18,2839824
2026-04-22,300059.SZ,20.1,20.23,19.79,19.89,2339842
2026-04-23,300059.SZ,19.85,19.85,19.55,19.7,1787523
2026-04-26,300059.SZ,19.84,20.2,19.78,19.98,2222896
2026-04-27,300059.SZ,19.9,20.46,19.9,20.16,3494785
2026-04-28,300059.SZ,20.02,20.32,20,20.26,2479666
2026-04-29,300059.SZ,20.25,20.95,20.19,20.36,3626370
2026-05-05,300059.SZ,20.4,21.03,20.4,20.85,4274764
2026-05-06,300059.SZ,21,21.05,20.55,20.73,3378852
2026-05-07,300059.SZ,20.6,20.74,20.39,20.49,2320830
2026-05-10,300059.SZ,20.45,21.35,20.44,21.28,5811921
2026-05-11,300059.SZ,21.14,21.6,21.01,21.27,4099231
2026-05-12,300059.SZ,21.12,21.24,20.81,21.08,3750097
2026-05-13,300059.SZ,21.09,21.2,20.17,20.18,3864283
2026-05-14,300059.SZ,20.17,20.33,19.67,19.73,3695445
2026-05-17,300059.SZ,19.6,20.01,19.56,19.77,2211135
2026-05-18,300059.SZ,19.78,19.95,19.38,19.9,2679894
2026-05-19,300059.SZ,19.78,19.91,19.61,19.67,1857497
2026-05-20,300059.SZ,19.85,21.03,19.83,19.98,7221721
2026-05-21,300059.SZ,19.96,20.09,19.36,19.5,4295945
2026-05-24,300059.SZ,19.72,20.25,19.58,19.87,3357935
2026-05-25,300059.SZ,19.68,20.28,19.58,20.05,4221819
2026-05-26,300059.SZ,19.8,20.19,19.58,19.61,3260433
2026-05-27,300059.SZ,19.51,19.55,18.96,19.19,3414909
2026-05-28,300059.SZ,19.2,19.73,19.16,19.16,3719590
2026-05-31,300059.SZ,19.05,19.27,18.85,18.97,2445990
2026-06-01,300059.SZ,18.91,19.09,18.65,18.91,2668462
2026-06-02,300059.SZ,18.8,19.21,18.65,18.91,2940305
2026-06-03,300059.SZ,18.79,19.07,18.55,18.74,2243926
2026-06-04,300059.SZ,18.76,18.95,18.5,18.52,2553013
2026-06-07,300059.SZ,18.28,18.63,17.7,17.72,3484450
2026-06-08,300059.SZ,17.73,17.93,17.5,17.88,2258590
2026-06-09,300059.SZ,17.77,17.95,17.55,17.78,2328147
2026-06-10,300059.SZ,17.65,17.88,17.22,17.36,2570704
2026-06-11,300059.SZ,17.49,18.23,17.37,18,4736928
2026-06-14,300059.SZ,18,19.48,17.95,18.89,6256219
2026-06-15,300059.SZ,18.7,19.46,18.69,19.12,4580802
2026-06-16,300059.SZ,19.04,19.25,18.86,19.04,2749209
2026-06-17,300059.SZ,18.95,19.12,18.53,18.6,3296850
2026-06-21,300059.SZ,18.45,20.97,18.45,20.97,11039470
2026-06-22,300059.SZ,20.66,21.88,20.54,20.9,11032420
2026-06-23,300059.SZ,20.9,21.24,20.1,20.18,7087475
2026-06-24,300059.SZ,20.04,21.57,20.04,21.11,9040008
2026-06-25,300059.SZ,20.93,21.17,20.02,20.07,6228008
2026-06-28,300059.SZ,20.27,20.59,19.93,20.1,5037985
2026-06-29,300059.SZ,19.95,20.57,19.74,20.38,4303483
2026-06-30,300059.SZ,20.32,21.96,20.21,21.45,9497600
2026-07-01,300059.SZ,21.28,21.5,20.7,20.73,5755075
2026-07-02,300059.SZ,20.95,21.25,20.7,21.06,4301366
2026-07-05,300059.SZ,21.39,21.49,20.9,21.18,3936552
2026-07-06,300059.SZ,21.02,21.05,20.16,20.29,4037390
2026-07-07,300059.SZ,20.21,20.75,20.06,20.13,2881916
2026-07-08,300059.SZ,20.07,20.65,20.01,20.59,3442101
2026-07-09,300059.SZ,20.4,20.5,20.1,20.19,3282905
2026-07-12,300059.SZ,20.03,20.32,19.62,19.84,3283868
2026-07-13,300059.SZ,19.89,19.98,19.19,19.6,3272565
2026-07-14,300059.SZ,19.53,20.38,19.43,20.14,3839558
2026-07-15,300059.SZ,19.95,20.1,19.71,19.82,2613534
2026-07-16,300059.SZ,19.79,20.44,19.67,19.7,4515339
2026-07-19,300059.SZ,19.8,20.43,19.8,20.18,3831378
2026-07-20,300059.SZ,20.22,20.46,19.9,20.29,4269491
2026-07-21,300059.SZ,20.1,20.18,19.9,20.08,2571839
2026-07-22,300059.SZ,20.05,20.45,19.92,20.28,2826203
2026-07-23,300059.SZ,20.08,20.08,19.4,19.4,3090371
2026-07-26,300059.SZ,19.32,19.68,19.26,19.65,1945254
2026-07-27,300059.SZ,19.43,19.62,19.38,19.42,1677200
2026-07-28,300059.SZ,19.39,20.1,19.3,19.9,3082897
2026-07-29,300059.SZ,19.8,20.29,19.76,19.99,3006388
2026-07-30,300059.SZ,19.98,20.52,19.91,20.17,3424840
2026-08-02,300059.SZ,20,20.08,19.83,20.01,2004512
2026-08-03,300059.SZ,20.09,20.14,19.9,20.05,2077503
2026-08-04,300059.SZ,20.07,20.49,19.98,20.36,3470692
2026-08-05,300059.SZ,20.2,20.35,19.9,20.01,2712284
2026-08-06,300059.SZ,19.95,19.99,19.73,19.98,2523204
2026-08-09,300059.SZ,19.99,20.15,19.91,20.03,1949808
2026-08-10,300059.SZ,19.94,20.08,19.83,19.84,1796454
2026-08-11,300059.SZ,19.8,19.89,19.72,19.83,1836475
2026-08-12,300059.SZ,19.83,20.2,19.76,19.78,2781782
2026-08-13,300059.SZ,19.73,19.81,19.45,19.47,2460466
2026-08-16,300059.SZ,19.42,19.6,19.27,19.58,1708553
2026-08-17,300059.SZ,19.48,19.5,19.18,19.23,2129601
2026-08-18,300059.SZ,19.17,19.34,18.72,18.73,2304758
2026-08-19,300059.SZ,18.78,18.92,18.65,18.8,1451434
2026-08-20,300059.SZ,18.74,18.99,18.63,18.91,1586479
2026-08-23,300059.SZ,18.86,19.17,18.73,18.92,1851756
2026-08-24,300059.SZ,18.92,18.97,18.76,18.93,1301221
2026-08-25,300059.SZ,18.89,19.61,18.87,19.36,3306661
2026-08-26,300059.SZ,19.25,19.65,19.22,19.62,3241999
2026-08-27,300059.SZ,19.55,19.63,19.42,19.42,1803083
2026-08-30,300059.SZ,19.36,19.47,19.06,19.39,2131970
2026-08-31,300059.SZ,19.35,19.65,19.29,19.4,2092186
2026-09-01,300059.SZ,19.26,19.37,18.9,18.91,2030531
2026-09-02,300059.SZ,18.99,19.29,18.96,19.01,1736437
2026-09-03,300059.SZ,19.08,19.45,19.07,19.15,2518649
2026-09-06,300059.SZ,19.15,19.23,18.92,18.99,1587147
2026-09-07,300059.SZ,18.98,19.04,18.82,18.84,1412741
2026-09-08,300059.SZ,18.84,18.98,18.76,18.91,1159690
2026-09-09,300059.SZ,18.89,19.03,18.8,18.97,1335636
2026-09-10,300059.SZ,18.8,18.8,18.27,18.31,2382048
2026-09-13,300059.SZ,18.18,18.29,18.13,18.22,946347
2026-09-14,300059.SZ,18.19,18.29,18.17,18.17,851868
2026-09-15,300059.SZ,18.17,18.48,18.06,18.39,1352856
2026-09-16,300059.SZ,18.27,18.38,18.07,18.09,1315708
2026-09-17,300059.SZ,18.21,18.42,18.19,18.37,1515612
2026-09-20,300059.SZ,18.38,18.75,18.37,18.69,1847165
2026-09-21,300059.SZ,18.75,18.94,18.63,18.77,1847022
2026-09-22,300059.SZ,18.69,18.76,18.6,18.65,1056663
2026-09-23,300059.SZ,18.56,18.63,18.26,18.28,1184076
2026-09-27,300059.SZ,18.2,18.3,17.84,17.87,1546472
2026-09-28,300059.SZ,17.92,17.98,17.7,17.77,1288191
2026-09-29,300059.SZ,17.85,17.88,17.71,17.79,1035644
2022-08-16,000858.SZ,175.31,176.97,174.02,176.2,122116
2022-08-17,000858.SZ,175,175.2,172.01,173.43,179552
2022-08-18,000858.SZ,172.5,175.15,172,173.66,126038
2022-08-21,000858.SZ,172.3,173.45,170.26,171.5,155130
2022-08-22,000858.SZ,171.7,172.29,167.5,168,229248
2022-08-23,000858.SZ,167.96,169.5,166,167.24,180255
2022-08-24,000858.SZ,167.89,169.98,167.23,169.41,174854
2022-08-25,000858.SZ,171.88,173.8,169.56,170.1,243787
2022-08-28,000858.SZ,167.44,169.55,165,165.35,254306
2022-08-29,000858.SZ,164,164.76,162.19,164.03,186433
2022-08-30,000858.SZ,162.9,167.98,162.5,167.19,267333
2022-08-31,000858.SZ,166,166,163.3,163.56,158442
2022-09-01,000858.SZ,164.49,164.49,161.01,161.84,155924
2022-09-04,000858.SZ,160,160.35,157.07,159.02,224320
2022-09-05,000858.SZ,159.02,161.35,158.27,160.53,146938
2022-09-06,000858.SZ,160,160.01,158,158.94,141508
2022-09-07,000858.SZ,160.01,161.35,158.88,159.07,148672
2022-09-08,000858.SZ,159.11,161.65,158.36,161.46,203188
2022-09-12,000858.SZ,163.88,164.97,161.7,163.63,224554
2022-09-13,000858.SZ,162,163.23,160.98,162.4,143438
2022-09-14,000858.SZ,162.67,166.5,162.1,164.41,244932
2022-09-15,000858.SZ,164,164.79,160.78,161.09,178052
2022-09-18,000858.SZ,160.75,165.13,159.52,163.02,172371
2022-09-19,000858.SZ,164,165.96,162.17,165.79,184881
2022-09-20,000858.SZ,165.19,165.77,163.3,163.45,127648
2022-09-21,000858.SZ,162,162.29,158.55,158.9,182114
2022-09-22,000858.SZ,158,160.62,157.9,159.13,120259
2022-09-25,000858.SZ,158,163.99,157.77,162.11,210416
2022-09-26,000858.SZ,163.93,171.4,161.99,170.83,354440
2022-09-27,000858.SZ,170.55,172.54,169.5,169.6,244311
2022-09-28,000858.SZ,172.49,172.52,167.55,168.51,175647
2022-09-29,000858.SZ,169.89,172,168.86,169.23,167010
2022-10-09,000858.SZ,169.5,170.1,158.69,158.91,256509
2022-10-10,000858.SZ,158.91,160.01,154.9,158.59,163898
2022-10-11,000858.SZ,158.3,158.3,152,156.6,242385
2022-10-12,000858.SZ,154.99,155.68,152.51,153.57,191401
2022-10-13,000858.SZ,154.58,160.3,154.57,159.12,228723
2022-10-16,000858.SZ,157.68,158.5,155.29,157.65,146701
2022-10-17,000858.SZ,158.68,160.98,158.02,158.7,139689
2022-10-18,000858.SZ,158.51,158.51,154,154.5,173929
2022-10-19,000858.SZ,152.5,156.8,152,154.15,161200
2022-10-20,000858.SZ,154,154.13,151.5,152.15,163210
2022-10-23,000858.SZ,150.01,150.41,142.25,143.23,344039
2022-10-24,000858.SZ,140.75,145.27,140.51,142.12,209630
2022-10-25,000858.SZ,142.9,145.9,142,143.4,179593
2022-10-26,000858.SZ,144.98,145.07,136.58,137.1,369655
2022-10-27,000858.SZ,137.56,139.97,136.17,137.5,255862
2022-10-30,000858.SZ,135.2,136.4,132.33,133.5,225917
2022-10-31,000858.SZ,135.55,142.58,133.41,142.58,391551
2022-11-01,000858.SZ,142,146.38,140.06,143.62,318674
2022-11-02,000858.SZ,141.01,141.5,139.71,140.92,192819
2022-11-03,000858.SZ,140.5,152,140.35,150,478983
2022-11-06,000858.SZ,149,152.7,147.68,151.14,228691
2022-11-07,000858.SZ,151.01,152.27,146.11,147.49,235678
2022-11-08,000858.SZ,147.2,149.05,145.08,145.4,151242
2022-11-09,000858.SZ,144.49,146.56,143.71,145.76,176748
2022-11-10,000858.SZ,151.49,151.5,146.54,150.02,368534
2022-11-13,000858.SZ,151,155.41,149.9,150.3,281953
2022-11-14,000858.SZ,150.3,155,148.42,154.15,276567
2022-11-15,000858.SZ,154.15,156.5,153.08,154.21,182594
2022-11-16,000858.SZ,153.5,155.79,151,152.6,165581
2022-11-17,000858.SZ,153,155.3,152.71,153.61,145856
2022-11-20,000858.SZ,150.5,150.97,148,148.93,217625
2022-11-21,000858.SZ,148.92,152.9,148.81,150.23,143770
2022-11-22,000858.SZ,150.23,151.5,148.9,149.77,113462
2022-11-23,000858.SZ,151,151.49,147,147.81,150858
2022-11-24,000858.SZ,147.93,148.93,146.4,147.38,106766
2022-11-27,000858.SZ,144.83,148.01,142.05,147.65,190131
2022-11-28,000858.SZ,149.92,155.15,149.9,155.05,410407
2022-11-29,000858.SZ,154.8,159.97,154,156.86,252286
2022-11-30,000858.SZ,165,169.99,163.86,164.59,440921
2022-12-01,000858.SZ,164.8,166.88,162.26,163.06,210478
2022-12-04,000858.SZ,168.88,169.98,165.68,168.51,297958
2022-12-05,000858.SZ,167.97,178.22,167.1,175.4,433695
2022-12-06,000858.SZ,175.41,177.8,173.01,173.68,311288
2022-12-07,000858.SZ,173,175.55,172.01,174.76,156448
2022-12-08,000858.SZ,174.63,183.47,174.12,183.27,419578
2022-12-11,000858.SZ,182,183.38,177.91,178.35,299060
2022-12-12,000858.SZ,178,180.9,176.02,179.47,192762
2022-12-13,000858.SZ,179.45,185.27,178.36,184.08,286989
2022-12-14,000858.SZ,184.2,185.8,180.77,181.96,199344
2022-12-15,000858.SZ,180.22,183.08,178.66,182.52,186426
2022-12-18,000858.SZ,183.5,184.71,179,179.95,194184
2022-12-19,000858.SZ,179.94,180.5,169.88,172.51,343458
2022-12-20,000858.SZ,175,175.67,173.55,174.49,153853
2022-12-21,000858.SZ,176.03,181.55,174.67,179.5,244424
2022-12-22,000858.SZ,177,183,176.4,180.29,198620
2022-12-25,000858.SZ,180.29,181.2,177.56,178.6,178298
2022-12-26,000858.SZ,180,182.5,179.15,181.05,152275
2022-12-27,000858.SZ,180.99,180.99,177.88,180.18,139378
2022-12-28,000858.SZ,179,180,176.74,178.75,168505
2022-12-29,000858.SZ,179.78,181.19,179,180.69,149765
2023-01-02,000858.SZ,181,181.81,176.51,178.2,182062
2023-01-03,000858.SZ,178,180.5,176.3,178.62,128836
2023-01-04,000858.SZ,181.5,189.51,180.4,189,402791
2023-01-05,000858.SZ,191.11,191.11,187.78,190.46,233383
2023-01-08,000858.SZ,192.45,196.89,190.16,195.88,275573
2023-01-09,000858.SZ,195.8,196.71,194.61,195.24,202752
2023-01-10,000858.SZ,195.04,195.99,192.6,194.1,169995
2023-01-11,000858.SZ,195,195.77,192.01,193.39,138227
2023-01-12,000858.SZ,193.39,199.41,193.34,198.58,245064
2023-01-15,000858.SZ,200,209.27,200,206.52,363525
2023-01-16,000858.SZ,207,207.78,201.61,202.86,215079
2023-01-17,000858.SZ,204.93,211.79,204.32,205.8,272412
2023-01-18,000858.SZ,206.45,206.5,202.35,205.3,181199
2023-01-19,000858.SZ,207.89,212,207.1,208.72,273480
2023-01-29,000858.SZ,218.59,219.89,214.28,217.6,321809
2023-01-30,000858.SZ,216.99,217.77,208.9,209,257247
2023-01-31,000858.SZ,208.5,210.6,203.76,210.06,256552
2023-02-01,000858.SZ,211.69,214.5,210.15,212.51,183272
2023-02-02,000858.SZ,210,212,206,210,199352
2023-02-05,000858.SZ,199.53,204.53,197.28,201.7,334075
2023-02-06,000858.SZ,201.7,205.3,201.5,203.17,158116
2023-02-07,000858.SZ,203.17,204,198.22,199.55,169057
2023-02-08,000858.SZ,199.66,207.74,199.55,207.39,244940
2023-02-09,000858.SZ,207.39,207.48,203.12,204.7,140321
2023-02-12,000858.SZ,203,214.9,202.99,212.4,289088
2023-02-13,000858.SZ,212.4,213.75,208.6,209.24,184902
2023-02-14,000858.SZ,211.59,213.89,209.5,211,169258
2023-02-15,000858.SZ,209.35,214.68,207.8,210.79,213380
2023-02-16,000858.SZ,209.45,214.45,208,208.15,184468
2023-02-19,000858.SZ,208.2,213.8,205.5,212.95,191668
2023-02-20,000858.SZ,212.5,212.62,208.5,210.08,139396
2023-02-21,000858.SZ,208.45,210.54,206.5,207.5,141005
2023-02-22,000858.SZ,206.5,208.22,203.7,205.1,145808
2023-02-23,000858.SZ,205.07,205.07,199.82,201.1,203957
2023-02-26,000858.SZ,199.06,206.23,198.84,204.81,172996
2023-02-27,000858.SZ,207,208.06,202.08,204.42,114801
2023-02-28,000858.SZ,204.17,208.85,202.9,207.38,154466
2023-03-01,000858.SZ,206.1,207.61,205.36,206.24,74477
2023-03-02,000858.SZ,208,209.46,203.5,205.76,92837
2023-03-05,000858.SZ,205.01,206.5,202.58,204.58,111402
2023-03-06,000858.SZ,204.35,204.35,200.11,200.45,125272
2023-03-07,000858.SZ,199,201.5,198,199.3,102191
2023-03-08,000858.SZ,199,199.7,193.9,198,168505
2023-03-09,000858.SZ,196.21,199.58,195.17,195.24,110957
2023-03-12,000858.SZ,195,200.28,195,198.6,126472
2023-03-13,000858.SZ,198.7,198.72,193.7,195.28,102843
2023-03-14,000858.SZ,198,199.33,192.3,192.32,129880
2023-03-15,000858.SZ,191,194.2,189.33,191.2,120544
2023-03-16,000858.SZ,193.85,194.24,188,188.5,156070
2023-03-19,000858.SZ,190,190.59,185,185.9,154643
2023-03-20,000858.SZ,187.4,193.11,185.22,192.24,187893
2023-03-21,000858.SZ,192.25,196.08,191.42,191.77,108532
2023-03-22,000858.SZ,190.9,195.99,190.06,194.58,132842
2023-03-23,000858.SZ,194,195.95,191.5,193.02,102530
2023-03-26,000858.SZ,192.81,192.84,189,190.41,118799
2023-03-27,000858.SZ,190.39,193.91,190.21,192.5,109186
2023-03-28,000858.SZ,194,196,191.6,195.28,159539
2023-03-29,000858.SZ,195.28,198.96,194.18,198.39,151487
2023-03-30,000858.SZ,201,202,197,197,127590
2023-04-02,000858.SZ,196.98,197,193.08,195.19,133660
2023-04-03,000858.SZ,195.5,196.66,192.95,196.15,142473
2023-04-05,000858.SZ,195,195,189.07,190.54,151075
2023-04-06,000858.SZ,189.8,191.83,187.54,189.06,113038
2023-04-09,000858.SZ,185,185.02,178.2,184.65,339732
2023-04-10,000858.SZ,183.97,184.15,180.01,180.53,191194
2023-04-11,000858.SZ,181,181.11,175.55,175.82,272834
2023-04-12,000858.SZ,176,179.9,175.55,177.88,210802
2023-04-13,000858.SZ,178.22,178.5,175.03,175.59,144653
2023-04-16,000858.SZ,176.79,179.92,176.49,178.18,185553
2023-04-17,000858.SZ,179,180.17,177.58,178.32,144067
2023-04-18,000858.SZ,178.67,178.96,175.5,176.29,126172
2023-04-19,000858.SZ,176.34,176.98,172.5,173.5,148009
2023-04-20,000858.SZ,174,175.3,171.8,172,120920
2023-04-23,000858.SZ,172.1,172.9,167.5,168,176091
2023-04-24,000858.SZ,168,169.88,165.65,169.8,154897
2023-04-25,000858.SZ,169.1,171.18,167.58,168.61,148127
2023-04-26,000858.SZ,168.6,170.3,166.4,169.17,150393
2023-04-27,000858.SZ,171.26,171.95,167.88,169,179386
2023-05-03,000858.SZ,172.5,172.95,167.45,168.95,265878
2023-05-04,000858.SZ,168.95,174.1,168.25,173.71,251727
2023-05-07,000858.SZ,174.5,175.5,170.79,171.4,177534
2023-05-08,000858.SZ,170.83,177.5,170,174.77,222923
2023-05-09,000858.SZ,172.8,174.5,171.59,173.32,118910
2023-05-10,000858.SZ,173.98,176.49,172.21,172.57,122896
2023-05-11,000858.SZ,172.2,174.5,169.36,169.37,129592
2023-05-14,000858.SZ,168.25,172.49,168.03,172.44,130800
2023-05-15,000858.SZ,172.3,172.36,169.8,170.49,99365
2023-05-16,000858.SZ,170,170.9,168.75,169.34,86022
2023-05-17,000858.SZ,169.49,170.71,168,168.66,87804
2023-05-18,000858.SZ,168.09,171.26,166.75,170.8,120746
2023-05-21,000858.SZ,170.89,179.06,169.08,177.61,302445
2023-05-22,000858.SZ,177.8,178.5,174,174,136724
2023-05-23,000858.SZ,173.52,173.98,170.35,170.35,133551
2023-05-24,000858.SZ,169.42,169.68,167.45,168.2,143925
2023-05-25,000858.SZ,168.2,171.89,168,170.1,122875
2023-05-28,000858.SZ,170.94,171.85,167.58,168.26,129769
2023-05-29,000858.SZ,168,169.45,163.5,165.17,183603
2023-05-30,000858.SZ,165,165.13,160.02,161.18,213448
2023-05-31,000858.SZ,162.49,166.6,161.2,163.32,169016
2023-06-01,000858.SZ,165,168.4,163.33,167.9,192084
2023-06-04,000858.SZ,167.28,167.68,164.63,165.2,113447
2023-06-05,000858.SZ,166.3,168.43,164.53,165.62,135368
2023-06-06,000858.SZ,166.15,167.05,164,164,95326
2023-06-07,000858.SZ,164.21,166.07,163.02,164.82,91573
2023-06-08,000858.SZ,164.94,165.98,163.8,164.59,119635
2023-06-11,000858.SZ,164.02,172,162.94,170.41,241838
2023-06-12,000858.SZ,170,173.9,169.41,173.08,182936
2023-06-13,000858.SZ,174.8,179.35,172.66,177.68,241015
2023-06-14,000858.SZ,179.21,182.82,178,182,240450
2023-06-15,000858.SZ,182.6,185.6,181.5,184.08,216314
2023-06-18,000858.SZ,183,183.71,176.5,177.54,242342
2023-06-19,000858.SZ,177,178.4,173.6,174.01,178689
2023-06-20,000858.SZ,173.99,174.89,171.2,171.4,139485
2023-06-25,000858.SZ,169.5,169.89,165,166.66,219340
2023-06-26,000858.SZ,164.17,166.5,162.2,166.12,200679
2023-06-27,000858.SZ,165.23,168.6,164.38,166.67,119426
2023-06-28,000858.SZ,166,166.5,163.27,163.81,117724
2023-06-29,000858.SZ,164.7,165.1,162.8,163.57,103371
2023-07-02,000858.SZ,163.27,167.49,162.85,167.36,173373
2023-07-03,000858.SZ,167,168.5,165.55,168.22,125957
2023-07-04,000858.SZ,167.52,167.6,165,165.38,115416
2023-07-05,000858.SZ,165.3,166.81,163.85,164.3,101450
2023-07-06,000858.SZ,164.19,165,163.32,163.66,78970
2023-07-09,000858.SZ,164.98,166.5,164.21,164.6,96715
2023-07-10,000858.SZ,165.45,165.76,163.88,165.14,70206
2023-07-11,000858.SZ,165.2,166.66,165,165.46,118840
2023-07-12,000858.SZ,167.88,173,166.65,172.65,323514
2023-07-13,000858.SZ,173.6,174.33,170.79,171.99,150723
2023-07-16,000858.SZ,170.5,170.98,168.16,169.66,93257
2023-07-17,000858.SZ,169.7,170.23,168,168.4,81959
2023-07-18,000858.SZ,167.82,168.76,166.81,168.32,76856
2023-07-19,000858.SZ,169,171.28,168.08,168.56,127502
2023-07-20,000858.SZ,169.88,174,167.88,171.27,195387
2023-07-23,000858.SZ,169.13,170,167.9,169.36,131716
2023-07-24,000858.SZ,176,180.67,175.17,179.5,440632
2023-07-25,000858.SZ,179.5,180.68,176.85,177.8,174025
2023-07-26,000858.SZ,178.97,180.85,176.85,178.46,187987
2023-07-27,000858.SZ,177.3,182.16,176.63,181.18,319693
2023-07-30,000858.SZ,186.6,188.57,180.98,181,315594
2023-07-31,000858.SZ,181.69,184.15,178.5,179.88,195718
2023-08-01,000858.SZ,179,180.99,177.2,177.98,155080
2023-08-02,000858.SZ,177.04,179.96,175.13,178.6,152646
2023-08-03,000858.SZ,181.39,182.5,178.7,179.28,143478
2023-08-06,000858.SZ,178.3,179.28,176.4,177.31,156930
2023-08-07,000858.SZ,176.18,178.06,175.18,176.88,116143
2023-08-08,000858.SZ,177.46,177.88,176.1,177.18,86796
2023-08-09,000858.SZ,176.88,177,174.66,176.31,104238
2023-08-10,000858.SZ,177.46,177.55,172.27,172.36,148886
2023-08-13,000858.SZ,170,170.33,166,168.62,210945
2023-08-14,000858.SZ,168.61,168.9,165.69,166.5,168145
2023-08-15,000858.SZ,166.28,167.4,165.2,166.7,116277
2023-08-16,000858.SZ,165.9,168.61,164.5,168.44,166932
2023-08-17,000858.SZ,168.42,168.68,163.5,163.53,279480
2023-08-20,000858.SZ,162.18,164.36,161.38,161.97,164507
2023-08-21,000858.SZ,162.62,163.5,160.48,162.15,156921
2023-08-22,000858.SZ,162.05,162.14,160,160.01,146839
2023-08-23,000858.SZ,160.08,163.5,159.21,162.26,175895
2023-08-24,000858.SZ,161.02,162.77,160.55,161.55,116302
2023-08-27,000858.SZ,168.01,168.99,157.01,157.49,545771
2023-08-28,000858.SZ,156,160.1,155.33,159.4,238732
2023-08-29,000858.SZ,159.4,160.12,157.6,157.82,225987
2023-08-30,000858.SZ,157.82,157.83,155.83,155.91,220018
2023-08-31,000858.SZ,157,159.96,157,159.74,232387
2023-09-03,000858.SZ,161.6,168,161.6,167.93,464965
2023-09-04,000858.SZ,167.8,168.23,165.24,165.72,190550
2023-09-05,000858.SZ,165.06,166.45,164,165.69,130493
2023-09-06,000858.SZ,165,165.17,162.9,163.1,118861
2023-09-07,000858.SZ,162.26,162.7,160.5,161.92,104972
2023-09-10,000858.SZ,161,165.31,160.15,164.35,160683
2023-09-11,000858.SZ,163.4,164.06,162.61,162.98,89428
2023-09-12,000858.SZ,164,165.39,162.45,163.65,131147
2023-09-13,000858.SZ,163.65,164.23,161.03,162,130473
2023-09-14,000858.SZ,162.07,163.04,159.3,159.71,177555
2023-09-17,000858.SZ,159,163.01,158.01,162.8,162983
2023-09-18,000858.SZ,162.01,162.2,159.5,160.91,113674
2023-09-19,000858.SZ,160.2,161,159.7,159.84,87124
2023-09-20,000858.SZ,159,159.5,157.52,157.66,129455
2023-09-21,000858.SZ,157,160.31,156.7,159.92,154320
2023-09-24,000858.SZ,159.76,159.88,158.6,158.9,105365
2023-09-25,000858.SZ,158.88,159.47,156.65,156.65,125016
2023-09-26,000858.SZ,156.66,158.65,156,156.59,132812
2023-09-27,000858.SZ,156.59,157.38,155.68,156.1,123857
2023-10-08,000858.SZ,156.09,156.09,151.8,154.27,153573
2023-10-09,000858.SZ,155.49,156.58,153.06,153.41,127175
2023-10-10,000858.SZ,154.57,155.23,153.36,153.7,99122
2023-10-11,000858.SZ,155.25,156,154.21,155.73,137972
2023-10-12,000858.SZ,154.5,154.5,152.01,153.63,142934
2023-10-15,000858.SZ,153.08,153.4,149.71,150.14,152366
2023-10-16,000858.SZ,150.14,151.24,148.56,150.41,107202
2023-10-17,000858.SZ,149.98,151.32,149.18,149.24,101105
2023-10-18,000858.SZ,148,148,143.96,144.25,217385
2023-10-19,000858.SZ,143,145.93,142.57,143.7,133164
2023-10-22,000858.SZ,143.64,145.81,142.4,143.75,120292
2023-10-23,000858.SZ,143.76,144.99,141.7,144.05,167074
2023-10-24,000858.SZ,146.95,151,146.95,149.34,254422
2023-10-25,000858.SZ,148,151.2,147.8,151.05,146177
2023-10-26,000858.SZ,150.57,153.55,150.16,152.99,170654
2023-10-29,000858.SZ,155.95,158.36,155,156.6,274030
2023-10-30,000858.SZ,157.5,157.65,155.02,156,144979
2023-10-31,000858.SZ,166,167.28,160,160,469346
2023-11-01,000858.SZ,160.08,160.96,157.73,157.9,165132
2023-11-02,000858.SZ,157.9,160,157.66,159.67,138144
2023-11-05,000858.SZ,160.67,160.87,158.5,159.84,137512
2023-11-06,000858.SZ,159.3,159.9,158,159.31,107304
2023-11-07,000858.SZ,158.5,159.78,157.57,158.63,126463
2023-11-08,000858.SZ,158,159.5,158,158.55,91989
2023-11-09,000858.SZ,157.5,158.28,156.5,156.9,89631
2023-11-12,000858.SZ,156.89,157.17,154.06,154.88,125575
2023-11-13,000858.SZ,155.88,157.89,155,155.9,112992
2023-11-14,000858.SZ,157.81,158.14,156.7,157.25,101757
2023-11-15,000858.SZ,157,157.7,156.13,156.37,70364
2023-11-16,000858.SZ,155.5,156.48,154.36,155,84521
2023-11-19,000858.SZ,154.99,155.94,153.6,154.4,114859
2023-11-20,000858.SZ,155,156.64,153.25,155.3,166977
2023-11-21,000858.SZ,154.2,154.92,153.51,153.51,86913
2023-11-22,000858.SZ,153,153.45,151.85,153.07,94576
2023-11-23,000858.SZ,152.9,153.88,152.31,153.23,93095
2023-11-26,000858.SZ,152.79,152.8,148.89,149.25,185270
2023-11-27,000858.SZ,149.29,150.08,147.65,148.75,139103
2023-11-28,000858.SZ,148.58,148.6,146.9,148.3,86485
2023-11-29,000858.SZ,148.17,149.39,148.01,149.15,106833
2023-11-30,000858.SZ,149,149,146.01,147.21,134304
2023-12-03,000858.SZ,146.49,147.67,145.59,145.85,106956
2023-12-04,000858.SZ,145.5,145.83,142.24,142.67,150411
2023-12-05,000858.SZ,142.6,145.2,141.66,144.1,144742
2023-12-06,000858.SZ,144.1,144.27,141.5,142.52,151071
2023-12-07,000858.SZ,142.52,144.3,142.22,142.93,144759
2023-12-10,000858.SZ,139.6,140,136.56,139.2,323121
2023-12-11,000858.SZ,138,139.68,137.73,139.3,144023
2023-12-12,000858.SZ,138.6,138.68,133.58,133.78,318646
2023-12-13,000858.SZ,135,135.98,132.65,132.65,214418
2023-12-14,000858.SZ,133.67,135.8,132.8,133.7,200133
2023-12-17,000858.SZ,132.05,134.8,131.87,134,129300
2023-12-18,000858.SZ,133.99,133.99,132.56,133.33,130160
2023-12-19,000858.SZ,133.85,133.93,132.1,132.13,106300
2023-12-20,000858.SZ,131.88,134.45,131.48,134.1,176648
2023-12-21,000858.SZ,134.06,134.8,132.57,133.42,164023
2023-12-24,000858.SZ,133.32,134.57,132.95,134.55,98621
2023-12-25,000858.SZ,134.55,134.55,133.61,134.32,73678
2023-12-26,000858.SZ,134.32,134.78,133.03,133.83,104309
2023-12-27,000858.SZ,133.83,141.14,133.55,140.1,336109
2023-12-28,000858.SZ,140,141.64,139.29,140.31,194541
2024-01-01,000858.SZ,140.3,140.3,135.8,136,215270
2024-01-02,000858.SZ,135.98,136.67,133.75,134.88,164171
2024-01-03,000858.SZ,134.88,134.9,132.01,132.32,178763
2024-01-04,000858.SZ,132,133.3,130.78,131.24,156304
2024-01-07,000858.SZ,131.01,131.14,128,128.1,210200
2024-01-08,000858.SZ,128.1,129.38,127.41,127.81,174838
2024-01-09,000858.SZ,127.81,129.58,126.01,128.8,165304
2024-01-10,000858.SZ,128.7,130.5,127.22,129.62,156464
2024-01-11,000858.SZ,128.88,130.12,128.1,128.75,119208
2024-01-14,000858.SZ,128,129.39,127.08,128.68,115826
2024-01-15,000858.SZ,127.92,129.28,126.93,128.41,125287
2024-01-16,000858.SZ,127.6,127.8,125.14,125.14,176757
2024-01-17,000858.SZ,124.8,128.13,123.19,127.9,235948
2024-01-18,000858.SZ,127,129.51,126.12,128.89,225020
2024-01-21,000858.SZ,128.4,129.15,125.8,127,213410
2024-01-22,000858.SZ,126.8,128.12,125.48,127.38,161987
2024-01-23,000858.SZ,128.18,128.48,125.26,128.05,166824
2024-01-24,000858.SZ,128,131.11,127.56,131.11,273421
2024-01-25,000858.SZ,130.11,131.99,129.5,131,193174
2024-01-28,000858.SZ,131.09,133.67,131.09,131.78,216150
2024-01-29,000858.SZ,130.8,130.9,127.58,127.71,170720
2024-01-30,000858.SZ,127.5,128.68,126.29,126.3,135218
2024-01-31,000858.SZ,125.74,127.72,125.14,126.5,137875
2024-02-01,000858.SZ,126.5,128.65,122.56,123.82,210862
2024-02-04,000858.SZ,123.82,127.88,122.91,126.57,308042
2024-02-05,000858.SZ,126,133,125.7,132.99,323842
2024-02-06,000858.SZ,133.11,134.7,132.1,133.87,290673
2024-02-07,000858.SZ,134.8,136.12,132.7,133.59,243748
2024-02-18,000858.SZ,138.9,138.95,134.78,136.15,288579
2024-02-19,000858.SZ,136,137,133,134.38,211819
2024-02-20,000858.SZ,133.4,142.68,132.84,141.02,466563
2024-02-21,000858.SZ,140.11,141.66,139.43,141.1,188401
2024-02-22,000858.SZ,141.04,143.38,140.05,141.71,184393
2024-02-25,000858.SZ,141.5,142.28,139.05,139.76,139947
2024-02-26,000858.SZ,139.01,139.8,138.05,139.76,150617
2024-02-27,000858.SZ,139.76,141.4,138.77,139.53,196194
2024-02-28,000858.SZ,139,142.33,138.7,142.25,176604
2024-02-29,000858.SZ,142.05,143.78,140.88,142.59,158813
2024-03-03,000858.SZ,141.51,142.2,140.04,140.33,154307
2024-03-04,000858.SZ,139.98,141.88,139.33,141.59,160016
2024-03-05,000858.SZ,141,141.3,138.51,139.06,176528
2024-03-06,000858.SZ,139.06,139.98,138.25,138.25,112198
2024-03-07,000858.SZ,138.06,139.13,136.66,138.42,122452
2024-03-10,000858.SZ,138.35,141.29,138.02,141.16,193569
2024-03-11,000858.SZ,141.17,149.3,141.17,148.31,450791
2024-03-12,000858.SZ,147.5,149.18,147.14,147.76,179130
2024-03-13,000858.SZ,147.2,151,147.06,149.56,222274
2024-03-14,000858.SZ,149,154.78,148.8,152.49,238874
2024-03-17,000858.SZ,152.4,154.66,150.71,153.5,189874
2024-03-18,000858.SZ,153.88,158.97,153.54,157.37,338826
2024-03-19,000858.SZ,156.88,158.26,155.49,156.95,161600
2024-03-20,000858.SZ,156.9,158.54,155.65,156.61,136430
2024-03-21,000858.SZ,156.4,156.76,152.36,153.43,201564
2024-03-24,000858.SZ,152.51,152.9,150,151.72,161675
2024-03-25,000858.SZ,151.77,155.38,151.77,155.22,180890
2024-03-26,000858.SZ,155,155.3,152.6,152.66,123630
2024-03-27,000858.SZ,152.66,155.34,152.05,153.1,144192
2024-03-28,000858.SZ,153.1,155.02,152.56,153.51,88348
2024-03-31,000858.SZ,154.5,158.56,154.5,157.28,177262
2024-04-01,000858.SZ,157,157.18,154.86,155.5,114101
2024-04-02,000858.SZ,155.9,156.97,153.3,154.6,98261
2024-04-07,000858.SZ,152,152,147.05,147.29,270007
2024-04-08,000858.SZ,146.5,148.21,145.68,146.48,130397
2024-04-09,000858.SZ,146.2,146.5,142.14,143.12,171676
2024-04-10,000858.SZ,142.6,142.66,140.6,142.34,159943
2024-04-11,000858.SZ,142,143.45,140.1,140.49,134073
2024-04-14,000858.SZ,140.6,147.98,140.06,147.32,254292
2024-04-15,000858.SZ,146.6,147.16,144.31,144.97,135678
2024-04-16,000858.SZ,144.53,145.54,143.8,145.3,137023
2024-04-17,000858.SZ,144.07,146.78,143.3,144.98,152453
2024-04-18,000858.SZ,143.98,144.5,141.99,142.9,127262
2024-04-21,000858.SZ,142.9,146.48,142.9,144.56,140366
2024-04-22,000858.SZ,144,147.49,143.97,147.03,171712
2024-04-23,000858.SZ,147.93,149.2,146,148.98,142251
2024-04-24,000858.SZ,148.5,149.35,147.02,148.98,100776
2024-04-25,000858.SZ,149.2,152.7,149.2,152.25,179462
2024-04-28,000858.SZ,151,156.56,150.01,151.75,275385
2024-04-29,000858.SZ,152.3,153.49,150.43,150.43,155296
2024-05-05,000858.SZ,153.44,158.33,153.4,155.01,316796
2024-05-06,000858.SZ,155,156.42,153.55,155.94,145500
2024-05-07,000858.SZ,155.98,156.32,154.35,155,101074
2024-05-08,000858.SZ,154.33,155.69,153.73,154.84,113275
2024-05-09,000858.SZ,155,155.89,152.8,154.43,102514
2024-05-12,000858.SZ,152.8,152.98,150.27,151.1,172628
2024-05-13,000858.SZ,151.1,151.85,150.03,151.34,113455
2024-05-14,000858.SZ,151.33,151.83,150.5,151.37,78428
2024-05-15,000858.SZ,151.7,155.08,150.71,154.05,149376
2024-05-16,000858.SZ,154,156.43,153.21,156.41,161843
2024-05-19,000858.SZ,156.4,159.8,156.4,157.3,193736
2024-05-20,000858.SZ,156.8,157.18,155.09,156.54,88037
2024-05-21,000858.SZ,156.01,156.41,154.27,155.12,108478
2024-05-22,000858.SZ,155,155.97,153.32,153.6,89889
2024-05-23,000858.SZ,152.86,153.13,151,151.15,112039
2024-05-26,000858.SZ,151.14,152.3,150.58,151.58,101567
2024-05-27,000858.SZ,151.6,151.94,150,150.03,103874
2024-05-28,000858.SZ,150.05,150.99,148.86,149.21,91024
2024-05-29,000858.SZ,148.95,148.95,145.91,146.26,161111
2024-05-30,000858.SZ,146.9,147.99,146.6,146.7,131412
2024-06-02,000858.SZ,146.89,147.25,144.65,145.98,140930
2024-06-03,000858.SZ,145.98,148.1,145.5,147.78,103021
2024-06-04,000858.SZ,147.72,148,145.65,145.76,111148
2024-06-05,000858.SZ,146.01,146.62,144.06,144.9,127309
2024-06-06,000858.SZ,145.5,145.55,141.9,142.34,158693
2024-06-10,000858.SZ,141.4,141.4,138,138.48,206655
2024-06-11,000858.SZ,138.1,139.83,137.55,137.9,154524
2024-06-12,000858.SZ,137.89,138.1,134.44,134.56,243623
2024-06-13,000858.SZ,134.2,135.7,132.09,135.68,287219
2024-06-16,000858.SZ,134.4,136.16,131.3,135.73,246272
2024-06-17,000858.SZ,135,137.34,133.42,133.89,202981
2024-06-18,000858.SZ,134.18,135.3,132.83,134.22,137045
2024-06-19,000858.SZ,134.1,135.07,132.18,132.2,126192
2024-06-20,000858.SZ,132.01,132.86,128.8,130.2,213886
2024-06-23,000858.SZ,126.02,132.67,125.6,131.03,239235
2024-06-24,000858.SZ,131.8,133.29,130.6,131.51,177152
2024-06-25,000858.SZ,130.4,132.18,130.35,131.3,102212
2024-06-26,000858.SZ,131.33,131.37,128.72,129.65,122646
2024-06-27,000858.SZ,128.99,130.49,127.56,128.04,156899
2024-06-30,000858.SZ,128.2,129.16,126,128.3,154335
2024-07-01,000858.SZ,127.7,132.68,127.5,131.56,247479
2024-07-02,000858.SZ,131.56,132.7,130.1,131,124277
2024-07-03,000858.SZ,131,132.4,130.03,130.59,100495
2024-07-04,000858.SZ,130.59,131.97,128.14,128.95,139413
2024-07-07,000858.SZ,128.98,129.2,125.22,125.91,207455
2024-07-08,000858.SZ,125.91,128.2,125.18,127.07,195404
2024-07-09,000858.SZ,126.5,128.46,126.18,126.54,154572
2024-07-10,000858.SZ,127.5,131.5,127.17,130.48,257796
2024-07-11,000858.SZ,126.68,127.79,125.65,127.4,189387
2024-07-14,000858.SZ,127,129.36,126.58,127.5,119738
2024-07-15,000858.SZ,126.73,128.1,125.8,127.48,154689
2024-07-16,000858.SZ,127,130.99,126.37,130.76,228842
2024-07-17,000858.SZ,130.04,133,130.03,131.1,185917
2024-07-18,000858.SZ,130.68,133.49,129.78,133.42,190244
2024-07-21,000858.SZ,133.4,133.95,131,131.22,156429
2024-07-22,000858.SZ,131.01,131.51,126.8,126.8,197564
2024-07-23,000858.SZ,126.58,127.7,125.5,126.06,143650
2024-07-24,000858.SZ,125.1,126.66,125.1,125.78,118141
2024-07-25,000858.SZ,126,127.38,125.1,126.2,114215
2024-07-28,000858.SZ,126,126.7,124.1,124.1,139364
2024-07-29,000858.SZ,123,124.3,121.48,123.29,207253
2024-07-30,000858.SZ,122.68,128.18,122.66,126.86,260579
2024-07-31,000858.SZ,126.87,126.95,123.88,124,174739
2024-08-01,000858.SZ,123,124.52,122.88,123.7,99502
2024-08-04,000858.SZ,123.7,128,123.6,126,241892
2024-08-05,000858.SZ,126.52,128,125.38,125.9,153473
2024-08-06,000858.SZ,126,127.58,125.3,127,132591
2024-08-07,000858.SZ,126.48,129.67,125.95,128.35,200131
2024-08-08,000858.SZ,129.5,130,127.74,128.08,158468
2024-08-11,000858.SZ,127.5,128.49,127.12,127.71,73108
2024-08-12,000858.SZ,127.59,127.96,125.12,125.6,124517
2024-08-13,000858.SZ,125.5,125.59,123.89,124.33,94947
2024-08-14,000858.SZ,124.02,126.15,123.86,124.95,111623
2024-08-15,000858.SZ,124.5,125.37,123.58,125.01,97267
2024-08-18,000858.SZ,125,127,123.9,123.95,138759
2024-08-19,000858.SZ,123.95,124,122.66,123.15,109852
2024-08-20,000858.SZ,122.8,123.14,122.1,122.2,97108
2024-08-21,000858.SZ,122.21,122.39,119.96,120.99,185285
2024-08-22,000858.SZ,120.6,122.1,120.52,121.11,88988
2024-08-25,000858.SZ,120.98,121.87,118.04,118.12,204010
2024-08-26,000858.SZ,117.7,118.2,115.55,117.7,156609
2024-08-27,000858.SZ,117,117,112.92,114,247292
2024-08-28,000858.SZ,115.5,120.29,115.13,118.78,300256
2024-08-29,000858.SZ,118,124.66,116.78,123.03,337798
2024-09-01,000858.SZ,122,122.31,119,119,177555
2024-09-02,000858.SZ,119.08,121.47,119,120.32,127984
2024-09-03,000858.SZ,119.33,120.8,119.03,119.11,84692
2024-09-04,000858.SZ,119.1,119.88,118.5,119.55,82795
2024-09-05,000858.SZ,119.5,119.5,117.5,117.53,77722
2024-09-08,000858.SZ,116.9,117.49,115.52,116.22,111587
2024-09-09,000858.SZ,116.22,118.26,115.9,116.43,106050
2024-09-10,000858.SZ,115.8,117.07,115,116.01,76591
2024-09-11,000858.SZ,116,116.38,113.36,113.36,169848
2024-09-12,000858.SZ,113.3,113.3,109.2,109.2,311531
2024-09-17,000858.SZ,108.25,109.57,107.21,107.69,177639
2024-09-18,000858.SZ,107.73,112.86,106.33,110.9,318181
2024-09-19,000858.SZ,110.13,110.85,108.6,110.28,196681
2024-09-22,000858.SZ,110.91,113.79,110.4,112.29,203712
2024-09-23,000858.SZ,114.9,120.4,113.51,120.36,473469
2024-09-24,000858.SZ,123.6,125.62,121.88,122.1,417189
2024-09-25,000858.SZ,122.1,134.31,121.91,134.31,664534
2024-09-26,000858.SZ,141.8,147.74,138.53,147.74,864577
2024-09-29,000858.SZ,156.02,162.51,152.7,162.51,986201
2024-10-07,000858.SZ,178.76,178.76,155.55,164.05,1306806
2024-10-08,000858.SZ,160,160,147.66,147.68,815469
2024-10-09,000858.SZ,147.67,155.53,147.67,151.98,600601
2024-10-10,000858.SZ,150,153.32,148,149.65,285158
2024-10-13,000858.SZ,151,151,146.01,149.76,334966
2024-10-14,000858.SZ,150,150.1,144,144,329702
2024-10-15,000858.SZ,142,144.29,140.08,141.65,312272
2024-10-16,000858.SZ,142.5,142.92,137.89,137.95,282508
2024-10-17,000858.SZ,137.01,145.56,136.36,143,441443
2024-10-20,000858.SZ,143.99,145.5,141.1,143.01,295765
2024-10-21,000858.SZ,142.8,146.45,142.21,145.44,304663
2024-10-22,000858.SZ,145.47,149.53,144,148.53,358138
2024-10-23,000858.SZ,146.8,148.5,146.11,146.46,186420
2024-10-24,000858.SZ,145.46,149.87,145.46,148.11,198055
2024-10-27,000858.SZ,149.01,154,146.67,153.97,438110
2024-10-28,000858.SZ,153.97,156.88,150.4,150.8,303158
2024-10-29,000858.SZ,149,151.31,147.3,148.8,211870
2024-10-30,000858.SZ,147,149.2,145.41,146.83,269441
2024-10-31,000858.SZ,145.72,150.8,145.72,147.92,227192
2024-11-03,000858.SZ,148.5,149.21,146.08,148.6,205052
2024-11-04,000858.SZ,148,152.99,146.8,152.8,320318
2024-11-05,000858.SZ,152.76,153,149.15,151.25,302066
2024-11-06,000858.SZ,150.04,163.02,149.83,162.24,671872
2024-11-07,000858.SZ,164,164.6,156,156.47,567474
2024-11-10,000858.SZ,153.35,154.85,151.2,154.82,366012
2024-11-11,000858.SZ,154.82,159,153.65,154.3,351347
2024-11-12,000858.SZ,153,155.33,152.66,153.94,194334
2024-11-13,000858.SZ,153.11,155.88,152.15,153.49,217928
2024-11-14,000858.SZ,153.48,154.13,150.55,151.29,255443
2024-11-17,000858.SZ,151.28,153.36,149,149.33,209861
2024-11-18,000858.SZ,149.56,150.64,145.3,148.45,233413
2024-11-19,000858.SZ,148.45,150.39,147.2,149.6,149815
2024-11-20,000858.SZ,149,150.1,148.16,149.5,114461
2024-11-21,000858.SZ,149.4,150.01,144.65,144.89,189425
2024-11-24,000858.SZ,145.89,147.18,142.7,143.8,191690
2024-11-25,000858.SZ,143.5,146.6,142.5,144.8,175358
2024-11-26,000858.SZ,144.77,147.89,143.58,147.05,200250
2024-11-27,000858.SZ,145,146.95,143.8,144,190454
2024-11-28,000858.SZ,145.02,149.69,144.4,146.77,287278
2024-12-01,000858.SZ,147.13,148.43,145.56,147.4,179764
2024-12-02,000858.SZ,147.7,147.77,146.2,146.99,140143
2024-12-03,000858.SZ,146.9,146.94,144.77,145.73,148434
2024-12-04,000858.SZ,145,145.66,144.51,145.03,103210
2024-12-05,000858.SZ,144.66,148,144.66,146.44,187546
2024-12-08,000858.SZ,146.45,147.41,145.15,145.76,145424
2024-12-09,000858.SZ,153,154.88,148.9,149.1,463263
2024-12-10,000858.SZ,148.02,151.5,148.02,149.4,199993
2024-12-11,000858.SZ,149.44,152,148.47,151.82,253653
2024-12-12,000858.SZ,150.35,150.68,148,148.04,284227
2024-12-15,000858.SZ,148.03,148.04,144.02,144.59,264773
2024-12-16,000858.SZ,144.58,146.75,143.6,144.89,159493
2024-12-17,000858.SZ,145,146.28,144.56,145.2,120676
2024-12-18,000858.SZ,144.1,144.41,143.31,143.55,151982
2024-12-19,000858.SZ,143.7,144.47,142.72,143.21,172836
2024-12-22,000858.SZ,142.32,143.94,142.25,142.45,142601
2024-12-23,000858.SZ,142.35,143.5,141.71,143.48,143330
2024-12-24,000858.SZ,143.48,143.88,142.58,143.08,96140
2024-12-25,000858.SZ,143.12,143.23,141.85,142.49,104768
2024-12-26,000858.SZ,142.6,142.95,141.57,142.52,134451
2024-12-29,000858.SZ,142.02,143.17,141,141.21,163672
2024-12-30,000858.SZ,141.22,143.6,140.01,140.04,245219
2025-01-01,000858.SZ,140,140,136.3,136.99,255647
2025-01-02,000858.SZ,137.08,137.96,134.75,135.4,168230
2025-01-05,000858.SZ,131.9,133.96,130.38,130.83,279430
2025-01-06,000858.SZ,131.2,131.66,129.6,130.85,190187
2025-01-07,000858.SZ,130.86,131.74,128.02,129.7,192876
2025-01-08,000858.SZ,129.91,132.35,128.15,130.58,159183
2025-01-09,000858.SZ,130.5,130.83,128.6,128.6,135378
2025-01-12,000858.SZ,127.32,129.5,126.96,129.2,121491
2025-01-13,000858.SZ,129.3,133.3,128.9,133.02,228625
2025-01-14,000858.SZ,133.3,133.68,132.22,132.77,128123
2025-01-15,000858.SZ,133.4,134.3,131.06,131.48,163096
2025-01-16,000858.SZ,132,133.88,131.55,132.3,152450
2025-01-19,000858.SZ,132.88,135.49,132.73,134.3,194174
2025-01-20,000858.SZ,134.85,135,132.8,133.39,132797
2025-01-21,000858.SZ,132.95,133,130.13,130.35,174182
2025-01-22,000858.SZ,129,130.99,128.47,128.65,184489
2025-01-23,000858.SZ,127.8,128.58,126.49,127.72,189436
2025-01-26,000858.SZ,128,128.55,127.1,127.2,126535
2025-02-04,000858.SZ,127.55,127.88,124.51,125.01,186916
2025-02-05,000858.SZ,124.8,126.39,124.69,125.9,138191
2025-02-06,000858.SZ,126,128.88,125.12,127.63,232473
2025-02-09,000858.SZ,127.68,128.2,126.9,127.53,136546
2025-02-10,000858.SZ,127.6,128.07,125.72,126.26,176002
2025-02-11,000858.SZ,126.26,127.71,125.6,127.7,177353
2025-02-12,000858.SZ,127.72,132,127.25,131.51,467626
2025-02-13,000858.SZ,130.55,132.2,130.1,131.23,218107
2025-02-16,000858.SZ,131.89,133.53,131.09,131.55,205078
2025-02-17,000858.SZ,131.48,132.39,129.36,130.2,185961
2025-02-18,000858.SZ,130.2,131.5,129.34,131.11,153642
2025-02-19,000858.SZ,130.39,132.79,130.3,130.5,132530
2025-02-20,000858.SZ,130.6,132.66,129.93,131.12,210017
2025-02-23,000858.SZ,130.9,133.49,130.36,131.9,244392
2025-02-24,000858.SZ,130.88,130.92,128.58,128.75,221901
2025-02-25,000858.SZ,128.71,129.8,128.1,129.8,179243
2025-02-26,000858.SZ,129.99,133.09,129.8,132.75,370795
2025-02-27,000858.SZ,132.6,135.7,131.5,131.58,337202
2025-03-02,000858.SZ,131.58,135.6,130.35,130.84,210355
2025-03-03,000858.SZ,130.06,130.36,128.71,129.75,149348
2025-03-04,000858.SZ,129.75,130,127.62,128.61,199366
2025-03-05,000858.SZ,129.33,131.8,128.65,131.68,235857
2025-03-06,000858.SZ,131.2,134.8,130.91,134.8,340073
2025-03-09,000858.SZ,134.5,134.5,131.66,132.69,206353
2025-03-10,000858.SZ,131.51,135.21,131.46,135.2,321036
2025-03-11,000858.SZ,135.3,136.21,132.62,132.97,288018
2025-03-12,000858.SZ,132.97,134.32,132.25,132.39,167923
2025-03-13,000858.SZ,133,141.98,133,140.8,765516
2025-03-16,000858.SZ,142.4,142.96,139.38,139.84,387730
2025-03-17,000858.SZ,140.22,140.55,138.72,139.55,186735
2025-03-18,000858.SZ,139.55,140.79,138.36,138.92,168157
2025-03-19,000858.SZ,138.88,139,135.86,135.99,228722
2025-03-20,000858.SZ,135.7,137.5,134.19,134.6,197130
2025-03-23,000858.SZ,134.06,134.93,133.03,134.31,180489
2025-03-24,000858.SZ,134.6,134.7,132.6,133.56,175671
2025-03-25,000858.SZ,133.54,133.88,132.89,133.35,108826
2025-03-26,000858.SZ,133.08,134.77,132.5,133.9,140866
2025-03-27,000858.SZ,134.08,134.25,132.4,133.23,120996
2025-03-30,000858.SZ,133.21,133.38,131.35,131.35,144855
2025-03-31,000858.SZ,131.43,132.25,131.14,131.79,121705
2025-04-01,000858.SZ,131.87,132.55,131.06,131.15,101025
2025-04-02,000858.SZ,129.55,133.48,129.39,132,165623
2025-04-06,000858.SZ,128.5,130.45,123.8,126.78,463093
2025-04-07,000858.SZ,126.78,131.24,126.78,130.76,331857
2025-04-08,000858.SZ,129.5,132.84,129.35,132.25,296999
2025-04-09,000858.SZ,132.3,133.49,130.5,133.15,233106
2025-04-10,000858.SZ,132.2,133.47,130.58,131.6,174293
2025-04-13,000858.SZ,131.5,132.67,131.01,131.04,125781
2025-04-14,000858.SZ,131,131.45,130.08,131.35,114825
2025-04-15,000858.SZ,130.8,132.55,129.68,132.3,166680
2025-04-16,000858.SZ,131.33,132.99,131,132.53,152923
2025-04-17,000858.SZ,132.01,132.57,131.21,131.75,89478
2025-04-20,000858.SZ,131.59,132,130.14,130.34,144364
2025-04-21,000858.SZ,130.2,130.74,129.5,130.1,115855
2025-04-22,000858.SZ,130.48,130.7,129.55,129.97,95944
2025-04-23,000858.SZ,129.8,130.2,129.01,129.06,131524
2025-04-24,000858.SZ,129.2,130.22,128.96,129.05,107183
2025-04-27,000858.SZ,130.11,131.66,129.9,130.85,185045
2025-04-28,000858.SZ,130.15,130.6,129.29,129.55,124796
2025-04-29,000858.SZ,129.61,130.3,128.67,128.7,146627
2025-05-05,000858.SZ,129,129.55,128.07,129.49,146349
2025-05-06,000858.SZ,130.9,131.81,129.8,129.99,152470
2025-05-07,000858.SZ,129.71,133,129.28,131.8,208023
2025-05-08,000858.SZ,131.8,132.1,131.01,131.58,110548
2025-05-11,000858.SZ,132,133.25,131.5,132.97,164560
2025-05-12,000858.SZ,133.66,133.66,132.43,132.99,120395
2025-05-13,000858.SZ,132.71,137.18,132.17,135.26,291490
2025-05-14,000858.SZ,135.01,135.59,133.61,133.67,144944
2025-05-15,000858.SZ,133.38,133.59,131.05,131.08,173543
2025-05-18,000858.SZ,129.2,130.1,128.88,129.3,237008
2025-05-19,000858.SZ,129,129.63,128.87,129.13,159369
2025-05-20,000858.SZ,129.13,129.88,129,129.26,141693
2025-05-21,000858.SZ,129.27,129.47,128.84,129.09,96055
2025-05-22,000858.SZ,129.05,129.66,128.15,128.15,150380
2025-05-25,000858.SZ,127.97,128.15,125.89,126.41,273615
2025-05-26,000858.SZ,126.28,126.95,125.89,126.16,151268
2025-05-27,000858.SZ,126.3,127.13,125.5,126.92,181385
2025-05-28,000858.SZ,126.6,127.5,125.9,127.32,160347
2025-05-29,000858.SZ,127,127.55,126,126.44,146828
2025-06-02,000858.SZ,125.18,125.55,124.57,124.68,237483
2025-06-03,000858.SZ,124.68,125.22,124.1,124.55,193503
2025-06-04,000858.SZ,124.55,125.5,124.19,125.03,202312
2025-06-05,000858.SZ,124.97,125.85,124.7,125.09,118885
2025-06-08,000858.SZ,125.09,125.2,124.61,124.96,198429
2025-06-09,000858.SZ,124.8,125.1,124.28,124.39,171053
2025-06-10,000858.SZ,124.4,125.2,124.2,124.7,145473
2025-06-11,000858.SZ,124.5,124.55,122.38,122.5,380660
2025-06-12,000858.SZ,121.89,121.9,119.02,119.12,366962
2025-06-15,000858.SZ,117.83,118.44,117,118.27,271489
2025-06-16,000858.SZ,118.21,118.84,117.43,117.71,196502
2025-06-17,000858.SZ,118.69,119.44,117.87,118.33,200491
2025-06-18,000858.SZ,117.55,118.45,117.1,117.28,163572
2025-06-19,000858.SZ,117.5,120,117.38,119.56,296814
2025-06-22,000858.SZ,118.9,119.09,117.79,118.28,173387
2025-06-23,000858.SZ,118.57,119.99,118.4,119.75,178958
2025-06-24,000858.SZ,120,120.22,118.88,120.18,178647
2025-06-25,000858.SZ,120.11,120.64,119.63,119.73,166373
2025-06-26,000858.SZ,119.71,119.93,119.04,119.18,160216
2025-06-29,000858.SZ,119.18,119.58,118.28,118.9,223680
2025-06-30,000858.SZ,118.99,118.99,118.28,118.63,122183
2025-07-01,000858.SZ,118.63,119.9,118.51,119.18,154477
2025-07-02,000858.SZ,119.18,119.83,118.9,119.62,122430
2025-07-03,000858.SZ,119.29,120.75,119.19,120.39,170679
2025-07-06,000858.SZ,120.21,120.52,119.81,119.91,85811
2025-07-07,000858.SZ,119.85,120.87,119.83,120.78,116631
2025-07-08,000858.SZ,120.83,122.85,120.49,121.6,203496
2025-07-09,000858.SZ,121.03,122.88,120.9,122.58,162716
2025-07-10,000858.SZ,122.57,124.98,122.22,124.3,287189
2025-07-13,000858.SZ,124.36,125.54,123.4,125.41,219140
2025-07-14,000858.SZ,124.82,125.52,124.32,125,193328
2025-07-15,000858.SZ,124.6,125.88,124.6,125.28,178699
2025-07-16,000858.SZ,125.28,126.11,124.87,125.82,172999
2025-07-17,000858.SZ,122.88,124.65,121.86,123.78,210209
2025-07-20,000858.SZ,123.78,123.79,122.25,122.56,187784
2025-07-21,000858.SZ,122.56,125.89,122.56,125.53,303772
2025-07-22,000858.SZ,125.7,126.88,125.13,125.2,229067
2025-07-23,000858.SZ,125.15,125.76,124.5,125.55,156012
2025-07-24,000858.SZ,125.55,125.6,123.47,123.54,184007
2025-07-27,000858.SZ,123.52,124.17,122,124.06,178511
2025-07-28,000858.SZ,123.5,123.99,122.2,123.52,185151
2025-07-29,000858.SZ,123.56,125.15,123.28,124.52,224124
2025-07-30,000858.SZ,124.02,124.1,120.85,121.15,304687
2025-07-31,000858.SZ,121.14,121.62,120.39,121,123226
2025-08-03,000858.SZ,120.63,121.23,120.45,120.92,85933
2025-08-04,000858.SZ,120.95,122.22,120.95,121.95,139446
2025-08-05,000858.SZ,121.97,122.5,121.49,122.16,119684
2025-08-06,000858.SZ,122.13,123.14,121.95,122.55,115703
2025-08-07,000858.SZ,122.55,122.88,121.96,122.22,82426
2025-08-10,000858.SZ,122.15,124.35,122.11,123.94,182660
2025-08-11,000858.SZ,123.9,125.33,123.01,123.19,211374
2025-08-12,000858.SZ,123.01,123.47,122.52,123.19,155823
2025-08-13,000858.SZ,123.18,124.85,122.77,122.84,199063
2025-08-14,000858.SZ,122.54,123.3,121.9,123.1,193943
2025-08-17,000858.SZ,123.1,124.66,122.81,123.75,255301
2025-08-18,000858.SZ,123.77,125.75,123.77,124.41,327242
2025-08-19,000858.SZ,124.42,126.5,123.35,125.78,404310
2025-08-20,000858.SZ,125.8,126.13,124.86,125.45,231895
2025-08-21,000858.SZ,125.45,125.82,124.95,125.79,204850
2025-08-24,000858.SZ,126.18,130.09,126.18,129.93,479800
2025-08-25,000858.SZ,129.93,131.85,128.65,129.74,349794
2025-08-26,000858.SZ,129.5,129.5,126.6,126.62,346847
2025-08-27,000858.SZ,126.61,127.2,124,125.47,345835
2025-08-28,000858.SZ,126.18,129.8,126.12,129.53,435251
2025-08-31,000858.SZ,130,130.1,127.52,128.87,316942
2025-09-01,000858.SZ,128.41,131.12,128.11,128.56,349162
2025-09-02,000858.SZ,129,131.5,126.39,126.62,302863
2025-09-03,000858.SZ,126.3,126.5,124.73,125.51,261873
2025-09-04,000858.SZ,125.4,127.02,124.8,126.81,201734
2025-09-07,000858.SZ,126.7,129.15,126.26,129.09,305364
2025-09-08,000858.SZ,129.08,129.38,127.58,128.8,184406
2025-09-09,000858.SZ,128.8,129.48,127.66,128.06,199645
2025-09-10,000858.SZ,127.42,128.54,126.8,128.52,229973
2025-09-11,000858.SZ,128.5,129.67,127.12,127.19,262704
2025-09-14,000858.SZ,126.6,127.1,126.05,126.65,166569
2025-09-15,000858.SZ,126.65,126.85,125.4,125.8,191087
2025-09-16,000858.SZ,125.81,126.33,124.82,125.96,181336
2025-09-17,000858.SZ,125.95,125.96,123.53,123.94,275478
2025-09-18,000858.SZ,123.93,124.6,122.8,124.08,196688
2025-09-21,000858.SZ,123.6,123.7,122.18,122.5,196433
2025-09-22,000858.SZ,122.01,123.26,121.56,122.19,172079
2025-09-23,000858.SZ,122.19,122.85,121.8,122.37,130564
2025-09-24,000858.SZ,122.4,122.66,121.51,121.52,194555
2025-09-25,000858.SZ,121.52,121.67,120.02,120.17,261925
2025-09-28,000858.SZ,120.26,122.57,119.79,121.92,256358
2025-09-29,000858.SZ,121.44,121.83,120.87,121.48,154571
2025-10-08,000858.SZ,121.44,121.44,119.89,121.16,203757
2025-10-09,000858.SZ,121.14,122.12,120.65,120.73,175360
2025-10-12,000858.SZ,119.65,120.4,119.24,119.85,195835
2025-10-13,000858.SZ,120.57,122.57,120.02,122.07,291656
2025-10-14,000858.SZ,121.34,122.65,121.06,122.07,194596
2025-10-15,000858.SZ,121.75,122.75,121.5,122.74,198478
2025-10-16,000858.SZ,122,122.96,121.06,121.07,180408
2025-10-19,000858.SZ,121.35,121.55,120.1,120.46,131645
2025-10-20,000858.SZ,120.78,121.5,120.35,120.52,147294
2025-10-21,000858.SZ,120,120.77,119.9,120.1,127827
2025-10-22,000858.SZ,120,121.45,119.96,121.33,155718
2025-10-23,000858.SZ,120.97,121.28,120.1,120.29,174322
2025-10-26,000858.SZ,120.05,120.55,119.88,120.29,143943
2025-10-27,000858.SZ,120.29,120.69,120.01,120.1,140195
2025-10-28,000858.SZ,119.86,119.95,118.21,118.83,245083
2025-10-29,000858.SZ,118.01,119.55,118,118.47,204330
2025-10-30,000858.SZ,115.4,119.64,115.4,118.99,421077
2025-11-02,000858.SZ,118.5,119.6,117.5,118.98,223270
2025-11-03,000858.SZ,118.78,118.99,117.01,117.16,172734
2025-11-04,000858.SZ,116.35,117,116,116.18,164630
2025-11-05,000858.SZ,116.51,117.3,116.06,116.17,154673
2025-11-06,000858.SZ,116.17,116.99,115.95,116.75,145436
2025-11-09,000858.SZ,116.75,121.58,116.54,120.8,429065
2025-11-10,000858.SZ,120.25,120.97,119.2,120.78,229268
2025-11-11,000858.SZ,120.79,122.5,120.35,120.38,222544
2025-11-12,000858.SZ,120,121.27,119.63,121.2,160023
2025-11-13,000858.SZ,120.68,121.99,120.19,120.21,139244
2025-11-16,000858.SZ,120.02,120.53,119.01,120.15,117388
2025-11-17,000858.SZ,120,121.75,119.76,120.36,147669
2025-11-18,000858.SZ,120.32,120.49,119.7,119.89,95150
2025-11-19,000858.SZ,119.88,121.64,119.6,120.25,158258
2025-11-20,000858.SZ,120.11,121.41,119.41,119.68,205072
2025-11-23,000858.SZ,119.75,120.46,118.5,118.52,173011
2025-11-24,000858.SZ,118.52,118.91,117.83,118.51,146609
2025-11-25,000858.SZ,118.52,119.29,118,118.26,91698
2025-11-26,000858.SZ,118.3,118.49,117.7,117.94,92157
2025-11-27,000858.SZ,117.9,117.94,117.35,117.85,80296
2025-11-30,000858.SZ,117.8,118.62,117.1,117.65,120912
2025-12-01,000858.SZ,117.6,117.77,116.5,116.57,124928
2025-12-02,000858.SZ,116.72,117.05,115.5,115.6,165871
2025-12-03,000858.SZ,115.61,115.75,114.12,114.45,169292
2025-12-04,000858.SZ,114.47,115.37,114.21,114.96,117682
2025-12-07,000858.SZ,114.85,115.13,113.1,113.27,276979
2025-12-08,000858.SZ,113,113.08,110.5,110.88,304310
2025-12-09,000858.SZ,110.5,111.75,109.51,111.62,178696
2025-12-10,000858.SZ,112,112.73,111.78,111.9,157884
2025-12-11,000858.SZ,112.3,113.7,111.6,111.6,257022
2025-12-14,000858.SZ,112.3,113.26,112.05,112.45,215686
2025-12-15,000858.SZ,112,113.09,111.66,113,145068
2025-12-16,000858.SZ,113,113.75,112.1,113.4,153140
2025-12-17,000858.SZ,110.82,111.16,110.33,110.43,124629
2025-12-18,000858.SZ,110.65,110.88,110.04,110.53,138187
2025-12-21,000858.SZ,110.51,110.8,110.12,110.33,108465
2025-12-22,000858.SZ,110.13,110.43,109.33,109.72,113540
2025-12-23,000858.SZ,109.5,109.59,108.78,109.28,117905
2025-12-24,000858.SZ,109.28,110.7,109.2,110.6,125708
2025-12-25,000858.SZ,110.1,110.49,109.44,109.78,114759
2025-12-28,000858.SZ,109.44,109.6,108,108.06,195453
2025-12-29,000858.SZ,107.9,107.99,107.02,107.36,158470
2025-12-30,000858.SZ,107.19,107.25,105.61,105.94,208677
2026-01-04,000858.SZ,105.9,108.19,105.7,107.9,222669
2026-01-05,000858.SZ,107.92,108.43,106.92,108.17,186232
2026-01-06,000858.SZ,108.18,108.34,107.4,107.52,123092
2026-01-07,000858.SZ,107.38,107.38,106.66,106.9,129121
2026-01-08,000858.SZ,107.05,108.55,106.88,107.14,160750
2026-01-11,000858.SZ,107.15,108.85,107.13,108.55,233356
2026-01-12,000858.SZ,108.99,109.22,107.82,108,197374
2026-01-13,000858.SZ,107.88,108.84,106.68,107.04,225609
2026-01-14,000858.SZ,106.7,107.22,106.02,106.09,162929
2026-01-15,000858.SZ,106.25,106.41,105.05,105.16,198710
2026-01-18,000858.SZ,104.99,105.38,104.34,104.55,182299
2026-01-19,000858.SZ,104.5,105.47,104.3,104.91,172817
2026-01-20,000858.SZ,104.62,104.7,103,103.05,262283
2026-01-21,000858.SZ,103.07,103.72,102.61,102.76,186915
2026-01-22,000858.SZ,102.8,103.71,102.7,102.99,214559
2026-01-25,000858.SZ,102.96,103.5,101.06,102.34,312961
2026-01-26,000858.SZ,102.12,102.33,101.02,101.02,225287
2026-01-27,000858.SZ,101.03,101.85,100.63,100.7,266767
2026-01-28,000858.SZ,100.7,110.77,100.5,110.77,986604
2026-01-29,000858.SZ,110.77,110.78,105,105,668171
2026-02-01,000858.SZ,105.08,110.76,105.08,107.29,531977
2026-02-02,000858.SZ,107.08,108.78,106.6,107.28,331643
2026-02-03,000858.SZ,106.5,109.41,106.28,108.52,378917
2026-02-04,000858.SZ,107.9,110.55,107.66,108.89,372846
2026-02-05,000858.SZ,108.9,109.73,106.81,107,276522
2026-02-08,000858.SZ,106.8,107.69,106.47,107.36,208892
2026-02-09,000858.SZ,107.18,107.18,105.79,106.5,185040
2026-02-10,000858.SZ,106.31,106.65,105.85,106.04,114996
2026-02-11,000858.SZ,105.9,106.11,104.4,104.62,181730
2026-02-12,000858.SZ,104.7,106.88,104.17,106.06,241240
2026-02-23,000858.SZ,108.18,109.19,105,105.16,210144
2026-02-24,000858.SZ,105,106.11,104.87,105.17,161529
2026-02-25,000858.SZ,105,105.33,103.6,103.88,192325
2026-02-26,000858.SZ,103.88,104.55,103.88,104.05,119188
2026-03-01,000858.SZ,103,104.6,102.34,103.22,204064
2026-03-02,000858.SZ,103.01,104.38,101.9,102.55,230595
2026-03-03,000858.SZ,102,102.01,100.75,101.02,183018
2026-03-04,000858.SZ,101.62,101.97,101.15,101.45,100521
2026-03-05,000858.SZ,101.34,102.49,101.05,102.4,112916
2026-03-08,000858.SZ,101.32,102.6,101.27,101.52,177781
2026-03-09,000858.SZ,101.88,102.39,101.76,102.05,111694
2026-03-10,000858.SZ,102.05,102.35,101.59,102.18,107801
2026-03-11,000858.SZ,102,102.73,101.6,102.27,116614
2026-03-12,000858.SZ,102.06,103.66,101.85,102.95,153187
2026-03-15,000858.SZ,102.8,105.31,102.7,104.54,203049
2026-03-16,000858.SZ,104.54,105.82,104,104.79,177702
2026-03-17,000858.SZ,104.79,104.99,103.4,103.72,117209
2026-03-18,000858.SZ,103.01,103.41,102.51,102.53,114373
2026-03-19,000858.SZ,102.53,103.18,101.9,102.4,102865
2026-03-22,000858.SZ,101.4,101.78,100.04,100.23,205190
2026-03-23,000858.SZ,100.88,101.46,100.04,101.34,117508
2026-03-24,000858.SZ,101.35,102.58,100.88,102.45,108590
2026-03-25,000858.SZ,102.2,102.89,101.28,101.28,95924
2026-03-26,000858.SZ,100.5,102.88,100.41,102.65,102958
2026-03-29,000858.SZ,101.99,103.9,101.8,103.46,124907
2026-03-30,000858.SZ,105,105.8,103.27,103.27,178348
2026-03-31,000858.SZ,103.97,105.18,103.39,104.39,122667
2026-04-01,000858.SZ,104,105.26,103.88,105,151783
2026-04-02,000858.SZ,104.97,104.97,103.29,103.49,83089
2026-04-06,000858.SZ,103.4,103.9,102.35,103.11,81548
2026-04-07,000858.SZ,103.9,104.2,103.51,104.19,97740
2026-04-08,000858.SZ,103.38,103.69,102.5,102.6,98462
2026-04-09,000858.SZ,102.61,102.95,102,102.07,122424
2026-04-12,000858.SZ,101.64,102.45,101.08,102.42,122634
2026-04-13,000858.SZ,102.42,103.4,101.88,103.1,120696
2026-04-14,000858.SZ,102.9,103.99,102.68,103.55,115713
2026-04-15,000858.SZ,103.5,104,103.22,103.44,90166
2026-04-16,000858.SZ,101.5,102.25,101.2,101.86,167432
2026-04-19,000858.SZ,101.82,101.95,101.05,101.35,116961
2026-04-20,000858.SZ,101.3,101.82,101,101.18,108281
2026-04-21,000858.SZ,101,101.08,100.46,100.64,144383
2026-04-22,000858.SZ,100.64,102.3,100.56,101.18,174023
2026-04-23,000858.SZ,100.65,101.92,100.3,101.27,134533
2026-04-26,000858.SZ,100.5,100.53,100.05,100.2,191048
2026-04-27,000858.SZ,100.08,100.29,99.9,100.2,123415
2026-04-28,000858.SZ,97.88,98.58,97.04,98.34,338635
2026-04-29,000858.SZ,97.74,97.95,97,97.08,248209
2026-05-05,000858.SZ,90.78,94.5,90.1,92.26,871599
2026-05-06,000858.SZ,92.43,93.85,92.43,92.6,536278
2026-05-07,000858.SZ,92.6,92.8,91.66,92.13,259641
2026-05-10,000858.SZ,92.03,92.29,91.37,91.81,269325
2026-05-11,000858.SZ,91.8,91.93,90.5,90.56,372974
2026-05-12,000858.SZ,90.57,90.83,88.74,89.15,467201
2026-05-13,000858.SZ,88.81,91.28,87.78,88.99,503148
2026-05-14,000858.SZ,88,88.08,86.62,86.87,361179
2026-05-17,000858.SZ,86.65,86.65,85.2,85.57,393631
2026-05-18,000858.SZ,85.8,87.25,85.41,85.78,304941
2026-05-19,000858.SZ,85.21,86.06,84.54,85.47,304617
2026-05-20,000858.SZ,85.51,87.2,85.23,85.35,326630
2026-05-21,000858.SZ,85.58,85.6,84.03,84.03,260371
2026-05-24,000858.SZ,83.63,84.99,83.02,84.14,292025
2026-05-25,000858.SZ,83.74,84.59,82.88,83.36,277304
2026-05-26,000858.SZ,83,86.25,81.7,83.89,603801
2026-05-27,000858.SZ,82.56,82.83,81.3,81.49,362379
2026-05-28,000858.SZ,80.99,85.59,80.88,84.89,601101
2026-05-31,000858.SZ,83.95,83.95,82.83,83.41,279987
2026-06-01,000858.SZ,83.38,83.98,82.42,82.71,238179
2026-06-02,000858.SZ,82.6,82.97,81.62,82.35,211544
2026-06-03,000858.SZ,82.35,82.79,81.1,81.1,204211
2026-06-04,000858.SZ,81.5,82.42,81.03,81.08,219364
2026-06-07,000858.SZ,81.01,81.69,79.56,79.96,275252
2026-06-08,000858.SZ,79.9,80,78.88,79.11,218412
2026-06-09,000858.SZ,79.03,79.75,78.6,79.14,230726
2026-06-10,000858.SZ,78.78,79.98,77.65,79.79,378196
2026-06-11,000858.SZ,79.39,80.92,79.21,79.92,358344
2026-06-14,000858.SZ,79.96,80.28,79.1,79.63,240611
2026-06-15,000858.SZ,79.39,79.5,78.15,78.33,217566
2026-06-16,000858.SZ,78.3,78.7,77.25,77.49,222588
2026-06-17,000858.SZ,77.28,77.36,75.85,75.85,326843
2026-06-21,000858.SZ,75.5,77.44,74.79,76.55,356276
2026-06-22,000858.SZ,76.15,78.32,74.37,74.76,466103
2026-06-23,000858.SZ,74.54,75.45,73.28,73.3,300078
2026-06-24,000858.SZ,73.05,75.68,72.9,75,491432
2026-06-25,000858.SZ,74.9,75.72,73.13,73.17,323521
2026-06-28,000858.SZ,73.03,75.3,71.75,74,427122
2026-06-29,000858.SZ,73.5,74.92,72.44,74,362653
2026-06-30,000858.SZ,73.87,74.88,72.58,74.52,380761
2026-07-01,000858.SZ,74.94,75.44,73.34,73.5,350206
2026-07-02,000858.SZ,73.64,74.71,72.6,73.21,338250
2026-07-05,000858.SZ,72.91,74.57,72.64,73.76,345843
2026-07-06,000858.SZ,73.59,73.6,71.68,71.72,356731
2026-07-07,000858.SZ,71.7,72.27,71.22,71.48,232078
2026-07-08,000858.SZ,71,71.5,70.52,70.9,241921
2026-07-09,000858.SZ,71.11,74.31,70.69,73.69,559655
2026-07-12,000858.SZ,73.06,73.45,72.15,72.82,306023
2026-07-13,000858.SZ,72.51,73.49,72.38,73.4,283568
2026-07-14,000858.SZ,72.44,76.47,72.01,76.4,637349
2026-07-15,000858.SZ,73.33,74.59,72.6,73.9,488921
2026-07-16,000858.SZ,74.6,75.06,72.35,72.76,427399
2026-07-19,000858.SZ,72.8,76.3,72.8,76.24,647586
2026-07-20,000858.SZ,76,76.76,74.14,74.38,633783
2026-07-21,000858.SZ,73.62,74.8,73.13,74.75,407823
2026-07-22,000858.SZ,74,74.95,73.32,74.84,370321
2026-07-23,000858.SZ,74.6,75.3,73.47,73.57,311399
2026-07-26,000858.SZ,73.66,74.46,73.51,73.9,203331
2026-07-27,000858.SZ,73.9,75.16,73.42,74.8,314815
2026-07-28,000858.SZ,74.92,75.86,74.69,75.17,407417
2026-07-29,000858.SZ,75.1,78.84,75.01,78.56,729039
2026-07-30,000858.SZ,76.99,78.68,76.59,78,497860
2026-08-02,000858.SZ,78,78.66,77.5,78.06,279082
2026-08-03,000858.SZ,78.06,78.1,76.67,76.88,352887
2026-08-04,000858.SZ,76.89,76.96,75.2,75.5,433273
2026-08-05,000858.SZ,75.51,75.78,74.28,74.48,406081
2026-08-06,000858.SZ,75,75.2,74.01,75.11,360575
2026-08-09,000858.SZ,75.32,76.7,75.27,76.19,450511
2026-08-10,000858.SZ,76.16,76.16,74.99,75,336615
2026-08-11,000858.SZ,74.76,75.9,74.5,75.28,312877
2026-08-12,000858.SZ,75,76.13,74.89,75.12,325120
2026-08-13,000858.SZ,75.01,75.03,73.7,73.75,360233
2026-08-16,000858.SZ,72.39,72.8,71.87,72.55,332149
2026-08-17,000858.SZ,72.41,72.78,72.14,72.56,192681
2026-08-18,000858.SZ,72.56,72.78,71.81,71.89,237201
2026-08-19,000858.SZ,71.91,72.47,71.91,72.09,160334
2026-08-20,000858.SZ,71.96,72,71.11,71.19,197098
2026-08-23,000858.SZ,71.2,71.74,70.88,71.48,212574
2026-08-24,000858.SZ,71.5,71.8,71.19,71.52,180303
2026-08-25,000858.SZ,70.98,72.05,70.93,71.9,196907
2026-08-26,000858.SZ,71.81,71.82,70.96,71.12,320800
2026-08-27,000858.SZ,71.12,71.69,70.93,71.51,230365
2026-08-30,000858.SZ,71.42,71.59,70.9,71.27,252421
2026-08-31,000858.SZ,71.18,72.44,71.04,71.83,301307
2026-09-01,000858.SZ,71.61,71.76,70.81,70.82,262205
2026-09-02,000858.SZ,70.82,71.11,70.55,70.68,180061
2026-09-03,000858.SZ,70.68,72.45,70.6,71.98,451072
2026-09-06,000858.SZ,71.81,72.09,70.93,71.46,262191
2026-09-07,000858.SZ,71.43,72.06,71.24,71.65,197159
2026-09-08,000858.SZ,71.64,71.64,70.95,71.16,178677
2026-09-09,000858.SZ,71.08,71.19,70.4,70.48,223065
2026-09-10,000858.SZ,70.3,70.42,69.6,69.75,231311
2026-09-13,000858.SZ,69.76,70,69.6,69.85,117340
2026-09-14,000858.SZ,69.95,69.98,69.6,69.7,96701
2026-09-15,000858.SZ,69.6,69.69,68.89,69.26,154126
2026-09-16,000858.SZ,69.01,69.27,68.87,69.13,117866
2026-09-17,000858.SZ,69.11,70.09,68.98,70,178555
2026-09-20,000858.SZ,69.96,70.36,69.8,70.27,169495
2026-09-21,000858.SZ,70.18,70.85,70,70.54,139773
2026-09-22,000858.SZ,70.31,71.07,70.25,70.34,173574
2026-09-23,000858.SZ,70.1,70.26,69.58,69.67,131786
2026-09-27,000858.SZ,69.5,69.66,68.72,68.91,153622
2026-09-28,000858.SZ,68.87,69.13,68.74,68.77,109310
2026-09-29,000858.SZ,68.84,70.47,68.68,70.06,194885
2022-08-16,601225.SH,20.96,21.21,20.67,20.92,241890
2022-08-17,601225.SH,20.85,21.1,20.44,20.55,307280
2022-08-18,601225.SH,20.82,21.33,20.51,21.08,380148
2022-08-21,601225.SH,21.32,21.94,21.32,21.63,614364
2022-08-22,601225.SH,21.55,22.46,21.4,22.25,576948
2022-08-23,601225.SH,22.38,22.91,21.95,22.18,720318
2022-08-24,601225.SH,22.27,24.01,22.09,23.6,1045886
2022-08-25,601225.SH,23.41,23.41,22.37,22.64,700524
2022-08-28,601225.SH,22.6,23.23,21.99,23.09,549244
2022-08-29,601225.SH,22.9,23.07,21.82,21.94,677547
2022-08-30,601225.SH,21.84,22.5,21.81,22,619030
2022-08-31,601225.SH,22.2,24.2,21.83,23.51,940303
2022-09-01,601225.SH,23.4,23.54,22.68,23.11,521921
2022-09-04,601225.SH,23.47,24.79,23.12,24.53,809120
2022-09-05,601225.SH,24.68,25.37,24.33,25.02,706063
2022-09-06,601225.SH,24.7,25.24,24.61,24.97,441762
2022-09-07,601225.SH,24.64,24.95,24,24.75,458196
2022-09-08,601225.SH,24.72,25.12,24.34,25.03,352262
2022-09-12,601225.SH,25.03,25.1,24.14,24.48,338958
2022-09-13,601225.SH,24.2,24.76,24.03,24.34,327457
2022-09-14,601225.SH,24.62,25.18,23.84,24.28,481949
2022-09-15,601225.SH,24,24.4,22.43,22.62,1308160
2022-09-18,601225.SH,22.84,23.2,22.63,22.93,505912
2022-09-19,601225.SH,23.12,23.56,22.5,22.95,375673
2022-09-20,601225.SH,22.88,23.4,22.8,22.95,385246
2022-09-21,601225.SH,22.8,23.89,22.72,23.77,460264
2022-09-22,601225.SH,23.47,23.68,23,23.11,441099
2022-09-25,601225.SH,22.72,23.32,22.48,22.6,326112
2022-09-26,601225.SH,22.55,22.7,21.5,22.65,508173
2022-09-27,601225.SH,23.02,23.2,22.3,22.47,396645
2022-09-28,601225.SH,22.86,23.34,22.53,22.88,375420
2022-09-29,601225.SH,22.9,23.1,22.67,22.77,307677
2022-10-09,601225.SH,22.91,23.8,22.91,23.12,459195
2022-10-10,601225.SH,23.13,23.16,22.25,22.53,369887
2022-10-11,601225.SH,22.31,22.64,22.14,22.59,406792
2022-10-12,601225.SH,22.27,22.38,21.26,21.62,666077
2022-10-13,601225.SH,21.76,22.27,21.3,21.87,513513
2022-10-16,601225.SH,21.48,21.85,20.5,21.57,753501
2022-10-17,601225.SH,21.55,22.02,21.15,21.5,437427
2022-10-18,601225.SH,21.3,22.09,21.16,21.68,536109
2022-10-19,601225.SH,21.48,21.82,21.06,21.4,559251
2022-10-20,601225.SH,21.22,22.12,21.2,21.62,393340
2022-10-23,601225.SH,21.63,21.82,20.98,21.06,492074
2022-10-24,601225.SH,21.21,21.44,20.56,20.72,456398
2022-10-25,601225.SH,20.73,21.1,20.13,20.51,578937
2022-10-26,601225.SH,20.6,21.3,20.55,21.12,491493
2022-10-27,601225.SH,21.14,22.33,20.77,21.41,631804
2022-10-30,601225.SH,21.16,21.43,19.7,19.86,1059325
2022-10-31,601225.SH,19.83,20.15,18.6,19.35,1515948
2022-11-01,601225.SH,19.32,20.29,19.06,20,787986
2022-11-02,601225.SH,19.8,20.27,19.62,19.84,467950
2022-11-03,601225.SH,19.8,21.39,19.8,20.86,674182
2022-11-06,601225.SH,20.79,21.55,20.75,21.46,550598
2022-11-07,601225.SH,21.87,22.46,21.25,21.42,558974
2022-11-08,601225.SH,21.42,21.45,20.55,20.7,516605
2022-11-09,601225.SH,20.55,20.6,19.88,20.5,495919
2022-11-10,601225.SH,20.8,21.01,20.21,20.89,641972
2022-11-13,601225.SH,20.89,21.35,19.67,20,912671
2022-11-14,601225.SH,19.81,20.08,19.6,20.08,507945
2022-11-15,601225.SH,20.15,20.57,20.08,20.39,490577
2022-11-16,601225.SH,20.2,20.2,19,19.23,1019328
2022-11-17,601225.SH,19.16,19.52,18.87,19.28,536116
2022-11-20,601225.SH,18.99,19.1,18.72,19.02,598104
2022-11-21,601225.SH,18.99,19.67,18.97,19.39,516035
2022-11-22,601225.SH,19.44,19.87,19.34,19.53,434468
2022-11-23,601225.SH,19.54,20.19,19.26,19.85,560332
2022-11-24,601225.SH,19.78,20.66,19.77,20.58,752604
2022-11-27,601225.SH,20.08,20.5,19.69,19.97,726309
2022-11-28,601225.SH,20.14,20.2,19.63,20.04,644694
2022-11-29,601225.SH,19.86,20.67,19.85,20.17,831633
2022-11-30,601225.SH,20.34,20.43,19.54,19.61,1033726
2022-12-01,601225.SH,19.5,19.56,19.13,19.17,758787
2022-12-04,601225.SH,19.37,19.8,19.25,19.74,772526
2022-12-05,601225.SH,19.64,20.05,19.34,19.94,564442
2022-12-06,601225.SH,19.89,19.9,19.2,19.39,679352
2022-12-07,601225.SH,19.36,19.73,19.2,19.52,461133
2022-12-08,601225.SH,19.52,19.68,19.18,19.68,895121
2022-12-11,601225.SH,19.49,19.63,18.75,18.89,1149141
2022-12-12,601225.SH,18.86,19.17,18.76,19,555112
2022-12-13,601225.SH,19.03,19.29,18.91,19.22,596207
2022-12-14,601225.SH,19.13,19.23,18.82,18.9,442327
2022-12-15,601225.SH,18.81,19.25,18.81,19.12,422506
2022-12-18,601225.SH,19.01,19.2,18.58,18.67,391913
2022-12-19,601225.SH,18.6,18.82,18.4,18.56,326947
2022-12-20,601225.SH,18.56,18.61,18.37,18.47,228108
2022-12-21,601225.SH,18.62,18.7,18.11,18.11,367892
2022-12-22,601225.SH,18.11,18.38,17.8,18.32,304294
2022-12-25,601225.SH,18.32,18.79,18.28,18.7,355681
2022-12-26,601225.SH,18.86,19.18,18.76,18.85,343740
2022-12-27,601225.SH,18.72,18.95,18.57,18.67,284725
2022-12-28,601225.SH,18.57,18.64,18.27,18.38,306608
2022-12-29,601225.SH,18.4,18.68,18.32,18.58,265017
2023-01-02,601225.SH,18.43,18.72,18.42,18.68,304475
2023-01-03,601225.SH,18.72,18.72,17.94,18.26,444495
2023-01-04,601225.SH,18.31,18.5,18.19,18.36,413507
2023-01-05,601225.SH,18.38,19.01,18.31,18.96,468762
2023-01-08,601225.SH,19.08,19.23,18.77,19.15,495663
2023-01-09,601225.SH,19.14,19.35,18.84,19,245445
2023-01-10,601225.SH,19.03,19.8,18.95,19.63,859304
2023-01-11,601225.SH,19.56,19.74,19.31,19.66,356822
2023-01-12,601225.SH,19.65,19.9,19.5,19.73,307048
2023-01-15,601225.SH,19.72,19.73,19.28,19.62,459420
2023-01-16,601225.SH,19.77,19.94,19.39,19.81,457872
2023-01-17,601225.SH,19.7,20.08,19.67,19.84,348094
2023-01-18,601225.SH,20.03,20.19,19.6,19.89,361951
2023-01-19,601225.SH,19.96,20.19,19.89,20.02,345025
2023-01-29,601225.SH,20.1,20.14,19.3,19.55,486846
2023-01-30,601225.SH,19.62,19.85,19.47,19.55,280041
2023-01-31,601225.SH,19.55,19.59,19.25,19.44,291052
2023-02-01,601225.SH,19.44,19.73,19.31,19.62,319458
2023-02-02,601225.SH,19.55,19.55,19.15,19.26,285166
2023-02-05,601225.SH,19.09,19.2,18.9,19.09,296207
2023-02-06,601225.SH,19.2,19.49,19.06,19.1,262719
2023-02-07,601225.SH,19.15,19.21,18.98,18.99,198464
2023-02-08,601225.SH,19,19.23,18.91,19.14,218340
2023-02-09,601225.SH,19.15,19.16,18.8,18.81,263943
2023-02-12,601225.SH,18.72,18.76,18.2,18.66,576156
2023-02-13,601225.SH,18.75,18.82,18.44,18.77,258594
2023-02-14,601225.SH,18.75,18.83,18.46,18.54,217739
2023-02-15,601225.SH,18.6,18.81,18.3,18.38,320699
2023-02-16,601225.SH,18.38,18.82,18.38,18.5,343675
2023-02-19,601225.SH,18.71,19.2,18.55,19.16,685057
2023-02-20,601225.SH,19.3,19.77,19.04,19.5,573046
2023-02-21,601225.SH,19.45,19.83,19.31,19.59,469635
2023-02-22,601225.SH,20.04,20.31,19.7,19.76,1078371
2023-02-23,601225.SH,19.71,20,19.53,19.72,365247
2023-02-26,601225.SH,19.78,20.49,19.77,20.1,591751
2023-02-27,601225.SH,20.08,20.1,19.81,20,309956
2023-02-28,601225.SH,20.02,20.28,19.88,20.02,327286
2023-03-01,601225.SH,19.92,20.18,19.8,20,216625
2023-03-02,601225.SH,20,20.05,19.74,19.96,297791
2023-03-05,601225.SH,19.93,20.02,19.3,19.38,572401
2023-03-06,601225.SH,19.58,20.2,19.5,19.69,612316
2023-03-07,601225.SH,19.64,19.76,19.43,19.58,231048
2023-03-08,601225.SH,19.6,20.2,19.6,19.77,418553
2023-03-09,601225.SH,19.75,19.85,19.3,19.34,299022
2023-03-12,601225.SH,19.39,19.74,19.36,19.68,253613
2023-03-13,601225.SH,19.62,20,19.38,19.39,264130
2023-03-14,601225.SH,19.5,19.54,19.23,19.44,297850
2023-03-15,601225.SH,19.21,19.23,18.75,18.79,443032
2023-03-16,601225.SH,18.95,19.39,18.75,18.96,374359
2023-03-19,601225.SH,19.06,19.42,18.76,18.81,347199
2023-03-20,601225.SH,18.88,18.92,18.57,18.66,248549
2023-03-21,601225.SH,18.7,19.31,18.7,19.21,397359
2023-03-22,601225.SH,19.13,19.52,19.09,19.29,259196
2023-03-23,601225.SH,19.36,19.37,18.92,19.21,257018
2023-03-26,601225.SH,19.27,19.8,18.93,19.57,421427
2023-03-27,601225.SH,19.57,19.66,19.28,19.36,215077
2023-03-28,601225.SH,19.56,19.61,19.1,19.15,210464
2023-03-29,601225.SH,19.26,20.4,19.09,20.38,662599
2023-03-30,601225.SH,20.37,20.59,20.2,20.34,376248
2023-04-02,601225.SH,20.5,20.76,20,20.2,429606
2023-04-03,601225.SH,20.13,20.5,20.07,20.33,303290
2023-04-05,601225.SH,20.28,20.42,19.89,20.01,257536
2023-04-06,601225.SH,20.12,20.12,19.77,19.83,201279
2023-04-09,601225.SH,19.73,19.75,19.22,19.47,296189
2023-04-10,601225.SH,19.48,19.48,19.19,19.34,223629
2023-04-11,601225.SH,19.4,19.49,19.25,19.42,269242
2023-04-12,601225.SH,19.44,19.81,19.31,19.5,359204
2023-04-13,601225.SH,19.49,19.59,19.13,19.3,378731
2023-04-16,601225.SH,19.3,20.1,19.22,20.05,503696
2023-04-17,601225.SH,19.97,20.65,19.96,20.38,578745
2023-04-18,601225.SH,20.32,20.5,20.2,20.31,269113
2023-04-19,601225.SH,20.25,20.25,19.69,20.08,456119
2023-04-20,601225.SH,20.08,20.14,19.67,19.7,335100
2023-04-23,601225.SH,19.78,19.87,19.4,19.44,351737
2023-04-24,601225.SH,19.53,19.68,19.16,19.35,298056
2023-04-25,601225.SH,19.3,19.5,19.11,19.32,357728
2023-04-26,601225.SH,19.41,19.56,18.8,19.25,697744
2023-04-27,601225.SH,19.24,19.71,19.13,19.57,505842
2023-05-03,601225.SH,19.4,19.69,18.87,19.59,450711
2023-05-04,601225.SH,19.55,19.97,19.49,19.82,374458
2023-05-07,601225.SH,19.73,21.07,19.73,20.88,898892
2023-05-08,601225.SH,20.97,21.18,20.79,20.89,536366
2023-05-09,601225.SH,20.85,20.95,20.34,20.44,281149
2023-05-10,601225.SH,20.44,20.68,20.23,20.41,278548
2023-05-11,601225.SH,20.46,20.57,19.96,20.14,352831
2023-05-14,601225.SH,20,20.56,19.86,20.49,367556
2023-05-15,601225.SH,20.5,20.84,20.39,20.52,307458
2023-05-16,601225.SH,20.52,20.6,20.12,20.16,256009
2023-05-17,601225.SH,20.16,20.74,20.12,20.49,327104
2023-05-18,601225.SH,20.3,20.58,20.14,20.3,218950
2023-05-21,601225.SH,20.43,20.45,20.07,20.07,342057
2023-05-22,601225.SH,20.09,20.26,19.84,19.84,286502
2023-05-23,601225.SH,19.79,19.82,19.29,19.29,345167
2023-05-24,601225.SH,19.19,19.21,18.59,18.76,658452
2023-05-25,601225.SH,18.63,18.63,17.76,17.93,858283
2023-05-28,601225.SH,17.75,17.85,17.4,17.58,675573
2023-05-29,601225.SH,17.51,17.68,17.24,17.36,510112
2023-05-30,601225.SH,17.21,17.25,16.6,16.76,846258
2023-05-31,601225.SH,16.8,16.92,16.67,16.74,368554
2023-06-01,601225.SH,16.76,17.03,16.75,16.99,416813
2023-06-04,601225.SH,16.96,17.57,16.96,17.38,583603
2023-06-05,601225.SH,17.41,17.98,17.39,17.73,536569
2023-06-06,601225.SH,17.73,17.83,17.31,17.59,318902
2023-06-07,601225.SH,17.63,17.84,17.6,17.81,205553
2023-06-08,601225.SH,17.79,17.94,17.62,17.75,178221
2023-06-11,601225.SH,17.74,18.04,17.6,17.95,292879
2023-06-12,601225.SH,17.89,17.91,17.51,17.8,276769
2023-06-13,601225.SH,17.85,17.94,17.68,17.82,330186
2023-06-14,601225.SH,17.84,17.93,17.61,17.91,370359
2023-06-15,601225.SH,17.91,18.15,17.84,17.97,286827
2023-06-18,601225.SH,17.97,18.12,17.85,17.89,194447
2023-06-19,601225.SH,17.97,18.04,17.72,17.8,223765
2023-06-20,601225.SH,17.68,17.89,17.67,17.67,158547
2023-06-25,601225.SH,17.6,17.64,17.33,17.41,336764
2023-06-26,601225.SH,17.5,17.81,17.14,17.7,347665
2023-06-27,601225.SH,17.72,18.13,17.67,18.1,362939
2023-06-28,601225.SH,18.1,18.23,17.83,17.9,364362
2023-06-29,601225.SH,17.99,18.26,17.95,18.19,246195
2023-07-02,601225.SH,18.18,18.63,18.15,18.56,401903
2023-07-03,601225.SH,18.51,18.84,18.45,18.78,361170
2023-07-04,601225.SH,18.85,19.15,18.7,19.02,383925
2023-07-05,601225.SH,19.2,19.24,18.86,19.11,285207
2023-07-06,601225.SH,19.1,19.24,19,19.13,274439
2023-07-09,601225.SH,19.23,19.48,19.1,19.19,497447
2023-07-10,601225.SH,19.21,19.24,18.85,19.04,562238
2023-07-11,601225.SH,16.9,16.94,16.6,16.81,436039
2023-07-12,601225.SH,16.66,16.86,16.52,16.72,410820
2023-07-13,601225.SH,16.73,16.8,16.65,16.68,337034
2023-07-16,601225.SH,16.59,16.64,16.23,16.39,270902
2023-07-17,601225.SH,16.47,16.48,16.19,16.21,223985
2023-07-18,601225.SH,16.2,16.48,16.17,16.28,187773
2023-07-19,601225.SH,16.45,16.58,16.31,16.37,164925
2023-07-20,601225.SH,16.35,16.42,16.19,16.19,164128
2023-07-23,601225.SH,16.16,16.23,16.05,16.1,138890
2023-07-24,601225.SH,16.3,16.74,16.27,16.55,346662
2023-07-25,601225.SH,16.56,16.68,16.45,16.56,151765
2023-07-26,601225.SH,16.59,16.64,16.34,16.4,197762
2023-07-27,601225.SH,16.31,16.58,16.24,16.53,249609
2023-07-30,601225.SH,16.58,16.76,16.2,16.24,474612
2023-07-31,601225.SH,16.23,16.33,16.2,16.27,253726
2023-08-01,601225.SH,16.24,16.28,15.96,16.05,337246
2023-08-02,601225.SH,15.97,16.24,15.93,16.17,209004
2023-08-03,601225.SH,16.19,16.33,16,16.08,217772
2023-08-06,601225.SH,16.08,16.14,15.98,16.06,182085
2023-08-07,601225.SH,16.01,16.21,15.99,16.15,210177
2023-08-08,601225.SH,16.15,16.18,16.02,16.08,113489
2023-08-09,601225.SH,16.12,16.71,16.11,16.67,481606
2023-08-10,601225.SH,16.6,16.91,16.22,16.23,302065
2023-08-13,601225.SH,16.14,16.24,16.01,16.16,247111
2023-08-14,601225.SH,16.18,16.24,16.03,16.17,137601
2023-08-15,601225.SH,16.06,16.18,16.06,16.14,164912
2023-08-16,601225.SH,16.08,16.13,15.83,16.05,253846
2023-08-17,601225.SH,16.03,16.34,16,16.12,262409
2023-08-20,601225.SH,16.08,16.19,15.86,15.89,187540
2023-08-21,601225.SH,15.89,16.24,15.85,16.2,211395
2023-08-22,601225.SH,16.19,16.66,16.15,16.48,566687
2023-08-23,601225.SH,16.5,16.59,16.37,16.41,241412
2023-08-24,601225.SH,16.33,16.5,16.3,16.4,194752
2023-08-27,601225.SH,17.08,17.26,16.84,16.98,678150
2023-08-28,601225.SH,16.97,17.02,16.7,16.72,445656
2023-08-29,601225.SH,16.87,17.05,16.7,16.72,335885
2023-08-30,601225.SH,16.65,16.84,16.56,16.64,394439
2023-08-31,601225.SH,16.63,17.79,16.63,17.68,1005866
2023-09-03,601225.SH,17.7,18.28,17.7,18.14,930804
2023-09-04,601225.SH,18.1,18.41,17.99,18.27,462286
2023-09-05,601225.SH,18.16,18.37,17.98,18.2,395448
2023-09-06,601225.SH,18.19,18.69,18.15,18.34,508323
2023-09-07,601225.SH,18.28,18.51,18.1,18.15,234266
2023-09-10,601225.SH,18.11,18.45,17.9,18.01,425808
2023-09-11,601225.SH,18.01,18.23,17.84,17.9,218409
2023-09-12,601225.SH,18.09,18.44,17.95,18.11,328239
2023-09-13,601225.SH,18.14,18.8,18.11,18.69,833286
2023-09-14,601225.SH,18.69,18.87,18.25,18.25,681065
2023-09-17,601225.SH,18.36,18.57,18.24,18.53,513480
2023-09-18,601225.SH,18.62,19,18.5,18.8,495398
2023-09-19,601225.SH,18.81,19.09,18.71,18.94,383999
2023-09-20,601225.SH,18.8,19.04,18.69,18.83,271016
2023-09-21,601225.SH,18.85,18.95,18.5,18.72,339702
2023-09-24,601225.SH,18.8,18.98,18.7,18.76,236169
2023-09-25,601225.SH,18.73,18.8,18.49,18.6,287143
2023-09-26,601225.SH,18.68,18.68,18.36,18.39,243934
2023-09-27,601225.SH,18.59,18.65,18.39,18.46,230776
2023-10-08,601225.SH,18.45,18.99,18.35,18.76,314228
2023-10-09,601225.SH,18.76,18.83,18.51,18.54,230673
2023-10-10,601225.SH,18.5,18.58,18.18,18.27,238843
2023-10-11,601225.SH,18.27,18.5,18.27,18.31,193653
2023-10-12,601225.SH,18.25,18.52,18.16,18.49,154577
2023-10-15,601225.SH,18.59,18.78,18.42,18.69,262823
2023-10-16,601225.SH,18.56,18.82,18.27,18.7,275138
2023-10-17,601225.SH,18.67,18.92,18.6,18.71,276764
2023-10-18,601225.SH,18.71,18.71,18.37,18.43,233297
2023-10-19,601225.SH,18.51,18.51,18.2,18.2,206303
2023-10-22,601225.SH,18.18,18.44,17.96,18.08,215126
2023-10-23,601225.SH,18.06,18.4,17.95,18.14,231257
2023-10-24,601225.SH,18.29,18.4,18.1,18.13,181116
2023-10-25,601225.SH,18.1,18.35,17.84,18.18,190348
2023-10-26,601225.SH,18.07,18.22,17.8,17.9,265317
2023-10-29,601225.SH,17.87,18.05,17.58,17.61,336819
2023-10-30,601225.SH,17.61,18.13,17.52,18.02,322214
2023-10-31,601225.SH,18.06,18.15,17.77,17.95,205454
2023-11-01,601225.SH,17.9,18.28,17.88,18,194478
2023-11-02,601225.SH,18.11,18.38,17.84,17.98,208268
2023-11-05,601225.SH,17.98,18,17.38,17.47,487555
2023-11-06,601225.SH,17.43,17.73,17.4,17.68,299337
2023-11-07,601225.SH,17.56,17.81,17.56,17.72,191043
2023-11-08,601225.SH,17.73,18.39,17.71,18.18,295846
2023-11-09,601225.SH,18.13,18.54,18.06,18.5,329818
2023-11-12,601225.SH,18.46,18.62,18.3,18.44,308482
2023-11-13,601225.SH,18.41,18.47,18.17,18.24,157940
2023-11-14,601225.SH,18.37,18.4,18.16,18.37,171549
2023-11-15,601225.SH,18.31,18.55,18.21,18.4,201957
2023-11-16,601225.SH,18.42,18.49,18.12,18.48,270232
2023-11-19,601225.SH,18.47,18.47,18.21,18.45,218853
2023-11-20,601225.SH,18.38,18.7,18.35,18.5,227058
2023-11-21,601225.SH,18.47,18.8,18.3,18.7,233309
2023-11-22,601225.SH,18.6,19.2,18.57,19.05,347331
2023-11-23,601225.SH,19.04,19.46,19,19.25,308897
2023-11-26,601225.SH,19.36,19.46,19.13,19.25,437447
2023-11-27,601225.SH,19.24,19.37,19.08,19.26,281618
2023-11-28,601225.SH,19.25,19.67,19.14,19.58,491860
2023-11-29,601225.SH,19.62,19.72,19.46,19.48,348947
2023-11-30,601225.SH,19.51,19.64,19.39,19.55,311099
2023-12-03,601225.SH,19.5,19.94,19.47,19.76,363233
2023-12-04,601225.SH,19.86,19.96,19.5,19.63,327531
2023-12-05,601225.SH,19.6,19.6,19.37,19.54,339405
2023-12-06,601225.SH,19.47,19.55,19.21,19.23,260448
2023-12-07,601225.SH,19,19.37,18.87,19.24,369421
2023-12-10,601225.SH,19.26,19.76,19.01,19.69,352902
2023-12-11,601225.SH,19.69,19.84,19.51,19.83,186666
2023-12-12,601225.SH,19.78,19.85,19.5,19.59,168096
2023-12-13,601225.SH,19.6,19.67,19.36,19.51,135426
2023-12-14,601225.SH,19.5,19.57,19.3,19.4,167825
2023-12-17,601225.SH,19.27,19.67,19.12,19.58,202436
2023-12-18,601225.SH,19.65,19.69,19.36,19.66,184224
2023-12-19,601225.SH,19.62,20.18,19.62,19.9,370910
2023-12-20,601225.SH,19.9,20.1,19.74,20.08,340802
2023-12-21,601225.SH,20.13,20.81,20.08,20.5,447918
2023-12-24,601225.SH,20.48,20.9,20.3,20.68,258406
2023-12-25,601225.SH,20.74,21.36,20.5,20.59,466181
2023-12-26,601225.SH,20.6,20.85,20.35,20.75,305679
2023-12-27,601225.SH,20.75,20.84,20.2,20.55,450052
2023-12-28,601225.SH,20.42,20.92,20.42,20.89,301604
2024-01-01,601225.SH,20.7,21.45,20.68,21.35,483737
2024-01-02,601225.SH,21.24,21.54,21.09,21.5,355313
2024-01-03,601225.SH,21.54,22.05,21.4,22.03,505184
2024-01-04,601225.SH,21.98,22.36,21.89,22.12,572692
2024-01-07,601225.SH,22.04,22.36,21.85,22.25,568001
2024-01-08,601225.SH,22.05,22.52,21.86,22.41,423002
2024-01-09,601225.SH,22.49,22.99,22.3,22.4,349775
2024-01-10,601225.SH,22.36,22.46,21.95,22.15,354125
2024-01-11,601225.SH,22.21,22.55,22.1,22.5,256102
2024-01-14,601225.SH,22.41,23,22.36,22.96,466835
2024-01-15,601225.SH,22.84,23.09,22.66,22.94,327744
2024-01-16,601225.SH,22.95,23.26,22.8,22.82,444491
2024-01-17,601225.SH,22.81,23.33,22.22,23.18,677009
2024-01-18,601225.SH,23.08,23.18,22.58,22.72,406234
2024-01-21,601225.SH,22.72,22.8,22.32,22.56,399606
2024-01-22,601225.SH,22.43,22.98,22.33,22.85,336295
2024-01-23,601225.SH,22.85,23.55,22.85,23.33,376382
2024-01-24,601225.SH,23.51,24.04,23.4,23.7,430293
2024-01-25,601225.SH,23.41,24,23.38,24,352895
2024-01-28,601225.SH,24,24.01,23.58,23.78,262505
2024-01-29,601225.SH,23.73,24.19,23.36,23.86,281786
2024-01-30,601225.SH,23.77,24.28,23.52,24.18,430310
2024-01-31,601225.SH,24.1,24.42,23.6,23.93,407218
2024-02-01,601225.SH,23.93,24.2,23.45,24.05,398425
2024-02-04,601225.SH,24.05,24.5,23.92,24.5,402696
2024-02-05,601225.SH,24.46,24.71,24.01,24.23,444372
2024-02-06,601225.SH,24.15,24.15,23.32,24.02,746284
2024-02-07,601225.SH,23.8,24.23,23.48,24.19,433863
2024-02-18,601225.SH,24.09,25.4,23.76,25.37,549043
2024-02-19,601225.SH,25.34,26.16,25.25,25.62,393565
2024-02-20,601225.SH,25.58,25.99,25.21,25.42,357353
2024-02-21,601225.SH,25.26,26.91,25.25,26.91,398353
2024-02-22,601225.SH,26.96,27.02,26.49,26.65,344206
2024-02-25,601225.SH,26.33,27,25.94,26.26,368180
2024-02-26,601225.SH,26,26.3,25.65,26,321330
2024-02-27,601225.SH,26.08,26.39,25.01,26.17,476631
2024-02-28,601225.SH,25.9,26.26,25.44,25.8,414496
2024-02-29,601225.SH,25.61,26.13,25.48,25.83,383729
2024-03-03,601225.SH,25.68,26.85,25.55,26.79,392777
2024-03-04,601225.SH,26.79,27.31,26.57,26.97,395846
2024-03-05,601225.SH,27.32,27.88,26.7,27.08,420031
2024-03-06,601225.SH,27.03,27.79,26.91,27.73,292843
2024-03-07,601225.SH,27.73,27.8,27.09,27.53,311320
2024-03-10,601225.SH,27.34,27.42,26.27,26.45,471313
2024-03-11,601225.SH,26.26,26.45,25.38,25.49,625257
2024-03-12,601225.SH,25.25,25.49,24.62,25.24,492448
2024-03-13,601225.SH,24.95,25.35,24.48,25.16,429345
2024-03-14,601225.SH,24.9,24.91,24.01,24.71,882726
2024-03-17,601225.SH,24.53,24.64,23.95,24.34,599978
2024-03-18,601225.SH,24.34,25.32,24.11,24.8,587071
2024-03-19,601225.SH,24.63,25.35,24.56,25.02,447525
2024-03-20,601225.SH,24.98,25.18,24.43,25.1,355554
2024-03-21,601225.SH,25.3,25.68,25.2,25.38,474680
2024-03-24,601225.SH,25.39,26.42,25.18,25.99,454492
2024-03-25,601225.SH,26.14,26.2,24.9,25.26,453421
2024-03-26,601225.SH,25.2,25.61,25,25.14,373894
2024-03-27,601225.SH,25.08,25.18,24.58,25,416692
2024-03-28,601225.SH,24.76,25.64,24.51,25.09,315538
2024-03-31,601225.SH,24.7,24.85,24.15,24.73,644034
2024-04-01,601225.SH,24.7,25.32,24.59,25.25,420947
2024-04-02,601225.SH,25.26,25.84,25.05,25.73,360750
2024-04-07,601225.SH,25.5,26.05,25.1,25.47,378322
2024-04-08,601225.SH,25.7,25.87,25.01,25.36,246392
2024-04-09,601225.SH,25.3,26.05,25.25,25.69,268705
2024-04-10,601225.SH,25.61,26.21,25.33,25.99,319505
2024-04-11,601225.SH,25.9,26.58,25.77,25.94,294208
2024-04-14,601225.SH,25.75,26.99,25.75,26.78,358422
2024-04-15,601225.SH,26.78,27.47,26.57,27.04,345747
2024-04-16,601225.SH,26.9,27.18,26.5,27.07,247769
2024-04-17,601225.SH,27.06,27.55,26.59,26.97,320278
2024-04-18,601225.SH,26.91,27.47,26.81,27.23,230380
2024-04-21,601225.SH,27.1,27.64,25.84,25.87,570833
2024-04-22,601225.SH,25.59,26.03,25.09,25.45,382436
2024-04-23,601225.SH,25.78,25.79,24.98,25.22,363188
2024-04-24,601225.SH,25.22,25.5,24.88,25.22,287213
2024-04-25,601225.SH,24.8,25.34,24.37,25.06,661122
2024-04-28,601225.SH,24.82,24.88,23.74,24.23,786773
2024-04-29,601225.SH,24.22,24.65,24.18,24.53,337670
2024-05-05,601225.SH,24.88,24.88,23.6,23.89,677647
2024-05-06,601225.SH,23.91,24.05,23.65,23.99,423499
2024-05-07,601225.SH,23.96,25.34,23.88,25.16,658324
2024-05-08,601225.SH,25.04,25.28,24.66,24.91,311738
2024-05-09,601225.SH,24.92,25.35,24.8,24.96,317071
2024-05-12,601225.SH,24.75,24.91,24.25,24.45,368511
2024-05-13,601225.SH,24.39,24.49,23.7,24.22,432822
2024-05-14,601225.SH,24.14,24.68,23.89,24.6,324604
2024-05-15,601225.SH,24.6,24.78,24.18,24.24,368150
2024-05-16,601225.SH,24.24,24.44,23.98,24.4,218297
2024-05-19,601225.SH,24.4,25.43,24.39,25.34,403356
2024-05-20,601225.SH,25.38,25.85,25.13,25.84,353876
2024-05-21,601225.SH,25.85,26.4,25.53,25.9,440127
2024-05-22,601225.SH,26.1,26.18,25.58,25.61,245285
2024-05-23,601225.SH,25.7,25.96,25.35,25.37,226733
2024-05-26,601225.SH,25.49,26.71,25.42,26.04,410953
2024-05-27,601225.SH,26.1,26.59,25.98,26.33,251200
2024-05-28,601225.SH,26.29,26.62,26.05,26.27,222375
2024-05-29,601225.SH,26.13,26.45,25.52,25.68,319409
2024-05-30,601225.SH,25.95,26.18,25.69,26.03,319160
2024-06-02,601225.SH,26,26.45,25.74,26.41,286173
2024-06-03,601225.SH,26.2,26.22,25.48,25.52,463232
2024-06-04,601225.SH,25.68,26.18,25.58,25.72,277961
2024-06-05,601225.SH,25.89,27.11,25.62,26.66,386483
2024-06-06,601225.SH,26.7,26.95,26.51,26.71,250613
2024-06-10,601225.SH,26.69,26.95,26.27,26.56,378181
2024-06-11,601225.SH,26.65,28.03,26.38,27.81,572718
2024-06-12,601225.SH,27.76,27.96,27.42,27.71,275465
2024-06-13,601225.SH,27.71,27.85,27.1,27.38,319118
2024-06-16,601225.SH,27.18,27.6,26.9,27.07,257790
2024-06-17,601225.SH,27.16,27.32,26.79,27.18,175550
2024-06-18,601225.SH,27.15,27.56,26.88,26.97,177196
2024-06-19,601225.SH,27,27.88,26.92,27.59,271234
2024-06-20,601225.SH,27.42,27.84,27.04,27.31,273326
2024-06-23,601225.SH,27.2,27.78,26.74,27.01,216709
2024-06-24,601225.SH,27.27,27.28,26.64,26.8,194985
2024-06-25,601225.SH,26.8,27.05,26.53,26.8,210562
2024-06-26,601225.SH,27,27,26.38,26.63,265306
2024-06-27,601225.SH,25.29,25.84,25.03,25.77,251692
2024-06-30,601225.SH,25.77,27.25,25.58,26.87,280661
2024-07-01,601225.SH,26.88,27.12,26.43,26.8,192463
2024-07-02,601225.SH,26.66,26.99,26.08,26.2,220303
2024-07-03,601225.SH,26.32,26.7,26.02,26.28,216375
2024-07-04,601225.SH,26.22,26.38,25.6,26.05,258309
2024-07-07,601225.SH,26,26.68,25.92,26.4,213091
2024-07-08,601225.SH,26.4,26.7,25.9,26.61,219526
2024-07-09,601225.SH,26.41,26.56,25.27,25.4,391886
2024-07-10,601225.SH,25.28,25.59,25,25.4,235640
2024-07-11,601225.SH,25.58,25.59,24.65,24.93,201143
2024-07-14,601225.SH,24.81,25.61,24.59,25.54,233866
2024-07-15,601225.SH,25.45,25.66,25.33,25.59,186049
2024-07-16,601225.SH,25.59,25.66,24.76,25.03,190284
2024-07-17,601225.SH,25.11,25.36,24.79,25.21,174135
2024-07-18,601225.SH,25.14,25.8,24.96,25.4,279219
2024-07-21,601225.SH,25.33,25.33,23.64,24.25,515575
2024-07-22,601225.SH,24.22,24.39,23.87,23.87,226923
2024-07-23,601225.SH,23.97,24.34,23.63,24.25,241588
2024-07-24,601225.SH,24.15,24.18,23.35,23.74,269992
2024-07-25,601225.SH,23.7,23.9,23.41,23.76,169045
2024-07-28,601225.SH,23.76,23.85,23.35,23.55,186842
2024-07-29,601225.SH,23.56,23.58,22.75,22.93,223990
2024-07-30,601225.SH,23,23.66,22.73,23.39,251727
2024-07-31,601225.SH,23.57,23.95,23.14,23.16,212079
2024-08-01,601225.SH,23.03,23.42,22.77,23.37,216554
2024-08-04,601225.SH,23.3,23.55,23,23.13,233257
2024-08-05,601225.SH,23.41,23.41,22.41,22.64,260375
2024-08-06,601225.SH,22.58,23.34,22.4,23.01,247168
2024-08-07,601225.SH,23.12,23.13,22.58,22.6,172846
2024-08-08,601225.SH,22.72,22.76,22.29,22.61,216388
2024-08-11,601225.SH,22.41,23.3,22.34,23.09,171677
2024-08-12,601225.SH,23.17,23.25,22.73,23.15,117315
2024-08-13,601225.SH,23.09,23.25,22.83,23.03,106185
2024-08-14,601225.SH,23.05,23.98,22.97,23.82,241878
2024-08-15,601225.SH,23.86,24.38,23.77,24.25,202970
2024-08-18,601225.SH,24.2,24.66,24,24.3,156068
2024-08-19,601225.SH,24.38,24.38,23.5,23.68,222842
2024-08-20,601225.SH,23.7,23.82,23.07,23.56,180898
2024-08-21,601225.SH,23.56,23.68,23.1,23.52,177543
2024-08-22,601225.SH,23.45,24.08,23.37,23.65,155756
2024-08-25,601225.SH,23.65,23.79,23.25,23.63,180396
2024-08-26,601225.SH,23.54,24.14,23.38,24.02,208772
2024-08-27,601225.SH,23.95,24.24,23.68,23.91,171891
2024-08-28,601225.SH,23.99,24.01,23.63,23.9,103890
2024-08-29,601225.SH,24.23,25.09,23.81,24.66,349967
2024-09-01,601225.SH,24.6,25.05,24.38,24.8,210509
2024-09-02,601225.SH,24.75,25.16,24.16,24.62,185578
2024-09-03,601225.SH,24.45,24.58,24.01,24.42,133201
2024-09-04,601225.SH,24.47,24.87,23.98,24.07,176450
2024-09-05,601225.SH,22.9,23.54,22.66,22.8,419575
2024-09-08,601225.SH,22.52,22.68,21.81,22.23,429938
2024-09-09,601225.SH,22.22,22.89,22.21,22.64,215312
2024-09-10,601225.SH,22.72,22.72,21.6,22.03,320946
2024-09-11,601225.SH,22.12,22.3,21.8,22.17,166926
2024-09-12,601225.SH,22.17,22.69,22.13,22.27,181088
2024-09-17,601225.SH,22.26,23.34,22.2,23.25,220146
2024-09-18,601225.SH,23.25,23.3,22.75,23.04,196685
2024-09-19,601225.SH,23,23.61,22.98,23.49,224188
2024-09-22,601225.SH,23.56,24.1,23.43,23.95,173539
2024-09-23,601225.SH,24.42,25.35,24.1,25.35,356452
2024-09-24,601225.SH,25.87,26.5,25.2,25.42,429768
2024-09-25,601225.SH,25.82,26.77,25.35,26.73,361553
2024-09-26,601225.SH,27.26,27.54,25.76,26.7,193659
2024-09-29,601225.SH,27.25,28.11,25.99,27.58,1214888
2024-10-07,601225.SH,29.33,29.87,25.77,26.16,1330727
2024-10-08,601225.SH,26.04,26.58,24.61,24.68,855804
2024-10-09,601225.SH,25.06,26.25,24.68,25.58,801284
2024-10-10,601225.SH,25.77,26.26,25.1,25.4,458553
2024-10-13,601225.SH,25.5,26.36,24.87,25.85,478360
2024-10-14,601225.SH,25.79,25.83,25.01,25.01,312171
2024-10-15,601225.SH,24.88,25.4,24.76,25.03,277849
2024-10-16,601225.SH,25.24,25.84,24.96,24.97,254255
2024-10-17,601225.SH,24.97,25.44,24.78,25.16,399205
2024-10-20,601225.SH,25.15,25.35,24.8,25,476947
2024-10-21,601225.SH,24.97,25.53,24.81,25.33,293438
2024-10-22,601225.SH,25.07,25.17,24.64,25.08,374895
2024-10-23,601225.SH,24.91,25.18,24.83,25.11,315719
2024-10-24,601225.SH,25.25,25.26,24.86,25,302533
2024-10-27,601225.SH,25,25.25,24.81,25.25,372614
2024-10-28,601225.SH,25.24,25.35,24.73,25,311473
2024-10-29,601225.SH,24.9,25.27,24.33,24.72,404833
2024-10-30,601225.SH,24.5,25.06,24.23,24.68,280472
2024-10-31,601225.SH,24.8,25.39,24.53,25.17,384631
2024-11-03,601225.SH,25.2,25.23,24.85,25.23,223606
2024-11-04,601225.SH,25.15,25.3,24.76,25.08,424542
2024-11-05,601225.SH,25.08,25.08,23.87,24.05,765521
2024-11-06,601225.SH,23.88,24.4,23.82,24.4,465585
2024-11-07,601225.SH,24.4,24.73,24.08,24.2,371116
2024-11-10,601225.SH,23.8,24.05,23.3,23.5,661650
2024-11-11,601225.SH,23.35,23.65,23.13,23.16,456234
2024-11-12,601225.SH,23.12,24.04,23.08,23.63,500748
2024-11-13,601225.SH,23.51,23.85,23.28,23.44,308018
2024-11-14,601225.SH,23.44,23.78,23.22,23.53,362126
2024-11-17,601225.SH,23.63,24.2,23.6,23.86,498988
2024-11-18,601225.SH,23.88,23.97,23.43,23.71,392501
2024-11-19,601225.SH,23.7,23.99,23.52,23.9,285945
2024-11-20,601225.SH,23.8,24.29,23.8,24.05,304427
2024-11-21,601225.SH,24.06,24.22,23.35,23.41,384777
2024-11-24,601225.SH,23.69,23.72,23.16,23.18,262445
2024-11-25,601225.SH,23.11,23.66,23,23.38,223470
2024-11-26,601225.SH,23.39,23.7,23.15,23.62,222872
2024-11-27,601225.SH,23.62,23.86,23.32,23.36,224052
2024-11-28,601225.SH,23.47,23.62,23.17,23.35,228668
2024-12-01,601225.SH,23.39,23.59,23.06,23.52,298848
2024-12-02,601225.SH,23.53,24.17,23.45,24.07,477697
2024-12-03,601225.SH,24,25.1,23.97,24.92,618471
2024-12-04,601225.SH,24.92,25.04,24.73,24.95,312542
2024-12-05,601225.SH,25.04,25.17,24.78,24.79,305187
2024-12-08,601225.SH,24.98,24.98,23.94,24.58,444790
2024-12-09,601225.SH,25.09,25.09,24.52,24.61,383553
2024-12-10,601225.SH,24.67,25.35,24.55,25.25,382019
2024-12-11,601225.SH,25.43,25.43,25,25.18,261750
2024-12-12,601225.SH,24.94,25.17,24.6,24.61,386227
2024-12-15,601225.SH,24.85,25.08,24.63,24.93,295779
2024-12-16,601225.SH,25.09,25.65,25.03,25.3,348591
2024-12-17,601225.SH,25.45,25.52,25.12,25.18,324054
2024-12-18,601225.SH,24.98,25.29,24.43,24.54,286852
2024-12-19,601225.SH,24.43,24.43,23.51,23.64,557535
2024-12-22,601225.SH,23.59,23.94,23.48,23.59,317283
2024-12-23,601225.SH,23.57,23.65,23.15,23.27,475389
2024-12-24,601225.SH,23.31,23.67,23.23,23.45,385307
2024-12-25,601225.SH,23.45,23.49,22.95,22.97,396678
2024-12-26,601225.SH,23.01,23.1,22.38,22.79,549453
2024-12-29,601225.SH,22.88,23.45,22.83,23.34,483413
2024-12-30,601225.SH,23.25,23.63,23.25,23.26,379943
2025-01-01,601225.SH,23.38,23.78,23.11,23.12,361110
2025-01-02,601225.SH,23.26,23.73,23.13,23.53,407307
2025-01-05,601225.SH,23.52,23.52,22.82,23.16,326326
2025-01-06,601225.SH,23.18,23.18,22.52,22.63,255722
2025-01-07,601225.SH,22.68,22.76,22.36,22.54,248148
2025-01-08,601225.SH,22.54,22.54,21.8,22.1,282038
2025-01-09,601225.SH,22.24,22.41,21.81,22.15,277029
2025-01-12,601225.SH,22.15,22.48,22,22.11,226947
2025-01-13,601225.SH,22.24,22.28,21.86,22.17,298999
2025-01-14,601225.SH,22.08,22.43,21.78,21.9,429792
2025-01-15,601225.SH,22.01,22.42,21.94,22.33,387165
2025-01-16,601225.SH,22.4,22.63,21.9,21.94,334343
2025-01-19,601225.SH,21.95,22.2,21.6,21.84,318287
2025-01-20,601225.SH,21.89,21.9,21.33,21.51,344939
2025-01-21,601225.SH,21.51,21.6,21.02,21.07,357223
2025-01-22,601225.SH,21.2,21.43,21.06,21.35,266733
2025-01-23,601225.SH,21.28,21.95,21.22,21.58,357708
2025-01-26,601225.SH,21.69,21.95,21.58,21.75,215875
2025-02-04,601225.SH,21.8,21.9,20.8,20.87,439520
2025-02-05,601225.SH,20.87,20.99,20.65,20.86,366617
2025-02-06,601225.SH,20.78,21.36,20.65,21.27,332349
2025-02-09,601225.SH,21.22,21.39,20.92,21.2,265366
2025-02-10,601225.SH,21.21,21.41,20.94,21.2,335421
2025-02-11,601225.SH,21.2,21.31,21,21.13,271015
2025-02-12,601225.SH,21.17,21.34,21.03,21.11,291618
2025-02-13,601225.SH,21.15,21.34,21.03,21.19,291250
2025-02-16,601225.SH,21.19,21.23,20.42,20.58,552103
2025-02-17,601225.SH,20.48,20.54,20.11,20.16,421616
2025-02-18,601225.SH,20.16,20.16,19.74,19.83,469143
2025-02-19,601225.SH,19.81,19.86,19.45,19.53,443145
2025-02-20,601225.SH,19.51,19.69,19.38,19.53,455002
2025-02-23,601225.SH,19.39,19.67,19.25,19.55,498505
2025-02-24,601225.SH,19.55,19.91,19.31,19.6,519047
2025-02-25,601225.SH,19.6,19.84,19.42,19.47,350949
2025-02-26,601225.SH,19.43,19.5,19.15,19.33,334086
2025-02-27,601225.SH,19.36,19.44,18.95,18.95,477420
2025-03-02,601225.SH,19.02,19.28,18.98,19.04,368974
2025-03-03,601225.SH,19.03,19.07,18.7,18.75,321669
2025-03-04,601225.SH,18.76,18.84,18.59,18.72,249562
2025-03-05,601225.SH,18.75,18.89,18.6,18.86,262195
2025-03-06,601225.SH,18.95,19.15,18.82,18.91,347284
2025-03-09,601225.SH,18.88,19.4,18.88,19.34,433229
2025-03-10,601225.SH,19.18,19.56,19.11,19.25,419854
2025-03-11,601225.SH,19.2,19.34,19.01,19.02,290118
2025-03-12,601225.SH,19.06,20.46,19.03,20.16,1208383
2025-03-13,601225.SH,20.17,20.32,20.03,20.2,623174
2025-03-16,601225.SH,20.21,20.53,20.09,20.11,517762
2025-03-17,601225.SH,20.15,20.22,19.89,20.03,384362
2025-03-18,601225.SH,19.93,20.06,19.69,19.78,434806
2025-03-19,601225.SH,19.84,20.12,19.69,19.73,468440
2025-03-20,601225.SH,19.61,20.08,19.61,19.9,536995
2025-03-23,601225.SH,19.81,20.35,19.81,19.97,392919
2025-03-24,601225.SH,20,20.35,19.88,20.25,418944
2025-03-25,601225.SH,20.24,20.43,20.07,20.31,336056
2025-03-26,601225.SH,20.22,20.4,20.06,20.14,267096
2025-03-27,601225.SH,20.1,20.2,19.78,19.87,243726
2025-03-30,601225.SH,19.82,20.08,19.68,19.81,265718
2025-03-31,601225.SH,19.76,20.09,19.7,20.07,266561
2025-04-01,601225.SH,20.07,20.38,20,20.21,294143
2025-04-02,601225.SH,19.88,20.2,19.8,20.06,315021
2025-04-06,601225.SH,19.21,19.58,18.6,19.03,822946
2025-04-07,601225.SH,19.39,19.66,19.07,19.66,567980
2025-04-08,601225.SH,19.47,19.65,18.99,19.65,593827
2025-04-09,601225.SH,19.64,19.64,19.26,19.4,372815
2025-04-10,601225.SH,19.48,19.48,19.01,19.05,333251
2025-04-13,601225.SH,19.1,19.98,19.03,19.9,488364
2025-04-14,601225.SH,19.9,20.45,19.73,20.3,445886
2025-04-15,601225.SH,20.3,20.5,19.96,20.5,400108
2025-04-16,601225.SH,20.42,20.6,20.2,20.55,323054
2025-04-17,601225.SH,20.48,20.48,20.24,20.29,193121
2025-04-20,601225.SH,20.29,20.37,19.98,20.15,308490
2025-04-21,601225.SH,20.15,20.47,20.11,20.28,219490
2025-04-22,601225.SH,20.36,20.38,20.15,20.23,171568
2025-04-23,601225.SH,20.28,20.7,20.21,20.5,274982
2025-04-24,601225.SH,20.45,20.45,19.99,20,299678
2025-04-27,601225.SH,20,20.04,19.55,19.77,385714
2025-04-28,601225.SH,19.75,19.98,19.58,19.58,259025
2025-04-29,601225.SH,19.56,19.65,19.15,19.17,456269
2025-05-05,601225.SH,19.25,19.28,19.07,19.21,345403
2025-05-06,601225.SH,19.44,19.49,19.23,19.3,454628
2025-05-07,601225.SH,19.23,19.52,19.18,19.46,307198
2025-05-08,601225.SH,19.41,19.65,19.24,19.57,376892
2025-05-11,601225.SH,19.57,19.62,19.3,19.48,394315
2025-05-12,601225.SH,19.53,19.73,19.42,19.51,414126
2025-05-13,601225.SH,19.51,20,19.51,19.76,568386
2025-05-14,601225.SH,19.76,20.38,19.75,19.95,564398
2025-05-15,601225.SH,19.94,20.12,19.83,20.08,366578
2025-05-18,601225.SH,20.12,20.27,20,20.2,317336
2025-05-19,601225.SH,20.21,20.34,19.95,19.98,334936
2025-05-20,601225.SH,20,21.16,20,20.91,760732
2025-05-21,601225.SH,20.9,21.15,20.74,20.81,324434
2025-05-22,601225.SH,20.77,21.25,20.71,20.82,312964
2025-05-25,601225.SH,20.7,20.92,20.6,20.75,240144
2025-05-26,601225.SH,20.85,21.08,20.46,20.46,233379
2025-05-27,601225.SH,20.5,21.06,20.37,20.79,304390
2025-05-28,601225.SH,20.81,21.13,20.75,20.84,248115
2025-05-29,601225.SH,20.84,21.1,20.73,20.87,226285
2025-06-02,601225.SH,20.68,20.74,20.19,20.46,393429
2025-06-03,601225.SH,20.51,20.58,20.03,20.17,418507
2025-06-04,601225.SH,20.16,20.35,20.04,20.07,270804
2025-06-05,601225.SH,20.15,20.27,20.01,20.03,314388
2025-06-08,601225.SH,20,20.25,19.87,20.1,280188
2025-06-09,601225.SH,20.1,20.25,19.92,19.93,268494
2025-06-10,601225.SH,19.95,20.18,19.93,20.13,255881
2025-06-11,601225.SH,20.07,20.12,19.69,19.72,387950
2025-06-12,601225.SH,19.78,19.93,19.71,19.79,365113
2025-06-15,601225.SH,19.86,19.96,19.63,19.78,306940
2025-06-16,601225.SH,19.78,20.16,19.68,20.15,366052
2025-06-17,601225.SH,20.19,20.33,19.96,19.98,287297
2025-06-18,601225.SH,19.94,20.01,19.73,19.78,331014
2025-06-19,601225.SH,19.82,20.21,19.76,19.95,436857
2025-06-22,601225.SH,20.01,20.84,19.96,20.83,748686
2025-06-23,601225.SH,20.6,20.87,20.23,20.71,665736
2025-06-24,601225.SH,19.6,19.6,19.07,19.3,527653
2025-06-25,601225.SH,19.3,19.59,19.03,19.07,498523
2025-06-26,601225.SH,19.15,19.43,19.1,19.3,403185
2025-06-29,601225.SH,19.28,19.34,19.15,19.24,300890
2025-06-30,601225.SH,19.2,19.32,19.05,19.25,279873
2025-07-01,601225.SH,19.26,19.65,19.21,19.64,434705
2025-07-02,601225.SH,19.61,19.85,19.37,19.38,375151
2025-07-03,601225.SH,19.42,19.6,19.31,19.37,332106
2025-07-06,601225.SH,19.43,19.44,19.08,19.13,415798
2025-07-07,601225.SH,19.14,19.21,19.05,19.15,321908
2025-07-08,601225.SH,19.16,19.29,19.12,19.18,360348
2025-07-09,601225.SH,19.18,19.44,19.15,19.39,497593
2025-07-10,601225.SH,19.41,19.56,19.34,19.34,527007
2025-07-13,601225.SH,19.34,19.58,19.31,19.46,455027
2025-07-14,601225.SH,19.48,19.53,19.12,19.14,465717
2025-07-15,601225.SH,19.11,19.2,18.93,18.96,414686
2025-07-16,601225.SH,18.99,19.02,18.92,18.97,241499
2025-07-17,601225.SH,19.08,19.32,19.06,19.14,500160
2025-07-20,601225.SH,19.23,19.65,19.22,19.55,712244
2025-07-21,601225.SH,19.55,21.44,19.47,21.1,1422911
2025-07-22,601225.SH,21.5,21.66,20.88,21.03,1037297
2025-07-23,601225.SH,21.03,21.38,20.86,21.3,647734
2025-07-24,601225.SH,21.27,21.33,20.7,20.76,502185
2025-07-27,601225.SH,20.42,20.62,20.17,20.3,483407
2025-07-28,601225.SH,20.25,20.75,20.17,20.64,412019
2025-07-29,601225.SH,20.64,21.06,20.55,20.6,400086
2025-07-30,601225.SH,20.49,20.6,20,20.15,440668
2025-07-31,601225.SH,20.13,20.3,19.97,20.01,296617
2025-08-03,601225.SH,19.89,20.2,19.89,20.16,319335
2025-08-04,601225.SH,20.2,20.34,20.1,20.29,293152
2025-08-05,601225.SH,20.3,21.5,20.28,21.43,1022023
2025-08-06,601225.SH,21.25,22.02,21.22,21.95,965763
2025-08-07,601225.SH,21.94,22.26,21.72,21.99,405798
2025-08-10,601225.SH,22.13,22.16,21.47,21.56,423495
2025-08-11,601225.SH,21.76,22.38,21.66,21.86,492059
2025-08-12,601225.SH,21.85,21.97,21.55,21.61,399771
2025-08-13,601225.SH,21.62,21.99,21.5,21.61,300151
2025-08-14,601225.SH,21.6,21.76,21.44,21.57,336367
2025-08-17,601225.SH,21.8,21.87,21.07,21.17,609089
2025-08-18,601225.SH,21.15,21.58,21.13,21.41,424334
2025-08-19,601225.SH,21.35,21.9,21.23,21.72,376478
2025-08-20,601225.SH,21.72,22.16,21.55,21.96,472293
2025-08-21,601225.SH,21.85,22.23,21.77,21.99,416078
2025-08-24,601225.SH,22.03,22.19,21.76,22.09,426221
2025-08-25,601225.SH,22.1,22.24,21.82,21.87,461287
2025-08-26,601225.SH,21.79,21.84,21.39,21.39,406707
2025-08-27,601225.SH,20.5,20.54,20.02,20.33,1006655
2025-08-28,601225.SH,20.3,20.68,20.28,20.38,504246
2025-08-31,601225.SH,20.25,20.7,20.1,20.33,493332
2025-09-01,601225.SH,20.33,20.4,20.04,20.14,342118
2025-09-02,601225.SH,20.17,20.24,19.82,19.92,350765
2025-09-03,601225.SH,19.84,20.28,19.8,20.16,518534
2025-09-04,601225.SH,20.15,20.41,19.93,20.3,509736
2025-09-07,601225.SH,20.31,20.48,20.11,20.25,411633
2025-09-08,601225.SH,20.25,20.4,20.16,20.28,318818
2025-09-09,601225.SH,20.31,20.32,20.01,20.03,301889
2025-09-10,601225.SH,20.09,20.26,19.91,20.19,323983
2025-09-11,601225.SH,20.2,20.35,20.03,20.23,402260
2025-09-14,601225.SH,20.23,20.5,20.09,20.39,465515
2025-09-15,601225.SH,20.6,20.7,20.19,20.27,346882
2025-09-16,601225.SH,20.25,21.08,20.2,20.81,621859
2025-09-17,601225.SH,20.7,20.76,20,20.19,553122
2025-09-18,601225.SH,20.18,20.9,20.12,20.72,603429
2025-09-21,601225.SH,20.77,21.07,20.38,20.47,426846
2025-09-22,601225.SH,20.4,20.98,20.3,20.66,529089
2025-09-23,601225.SH,20.6,20.79,20.4,20.55,329484
2025-09-24,601225.SH,20.45,20.53,20.31,20.46,278436
2025-09-25,601225.SH,20.39,20.65,20.24,20.32,535274
2025-09-28,601225.SH,20.27,20.27,19.9,20.06,525939
2025-09-29,601225.SH,20.08,20.13,19.92,20,279857
2025-10-08,601225.SH,20,20.47,19.73,20.42,539675
2025-10-09,601225.SH,20.25,21.17,20.16,20.67,579847
2025-10-12,601225.SH,20.3,20.67,20.25,20.56,527324
2025-10-13,601225.SH,20.55,21.54,20.5,21.33,1034838
2025-10-14,601225.SH,21.5,21.83,21.28,21.83,613437
2025-10-15,601225.SH,21.85,22.65,21.81,22.54,759994
2025-10-16,601225.SH,22.55,22.8,22.28,22.45,578276
2025-10-19,601225.SH,22.61,23,22.45,22.9,615488
2025-10-20,601225.SH,22.9,22.9,22.1,22.52,605149
2025-10-21,601225.SH,22.3,22.7,22.22,22.4,349038
2025-10-22,601225.SH,22.41,22.84,22.4,22.75,469475
2025-10-23,601225.SH,22.6,22.85,22.45,22.76,387683
2025-10-26,601225.SH,22.55,23.18,22.16,22.85,411194
2025-10-27,601225.SH,22.79,22.96,22.52,22.63,286206
2025-10-28,601225.SH,22.63,22.72,22.32,22.52,221608
2025-10-29,601225.SH,22.52,23.33,22.51,22.91,428478
2025-10-30,601225.SH,22.98,23.13,22.66,22.7,254192
2025-11-02,601225.SH,22.98,23.91,22.91,23.66,520815
2025-11-03,601225.SH,23.73,23.97,23.48,23.55,373994
2025-11-04,601225.SH,23.6,24.39,23.33,24,451950
2025-11-05,601225.SH,24,24.64,23.77,24.08,463269
2025-11-06,601225.SH,24.15,24.4,24,24.13,255375
2025-11-09,601225.SH,24.17,24.7,23.93,24.68,411135
2025-11-10,601225.SH,24.47,24.6,23.6,24.12,512743
2025-11-11,601225.SH,24.11,24.27,23.82,23.91,253970
2025-11-12,601225.SH,23.9,24.17,23.55,24.08,316713
2025-11-13,601225.SH,24.2,24.37,23.62,23.62,194935
2025-11-16,601225.SH,23.65,24.24,23.5,24.03,274773
2025-11-17,601225.SH,24,24.02,23.3,23.53,310870
2025-11-18,601225.SH,23.53,23.93,23.27,23.76,216218
2025-11-19,601225.SH,23.68,23.79,23.1,23.17,255843
2025-11-20,601225.SH,23.42,23.43,22.85,22.9,314143
2025-11-23,601225.SH,23,23.08,22.3,22.62,381263
2025-11-24,601225.SH,22.79,22.86,22.3,22.7,269415
2025-11-25,601225.SH,22.6,22.82,22.46,22.48,157528
2025-11-26,601225.SH,22.48,23.07,22.39,23.04,272932
2025-11-27,601225.SH,22.9,23,22.61,22.68,194311
2025-11-30,601225.SH,22.5,22.9,22.45,22.89,255273
2025-12-01,601225.SH,22.98,23,22.51,22.82,234624
2025-12-02,601225.SH,22.7,22.88,22.56,22.62,210943
2025-12-03,601225.SH,22.65,22.86,22.55,22.66,187204
2025-12-04,601225.SH,22.76,22.76,22.45,22.62,196978
2025-12-07,601225.SH,22.48,22.53,21.87,22.29,377015
2025-12-08,601225.SH,22.24,22.35,21.92,22,267173
2025-12-09,601225.SH,21.95,22.14,21.83,21.89,213893
2025-12-10,601225.SH,21.97,22.2,21.68,21.77,292351
2025-12-11,601225.SH,21.93,22.08,21.48,21.86,721332
2025-12-14,601225.SH,21.62,21.84,21.47,21.56,311109
2025-12-15,601225.SH,21.55,21.65,21.26,21.62,300408
2025-12-16,601225.SH,21.58,21.6,21.3,21.37,282866
2025-12-17,601225.SH,21.52,22.22,21.39,22.17,440076
2025-12-18,601225.SH,22,22.03,21.7,21.8,311714
2025-12-21,601225.SH,21.89,22.1,21.55,21.99,324396
2025-12-22,601225.SH,21.95,22.1,21.7,21.8,232622
2025-12-23,601225.SH,21.8,21.86,21.47,21.73,311081
2025-12-24,601225.SH,21.73,21.9,21.57,21.63,208171
2025-12-25,601225.SH,21.55,21.78,21.47,21.58,205074
2025-12-28,601225.SH,21.58,22.03,21.48,21.68,296788
2025-12-29,601225.SH,21.66,21.74,21.37,21.56,250928
2025-12-30,601225.SH,21.47,21.59,21.1,21.32,322772
2026-01-04,601225.SH,21.54,21.98,21.46,21.62,378421
2026-01-05,601225.SH,21.71,22.3,21.52,22.15,434820
2026-01-06,601225.SH,22.35,22.63,21.86,22.43,546502
2026-01-07,601225.SH,22.58,22.72,22.21,22.48,441992
2026-01-08,601225.SH,22.35,22.71,22.31,22.59,346675
2026-01-11,601225.SH,22.59,22.95,22.43,22.59,308388
2026-01-12,601225.SH,22.8,23.05,22.4,22.5,347083
2026-01-13,601225.SH,22.51,22.67,22.23,22.38,347231
2026-01-14,601225.SH,22.26,22.74,22.16,22.22,278461
2026-01-15,601225.SH,22.32,22.48,21.64,21.95,351374
2026-01-18,601225.SH,21.85,22.09,21.68,21.91,356084
2026-01-19,601225.SH,21.88,22.34,21.65,22.18,453211
2026-01-20,601225.SH,22.17,22.21,21.43,21.48,546847
2026-01-21,601225.SH,21.5,22.09,21.36,21.89,519023
2026-01-22,601225.SH,21.84,21.86,21.32,21.41,454877
2026-01-25,601225.SH,21.41,21.99,21.32,21.92,722355
2026-01-26,601225.SH,21.8,22.17,21.28,21.34,537084
2026-01-27,601225.SH,21.38,22.33,21.16,21.88,1001797
2026-01-28,601225.SH,22.08,22.22,21.61,22.2,862924
2026-01-29,601225.SH,22.26,22.7,21.76,22.28,868322
2026-02-01,601225.SH,21.91,21.92,20.76,20.93,1101978
2026-02-02,601225.SH,21.09,21.12,20.64,20.85,477988
2026-02-03,601225.SH,20.99,22.88,20.97,22.68,1479364
2026-02-04,601225.SH,22.31,22.32,21.89,22.03,607856
2026-02-05,601225.SH,21.8,22.32,21.7,22.08,424004
2026-02-08,601225.SH,22.08,22.79,22.03,22.66,396850
2026-02-09,601225.SH,22.66,23.19,22.45,23.06,388338
2026-02-10,601225.SH,23.05,23.4,22.88,23.27,367798
2026-02-11,601225.SH,23.25,23.63,23.1,23.38,398847
2026-02-12,601225.SH,23.27,23.27,22.7,22.77,368709
2026-02-23,601225.SH,23.03,23.79,22.91,23.48,431583
2026-02-24,601225.SH,23.5,23.76,23.2,23.27,327948
2026-02-25,601225.SH,23.36,23.66,23.11,23.22,223785
2026-02-26,601225.SH,23.22,23.8,23.06,23.7,432964
2026-03-01,601225.SH,24.35,24.95,23.87,24.81,1080482
2026-03-02,601225.SH,24.81,25.89,24.38,25.29,859192
2026-03-03,601225.SH,24.94,25.4,24.36,25.26,692869
2026-03-04,601225.SH,25,25.43,24.64,25.19,454556
2026-03-05,601225.SH,25.05,25.16,24.5,24.95,417101
2026-03-08,601225.SH,26.1,26.7,25.2,25.42,1245960
2026-03-09,601225.SH,24.31,25.33,24.31,25.08,549133
2026-03-10,601225.SH,24.81,25.53,24.39,25.42,554618
2026-03-11,601225.SH,25.73,26.88,25.31,26.7,817051
2026-03-12,601225.SH,26.69,27.1,26.05,26.24,609157
2026-03-15,601225.SH,26.4,26.54,25.76,25.9,418027
2026-03-16,601225.SH,25.69,25.97,25.41,25.54,438210
2026-03-17,601225.SH,25.54,25.9,25.15,25.62,328647
2026-03-18,601225.SH,26.29,26.99,26.05,26.62,679824
2026-03-19,601225.SH,26.51,27.26,26.2,27.16,635852
2026-03-22,601225.SH,27.5,27.94,26.9,27.23,830966
2026-03-23,601225.SH,26.6,27.06,26.3,26.56,517174
2026-03-24,601225.SH,26,26,25.21,25.75,687010
2026-03-25,601225.SH,25.83,26.33,25.77,26.24,399788
2026-03-26,601225.SH,26,26.59,25.9,26.12,345211
2026-03-29,601225.SH,26.47,26.77,26.05,26.27,319849
2026-03-30,601225.SH,26.13,26.45,25.45,25.59,482275
2026-03-31,601225.SH,25.41,26.18,24.9,25.38,488000
2026-04-01,601225.SH,25.63,25.98,25.53,25.75,256905
2026-04-02,601225.SH,25.88,25.88,25.23,25.36,179900
2026-04-06,601225.SH,25.28,25.95,25.1,25.85,281397
2026-04-07,601225.SH,24.88,25.45,24.62,25.28,484347
2026-04-08,601225.SH,25.34,25.68,25.11,25.27,304407
2026-04-09,601225.SH,25.27,25.52,24.96,25.23,286837
2026-04-12,601225.SH,25.49,25.59,25.11,25.32,253849
2026-04-13,601225.SH,25.23,25.32,24.78,25.01,327069
2026-04-14,601225.SH,24.75,25.25,24.56,25.16,284915
2026-04-15,601225.SH,25.16,25.32,24.9,24.99,322985
2026-04-16,601225.SH,25.08,25.24,24.75,24.8,230593
2026-04-19,601225.SH,24.76,25.07,24.22,24.52,416738
2026-04-20,601225.SH,24.52,25.7,24.52,25.5,548420
2026-04-21,601225.SH,25.69,25.95,25.31,25.48,462175
2026-04-22,601225.SH,25.39,26.43,25.34,26.12,526809
2026-04-23,601225.SH,26.02,26.83,25.9,26.3,495334
2026-04-26,601225.SH,25.16,25.77,24.78,25.38,707703
2026-04-27,601225.SH,25.1,26.15,25.1,26.01,549097
2026-04-28,601225.SH,25.76,26.7,25.7,26.13,537329
2026-04-29,601225.SH,26.12,26.5,25.73,26.13,394779
2026-05-05,601225.SH,25.87,26,24.99,25.9,574161
2026-05-06,601225.SH,25.45,25.48,24,24.08,756902
2026-05-07,601225.SH,24.08,24.27,23.76,23.83,415029
2026-05-10,601225.SH,24.1,24.57,23.73,23.83,519162
2026-05-11,601225.SH,23.9,24.11,23.73,23.79,389266
2026-05-12,601225.SH,23.85,23.98,23.36,23.45,536864
2026-05-13,601225.SH,23.43,23.84,23.28,23.34,389623
2026-05-14,601225.SH,23.42,24.08,23.14,23.86,480345
2026-05-17,601225.SH,23.97,24.64,23.86,24.39,658002
2026-05-18,601225.SH,24.26,24.75,24.18,24.39,351375
2026-05-19,601225.SH,24.36,24.63,24.13,24.17,321084
2026-05-20,601225.SH,23.95,24.07,23.42,23.42,414008
2026-05-21,601225.SH,23.54,23.65,22.82,23.32,473945
2026-05-24,601225.SH,24.2,24.84,23.76,23.89,830870
2026-05-25,601225.SH,23.75,24.29,23.58,23.95,475268
2026-05-26,601225.SH,24.1,24.69,23.79,24.66,501652
2026-05-27,601225.SH,24.44,25.16,24.42,24.66,531959
2026-05-28,601225.SH,24.6,25.74,24.51,25.74,650885
2026-05-31,601225.SH,25.77,26.88,25.6,26.77,860590
2026-06-01,601225.SH,26.77,27.33,26.1,26.37,699919
2026-06-02,601225.SH,25.93,27.59,25.86,27.12,683359
2026-06-03,601225.SH,26.85,28.2,26.77,27.41,743592
2026-06-04,601225.SH,27.34,28.08,27.01,27.14,519826
2026-06-07,601225.SH,27.07,28,26.53,27.8,717639
2026-06-08,601225.SH,26.96,27.5,26.59,27,664734
2026-06-09,601225.SH,27,27.16,26.45,26.63,666506
2026-06-10,601225.SH,26.77,27.1,26.16,26.93,609623
2026-06-11,601225.SH,26.55,27.1,26.31,27,545373
2026-06-14,601225.SH,26.47,26.47,25.03,25.26,800114
2026-06-15,601225.SH,25.14,25.4,24.26,24.4,651554
2026-06-16,601225.SH,24.42,24.48,23.53,23.58,422737
2026-06-17,601225.SH,23.3,23.73,22.96,22.97,429936
2026-06-21,601225.SH,22.97,23.5,22.6,23.3,565671
2026-06-22,601225.SH,23.2,23.7,22.51,22.58,540886
2026-06-23,601225.SH,22.68,22.75,21.98,22.04,472092
2026-06-24,601225.SH,21.62,22.1,21.4,21.61,653786
2026-06-25,601225.SH,20.9,21.23,20.53,20.7,481484
2026-06-28,601225.SH,20.85,21.36,20.55,21,534038
2026-06-29,601225.SH,20.92,21.01,20.05,20.35,565935
2026-06-30,601225.SH,20.35,21.22,20.02,20.97,595764
2026-07-01,601225.SH,21.1,21.78,21.02,21.5,642533
2026-07-02,601225.SH,21.69,22.19,21.36,21.54,531918
2026-07-05,601225.SH,21.53,23.3,21.36,23.11,744450
2026-07-06,601225.SH,22.9,23.08,22.43,22.87,496214
2026-07-07,601225.SH,22.98,24,22.6,23.55,545768
2026-07-08,601225.SH,23.06,23.65,22.78,22.81,432130
2026-07-09,601225.SH,22.58,23.22,22.24,22.92,375854
2026-07-12,601225.SH,23.03,24.11,22.7,23.95,630024
2026-07-13,601225.SH,23.73,24.92,23.73,24.55,643046
2026-07-14,601225.SH,24.36,25.18,24.11,24.61,447485
2026-07-15,601225.SH,24.61,24.77,23.72,23.87,393640
2026-07-16,601225.SH,23.91,24.56,23.75,24.3,510700
2026-07-19,601225.SH,24.3,25.17,24.11,25,830573
2026-07-20,601225.SH,24.7,25.05,23.8,23.98,812859
2026-07-21,601225.SH,23.86,24.89,23.8,24.89,546261
2026-07-22,601225.SH,24.65,25.47,24.52,25.25,514178
2026-07-23,601225.SH,25.44,25.6,24.61,24.7,364988
2026-07-26,601225.SH,24.4,24.79,24.01,24.56,511141
2026-07-27,601225.SH,24.57,24.57,23.94,24.4,348037
2026-07-28,601225.SH,24.38,24.99,24.34,24.64,411841
2026-07-29,601225.SH,24.7,25,24.59,24.74,262582
2026-07-30,601225.SH,24,24.8,23.77,24.8,473322
2026-08-02,601225.SH,24.6,24.86,24.11,24.18,356779
2026-08-03,601225.SH,24.13,24.26,23.57,23.92,478560
2026-08-04,601225.SH,23.9,24.04,23.37,23.89,415379
2026-08-05,601225.SH,23.9,25.1,23.9,24.88,552218
2026-08-06,601225.SH,24.83,25.34,24.5,25.04,484639
2026-08-09,601225.SH,24.95,26.19,24.94,26.04,401014
2026-08-10,601225.SH,26.25,26.37,25.59,25.93,451713
2026-08-11,601225.SH,25.77,26.19,25.11,25.2,343106
2026-08-12,601225.SH,25.02,25.36,24.68,25.08,299940
2026-08-13,601225.SH,25.04,25.61,24.7,25.37,360918
2026-08-16,601225.SH,25.37,25.99,25.1,25.23,266268
2026-08-17,601225.SH,25.16,25.95,25.15,25.5,499271
2026-08-18,601225.SH,25.92,26.1,25.51,25.59,446927
2026-08-19,601225.SH,25.33,26.1,25.27,25.55,293317
2026-08-20,601225.SH,25.44,26.11,25.3,25.73,300705
2026-08-23,601225.SH,25.79,26.88,25.58,26.5,583948
2026-08-24,601225.SH,26.65,26.82,26.29,26.52,322635
2026-08-25,601225.SH,26.29,26.59,26.09,26.35,291511
2026-08-26,601225.SH,26.3,27.27,26.25,27,399368
2026-08-27,601225.SH,27.15,27.28,26.5,27.07,268404
2026-08-30,601225.SH,27.25,27.62,26.91,27.62,499016
2026-08-31,601225.SH,27.47,27.8,26.6,26.72,449976
2026-09-01,601225.SH,27.15,27.28,25.94,26.1,440277
2026-09-02,601225.SH,26.01,26.69,25.92,26.24,285203
2026-09-03,601225.SH,26.28,26.45,25.92,26.24,334689
2026-09-06,601225.SH,26.05,26.24,25.26,25.69,504806
2026-09-07,601225.SH,25.69,25.85,25.35,25.71,417325
2026-09-08,601225.SH,25.68,26.6,25.54,26.54,428680
2026-09-09,601225.SH,26.51,26.65,25.93,26.09,311745
2026-09-10,601225.SH,26.2,26.36,25.78,26.05,415023
2026-09-13,601225.SH,26,26.5,25.81,25.95,324632
2026-09-14,601225.SH,26.15,26.29,25.67,25.82,269169
2026-09-15,601225.SH,25.84,26.06,25.4,25.69,247709
2026-09-16,601225.SH,25.69,25.69,25.21,25.42,233241
2026-09-17,601225.SH,25.35,25.49,25.1,25.2,273592
2026-09-20,601225.SH,25.1,25.75,24.91,25.7,307899
2026-09-21,601225.SH,25.45,26.11,25.1,26.03,338253
2026-09-22,601225.SH,25.89,26.22,25.5,25.68,224381
2026-09-23,601225.SH,25.6,26.1,25.48,25.83,289293
2026-09-27,601225.SH,25.51,26,25.25,25.85,308865
2026-09-28,601225.SH,25.96,26.08,25.06,25.66,375198
2026-09-29,601225.SH,25.59,26.3,25.46,26.03,383563
2022-08-16,601919.SH,13.48,13.58,13.28,13.49,695987
2022-08-17,601919.SH,13.36,13.52,13.33,13.34,597253
2022-08-18,601919.SH,13.4,13.71,13.38,13.58,1153258
2022-08-21,601919.SH,13.53,13.79,13.5,13.71,921847
2022-08-22,601919.SH,13.69,13.82,13.52,13.72,859292
2022-08-23,601919.SH,13.66,13.95,13.6,13.61,1119468
2022-08-24,601919.SH,13.58,14.1,13.55,14.07,2019150
2022-08-25,601919.SH,14.07,14.07,13.62,13.78,1450745
2022-08-28,601919.SH,13.53,13.61,13.26,13.6,1010912
2022-08-29,601919.SH,13.6,14.41,13.6,14.41,2969254
2022-08-30,601919.SH,14.6,15.14,14.15,14.2,3913675
2022-08-31,601919.SH,14.25,14.42,13.67,13.7,2403706
2022-09-01,601919.SH,13.71,13.71,13.33,13.33,1799635
2022-09-04,601919.SH,13.25,13.38,13.16,13.24,1415073
2022-09-05,601919.SH,13.21,13.48,13.05,13.39,1408563
2022-09-06,601919.SH,13.3,13.49,13.2,13.44,1106729
2022-09-07,601919.SH,13.38,13.42,13.25,13.26,715742
2022-09-08,601919.SH,13.3,13.35,13.25,13.29,685267
2022-09-12,601919.SH,13.29,13.37,13.25,13.26,827168
2022-09-13,601919.SH,13.07,13.21,13.01,13.12,799243
2022-09-14,601919.SH,13.22,13.27,12.83,12.93,1088766
2022-09-15,601919.SH,12.86,12.9,12.54,12.56,877989
2022-09-18,601919.SH,12.5,12.6,12.09,12.13,1088927
2022-09-19,601919.SH,12.23,12.35,12.12,12.22,653662
2022-09-20,601919.SH,12.26,12.54,12.11,12.41,896538
2022-09-21,601919.SH,12.31,12.36,12.21,12.27,567099
2022-09-22,601919.SH,12.26,12.31,11.93,11.97,826856
2022-09-25,601919.SH,11.7,11.7,11.22,11.26,1567489
2022-09-26,601919.SH,11.22,11.36,11.16,11.34,863508
2022-09-27,601919.SH,11.38,11.39,11.02,11.05,983972
2022-09-28,601919.SH,11.24,11.3,11,11.08,862155
2022-09-29,601919.SH,11,11.14,10.92,11.02,625793
2022-10-09,601919.SH,11.16,11.29,10.88,10.9,890937
2022-10-10,601919.SH,11.23,11.43,11.12,11.31,1566392
2022-10-11,601919.SH,11.24,11.33,10.95,11.33,1186380
2022-10-12,601919.SH,11.27,11.32,11.16,11.19,881783
2022-10-13,601919.SH,11.3,11.44,11.27,11.39,1031750
2022-10-16,601919.SH,11.33,11.56,11.26,11.5,940731
2022-10-17,601919.SH,11.6,11.62,11.43,11.45,751623
2022-10-18,601919.SH,11.45,11.85,11.45,11.6,1337862
2022-10-19,601919.SH,11.44,11.44,11.25,11.33,930464
2022-10-20,601919.SH,11.36,11.54,11.34,11.39,688526
2022-10-23,601919.SH,11.44,11.54,11.1,11.14,904832
2022-10-24,601919.SH,11.17,11.38,11.06,11.29,787857
2022-10-25,601919.SH,11.33,11.45,11.25,11.32,740616
2022-10-26,601919.SH,11.34,11.56,11.3,11.47,994234
2022-10-27,601919.SH,11.49,11.52,11.15,11.25,840782
2022-10-30,601919.SH,11.29,11.34,11.12,11.23,738574
2022-10-31,601919.SH,11.2,11.45,11.19,11.45,898144
2022-11-01,601919.SH,11.4,11.5,11.31,11.45,954685
2022-11-02,601919.SH,11.31,11.34,11.16,11.29,919462
2022-11-03,601919.SH,11.24,11.65,11.24,11.62,1557762
2022-11-06,601919.SH,11.55,12.1,11.53,12.03,1638929
2022-11-07,601919.SH,12.03,12.07,11.8,11.91,982014
2022-11-08,601919.SH,11.9,11.99,11.81,11.85,699845
2022-11-09,601919.SH,11.7,11.9,11.62,11.9,645267
2022-11-10,601919.SH,12.21,12.29,11.95,11.97,1085540
2022-11-13,601919.SH,12.03,12.19,11.99,12.07,970576
2022-11-14,601919.SH,12.09,12.14,12.01,12.11,771593
2022-11-15,601919.SH,12.08,12.2,12.08,12.12,619986
2022-11-16,601919.SH,12.1,12.11,11.88,11.97,665111
2022-11-17,601919.SH,11.96,12.02,11.8,11.82,648253
2022-11-20,601919.SH,11.74,11.91,11.64,11.9,559064
2022-11-21,601919.SH,11.93,12.55,11.93,12.33,1742120
2022-11-22,601919.SH,12.38,12.62,12.34,12.49,1550454
2022-11-23,601919.SH,12.4,12.43,12.21,12.24,1044351
2022-11-24,601919.SH,12.27,12.52,12.27,12.43,1005709
2022-11-27,601919.SH,12.26,12.38,12.16,12.36,775117
2022-11-28,601919.SH,12.39,12.51,12.34,12.46,928281
2022-11-29,601919.SH,12.41,12.67,12.39,12.63,1158446
2022-11-30,601919.SH,12.7,12.74,12.59,12.62,910626
2022-12-01,601919.SH,12.56,12.62,12.52,12.55,584018
2022-12-04,601919.SH,12.61,13.1,12.61,13.03,1431705
2022-12-05,601919.SH,13,13.33,12.9,13.09,1352352
2022-12-06,601919.SH,13.15,13.5,13.15,13.39,1712263
2022-12-07,601919.SH,13.41,13.44,13.23,13.26,1133805
2022-12-08,601919.SH,13.3,13.45,13.15,13.3,1027864
2022-12-11,601919.SH,13.33,13.38,13.09,13.12,1080034
2022-12-12,601919.SH,13.12,13.25,12.97,12.97,1180240
2022-12-13,601919.SH,11.19,11.2,10.88,10.99,1578422
2022-12-14,601919.SH,10.99,11.04,10.74,10.78,875462
2022-12-15,601919.SH,10.73,11.15,10.69,11.14,1009212
2022-12-18,601919.SH,11.15,11.15,10.79,10.86,727901
2022-12-19,601919.SH,10.81,10.91,10.71,10.73,475245
2022-12-20,601919.SH,10.74,10.79,10.65,10.69,372040
2022-12-21,601919.SH,10.78,10.98,10.7,10.77,588577
2022-12-22,601919.SH,10.71,10.82,10.65,10.69,337203
2022-12-25,601919.SH,10.7,10.75,10.35,10.4,721369
2022-12-26,601919.SH,10.46,10.59,10.4,10.48,421443
2022-12-27,601919.SH,10.5,10.54,10.39,10.4,411915
2022-12-28,601919.SH,10.38,10.38,10.13,10.14,621670
2022-12-29,601919.SH,10.15,10.32,10.14,10.29,550613
2023-01-02,601919.SH,10.29,10.3,10.11,10.28,524153
2023-01-03,601919.SH,10.22,10.26,10.18,10.23,450516
2023-01-04,601919.SH,10.26,10.28,10.2,10.23,475902
2023-01-05,601919.SH,10.26,10.34,10.23,10.26,499929
2023-01-08,601919.SH,10.23,10.26,10.15,10.23,556338
2023-01-09,601919.SH,10.25,10.26,10.16,10.19,414922
2023-01-10,601919.SH,10.19,10.28,10.14,10.15,499794
2023-01-11,601919.SH,10.17,10.19,9.98,10.06,673756
2023-01-12,601919.SH,10.04,10.14,10.04,10.13,483324
2023-01-15,601919.SH,10.09,10.27,10.04,10.2,708999
2023-01-16,601919.SH,10.21,10.28,10.18,10.27,540745
2023-01-17,601919.SH,10.24,10.3,10.22,10.26,370698
2023-01-18,601919.SH,10.24,10.28,10.18,10.27,448745
2023-01-19,601919.SH,10.27,10.43,10.26,10.42,701482
2023-01-29,601919.SH,10.5,10.53,10.38,10.42,909869
2023-01-30,601919.SH,10.41,10.68,10.37,10.63,1018841
2023-01-31,601919.SH,10.64,10.89,10.64,10.84,1052368
2023-02-01,601919.SH,10.93,10.93,10.77,10.83,716658
2023-02-02,601919.SH,10.85,10.86,10.55,10.65,851048
2023-02-05,601919.SH,10.59,10.72,10.52,10.68,534945
2023-02-06,601919.SH,10.68,10.74,10.6,10.7,483416
2023-02-07,601919.SH,10.69,10.84,10.68,10.78,596908
2023-02-08,601919.SH,10.78,10.93,10.74,10.91,693763
2023-02-09,601919.SH,10.91,10.91,10.76,10.83,569493
2023-02-12,601919.SH,10.82,10.83,10.72,10.77,544897
2023-02-13,601919.SH,10.78,10.84,10.75,10.79,387373
2023-02-14,601919.SH,10.77,10.78,10.66,10.7,557519
2023-02-15,601919.SH,10.71,10.84,10.53,10.62,796677
2023-02-16,601919.SH,10.56,10.72,10.56,10.57,536767
2023-02-19,601919.SH,10.56,10.71,10.46,10.66,722494
2023-02-20,601919.SH,10.67,10.92,10.64,10.86,924930
2023-02-21,601919.SH,10.8,10.9,10.76,10.84,537858
2023-02-22,601919.SH,10.84,10.87,10.76,10.77,542421
2023-02-23,601919.SH,10.8,10.82,10.69,10.72,503534
2023-02-26,601919.SH,10.69,10.8,10.64,10.68,492863
2023-02-27,601919.SH,10.71,10.79,10.66,10.78,519960
2023-02-28,601919.SH,10.75,10.85,10.72,10.85,652041
2023-03-01,601919.SH,10.86,11.25,10.84,11.17,1723968
2023-03-02,601919.SH,11.17,11.31,11.1,11.28,1283743
2023-03-05,601919.SH,11.33,11.37,11.15,11.26,928210
2023-03-06,601919.SH,11.25,11.56,11.17,11.26,1625531
2023-03-07,601919.SH,11.19,11.2,11.06,11.15,819303
2023-03-08,601919.SH,11.13,11.27,11.13,11.19,563387
2023-03-09,601919.SH,11.17,11.18,10.95,10.95,717873
2023-03-12,601919.SH,10.91,11.11,10.91,11.01,601902
2023-03-13,601919.SH,11.04,11.06,10.72,10.79,753955
2023-03-14,601919.SH,10.89,11.38,10.88,11.3,1386230
2023-03-15,601919.SH,11.27,11.31,11.09,11.09,837620
2023-03-16,601919.SH,11.18,11.27,11.08,11.11,1222009
2023-03-19,601919.SH,11.2,11.38,11.08,11.09,1023491
2023-03-20,601919.SH,11.15,11.2,11,11.06,642239
2023-03-21,601919.SH,11.1,11.14,11.02,11.1,506990
2023-03-22,601919.SH,11.09,11.5,11.03,11.44,1754632
2023-03-23,601919.SH,11.41,11.43,11.31,11.35,652431
2023-03-26,601919.SH,11.36,11.39,11.19,11.3,656392
2023-03-27,601919.SH,11.31,11.4,11.23,11.25,577578
2023-03-28,601919.SH,11.29,11.32,11.16,11.22,508643
2023-03-29,601919.SH,11.2,11.43,11.1,11.43,1033889
2023-03-30,601919.SH,11.52,11.52,11,11.03,2174460
2023-04-02,601919.SH,11,11,10.67,10.79,1500772
2023-04-03,601919.SH,10.73,10.86,10.7,10.84,774370
2023-04-05,601919.SH,10.84,10.86,10.74,10.77,518612
2023-04-06,601919.SH,10.77,10.82,10.75,10.82,499815
2023-04-09,601919.SH,10.83,10.89,10.79,10.88,545342
2023-04-10,601919.SH,10.72,10.8,10.66,10.73,824466
2023-04-11,601919.SH,10.77,10.98,10.75,10.96,1067951
2023-04-12,601919.SH,10.89,11.23,10.86,11.09,1108148
2023-04-13,601919.SH,11.15,11.2,11.08,11.09,746416
2023-04-16,601919.SH,11.17,11.5,11.15,11.44,1951207
2023-04-17,601919.SH,11.45,11.64,11.42,11.6,1476642
2023-04-18,601919.SH,11.59,11.73,11.48,11.52,1170893
2023-04-19,601919.SH,11.54,11.65,11.44,11.64,881043
2023-04-20,601919.SH,11.64,11.66,11.35,11.37,838366
2023-04-23,601919.SH,11.45,11.53,11.28,11.35,661027
2023-04-24,601919.SH,11.29,11.4,11.11,11.26,701909
2023-04-25,601919.SH,11.18,11.22,11.02,11.08,709187
2023-04-26,601919.SH,11.05,11.1,10.95,10.96,745673
2023-04-27,601919.SH,10.98,11.17,10.97,11.11,887628
2023-05-03,601919.SH,11.05,11.1,10.81,11.02,987943
2023-05-04,601919.SH,11.02,11.08,10.77,10.82,1057134
2023-05-07,601919.SH,10.84,11.3,10.84,11.28,1398791
2023-05-08,601919.SH,11.37,11.58,11.25,11.36,1660645
2023-05-09,601919.SH,11.39,11.44,11.17,11.21,894969
2023-05-10,601919.SH,11.28,11.4,11.12,11.33,674064
2023-05-11,601919.SH,11.32,11.38,11.2,11.23,605197
2023-05-14,601919.SH,11.21,11.38,11.04,11.38,683233
2023-05-15,601919.SH,11.37,11.4,11.12,11.15,604222
2023-05-16,601919.SH,11.15,11.16,11.02,11.03,538228
2023-05-17,601919.SH,11.07,11.15,11.02,11.04,449243
2023-05-18,601919.SH,11.04,11.14,10.93,11.11,511034
2023-05-21,601919.SH,11.1,11.22,11.06,11.18,440969
2023-05-22,601919.SH,11.15,11.24,11.13,11.14,408640
2023-05-23,601919.SH,11.12,11.13,10.88,10.89,633604
2023-05-24,601919.SH,10.86,10.91,10.77,10.88,515985
2023-05-25,601919.SH,10.87,10.98,10.81,10.98,341856
2023-05-28,601919.SH,10.98,11.03,10.81,10.83,400133
2023-05-29,601919.SH,10.83,10.92,10.68,10.73,466646
2023-05-30,601919.SH,10.7,10.7,10.44,10.44,717425
2023-05-31,601919.SH,10.41,10.52,10.26,10.43,471089
2023-06-01,601919.SH,10.45,10.55,10.44,10.52,335489
2023-06-04,601919.SH,10.57,10.65,10.53,10.58,324189
2023-06-05,601919.SH,10.59,10.67,10.47,10.5,389999
2023-06-06,601919.SH,10.47,10.53,10.41,10.47,398834
2023-06-07,601919.SH,10.46,10.69,10.44,10.68,569185
2023-06-08,601919.SH,10.7,10.77,10.66,10.66,399347
2023-06-11,601919.SH,10.66,10.66,10.56,10.57,356349
2023-06-12,601919.SH,10.57,10.61,10.49,10.57,313555
2023-06-13,601919.SH,10.6,10.73,10.57,10.59,452653
2023-06-14,601919.SH,10.57,10.66,10.54,10.64,319581
2023-06-15,601919.SH,10.73,10.82,10.72,10.79,476401
2023-06-18,601919.SH,10.85,10.85,10.76,10.78,408863
2023-06-19,601919.SH,10.78,10.8,10.66,10.67,349343
2023-06-20,601919.SH,10.68,10.72,10.63,10.66,383844
2023-06-25,601919.SH,10.66,10.85,10.55,10.75,713474
2023-06-26,601919.SH,10.75,10.91,10.72,10.87,853674
2023-06-27,601919.SH,9.5,9.51,9.35,9.39,764254
2023-06-28,601919.SH,9.4,9.42,9.3,9.34,383453
2023-06-29,601919.SH,9.35,9.42,9.33,9.4,263408
2023-07-02,601919.SH,9.4,9.52,9.4,9.51,447078
2023-07-03,601919.SH,9.7,10.15,9.7,10.13,2304046
2023-07-04,601919.SH,10.1,10.24,10.05,10.16,1079590
2023-07-05,601919.SH,10.16,10.16,9.93,9.96,784788
2023-07-06,601919.SH,9.94,10.05,9.87,10.01,565501
2023-07-09,601919.SH,10.03,10.05,9.87,9.92,451095
2023-07-10,601919.SH,9.96,9.96,9.81,9.87,490641
2023-07-11,601919.SH,9.9,9.93,9.72,9.74,440424
2023-07-12,601919.SH,9.75,9.84,9.73,9.76,446513
2023-07-13,601919.SH,9.8,9.8,9.67,9.71,422797
2023-07-16,601919.SH,9.71,9.72,9.58,9.67,421333
2023-07-17,601919.SH,9.69,9.91,9.66,9.84,776814
2023-07-18,601919.SH,9.83,10.02,9.76,9.96,674079
2023-07-19,601919.SH,9.98,10.1,9.89,9.91,694730
2023-07-20,601919.SH,9.91,9.97,9.85,9.91,434498
2023-07-23,601919.SH,9.85,9.93,9.83,9.85,294818
2023-07-24,601919.SH,9.93,9.98,9.87,9.9,450449
2023-07-25,601919.SH,9.9,9.94,9.85,9.88,314029
2023-07-26,601919.SH,9.92,9.93,9.8,9.82,488614
2023-07-27,601919.SH,9.82,10.16,9.78,10.1,1076972
2023-07-30,601919.SH,10.12,10.22,10.07,10.12,724955
2023-07-31,601919.SH,10.09,10.18,10.03,10.05,463954
2023-08-01,601919.SH,10.05,10.08,9.96,9.98,400169
2023-08-02,601919.SH,9.93,10.02,9.93,9.98,288132
2023-08-03,601919.SH,10.05,10.09,9.92,9.92,452418
2023-08-06,601919.SH,9.92,9.92,9.83,9.88,311083
2023-08-07,601919.SH,9.88,9.89,9.78,9.83,381890
2023-08-08,601919.SH,9.83,9.87,9.8,9.84,282408
2023-08-09,601919.SH,9.84,9.96,9.84,9.92,338398
2023-08-10,601919.SH,9.9,9.91,9.72,9.72,441554
2023-08-13,601919.SH,9.65,9.69,9.55,9.63,412912
2023-08-14,601919.SH,9.64,9.7,9.55,9.67,330719
2023-08-15,601919.SH,9.64,9.65,9.53,9.53,278504
2023-08-16,601919.SH,9.51,9.57,9.39,9.56,382608
2023-08-17,601919.SH,9.6,9.8,9.57,9.57,482440
2023-08-20,601919.SH,9.57,9.65,9.35,9.35,539443
2023-08-21,601919.SH,9.35,9.42,9.3,9.38,343134
2023-08-22,601919.SH,9.37,9.45,9.32,9.33,353839
2023-08-23,601919.SH,9.45,9.68,9.42,9.48,579487
2023-08-24,601919.SH,9.42,9.51,9.36,9.39,343091
2023-08-27,601919.SH,9.75,9.79,9.5,9.54,706736
2023-08-28,601919.SH,9.55,9.6,9.44,9.54,570338
2023-08-29,601919.SH,9.75,9.97,9.71,9.78,1239707
2023-08-30,601919.SH,9.88,9.88,9.72,9.8,787407
2023-08-31,601919.SH,9.78,9.88,9.75,9.86,438755
2023-09-03,601919.SH,9.91,9.97,9.86,9.95,537799
2023-09-04,601919.SH,9.96,10,9.9,9.94,518290
2023-09-05,601919.SH,9.91,9.93,9.8,9.84,419067
2023-09-06,601919.SH,9.81,9.87,9.78,9.79,387584
2023-09-07,601919.SH,9.79,9.82,9.72,9.73,348667
2023-09-10,601919.SH,9.74,9.83,9.74,9.78,370310
2023-09-11,601919.SH,9.79,9.82,9.77,9.79,229961
2023-09-12,601919.SH,9.81,9.89,9.77,9.8,421433
2023-09-13,601919.SH,9.83,9.94,9.78,9.92,611495
2023-09-14,601919.SH,9.93,10.04,9.88,9.89,635998
2023-09-17,601919.SH,9.91,9.93,9.82,9.88,343146
2023-09-18,601919.SH,9.89,9.94,9.86,9.89,306507
2023-09-19,601919.SH,9.93,9.97,9.86,9.94,402440
2023-09-20,601919.SH,9.94,10.02,9.92,9.98,557388
2023-09-21,601919.SH,9.98,10.02,9.91,10.01,567872
2023-09-24,601919.SH,10,10.14,9.96,10.08,700714
2023-09-25,601919.SH,10.1,10.1,9.92,9.92,527556
2023-09-26,601919.SH,9.9,9.95,9.81,9.82,555499
2023-09-27,601919.SH,9.84,9.86,9.78,9.81,502214
2023-10-08,601919.SH,9.81,9.86,9.7,9.79,483973
2023-10-09,601919.SH,9.7,9.77,9.46,9.51,952708
2023-10-10,601919.SH,9.54,9.55,9.45,9.47,462576
2023-10-11,601919.SH,9.52,9.7,9.5,9.66,589251
2023-10-12,601919.SH,9.64,9.66,9.55,9.57,302750
2023-10-15,601919.SH,9.6,9.69,9.52,9.63,486607
2023-10-16,601919.SH,9.68,9.76,9.64,9.73,436489
2023-10-17,601919.SH,9.72,9.8,9.69,9.77,564919
2023-10-18,601919.SH,9.73,9.73,9.52,9.53,533681
2023-10-19,601919.SH,9.53,9.65,9.48,9.56,410031
2023-10-22,601919.SH,9.54,9.56,9.45,9.5,406193
2023-10-23,601919.SH,9.51,9.55,9.44,9.51,492757
2023-10-24,601919.SH,9.55,9.75,9.52,9.71,639623
2023-10-25,601919.SH,9.66,9.76,9.65,9.71,392822
2023-10-26,601919.SH,9.76,9.78,9.71,9.73,419477
2023-10-29,601919.SH,9.73,9.82,9.71,9.72,344084
2023-10-30,601919.SH,9.72,9.8,9.63,9.77,635219
2023-10-31,601919.SH,9.79,9.8,9.61,9.66,501206
2023-11-01,601919.SH,9.68,9.8,9.66,9.76,450062
2023-11-02,601919.SH,9.76,9.82,9.68,9.81,416008
2023-11-05,601919.SH,9.8,9.81,9.61,9.67,805509
2023-11-06,601919.SH,9.65,9.65,9.54,9.62,526379
2023-11-07,601919.SH,9.59,9.73,9.57,9.67,604087
2023-11-08,601919.SH,9.67,9.7,9.63,9.64,391623
2023-11-09,601919.SH,9.65,9.71,9.57,9.7,408589
2023-11-12,601919.SH,9.7,9.76,9.61,9.72,440845
2023-11-13,601919.SH,9.74,9.76,9.66,9.71,425538
2023-11-14,601919.SH,9.76,9.8,9.71,9.76,461006
2023-11-15,601919.SH,9.76,9.79,9.72,9.74,403155
2023-11-16,601919.SH,9.74,9.81,9.63,9.69,576375
2023-11-19,601919.SH,9.7,9.73,9.66,9.66,360273
2023-11-20,601919.SH,9.65,9.79,9.64,9.74,646223
2023-11-21,601919.SH,9.71,9.79,9.65,9.69,519171
2023-11-22,601919.SH,9.69,9.88,9.69,9.83,664609
2023-11-23,601919.SH,9.83,9.9,9.81,9.86,475661
2023-11-26,601919.SH,9.84,9.93,9.83,9.89,532675
2023-11-27,601919.SH,9.87,9.87,9.74,9.79,474711
2023-11-28,601919.SH,9.79,9.89,9.76,9.85,471002
2023-11-29,601919.SH,9.85,10.05,9.83,10.01,802457
2023-11-30,601919.SH,10,10.03,9.82,9.87,601899
2023-12-03,601919.SH,9.86,10.09,9.85,10.05,776346
2023-12-04,601919.SH,10.03,10.08,9.91,9.92,588952
2023-12-05,601919.SH,9.91,9.92,9.75,9.89,525003
2023-12-06,601919.SH,9.86,10,9.79,9.96,482150
2023-12-07,601919.SH,9.94,10.05,9.91,9.93,409133
2023-12-10,601919.SH,9.9,10.02,9.78,9.99,557155
2023-12-11,601919.SH,9.99,10.1,9.97,10.1,537562
2023-12-12,601919.SH,10.08,10.13,10.04,10.05,385332
2023-12-13,601919.SH,10.06,10.15,10.04,10.1,402738
2023-12-14,601919.SH,10.11,10.2,10.02,10.03,583853
2023-12-17,601919.SH,10.33,10.68,10.27,10.63,2418370
2023-12-18,601919.SH,10.66,10.69,10.47,10.59,1432690
2023-12-19,601919.SH,10.12,10.39,9.99,10.02,1514889
2023-12-20,601919.SH,9.99,10.15,9.9,10.05,1059120
2023-12-21,601919.SH,10.14,10.39,10.12,10.19,1354270
2023-12-24,601919.SH,10.1,10.16,9.68,9.79,1531941
2023-12-25,601919.SH,9.9,10.04,9.73,9.75,834830
2023-12-26,601919.SH,9.85,9.98,9.7,9.72,946650
2023-12-27,601919.SH,9.71,9.72,9.49,9.62,1127937
2023-12-28,601919.SH,9.58,9.61,9.49,9.58,745525
2024-01-01,601919.SH,9.72,10.03,9.67,9.85,1607699
2024-01-02,601919.SH,10,10.03,9.86,9.91,968119
2024-01-03,601919.SH,10,10.17,9.96,10.07,1395113
2024-01-04,601919.SH,10.11,10.16,9.96,10.01,843040
2024-01-07,601919.SH,10.14,10.17,9.94,9.96,855369
2024-01-08,601919.SH,9.78,9.79,9.62,9.71,1089832
2024-01-09,601919.SH,9.52,9.6,9.34,9.35,1369891
2024-01-10,601919.SH,9.37,9.39,9.21,9.3,863607
2024-01-11,601919.SH,9.35,9.58,9.34,9.49,985233
2024-01-14,601919.SH,9.64,9.99,9.63,9.8,1480907
2024-01-15,601919.SH,9.8,9.84,9.6,9.72,841765
2024-01-16,601919.SH,9.71,9.75,9.52,9.53,726363
2024-01-17,601919.SH,9.53,9.59,9.26,9.54,1051390
2024-01-18,601919.SH,9.51,9.58,9.41,9.55,550788
2024-01-21,601919.SH,9.5,9.59,9.29,9.38,793322
2024-01-22,601919.SH,9.41,9.54,9.25,9.5,679719
2024-01-23,601919.SH,9.5,9.75,9.5,9.74,821040
2024-01-24,601919.SH,9.8,10.05,9.79,10.05,1331363
2024-01-25,601919.SH,10.11,10.28,10.09,10.2,1261645
2024-01-28,601919.SH,10.25,10.32,10.09,10.16,895864
2024-01-29,601919.SH,10.11,10.19,10.01,10.02,677218
2024-01-30,601919.SH,9.98,10.08,9.91,9.95,682817
2024-01-31,601919.SH,9.94,10,9.85,9.9,612616
2024-02-01,601919.SH,9.87,9.96,9.65,9.85,922166
2024-02-04,601919.SH,9.81,9.95,9.7,9.88,1056458
2024-02-05,601919.SH,9.87,10.09,9.83,10.04,1082143
2024-02-06,601919.SH,10.04,10.07,9.92,10.05,1151284
2024-02-07,601919.SH,10.05,10.12,9.99,10.06,1003861
2024-02-18,601919.SH,10.1,10.28,10.07,10.28,985970
2024-02-19,601919.SH,10.28,10.38,10.2,10.33,839262
2024-02-20,601919.SH,10.28,10.55,10.26,10.47,1012079
2024-02-21,601919.SH,10.47,10.74,10.41,10.73,1032439
2024-02-22,601919.SH,10.74,11.1,10.73,10.76,1331063
2024-02-25,601919.SH,10.7,10.75,10.46,10.47,1087645
2024-02-26,601919.SH,10.44,10.59,10.42,10.54,580366
2024-02-27,601919.SH,10.53,10.56,10.41,10.41,721032
2024-02-28,601919.SH,10.41,10.52,10.38,10.5,685837
2024-02-29,601919.SH,10.45,10.49,10.38,10.42,588629
2024-03-03,601919.SH,10.38,10.5,10.31,10.44,763401
2024-03-04,601919.SH,10.44,10.51,10.4,10.48,730480
2024-03-05,601919.SH,10.48,10.49,10.41,10.43,575794
2024-03-06,601919.SH,10.45,10.54,10.4,10.43,760682
2024-03-07,601919.SH,10.45,10.68,10.44,10.66,1112351
2024-03-10,601919.SH,10.67,10.93,10.6,10.68,1059408
2024-03-11,601919.SH,10.64,10.68,10.45,10.46,922347
2024-03-12,601919.SH,10.44,10.5,10.31,10.36,732747
2024-03-13,601919.SH,10.33,10.54,10.31,10.51,611225
2024-03-14,601919.SH,10.51,10.57,10.35,10.43,553741
2024-03-17,601919.SH,10.45,10.52,10.43,10.5,486883
2024-03-18,601919.SH,10.48,10.5,10.25,10.26,914477
2024-03-19,601919.SH,10.24,10.35,10.21,10.32,452639
2024-03-20,601919.SH,10.34,10.37,10.26,10.33,401438
2024-03-21,601919.SH,10.28,10.32,10.16,10.24,580336
2024-03-24,601919.SH,10.22,10.3,10.19,10.22,414055
2024-03-25,601919.SH,10.22,10.27,10.15,10.2,375899
2024-03-26,601919.SH,10.22,10.36,10.22,10.29,591552
2024-03-27,601919.SH,10.32,10.4,10.22,10.38,566225
2024-03-28,601919.SH,10.24,10.43,10.07,10.35,793609
2024-03-31,601919.SH,10.36,10.48,10.33,10.39,578628
2024-04-01,601919.SH,10.45,10.58,10.4,10.57,839739
2024-04-02,601919.SH,10.64,10.74,10.52,10.58,894687
2024-04-07,601919.SH,10.58,10.72,10.45,10.64,774267
2024-04-08,601919.SH,10.64,10.65,10.5,10.53,547130
2024-04-09,601919.SH,10.56,10.6,10.49,10.55,492322
2024-04-10,601919.SH,10.49,10.63,10.46,10.58,602773
2024-04-11,601919.SH,10.63,10.75,10.6,10.63,775685
2024-04-14,601919.SH,10.64,10.84,10.51,10.81,1187532
2024-04-15,601919.SH,10.83,10.91,10.68,10.72,1118393
2024-04-16,601919.SH,10.67,10.88,10.57,10.87,1007583
2024-04-17,601919.SH,10.8,10.93,10.78,10.85,936409
2024-04-18,601919.SH,10.85,11.29,10.82,10.98,1943311
2024-04-21,601919.SH,11.01,11.22,10.95,11.04,1452929
2024-04-22,601919.SH,11.04,11.12,10.88,10.97,975874
2024-04-23,601919.SH,10.97,11.16,10.94,11.15,822813
2024-04-24,601919.SH,11.15,11.37,11.12,11.33,1035293
2024-04-25,601919.SH,11.33,11.48,11.23,11.33,1008725
2024-04-28,601919.SH,11.39,11.68,11.29,11.33,1487873
2024-04-29,601919.SH,11.35,11.96,11.35,11.77,2264944
2024-05-05,601919.SH,12,12.06,11.79,12.02,1418191
2024-05-06,601919.SH,12.02,12.16,11.96,12.07,1058864
2024-05-07,601919.SH,12.1,12.28,12.08,12.21,1150671
2024-05-08,601919.SH,12.32,13.43,12.32,13.33,3205941
2024-05-09,601919.SH,13.39,13.57,13.2,13.35,2484905
2024-05-12,601919.SH,13.66,14.12,13.61,14.07,2926700
2024-05-13,601919.SH,14.09,14.21,13.81,13.96,2112195
2024-05-14,601919.SH,13.98,14.54,13.96,14.28,2107244
2024-05-15,601919.SH,14.5,14.64,14.06,14.1,2275042
2024-05-16,601919.SH,14.18,14.33,13.67,14.06,2493432
2024-05-19,601919.SH,14.16,14.42,14.16,14.4,1621616
2024-05-20,601919.SH,14.46,14.53,14.22,14.26,1130601
2024-05-21,601919.SH,14.27,14.32,13.98,14,1335741
2024-05-22,601919.SH,14,14.23,13.97,14.13,1192438
2024-05-23,601919.SH,14.13,14.28,13.98,14.14,896788
2024-05-26,601919.SH,14.42,15.2,14.41,15.04,2487688
2024-05-27,601919.SH,15.07,15.87,15,15.53,2772847
2024-05-28,601919.SH,15.5,15.68,15.23,15.61,1567871
2024-05-29,601919.SH,15.5,15.56,14.96,15.04,1784888
2024-05-30,601919.SH,15.08,15.4,15,15.04,1367007
2024-06-02,601919.SH,15.44,16.19,15.41,16.06,2607220
2024-06-03,601919.SH,15.9,16.69,15.89,16.58,2653976
2024-06-04,601919.SH,16.55,16.86,16.46,16.58,1766046
2024-06-05,601919.SH,16.99,17.58,16.7,16.85,3282278
2024-06-06,601919.SH,16.99,17.25,16.68,17.18,1971850
2024-06-10,601919.SH,17.23,17.32,15.46,15.46,4066357
2024-06-11,601919.SH,15.13,15.41,14.43,15.26,4859604
2024-06-12,601919.SH,15.09,15.3,14.73,15.02,2390075
2024-06-13,601919.SH,15.27,15.48,15.13,15.21,1962188
2024-06-16,601919.SH,15.1,15.19,14.63,15.02,1920680
2024-06-17,601919.SH,15.16,15.7,15.02,15.57,2134602
2024-06-18,601919.SH,15.56,15.8,15.45,15.58,1387517
2024-06-19,601919.SH,15.57,16.19,15.55,16.03,2038045
2024-06-20,601919.SH,16.06,16.18,15.55,16.05,2001117
2024-06-23,601919.SH,15.9,15.99,15.6,15.63,1410040
2024-06-24,601919.SH,15.51,15.82,15.41,15.52,1200163
2024-06-25,601919.SH,15.4,15.55,15.14,15.49,1358989
2024-06-26,601919.SH,15.49,15.69,14.9,15.02,1501554
2024-06-27,601919.SH,15,15.63,14.95,15.49,1426024
2024-06-30,601919.SH,15.68,16.1,15.61,15.82,1390450
2024-07-01,601919.SH,15.9,16.23,15.77,16.05,1552918
2024-07-02,601919.SH,16.15,16.19,15.44,15.47,1496881
2024-07-03,601919.SH,15.45,15.72,15.44,15.53,946178
2024-07-04,601919.SH,15.59,15.59,15.06,15.33,1176733
2024-07-07,601919.SH,14.5,14.64,14,14.4,2628874
2024-07-08,601919.SH,14.29,14.64,14.16,14.52,1599657
2024-07-09,601919.SH,14.64,14.73,14.32,14.37,1003047
2024-07-10,601919.SH,14.39,14.51,14.18,14.2,1280665
2024-07-11,601919.SH,13.9,13.92,13.3,13.54,2348133
2024-07-14,601919.SH,13.43,13.79,13.36,13.48,1186958
2024-07-15,601919.SH,13.41,13.61,13.31,13.47,925140
2024-07-16,601919.SH,13.38,13.43,13.05,13.21,1143352
2024-07-17,601919.SH,13.13,13.43,13.07,13.27,920860
2024-07-18,601919.SH,13.18,13.25,12.98,13.19,891827
2024-07-21,601919.SH,13.09,13.16,12.88,13.13,986738
2024-07-22,601919.SH,13.22,13.39,13.1,13.1,1026366
2024-07-23,601919.SH,13.05,13.22,12.98,13.06,743376
2024-07-24,601919.SH,13.01,13.14,12.78,12.89,857302
2024-07-25,601919.SH,12.89,13.04,12.76,12.82,682770
2024-07-28,601919.SH,12.91,13.14,12.67,13.06,1212413
2024-07-29,601919.SH,13.03,13.05,12.84,12.9,897071
2024-07-30,601919.SH,12.83,13.4,12.73,13.15,1452525
2024-07-31,601919.SH,13.1,13.5,13.09,13.26,1336515
2024-08-01,601919.SH,13.17,13.38,12.95,13.23,720925
2024-08-04,601919.SH,13.1,13.26,12.81,12.81,907570
2024-08-05,601919.SH,12.93,13.01,12.62,12.71,756748
2024-08-06,601919.SH,12.68,12.97,12.65,12.87,584487
2024-08-07,601919.SH,12.73,12.79,12.38,12.42,1210589
2024-08-08,601919.SH,12.47,12.53,12.3,12.31,732415
2024-08-11,601919.SH,12.3,12.44,12.26,12.37,521579
2024-08-12,601919.SH,12.47,12.7,12.35,12.49,715930
2024-08-13,601919.SH,12.4,12.42,12.25,12.27,485713
2024-08-14,601919.SH,12.22,12.52,12.18,12.48,623937
2024-08-15,601919.SH,12.51,12.73,12.45,12.67,630840
2024-08-18,601919.SH,12.67,12.93,12.6,12.7,652457
2024-08-19,601919.SH,12.8,12.83,12.36,12.41,568885
2024-08-20,601919.SH,12.41,12.52,12.32,12.52,441923
2024-08-21,601919.SH,12.47,12.58,12.27,12.57,523810
2024-08-22,601919.SH,12.41,12.53,12.3,12.37,534088
2024-08-25,601919.SH,12.41,12.5,12.31,12.49,448882
2024-08-26,601919.SH,12.38,12.47,12.24,12.44,401267
2024-08-27,601919.SH,12.41,12.58,12.3,12.38,521194
2024-08-28,601919.SH,12.32,12.34,11.94,12.15,789804
2024-08-29,601919.SH,12.49,12.73,12.36,12.52,1358158
2024-09-01,601919.SH,12.46,12.58,12.28,12.42,766790
2024-09-02,601919.SH,12.44,12.62,12.1,12.2,838335
2024-09-03,601919.SH,12.13,12.26,12.12,12.13,433214
2024-09-04,601919.SH,12.18,12.18,11.95,11.96,591783
2024-09-05,601919.SH,11.97,12.03,11.82,11.85,419430
2024-09-08,601919.SH,11.79,11.84,11.55,11.63,680427
2024-09-09,601919.SH,11.7,11.78,11.47,11.61,497916
2024-09-10,601919.SH,11.58,11.63,11.47,11.59,426545
2024-09-11,601919.SH,11.65,11.94,11.65,11.81,605978
2024-09-12,601919.SH,11.79,12.08,11.79,11.92,667809
2024-09-17,601919.SH,11.98,12.3,11.96,12.3,737334
2024-09-18,601919.SH,12.4,12.68,12.22,12.66,1057922
2024-09-19,601919.SH,12.69,13.03,12.6,12.98,1131646
2024-09-22,601919.SH,12.99,13.36,12.91,13.25,1035940
2024-09-23,601919.SH,13.42,13.81,13.25,13.81,1352876
2024-09-24,601919.SH,14.12,14.25,13.85,14.03,1587212
2024-09-25,601919.SH,13.95,14.54,13.93,14.53,1358255
2024-09-26,601919.SH,14.69,14.9,14.26,14.84,1159035
2024-09-29,601919.SH,15.13,15.95,14.88,15.71,2979932
2024-10-07,601919.SH,17.28,17.28,15.9,16.61,3552120
2024-10-08,601919.SH,16.35,16.35,14.96,14.99,2817257
2024-10-09,601919.SH,14.88,15.49,14.68,15.11,2153761
2024-10-10,601919.SH,15.17,15.17,14.51,14.72,1182558
2024-10-13,601919.SH,14.77,15.02,14.72,14.86,1125402
2024-10-14,601919.SH,14.76,14.89,14.52,14.52,969854
2024-10-15,601919.SH,14.34,14.6,14.3,14.41,746614
2024-10-16,601919.SH,14.49,14.54,14,14.04,1055674
2024-10-17,601919.SH,14.06,14.45,13.9,14.23,1218418
2024-10-20,601919.SH,14.95,15.01,14.43,14.52,1605330
2024-10-21,601919.SH,14.53,14.92,14.53,14.86,1270376
2024-10-22,601919.SH,14.89,14.99,14.7,14.82,1006632
2024-10-23,601919.SH,14.7,14.92,14.6,14.82,806655
2024-10-24,601919.SH,14.8,15.07,14.7,14.73,975649
2024-10-27,601919.SH,14.74,14.85,14.58,14.67,868632
2024-10-28,601919.SH,14.67,14.74,14.42,14.52,870315
2024-10-29,601919.SH,14.48,14.54,14.2,14.33,913474
2024-10-30,601919.SH,14.51,14.76,14.35,14.58,1413495
2024-10-31,601919.SH,14.68,15.83,14.66,15.44,2939811
2024-11-03,601919.SH,15.57,15.65,15.04,15.26,1656649
2024-11-04,601919.SH,15.26,15.38,15.09,15.38,1441571
2024-11-05,601919.SH,15.31,15.42,14.95,15.01,1559498
2024-11-06,601919.SH,14.7,15.09,14.58,15.09,1493600
2024-11-07,601919.SH,15.13,15.2,14.75,14.85,1445065
2024-11-10,601919.SH,14.68,14.72,14.46,14.67,1375922
2024-11-11,601919.SH,14.65,14.91,14.41,14.5,1360038
2024-11-12,601919.SH,14.45,14.66,14.42,14.6,915135
2024-11-13,601919.SH,14.65,14.74,14.37,14.38,971980
2024-11-14,601919.SH,14.49,14.83,14.42,14.51,1438622
2024-11-17,601919.SH,14.68,15.08,14.55,14.64,2068834
2024-11-18,601919.SH,14.6,14.6,14.32,14.48,1283756
2024-11-19,601919.SH,14.38,14.55,14.36,14.52,693373
2024-11-20,601919.SH,14.51,14.54,14.39,14.5,630941
2024-11-21,601919.SH,14.48,14.57,14.11,14.12,985582
2024-11-24,601919.SH,14.12,14.29,13.84,13.99,996410
2024-11-25,601919.SH,13.81,13.93,13.56,13.83,1091081
2024-11-26,601919.SH,13.69,13.9,13.5,13.89,850986
2024-11-27,601919.SH,13.91,13.93,13.54,13.57,821541
2024-11-28,601919.SH,13.57,13.7,13.52,13.59,762841
2024-12-01,601919.SH,13.68,13.92,13.68,13.9,864992
2024-12-02,601919.SH,13.93,14.24,13.92,14.24,1040827
2024-12-03,601919.SH,14.15,14.26,14.01,14.19,678073
2024-12-04,601919.SH,14.17,14.2,14.02,14.06,494125
2024-12-05,601919.SH,14.1,14.23,14.08,14.14,568635
2024-12-08,601919.SH,14.1,14.18,13.99,14.15,607668
2024-12-09,601919.SH,14.41,14.48,14.05,14.09,976410
2024-12-10,601919.SH,14.09,14.23,14.03,14.22,765768
2024-12-11,601919.SH,14.17,14.65,14.16,14.51,1410652
2024-12-12,601919.SH,14.48,14.52,14.27,14.27,1308641
2024-12-15,601919.SH,14.45,14.85,14.43,14.68,1587412
2024-12-16,601919.SH,14.78,15.24,14.78,14.94,1996399
2024-12-17,601919.SH,14.92,15.14,14.86,14.98,1122614
2024-12-18,601919.SH,14.8,14.94,14.72,14.8,954639
2024-12-19,601919.SH,14.8,14.87,14.46,14.48,989074
2024-12-22,601919.SH,14.49,14.8,14.49,14.69,833091
2024-12-23,601919.SH,14.8,15.22,14.76,15.07,1658821
2024-12-24,601919.SH,15.09,15.19,14.97,15.05,750837
2024-12-25,601919.SH,15.08,15.12,14.88,15.1,719624
2024-12-26,601919.SH,15.09,15.23,14.95,15.2,978810
2024-12-29,601919.SH,15.2,15.75,15.2,15.7,1681689
2024-12-30,601919.SH,15.7,15.79,15.47,15.5,1247411
2025-01-01,601919.SH,15.55,15.67,14.94,15.03,1437508
2025-01-02,601919.SH,15.1,15.29,14.9,14.96,1034909
2025-01-05,601919.SH,15.09,15.14,14.69,14.95,898484
2025-01-06,601919.SH,14.77,14.88,14.52,14.76,927875
2025-01-07,601919.SH,14.72,15.05,14.58,14.71,983553
2025-01-08,601919.SH,14.5,14.52,14.06,14.13,1383225
2025-01-09,601919.SH,14.26,14.28,14.09,14.14,713972
2025-01-12,601919.SH,14.31,14.44,14.14,14.19,1046288
2025-01-13,601919.SH,14.19,14.55,14.15,14.49,989022
2025-01-14,601919.SH,14.52,14.76,14.38,14.51,1016693
2025-01-15,601919.SH,14.4,14.59,14.31,14.41,883431
2025-01-16,601919.SH,14.38,14.45,14.26,14.28,616969
2025-01-19,601919.SH,14.35,14.38,14.13,14.16,809589
2025-01-20,601919.SH,14.17,14.22,14.01,14.11,655359
2025-01-21,601919.SH,14.1,14.1,13.97,14.05,566648
2025-01-22,601919.SH,14.18,14.37,14.18,14.31,1031842
2025-01-23,601919.SH,14.3,14.33,14.2,14.26,636180
2025-01-26,601919.SH,14.25,14.45,14.25,14.27,695752
2025-02-04,601919.SH,14.27,14.27,14.03,14.09,831728
2025-02-05,601919.SH,14.1,14.16,14.05,14.15,567016
2025-02-06,601919.SH,14.16,14.64,14.1,14.6,1319810
2025-02-09,601919.SH,14.54,14.54,14.36,14.37,906674
2025-02-10,601919.SH,14.47,14.69,14.46,14.63,1043972
2025-02-11,601919.SH,14.63,14.9,14.53,14.64,840405
2025-02-12,601919.SH,14.59,14.65,14.52,14.56,564387
2025-02-13,601919.SH,14.6,14.65,14.49,14.63,574143
2025-02-16,601919.SH,14.67,14.82,14.6,14.81,884520
2025-02-17,601919.SH,14.82,14.86,14.59,14.63,690471
2025-02-18,601919.SH,14.64,14.69,14.49,14.53,695304
2025-02-19,601919.SH,14.5,14.5,14.27,14.35,682143
2025-02-20,601919.SH,14.39,14.44,14.29,14.35,646830
2025-02-23,601919.SH,14.01,14.01,13.58,13.98,1505644
2025-02-24,601919.SH,13.88,13.96,13.77,13.79,734860
2025-02-25,601919.SH,13.78,13.97,13.77,13.82,731823
2025-02-26,601919.SH,13.8,13.82,13.68,13.75,643662
2025-02-27,601919.SH,13.72,13.81,13.61,13.62,733380
2025-03-02,601919.SH,13.62,13.66,13.48,13.52,715441
2025-03-03,601919.SH,13.48,13.61,13.46,13.6,475536
2025-03-04,601919.SH,13.6,13.72,13.56,13.7,579132
2025-03-05,601919.SH,13.71,13.79,13.64,13.77,615338
2025-03-06,601919.SH,13.74,13.84,13.68,13.74,513680
2025-03-09,601919.SH,13.68,13.79,13.58,13.78,609036
2025-03-10,601919.SH,13.67,13.8,13.64,13.8,474950
2025-03-11,601919.SH,13.84,14.12,13.78,14.1,962677
2025-03-12,601919.SH,14.06,14.22,14,14.05,767380
2025-03-13,601919.SH,14.06,14.26,14.05,14.22,744490
2025-03-16,601919.SH,14.27,14.33,14.21,14.29,664486
2025-03-17,601919.SH,14.29,14.44,14.14,14.38,774256
2025-03-18,601919.SH,14.31,14.38,14.21,14.26,543385
2025-03-19,601919.SH,14.26,14.56,14.24,14.45,802198
2025-03-20,601919.SH,14.4,14.54,14.2,14.26,781452
2025-03-23,601919.SH,14.5,14.72,14.42,14.6,1538089
2025-03-24,601919.SH,14.6,14.68,14.52,14.66,870134
2025-03-25,601919.SH,14.68,14.68,14.47,14.53,744248
2025-03-26,601919.SH,14.53,14.66,14.46,14.49,627060
2025-03-27,601919.SH,14.5,14.52,14.37,14.45,542001
2025-03-30,601919.SH,14.42,14.65,14.38,14.55,780815
2025-03-31,601919.SH,14.55,14.58,14.45,14.53,495809
2025-04-01,601919.SH,14.53,14.65,14.5,14.59,515867
2025-04-02,601919.SH,14.35,14.35,14.04,14.16,1222932
2025-04-06,601919.SH,12.98,13.2,12.74,12.74,2213719
2025-04-07,601919.SH,13.03,13.32,12.96,13.29,1871572
2025-04-08,601919.SH,13.3,13.49,13.06,13.49,1394427
2025-04-09,601919.SH,14.09,14.15,13.75,14.12,1513227
2025-04-10,601919.SH,14.12,14.12,13.95,14,789184
2025-04-13,601919.SH,13.95,14.2,13.95,14.16,817854
2025-04-14,601919.SH,14.18,14.26,14.09,14.26,621712
2025-04-15,601919.SH,14.25,14.35,14.13,14.35,771405
2025-04-16,601919.SH,14.29,14.3,14.11,14.23,699718
2025-04-17,601919.SH,14.12,14.29,14.09,14.22,437086
2025-04-20,601919.SH,14.17,14.27,14.15,14.18,447851
2025-04-21,601919.SH,14.17,14.22,14.14,14.17,400173
2025-04-22,601919.SH,14.25,14.3,14.21,14.27,428629
2025-04-23,601919.SH,14.28,14.3,14.2,14.23,478342
2025-04-24,601919.SH,14.23,14.38,14.21,14.38,563187
2025-04-27,601919.SH,14.36,14.47,14.28,14.44,540040
2025-04-28,601919.SH,14.44,14.55,14.39,14.47,456164
2025-04-29,601919.SH,14.5,14.6,14.34,14.36,781641
2025-05-05,601919.SH,14.46,14.56,14.4,14.56,798239
2025-05-06,601919.SH,14.79,14.83,14.63,14.8,908856
2025-05-07,601919.SH,14.74,14.83,14.66,14.67,641364
2025-05-08,601919.SH,14.69,14.94,14.67,14.91,866258
2025-05-11,601919.SH,15.03,15.35,15.03,15.25,1026679
2025-05-12,601919.SH,15.8,15.8,15.32,15.67,1950276
2025-05-13,601919.SH,15.78,16.5,15.71,16.37,2901847
2025-05-14,601919.SH,16.6,16.66,15.96,16.06,2403733
2025-05-15,601919.SH,15.88,16.12,15.81,16.05,1423193
2025-05-18,601919.SH,16.14,16.45,16.06,16.26,1421510
2025-05-19,601919.SH,16.3,16.38,16.04,16.35,1459289
2025-05-20,601919.SH,16.32,16.78,16.32,16.62,1253294
2025-05-21,601919.SH,16.71,16.78,16.55,16.71,873064
2025-05-22,601919.SH,16.73,16.89,16.52,16.56,1033024
2025-05-25,601919.SH,16.54,16.78,16.4,16.52,988574
2025-05-26,601919.SH,16.51,16.58,16.06,16.1,1223395
2025-05-27,601919.SH,16.1,16.34,16.1,16.27,734997
2025-05-28,601919.SH,16.39,16.6,16.32,16.38,801163
2025-05-29,601919.SH,16.4,16.7,16.32,16.39,792852
2025-06-02,601919.SH,16.33,16.36,16.13,16.22,729187
2025-06-03,601919.SH,16.3,16.3,16.11,16.13,577967
2025-06-04,601919.SH,16.12,16.17,15.85,15.92,910806
2025-06-05,601919.SH,15.99,16.09,15.9,15.93,510685
2025-06-08,601919.SH,15.96,16,15.82,15.91,451543
2025-06-09,601919.SH,15.92,16.07,15.88,15.99,784092
2025-06-10,601919.SH,16.04,16.2,15.99,16.02,934777
2025-06-11,601919.SH,16.06,16.09,15.85,15.92,630643
2025-06-12,601919.SH,15.89,16.42,15.89,16.19,1401076
2025-06-15,601919.SH,16.25,16.27,16,16.12,633597
2025-06-16,601919.SH,16.16,16.41,16.1,16.34,881499
2025-06-17,601919.SH,16.37,16.41,16.27,16.34,540333
2025-06-18,601919.SH,16.31,16.33,16.05,16.12,760855
2025-06-19,601919.SH,16.1,16.36,16.07,16.33,667954
2025-06-22,601919.SH,16.47,16.56,16.13,16.27,1050732
2025-06-23,601919.SH,16.15,16.34,15.9,16.19,1264204
2025-06-24,601919.SH,15.25,15.28,14.86,15.06,1662533
2025-06-25,601919.SH,14.96,15.15,14.95,15,771990
2025-06-26,601919.SH,15,15.07,14.96,15.04,552281
2025-06-29,601919.SH,15.06,15.13,15,15.04,471226
2025-06-30,601919.SH,15.09,15.26,15.03,15.24,682745
2025-07-01,601919.SH,15.28,15.32,15.2,15.26,648896
2025-07-02,601919.SH,15.26,15.53,15.23,15.5,723880
2025-07-03,601919.SH,15.49,15.59,15.39,15.48,557174
2025-07-06,601919.SH,15.46,15.48,15.34,15.41,407346
2025-07-07,601919.SH,15.44,15.47,15.27,15.32,556721
2025-07-08,601919.SH,15.33,15.38,15.21,15.23,494204
2025-07-09,601919.SH,15.23,15.28,15.2,15.22,572947
2025-07-10,601919.SH,15.25,15.48,15.23,15.23,874352
2025-07-13,601919.SH,15.3,15.47,15.3,15.33,544322
2025-07-14,601919.SH,15.39,15.43,15.26,15.35,571986
2025-07-15,601919.SH,15.35,15.6,15.35,15.39,631251
2025-07-16,601919.SH,15.44,15.47,15.16,15.17,967233
2025-07-17,601919.SH,15.19,15.31,15.18,15.29,535207
2025-07-20,601919.SH,15.3,15.61,15.3,15.61,1103848
2025-07-21,601919.SH,15.63,16.49,15.61,16.18,1669205
2025-07-22,601919.SH,16.29,16.34,16.07,16.11,1031917
2025-07-23,601919.SH,16.19,16.43,16.11,16.34,1021104
2025-07-24,601919.SH,16.4,16.72,16.24,16.43,1207210
2025-07-27,601919.SH,16.47,16.5,15.95,15.97,1462514
2025-07-28,601919.SH,15.97,16.04,15.81,15.9,817856
2025-07-29,601919.SH,15.9,16.12,15.86,15.98,765487
2025-07-30,601919.SH,15.95,15.98,15.59,15.64,1054913
2025-07-31,601919.SH,15.66,15.71,15.46,15.5,695580
2025-08-03,601919.SH,15.35,15.45,15.29,15.4,775376
2025-08-04,601919.SH,15.44,15.48,15.37,15.46,671568
2025-08-05,601919.SH,15.46,15.64,15.41,15.63,712228
2025-08-06,601919.SH,15.65,15.74,15.54,15.64,586581
2025-08-07,601919.SH,15.71,15.9,15.61,15.79,743430
2025-08-10,601919.SH,15.79,15.8,15.64,15.67,639641
2025-08-11,601919.SH,15.72,15.79,15.65,15.66,647911
2025-08-12,601919.SH,15.75,15.76,15.62,15.65,657823
2025-08-13,601919.SH,15.66,15.77,15.56,15.56,737109
2025-08-14,601919.SH,15.54,15.58,15.41,15.46,859252
2025-08-17,601919.SH,15.46,15.6,15.4,15.4,1059575
2025-08-18,601919.SH,15.43,15.49,15.28,15.29,995594
2025-08-19,601919.SH,15.3,15.57,15.2,15.55,1026496
2025-08-20,601919.SH,15.55,15.72,15.51,15.66,914816
2025-08-21,601919.SH,15.67,15.71,15.51,15.67,718808
2025-08-24,601919.SH,15.67,15.95,15.64,15.94,1225799
2025-08-25,601919.SH,15.91,16.05,15.8,15.96,956736
2025-08-26,601919.SH,15.92,16,15.61,15.65,1266747
2025-08-27,601919.SH,15.62,15.95,15.62,15.94,966588
2025-08-28,601919.SH,15.6,15.61,15.28,15.28,2708101
2025-08-31,601919.SH,15.22,15.29,15.13,15.19,1313059
2025-09-01,601919.SH,15.22,15.4,15.18,15.33,1086428
2025-09-02,601919.SH,15.4,15.42,15.11,15.16,845497
2025-09-03,601919.SH,15.14,15.22,14.93,15.16,1069405
2025-09-04,601919.SH,15.16,15.17,15.05,15.12,636814
2025-09-07,601919.SH,15.05,15.26,15.03,15.23,799968
2025-09-08,601919.SH,15.21,15.24,15.07,15.11,644422
2025-09-09,601919.SH,15.11,15.13,15.02,15.05,515443
2025-09-10,601919.SH,15.03,15.08,14.93,15.08,841636
2025-09-11,601919.SH,15.06,15.17,14.99,15.01,673430
2025-09-14,601919.SH,15.01,15.02,14.88,14.95,674167
2025-09-15,601919.SH,14.95,15,14.87,14.9,527937
2025-09-16,601919.SH,14.91,15.01,14.87,14.94,609986
2025-09-17,601919.SH,14.95,14.98,14.62,14.69,1101410
2025-09-18,601919.SH,14.68,14.9,14.62,14.88,802153
2025-09-21,601919.SH,14.81,14.82,14.43,14.43,1180705
2025-09-22,601919.SH,14.45,14.56,14.33,14.53,824293
2025-09-23,601919.SH,14.49,14.54,14.37,14.43,681119
2025-09-24,601919.SH,14.45,14.45,14.33,14.37,520201
2025-09-25,601919.SH,14.33,14.43,14.3,14.36,482736
2025-09-28,601919.SH,14.3,14.34,14.11,14.25,860102
2025-09-29,601919.SH,14.25,14.35,14.2,14.34,601956
2025-10-08,601919.SH,14.15,14.39,14.03,14.38,874694
2025-10-09,601919.SH,14.3,14.61,14.28,14.52,903787
2025-10-12,601919.SH,14.26,14.48,14.2,14.44,909505
2025-10-13,601919.SH,14.59,14.93,14.58,14.87,1435863
2025-10-14,601919.SH,14.86,14.86,14.62,14.74,857704
2025-10-15,601919.SH,14.75,14.99,14.74,14.99,1193971
2025-10-16,601919.SH,15.02,15.1,14.9,14.96,930057
2025-10-19,601919.SH,14.9,14.99,14.76,14.86,683846
2025-10-20,601919.SH,14.9,14.97,14.78,14.93,688778
2025-10-21,601919.SH,14.94,15.07,14.94,15.03,673249
2025-10-22,601919.SH,14.97,15.07,14.9,15.05,748963
2025-10-23,601919.SH,14.6,14.67,14.5,14.51,863674
2025-10-26,601919.SH,14.65,14.91,14.6,14.87,1166316
2025-10-27,601919.SH,14.89,14.91,14.76,14.76,680897
2025-10-28,601919.SH,14.8,14.9,14.65,14.84,598696
2025-10-29,601919.SH,14.87,15.02,14.82,14.88,877141
2025-10-30,601919.SH,15.03,15.33,15.01,15.01,1243347
2025-11-02,601919.SH,15.03,15.25,15.03,15.19,929406
2025-11-03,601919.SH,15.2,15.26,14.98,15.03,733424
2025-11-04,601919.SH,14.95,15.09,14.86,15.02,617467
2025-11-05,601919.SH,15.05,15.23,14.98,15.15,660741
2025-11-06,601919.SH,15.17,15.5,15.12,15.44,1165390
2025-11-09,601919.SH,15.46,15.52,15.35,15.41,773568
2025-11-10,601919.SH,15.43,15.48,15.25,15.39,599981
2025-11-11,601919.SH,15.4,15.55,15.39,15.46,631952
2025-11-12,601919.SH,15.48,15.55,15.38,15.54,659369
2025-11-13,601919.SH,15.49,15.56,15.31,15.33,551890
2025-11-16,601919.SH,15.31,15.35,15.01,15.08,737485
2025-11-17,601919.SH,15.04,15.08,14.95,14.97,800344
2025-11-18,601919.SH,15.06,15.28,15.04,15.25,655990
2025-11-19,601919.SH,15.27,15.29,15.05,15.08,477254
2025-11-20,601919.SH,15.02,15.13,14.92,14.97,842275
2025-11-23,601919.SH,14.97,15,14.83,14.83,718891
2025-11-24,601919.SH,14.87,14.88,14.68,14.77,576244
2025-11-25,601919.SH,14.77,14.83,14.7,14.7,437109
2025-11-26,601919.SH,14.71,14.72,14.63,14.67,403620
2025-11-27,601919.SH,14.66,14.68,14.58,14.61,414320
2025-11-30,601919.SH,14.6,15.12,14.6,15.12,909963
2025-12-01,601919.SH,15.11,15.11,14.93,14.96,410852
2025-12-02,601919.SH,14.94,15.08,14.92,14.97,332682
2025-12-03,601919.SH,14.99,15.1,14.96,15.03,282634
2025-12-04,601919.SH,15.03,15.08,14.94,14.98,333094
2025-12-07,601919.SH,15.01,15.03,14.83,14.85,449546
2025-12-08,601919.SH,14.86,15,14.81,14.95,394034
2025-12-09,601919.SH,14.96,14.96,14.85,14.93,398183
2025-12-10,601919.SH,14.93,15.08,14.93,15.03,650515
2025-12-11,601919.SH,15.05,15.12,14.98,14.98,879307
2025-12-14,601919.SH,14.99,15.22,14.9,15.04,603001
2025-12-15,601919.SH,15.04,15.06,14.86,14.97,500464
2025-12-16,601919.SH,14.99,15.22,14.94,15.16,770536
2025-12-17,601919.SH,15.16,15.4,15.13,15.37,688340
2025-12-18,601919.SH,15.33,15.4,15.18,15.29,514385
2025-12-21,601919.SH,15.3,15.37,15.24,15.34,505917
2025-12-22,601919.SH,15.36,15.49,15.29,15.4,607505
2025-12-23,601919.SH,15.41,15.45,15.24,15.34,464339
2025-12-24,601919.SH,15.29,15.3,15.15,15.17,430108
2025-12-25,601919.SH,15.15,15.27,15.11,15.24,451508
2025-12-28,601919.SH,15.23,15.3,15.15,15.21,440119
2025-12-29,601919.SH,15.17,15.45,15.07,15.27,547475
2025-12-30,601919.SH,15.26,15.39,15.15,15.18,414446
2026-01-04,601919.SH,15.12,15.21,14.88,14.9,1211391
2026-01-05,601919.SH,14.92,14.97,14.85,14.97,729900
2026-01-06,601919.SH,14.98,15.1,14.88,14.89,658704
2026-01-07,601919.SH,14.88,14.88,14.78,14.84,680502
2026-01-08,601919.SH,14.85,14.91,14.82,14.9,558703
2026-01-11,601919.SH,14.82,14.87,14.77,14.83,748669
2026-01-12,601919.SH,14.88,15,14.82,14.85,782687
2026-01-13,601919.SH,14.87,14.9,14.66,14.67,1231221
2026-01-14,601919.SH,14.67,14.72,14.6,14.62,675321
2026-01-15,601919.SH,14.67,14.68,14.4,14.44,975389
2026-01-18,601919.SH,14.4,14.54,14.35,14.46,636263
2026-01-19,601919.SH,14.51,14.64,14.44,14.61,653747
2026-01-20,601919.SH,14.57,14.68,14.45,14.49,721403
2026-01-21,601919.SH,14.5,14.69,14.47,14.55,610393
2026-01-22,601919.SH,14.55,14.58,14.4,14.42,834285
2026-01-25,601919.SH,14.42,14.57,14.36,14.47,860774
2026-01-26,601919.SH,14.48,14.58,14.36,14.37,772920
2026-01-27,601919.SH,14.39,14.67,14.32,14.37,1878304
2026-01-28,601919.SH,14.37,14.5,14.15,14.48,1543415
2026-01-29,601919.SH,14.45,14.64,14.33,14.39,964424
2026-02-01,601919.SH,14.39,14.45,14.13,14.15,1067052
2026-02-02,601919.SH,14.21,14.33,14.14,14.22,651767
2026-02-03,601919.SH,14.24,14.59,14.21,14.57,1368941
2026-02-04,601919.SH,14.57,14.67,14.51,14.59,657397
2026-02-05,601919.SH,14.55,14.57,14.4,14.49,536190
2026-02-08,601919.SH,14.5,14.53,14.45,14.51,457583
2026-02-09,601919.SH,14.5,14.51,14.44,14.46,345807
2026-02-10,601919.SH,14.49,14.66,14.45,14.56,440665
2026-02-11,601919.SH,14.57,14.62,14.51,14.53,489798
2026-02-12,601919.SH,14.53,14.55,14.3,14.31,727746
2026-02-23,601919.SH,14.55,14.86,14.54,14.83,1598321
2026-02-24,601919.SH,14.84,15.2,14.75,14.8,1919067
2026-02-25,601919.SH,14.84,15.1,14.8,15.07,1176090
2026-02-26,601919.SH,15.1,15.11,14.95,15.01,802744
2026-03-01,601919.SH,15.47,15.49,14.95,15.44,2948627
2026-03-02,601919.SH,15.5,16.98,15.31,16.97,5663360
2026-03-03,601919.SH,16.5,16.5,15.27,15.85,3792399
2026-03-04,601919.SH,15.71,16.14,15.49,15.78,2633098
2026-03-05,601919.SH,15.65,15.88,15.47,15.79,1487880
2026-03-08,601919.SH,16.02,16.24,15.51,15.52,1910308
2026-03-09,601919.SH,15.3,15.67,15.26,15.4,1189997
2026-03-10,601919.SH,15.36,15.78,15.3,15.75,1301929
2026-03-11,601919.SH,15.73,16,15.66,15.94,1267834
2026-03-12,601919.SH,15.82,16,15.74,15.78,1265149
2026-03-15,601919.SH,15.77,16.14,15.69,16.08,1292222
2026-03-16,601919.SH,16.07,16.41,16,16.14,1111792
2026-03-17,601919.SH,16.15,16.42,15.98,16.2,1028569
2026-03-18,601919.SH,16.14,16.29,15.98,15.98,1023909
2026-03-19,601919.SH,15.69,15.96,15.65,15.83,1486433
2026-03-22,601919.SH,15.66,15.7,15.33,15.38,1440992
2026-03-23,601919.SH,15.49,15.65,15.35,15.5,1056000
2026-03-24,601919.SH,15.48,15.48,15.08,15.17,1233399
2026-03-25,601919.SH,15.3,15.42,15.21,15.26,810516
2026-03-26,601919.SH,15.16,15.25,15.06,15.17,724383
2026-03-29,601919.SH,15.17,15.46,15.1,15.37,974881
2026-03-30,601919.SH,15.41,15.48,15,15.01,828198
2026-03-31,601919.SH,15.1,15.22,15.03,15.18,676076
2026-04-01,601919.SH,15.1,15.31,15.09,15.2,640986
2026-04-02,601919.SH,15.21,15.25,14.95,15.04,662855
2026-04-06,601919.SH,15.04,15.18,15,15.1,450747
2026-04-07,601919.SH,15.16,15.24,15.07,15.2,911908
2026-04-08,601919.SH,15.15,15.22,15.08,15.2,577286
2026-04-09,601919.SH,15.28,15.4,15.15,15.2,624765
2026-04-12,601919.SH,15.2,15.2,14.85,15.09,923180
2026-04-13,601919.SH,15.14,15.16,15.03,15.15,500859
2026-04-14,601919.SH,15.16,15.25,15.07,15.08,567566
2026-04-15,601919.SH,15.08,15.12,14.87,14.92,820582
2026-04-16,601919.SH,14.88,14.91,14.65,14.72,641120
2026-04-19,601919.SH,14.7,14.73,14.56,14.58,727077
2026-04-20,601919.SH,14.58,14.68,14.54,14.62,608762
2026-04-21,601919.SH,14.6,14.61,14.43,14.46,602212
2026-04-22,601919.SH,14.43,14.49,14.38,14.45,562918
2026-04-23,601919.SH,14.44,14.49,14.32,14.4,641073
2026-04-26,601919.SH,14.4,14.41,14.2,14.2,767752
2026-04-27,601919.SH,14.22,14.33,14.08,14.23,871181
2026-04-28,601919.SH,14.24,14.39,14.22,14.36,1211015
2026-04-29,601919.SH,14.26,14.29,14.1,14.12,979388
2026-05-05,601919.SH,14.2,14.23,14.04,14.14,1168479
2026-05-06,601919.SH,14.16,14.25,14.06,14.07,1067840
2026-05-07,601919.SH,14.08,14.12,14.03,14.03,905822
2026-05-10,601919.SH,14.03,14.07,13.93,14.05,1069943
2026-05-11,601919.SH,14.05,14.17,14.05,14.09,848578
2026-05-12,601919.SH,14.11,14.15,14.03,14.09,633512
2026-05-13,601919.SH,14.11,14.37,14.1,14.3,1503954
2026-05-14,601919.SH,14.35,14.36,14.05,14.17,1008873
2026-05-17,601919.SH,14.18,14.21,13.98,14,843979
2026-05-18,601919.SH,14.01,14.09,13.97,14.02,538120
2026-05-19,601919.SH,14.04,14.59,14.03,14.49,1746684
2026-05-20,601919.SH,14.48,14.84,14.42,14.67,1608085
2026-05-21,601919.SH,14.68,14.74,14.46,14.61,1009648
2026-05-24,601919.SH,14.7,14.9,14.6,14.65,991295
2026-05-25,601919.SH,14.59,14.72,14.41,14.56,776001
2026-05-26,601919.SH,14.55,14.55,14.2,14.34,783715
2026-05-27,601919.SH,14.34,14.41,14.13,14.17,626993
2026-05-28,601919.SH,14.14,14.3,14.14,14.14,753758
2026-05-31,601919.SH,14.4,14.94,14.4,14.86,1714288
2026-06-01,601919.SH,14.94,14.98,14.78,14.91,989225
2026-06-02,601919.SH,14.89,14.89,14.56,14.64,870027
2026-06-03,601919.SH,14.61,14.68,14.46,14.47,612053
2026-06-04,601919.SH,14.64,15.2,14.62,15,1584075
2026-06-07,601919.SH,14.9,15.08,14.82,15.02,1099966
2026-06-08,601919.SH,14.86,14.97,14.66,14.81,1001588
2026-06-09,601919.SH,14.71,14.81,14.38,14.41,1066534
2026-06-10,601919.SH,14.46,14.56,14.19,14.23,1093635
2026-06-11,601919.SH,14.27,14.65,14.24,14.57,1595314
2026-06-14,601919.SH,14.77,14.92,14.4,14.49,1250519
2026-06-15,601919.SH,14.32,14.38,14.17,14.24,1007754
2026-06-16,601919.SH,14.25,14.25,14,14.04,1131846
2026-06-17,601919.SH,14.05,14.12,13.8,13.8,1257202
2026-06-21,601919.SH,13.78,14.21,13.6,14.15,1133982
2026-06-22,601919.SH,14.16,14.3,13.97,13.99,795814
2026-06-23,601919.SH,14.03,14.27,13.9,14,835147
2026-06-24,601919.SH,13.89,14.02,13.77,13.82,909731
2026-06-25,601919.SH,13.51,13.51,13.25,13.39,817503
2026-06-28,601919.SH,13.4,13.45,13.1,13.4,721625
2026-06-29,601919.SH,13.4,13.49,13.2,13.26,667628
2026-06-30,601919.SH,13.22,13.33,13.08,13.16,703852
2026-07-01,601919.SH,13.17,13.26,13.11,13.19,609744
2026-07-02,601919.SH,13.3,13.8,13.26,13.72,1125259
2026-07-05,601919.SH,13.76,14,13.62,13.98,860270
2026-07-06,601919.SH,14.1,14.14,13.68,13.83,727217
2026-07-07,601919.SH,13.86,14.12,13.74,13.99,680898
2026-07-08,601919.SH,13.93,13.99,13.8,13.92,551918
2026-07-09,601919.SH,13.92,14.01,13.8,13.98,568045
2026-07-12,601919.SH,13.93,14.15,13.91,14.12,872816
2026-07-13,601919.SH,14.14,14.42,14.07,14.41,954570
2026-07-14,601919.SH,14.39,14.68,14.27,14.66,911085
2026-07-15,601919.SH,14.65,14.76,14.5,14.55,776220
2026-07-16,601919.SH,14.5,14.74,14.48,14.54,987046
2026-07-19,601919.SH,14.54,14.98,14.51,14.93,1361977
2026-07-20,601919.SH,15.05,15.07,14.77,14.87,1198732
2026-07-21,601919.SH,14.88,15.15,14.79,15.14,1175058
2026-07-22,601919.SH,15.13,15.29,14.97,15.27,993106
2026-07-23,601919.SH,15.3,15.4,15.27,15.32,1014479
2026-07-26,601919.SH,15.34,15.37,15.12,15.31,945130
2026-07-27,601919.SH,15.26,15.43,15.2,15.43,932369
2026-07-28,601919.SH,15.57,15.62,15.4,15.55,840476
2026-07-29,601919.SH,15.5,15.7,15.46,15.7,809814
2026-07-30,601919.SH,15.48,15.63,15.32,15.63,985401
2026-08-02,601919.SH,15.62,15.76,15.58,15.72,847033
2026-08-03,601919.SH,15.62,15.65,15.33,15.36,805272
2026-08-04,601919.SH,15.3,15.48,15.12,15.4,953085
2026-08-05,601919.SH,15.31,15.45,15.25,15.37,670733
2026-08-06,601919.SH,15.38,15.53,15.3,15.43,663948
2026-08-09,601919.SH,15.45,15.75,15.44,15.64,650750
2026-08-10,601919.SH,15.65,15.79,15.44,15.48,603613
2026-08-11,601919.SH,15.45,15.52,15.36,15.42,578761
2026-08-12,601919.SH,15.42,15.45,15.16,15.25,771163
2026-08-13,601919.SH,15.32,15.49,15.27,15.39,516651
2026-08-16,601919.SH,15.59,15.98,15.59,15.97,1134879
2026-08-17,601919.SH,15.97,16.36,15.95,16.31,1154650
2026-08-18,601919.SH,16.3,16.55,16.23,16.55,1254863
2026-08-19,601919.SH,16.42,16.83,16.42,16.64,1026668
2026-08-20,601919.SH,16.7,17.08,16.64,17.01,1121880
2026-08-23,601919.SH,17.07,17.52,16.96,17.42,1519475
2026-08-24,601919.SH,17.4,17.42,16.98,17.07,1341843
2026-08-25,601919.SH,16.78,17.03,16.58,16.99,1096938
2026-08-26,601919.SH,17,17.19,16.88,17.11,690743
2026-08-27,601919.SH,16.87,17.09,16.82,16.88,977768
2026-08-30,601919.SH,16.64,17.05,16.62,17,1078861
2026-08-31,601919.SH,17.01,17.23,16.93,16.98,865699
2026-09-01,601919.SH,16.95,17.04,16.39,16.45,1124666
2026-09-02,601919.SH,16.59,16.77,16.46,16.57,721002
2026-09-03,601919.SH,16.59,16.63,15.88,16.06,1262284
2026-09-06,601919.SH,16.11,16.26,15.9,16,853226
2026-09-07,601919.SH,16,16.17,15.9,16.14,584783
2026-09-08,601919.SH,16.18,16.56,16.05,16.54,839476
2026-09-09,601919.SH,16.56,16.56,16.3,16.38,603632
2026-09-10,601919.SH,16.44,16.44,16.13,16.19,687076
2026-09-13,601919.SH,16.25,16.39,16.02,16.1,700059
2026-09-14,601919.SH,16.1,16.12,15.9,15.98,466040
2026-09-15,601919.SH,16.31,16.43,16.22,16.38,950653
2026-09-16,601919.SH,16.42,16.42,15.9,16.27,890953
2026-09-17,601919.SH,16.13,16.28,16.06,16.1,675969
2026-09-20,601919.SH,16.1,16.74,16.06,16.71,1075207
2026-09-21,601919.SH,16.68,16.72,16.39,16.56,676828
2026-09-22,601919.SH,16.5,16.55,16.29,16.36,473493
2026-09-23,601919.SH,16.31,16.4,16.2,16.3,433647
2026-09-27,601919.SH,16.44,16.58,16.19,16.46,732526
2026-09-28,601919.SH,16.43,16.45,16.04,16.33,742819
2026-09-29,601919.SH,16.3,16.51,16.26,16.37,529861
2022-08-16,603986.SH,123,123.96,121.74,123.25,66994
2022-08-17,603986.SH,123.25,123.97,121.31,123.67,90026
2022-08-18,603986.SH,122.67,126.46,119.08,119.3,135363
2022-08-21,603986.SH,118.39,120.21,117.22,119.66,67058
2022-08-22,603986.SH,119.66,120.1,118.03,118.21,59419
2022-08-23,603986.SH,118.16,118.48,114.52,114.97,97349
2022-08-24,603986.SH,115.14,115.66,110.57,114.35,113794
2022-08-25,603986.SH,114.35,116.55,114.1,114.9,67269
2022-08-28,603986.SH,114,116.44,113.14,114.49,63932
2022-08-29,603986.SH,114.16,115.42,112.23,112.52,82264
2022-08-30,603986.SH,112.21,117,111.55,115.97,109593
2022-08-31,603986.SH,116.01,116.9,112.88,112.95,69415
2022-09-01,603986.SH,112.71,114.68,112.61,113.25,51786
2022-09-04,603986.SH,112.6,112.82,109.51,111.22,69235
2022-09-05,603986.SH,112.22,112.96,109.8,112.71,67173
2022-09-06,603986.SH,112.78,117.96,112.77,116.63,129421
2022-09-07,603986.SH,116.49,116.73,115.11,115.3,59272
2022-09-08,603986.SH,116,116.29,113.12,114.92,55136
2022-09-12,603986.SH,116.49,116.79,114.14,114.19,55348
2022-09-13,603986.SH,111,113.5,111,112.42,68370
2022-09-14,603986.SH,112.55,112.93,107.92,108.6,95195
2022-09-15,603986.SH,108.27,110.39,106.21,106.21,80469
2022-09-18,603986.SH,106,107.15,104.4,104.55,74020
2022-09-19,603986.SH,105.5,106.08,104.11,105.44,57345
2022-09-20,603986.SH,104.66,105.39,100.6,102.3,108957
2022-09-21,603986.SH,100.98,102.8,100,101.06,81529
2022-09-22,603986.SH,100.58,101.3,97.51,98.24,95420
2022-09-25,603986.SH,97.36,99.56,97.03,98.35,59295
2022-09-26,603986.SH,98.24,100.12,97.85,99.91,63197
2022-09-27,603986.SH,99.1,99.99,97.4,97.4,48566
2022-09-28,603986.SH,98.19,99.3,95.88,96.24,67198
2022-09-29,603986.SH,96.2,96.58,93.71,93.75,74216
2022-10-09,603986.SH,91,91.85,85.1,85.5,191911
2022-10-10,603986.SH,85.49,85.87,82.61,83.38,186885
2022-10-11,603986.SH,83.4,83.62,79.53,83.43,261973
2022-10-12,603986.SH,82.99,85.08,82.16,82.3,177842
2022-10-13,603986.SH,83.83,86.87,83.2,86.43,200020
2022-10-16,603986.SH,84.92,87.24,84.6,86.77,163950
2022-10-17,603986.SH,87,87.25,85.24,85.4,112830
2022-10-18,603986.SH,85,86.05,84.1,84.1,96209
2022-10-19,603986.SH,83.3,89.43,82.86,87.47,259415
2022-10-20,603986.SH,86.46,86.88,84.46,85.18,147477
2022-10-23,603986.SH,85.18,90.29,84,85.5,210639
2022-10-24,603986.SH,85,86.7,83.57,83.8,136631
2022-10-25,603986.SH,84.01,87.99,83.42,86.6,156044
2022-10-26,603986.SH,86.85,88.79,85.6,86.81,140914
2022-10-27,603986.SH,86.01,88.08,82.7,82.99,156302
2022-10-30,603986.SH,79.5,84.82,77.5,82.27,208782
2022-10-31,603986.SH,82.9,86,80.5,85.86,180769
2022-11-01,603986.SH,85.86,88.5,85.1,87.25,150734
2022-11-02,603986.SH,86,90.78,85.68,90.25,193881
2022-11-03,603986.SH,90.19,92.25,88.7,90.97,182813
2022-11-06,603986.SH,90.8,91.8,89.51,90.11,137696
2022-11-07,603986.SH,90.34,90.77,88.46,88.95,102260
2022-11-08,603986.SH,88.95,89.37,88.05,88.16,72726
2022-11-09,603986.SH,87.74,89.34,86.3,86.77,105001
2022-11-10,603986.SH,90,92.47,88.95,89.08,208556
2022-11-13,603986.SH,89.3,96.07,89.16,92.7,245102
2022-11-14,603986.SH,92.06,101.97,91.56,101.97,264874
2022-11-15,603986.SH,103,104.98,101.1,103.25,274999
2022-11-16,603986.SH,101.38,112,98.58,107.96,345016
2022-11-17,603986.SH,105.8,108.77,103.37,103.75,229657
2022-11-20,603986.SH,102,103.9,99.8,100.38,171291
2022-11-21,603986.SH,100.38,102.3,99.49,100.72,129835
2022-11-22,603986.SH,100.15,101.15,97.36,99.6,116692
2022-11-23,603986.SH,99.54,100.58,98.08,98.63,79881
2022-11-24,603986.SH,98.63,101,98.21,100.38,96681
2022-11-27,603986.SH,99.01,100.54,97.34,98.06,95159
2022-11-28,603986.SH,97.5,103.5,97.5,102.1,137386
2022-11-29,603986.SH,101.34,102.36,100.35,100.79,73766
2022-11-30,603986.SH,103,104.76,101.31,101.69,114620
2022-12-01,603986.SH,100.5,102,98.66,98.7,98458
2022-12-04,603986.SH,98.7,100.3,98.3,99.99,77424
2022-12-05,603986.SH,99.62,103.1,99.26,102.13,129514
2022-12-06,603986.SH,101.11,101.73,99.65,100.1,90926
2022-12-07,603986.SH,100.09,100.09,98.02,98.48,81786
2022-12-08,603986.SH,98.66,100.62,98.66,99.36,80584
2022-12-11,603986.SH,99.41,109.3,99.05,106.7,310898
2022-12-12,603986.SH,105.9,108.77,103.86,107.82,186152
2022-12-13,603986.SH,112.5,113,104.3,104.5,255728
2022-12-14,603986.SH,104.48,108,104.03,106.24,143970
2022-12-15,603986.SH,104.93,105.63,102.53,103.62,104802
2022-12-18,603986.SH,102.64,104.3,100.08,100.58,75179
2022-12-19,603986.SH,100.58,102.29,100.05,101.25,67821
2022-12-20,603986.SH,100.58,102.73,100.58,101.22,62494
2022-12-21,603986.SH,101.99,102.87,99.88,100.35,56753
2022-12-22,603986.SH,98.5,98.61,93.17,94.7,133072
2022-12-25,603986.SH,94.88,102.66,94.88,101.21,132328
2022-12-26,603986.SH,102,104.8,100.17,103.91,93347
2022-12-27,603986.SH,103.45,104.89,102.77,103.2,60624
2022-12-28,603986.SH,102.9,104.5,101.81,103.17,56433
2022-12-29,603986.SH,104,104.66,101.48,102.47,54240
2023-01-02,603986.SH,102.46,103.36,100.2,103.2,67598
2023-01-03,603986.SH,102.69,105.27,100.1,100.41,94598
2023-01-04,603986.SH,101.84,102.82,100.42,102.66,95390
2023-01-05,603986.SH,101.21,103.78,99.3,102.88,109501
2023-01-08,603986.SH,103.87,107.68,103.25,105.06,125963
2023-01-09,603986.SH,104.86,110.8,104.58,106.38,182229
2023-01-10,603986.SH,108.88,112.34,106.86,107.1,215542
2023-01-11,603986.SH,107.75,108,104.1,106.33,89151
2023-01-12,603986.SH,107.39,109.66,106.6,108.43,98310
2023-01-15,603986.SH,106.71,115.88,105.81,115.02,214446
2023-01-16,603986.SH,114.61,120.11,114.13,120.01,197357
2023-01-17,603986.SH,119,119.67,116.55,116.69,115661
2023-01-18,603986.SH,116.9,119.8,116.01,118.83,124711
2023-01-19,603986.SH,118.2,123.48,118,122.63,113330
2023-01-29,603986.SH,125.26,125.5,120.06,121.25,111851
2023-01-30,603986.SH,120.88,121.4,113.5,114.55,219515
2023-01-31,603986.SH,114,115.98,113.4,115,111419
2023-02-01,603986.SH,115.91,119.29,115.11,117.09,125525
2023-02-02,603986.SH,116,119.9,115.57,117.52,93616
2023-02-05,603986.SH,116,117.01,113.7,114.39,113820
2023-02-06,603986.SH,114.3,114.99,112.51,113.49,80361
2023-02-07,603986.SH,113.9,115.96,112.6,113.08,86410
2023-02-08,603986.SH,112.4,118.6,111.11,118.08,139925
2023-02-09,603986.SH,118.1,119.59,115.72,116.55,86900
2023-02-12,603986.SH,115.41,117.77,114.35,117.05,96498
2023-02-13,603986.SH,117,119.03,114.3,115.86,100196
2023-02-14,603986.SH,116,117.21,113,116.77,108401
2023-02-15,603986.SH,116.5,119.43,112.58,113.33,136980
2023-02-16,603986.SH,113,114.26,108.68,108.74,142113
2023-02-19,603986.SH,108.73,110.21,107.26,109.52,111060
2023-02-20,603986.SH,109.51,110.89,107.7,108.85,88488
2023-02-21,603986.SH,107.99,109.34,107.2,108.5,58640
2023-02-22,603986.SH,108.2,109,107.71,108.53,41724
2023-02-23,603986.SH,109,109.83,105.99,107.02,91774
2023-02-26,603986.SH,105.95,106.62,103.81,104.02,144941
2023-02-27,603986.SH,105.02,105.4,102.96,104.89,86691
2023-02-28,603986.SH,104.35,105.7,103.68,104.5,111246
2023-03-01,603986.SH,104.9,107.93,104.53,105.19,131093
2023-03-02,603986.SH,107.2,107.97,104.76,105.75,136716
2023-03-05,603986.SH,105.75,106.62,104,105.12,112959
2023-03-06,603986.SH,104.58,105.5,101.27,101.27,119157
2023-03-07,603986.SH,100.91,102.86,100,101.8,78248
2023-03-08,603986.SH,102,103.56,101.65,102.19,100567
2023-03-09,603986.SH,101,103.1,100.11,101.03,94092
2023-03-12,603986.SH,100.8,101.64,99.12,101.5,76208
2023-03-13,603986.SH,101,105.36,99.51,105.04,186947
2023-03-14,603986.SH,105.5,106.58,104.5,104.96,117960
2023-03-15,603986.SH,103.99,106.76,103.8,105.28,112125
2023-03-16,603986.SH,106.55,107,104.71,105.17,125130
2023-03-19,603986.SH,105,108.88,103.8,107.82,156564
2023-03-20,603986.SH,107.5,108.91,106.62,107.51,93178
2023-03-21,603986.SH,107.4,107.45,105.39,106.05,91315
2023-03-22,603986.SH,105.55,116.66,105.38,116.66,388905
2023-03-23,603986.SH,118.96,120,115.3,117.9,422011
2023-03-26,603986.SH,117.9,117.93,112.68,114.01,272066
2023-03-27,603986.SH,113,114.27,108.1,108.8,205809
2023-03-28,603986.SH,108.08,116.16,106.98,115.02,316853
2023-03-29,603986.SH,119,125,119,121.32,496958
2023-03-30,603986.SH,120.2,122.2,117.1,122,247083
2023-04-02,603986.SH,129.36,132.6,126.52,131.53,484752
2023-04-03,603986.SH,129.55,133.78,128.7,130.56,398455
2023-04-05,603986.SH,130.5,143.22,129.1,134.5,480167
2023-04-06,603986.SH,136.51,142.51,135.41,138.6,361413
2023-04-09,603986.SH,138.9,139.45,129.97,130.86,371685
2023-04-10,603986.SH,133.16,136.49,130.32,132.72,345843
2023-04-11,603986.SH,131.01,137.33,129.14,134.99,277735
2023-04-12,603986.SH,132.33,134.61,127.76,128.31,267997
2023-04-13,603986.SH,130,136.97,126.73,135.41,365090
2023-04-16,603986.SH,137.5,139.93,135,135.9,260751
2023-04-17,603986.SH,134,135,130.98,132.91,182072
2023-04-18,603986.SH,132.92,135.05,130.5,130.75,193394
2023-04-19,603986.SH,129.76,136.56,129.74,136.28,269666
2023-04-20,603986.SH,136.01,136.17,126.33,126.41,289920
2023-04-23,603986.SH,126.34,126.4,118.89,120.74,312618
2023-04-24,603986.SH,120.4,121.69,116.13,117.72,216732
2023-04-25,603986.SH,117.5,118.39,109.9,110.98,302079
2023-04-26,603986.SH,109.27,115.55,108.99,112.48,209379
2023-04-27,603986.SH,107.06,113.52,107.01,108.47,322202
2023-05-03,603986.SH,107.5,108.8,104.75,105,201161
2023-05-04,603986.SH,104.75,108.37,104.1,104.8,182769
2023-05-07,603986.SH,104.8,106.96,103.6,104.16,168024
2023-05-08,603986.SH,104.01,104.97,101.6,101.76,179820
2023-05-09,603986.SH,101.51,102.39,98.76,100.09,159265
2023-05-10,603986.SH,101.4,102.29,100.01,100.83,141897
2023-05-11,603986.SH,102,103.66,100.5,100.52,180574
2023-05-14,603986.SH,100.21,102.08,98.6,102.08,124303
2023-05-15,603986.SH,103.64,107.39,100.56,106.07,262464
2023-05-16,603986.SH,104,110.56,103.9,109.45,251757
2023-05-17,603986.SH,108.3,110.49,106.8,107.2,156948
2023-05-18,603986.SH,109.19,113.52,108.8,112.01,237233
2023-05-21,603986.SH,116.2,118.31,111,113.31,234052
2023-05-22,603986.SH,111.11,111.5,107.48,107.48,156281
2023-05-23,603986.SH,109.09,111,106.3,108.38,167245
2023-05-24,603986.SH,108.99,111.35,107.69,110.8,140037
2023-05-25,603986.SH,111.56,115.2,110.05,114,160986
2023-05-28,603986.SH,115.03,115.86,111.7,112.17,151880
2023-05-29,603986.SH,111.49,113.15,109.05,112.6,136915
2023-05-30,603986.SH,111.99,112.71,108,110.8,174891
2023-05-31,603986.SH,109.01,111.95,108.8,110.31,132386
2023-06-01,603986.SH,110,111.3,107.66,108.89,116971
2023-06-04,603986.SH,108.35,110.19,106.5,107,138063
2023-06-05,603986.SH,106.1,106.11,102.83,103.06,143083
2023-06-06,603986.SH,103.29,104.39,102.56,103.24,97668
2023-06-07,603986.SH,102.44,102.65,100.59,101.13,95248
2023-06-08,603986.SH,101.46,103.31,100.18,103.25,157380
2023-06-11,603986.SH,102.41,103.95,101.35,102.9,143817
2023-06-12,603986.SH,103.03,113.19,102.61,111.94,355673
2023-06-13,603986.SH,111.78,113.5,110.8,112.2,195413
2023-06-14,603986.SH,112.8,113.2,110.1,110.91,134945
2023-06-15,603986.SH,110.11,112.5,109.21,111.88,140903
2023-06-18,603986.SH,110.88,115.43,110.3,114.08,185240
2023-06-19,603986.SH,112.5,114.37,111.74,113.36,120878
2023-06-20,603986.SH,112.6,112.65,107.8,107.8,177376
2023-06-25,603986.SH,105.46,107.3,104.11,105.85,113119
2023-06-26,603986.SH,105.85,108.38,105.11,105.84,90801
2023-06-27,603986.SH,105.79,107.27,103.23,105.05,114491
2023-06-28,603986.SH,108.07,109.97,105.2,105.36,138435
2023-06-29,603986.SH,104.1,107.64,103,106.25,101068
2023-07-02,603986.SH,106,107.2,104.81,106.39,94938
2023-07-03,603986.SH,106.41,110.53,105.16,108.82,151310
2023-07-04,603986.SH,108.2,112.5,108.18,110.35,170811
2023-07-05,603986.SH,109.4,112.98,109.16,110.44,124485
2023-07-06,603986.SH,107,107.12,103.02,105.21,193989
2023-07-09,603986.SH,105.43,108.28,104.72,106,88681
2023-07-10,603986.SH,106.55,116.16,106.55,115.33,315109
2023-07-11,603986.SH,115.3,116.2,112.88,113.21,184490
2023-07-12,603986.SH,113.41,119.9,112.85,118.25,258779
2023-07-13,603986.SH,119.13,123.3,117.28,117.34,256540
2023-07-16,603986.SH,116.31,119.71,116.17,118.36,159892
2023-07-17,603986.SH,118.04,119.88,115.46,115.73,149243
2023-07-18,603986.SH,115,116.7,113.73,114.6,95724
2023-07-19,603986.SH,115.02,115.46,111.88,112.37,96655
2023-07-20,603986.SH,112.12,114.4,111.08,112.27,90721
2023-07-23,603986.SH,112.2,112.78,110.19,110.93,74711
2023-07-24,603986.SH,112.4,113.87,110.92,112.9,119458
2023-07-25,603986.SH,112.8,115.35,111.16,111.8,103345
2023-07-26,603986.SH,110.99,112.3,110.22,110.46,79858
2023-07-27,603986.SH,111.39,114.88,110.82,114.23,174506
2023-07-30,603986.SH,113.01,115.97,112.59,114.78,142991
2023-07-31,603986.SH,114.79,115.3,113.05,114.41,81029
2023-08-01,603986.SH,113.59,114.72,113.31,113.98,74052
2023-08-02,603986.SH,113.32,115.5,112.28,114.11,81163
2023-08-03,603986.SH,113.35,114.35,103.05,106.86,352520
2023-08-06,603986.SH,105,106.4,104,105.33,134216
2023-08-07,603986.SH,104.88,106.1,104.56,104.75,79392
2023-08-08,603986.SH,104.72,105.18,103.6,104.06,65147
2023-08-09,603986.SH,104.06,104.47,101.85,103.65,87189
2023-08-10,603986.SH,103.66,103.88,101.63,102.05,76792
2023-08-13,603986.SH,100,101.49,99.95,101.19,65193
2023-08-14,603986.SH,101.8,102.23,94.88,97.75,204000
2023-08-15,603986.SH,96.79,97.6,94.5,94.5,112145
2023-08-16,603986.SH,93.98,96.2,93.5,95.47,78376
2023-08-17,603986.SH,95.36,96.43,93.65,93.77,75617
2023-08-20,603986.SH,93.8,94.45,91.35,91.51,103733
2023-08-21,603986.SH,92.5,92.93,89.53,92.14,131470
2023-08-22,603986.SH,92.24,92.88,90.01,90.1,91463
2023-08-23,603986.SH,90.44,92.48,90.08,91.51,90391
2023-08-24,603986.SH,90.51,90.92,88.38,89.1,93429
2023-08-27,603986.SH,95.51,95.51,89.1,89.49,136063
2023-08-28,603986.SH,89.4,93.25,89.03,92.27,126290
2023-08-29,603986.SH,92.5,95.45,92.3,94,139224
2023-08-30,603986.SH,93.22,94.76,92.6,93.98,90902
2023-08-31,603986.SH,95.5,97.46,93.76,94.5,114981
2023-09-03,603986.SH,94,96.83,93.95,96.8,108628
2023-09-04,603986.SH,96.9,101.1,96.8,99.64,203399
2023-09-05,603986.SH,98.3,100.5,98.26,99.92,98233
2023-09-06,603986.SH,99.92,100.97,98.26,98.3,118446
2023-09-07,603986.SH,97.01,98.75,96.7,97.35,75476
2023-09-10,603986.SH,97.36,99.19,96.65,97.5,90043
2023-09-11,603986.SH,97.52,98.48,96.9,97.79,60771
2023-09-12,603986.SH,98.6,100.8,97.2,98.95,129559
2023-09-13,603986.SH,98.15,98.94,96.14,96.96,89192
2023-09-14,603986.SH,97.3,102.7,95.81,100,176889
2023-09-17,603986.SH,99.2,100.5,98.7,99.51,89065
2023-09-18,603986.SH,99.1,102.88,98.3,101.39,141556
2023-09-19,603986.SH,101.04,102.5,99.89,100.44,82716
2023-09-20,603986.SH,100,101.3,99.17,100.52,63427
2023-09-21,603986.SH,100.2,102.18,99.13,101.98,96041
2023-09-24,603986.SH,101.44,101.88,99.8,99.95,67925
2023-09-25,603986.SH,99.63,100.38,98.67,98.78,71809
2023-09-26,603986.SH,98.98,100.44,98.67,98.88,53970
2023-09-27,603986.SH,98.88,100.1,98.1,98.6,58100
2023-10-08,603986.SH,98.6,103.88,98.3,102.69,127054
2023-10-09,603986.SH,102,105.05,102,103.85,104856
2023-10-10,603986.SH,104.2,106.55,103.06,105,107767
2023-10-11,603986.SH,104,105.45,102.25,104.3,99685
2023-10-12,603986.SH,103.8,104.6,102.5,103.18,88975
2023-10-15,603986.SH,102.51,102.98,100.54,101.14,79549
2023-10-16,603986.SH,101.14,102.85,100.41,102.2,71329
2023-10-17,603986.SH,101.6,102.8,98,100.4,69824
2023-10-18,603986.SH,99.31,103.15,99.2,99.46,77280
2023-10-19,603986.SH,99.3,100.08,96.97,97.39,73457
2023-10-22,603986.SH,97,97.74,93.63,94.7,77077
2023-10-23,603986.SH,95.68,98.16,94.43,97.68,84351
2023-10-24,603986.SH,95.78,96.8,92.01,96.45,125257
2023-10-25,603986.SH,96.11,96.43,93.39,94.38,67334
2023-10-26,603986.SH,94.4,103.16,94.4,101.83,173790
2023-10-29,603986.SH,100.93,108.56,100.91,106.88,216713
2023-10-30,603986.SH,109,109.76,105.27,107,113442
2023-10-31,603986.SH,106.8,107.46,105.01,105.46,64393
2023-11-01,603986.SH,105.55,106.7,104.41,104.53,61264
2023-11-02,603986.SH,104.7,108.86,104.7,108,109671
2023-11-05,603986.SH,107.85,110.22,107.23,109.35,122349
2023-11-06,603986.SH,109,109.33,105.86,106.94,118528
2023-11-07,603986.SH,106.67,107.48,105.84,106.69,93621
2023-11-08,603986.SH,106.4,107.05,104.49,105.1,83704
2023-11-09,603986.SH,105.28,106.82,104.5,105.18,65555
2023-11-12,603986.SH,105.77,106.5,103.55,104.11,95279
2023-11-13,603986.SH,104,104.98,102.92,103.67,74717
2023-11-14,603986.SH,105.26,107.9,104.01,106.99,147716
2023-11-15,603986.SH,105.9,106.21,103.96,104.69,75711
2023-11-16,603986.SH,104.29,106.23,103.7,104.98,79343
2023-11-19,603986.SH,104.98,104.99,99.88,100.06,183399
2023-11-20,603986.SH,100.1,100.48,97.61,97.9,130612
2023-11-21,603986.SH,97.25,97.75,95.6,95.69,121588
2023-11-22,603986.SH,95.63,96.79,94.88,96.69,103366
2023-11-23,603986.SH,96.7,96.79,94.6,94.76,75504
2023-11-26,603986.SH,94.13,95.3,93.5,95.04,88520
2023-11-27,603986.SH,95.04,95.7,94.2,95.2,76904
2023-11-28,603986.SH,96.5,96.99,94.35,94.64,90473
2023-11-29,603986.SH,94.2,94.47,93.24,94.1,69929
2023-11-30,603986.SH,94.15,95.38,92.29,95.15,100490
2023-12-03,603986.SH,94.87,95.4,94.33,94.47,69280
2023-12-04,603986.SH,94,94.01,89.91,90.06,125653
2023-12-05,603986.SH,89.27,92,89.2,91.32,90696
2023-12-06,603986.SH,91,91.73,89.3,89.77,78630
2023-12-07,603986.SH,89.85,92.33,89.33,91.91,132187
2023-12-10,603986.SH,91.05,93.45,89.8,92.9,105820
2023-12-11,603986.SH,93,95.53,92.51,93.62,111808
2023-12-12,603986.SH,93.15,95.15,92.68,93.3,96568
2023-12-13,603986.SH,94.41,96.47,93.84,95.11,130085
2023-12-14,603986.SH,95.36,95.76,93.51,94.14,85616
2023-12-17,603986.SH,93.21,93.79,92.27,92.64,58331
2023-12-18,603986.SH,92.38,95,92.24,93.88,78288
2023-12-19,603986.SH,93.75,93.97,90.48,91.16,93801
2023-12-20,603986.SH,90.79,92.85,90.4,91.69,69518
2023-12-21,603986.SH,92.99,93.95,90.6,91.12,82274
2023-12-24,603986.SH,90.5,91.73,89.99,90.92,50224
2023-12-25,603986.SH,90.92,91.1,88.81,89.14,59596
2023-12-26,603986.SH,89.25,92,89.25,90.83,108929
2023-12-27,603986.SH,90.74,93.27,89.34,92.5,112093
2023-12-28,603986.SH,92.3,93.5,91.88,92.39,85481
2024-01-01,603986.SH,92.4,92.4,89.85,89.98,89306
2024-01-02,603986.SH,89.8,89.9,84.86,86.06,166064
2024-01-03,603986.SH,85.72,85.86,80,81.3,211787
2024-01-04,603986.SH,80.65,82.25,78.39,79.7,171855
2024-01-07,603986.SH,79,79.88,76.69,77.61,170528
2024-01-08,603986.SH,78,78.79,76.36,77.7,122956
2024-01-09,603986.SH,77.13,77.88,75.85,76.58,95308
2024-01-10,603986.SH,76.16,78.16,76.13,77.86,102067
2024-01-11,603986.SH,77.37,77.67,76.33,76.6,79635
2024-01-14,603986.SH,76.15,78.3,75.5,76.55,96918
2024-01-15,603986.SH,76.4,76.92,74.76,76.48,110778
2024-01-16,603986.SH,76,76.78,74.32,74.33,81264
2024-01-17,603986.SH,73.87,76.18,72.81,75.93,137846
2024-01-18,603986.SH,75.55,76.49,75,75.28,81700
2024-01-21,603986.SH,75.1,75.5,71.3,72.29,126164
2024-01-22,603986.SH,72.3,74,72,73.23,99237
2024-01-23,603986.SH,73.8,73.94,69.9,72.1,131249
2024-01-24,603986.SH,71.87,74.3,71.36,74.16,119392
2024-01-25,603986.SH,72,72,68,68.73,299187
2024-01-28,603986.SH,67.9,69.3,65.71,66.68,194374
2024-01-29,603986.SH,66.52,67.29,65.05,65.35,98853
2024-01-30,603986.SH,65,65.81,62.41,62.5,142307
2024-01-31,603986.SH,62.42,65.69,61.91,63.31,153425
2024-02-01,603986.SH,63.7,64.07,58,60.18,182120
2024-02-04,603986.SH,59.99,60,55.2,57.92,182840
2024-02-05,603986.SH,57.63,62,57,61.96,173490
2024-02-06,603986.SH,62.15,63.57,61.38,62.3,177465
2024-02-07,603986.SH,62.78,68.53,62.75,68.53,210110
2024-02-18,603986.SH,68.55,68.99,64.77,66.95,261611
2024-02-19,603986.SH,66.19,72.02,64.43,70.15,301582
2024-02-20,603986.SH,67.5,71.6,67.35,69.27,341447
2024-02-21,603986.SH,68,73.04,67.8,72.54,301343
2024-02-22,603986.SH,72.55,73.31,70.99,71.98,262476
2024-02-25,603986.SH,72,72.82,70.8,71.36,186353
2024-02-26,603986.SH,70.92,74.63,70.26,74.19,234335
2024-02-27,603986.SH,74.3,75.6,69.81,69.9,242150
2024-02-28,603986.SH,69.3,73.3,69.11,73.27,229640
2024-02-29,603986.SH,73.37,76.66,73.16,75.76,244928
2024-03-03,603986.SH,76.18,76.66,74.15,74.93,192938
2024-03-04,603986.SH,74.1,75.69,73.79,74.26,167057
2024-03-05,603986.SH,74,74.25,72.08,72.83,148200
2024-03-06,603986.SH,72.97,74.2,70.5,70.52,151815
2024-03-07,603986.SH,71.03,72.48,70.47,71.6,123363
2024-03-10,603986.SH,70.72,74.8,70.05,74.63,194193
2024-03-11,603986.SH,74.97,82.09,74.49,79,449151
2024-03-12,603986.SH,80,80.4,77.3,78.35,295310
2024-03-13,603986.SH,77.55,78.62,76.36,77.18,177707
2024-03-14,603986.SH,77,77.76,75.38,77.42,182268
2024-03-17,603986.SH,77.65,78.5,76.66,77.89,213065
2024-03-18,603986.SH,77.9,79.95,76.9,77.21,223805
2024-03-19,603986.SH,76.77,77.85,75.77,77.1,154258
2024-03-20,603986.SH,79.34,82.32,78.3,80.15,378439
2024-03-21,603986.SH,81,82.43,78.29,78.38,316452
2024-03-24,603986.SH,77.02,77.42,73.34,73.53,267224
2024-03-25,603986.SH,74.65,79.66,74.4,76.47,302069
2024-03-26,603986.SH,75.96,76.23,70.52,70.75,242539
2024-03-27,603986.SH,70.75,73.46,69.68,72.75,170200
2024-03-28,603986.SH,72.74,72.74,70.45,71.87,144973
2024-03-31,603986.SH,71.95,72.67,71,72.44,179330
2024-04-01,603986.SH,73.89,74.01,71.45,71.9,164827
2024-04-02,603986.SH,71.36,73.87,69.38,71.61,238378
2024-04-07,603986.SH,71.4,72,69.74,69.74,158218
2024-04-08,603986.SH,69.8,70.89,69,69.85,119523
2024-04-09,603986.SH,70,70.26,66.21,66.42,174331
2024-04-10,603986.SH,66.6,72.33,66.6,70.18,335969
2024-04-11,603986.SH,69.8,76.24,69.6,73.85,358401
2024-04-14,603986.SH,73,73.78,72.07,73.2,209792
2024-04-15,603986.SH,72.68,72.68,68.8,68.87,181051
2024-04-16,603986.SH,70.5,75.76,69.8,75.76,343275
2024-04-17,603986.SH,76.51,77.4,75.43,76,276420
2024-04-18,603986.SH,75.3,75.5,72.65,74.09,223472
2024-04-21,603986.SH,70.35,76.17,69.09,75.96,368903
2024-04-22,603986.SH,75.7,76.3,74.08,74.5,194734
2024-04-23,603986.SH,75.25,78.32,75.25,77.9,294444
2024-04-24,603986.SH,77.11,79.27,77.01,77.11,214550
2024-04-25,603986.SH,77.1,79.68,76.93,78.7,250227
2024-04-28,603986.SH,78.7,80.97,78.47,78.75,288115
2024-04-29,603986.SH,78.71,80.6,78.22,78.75,179260
2024-05-05,603986.SH,80.02,82.93,80.02,81.94,241320
2024-05-06,603986.SH,81.98,86.99,81.79,84.03,278869
2024-05-07,603986.SH,84,84,81.52,81.99,186681
2024-05-08,603986.SH,81.51,83.5,81.44,82.59,166501
2024-05-09,603986.SH,82.8,85.5,81.89,82.49,234198
2024-05-12,603986.SH,81,87.57,80.77,86.32,270239
2024-05-13,603986.SH,86.62,87.2,85.1,86.62,181396
2024-05-14,603986.SH,86.71,86.79,83.04,83.42,170668
2024-05-15,603986.SH,84,84.5,81,81.55,182247
2024-05-16,603986.SH,81.65,83,80.8,82.87,136860
2024-05-19,603986.SH,82.85,83.39,81.52,82.68,122590
2024-05-20,603986.SH,82.5,84.33,82.1,82.92,105912
2024-05-21,603986.SH,82.92,83.42,81.27,82.53,124375
2024-05-22,603986.SH,82.53,83.6,81.22,81.26,120848
2024-05-23,603986.SH,81.09,81.88,78.31,78.6,180089
2024-05-26,603986.SH,78.84,81.52,77.01,81.48,183544
2024-05-27,603986.SH,81.39,85.16,81.02,81.69,221077
2024-05-28,603986.SH,81.02,81.98,80,80.44,107370
2024-05-29,603986.SH,80.38,82.98,79.35,82.38,154289
2024-05-30,603986.SH,82.49,84.99,82.03,83.11,167151
2024-06-02,603986.SH,84.01,87.02,83.5,86.17,248981
2024-06-03,603986.SH,86.17,86.78,84.18,85.3,143704
2024-06-04,603986.SH,84.95,86.84,84.72,84.77,127391
2024-06-05,603986.SH,85.62,86.2,82.88,83.15,184984
2024-06-06,603986.SH,83.57,85.3,82.4,83.46,137299
2024-06-10,603986.SH,84,87.58,83.6,87.56,233338
2024-06-11,603986.SH,87.02,88.68,86.3,86.6,189218
2024-06-12,603986.SH,87.9,91.33,87.55,89,271534
2024-06-13,603986.SH,88.5,90.68,86.85,90.66,192350
2024-06-16,603986.SH,90.3,94.99,89.99,94.28,243112
2024-06-17,603986.SH,94.2,95.49,92.43,93.6,195009
2024-06-18,603986.SH,95.2,97.15,93.65,94.71,212260
2024-06-19,603986.SH,94,95.6,92.75,93,166269
2024-06-20,603986.SH,91.08,95,90.5,94.5,171038
2024-06-23,603986.SH,94.2,96.62,92.23,92.45,183877
2024-06-24,603986.SH,92,93.5,88.97,89.95,210701
2024-06-25,603986.SH,90.66,93.8,89.36,93.2,155305
2024-06-26,603986.SH,92.11,96.46,92,94.2,206372
2024-06-27,603986.SH,93.05,96.24,93.01,95.62,160694
2024-06-30,603986.SH,95.06,95.99,90.55,94.41,158483
2024-07-01,603986.SH,94.01,94.01,89.81,90.21,183591
2024-07-02,603986.SH,90.02,92.5,89.41,91.69,130300
2024-07-03,603986.SH,91.64,93.99,91.3,91.6,114456
2024-07-04,603986.SH,91.6,92.5,88.58,91.84,144750
2024-07-07,603986.SH,92.97,93.59,91.67,91.96,118837
2024-07-08,603986.SH,92,97,90.7,96.42,208468
2024-07-09,603986.SH,96.46,97.92,95.78,97.04,144936
2024-07-10,603986.SH,98.3,99.86,95.52,97.82,157587
2024-07-11,603986.SH,96.61,98.2,95.3,97.35,104758
2024-07-14,603986.SH,97,98.35,96.55,97.2,79492
2024-07-15,603986.SH,96.7,98.6,95.32,97.99,141012
2024-07-16,603986.SH,98,98.19,95.91,96,102747
2024-07-17,603986.SH,94.31,95.9,90,94,205972
2024-07-18,603986.SH,93.01,97.29,92.9,96,160181
2024-07-21,603986.SH,96.07,96.71,93.58,94.37,122134
2024-07-22,603986.SH,94.38,94.66,88.88,88.88,194790
2024-07-23,603986.SH,88.7,90.01,86,86.3,169626
2024-07-24,603986.SH,86.25,86.25,83.7,84.4,127456
2024-07-25,603986.SH,84.7,85.52,83.26,84.41,119138
2024-07-28,603986.SH,84.41,85.17,82.5,82.55,126163
2024-07-29,603986.SH,82.22,83.66,80.6,82.99,123523
2024-07-30,603986.SH,82.4,86.05,82,85.98,160430
2024-07-31,603986.SH,86.3,87.67,85.6,86.74,135555
2024-08-01,603986.SH,85.24,86.07,82.91,83.06,131562
2024-08-04,603986.SH,81.03,82.5,77.61,77.66,232581
2024-08-05,603986.SH,78.98,79.48,76.93,78.18,127303
2024-08-06,603986.SH,78.05,78.4,76.66,76.95,92951
2024-08-07,603986.SH,76.27,78.15,75.08,77.57,144859
2024-08-08,603986.SH,78.8,79.5,78,78.12,117233
2024-08-11,603986.SH,77.77,78.65,77.55,78.19,60116
2024-08-12,603986.SH,78.6,79.16,77.58,78.96,70070
2024-08-13,603986.SH,79,79.31,78.11,78.23,63145
2024-08-14,603986.SH,78.2,80.27,77.82,78.75,99146
2024-08-15,603986.SH,79.08,80.09,78.66,78.9,84242
2024-08-18,603986.SH,78.6,79.79,78.32,78.98,68173
2024-08-19,603986.SH,79.47,79.8,78.35,79.23,82797
2024-08-20,603986.SH,78.57,78.57,73.97,73.99,279296
2024-08-21,603986.SH,74.38,74.74,72.61,73.65,147043
2024-08-22,603986.SH,73,73.5,72.02,72.36,111643
2024-08-25,603986.SH,72.62,72.88,71.02,71.28,101198
2024-08-26,603986.SH,71.27,71.56,70,70.23,92169
2024-08-27,603986.SH,70.23,70.74,69.65,69.95,76391
2024-08-28,603986.SH,69.7,71.05,68.77,70,107256
2024-08-29,603986.SH,70,72.93,69.88,72.38,170538
2024-09-01,603986.SH,72.38,72.38,68.52,68.54,150410
2024-09-02,603986.SH,69.21,70.67,68.92,70.02,95342
2024-09-03,603986.SH,69.03,69.88,68.57,68.84,98247
2024-09-04,603986.SH,69,70.05,68.82,69.39,75729
2024-09-05,603986.SH,69.44,69.59,67.88,67.88,74284
2024-09-08,603986.SH,67.37,68.79,67.26,67.64,61950
2024-09-09,603986.SH,67.88,68.4,66.4,67.93,102472
2024-09-10,603986.SH,67.6,68.09,67,67.64,77410
2024-09-11,603986.SH,68,68.46,66.8,66.8,71822
2024-09-12,603986.SH,66.8,67.08,65.3,65.3,103629
2024-09-17,603986.SH,65.35,66,64.13,64.78,86933
2024-09-18,603986.SH,65.3,66.35,64.44,65.51,106806
2024-09-19,603986.SH,65.67,66.02,64.6,65.29,81352
2024-09-22,603986.SH,65.29,66.46,64.84,65.13,76216
2024-09-23,603986.SH,65.81,68.41,65,68.4,191554
2024-09-24,603986.SH,69.21,71.54,68.93,69.45,216608
2024-09-25,603986.SH,69.98,75.28,69.81,75.27,288590
2024-09-26,603986.SH,76.4,80.43,75.74,80.4,182963
2024-09-29,603986.SH,85.35,88.44,82.01,88.37,419207
2024-10-07,603986.SH,97.21,97.21,91.45,97.21,422656
2024-10-08,603986.SH,97.1,101.14,92,93.1,608298
2024-10-09,603986.SH,93.51,94.77,86.52,88.08,430400
2024-10-10,603986.SH,86.5,87.89,82.87,84,267593
2024-10-13,603986.SH,84,86.28,81.48,86.12,287208
2024-10-14,603986.SH,86.13,88.45,84.55,85,246540
2024-10-15,603986.SH,83,84.47,82.15,83.08,183826
2024-10-16,603986.SH,83.68,85.2,82.38,82.39,172523
2024-10-17,603986.SH,82.2,90,82.01,87.74,361432
2024-10-20,603986.SH,92.49,93.09,89.68,89.92,487794
2024-10-21,603986.SH,88.83,90.48,87.8,88.8,254151
2024-10-22,603986.SH,88,89.55,87.76,88,198677
2024-10-23,603986.SH,87.52,89.55,87.01,88.3,187431
2024-10-24,603986.SH,88.55,90.3,87.2,89.15,215592
2024-10-27,603986.SH,89.14,91.64,88.28,90.76,244881
2024-10-28,603986.SH,91,91.84,88.6,88.6,257678
2024-10-29,603986.SH,88.08,90.44,87.74,88.76,199845
2024-10-30,603986.SH,88.75,90.8,87.2,90.17,280355
2024-10-31,603986.SH,89.48,89.9,86.18,86.3,222232
2024-11-03,603986.SH,86.6,90.89,86.3,90,247164
2024-11-04,603986.SH,90.2,92.74,89.51,92.08,287772
2024-11-05,603986.SH,101.26,101.26,93.75,94.52,499021
2024-11-06,603986.SH,94.68,97.18,94.01,96.64,298547
2024-11-07,603986.SH,97.64,99.29,95,95.48,366732
2024-11-10,603986.SH,95.68,99.69,95.66,99.14,402356
2024-11-11,603986.SH,99.22,99.49,96.05,96.86,296648
2024-11-12,603986.SH,95.93,96.8,93.9,96.31,212449
2024-11-13,603986.SH,95.9,95.9,92,92.22,194035
2024-11-14,603986.SH,92.26,94.23,89.15,89.59,211988
2024-11-17,603986.SH,89.5,90.33,85.89,86.46,203141
2024-11-18,603986.SH,87.07,88.95,85.89,88.76,163175
2024-11-19,603986.SH,88.31,88.92,87.51,88.31,124180
2024-11-20,603986.SH,88.32,89.17,87.38,88.32,122344
2024-11-21,603986.SH,88.33,88.98,84.3,84.38,171456
2024-11-24,603986.SH,85,85.44,82.2,83.91,141962
2024-11-25,603986.SH,83.2,84.37,83.12,83.22,87804
2024-11-26,603986.SH,83.02,85,81.9,85,138669
2024-11-27,603986.SH,85.29,86.45,84.5,85.24,143048
2024-11-28,603986.SH,84.81,87.32,83.91,85.78,161046
2024-12-01,603986.SH,84,85.3,83.43,84.78,239902
2024-12-02,603986.SH,85.06,85.11,83.01,83.72,166224
2024-12-03,603986.SH,85.82,87.6,85.36,85.87,313316
2024-12-04,603986.SH,85.88,86.15,84.55,85.08,153549
2024-12-05,603986.SH,85.05,86.2,84.31,85.98,156018
2024-12-08,603986.SH,85.11,85.78,82.8,83.32,219970
2024-12-09,603986.SH,85.88,86.24,83.33,83.69,227811
2024-12-10,603986.SH,83.3,85,83.08,84.21,137045
2024-12-11,603986.SH,84.22,85.06,83.38,84.53,155349
2024-12-12,603986.SH,84,92.98,83.82,92.98,803881
2024-12-15,603986.SH,91.58,100,91.09,96.66,899435
2024-12-16,603986.SH,95.2,97,93.16,93.68,391215
2024-12-17,603986.SH,93.3,103.05,93.3,103.05,576227
2024-12-18,603986.SH,106.5,113.36,105,112.15,1047836
2024-12-19,603986.SH,110.7,114.6,109.55,113.2,668293
2024-12-22,603986.SH,116.66,117,107.25,107.25,599234
2024-12-23,603986.SH,108,108.99,102.82,108,568962
2024-12-24,603986.SH,109,114,107.96,109.76,494789
2024-12-25,603986.SH,108.5,115.88,107.99,115,484284
2024-12-26,603986.SH,114.99,117.5,111.49,111.96,403969
2024-12-29,603986.SH,113.21,115.76,110.29,113.82,321040
2024-12-30,603986.SH,114,114.08,106.8,106.8,366544
2025-01-01,603986.SH,106.25,107.2,101.76,102.99,302431
2025-01-02,603986.SH,103.6,106.6,100.09,103.1,341289
2025-01-05,603986.SH,103.64,104.8,98.63,99.54,313420
2025-01-06,603986.SH,100.44,106.33,99.65,105.2,338771
2025-01-07,603986.SH,104.16,115.72,103.8,114.65,620005
2025-01-08,603986.SH,113.32,125.29,113.11,122.9,636921
2025-01-09,603986.SH,120,123.86,119.88,120.5,359245
2025-01-12,603986.SH,119,121.9,116.03,117.85,313077
2025-01-13,603986.SH,117.99,129.64,114.51,129.64,504030
2025-01-14,603986.SH,129.79,137.8,128.21,132.86,535336
2025-01-15,603986.SH,132.07,133.88,125.17,128.2,394024
2025-01-16,603986.SH,128.9,137.76,128.44,134.79,418945
2025-01-19,603986.SH,134.8,134.88,131,133,275941
2025-01-20,603986.SH,134.03,139.8,128.12,132.1,446601
2025-01-21,603986.SH,130,139.3,128.6,136.21,407133
2025-01-22,603986.SH,137,141,129.65,130.47,398255
2025-01-23,603986.SH,129.79,131.68,127.45,130.5,336735
2025-01-26,603986.SH,129.34,131.45,126.49,127.4,223230
2025-02-04,603986.SH,133.98,138.71,133.25,135.35,354214
2025-02-05,603986.SH,133.1,143.4,133,140.63,368582
2025-02-06,603986.SH,139.5,143.55,135.47,138.56,357779
2025-02-09,603986.SH,138.5,138.5,133.91,134.63,264705
2025-02-10,603986.SH,134.6,136.38,131.99,134,201522
2025-02-11,603986.SH,133.5,135.44,130.99,134.98,254827
2025-02-12,603986.SH,134.88,134.88,127,127.68,364995
2025-02-13,603986.SH,127.27,128.44,125.04,127.32,261862
2025-02-16,603986.SH,127.3,128.8,125.81,127.49,270844
2025-02-17,603986.SH,127.4,127.46,122.68,123.47,286452
2025-02-18,603986.SH,123.46,128.44,123,127.51,344094
2025-02-19,603986.SH,127.5,130.01,125,128.39,235787
2025-02-20,603986.SH,128.41,140.2,127.6,138.05,495341
2025-02-23,603986.SH,138.8,147.56,137.05,143,396754
2025-02-24,603986.SH,139,141.75,135.36,137,359209
2025-02-25,603986.SH,137,137.5,131.31,136.77,276195
2025-02-26,603986.SH,136,138.49,130.51,133.74,273432
2025-02-27,603986.SH,131.99,140.77,131.11,131.83,446939
2025-03-02,603986.SH,135,135,126.39,129.58,275996
2025-03-03,603986.SH,126.86,137.64,124.01,134.5,352140
2025-03-04,603986.SH,135.4,137.88,133,135.88,245854
2025-03-05,603986.SH,135.9,139.83,135.21,137.73,272123
2025-03-06,603986.SH,136.34,136.35,131.2,134.68,282992
2025-03-09,603986.SH,132.21,134.01,130.64,132.52,177743
2025-03-10,603986.SH,129.11,130.8,127.3,128.18,214038
2025-03-11,603986.SH,129.39,131.19,127.15,128.48,198808
2025-03-12,603986.SH,127.55,128.19,123,124.28,215335
2025-03-13,603986.SH,123.96,130.44,123.8,129.89,242066
2025-03-16,603986.SH,129.28,130.11,127.5,128.03,123718
2025-03-17,603986.SH,128.78,132.2,128.02,129.91,197663
2025-03-18,603986.SH,129,131.98,128.11,130.95,188514
2025-03-19,603986.SH,130.31,132.89,128.13,128.4,151365
2025-03-20,603986.SH,127,128.13,123.18,123.61,166106
2025-03-23,603986.SH,123.81,125.2,121.85,125.12,151311
2025-03-24,603986.SH,124.36,124.8,118.96,119.31,205427
2025-03-25,603986.SH,119.31,120.14,116.58,116.96,196425
2025-03-26,603986.SH,116.55,120.29,116.55,117.63,142425
2025-03-27,603986.SH,117,118.22,116.65,117.01,84041
2025-03-30,603986.SH,117.05,117.89,114.1,116.88,123085
2025-03-31,603986.SH,117.5,118.98,115.8,117.49,120796
2025-04-01,603986.SH,117.49,118.68,116.7,117.59,79608
2025-04-02,603986.SH,115.65,118.3,114.9,115.75,99818
2025-04-06,603986.SH,105,111.99,104.18,104.2,254542
2025-04-07,603986.SH,105.86,106.66,100.88,103.48,269520
2025-04-08,603986.SH,101.99,107.5,98.87,104.96,275810
2025-04-09,603986.SH,108.99,110.52,106.68,107.9,214669
2025-04-10,603986.SH,107.69,116.8,106.1,112.32,322465
2025-04-13,603986.SH,114.32,114.49,110.38,111.73,185818
2025-04-14,603986.SH,111,111.74,108.8,110,126750
2025-04-15,603986.SH,110.11,110.6,107,109.19,126393
2025-04-16,603986.SH,108.93,111.01,108.28,109.2,110044
2025-04-17,603986.SH,108.88,108.88,107.39,108.3,69225
2025-04-20,603986.SH,108.91,113,108.01,112.46,139402
2025-04-21,603986.SH,112.39,115.78,111.95,112.35,138860
2025-04-22,603986.SH,112.99,115.1,112.21,114.6,151093
2025-04-23,603986.SH,115.1,115.1,110.2,111.16,155130
2025-04-24,603986.SH,111.2,114.88,110.68,112.63,161913
2025-04-27,603986.SH,112.63,115.5,109.81,115.2,217573
2025-04-28,603986.SH,116.2,126.72,116.12,126.72,438086
2025-04-29,603986.SH,126.88,129.7,125.5,128.69,334760
2025-05-05,603986.SH,130.56,135.04,130.3,131.85,301980
2025-05-06,603986.SH,132.06,132.77,129.35,130.35,181044
2025-05-07,603986.SH,129.11,130,127.03,127.52,161852
2025-05-08,603986.SH,126.32,126.94,123.71,124.4,165548
2025-05-11,603986.SH,125.51,126.62,123.87,125.48,129131
2025-05-12,603986.SH,127.03,128.52,125.16,125.51,175633
2025-05-13,603986.SH,125.53,127.64,123.48,124.49,146484
2025-05-14,603986.SH,124,124.59,121.5,122,124373
2025-05-15,603986.SH,122.03,123.38,121.75,122.29,83634
2025-05-18,603986.SH,122.97,127.79,121.86,126.3,223654
2025-05-19,603986.SH,125.8,128.55,124.51,126.15,158107
2025-05-20,603986.SH,124.55,124.57,117.08,118.14,316145
2025-05-21,603986.SH,118,120.53,117.5,117.66,131298
2025-05-22,603986.SH,117.09,118.21,115.4,115.4,138800
2025-05-25,603986.SH,115.48,117.08,114.63,116.03,112030
2025-05-26,603986.SH,115.43,115.87,112.85,112.9,114106
2025-05-27,603986.SH,113.65,115.29,113.23,113.5,112959
2025-05-28,603986.SH,113.77,114.44,112.52,113.75,115026
2025-05-29,603986.SH,113.2,114.3,111.49,112.3,102838
2025-06-02,603986.SH,111.11,115.14,111.01,112.88,117564
2025-06-03,603986.SH,113.26,116.86,112.87,115.58,136630
2025-06-04,603986.SH,115.99,118.48,114.78,117.9,146717
2025-06-05,603986.SH,117.66,127.78,117.01,123.44,291918
2025-06-08,603986.SH,123,123.9,121.37,122.63,161339
2025-06-09,603986.SH,122.9,122.91,117.71,119.4,141368
2025-06-10,603986.SH,119.56,121.8,119,119.15,103580
2025-06-11,603986.SH,119.88,122.2,119,119.95,128927
2025-06-12,603986.SH,118.9,119.97,117.78,118.9,112649
2025-06-15,603986.SH,119,124.32,119,121.01,169117
2025-06-16,603986.SH,122.61,125,120.18,122.32,144413
2025-06-17,603986.SH,121.99,124.62,119,122.62,146720
2025-06-18,603986.SH,122.38,126.49,122.2,123.21,182640
2025-06-19,603986.SH,122.61,123.25,117.5,118.96,165939
2025-06-22,603986.SH,117.71,121.69,117.39,120.21,112579
2025-06-23,603986.SH,122.26,124.9,121.9,123.91,167500
2025-06-24,603986.SH,124.98,125.79,122.6,125.5,174732
2025-06-25,603986.SH,125.2,125.65,123,123.25,131305
2025-06-26,603986.SH,124.3,127.5,122.3,126.34,209867
2025-06-29,603986.SH,128.37,128.5,125.2,126.53,141434
2025-06-30,603986.SH,126,126.55,123.51,124.02,142876
2025-07-01,603986.SH,123.28,123.3,120.1,120.98,130681
2025-07-02,603986.SH,120.58,121.55,119,119.72,128590
2025-07-03,603986.SH,119.19,120.3,117.51,118.85,141827
2025-07-06,603986.SH,118.98,120.81,117.86,120.81,114585
2025-07-07,603986.SH,123,123.5,121.01,121.71,151878
2025-07-08,603986.SH,120.91,120.99,119.29,119.47,126056
2025-07-09,603986.SH,119.02,119.87,118.04,118.06,111583
2025-07-10,603986.SH,117.9,119.1,117.37,118.36,129774
2025-07-13,603986.SH,118.61,119.2,117.46,117.59,112792
2025-07-14,603986.SH,117.1,117.56,114,115,236203
2025-07-15,603986.SH,115,116.4,114,114.24,158743
2025-07-16,603986.SH,114.05,118.19,113.82,117.99,241275
2025-07-17,603986.SH,117.86,120.3,116.23,117.16,203233
2025-07-20,603986.SH,116.82,117.53,115.4,117.11,115944
2025-07-21,603986.SH,116.97,117.33,115.8,115.87,143927
2025-07-22,603986.SH,115.77,118.36,115.5,116.99,149111
2025-07-23,603986.SH,116.6,118,115.14,117.89,172254
2025-07-24,603986.SH,117.9,122,117.9,121.94,356934
2025-07-27,603986.SH,122,122.2,119.71,120.26,191012
2025-07-28,603986.SH,120,121.5,119.4,120.28,169941
2025-07-29,603986.SH,124.06,129.67,123.31,123.99,472987
2025-07-30,603986.SH,121,126.8,120.28,121.13,308748
2025-07-31,603986.SH,120.5,122.1,117.09,117.31,247813
2025-08-03,603986.SH,116.3,120.2,116.3,118.84,160783
2025-08-04,603986.SH,119,119.3,117.3,118,124851
2025-08-05,603986.SH,118,118.65,117.01,118.28,114486
2025-08-06,603986.SH,117.98,119.2,117.32,117.67,169941
2025-08-07,603986.SH,117.68,117.68,116.4,116.4,121513
2025-08-10,603986.SH,116.79,118.5,116.48,117.95,127982
2025-08-11,603986.SH,118.31,121.5,117.6,120.47,252756
2025-08-12,603986.SH,120.49,123,119.94,121.46,240987
2025-08-13,603986.SH,121.7,125.49,120.55,121.01,314003
2025-08-14,603986.SH,120.01,123.5,120.01,122.9,211500
2025-08-17,603986.SH,123.33,127.98,121.51,125.7,328499
2025-08-18,603986.SH,125.48,128.88,122.85,123.26,323175
2025-08-19,603986.SH,123,127.25,122.01,127.01,359898
2025-08-20,603986.SH,132.09,139.71,132.09,137.16,858971
2025-08-21,603986.SH,135.12,150.88,135.08,150.88,780791
2025-08-24,603986.SH,159,163.5,152.88,157.8,836198
2025-08-25,603986.SH,157.8,157.8,152.62,154.4,382253
2025-08-26,603986.SH,155.87,168.5,152.18,158.63,623811
2025-08-27,603986.SH,161,165.8,159.01,164.45,494328
2025-08-28,603986.SH,161.8,162,156.4,158.98,398006
2025-08-31,603986.SH,164.11,174.88,157,174.88,612797
2025-09-01,603986.SH,179.28,188,173.05,176,762852
2025-09-02,603986.SH,176.26,177.73,168.55,171.09,441276
2025-09-03,603986.SH,169,171.07,153.98,153.98,454981
2025-09-04,603986.SH,150,163.99,145.8,159.56,699488
2025-09-07,603986.SH,161.93,169,159.15,163.83,523715
2025-09-08,603986.SH,161,162.8,154.62,157.15,327320
2025-09-09,603986.SH,157.14,163.25,155.7,161.29,334657
2025-09-10,603986.SH,161.26,177.42,160,177.42,554424
2025-09-11,603986.SH,179.99,195.16,177.5,190.21,710357
2025-09-14,603986.SH,193.51,194.5,186.62,190.94,495483
2025-09-15,603986.SH,189,196.8,186.89,189.16,408562
2025-09-16,603986.SH,188.99,192.58,182.97,186.6,339245
2025-09-17,603986.SH,189.39,200.85,186.8,190.88,590411
2025-09-18,603986.SH,194.31,195.88,184.91,185.2,371918
2025-09-21,603986.SH,188.88,198.09,186.28,195.01,411978
2025-09-22,603986.SH,196,201.59,188.69,194.07,399946
2025-09-23,603986.SH,194.6,208.23,193,199.8,507021
2025-09-24,603986.SH,199,204.5,193.1,197.41,404276
2025-09-25,603986.SH,196.01,206.02,190.21,190.21,435201
2025-09-28,603986.SH,196.5,203.63,195.1,197.13,434878
2025-09-29,603986.SH,204.34,216.84,203,213.3,597865
2025-10-08,603986.SH,222,234.63,218.6,225.49,585390
2025-10-09,603986.SH,225.5,230.5,212.12,215.02,443031
2025-10-12,603986.SH,201.5,214.9,201.5,207.85,424815
2025-10-13,603986.SH,215.45,220.53,193,196,522018
2025-10-14,603986.SH,195.55,202.4,186.41,202.01,390442
2025-10-15,603986.SH,201.44,214.8,198.53,208.13,458666
2025-10-16,603986.SH,208.12,211.5,201,201.21,329358
2025-10-19,603986.SH,207.73,215,203.03,208.35,367244
2025-10-20,603986.SH,211,222,209.66,219.01,405117
2025-10-21,603986.SH,214,214,205.3,210.93,371830
2025-10-22,603986.SH,205.98,208.1,200.39,206.96,274058
2025-10-23,603986.SH,214,221.88,212,221.08,450618
2025-10-26,603986.SH,230,243.19,222.83,243.19,520916
2025-10-27,603986.SH,236.5,254.44,234.58,246.95,527296
2025-10-28,603986.SH,246.96,252.63,236,241.15,503745
2025-10-29,603986.SH,246.24,247,231.78,232,433654
2025-10-30,603986.SH,231,234.68,216,220,492429
2025-11-02,603986.SH,217,230.68,216.66,230.1,462613
2025-11-03,603986.SH,231,231.22,222.5,224.99,293368
2025-11-04,603986.SH,213,220.49,210.95,218.39,335131
2025-11-05,603986.SH,224.5,228,222.25,227.2,343347
2025-11-06,603986.SH,222.68,227.89,219.55,220.95,278989
2025-11-09,603986.SH,228.49,231.45,212.5,218.96,385832
2025-11-10,603986.SH,223.6,227.01,216.71,216.99,341925
2025-11-11,603986.SH,213,218.58,207.01,209.5,349523
2025-11-12,603986.SH,212,230.45,211.88,227.5,626639
2025-11-13,603986.SH,216,216.49,205.78,205.78,548633
2025-11-16,603986.SH,207.81,214.74,206.36,207.5,335061
2025-11-17,603986.SH,205.28,207.58,201.57,202.5,274378
2025-11-18,603986.SH,200.25,205.5,199.03,202.52,238819
2025-11-19,603986.SH,207.5,208,198.66,199.1,217605
2025-11-20,603986.SH,189,190.57,182.51,182.51,404416
2025-11-23,603986.SH,183.75,184.75,176,179.18,340499
2025-11-24,603986.SH,185,191.6,184.19,190.62,364021
2025-11-25,603986.SH,187.01,198.88,186.8,196.5,297685
2025-11-26,603986.SH,198.88,208,198.88,200.86,319732
2025-11-27,603986.SH,199,204.35,196.66,203,215652
2025-11-30,603986.SH,204.04,215.45,201.2,212.82,382670
2025-12-01,603986.SH,211.78,216.79,208.1,210.5,249244
2025-12-02,603986.SH,210.42,210.99,206.19,207.6,170708
2025-12-03,603986.SH,206,212.98,201.99,210.41,247007
2025-12-04,603986.SH,210.92,211,205.5,206.81,169817
2025-12-07,603986.SH,208.62,216.97,207.53,213.89,311307
2025-12-08,603986.SH,212,215.3,209.3,210.95,210586
2025-12-09,603986.SH,209.09,210.2,203.5,208.84,191810
2025-12-10,603986.SH,211.88,213,207.5,207.81,188246
2025-12-11,603986.SH,206,214.44,204.01,209.89,215034
2025-12-14,603986.SH,205.02,208.68,203.5,204.16,175069
2025-12-15,603986.SH,203,205.46,196.13,197.86,204825
2025-12-16,603986.SH,197.01,202.87,195.95,202.18,190502
2025-12-17,603986.SH,203.5,218.88,203.5,214.45,418525
2025-12-18,603986.SH,220,221,208.2,210.21,332395
2025-12-21,603986.SH,213.51,219.5,213.51,216.46,253701
2025-12-22,603986.SH,216.99,221.33,215,217.38,254298
2025-12-23,603986.SH,220,225,216.2,224.1,298410
2025-12-24,603986.SH,223,228.83,217.33,222,259400
2025-12-25,603986.SH,221,230,220,226.97,296631
2025-12-28,603986.SH,225.71,234.44,225,227.93,296019
2025-12-29,603986.SH,226,229.54,219.1,220.22,271610
2025-12-30,603986.SH,228.01,228.88,212.58,214.25,354571
2026-01-04,603986.SH,221.32,235.68,221,235.68,499284
2026-01-05,603986.SH,238,253.33,234,250.78,507536
2026-01-06,603986.SH,270,273.77,256.78,262.5,545162
2026-01-07,603986.SH,259,267,256.91,258.75,314109
2026-01-08,603986.SH,254.55,254.55,244.32,250.05,395238
2026-01-11,603986.SH,255.22,264.04,254,261.83,403813
2026-01-12,603986.SH,266,275,257.49,263.5,461518
2026-01-13,603986.SH,270,271,249.05,253,447321
2026-01-14,603986.SH,249.61,257.55,248.2,254.96,283898
2026-01-15,603986.SH,260.03,280.46,257.5,280.46,553362
2026-01-18,603986.SH,280.6,292,278.88,288.45,463230
2026-01-19,603986.SH,282.9,297.1,282.88,292,389782
2026-01-20,603986.SH,295,314.8,293.01,307.65,404654
2026-01-21,603986.SH,320,320.02,296.7,301.47,450617
2026-01-22,603986.SH,296,310.68,295,297.25,349380
2026-01-25,603986.SH,300,308,290.5,292.6,272675
2026-01-26,603986.SH,290,312.42,286.67,307.26,380044
2026-01-27,603986.SH,313.88,328.58,313.88,323.68,377180
2026-01-28,603986.SH,329.88,331.07,306.99,307.5,334246
2026-01-29,603986.SH,315,320.88,308.01,314.88,376199
2026-02-01,603986.SH,300.8,306.09,283.39,283.39,416288
2026-02-02,603986.SH,294.01,296.6,285.2,292.57,302214
2026-02-03,603986.SH,285.99,289.5,279,282.33,270958
2026-02-04,603986.SH,269.94,279.52,268.21,277.74,229054
2026-02-05,603986.SH,271,280.51,268.2,276.17,186267
2026-02-08,603986.SH,283.97,294.44,280.2,292.98,283055
2026-02-09,603986.SH,287.13,291.5,284.17,289.9,215966
2026-02-10,603986.SH,285,286.5,280.5,284.59,173416
2026-02-11,603986.SH,290.5,305,285,303.24,300674
2026-02-12,603986.SH,303.24,317.6,301,308.7,299254
2026-02-23,603986.SH,317.5,331.16,311,323.05,302545
2026-02-24,603986.SH,316,317.01,301.96,311.32,285728
2026-02-25,603986.SH,316,316,306.05,309.4,231053
2026-02-26,603986.SH,303.5,306,296.69,300,220969
2026-03-01,603986.SH,290.87,299.98,290.55,293.15,185132
2026-03-02,603986.SH,295,296.1,272.59,272.89,333294
2026-03-03,603986.SH,272.89,290,272.89,279.07,326916
2026-03-04,603986.SH,288.16,289.88,280.23,282.8,255300
2026-03-05,603986.SH,277.9,288.88,277.56,284.99,208576
2026-03-08,603986.SH,273,277.7,264,276.09,283546
2026-03-09,603986.SH,284.1,286.5,281.18,285.44,233537
2026-03-10,603986.SH,288.04,290.83,281.32,281.53,216499
2026-03-11,603986.SH,279.83,283.83,272.43,274.78,172327
2026-03-12,603986.SH,270.78,285.67,270.78,278.33,226137
2026-03-15,603986.SH,280,306.16,277,306.16,462736
2026-03-16,603986.SH,306.5,313,295.88,296,390001
2026-03-17,603986.SH,305.1,313.68,302,311.25,420514
2026-03-18,603986.SH,300,309.71,297,303.68,312146
2026-03-19,603986.SH,305.55,306.7,290,290.2,312536
2026-03-22,603986.SH,277,282.88,271,273.35,282142
2026-03-23,603986.SH,277.99,278,256.88,273.71,336915
2026-03-24,603986.SH,275.15,285.8,275.14,278.4,283763
2026-03-25,603986.SH,268,268.7,260,262,350773
2026-03-26,603986.SH,248.98,260.18,240.25,258.66,289773
2026-03-29,603986.SH,252,259.54,250.03,255.85,214696
2026-03-30,603986.SH,249.9,252,236.86,238.1,427623
2026-03-31,603986.SH,250,256.1,243.7,255,387958
2026-04-01,603986.SH,257.86,259.8,245.6,246.99,252974
2026-04-02,603986.SH,250.99,254.6,247.5,249.1,197472
2026-04-06,603986.SH,253.1,255.96,248.81,249.66,198472
2026-04-07,603986.SH,250.11,256.96,243.08,255.96,753325
2026-04-08,603986.SH,250,253.49,243.9,250.49,444683
2026-04-09,603986.SH,255.49,268.32,255.24,265.09,534767
2026-04-12,603986.SH,261,269.84,260.9,262.14,412421
2026-04-13,603986.SH,269.5,281.23,266.39,280.01,466205
2026-04-14,603986.SH,285,287.65,271.98,274,396973
2026-04-15,603986.SH,270.1,287,268.59,286.73,409337
2026-04-16,603986.SH,284,295.66,282.9,288.96,406321
2026-04-19,603986.SH,293,295.96,287.12,290.54,325643
2026-04-20,603986.SH,290.8,309,288.25,306.27,425834
2026-04-21,603986.SH,303.5,314.58,302.51,313.98,341662
2026-04-22,603986.SH,326.01,326.02,301.9,304.8,441997
2026-04-23,603986.SH,305,310,292.81,297.7,349105
2026-04-26,603986.SH,301.59,309.58,297.75,303.42,316355
2026-04-27,603986.SH,305,319.33,302.02,307.5,367943
2026-04-28,603986.SH,303.01,311.66,297,308.89,419200
2026-04-29,603986.SH,320,321,306.48,312.99,587965
2026-05-05,603986.SH,330,344.29,330,344.29,423426
2026-05-06,603986.SH,347,357.36,339,350.16,523879
2026-05-07,603986.SH,341,343.3,331.8,334.1,440833
2026-05-10,603986.SH,350.1,367.51,347.01,362.13,575079
2026-05-11,603986.SH,362.14,362.2,349.2,353.55,405596
2026-05-12,603986.SH,344,366.71,339.33,365,484983
2026-05-13,603986.SH,365.05,373.5,354.99,356.19,408365
2026-05-14,603986.SH,353,384,345.48,375.34,624368
2026-05-17,603986.SH,408.58,412.87,396.34,400,687984
2026-05-18,603986.SH,390,410,380.02,404.56,553101
2026-05-19,603986.SH,408,445.02,407.8,445.02,610126
2026-05-20,603986.SH,445.02,464.83,427.33,431.9,632398
2026-05-21,603986.SH,448,472.99,439,468.74,637969
2026-05-24,603986.SH,478.11,515.61,461,515.6,593614
2026-05-25,603986.SH,510,538.02,491.2,526.22,643384
2026-05-26,603986.SH,541,552.82,500,514.18,667260
2026-05-27,603986.SH,495,499.5,470,483,623792
2026-05-28,603986.SH,492.66,496,464.91,467.01,558125
2026-05-31,603986.SH,476,489.96,455,468,521586
2026-06-01,603986.SH,471,480.66,448.11,474.69,490193
2026-06-02,603986.SH,478.89,510,477,492.23,581930
2026-06-03,603986.SH,487.05,538,485.01,529.31,563351
2026-06-04,603986.SH,507,519.8,484.9,488,547135
2026-06-07,603986.SH,461.11,490.7,451,474.01,434475
2026-06-08,603986.SH,493,502.88,477.03,500.5,419683
2026-06-09,603986.SH,489.11,497.26,475.65,480.84,329972
2026-06-10,603986.SH,480.52,486,471,483.5,296991
2026-06-11,603986.SH,508,510,481,481.47,407085
2026-06-14,603986.SH,494.97,519,476.66,518,475784
2026-06-15,603986.SH,526,542.84,517.71,532.76,427785
2026-06-16,603986.SH,521,586.04,521,586.04,568000
2026-06-17,603986.SH,594,644.64,586.6,629,591573
2026-06-21,603986.SH,643,689.7,635,689.7,525831
2026-06-22,603986.SH,680,688.8,636,640.99,592914
2026-06-23,603986.SH,641,705.09,630.93,705.09,598219
2026-06-24,603986.SH,740,775.39,735,775.21,508678
2026-06-25,603986.SH,753,779,732.52,770,493926
2026-06-28,603986.SH,779,846.66,750,840,541209
2026-06-29,603986.SH,810,833,781.11,815,449647
2026-06-30,603986.SH,803,843.38,753,772.01,539702
2026-07-01,603986.SH,721,731.99,694.81,694.81,452436
2026-07-02,603986.SH,672.54,717.66,642.35,677.77,623522
2026-07-05,603986.SH,690,694.99,630,654.29,601502
2026-07-06,603986.SH,625,646.2,607,620,515651
2026-07-07,603986.SH,630,641,589,603.17,575108
2026-07-08,603986.SH,633,663.49,630,663.49,590920
2026-07-09,603986.SH,688,707.97,607.18,612,887457
2026-07-12,603986.SH,580,600,550.8,550.8,663107
2026-07-13,603986.SH,551,587.2,534.58,583.99,679490
2026-07-14,603986.SH,600,608.07,565.29,571.79,553704
2026-07-15,603986.SH,543.26,548,514.61,514.61,545542
2026-07-16,603986.SH,500,509.88,463.15,463.15,672083
2026-07-19,603986.SH,479,485.87,416.88,432.3,712622
2026-07-20,603986.SH,446,475.53,401,475.53,743902
2026-07-21,603986.SH,479.94,501.26,460,470,759061
2026-07-22,603986.SH,480,483.16,444.22,451.96,471340
2026-07-23,603986.SH,444,462.5,438.5,457,505543
2026-07-26,603986.SH,446,446.1,411.3,434.03,628783
2026-07-27,603986.SH,400.22,408.25,390.63,390.63,443896
2026-07-28,603986.SH,373.15,378,351.57,364.03,903890
2026-07-29,603986.SH,356.75,392.07,342,371.1,971239
2026-07-30,603986.SH,408.21,408.21,378,378.6,856922
2026-08-02,603986.SH,365.55,370,340.74,340.74,657009
2026-08-03,603986.SH,341.99,360.76,337.1,356.02,632232
2026-08-04,603986.SH,358,390.12,358,385.44,694690
2026-08-05,603986.SH,363,394.94,363,385,618612
2026-08-06,603986.SH,384,422.48,383.8,417.05,747518
2026-08-09,603986.SH,415.43,422.3,391.14,403.03,636006
2026-08-10,603986.SH,397,414.78,396.58,402.29,436502
2026-08-11,603986.SH,408.02,419.95,401.68,413.17,456116
2026-08-12,603986.SH,425.26,431.91,402.8,404.5,544439
2026-08-13,603986.SH,419,421.18,406.55,417.48,475007
2026-08-16,603986.SH,423.95,444,420.23,444,588826
2026-08-17,603986.SH,449.97,455.81,429.06,436.74,607573
2026-08-18,603986.SH,417,420,393.1,403.71,662806
2026-08-19,603986.SH,410,410.59,397.83,403.5,361764
2026-08-20,603986.SH,405,411,400.1,409.06,340767
2026-08-23,603986.SH,404.97,405.51,377.98,381.66,448627
2026-08-24,603986.SH,367,398.5,367,395.51,396495
2026-08-25,603986.SH,399,399,384.88,392.5,284629
2026-08-26,603986.SH,397.01,412,394.58,411.2,407430
2026-08-27,603986.SH,406.95,410.53,396.5,396.82,352520
2026-08-30,603986.SH,387.06,406.61,387.06,406,317220
2026-08-31,603986.SH,406,406.01,391.54,393,256551
2026-09-01,603986.SH,388,395.95,387.45,388.86,209513
2026-09-02,603986.SH,393.11,393.89,380.19,383.2,238566
2026-09-03,603986.SH,387.58,388.97,368.77,371.88,299691
2026-09-06,603986.SH,382.81,386.26,380.3,385.44,349656
2026-09-07,603986.SH,385.82,398,381.96,385.96,374698
2026-09-08,603986.SH,390,392.87,380,381.87,229047
2026-09-09,603986.SH,380.83,387.5,379.01,380.64,215208
2026-09-10,603986.SH,371.8,373.99,363,371.32,292309
2026-09-13,603986.SH,360,365.88,355.55,356.88,264365
2026-09-14,603986.SH,356.87,371.66,356,363.11,293180
2026-09-15,603986.SH,366.11,374.38,360.96,373.14,268707
2026-09-16,603986.SH,370.06,377.23,365.34,369.88,234866
2026-09-17,603986.SH,379.99,390.66,378,388.18,410514
2026-09-20,603986.SH,396,403.23,388.13,391.71,328986
2026-09-21,603986.SH,399.99,413.43,394,402.1,509151
2026-09-22,603986.SH,406.3,408.06,397.44,398.72,261957
2026-09-23,603986.SH,393,394.77,383.72,383.77,226595
2026-09-27,603986.SH,380,380,357.14,358.51,284936
2026-09-28,603986.SH,358.56,369,358,367.57,209082
2026-09-29,603986.SH,369.75,370,351.28,353.9,242377
2022-08-16,688012.SH,139.47,140.5,137.8,139,49815
2022-08-17,688012.SH,139.67,141.1,137.5,139.8,98962
2022-08-18,688012.SH,139.4,142.65,136.41,136.8,59579
2022-08-21,688012.SH,137.02,141.6,136.6,139.6,59030
2022-08-22,688012.SH,139.3,139.85,135.8,136.12,53596
2022-08-23,688012.SH,136.1,136.5,130.1,130.81,69940
2022-08-24,688012.SH,131.09,132.25,128.5,129.95,36761
2022-08-25,688012.SH,130.97,131.58,125.72,125.72,49916
2022-08-28,688012.SH,124.49,127.49,123.93,125.57,55951
2022-08-29,688012.SH,124.78,127.38,124.48,125.3,45410
2022-08-30,688012.SH,125.3,126.33,122.5,123.18,39958
2022-08-31,688012.SH,124.3,126.66,121,121.7,53087
2022-09-01,688012.SH,122.14,125.47,121.07,123.51,44297
2022-09-04,688012.SH,122.8,124.1,120.1,122.5,36005
2022-09-05,688012.SH,122.5,124.31,121.47,123.21,38160
2022-09-06,688012.SH,124,129.5,124,127.65,96923
2022-09-07,688012.SH,126.8,130.8,126.5,128.26,58191
2022-09-08,688012.SH,128.14,128.37,122.29,125.77,60108
2022-09-12,688012.SH,125.75,130.25,124.5,125.2,44100
2022-09-13,688012.SH,123,129.9,122.68,128.27,72518
2022-09-14,688012.SH,129.51,132.68,125.51,126.98,75578
2022-09-15,688012.SH,126.11,132.44,126.11,129.14,79992
2022-09-18,688012.SH,129.15,130.99,121.98,122.07,79241
2022-09-19,688012.SH,122.7,124.21,118.26,123.1,52013
2022-09-20,688012.SH,121.84,123.25,116.5,116.65,62220
2022-09-21,688012.SH,115.5,117.88,115.12,116.79,58750
2022-09-22,688012.SH,117.42,117.48,112.23,113,54264
2022-09-25,688012.SH,111.86,114.82,111.68,113.6,38040
2022-09-26,688012.SH,113.57,115.45,112.09,114.17,45935
2022-09-27,688012.SH,113.6,113.7,110.18,110.5,40252
2022-09-28,688012.SH,111.87,112.35,110.15,110.62,25898
2022-09-29,688012.SH,110.6,111.43,107.5,107.87,34617
2022-10-09,688012.SH,102,102,86.38,86.94,184551
2022-10-10,688012.SH,86.7,86.7,80.12,81.22,182173
2022-10-11,688012.SH,80.13,81.48,76.7,81.22,169625
2022-10-12,688012.SH,79.21,83.58,78.5,80.15,115366
2022-10-13,688012.SH,81.49,83.66,79.41,82.4,118731
2022-10-16,688012.SH,81.47,87.33,81.08,86.45,131656
2022-10-17,688012.SH,86.35,86.86,84.5,85.76,89296
2022-10-18,688012.SH,85.06,88.2,85.06,86.41,90426
2022-10-19,688012.SH,85.4,101.66,85.4,100,210103
2022-10-20,688012.SH,96.5,98.33,93.43,95.98,117300
2022-10-23,688012.SH,95.95,100,95.58,97.04,97044
2022-10-24,688012.SH,96.03,102.58,95.51,100.9,105341
2022-10-25,688012.SH,100.51,105.18,98.5,102.72,82931
2022-10-26,688012.SH,102.11,107.48,100.2,104.8,98099
2022-10-27,688012.SH,105,108.5,104.09,106.75,117630
2022-10-30,688012.SH,108.5,114.47,108.01,110.99,96636
2022-10-31,688012.SH,110,113.1,108,110.07,73382
2022-11-01,688012.SH,109.33,112.98,108.6,110.7,72154
2022-11-02,688012.SH,109.7,115.86,109.01,115.17,85364
2022-11-03,688012.SH,115,116.08,112.56,114.39,78682
2022-11-06,688012.SH,113.08,115.76,108,109.23,126784
2022-11-07,688012.SH,108.75,110,107.02,109,65728
2022-11-08,688012.SH,109.5,110.6,107.75,107.78,47687
2022-11-09,688012.SH,107.3,108.9,103.35,103.78,103359
2022-11-10,688012.SH,108.91,109.99,105.2,105.2,71102
2022-11-13,688012.SH,105.33,109.99,103.52,105.82,77093
2022-11-14,688012.SH,105.3,113.4,104.66,109,149255
2022-11-15,688012.SH,108.97,109.49,106.11,106.96,68870
2022-11-16,688012.SH,102,104.48,97.07,104.48,153543
2022-11-17,688012.SH,103.76,107.48,102.89,103.09,68446
2022-11-20,688012.SH,102.09,104.98,101.39,102.84,40494
2022-11-21,688012.SH,102.5,103.6,99.03,101.94,56652
2022-11-22,688012.SH,101.26,102,97.91,100.94,61704
2022-11-23,688012.SH,101.79,101.9,99.4,100.45,38266
2022-11-24,688012.SH,100.28,103.4,98.2,98.2,56709
2022-11-27,688012.SH,96,98.5,95.5,97.86,34961
2022-11-28,688012.SH,98.84,99.84,96.43,99.41,56076
2022-11-29,688012.SH,99.13,100.32,97.2,98.4,44505
2022-11-30,688012.SH,99.88,102.7,99.09,100.33,59778
2022-12-01,688012.SH,100.1,101.3,99,99.24,33217
2022-12-04,688012.SH,100.15,101.63,99.12,101.35,57657
2022-12-05,688012.SH,102,106,101,103.96,94140
2022-12-06,688012.SH,104.33,105.79,103.01,104.87,70054
2022-12-07,688012.SH,105.2,105.8,102.2,102.59,47268
2022-12-08,688012.SH,103,107.65,103,107,109716
2022-12-11,688012.SH,107,109.46,106,108.22,84326
2022-12-12,688012.SH,107.51,108.58,105.55,106.29,44901
2022-12-13,688012.SH,113,115,108.58,109.15,136254
2022-12-14,688012.SH,110,112.87,108,110.23,81598
2022-12-15,688012.SH,108.48,110.16,106.66,109.99,61144
2022-12-18,688012.SH,108.98,109.97,105.57,106.13,40745
2022-12-19,688012.SH,105.94,108,105.55,105.89,34032
2022-12-20,688012.SH,105.55,106.8,103.4,104.27,31029
2022-12-21,688012.SH,105,105.17,101.1,101.58,37035
2022-12-22,688012.SH,100,102.3,99.55,100.77,33290
2022-12-25,688012.SH,100.75,103.22,99.81,103.08,28515
2022-12-26,688012.SH,103,104.3,101.3,103.99,34003
2022-12-27,688012.SH,102.9,103,98.98,99,55867
2022-12-28,688012.SH,98.18,100.81,97.97,99.65,33970
2022-12-29,688012.SH,100,101.5,97.63,98.01,41646
2023-01-02,688012.SH,97.8,100.37,96.31,99.9,44625
2023-01-03,688012.SH,100.1,102.5,98.17,98.66,44998
2023-01-04,688012.SH,98.42,100.56,97.52,99.45,45251
2023-01-05,688012.SH,98.45,101.21,97.8,99.49,43488
2023-01-08,688012.SH,100,100.98,97.02,98.6,63533
2023-01-09,688012.SH,98.5,101.14,98.03,100.14,45961
2023-01-10,688012.SH,100.28,104.86,99.87,100.03,71166
2023-01-11,688012.SH,99.55,100.15,98.28,99.25,32795
2023-01-12,688012.SH,99.48,100.15,98.58,100.15,27842
2023-01-15,688012.SH,99.35,105.1,99,104.66,73213
2023-01-16,688012.SH,104.98,107.14,104.61,106.32,59762
2023-01-17,688012.SH,107,107.5,105.88,106.36,35008
2023-01-18,688012.SH,105.9,109.3,105.5,108.93,47500
2023-01-19,688012.SH,108.4,109.6,107.55,108.35,35578
2023-01-29,688012.SH,110.1,110.4,105.23,106.9,63883
2023-01-30,688012.SH,107.43,107.98,104,104.89,51681
2023-01-31,688012.SH,105.2,106.94,104.58,105.79,63992
2023-02-01,688012.SH,106.65,110.57,106.65,108.93,125033
2023-02-02,688012.SH,107.88,109.39,106.06,108.2,55077
2023-02-05,688012.SH,107.7,108.88,106.74,107.33,49547
2023-02-06,688012.SH,107.5,107.99,104,104.65,65997
2023-02-07,688012.SH,104.49,106.47,104.29,104.95,46854
2023-02-08,688012.SH,104.23,109.2,103.64,108.81,100382
2023-02-09,688012.SH,109,110.6,108.19,109.35,62497
2023-02-12,688012.SH,108.9,109.96,107.1,109.8,59399
2023-02-13,688012.SH,110,113.74,108.33,109.31,70395
2023-02-14,688012.SH,109.16,113.26,109.01,112.47,91728
2023-02-15,688012.SH,112.09,113.99,109.45,110.3,85720
2023-02-16,688012.SH,109.98,110.29,104.82,104.82,72201
2023-02-19,688012.SH,104.13,108.1,104.08,107.88,50423
2023-02-20,688012.SH,107.21,108.8,106.6,108.02,28085
2023-02-21,688012.SH,107.01,109.48,106.75,108.49,40077
2023-02-22,688012.SH,107.83,109.39,107.78,108.43,32068
2023-02-23,688012.SH,109.48,110,106.6,106.95,33167
2023-02-26,688012.SH,107.1,107.6,103.8,104.34,51397
2023-02-27,688012.SH,105.1,105.5,103.58,105.3,30079
2023-02-28,688012.SH,104.86,106.69,104.7,106.27,27271
2023-03-01,688012.SH,106.3,111.08,106.3,109.3,61493
2023-03-02,688012.SH,113,120.3,113,119.19,146097
2023-03-05,688012.SH,119.2,124.99,117.99,123.24,139854
2023-03-06,688012.SH,122.45,124.33,119,119.25,87978
2023-03-07,688012.SH,120.93,126.38,119.11,124,111566
2023-03-08,688012.SH,125,128.3,124.25,124.25,132554
2023-03-09,688012.SH,122.83,126.53,122.5,123.5,102027
2023-03-12,688012.SH,122.28,126.5,119.85,122,112851
2023-03-13,688012.SH,122,127.4,121.1,126.18,136927
2023-03-14,688012.SH,125.5,129.36,124.08,124.7,112988
2023-03-15,688012.SH,122.9,125.9,120.13,121.26,92321
2023-03-16,688012.SH,123.1,125.12,120.7,124.22,114219
2023-03-19,688012.SH,125.1,136.08,124.01,130.65,167867
2023-03-20,688012.SH,130.65,133.36,128.21,131.03,88719
2023-03-21,688012.SH,133,136,131,132.6,117269
2023-03-22,688012.SH,131.2,135.5,130.3,133.87,111748
2023-03-23,688012.SH,133.9,133.9,127.52,128.14,121136
2023-03-26,688012.SH,127.1,131.28,126.37,128.41,73815
2023-03-27,688012.SH,128.02,130.93,126.1,128.2,80602
2023-03-28,688012.SH,128.18,142.55,126.66,138.35,181137
2023-03-29,688012.SH,138.9,141.17,136.83,139.99,106011
2023-03-30,688012.SH,139.97,149.39,138.03,147.51,194444
2023-04-02,688012.SH,151,166.66,151,163.9,204024
2023-04-03,688012.SH,161.8,175.74,161.01,165.8,231597
2023-04-05,688012.SH,168.36,179.63,168,172.8,242134
2023-04-06,688012.SH,174.5,181.97,170.26,180.2,169236
2023-04-09,688012.SH,180.9,190.84,174.12,175.08,250628
2023-04-10,688012.SH,177.47,179.92,164,168.43,256701
2023-04-11,688012.SH,166.5,172.3,166,167.9,140923
2023-04-12,688012.SH,165.94,174.59,165,166.74,159031
2023-04-13,688012.SH,171.97,189.96,166.86,189.5,292528
2023-04-16,688012.SH,188.5,198.28,186.51,190.88,220563
2023-04-17,688012.SH,182.02,185.69,176.94,183.94,218119
2023-04-18,688012.SH,184.46,196.37,184.01,186.85,198045
2023-04-19,688012.SH,186.31,199.81,186.31,193.01,196956
2023-04-20,688012.SH,194.2,199.39,184,184,162592
2023-04-23,688012.SH,188,191.77,179.5,187.15,157730
2023-04-24,688012.SH,189.14,190.18,174.41,179,226357
2023-04-25,688012.SH,178.97,181,169.23,175.5,165042
2023-04-26,688012.SH,173.01,185.8,172.38,177.9,122430
2023-04-27,688012.SH,178.5,184.96,175.01,181.45,129740
2023-05-03,688012.SH,175.8,176.99,165.01,168.69,183871
2023-05-04,688012.SH,168.69,173.16,168.18,170.3,94735
2023-05-07,688012.SH,170.6,178.17,166.5,174.59,105531
2023-05-08,688012.SH,174.7,177.77,165.52,167.8,123601
2023-05-09,688012.SH,166,169.48,163.58,166.7,92760
2023-05-10,688012.SH,169.49,172.63,167.38,167.91,67416
2023-05-11,688012.SH,169.98,175.79,167.2,168.58,92662
2023-05-14,688012.SH,166.83,167.94,155.9,160.16,185595
2023-05-15,688012.SH,161.68,164,158.22,162.82,113174
2023-05-16,688012.SH,161.95,168.15,161.95,163.45,96589
2023-05-17,688012.SH,163.6,165.55,161.14,164,79204
2023-05-18,688012.SH,166.21,168.28,161,163.66,89039
2023-05-21,688012.SH,165.99,167.5,159,162.69,73706
2023-05-22,688012.SH,161.32,161.98,158,158.5,56648
2023-05-23,688012.SH,157.7,163.19,154.51,158.58,88161
2023-05-24,688012.SH,159.45,161.3,156.65,159.65,59395
2023-05-25,688012.SH,161,166.8,160,164.53,96488
2023-05-28,688012.SH,165.33,174.35,163.5,171.8,130451
2023-05-29,688012.SH,171.8,175.78,169.05,173.89,96810
2023-05-30,688012.SH,173,174.7,170.66,173.34,85601
2023-05-31,688012.SH,172,174.88,170.05,171.26,67088
2023-06-01,688012.SH,171.52,175.6,171,171.92,59197
2023-06-04,688012.SH,179.2,185.5,174.57,175.3,141555
2023-06-05,688012.SH,170.31,170.62,163.8,164.3,115051
2023-06-06,688012.SH,164,164.96,151.2,154.05,186467
2023-06-07,688012.SH,152.84,154.49,148.24,152.11,100591
2023-06-08,688012.SH,152.72,153.32,146.04,152.29,137708
2023-06-11,688012.SH,150.02,157.43,149.3,151.75,98348
2023-06-12,688012.SH,152.8,160.02,152.2,158.48,127037
2023-06-13,688012.SH,158.53,168,158.51,164.86,105914
2023-06-14,688012.SH,165.66,166.58,160.91,163.48,69792
2023-06-15,688012.SH,163.16,170.98,162.67,169.9,97033
2023-06-18,688012.SH,170.5,170.96,166.31,168.8,69404
2023-06-19,688012.SH,168,171.8,165.64,165.8,69645
2023-06-20,688012.SH,165.68,166.47,157,158,103972
2023-06-25,688012.SH,157.83,163.23,155.07,159.6,73812
2023-06-26,688012.SH,161.05,161.2,150.38,151.5,110974
2023-06-27,688012.SH,152.27,161.3,152.27,155.5,93842
2023-06-28,688012.SH,155.26,159.69,154.2,155.06,51035
2023-06-29,688012.SH,153.82,158.28,152.56,156.45,61942
2023-07-02,688012.SH,158.35,162.45,152.2,153.2,91754
2023-07-03,688012.SH,153.58,156.95,151.85,154.33,49391
2023-07-04,688012.SH,154.01,154.85,149.6,150.98,69955
2023-07-05,688012.SH,150,150.9,148,150.6,46237
2023-07-06,688012.SH,149.5,152.5,148.31,149.33,44331
2023-07-09,688012.SH,149,149.48,145,146.76,60474
2023-07-10,688012.SH,147.2,149.7,145.6,148.48,55506
2023-07-11,688012.SH,147.8,148,142.01,142.68,109514
2023-07-12,688012.SH,144,146,143,144.55,54672
2023-07-13,688012.SH,144.6,146.43,143.72,144.39,48649
2023-07-16,688012.SH,146.36,146.51,138.41,139.8,105057
2023-07-17,688012.SH,139.94,141.66,138.68,138.87,60203
2023-07-18,688012.SH,138.36,139.86,136.55,137,55847
2023-07-19,688012.SH,137.99,138.3,135.59,136,49936
2023-07-20,688012.SH,136.18,136.18,132.48,133.4,59292
2023-07-23,688012.SH,133.39,134.83,131.5,132.09,60247
2023-07-24,688012.SH,134.8,135.87,132.1,134.66,65045
2023-07-25,688012.SH,134.68,139.48,133.88,136.94,94706
2023-07-26,688012.SH,137.08,138.7,135.3,136.27,63992
2023-07-27,688012.SH,135.61,141.23,135.6,138.59,84351
2023-07-30,688012.SH,137.9,144.88,137.77,142.82,87148
2023-07-31,688012.SH,143.59,144.5,139.8,141.43,55473
2023-08-01,688012.SH,141.45,146,140.8,143.5,74339
2023-08-02,688012.SH,142,145.79,141.5,144.86,55924
2023-08-03,688012.SH,145.51,147,140.95,142.29,71466
2023-08-06,688012.SH,141.78,144.62,141.3,143.15,38763
2023-08-07,688012.SH,142.47,145.25,142.47,143.16,31567
2023-08-08,688012.SH,142.45,143.5,139.58,140.5,41953
2023-08-09,688012.SH,140.9,144.5,140.43,143.54,49603
2023-08-10,688012.SH,143.9,143.9,138.33,139.58,56367
2023-08-13,688012.SH,137.34,140.89,137.3,138.18,33957
2023-08-14,688012.SH,138.97,139.26,133.5,135.5,55200
2023-08-15,688012.SH,135.05,138.09,133.45,133.52,47239
2023-08-16,688012.SH,132.96,135.83,132.26,135.41,39945
2023-08-17,688012.SH,138,138.3,132.59,134.5,50005
2023-08-20,688012.SH,134.54,138.75,133.63,135.15,44378
2023-08-21,688012.SH,136.77,139,132.16,138.14,60656
2023-08-22,688012.SH,137.64,137.78,129.21,129.32,75396
2023-08-23,688012.SH,129.92,136,129.35,133.8,63730
2023-08-24,688012.SH,133.68,134,129.37,130.55,53364
2023-08-27,688012.SH,140,142.41,130.03,130.56,87852
2023-08-28,688012.SH,133,139.43,130.56,138.8,88841
2023-08-29,688012.SH,143,149.55,141.75,146.79,143464
2023-08-30,688012.SH,146.1,152.8,145.72,152.34,135378
2023-08-31,688012.SH,153.2,159.8,149.3,151.57,127899
2023-09-03,688012.SH,152.85,152.99,146.16,149.47,138725
2023-09-04,688012.SH,149.49,151.15,147.69,148.86,103465
2023-09-05,688012.SH,149.52,158.88,148.25,158.48,150952
2023-09-06,688012.SH,155.87,155.88,147.51,148.16,132133
2023-09-07,688012.SH,147.03,153.55,147.03,151,83564
2023-09-10,688012.SH,149.99,150.48,147.68,148.88,66220
2023-09-11,688012.SH,147.71,149.14,145.5,147.45,51160
2023-09-12,688012.SH,146.85,151.3,145,147.06,55915
2023-09-13,688012.SH,146,147,142.7,143.8,55703
2023-09-14,688012.SH,143.99,147.72,141.32,144.59,62755
2023-09-17,688012.SH,143.5,143.91,139.79,140.38,56855
2023-09-18,688012.SH,140.28,141.68,136.5,140.78,52775
2023-09-19,688012.SH,139.87,140.68,137.58,138.58,40157
2023-09-20,688012.SH,138.59,139.2,136.82,137.22,32305
2023-09-21,688012.SH,136.41,141.67,136.03,141.12,63224
2023-09-24,688012.SH,140.11,144.91,139.32,142.4,61534
2023-09-25,688012.SH,141.71,145,140.4,142.38,41572
2023-09-26,688012.SH,142.01,144.5,137.7,139.98,56441
2023-09-27,688012.SH,140.06,152,138.89,150.55,115908
2023-10-08,688012.SH,148.29,153.12,147.34,152.79,73617
2023-10-09,688012.SH,152.79,155.55,150.33,151,71899
2023-10-10,688012.SH,151,152.78,149.3,152.1,50895
2023-10-11,688012.SH,153.84,163.36,153.84,161.9,127621
2023-10-12,688012.SH,161,163.5,158.92,162.82,65433
2023-10-15,688012.SH,164.13,164.35,153.62,158.65,94045
2023-10-16,688012.SH,158.17,168,156.05,166.2,82728
2023-10-17,688012.SH,166,172.24,162.9,162.9,89279
2023-10-18,688012.SH,162.06,166.88,161.55,162,69634
2023-10-19,688012.SH,160.25,164.8,158.66,159.5,78194
2023-10-22,688012.SH,157.95,160.76,155,157.28,55418
2023-10-23,688012.SH,158.33,169.88,157.67,167.1,100490
2023-10-24,688012.SH,169,169.79,164.12,166.2,62862
2023-10-25,688012.SH,164.03,167.5,161.77,164.75,56987
2023-10-26,688012.SH,158.5,167.3,158,165.56,87809
2023-10-29,688012.SH,163.89,173.66,161.28,169.68,106846
2023-10-30,688012.SH,173.1,176,169.1,171.15,71475
2023-10-31,688012.SH,170.8,172.2,167.5,168.2,46344
2023-11-01,688012.SH,169,169.5,165.7,166.18,30580
2023-11-02,688012.SH,166.09,168.4,164.04,165.38,58010
2023-11-05,688012.SH,166.3,166.88,159.49,163,104363
2023-11-06,688012.SH,162,165.22,161.05,165.2,70332
2023-11-07,688012.SH,165.96,173.99,164.51,171.95,109512
2023-11-08,688012.SH,171,171.96,165.1,168.19,62108
2023-11-09,688012.SH,169.02,171.95,166,170.01,71060
2023-11-12,688012.SH,170.7,173.3,169.5,171.72,52427
2023-11-13,688012.SH,170.8,174.99,168.82,173.52,59961
2023-11-14,688012.SH,174.75,174.78,166.71,167.39,57748
2023-11-15,688012.SH,166.8,167.21,163.16,165,49314
2023-11-16,688012.SH,164.82,169.85,163.6,167.78,46894
2023-11-19,688012.SH,167.4,169.58,162.2,164.97,53520
2023-11-20,688012.SH,164.2,167.2,162,162,45683
2023-11-21,688012.SH,161.68,162.68,158.85,159.69,38993
2023-11-22,688012.SH,158.92,163.35,158.92,162.55,36266
2023-11-23,688012.SH,161.4,164.5,160.21,160.77,31700
2023-11-26,688012.SH,159.95,167.15,159.1,166.43,59043
2023-11-27,688012.SH,166.34,168.37,164.36,166.3,40049
2023-11-28,688012.SH,166.01,170.7,165.91,166.9,44249
2023-11-29,688012.SH,166.9,169.9,165.51,169.9,45660
2023-11-30,688012.SH,169.01,170.67,167.47,169.02,35508
2023-12-03,688012.SH,168.02,170,163.45,164.5,42799
2023-12-04,688012.SH,163.51,164,161.47,163.29,36685
2023-12-05,688012.SH,162.64,164.03,160.78,161.28,43780
2023-12-06,688012.SH,161.68,162.3,152.81,154.04,93541
2023-12-07,688012.SH,154.09,156.03,152,156.03,103077
2023-12-10,688012.SH,154,159.11,153.77,158.51,67378
2023-12-11,688012.SH,157.9,159.19,156.3,158.51,39495
2023-12-12,688012.SH,158.15,162.28,157.4,157.85,39000
2023-12-13,688012.SH,158.37,159.4,153.11,156.59,49849
2023-12-14,688012.SH,155.4,156.36,152.89,153.5,40084
2023-12-17,688012.SH,153.56,153.95,150.58,151.4,36184
2023-12-18,688012.SH,151.7,155.05,151.34,153.3,36727
2023-12-19,688012.SH,153.8,154.95,151.61,153.2,31546
2023-12-20,688012.SH,152.7,156.59,151.72,155.01,39322
2023-12-21,688012.SH,155,155.31,151.15,152.06,33892
2023-12-24,688012.SH,152,153.4,147.73,150.5,31507
2023-12-25,688012.SH,150.97,151.3,147.77,149.68,30463
2023-12-26,688012.SH,149.08,159.78,148.77,157.56,66072
2023-12-27,688012.SH,157.56,160.2,156.21,159.88,52854
2023-12-28,688012.SH,160.26,160.29,152.8,153.6,95836
2024-01-01,688012.SH,152.88,152.88,142,146.05,98389
2024-01-02,688012.SH,145.43,149.08,144.73,145.44,42357
2024-01-03,688012.SH,145.5,147.8,142.3,144.9,48621
2024-01-04,688012.SH,144,146.38,143.2,144.2,48304
2024-01-07,688012.SH,142.63,144.18,137.1,137.73,72553
2024-01-08,688012.SH,137.7,139.97,135,136.36,50059
2024-01-09,688012.SH,135.92,138.99,133.01,136.94,50323
2024-01-10,688012.SH,136,138.49,135.61,137.5,45270
2024-01-11,688012.SH,138,138.69,134.59,134.66,44606
2024-01-14,688012.SH,136.61,141.25,134.66,137.29,82041
2024-01-15,688012.SH,137.29,140.96,136.7,140.23,68606
2024-01-16,688012.SH,139.53,140.5,136.35,136.71,48526
2024-01-17,688012.SH,135.63,139.6,132.6,139.31,80212
2024-01-18,688012.SH,139.31,143.2,139.31,141.52,77673
2024-01-21,688012.SH,141.2,142.73,138.3,139.85,68248
2024-01-22,688012.SH,138.78,139.59,135.11,137.11,56682
2024-01-23,688012.SH,138,138.38,126.32,132,113734
2024-01-24,688012.SH,131.88,135.79,129,134.96,65699
2024-01-25,688012.SH,133.43,134,126.5,126.5,96928
2024-01-28,688012.SH,126.5,128.48,121,121.71,89592
2024-01-29,688012.SH,120.5,121.35,114.6,114.71,84803
2024-01-30,688012.SH,114.04,116.55,113.12,114.06,76830
2024-01-31,688012.SH,114,120.49,111.82,116.81,100923
2024-02-01,688012.SH,117,118,109.15,112.31,110377
2024-02-04,688012.SH,112.6,113.5,104.92,111.5,113162
2024-02-05,688012.SH,111.24,117.55,108.98,116.8,115292
2024-02-06,688012.SH,117.15,123.25,115.03,119.48,122679
2024-02-07,688012.SH,123.91,126.12,120.15,122.77,104126
2024-02-18,688012.SH,125.22,126.33,123.23,125.57,85964
2024-02-19,688012.SH,125.45,125.8,122.28,123.8,53686
2024-02-20,688012.SH,122.5,127.26,121.51,124.8,65422
2024-02-21,688012.SH,124.78,126.84,124.12,125.8,55468
2024-02-22,688012.SH,126.81,130.8,125.3,130.58,78968
2024-02-25,688012.SH,132,134,129.25,130.19,70760
2024-02-26,688012.SH,129.2,139,128,138.45,97507
2024-02-27,688012.SH,137.8,141.25,133.41,133.41,87201
2024-02-28,688012.SH,137,147.8,136.5,146.79,141092
2024-02-29,688012.SH,147.79,147.99,144.88,147.1,88586
2024-03-03,688012.SH,147.1,150.49,145.12,149,80262
2024-03-04,688012.SH,148,150.38,146.27,149.57,77504
2024-03-05,688012.SH,149.54,149.54,144.3,146.12,61570
2024-03-06,688012.SH,147.97,150.33,144.84,145.88,56485
2024-03-07,688012.SH,146.2,149.4,145.66,148.88,53677
2024-03-10,688012.SH,146.99,150,146.3,149.86,53622
2024-03-11,688012.SH,149.86,156.95,149.15,155.99,109661
2024-03-12,688012.SH,155.99,157.88,153.28,154,53096
2024-03-13,688012.SH,152.8,154.46,149.96,151.49,50450
2024-03-14,688012.SH,151.49,151.79,148.11,150.58,39278
2024-03-17,688012.SH,151.87,155.2,150.3,155.09,66203
2024-03-18,688012.SH,154.01,155.52,151.87,153.58,55754
2024-03-19,688012.SH,153.02,155.16,152.3,154.38,42624
2024-03-20,688012.SH,155.01,161.71,154.8,155.89,65425
2024-03-21,688012.SH,156,161.67,155,158.81,79132
2024-03-24,688012.SH,158,163.07,155.3,156.72,64458
2024-03-25,688012.SH,157.81,159.66,152.56,152.79,54850
2024-03-26,688012.SH,153.37,154.3,150.59,150.79,47113
2024-03-27,688012.SH,151.74,151.9,147.5,149.26,53673
2024-03-28,688012.SH,149,151.5,145.71,149.3,43308
2024-03-31,688012.SH,151,153.8,149.8,151.75,47176
2024-04-01,688012.SH,151.76,152.75,148.56,149.55,37925
2024-04-02,688012.SH,150,151.99,146.9,150.09,43970
2024-04-07,688012.SH,150.6,153.79,149.01,149.2,40784
2024-04-08,688012.SH,148.4,149.6,145.8,147.42,37479
2024-04-09,688012.SH,147.22,147.42,142.67,142.99,52437
2024-04-10,688012.SH,142,145.22,139.39,140.1,52393
2024-04-11,688012.SH,140.6,140.98,138.5,138.66,38719
2024-04-14,688012.SH,140.44,148.9,140.07,146.49,80755
2024-04-15,688012.SH,144.8,147.64,143.55,143.59,42003
2024-04-16,688012.SH,144.66,145.15,140.18,141.84,69085
2024-04-17,688012.SH,141.19,141.68,137.66,137.88,68510
2024-04-18,688012.SH,136.52,136.94,133.09,133.85,58694
2024-04-21,688012.SH,133.03,136.66,131.16,134.49,42697
2024-04-22,688012.SH,135.28,135.49,133.2,134.3,33135
2024-04-23,688012.SH,134.98,136.5,134.26,135.52,43301
2024-04-24,688012.SH,135.5,136.88,134.39,135.78,43051
2024-04-25,688012.SH,133.51,136.92,130.61,135.04,111406
2024-04-28,688012.SH,135.01,146.51,134.7,145.68,124420
2024-04-29,688012.SH,145.6,146.52,141.64,141.67,62247
2024-05-05,688012.SH,143.1,146,141.11,143.21,65041
2024-05-06,688012.SH,143,143.7,139.82,140.42,45181
2024-05-07,688012.SH,139.91,141,136.01,136.7,44051
2024-05-08,688012.SH,136.7,139.17,136.28,138.13,46086
2024-05-09,688012.SH,138.56,138.96,130.1,133.04,78959
2024-05-12,688012.SH,131.51,135.39,130.74,130.99,43077
2024-05-13,688012.SH,131.84,132.66,129.53,131.26,44425
2024-05-14,688012.SH,130.67,132.4,129.78,129.84,28730
2024-05-15,688012.SH,131,131.09,128.5,129.13,40881
2024-05-16,688012.SH,129.31,130.95,128.18,130.71,28753
2024-05-19,688012.SH,131,134.73,130.23,131.41,60653
2024-05-20,688012.SH,131.6,134.88,131,133.62,49102
2024-05-21,688012.SH,133.55,134.5,131.8,133.65,36237
2024-05-22,688012.SH,133.88,135.6,132.88,133.64,42570
2024-05-23,688012.SH,133.72,134.02,130,130.4,34914
2024-05-26,688012.SH,126,129.99,122.22,129.41,117151
2024-05-27,688012.SH,129.41,136.37,128.99,130.41,89279
2024-05-28,688012.SH,129.46,131.02,128.1,129.5,43120
2024-05-29,688012.SH,129.6,132.79,128.1,131.84,52007
2024-05-30,688012.SH,131.62,132.25,128.24,129.75,51528
2024-06-02,688012.SH,132.34,138,132.05,137.31,104735
2024-06-03,688012.SH,136.5,140.13,136.38,139.88,60258
2024-06-04,688012.SH,140,143.04,139.18,140.8,59302
2024-06-05,688012.SH,141.88,143.8,139.61,140.09,66915
2024-06-06,688012.SH,140.98,144.2,139.62,142.25,62244
2024-06-10,688012.SH,142.52,148.18,142.52,147.96,96259
2024-06-11,688012.SH,148.57,149.25,144.28,145.13,90720
2024-06-12,688012.SH,146.01,147.15,143.77,144.9,78962
2024-06-13,688012.SH,144,144.5,138.57,140.56,138709
2024-06-16,688012.SH,140.16,143.3,137.6,142.29,83744
2024-06-17,688012.SH,142,145.8,141.99,142.97,67280
2024-06-18,688012.SH,144.99,147.55,142.9,145.51,81691
2024-06-19,688012.SH,145.52,152.37,144,148.08,89467
2024-06-20,688012.SH,146.01,151.12,145.91,150.5,67211
2024-06-23,688012.SH,150.29,152.58,147.37,147.51,74290
2024-06-24,688012.SH,147.01,147.51,140.2,141.3,92979
2024-06-25,688012.SH,142.02,144.26,139.3,143.59,47497
2024-06-26,688012.SH,142.51,144.3,141.23,141.43,44133
2024-06-27,688012.SH,140.8,143,139.41,141.26,56438
2024-06-30,688012.SH,141.1,142.68,136.5,142.27,52665
2024-07-01,688012.SH,141.58,142.2,137.87,138.31,41305
2024-07-02,688012.SH,138.31,144.49,137.19,143.56,60382
2024-07-03,688012.SH,143,143.99,140.5,140.6,34008
2024-07-04,688012.SH,140.02,140.5,135,138.5,53046
2024-07-07,688012.SH,138.6,139.88,137.11,138.06,39515
2024-07-08,688012.SH,137.99,142.33,137.33,141.9,56877
2024-07-09,688012.SH,141.1,144.5,140.81,142.02,39560
2024-07-10,688012.SH,144.68,144.69,135.01,139.66,84984
2024-07-11,688012.SH,138,142.45,136.47,141.03,51511
2024-07-14,688012.SH,141.32,143.81,141.1,143.44,49441
2024-07-15,688012.SH,142.6,148.13,141.05,147.3,74595
2024-07-16,688012.SH,146.59,152.56,146.23,149.91,93943
2024-07-17,688012.SH,148.23,155.38,147.85,153,94576
2024-07-18,688012.SH,152.83,154.45,150.52,153.85,82639
2024-07-21,688012.SH,153.55,154.77,151.3,152.69,60812
2024-07-22,688012.SH,152.5,152.97,147.7,147.92,57480
2024-07-23,688012.SH,147.57,148.96,145.18,145.7,43321
2024-07-24,688012.SH,144.44,146.44,142.65,142.89,40593
2024-07-25,688012.SH,142.7,147.31,141.4,146.78,43423
2024-07-28,688012.SH,146.9,149.79,144.34,144.34,40941
2024-07-29,688012.SH,144.48,147.87,143,147.55,39795
2024-07-30,688012.SH,146.78,157.5,146.78,157.2,82997
2024-07-31,688012.SH,158.46,160.69,155.7,158.44,68376
2024-08-01,688012.SH,156.6,162.45,156.32,158.6,72536
2024-08-04,688012.SH,157.63,161.49,152.52,153.39,82569
2024-08-05,688012.SH,155.55,155.98,151.66,154.13,49967
2024-08-06,688012.SH,153.5,157.3,151.74,152.55,45530
2024-08-07,688012.SH,151.5,157.5,149.5,155.16,60748
2024-08-08,688012.SH,157.3,158.5,153.18,153.27,49793
2024-08-11,688012.SH,152.4,154.5,150.26,152.6,37347
2024-08-12,688012.SH,152.63,155.38,152.12,155.37,32504
2024-08-13,688012.SH,155.14,155.3,147.2,147.72,68574
2024-08-14,688012.SH,146.85,149.48,146.2,148.41,48028
2024-08-15,688012.SH,148.11,149.78,145.81,146.92,52452
2024-08-18,688012.SH,146.45,147.96,145.11,145.95,35348
2024-08-19,688012.SH,145.57,147.11,143.36,144.33,32434
2024-08-20,688012.SH,144.27,145.13,141.82,142.11,31593
2024-08-21,688012.SH,142.12,142.38,137.71,138.8,58688
2024-08-22,688012.SH,136,136,124.03,131.01,176919
2024-08-25,688012.SH,129.8,133.88,129.17,130.46,58746
2024-08-26,688012.SH,130.01,131.49,128.99,130,40845
2024-08-27,688012.SH,130.2,131.43,128.4,129.27,39186
2024-08-28,688012.SH,128,133.77,127.8,132.3,44985
2024-08-29,688012.SH,132.6,136.32,132.01,135.05,58778
2024-09-01,688012.SH,134.8,135.24,127.8,127.82,54973
2024-09-02,688012.SH,128.1,130.02,128.01,128.81,29087
2024-09-03,688012.SH,127.99,130.11,126.99,127.15,33013
2024-09-04,688012.SH,126.88,129.05,126.6,128.58,30899
2024-09-05,688012.SH,128.84,129.8,127.2,127.41,20377
2024-09-08,688012.SH,127.9,129.7,126.76,127.45,27236
2024-09-09,688012.SH,128,130.51,127.12,129.76,33036
2024-09-10,688012.SH,129.01,131.24,128.58,130.65,33992
2024-09-11,688012.SH,130.65,131.8,129.2,130.02,24905
2024-09-12,688012.SH,129.8,130.35,123.79,125.48,55057
2024-09-17,688012.SH,125.61,125.99,122.35,124.07,34133
2024-09-18,688012.SH,124.32,126.8,122.2,124.44,43464
2024-09-19,688012.SH,124.5,124.86,118.85,120.51,68182
2024-09-22,688012.SH,121,121.18,116.61,117.3,63064
2024-09-23,688012.SH,118.9,121.77,115.5,121.2,83136
2024-09-24,688012.SH,123.01,126.5,120.75,120.97,87445
2024-09-25,688012.SH,120.88,127.5,119.11,127.44,83139
2024-09-26,688012.SH,130.01,138.8,130,136.9,75083
2024-09-29,688012.SH,145,164.2,144.49,164,196688
2024-10-07,688012.SH,196.8,196.8,186.1,196.8,247402
2024-10-08,688012.SH,192,217,185.5,198,428137
2024-10-09,688012.SH,202,202,179.48,180.18,257194
2024-10-10,688012.SH,174,181.17,166.02,168.56,150910
2024-10-13,688012.SH,168.1,175.2,162.51,173.25,158366
2024-10-14,688012.SH,173.26,177.98,169.1,169.1,129619
2024-10-15,688012.SH,159,167.77,158.88,163.46,111221
2024-10-16,688012.SH,165.9,167.83,162.57,163.5,104062
2024-10-17,688012.SH,163.5,195,161.03,185.65,241754
2024-10-20,688012.SH,187.09,201,182,187.13,260996
2024-10-21,688012.SH,185,189.01,180.21,182.83,153812
2024-10-22,688012.SH,181.5,184.58,178.23,179.95,101383
2024-10-23,688012.SH,178.9,182.99,178.38,180,77677
2024-10-24,688012.SH,180.99,188.81,178.62,183.45,109818
2024-10-27,688012.SH,183,183.32,179.62,180.88,71259
2024-10-28,688012.SH,180.65,185.88,180.13,180.3,107159
2024-10-29,688012.SH,182.9,184.22,177.7,181.15,108460
2024-10-30,688012.SH,181,199,177.4,192.43,187550
2024-10-31,688012.SH,192.43,196.69,188.5,188.61,136978
2024-11-03,688012.SH,188,203.9,186,199.82,130002
2024-11-04,688012.SH,198,207.69,197.51,202.5,151643
2024-11-05,688012.SH,202,210.8,198.11,201.31,152207
2024-11-06,688012.SH,200.5,209.8,198.96,208,126659
2024-11-07,688012.SH,213.18,229.26,208.99,217.15,196777
2024-11-10,688012.SH,223.5,249,223,245.15,216786
2024-11-11,688012.SH,243,256.99,239,246.3,184423
2024-11-12,688012.SH,240,249.66,237.02,242.5,123350
2024-11-13,688012.SH,240.01,245,232.95,235,129977
2024-11-14,688012.SH,232,235,211.7,212.2,199878
2024-11-17,688012.SH,214,219.6,207.75,211.08,140412
2024-11-18,688012.SH,213.33,217.5,205.97,215.15,125711
2024-11-19,688012.SH,214,216.4,210.13,213.01,92611
2024-11-20,688012.SH,211.02,219.87,210,216.5,104305
2024-11-21,688012.SH,218,223.33,209.32,209.46,109894
2024-11-24,688012.SH,208.18,212.28,203.21,203.48,97234
2024-11-25,688012.SH,205.39,208,203.98,205.24,60463
2024-11-26,688012.SH,204.1,213.02,198.66,211.84,107300
2024-11-27,688012.SH,213.02,215.52,210.36,210.78,98376
2024-11-28,688012.SH,209,227.5,208.62,222,126708
2024-12-01,688012.SH,221.56,224,216.5,220,119935
2024-12-02,688012.SH,221.5,223.98,211.2,212.89,94055
2024-12-03,688012.SH,216.3,219.86,212.33,213.71,85312
2024-12-04,688012.SH,211,214.07,209.36,212.47,65876
2024-12-05,688012.SH,212.48,219,210.53,216.09,70763
2024-12-08,688012.SH,214.9,218.64,211.5,214.04,52945
2024-12-09,688012.SH,228,229.66,215.69,217.02,94548
2024-12-10,688012.SH,217.02,219.5,205.02,205.8,120284
2024-12-11,688012.SH,204,207,201.41,205.9,98615
2024-12-12,688012.SH,203.9,204.74,198.4,200.51,126056
2024-12-15,688012.SH,199.4,200.26,190.25,192,119413
2024-12-16,688012.SH,192.01,193.77,190.22,190.9,72803
2024-12-17,688012.SH,192,202,192,194.3,146163
2024-12-18,688012.SH,190.07,196.17,188.8,194.88,117886
2024-12-19,688012.SH,194.27,202.49,193.8,196.85,150405
2024-12-22,688012.SH,197.78,200.98,195.03,197,107749
2024-12-23,688012.SH,196.95,200.38,193.28,199.88,99550
2024-12-24,688012.SH,199.88,202.2,195.55,196,79841
2024-12-25,688012.SH,195,199,193.63,195.91,78750
2024-12-26,688012.SH,195.91,204.98,193.31,197.35,155599
2024-12-29,688012.SH,197.4,201.19,196.19,198,85043
2024-12-30,688012.SH,197.85,198.5,188.9,189.16,100279
2025-01-01,688012.SH,188.81,188.87,178.65,180.9,113829
2025-01-02,688012.SH,181.18,184.85,179.77,181.53,89112
2025-01-05,688012.SH,181,183.83,178.8,181.71,54551
2025-01-06,688012.SH,181.8,185.5,181.22,184.33,74461
2025-01-07,688012.SH,183,185.97,178,183.01,85299
2025-01-08,688012.SH,184.7,185.8,182,182.01,62703
2025-01-09,688012.SH,182.69,185.28,179.1,179.1,75882
2025-01-12,688012.SH,174.81,181.15,174.51,178.96,60235
2025-01-13,688012.SH,180.6,188.68,178.07,188.45,96358
2025-01-14,688012.SH,189.73,193.88,186.17,186.39,89387
2025-01-15,688012.SH,188,193.66,185.25,188,91724
2025-01-16,688012.SH,187.12,194,186.86,188.6,77617
2025-01-19,688012.SH,189.66,191.36,187.28,188.18,54545
2025-01-20,688012.SH,189.3,190,185.66,186.87,75141
2025-01-21,688012.SH,186.2,186.68,182.66,185.13,63940
2025-01-22,688012.SH,187.5,191.02,185.57,185.82,79762
2025-01-23,688012.SH,185,187.5,184.88,185.48,56654
2025-01-26,688012.SH,186,187.29,180.01,180.09,59068
2025-02-04,688012.SH,185.7,186,178.95,181.94,87000
2025-02-05,688012.SH,180.16,195.3,180.11,192.57,141566
2025-02-06,688012.SH,192,195.01,188.5,192.24,128593
2025-02-09,688012.SH,192.25,192.99,188.65,191.16,94606
2025-02-10,688012.SH,191.16,191.23,186.11,187.41,69841
2025-02-11,688012.SH,190.99,197.42,189.67,196.93,147508
2025-02-12,688012.SH,196.93,197,190.6,190.6,87941
2025-02-13,688012.SH,189,191.4,186.5,190.52,78838
2025-02-16,688012.SH,190.5,195.77,189.52,193.21,102125
2025-02-17,688012.SH,193.5,199,192.5,192.5,153366
2025-02-18,688012.SH,192,203.4,191.84,201.27,178455
2025-02-19,688012.SH,201,206.89,200.3,205.1,139800
2025-02-20,688012.SH,208,214.6,205,211.36,158589
2025-02-23,688012.SH,210,219.35,209.8,218.1,137524
2025-02-24,688012.SH,214.99,220.99,211,213.5,114601
2025-02-25,688012.SH,214.87,215.8,208.8,214.84,109168
2025-02-26,688012.SH,213.72,213.83,204.8,210.51,120580
2025-02-27,688012.SH,212.19,213.88,201.5,204.27,119826
2025-03-02,688012.SH,204.67,205.5,198.37,199.98,96148
2025-03-03,688012.SH,198,202.88,196.2,200.9,81819
2025-03-04,688012.SH,201.19,203.95,199.16,202.71,71947
2025-03-05,688012.SH,208,217.88,207.16,215.89,148257
2025-03-06,688012.SH,214.6,217.28,212.84,214.66,75881
2025-03-09,688012.SH,212.29,214.49,204.81,206,107824
2025-03-10,688012.SH,203,208.36,202.7,204.7,64034
2025-03-11,688012.SH,207.98,208.25,200.8,200.86,73786
2025-03-12,688012.SH,201.11,201.88,197.4,199.69,64053
2025-03-13,688012.SH,200,204.86,198.5,204.31,79445
2025-03-16,688012.SH,203.1,203.7,199.1,199.7,56278
2025-03-17,688012.SH,201.7,204.54,200.48,204,59695
2025-03-18,688012.SH,202.85,203.75,198.38,198.6,49208
2025-03-19,688012.SH,198.6,201.06,193.5,193.7,62245
2025-03-20,688012.SH,193.2,196.2,190.45,191.24,62439
2025-03-23,688012.SH,190.11,194.83,188.4,191.1,60806
2025-03-24,688012.SH,191.2,192.9,189.49,190.87,42029
2025-03-25,688012.SH,190.8,193.39,188.03,188.5,40436
2025-03-26,688012.SH,189.11,192.39,186.5,189.69,55085
2025-03-27,688012.SH,190.02,190.66,184.15,184.31,86805
2025-03-30,688012.SH,184.26,186.37,181.75,184.36,59133
2025-03-31,688012.SH,184.93,187.98,183.91,186.46,50017
2025-04-01,688012.SH,186,187.55,184.03,184.6,36103
2025-04-02,688012.SH,183.46,189.62,183.46,186.6,57155
2025-04-06,688012.SH,178.5,188,166.66,176,139136
2025-04-07,688012.SH,176,178.41,172.6,176.14,117767
2025-04-08,688012.SH,173,190.66,172.8,186.96,147852
2025-04-09,688012.SH,191.88,191.9,186.65,188.86,79968
2025-04-10,688012.SH,189.85,195.2,187.2,188.88,120558
2025-04-13,688012.SH,191,191.76,186.81,189.83,71593
2025-04-14,688012.SH,188.98,189.49,184.68,188,57889
2025-04-15,688012.SH,190.74,192.8,187.66,192.72,83250
2025-04-16,688012.SH,192.3,194.5,189.99,191.5,60797
2025-04-17,688012.SH,190.01,191.34,188.26,190,35297
2025-04-20,688012.SH,188.5,190.99,188.49,189.52,37944
2025-04-21,688012.SH,190,193.85,187.66,190.55,56595
2025-04-22,688012.SH,190.1,191.5,187.2,188.03,53266
2025-04-23,688012.SH,188.03,189.79,186.3,187.35,33422
2025-04-24,688012.SH,185,187.96,181.02,187.46,72904
2025-04-27,688012.SH,187,189.75,186.04,186.11,47235
2025-04-28,688012.SH,185.62,188.35,184.6,187.52,37855
2025-04-29,688012.SH,187,189.49,186.49,188.26,45122
2025-05-05,688012.SH,188.18,189.83,185.63,188.88,66685
2025-05-06,688012.SH,193,193.01,187.78,189.33,63566
2025-05-07,688012.SH,188.75,190.8,187.56,190.07,38483
2025-05-08,688012.SH,189,189.59,181.7,181.7,66640
2025-05-11,688012.SH,182.98,184.25,181.37,183.4,44320
2025-05-12,688012.SH,184,185.8,182.7,182.95,36221
2025-05-13,688012.SH,183.05,187.88,182.4,187.7,59628
2025-05-14,688012.SH,186.61,187.88,182.38,182.71,38864
2025-05-15,688012.SH,182.71,183.33,179.22,180.33,43442
2025-05-18,688012.SH,179.89,180.52,177.12,178.81,38944
2025-05-19,688012.SH,178.83,180.18,177.68,178.2,34577
2025-05-20,688012.SH,177.93,178.95,176.29,176.45,38079
2025-05-21,688012.SH,176,177.17,174.37,175.6,35424
2025-05-22,688012.SH,175.25,176.4,174.06,174.53,43979
2025-05-25,688012.SH,176,177.65,173.73,174.49,45612
2025-05-26,688012.SH,174.49,175.2,172.8,173.13,40116
2025-05-27,688012.SH,173.89,174.85,170.66,170.93,45597
2025-05-28,688012.SH,171.5,177.19,171.06,176.71,53556
2025-05-29,688012.SH,176.47,177,175,175.01,41580
2025-06-02,688012.SH,174.89,180.74,174.62,178.9,50681
2025-06-03,688012.SH,178.8,180.3,177.89,179.42,34343
2025-06-04,688012.SH,180.2,181.2,178.86,180,43148
2025-06-05,688012.SH,180,180.68,179.17,180.01,26224
2025-06-08,688012.SH,180,180.5,177.3,178.8,36741
2025-06-09,688012.SH,178.8,179.29,170.5,171.3,67715
2025-06-10,688012.SH,171.56,174.5,169.8,169.88,64759
2025-06-11,688012.SH,169.58,169.58,165.79,165.98,83151
2025-06-12,688012.SH,165.01,172.27,164.88,171.79,90608
2025-06-15,688012.SH,170.2,173.96,170.09,173.17,38021
2025-06-16,688012.SH,172.88,174.18,170.3,170.97,42427
2025-06-17,688012.SH,171.18,174,170.58,171.85,46341
2025-06-18,688012.SH,171.55,176.23,171.01,172.91,52645
2025-06-19,688012.SH,172.85,175.3,171.2,171.61,37842
2025-06-22,688012.SH,170.6,181.09,170.6,178.63,101017
2025-06-23,688012.SH,178.5,179.66,177.52,179.16,51875
2025-06-24,688012.SH,179.96,181.57,177.68,180.81,60904
2025-06-25,688012.SH,181.12,182,178.88,178.98,51933
2025-06-26,688012.SH,180.79,181.48,178.18,179.79,47511
2025-06-29,688012.SH,180.57,185,180.55,182.3,52895
2025-06-30,688012.SH,181.99,184.39,181.33,182.79,40819
2025-07-01,688012.SH,182.3,182.6,178.39,178.78,42514
2025-07-02,688012.SH,179,179.4,176.7,178.02,40554
2025-07-03,688012.SH,177.99,185.3,176.21,180.95,79103
2025-07-06,688012.SH,180.5,183.95,180.34,180.55,45057
2025-07-07,688012.SH,182.4,185.2,181.88,184.5,58040
2025-07-08,688012.SH,184.5,185.86,181.95,182.36,40066
2025-07-09,688012.SH,181.21,183.44,180.22,180.58,41403
2025-07-10,688012.SH,180.61,185.49,180.51,184.37,62683
2025-07-13,688012.SH,184.6,184.6,178.87,179,63443
2025-07-14,688012.SH,179,180.89,178,179.98,43760
2025-07-15,688012.SH,179.98,182,177.77,178.29,46058
2025-07-16,688012.SH,178.18,178.44,174.76,178.18,70260
2025-07-17,688012.SH,180.99,184.48,180.99,182.25,77575
2025-07-20,688012.SH,182,184.2,180.88,183.7,69542
2025-07-21,688012.SH,183.6,189.49,182.31,187.5,87682
2025-07-22,688012.SH,188,200.5,187.73,198.51,159429
2025-07-23,688012.SH,198.26,199.9,196.03,199.02,91270
2025-07-24,688012.SH,198.85,200.55,197.21,199.88,77313
2025-07-27,688012.SH,200.17,201.47,197.6,200.06,75807
2025-07-28,688012.SH,199.05,207.98,198.61,206.39,109317
2025-07-29,688012.SH,205.03,207.46,202.38,203.79,70957
2025-07-30,688012.SH,203.78,203.99,196.77,197.62,96081
2025-07-31,688012.SH,197.5,198.32,192.08,192.51,63895
2025-08-03,688012.SH,191.6,196.19,191,195.8,63779
2025-08-04,688012.SH,195.54,196.27,194.16,195.19,39785
2025-08-05,688012.SH,195.85,196.88,193.68,196.06,40797
2025-08-06,688012.SH,195.28,200.45,195.28,196.23,70201
2025-08-07,688012.SH,195.13,199.38,194.53,195.93,65144
2025-08-10,688012.SH,195.01,196.3,193.2,193.4,58054
2025-08-11,688012.SH,193.51,195.6,192.09,192.66,85545
2025-08-12,688012.SH,193.74,195.76,191.01,192.5,83633
2025-08-13,688012.SH,192.8,199.48,191.76,192.04,133422
2025-08-14,688012.SH,191.18,195.59,187.2,194.2,106735
2025-08-17,688012.SH,195.69,199.11,193.61,194.46,140371
2025-08-18,688012.SH,194.44,196.26,191.6,191.61,107561
2025-08-19,688012.SH,191.62,198.01,188.9,198.01,145645
2025-08-20,688012.SH,198.2,204.52,196.7,202.41,174099
2025-08-21,688012.SH,201.82,216.19,201.8,215.8,241560
2025-08-24,688012.SH,220,225.75,208,211,264982
2025-08-25,688012.SH,209.03,221.49,208.11,213.99,181794
2025-08-26,688012.SH,210,218.52,207,207.02,216929
2025-08-27,688012.SH,206.4,225.5,206.38,225.5,278692
2025-08-28,688012.SH,220,220.73,212.22,214.17,237985
2025-08-31,688012.SH,220,224.98,215.86,223.2,219248
2025-09-01,688012.SH,221.12,224.3,210.3,212.51,173791
2025-09-02,688012.SH,213,216.5,208.78,212,124635
2025-09-03,688012.SH,211.1,211.28,191.88,195.4,197328
2025-09-04,688012.SH,195.99,201,194.34,200.01,126196
2025-09-07,688012.SH,198.02,212.78,198,212.7,188423
2025-09-08,688012.SH,209.95,212.03,203.2,204.38,107228
2025-09-09,688012.SH,205.1,210.01,203.45,205.6,91799
2025-09-10,688012.SH,206,213.59,204.08,211.8,136312
2025-09-11,688012.SH,214.8,218.99,211.51,211.51,145668
2025-09-14,688012.SH,216.8,218.98,210.1,215.1,141766
2025-09-15,688012.SH,215.09,216,211.21,214,117791
2025-09-16,688012.SH,214,231.66,213.04,227.2,219230
2025-09-17,688012.SH,227.6,271.95,226.26,253.18,386718
2025-09-18,688012.SH,265.68,267.74,251.51,254,254334
2025-09-21,688012.SH,254,260.67,248.53,256.6,220613
2025-09-22,688012.SH,260,280,254.15,280,291742
2025-09-23,688012.SH,272.13,313.95,270.3,290.5,374980
2025-09-24,688012.SH,285,294.8,281.2,288,201752
2025-09-25,688012.SH,285,305.5,284.88,290,223105
2025-09-28,688012.SH,293,305,292.13,304.99,204607
2025-09-29,688012.SH,302,310.58,294.58,298.99,195701
2025-10-08,688012.SH,304,342.5,302.73,319.11,278155
2025-10-09,688012.SH,314.64,318.89,292.68,293,239343
2025-10-12,688012.SH,281.28,302.58,281.28,295.1,215162
2025-10-13,688012.SH,297,300,270.93,273.5,265167
2025-10-14,688012.SH,273.41,276.88,267,274,194478
2025-10-15,688012.SH,272,280.92,269.15,274.4,156727
2025-10-16,688012.SH,272.4,276,260.28,261.91,166911
2025-10-19,688012.SH,268,270.88,261,262.83,118249
2025-10-20,688012.SH,266.1,271.7,263.25,269.68,135812
2025-10-21,688012.SH,268,271.8,261.6,266.79,116779
2025-10-22,688012.SH,266.45,270.59,263.5,267.2,85967
2025-10-23,688012.SH,270.01,282.63,269.13,281.36,198160
2025-10-26,688012.SH,290,298,288,295.37,204626
2025-10-27,688012.SH,291.01,301.99,291.01,295.5,141069
2025-10-28,688012.SH,292.75,298.23,288.32,296.66,132682
2025-10-29,688012.SH,296.98,314.8,293.02,300.04,213837
2025-10-30,688012.SH,301.28,301.7,279,279.36,190153
2025-11-02,688012.SH,273,281.81,267,277.9,133053
2025-11-03,688012.SH,279.8,302.85,277.9,292.85,207878
2025-11-04,688012.SH,284,297.08,277.98,293.5,152861
2025-11-05,688012.SH,297.66,313.66,293.61,306,191474
2025-11-06,688012.SH,302.59,316,301.2,309.14,151929
2025-11-09,688012.SH,313.1,329.89,308.86,316.43,196048
2025-11-10,688012.SH,320,324.8,306,306.1,151281
2025-11-11,688012.SH,305,314.88,296.99,302.75,131938
2025-11-12,688012.SH,304,309.83,299.58,303.52,97944
2025-11-13,688012.SH,296,304.06,292.55,294.02,95404
2025-11-16,688012.SH,294.03,301.99,286.9,289.2,103476
2025-11-17,688012.SH,286.67,312.66,285.68,299.88,156526
2025-11-18,688012.SH,299.49,308.56,296.5,298.5,91971
2025-11-19,688012.SH,302.33,303.74,283.01,283.55,114006
2025-11-20,688012.SH,275.34,278.54,267,267,120782
2025-11-23,688012.SH,270,275,264.42,271.1,100981
2025-11-24,688012.SH,274.5,276.54,267.3,269.43,99445
2025-11-25,688012.SH,267.9,274.18,266.25,270.25,90693
2025-11-26,688012.SH,271.68,278.5,265,265.7,114839
2025-11-27,688012.SH,265.05,274.69,264,268.1,112993
2025-11-30,688012.SH,265.05,265.8,258,262.02,129743
2025-12-01,688012.SH,262,265.94,257.53,260.4,79865
2025-12-02,688012.SH,260.35,267.97,258.5,259.48,95279
2025-12-03,688012.SH,258.77,277.3,256.21,270.45,162682
2025-12-04,688012.SH,270,275.88,267.18,273.83,104784
2025-12-07,688012.SH,273.04,278.5,264.6,276.26,143968
2025-12-08,688012.SH,272.21,279,271.66,276.5,108369
2025-12-09,688012.SH,275,275,266,273.8,95469
2025-12-10,688012.SH,273.58,275.35,268.01,268.03,75659
2025-12-11,688012.SH,268.05,279.58,261.69,279.54,183116
2025-12-14,688012.SH,280,287.5,275,275.87,153593
2025-12-15,688012.SH,273,276.93,266.66,272.51,102733
2025-12-16,688012.SH,272.01,280.3,270.95,279.17,97748
2025-12-17,688012.SH,276.01,279,270.12,272.72,87063
2025-12-18,688012.SH,276.01,279,270.12,272.72,87063
2025-12-21,688012.SH,276.01,279,270.12,272.72,87063
2025-12-22,688012.SH,276.01,279,270.12,272.72,87063
2025-12-23,688012.SH,276.01,279,270.12,272.72,87063
2025-12-24,688012.SH,276.01,279,270.12,272.72,87063
2025-12-25,688012.SH,276.01,279,270.12,272.72,87063
2025-12-28,688012.SH,276.01,279,270.12,272.72,87063
2025-12-29,688012.SH,276.01,279,270.12,272.72,87063
2025-12-30,688012.SH,276.01,279,270.12,272.72,87063
2026-01-04,688012.SH,278,313.13,277.99,311.33,281206
2026-01-05,688012.SH,314,335.88,311.78,329.67,253825
2026-01-06,688012.SH,339.88,358.9,336.68,352.34,240673
2026-01-07,688012.SH,348.31,356.58,343.6,345.88,165550
2026-01-08,688012.SH,332.43,342,330.8,336.68,203786
2026-01-11,688012.SH,345,369,341.66,352.69,178915
2026-01-12,688012.SH,348.45,357.38,343.5,346,127628
2026-01-13,688012.SH,347.98,368.97,340.41,352.38,172159
2026-01-14,688012.SH,349.42,374.55,346.5,371,177523
2026-01-15,688012.SH,377,397.3,373.5,377.14,263068
2026-01-18,688012.SH,385.61,387.99,372,379,159216
2026-01-19,688012.SH,376,381.87,360.5,364.32,157934
2026-01-20,688012.SH,364,381.12,361.26,365,156776
2026-01-21,688012.SH,369.3,370.99,349.8,353.46,147808
2026-01-22,688012.SH,353.49,373.88,348.35,367.55,160294
2026-01-25,688012.SH,367,367,347.18,353.11,147632
2026-01-26,688012.SH,353.88,369.7,352.35,357.08,142026
2026-01-27,688012.SH,366,375,355.32,368.59,184293
2026-01-28,688012.SH,365.1,365.99,347.1,347.4,174079
2026-01-29,688012.SH,345.49,356.98,339,347.95,113045
2026-02-01,688012.SH,344.49,347,332.32,332.68,139284
2026-02-02,688012.SH,340.7,348.5,337.1,346.36,111575
2026-02-03,688012.SH,343,355.83,340,349.21,92835
2026-02-04,688012.SH,340,361.16,338.88,356.88,115656
2026-02-05,688012.SH,352.48,360,348.82,349.2,91948
2026-02-08,688012.SH,354.87,357.2,346.31,352.1,85907
2026-02-09,688012.SH,352.1,353,346.37,350.49,64424
2026-02-10,688012.SH,348,349.5,343.01,346.86,53608
2026-02-11,688012.SH,349,351.2,337.99,345,90316
2026-02-12,688012.SH,342.83,353.45,341.31,344.5,80115
2026-02-23,688012.SH,348.84,352.5,339.54,352,99058
2026-02-24,688012.SH,351.3,376.22,339.88,369.1,176653
2026-02-25,688012.SH,367.5,373.38,356,367.3,116527
2026-02-26,688012.SH,361.31,361.37,351,352.66,98528
2026-03-01,688012.SH,348.53,366.6,347.04,349.14,106794
2026-03-02,688012.SH,350.02,354.89,332.8,333.5,110988
2026-03-03,688012.SH,329,338.6,328.33,332.74,67463
2026-03-04,688012.SH,340.01,349.9,335.5,340.49,94851
2026-03-05,688012.SH,338,346,335.33,336.3,67291
2026-03-08,688012.SH,327,327,315.04,323.71,113508
2026-03-09,688012.SH,332,337.48,324.25,327.29,91039
2026-03-10,688012.SH,325,326.74,317,320.3,95988
2026-03-11,688012.SH,320,326.29,313.33,315.33,72846
2026-03-12,688012.SH,312.14,316.29,309.07,312.93,66910
2026-03-15,688012.SH,314.99,321.44,303.1,320.77,108614
2026-03-16,688012.SH,318.8,324.89,312.8,313.01,78428
2026-03-17,688012.SH,315,322.38,314,320.93,89185
2026-03-18,688012.SH,316,318.88,312.5,314.1,58670
2026-03-19,688012.SH,315.67,319.9,308.84,309.3,86019
2026-03-22,688012.SH,303,308.93,295.05,297.5,101174
2026-03-23,688012.SH,302,304.5,293.67,300.45,84297
2026-03-24,688012.SH,305,314.87,303.1,311.58,86427
2026-03-25,688012.SH,308.52,311.58,305.01,306,59026
2026-03-26,688012.SH,301.39,310.8,299.52,305.61,65321
2026-03-29,688012.SH,303.03,322.22,301.01,316.74,103700
2026-03-30,688012.SH,318,322.98,306.09,306.38,80954
2026-03-31,688012.SH,314.33,318.88,310.63,313.54,74212
2026-04-01,688012.SH,312,312,296.03,299.19,86839
2026-04-02,688012.SH,303.48,303.48,292.33,293.5,58920
2026-04-06,688012.SH,294,300.29,292.34,293.6,59465
2026-04-07,688012.SH,305,322.25,304.5,317.69,158121
2026-04-08,688012.SH,314.03,329.39,311.03,321.3,131581
2026-04-09,688012.SH,326.3,331.63,322.92,324,92571
2026-04-12,688012.SH,322,323.49,315.69,316.58,93634
2026-04-13,688012.SH,321.58,329.76,320.06,324.5,127950
2026-04-14,688012.SH,327.95,334.66,319,320.36,137646
2026-04-15,688012.SH,323.1,324.5,316,318.5,105012
2026-04-16,688012.SH,316.5,320.3,309.2,314,138602
2026-04-19,688012.SH,309.58,317.5,303.88,313.54,113499
2026-04-20,688012.SH,314.85,314.95,305.58,308.88,95884
2026-04-21,688012.SH,308.88,320.78,308.18,319.99,153356
2026-04-22,688012.SH,322,323.8,311,315.05,117909
2026-04-23,688012.SH,317,327.8,309.5,323.38,172672
2026-04-26,688012.SH,329.13,355,322.78,352.01,262271
2026-04-27,688012.SH,353.02,373.11,353.01,362.27,213024
2026-04-28,688012.SH,358.92,364,349.53,359.76,144079
2026-04-29,688012.SH,360,379,355.55,376.3,191654
2026-05-05,688012.SH,400,412.22,381.2,383.3,237892
2026-05-06,688012.SH,390,393,377.27,384.6,170080
2026-05-07,688012.SH,380,386.76,366.64,370,175410
2026-05-10,688012.SH,377.05,393.33,371.3,383.64,229066
2026-05-11,688012.SH,384,396.78,374.36,388.45,187768
2026-05-12,688012.SH,376,409.53,374,405.6,207028
2026-05-13,688012.SH,407.98,409.58,387.01,387.17,157783
2026-05-14,688012.SH,393.36,464,369.98,432.9,380981
2026-05-17,688012.SH,441,461.88,435.01,438.75,279792
2026-05-18,688012.SH,432.17,480,428.1,479.51,300380
2026-05-19,688012.SH,475,498,470,490.33,293148
2026-05-20,688012.SH,490.62,533.33,473,475.8,365299
2026-05-21,688012.SH,480,483.33,452,469.6,297068
2026-05-24,688012.SH,453.36,491.98,438,485.3,363979
2026-05-25,688012.SH,475.6,480,452.15,463.51,246821
2026-05-26,688012.SH,463.95,486.7,453.48,455.05,229388
2026-05-27,688012.SH,453.9,458.88,441.03,453.12,209929
2026-05-28,688012.SH,305.99,306.58,287,297.68,301355
2026-05-31,688012.SH,290,291.73,271.5,273,325732
2026-06-01,688012.SH,278.46,286.32,268.44,282.8,269236
2026-06-02,688012.SH,281.99,296.74,278.8,285.92,332414
2026-06-03,688012.SH,280.99,295.88,280.88,289.39,225784
2026-06-04,688012.SH,281.74,287.65,274.54,276,219733
2026-06-07,688012.SH,265.2,272.88,261.6,265.47,211047
2026-06-08,688012.SH,272.09,286,270.6,285.04,212813
2026-06-09,688012.SH,282.89,306,282,289.11,296079
2026-06-10,688012.SH,299.99,303.86,292,303.12,275032
2026-06-11,688012.SH,318.27,324.9,303.9,303.92,398067
2026-06-14,688012.SH,309.99,319.98,299.17,319.98,258422
2026-06-15,688012.SH,319.98,323.7,313.39,319,205015
2026-06-16,688012.SH,314,351.88,312.17,351,313379
2026-06-17,688012.SH,350,368,345,360,261448
2026-06-21,688012.SH,371.99,385,358,372.74,283319
2026-06-22,688012.SH,372.74,388.5,364.5,371.72,331536
2026-06-23,688012.SH,362.5,395,359.3,383,311932
2026-06-24,688012.SH,388.01,412.5,388.01,399.13,296757
2026-06-25,688012.SH,397,423.8,393.24,413,319523
2026-06-28,688012.SH,419.19,459,419.19,456.69,408099
2026-06-29,688012.SH,457,474.07,446.1,468.5,350683
2026-06-30,688012.SH,460.01,500,452.96,462,353345
2026-07-01,688012.SH,428.5,444.5,407,408.9,436400
2026-07-02,688012.SH,396.21,428.68,392,413.69,338123
2026-07-05,688012.SH,424.96,427.77,392.45,420,300175
2026-07-06,688012.SH,408,430.13,401.56,420.04,247776
2026-07-07,688012.SH,420,439.31,402,423,271527
2026-07-08,688012.SH,433.99,474.5,430,471.59,339455
2026-07-09,688012.SH,471.59,492.05,434,434.51,379947
2026-07-12,688012.SH,421.47,443.6,402.03,408.6,363808
2026-07-13,688012.SH,400.43,415,379,405.3,356430
2026-07-14,688012.SH,414,414.8,385.85,391.29,261113
2026-07-15,688012.SH,383.18,391,359.09,361.42,318691
2026-07-16,688012.SH,364.62,368.04,341.86,350.69,371244
2026-07-19,688012.SH,355,361.97,332.99,342.5,366847
2026-07-20,688012.SH,352.97,409,341.02,407.89,449914
2026-07-21,688012.SH,395.34,408,381.2,392.99,347055
2026-07-22,688012.SH,398.97,399,367,375.2,263213
2026-07-23,688012.SH,370,396,363.56,388.5,264433
2026-07-26,688012.SH,388.48,405,370.08,399.77,246204
2026-07-27,688012.SH,388,405.73,376.8,383,254358
2026-07-28,688012.SH,390.37,391.54,340.11,360,378287
2026-07-29,688012.SH,350.01,363.8,335,346.5,339687
2026-07-30,688012.SH,389,389,344,344,327114
2026-08-02,688012.SH,340.47,342,308.12,309.85,352778
2026-08-03,688012.SH,312.78,327.13,305.23,317.74,312977
2026-08-04,688012.SH,322.72,365.8,322,358,379940
2026-08-05,688012.SH,348,373.44,347.55,361.59,294241
2026-08-06,688012.SH,360.84,369.58,356.1,367.65,226969
2026-08-09,688012.SH,369.5,389.99,366.77,389.99,287318
2026-08-10,688012.SH,378,384,362,363.1,304792
2026-08-11,688012.SH,370,385.91,367.47,380.95,261253
2026-08-12,688012.SH,388,388.23,370,370.42,242760
2026-08-13,688012.SH,377.95,378,367.5,374.85,148699
2026-08-16,688012.SH,373.47,388.99,371.17,387.82,219106
2026-08-17,688012.SH,387.82,399.58,383.01,398.33,215905
2026-08-18,688012.SH,382.84,390.59,365.65,372,257271
2026-08-19,688012.SH,375,382.38,360.4,365.5,206255
2026-08-20,688012.SH,365.9,369.75,359.5,362.5,146274
2026-08-23,688012.SH,364,369.58,350.2,357.65,200443
2026-08-24,688012.SH,356.34,359.36,341.64,354,143005
2026-08-25,688012.SH,352,370.66,349,368.05,166162
2026-08-26,688012.SH,367.01,376.46,367.01,376.01,159019
2026-08-27,688012.SH,374,378,367,367,124012
2026-08-30,688012.SH,360.98,362,349.02,362,177102
2026-08-31,688012.SH,360.01,363.5,348.28,350.52,137938
2026-09-01,688012.SH,346,350.97,341.3,343.88,112151
2026-09-02,688012.SH,348,349.1,337.18,341,121910
2026-09-03,688012.SH,343.99,347.1,332.58,335.42,131011
2026-09-06,688012.SH,340,347.93,335.78,344,158019
2026-09-07,688012.SH,342.01,343,330.51,336.01,158982
2026-09-08,688012.SH,339.97,340.9,332.16,333,100841
2026-09-09,688012.SH,330.9,338.5,330.1,334.19,83245
2026-09-10,688012.SH,331.49,333.88,323,333.59,129881
2026-09-13,688012.SH,327,329.86,321.5,324.64,94620
2026-09-14,688012.SH,323.44,337.8,322.16,330.6,144003
2026-09-15,688012.SH,334.19,358.34,329.1,352.6,216213
2026-09-16,688012.SH,351,356.5,347.86,351.23,126504
2026-09-17,688012.SH,357.6,362,350.83,354.92,206050
2026-09-20,688012.SH,358,360.66,350.5,353.55,119839
2026-09-21,688012.SH,359,363.07,347.69,350.06,157929
2026-09-22,688012.SH,350.23,354.55,347.03,349.35,86273
2026-09-23,688012.SH,347.01,347.94,338.99,339.3,99738
2026-09-27,688012.SH,342,344.48,323.1,324.5,141040
2026-09-28,688012.SH,329.88,330.55,322.01,324.78,91881
2026-09-29,688012.SH,326.98,333.56,317.93,318.55,119174
2022-08-16,002714.SZ,57.41,57.64,56.68,57.6,263743
2022-08-17,002714.SZ,57.49,57.49,55.6,55.65,314491
2022-08-18,002714.SZ,55.31,58.73,55.29,58.28,518953
2022-08-21,002714.SZ,58.3,60.35,58.3,58.81,374746
2022-08-22,002714.SZ,58.81,59.97,58.32,59.09,260998
2022-08-23,002714.SZ,59.14,60.57,58.88,59.24,416102
2022-08-24,002714.SZ,59.89,60.1,59.02,59.64,309300
2022-08-25,002714.SZ,59.63,59.63,58.38,59,235420
2022-08-28,002714.SZ,60,60.73,58.2,58.8,329333
2022-08-29,002714.SZ,58.4,59.45,57.76,59.16,220371
2022-08-30,002714.SZ,58.6,59.52,58.18,58.62,266399
2022-08-31,002714.SZ,58.5,59.39,58.1,58.7,210264
2022-09-01,002714.SZ,58.92,59.4,58.13,59,227293
2022-09-04,002714.SZ,59.15,60.15,58.72,60.06,360572
2022-09-05,002714.SZ,60.07,60.59,59.62,59.75,264405
2022-09-06,002714.SZ,59.39,59.6,58.33,58.62,316797
2022-09-07,002714.SZ,58.62,59.48,58.23,58.4,227082
2022-09-08,002714.SZ,58.7,58.7,57.41,58.5,210287
2022-09-12,002714.SZ,58.85,60.9,58.52,60.62,444271
2022-09-13,002714.SZ,60.32,60.96,60.02,60.49,207733
2022-09-14,002714.SZ,60.2,60.55,59.15,59.39,318553
2022-09-15,002714.SZ,59.43,60.19,58.9,58.9,293225
2022-09-18,002714.SZ,59.3,60.8,59.2,60.03,314886
2022-09-19,002714.SZ,59.99,60.2,58.51,58.88,272701
2022-09-20,002714.SZ,58.88,58.88,56.46,56.59,317053
2022-09-21,002714.SZ,56.4,57.08,56.06,56.2,168248
2022-09-22,002714.SZ,56.16,56.3,54.28,55.8,275100
2022-09-25,002714.SZ,55.21,56,53.8,53.86,250025
2022-09-26,002714.SZ,54,54.99,53.4,54.93,242771
2022-09-27,002714.SZ,54.8,55.66,54.6,54.69,197827
2022-09-28,002714.SZ,55.2,55.58,54.04,54.42,169653
2022-09-29,002714.SZ,54.51,54.78,53.5,54.52,189709
2022-10-09,002714.SZ,56.5,58.67,56.06,58.05,549241
2022-10-10,002714.SZ,58,58.5,57.04,58.26,228343
2022-10-11,002714.SZ,58.4,59.45,57.8,58.89,290134
2022-10-12,002714.SZ,58.5,59.75,58.08,58.91,268691
2022-10-13,002714.SZ,59,59.25,58.1,58.46,249314
2022-10-16,002714.SZ,57.69,58.82,57.15,58.28,221527
2022-10-17,002714.SZ,58.35,59.85,58.15,58.7,254754
2022-10-18,002714.SZ,58.5,59.36,56.6,56.6,306925
2022-10-19,002714.SZ,56.58,57.05,55.87,56.03,207200
2022-10-20,002714.SZ,55.85,56.3,55.36,55.92,186239
2022-10-23,002714.SZ,55.55,55.99,53.9,54.3,303325
2022-10-24,002714.SZ,54.6,55.22,53.8,54.21,343137
2022-10-25,002714.SZ,54.7,54.8,49.5,50.74,762785
2022-10-26,002714.SZ,50,50.49,48.5,49.51,637681
2022-10-27,002714.SZ,48.88,49.09,47.35,47.53,547551
2022-10-30,002714.SZ,46.37,47.83,46.21,46.78,424859
2022-10-31,002714.SZ,46.76,48.56,46.76,48.48,386873
2022-11-01,002714.SZ,48.4,48.75,47.8,48.25,339544
2022-11-02,002714.SZ,48,48.01,46.8,47.6,319569
2022-11-03,002714.SZ,47.7,49.05,47.68,48.7,412962
2022-11-06,002714.SZ,48.99,50.15,48.77,49.6,374572
2022-11-07,002714.SZ,49.6,50.33,48.32,48.85,307985
2022-11-08,002714.SZ,48.43,48.74,48.07,48.1,204071
2022-11-09,002714.SZ,47.74,48.47,47.48,48.27,228053
2022-11-10,002714.SZ,49.5,49.69,48.21,48.66,356537
2022-11-13,002714.SZ,48.81,49.25,48.06,48.3,334531
2022-11-14,002714.SZ,48.27,48.75,47.86,48.69,325014
2022-11-15,002714.SZ,48.88,48.93,48.23,48.35,254057
2022-11-16,002714.SZ,48.15,48.96,47.76,48.13,323799
2022-11-17,002714.SZ,48.13,48.31,47.15,47.2,362636
2022-11-20,002714.SZ,46.78,47.17,46.23,47.12,219909
2022-11-21,002714.SZ,47.12,47.49,46.64,46.79,180434
2022-11-22,002714.SZ,46.7,46.7,45.59,45.99,304849
2022-11-23,002714.SZ,46,46.57,45.88,45.92,212858
2022-11-24,002714.SZ,45.84,47.12,45.72,46.88,267431
2022-11-27,002714.SZ,46.45,46.58,45.61,46.2,237196
2022-11-28,002714.SZ,46.09,46.96,46.09,46.95,254767
2022-11-29,002714.SZ,47.05,48.78,47.03,48.07,428043
2022-11-30,002714.SZ,48.59,48.7,47.83,48.08,297486
2022-12-01,002714.SZ,48.1,49.26,47.87,48.9,386923
2022-12-04,002714.SZ,49.3,49.75,48.9,49.24,375861
2022-12-05,002714.SZ,49.5,50.19,49.15,49.75,330924
2022-12-06,002714.SZ,49.77,51.19,49.58,49.95,412734
2022-12-07,002714.SZ,49.53,49.7,48.58,48.69,378700
2022-12-08,002714.SZ,48.8,48.95,48.05,48.79,287046
2022-12-11,002714.SZ,48,48.7,47.85,48.12,235302
2022-12-12,002714.SZ,48.83,49.63,48.38,49.08,411872
2022-12-13,002714.SZ,49,49.49,48.51,49.2,226566
2022-12-14,002714.SZ,49.22,49.67,48.4,48.53,224331
2022-12-15,002714.SZ,48.32,48.43,47.78,48.35,203861
2022-12-18,002714.SZ,48.06,48.39,47.08,47.13,267191
2022-12-19,002714.SZ,47.21,47.67,46.15,46.25,243245
2022-12-20,002714.SZ,46.25,47.63,46.08,47.13,265051
2022-12-21,002714.SZ,47.35,48.83,47.35,48.31,341756
2022-12-22,002714.SZ,48.35,48.56,47.73,47.89,157353
2022-12-25,002714.SZ,48.36,48.98,48.15,48.47,199166
2022-12-26,002714.SZ,48.47,49.32,48.36,49.06,236313
2022-12-27,002714.SZ,48.81,49.24,48.68,48.81,168812
2022-12-28,002714.SZ,48.7,48.8,48.05,48.2,158135
2022-12-29,002714.SZ,48.19,48.9,48.19,48.75,151464
2023-01-02,002714.SZ,48.24,48.35,46.75,47.44,368212
2023-01-03,002714.SZ,47.4,47.64,46.85,47.46,179014
2023-01-04,002714.SZ,47.75,47.87,46.9,47.71,343076
2023-01-05,002714.SZ,47.56,48.09,47.18,47.49,217644
2023-01-08,002714.SZ,47.59,49.09,47.1,48.69,410358
2023-01-09,002714.SZ,48.6,48.82,47.8,48.29,247948
2023-01-10,002714.SZ,48.39,48.78,47.84,48.44,228628
2023-01-11,002714.SZ,48.5,48.86,48.15,48.25,197696
2023-01-12,002714.SZ,48.32,49.84,48.2,49.4,424871
2023-01-15,002714.SZ,49.8,50.26,49.11,50,353316
2023-01-16,002714.SZ,50.05,50.17,49.09,49.43,264261
2023-01-17,002714.SZ,49.42,49.42,48.49,48.55,235841
2023-01-18,002714.SZ,48.55,48.55,47.66,47.99,276709
2023-01-19,002714.SZ,48.18,48.35,47.92,48.1,196194
2023-01-29,002714.SZ,48.3,48.87,47.81,48.15,447145
2023-01-30,002714.SZ,49.23,51.39,49.23,49.94,772880
2023-01-31,002714.SZ,50.01,50.88,50.01,50.5,394576
2023-02-01,002714.SZ,50.65,50.8,49.8,50.51,309063
2023-02-02,002714.SZ,50.31,51.29,50,50.12,391896
2023-02-05,002714.SZ,49.6,50.3,49.21,50.3,294213
2023-02-06,002714.SZ,50.35,50.68,49.5,49.65,289552
2023-02-07,002714.SZ,49.65,49.79,49.23,49.26,160862
2023-02-08,002714.SZ,49.26,49.56,49.08,49.41,189226
2023-02-09,002714.SZ,49.37,49.72,48.9,49.07,239781
2023-02-12,002714.SZ,49.39,49.62,48.78,49.19,286579
2023-02-13,002714.SZ,49.49,50.15,49.2,49.62,337426
2023-02-14,002714.SZ,49.44,49.49,48.45,48.59,357675
2023-02-15,002714.SZ,48.55,49.02,47.64,48.07,326027
2023-02-16,002714.SZ,48.1,48.32,47.9,47.93,193970
2023-02-19,002714.SZ,48.18,48.83,47.68,48.76,274200
2023-02-20,002714.SZ,48.7,49.83,48.43,49.41,358010
2023-02-21,002714.SZ,49.4,51.24,49.37,50.9,764869
2023-02-22,002714.SZ,50.88,51.45,50.18,50.39,339532
2023-02-23,002714.SZ,50.39,50.5,49.67,49.79,217166
2023-02-26,002714.SZ,50,50.31,49.16,49.31,216791
2023-02-27,002714.SZ,49.51,49.7,49.2,49.54,236012
2023-02-28,002714.SZ,49.55,50.21,49.45,50.18,269837
2023-03-01,002714.SZ,50.11,50.21,49.75,49.93,161063
2023-03-02,002714.SZ,49.93,50.1,49.36,49.76,198184
2023-03-05,002714.SZ,49.44,49.88,49.22,49.59,212620
2023-03-06,002714.SZ,49.49,49.51,48.38,48.43,272716
2023-03-07,002714.SZ,48.36,48.37,47.76,48.04,218985
2023-03-08,002714.SZ,48.3,48.44,47.7,47.87,235268
2023-03-09,002714.SZ,47.81,47.81,46.86,46.96,283473
2023-03-12,002714.SZ,46.81,48.1,46.72,47.92,256871
2023-03-13,002714.SZ,47.99,50.48,47.99,50.4,920000
2023-03-14,002714.SZ,50.5,51.38,50.15,50.4,483225
2023-03-15,002714.SZ,50.4,50.4,48.51,48.53,349724
2023-03-16,002714.SZ,49.04,49.13,47.68,47.96,422646
2023-03-19,002714.SZ,47.96,48.05,47.12,47.26,325271
2023-03-20,002714.SZ,47.27,47.62,47.09,47.55,234623
2023-03-21,002714.SZ,47.7,47.96,47.3,47.51,206222
2023-03-22,002714.SZ,47.25,47.72,47.18,47.47,212061
2023-03-23,002714.SZ,47.55,47.82,47.24,47.49,184802
2023-03-26,002714.SZ,47.48,48.56,47.18,48.49,370387
2023-03-27,002714.SZ,48.38,48.95,48.04,48.44,243012
2023-03-28,002714.SZ,48.5,48.64,47.56,47.67,203539
2023-03-29,002714.SZ,47.7,48.35,47.5,48.12,198388
2023-03-30,002714.SZ,49.71,50.37,48.75,49,620922
2023-04-02,002714.SZ,48.71,50.5,48.5,49.88,529704
2023-04-03,002714.SZ,49.88,51.6,49.8,50.66,617794
2023-04-05,002714.SZ,50.39,51.66,49.78,50.18,381087
2023-04-06,002714.SZ,50,50.45,49.38,49.43,229775
2023-04-09,002714.SZ,49.43,49.94,49.04,49.38,206940
2023-04-10,002714.SZ,49.45,49.56,48.83,49.1,247553
2023-04-11,002714.SZ,49.15,49.26,48.39,48.64,236095
2023-04-12,002714.SZ,48.46,48.84,48.23,48.45,188000
2023-04-13,002714.SZ,48.67,48.7,48,48.26,207180
2023-04-16,002714.SZ,48.27,48.68,48.02,48.68,245184
2023-04-17,002714.SZ,48.67,48.9,48.28,48.48,248742
2023-04-18,002714.SZ,48.47,48.8,48.08,48.26,292742
2023-04-19,002714.SZ,48.26,48.54,47.76,48.2,223477
2023-04-20,002714.SZ,48.3,48.39,47.71,47.77,225718
2023-04-23,002714.SZ,47.77,47.88,47.01,47.32,251182
2023-04-24,002714.SZ,47.2,47.74,47.1,47.74,190942
2023-04-25,002714.SZ,47.69,47.82,47.3,47.5,160889
2023-04-26,002714.SZ,47.45,47.68,47.13,47.67,145722
2023-04-27,002714.SZ,48.5,48.6,47.61,47.87,225879
2023-05-03,002714.SZ,47.73,47.73,46.97,47.09,233578
2023-05-04,002714.SZ,47.05,47.25,46.24,47.15,263551
2023-05-07,002714.SZ,47.1,47.1,46.56,46.6,193843
2023-05-08,002714.SZ,46.58,47.18,46.2,46.91,175138
2023-05-09,002714.SZ,46.9,46.9,46.26,46.5,119830
2023-05-10,002714.SZ,46.49,46.9,46.3,46.85,100892
2023-05-11,002714.SZ,46.8,47.25,46.62,46.71,113861
2023-05-14,002714.SZ,46.52,46.6,45.83,46.19,214474
2023-05-15,002714.SZ,46.2,46.45,46.01,46.05,116954
2023-05-16,002714.SZ,46,46.2,45.79,45.79,144757
2023-05-17,002714.SZ,45.79,45.85,42.89,42.99,659114
2023-05-18,002714.SZ,42.46,42.83,41.9,42.73,302595
2023-05-21,002714.SZ,42.64,43.13,42.45,43.04,213066
2023-05-22,002714.SZ,43.12,43.3,42.88,42.99,200175
2023-05-23,002714.SZ,42.92,43.42,42.32,43.18,179762
2023-05-24,002714.SZ,42.99,43.18,42.51,42.84,130609
2023-05-25,002714.SZ,42.95,42.97,42.51,42.82,85385
2023-05-28,002714.SZ,42.75,43,41,41.74,302647
2023-05-29,002714.SZ,41.74,42.15,41.07,41.8,164273
2023-05-30,002714.SZ,41.66,41.66,39.32,40.05,497167
2023-05-31,002714.SZ,39.83,41.09,39.61,40.36,309981
2023-06-01,002714.SZ,40.36,40.99,40.32,40.76,162928
2023-06-04,002714.SZ,40.8,40.86,39.91,40.38,156138
2023-06-05,002714.SZ,40.37,40.66,40.1,40.24,134691
2023-06-06,002714.SZ,40.33,40.44,39.9,39.97,118547
2023-06-07,002714.SZ,39.92,41.2,39.74,40.71,288909
2023-06-08,002714.SZ,40.69,40.91,40.13,40.79,203026
2023-06-11,002714.SZ,40.75,41.1,40.47,40.79,136326
2023-06-12,002714.SZ,40.71,41.25,40.6,40.76,126671
2023-06-13,002714.SZ,40.76,41.05,40.6,40.67,113527
2023-06-14,002714.SZ,40.69,41.27,40.68,41.25,204855
2023-06-15,002714.SZ,41.3,42.57,41.3,42.43,306795
2023-06-18,002714.SZ,42.34,43.32,42.06,42.43,259078
2023-06-19,002714.SZ,42.3,42.88,42.18,42.55,157250
2023-06-20,002714.SZ,42.3,42.8,42.01,42.15,126872
2023-06-25,002714.SZ,42.14,42.57,41.67,42.33,179256
2023-06-26,002714.SZ,42.21,42.52,41.73,42.36,145845
2023-06-27,002714.SZ,42.22,42.5,41.8,42.15,120522
2023-06-28,002714.SZ,42,42.99,41.74,42,205761
2023-06-29,002714.SZ,41.9,42.44,41.7,42.15,129551
2023-07-02,002714.SZ,42.3,42.54,41.93,42.09,150204
2023-07-03,002714.SZ,42.23,42.8,41.6,42.28,195478
2023-07-04,002714.SZ,42.2,42.2,40.96,41.09,236489
2023-07-05,002714.SZ,40.88,41.66,40.71,41.18,189411
2023-07-06,002714.SZ,40.97,42.07,40.78,41.68,222721
2023-07-09,002714.SZ,41.69,42.29,41.67,42,159742
2023-07-10,002714.SZ,42.21,42.22,41.82,42.04,116735
2023-07-11,002714.SZ,42,42.38,41.72,42.24,165669
2023-07-12,002714.SZ,41.76,41.95,41.47,41.86,131342
2023-07-13,002714.SZ,41.85,42.01,41.5,41.59,113458
2023-07-16,002714.SZ,41.59,43.45,41.42,42.9,288114
2023-07-17,002714.SZ,42.69,43.06,42.38,42.54,174981
2023-07-18,002714.SZ,42.34,42.94,42.2,42.45,111794
2023-07-19,002714.SZ,42.44,42.75,42.35,42.41,110516
2023-07-20,002714.SZ,42.42,43.34,42.41,43.02,177798
2023-07-23,002714.SZ,43.12,43.68,42.55,42.74,189491
2023-07-24,002714.SZ,43,43.09,42.2,42.7,190085
2023-07-25,002714.SZ,42.7,43.1,42.6,43.03,122930
2023-07-26,002714.SZ,43.12,43.76,43.08,43.5,204263
2023-07-27,002714.SZ,43.48,43.67,43.14,43.54,176679
2023-07-30,002714.SZ,43.89,44.5,43.6,44.45,380828
2023-07-31,002714.SZ,44,44.4,43.7,43.88,242735
2023-08-01,002714.SZ,43.89,43.99,43,43.03,210794
2023-08-02,002714.SZ,43.02,43.45,42.98,43.26,128907
2023-08-03,002714.SZ,43.55,43.6,43.09,43.31,146053
2023-08-06,002714.SZ,43.6,43.9,43.39,43.54,176984
2023-08-07,002714.SZ,43.45,43.46,42.7,42.85,182451
2023-08-08,002714.SZ,42.57,42.92,42.53,42.69,100203
2023-08-09,002714.SZ,42.55,43.37,42.51,43.31,149599
2023-08-10,002714.SZ,43.18,43.18,42.13,42.16,150895
2023-08-13,002714.SZ,41.71,42,41.29,41.93,134396
2023-08-14,002714.SZ,41.88,41.98,41.44,41.76,91303
2023-08-15,002714.SZ,41.5,41.8,41.18,41.22,99325
2023-08-16,002714.SZ,41,41.6,40.72,41.57,115865
2023-08-17,002714.SZ,41.58,41.69,41,41.01,81478
2023-08-20,002714.SZ,41.01,41.03,40.08,40.08,140729
2023-08-21,002714.SZ,40.2,40.47,39.66,40.08,128793
2023-08-22,002714.SZ,40.08,40.29,39.75,39.77,109969
2023-08-23,002714.SZ,39.87,40.35,39.1,40.18,145332
2023-08-24,002714.SZ,40.2,41.57,40.2,40.79,213717
2023-08-27,002714.SZ,42.4,42.69,40.6,40.87,230375
2023-08-28,002714.SZ,40.83,41.35,40.41,41.14,144301
2023-08-29,002714.SZ,41.14,41.39,40.75,40.75,121139
2023-08-30,002714.SZ,40.8,40.97,40.52,40.58,85377
2023-08-31,002714.SZ,40.8,40.93,40.56,40.88,75962
2023-09-03,002714.SZ,40.95,40.98,40.43,40.95,148975
2023-09-04,002714.SZ,40.8,40.88,40.58,40.77,77918
2023-09-05,002714.SZ,40.77,40.87,40.56,40.67,78100
2023-09-06,002714.SZ,40.66,40.9,40.25,40.26,111840
2023-09-07,002714.SZ,40.05,40.19,39.82,40.1,74588
2023-09-10,002714.SZ,40.1,40.67,40.1,40.64,109601
2023-09-11,002714.SZ,40.68,41.5,40.55,41.14,191569
2023-09-12,002714.SZ,41.15,41.3,40.84,40.97,87171
2023-09-13,002714.SZ,41.2,41.23,40.52,40.74,75130
2023-09-14,002714.SZ,40.7,41.03,40.35,40.48,90259
2023-09-17,002714.SZ,40.51,40.66,40.21,40.52,104079
2023-09-18,002714.SZ,40.53,40.76,40.24,40.44,84231
2023-09-19,002714.SZ,40.58,40.85,40.31,40.42,132324
2023-09-20,002714.SZ,40.4,40.47,39.5,39.5,156933
2023-09-21,002714.SZ,39.5,39.87,39.16,39.81,145358
2023-09-24,002714.SZ,39.97,39.97,39.55,39.81,95646
2023-09-25,002714.SZ,39.69,39.83,39.57,39.72,67606
2023-09-26,002714.SZ,39.71,39.88,39.46,39.7,98161
2023-09-27,002714.SZ,39.7,39.8,37.89,37.89,466482
2023-10-08,002714.SZ,37.53,37.53,34.49,35,648934
2023-10-09,002714.SZ,35,36.4,35,36.03,372721
2023-10-10,002714.SZ,36.1,36.59,35.53,35.65,198269
2023-10-11,002714.SZ,35.99,36.26,35.52,36.04,185357
2023-10-12,002714.SZ,35.83,36.36,35.7,36.01,145169
2023-10-15,002714.SZ,36.02,36.23,35.61,35.67,139517
2023-10-16,002714.SZ,35.66,35.85,35.46,35.79,93628
2023-10-17,002714.SZ,35.8,35.84,35.08,35.22,168820
2023-10-18,002714.SZ,35.08,35.08,31.7,32.15,893488
2023-10-19,002714.SZ,32,32.74,31.44,31.64,418618
2023-10-22,002714.SZ,31.51,32.09,31.17,31.64,298281
2023-10-23,002714.SZ,31.66,32.1,31.5,31.75,271241
2023-10-24,002714.SZ,32.75,33.85,32.53,33.71,547345
2023-10-25,002714.SZ,33.71,34.88,33.4,34.34,457857
2023-10-26,002714.SZ,34.35,36.3,34.03,36.15,504781
2023-10-29,002714.SZ,36,37.85,35.85,37.81,461815
2023-10-30,002714.SZ,37.89,37.95,37,37.76,294891
2023-10-31,002714.SZ,37.55,38.36,37.41,37.86,236262
2023-11-01,002714.SZ,38.25,38.76,37.75,37.8,222678
2023-11-02,002714.SZ,37.8,38.39,37.38,38.21,293619
2023-11-05,002714.SZ,38.21,38.21,36.8,37.5,313789
2023-11-06,002714.SZ,37.34,37.68,37,37.31,201399
2023-11-07,002714.SZ,37.27,37.43,36.8,37.07,158592
2023-11-08,002714.SZ,37.06,37.6,36.82,37.22,137186
2023-11-09,002714.SZ,37.2,37.61,36.92,37.41,158521
2023-11-12,002714.SZ,37.52,37.55,36.7,37.46,187005
2023-11-13,002714.SZ,37.45,37.86,37.25,37.47,125848
2023-11-14,002714.SZ,37.47,37.79,37.2,37.46,125771
2023-11-15,002714.SZ,37.46,37.64,37.1,37.12,95291
2023-11-16,002714.SZ,37.01,37.25,36.82,36.95,105340
2023-11-19,002714.SZ,36.96,38.32,36.96,38.12,319002
2023-11-20,002714.SZ,38.16,38.83,38.02,38.28,254375
2023-11-21,002714.SZ,37.99,39.1,37.99,38.55,239304
2023-11-22,002714.SZ,38.6,38.85,38.2,38.49,140346
2023-11-23,002714.SZ,38.45,39.18,38.25,38.94,235836
2023-11-26,002714.SZ,39,39.78,38.93,39.41,288061
2023-11-27,002714.SZ,39.39,39.4,38.56,38.78,183994
2023-11-28,002714.SZ,38.41,39.12,38.41,38.83,165074
2023-11-29,002714.SZ,39,39.18,38.76,39.08,128274
2023-11-30,002714.SZ,39.08,39.08,38.51,38.58,131052
2023-12-03,002714.SZ,38.5,40.35,38.08,39.91,408827
2023-12-04,002714.SZ,40.21,40.55,39.27,39.3,253365
2023-12-05,002714.SZ,39.18,40.99,39,40.63,368321
2023-12-06,002714.SZ,40.43,41.06,40.12,40.88,278474
2023-12-07,002714.SZ,40.9,41.12,40.05,40.1,211967
2023-12-10,002714.SZ,39.9,40.9,39.51,40.74,181325
2023-12-11,002714.SZ,40.74,40.88,40,40.47,114768
2023-12-12,002714.SZ,40.44,40.59,39.89,39.99,147864
2023-12-13,002714.SZ,40.28,40.39,38.21,39.47,292129
2023-12-14,002714.SZ,39.55,39.68,38.9,39.39,153032
2023-12-17,002714.SZ,39.3,40.33,39.11,39.97,170170
2023-12-18,002714.SZ,39.8,40.07,39.36,39.81,96826
2023-12-19,002714.SZ,39.82,39.96,39.03,39.2,128424
2023-12-20,002714.SZ,39.01,39.68,38.42,39.51,168394
2023-12-21,002714.SZ,39.5,40.29,39.28,39.91,159041
2023-12-24,002714.SZ,39.9,40.05,39.01,39.68,122518
2023-12-25,002714.SZ,39.52,39.8,39.3,39.46,92347
2023-12-26,002714.SZ,39.5,40.99,39.5,40.98,316470
2023-12-27,002714.SZ,40.97,41.08,40.52,40.78,180779
2023-12-28,002714.SZ,40.8,41.66,40.6,41.18,210171
2024-01-01,002714.SZ,41.18,41.86,40.9,41.5,173243
2024-01-02,002714.SZ,41.5,42.05,40.77,41.07,151424
2024-01-03,002714.SZ,40.9,41.19,40.64,40.96,131036
2024-01-04,002714.SZ,41,41,40.2,40.44,161091
2024-01-07,002714.SZ,40.4,40.64,39.07,39.07,253565
2024-01-08,002714.SZ,39.06,39.17,38.6,38.65,174491
2024-01-09,002714.SZ,38.63,38.84,35.25,36.73,600640
2024-01-10,002714.SZ,36.49,37.96,36.49,36.92,385069
2024-01-11,002714.SZ,36.76,38.11,36.35,37.71,239388
2024-01-14,002714.SZ,37.52,38.12,36.95,37.03,187483
2024-01-15,002714.SZ,36.85,37.79,36.85,37.57,203958
2024-01-16,002714.SZ,37.45,38.15,36.72,36.74,190787
2024-01-17,002714.SZ,36.65,37.29,35.69,37.12,255484
2024-01-18,002714.SZ,37.1,37.39,36.5,36.73,161373
2024-01-21,002714.SZ,36.78,36.9,35.5,35.86,222519
2024-01-22,002714.SZ,35.76,36.1,35.41,35.83,167030
2024-01-23,002714.SZ,36.23,36.3,34.87,35.87,198216
2024-01-24,002714.SZ,36.03,36.14,35.49,36.03,181987
2024-01-25,002714.SZ,35.71,36.03,34.8,35.7,253904
2024-01-28,002714.SZ,35.7,36.6,35.6,35.97,220665
2024-01-29,002714.SZ,35.9,36.5,35.54,35.62,180579
2024-01-30,002714.SZ,35.15,35.65,34.58,35.25,209741
2024-01-31,002714.SZ,35.15,35.7,34.82,35.22,203632
2024-02-01,002714.SZ,35.1,36.2,34.51,35.34,300539
2024-02-04,002714.SZ,35,36,34.24,35.7,307160
2024-02-05,002714.SZ,35.5,37.1,35.3,37.01,288957
2024-02-06,002714.SZ,37,37.5,36.4,37.48,270079
2024-02-07,002714.SZ,37.28,38.01,37.12,37.81,217016
2024-02-18,002714.SZ,37.9,38.11,36.81,37.4,222473
2024-02-19,002714.SZ,37.27,38.4,36.92,38.3,185897
2024-02-20,002714.SZ,38.27,38.8,38,38.45,177628
2024-02-21,002714.SZ,38.33,38.61,38.13,38.46,103595
2024-02-22,002714.SZ,38.55,38.65,38.07,38.38,115949
2024-02-25,002714.SZ,38.15,38.5,37.83,38.12,144879
2024-02-26,002714.SZ,37.98,39.26,37.94,38.86,167450
2024-02-27,002714.SZ,38.98,38.98,38.22,38.25,168124
2024-02-28,002714.SZ,38.24,38.66,38.16,38.49,150841
2024-02-29,002714.SZ,38.5,38.5,37.59,38.17,237382
2024-03-03,002714.SZ,38.17,38.17,37.52,37.71,215723
2024-03-04,002714.SZ,37.5,39.1,37.5,39,317524
2024-03-05,002714.SZ,38.85,39.26,38.61,39.18,156614
2024-03-06,002714.SZ,39.28,39.84,39,39.45,238832
2024-03-07,002714.SZ,39.15,39.43,38.81,39.1,132078
2024-03-10,002714.SZ,39.09,40.1,39.05,40,200615
2024-03-11,002714.SZ,39.96,40.15,39.4,40.1,185392
2024-03-12,002714.SZ,40,40.14,38.96,39.01,208149
2024-03-13,002714.SZ,38.98,39.22,38.41,38.44,141584
2024-03-14,002714.SZ,38.44,38.75,38.19,38.4,126477
2024-03-17,002714.SZ,38.49,38.69,37.65,38.56,225725
2024-03-18,002714.SZ,38.82,40.73,38.72,40.48,503682
2024-03-19,002714.SZ,40.19,41.71,40.05,41.04,331403
2024-03-20,002714.SZ,41.04,42.97,41.03,42.7,488546
2024-03-21,002714.SZ,42.71,42.89,41.65,42.25,342586
2024-03-24,002714.SZ,42.25,42.5,41.86,42.17,222455
2024-03-25,002714.SZ,42.22,43.16,41.94,42.15,264851
2024-03-26,002714.SZ,42.07,42.98,41.8,42.27,296741
2024-03-27,002714.SZ,42.15,42.67,41.8,42.05,251707
2024-03-28,002714.SZ,42.05,43.15,41.78,43.15,311546
2024-03-31,002714.SZ,43.14,44.84,43.04,44.64,395879
2024-04-01,002714.SZ,44.5,44.71,43.64,44.33,239535
2024-04-02,002714.SZ,44.1,45.58,44.1,45.26,316459
2024-04-07,002714.SZ,45,45.38,44.48,44.89,293214
2024-04-08,002714.SZ,44.71,44.78,43.9,44.37,250117
2024-04-09,002714.SZ,44.37,44.88,43.75,43.99,200503
2024-04-10,002714.SZ,43.6,43.94,42.97,43.14,303191
2024-04-11,002714.SZ,43.13,43.41,42,42.18,330417
2024-04-14,002714.SZ,41.92,42.97,41.92,42.48,239968
2024-04-15,002714.SZ,42.19,43.55,42.18,42.82,255623
2024-04-16,002714.SZ,42.83,43.5,42.43,43.04,203480
2024-04-17,002714.SZ,42.88,44.09,42.45,43.58,237200
2024-04-18,002714.SZ,43.58,43.94,42.92,43.48,172691
2024-04-21,002714.SZ,43.6,45.85,43.52,45.16,386577
2024-04-22,002714.SZ,45.16,45.58,44.85,44.99,220672
2024-04-23,002714.SZ,45.18,45.18,43.85,44.2,207511
2024-04-24,002714.SZ,43.93,44.5,43.6,44.3,167814
2024-04-25,002714.SZ,44.29,44.96,44.06,44.44,200028
2024-04-28,002714.SZ,44.12,44.4,43.62,43.62,250587
2024-04-29,002714.SZ,43.5,44.45,43.43,43.62,177770
2024-05-05,002714.SZ,44.4,44.49,43.35,44.2,226546
2024-05-06,002714.SZ,44.4,45.4,44.03,45.11,328366
2024-05-07,002714.SZ,45.03,47.16,44.6,46.83,538807
2024-05-08,002714.SZ,46.7,47.09,46.38,46.95,275390
2024-05-09,002714.SZ,46.84,47.89,46.66,47.29,280516
2024-05-12,002714.SZ,46.3,47.94,46.07,47.68,446242
2024-05-13,002714.SZ,47.45,48.38,47.12,47.68,315647
2024-05-14,002714.SZ,47.68,48.19,46.63,46.68,236176
2024-05-15,002714.SZ,47,47.17,46.35,46.83,148056
2024-05-16,002714.SZ,46.83,47.74,46.76,47.69,268055
2024-05-19,002714.SZ,47.68,49.84,47.6,49.35,406619
2024-05-20,002714.SZ,49.18,50.07,48.79,49.12,238893
2024-05-21,002714.SZ,49.43,49.65,48,48.56,278368
2024-05-22,002714.SZ,48.67,48.99,47.4,47.65,234006
2024-05-23,002714.SZ,47.68,49,47.4,48.05,314505
2024-05-26,002714.SZ,48.22,48.59,47.22,48.46,217822
2024-05-27,002714.SZ,48.5,49.29,47.5,47.96,209009
2024-05-28,002714.SZ,47.8,48.58,47.52,48,162246
2024-05-29,002714.SZ,48.26,48.47,46.9,47.41,260769
2024-05-30,002714.SZ,47.34,47.55,46.7,47.15,203097
2024-06-02,002714.SZ,47.07,48.68,47.07,48.35,313725
2024-06-03,002714.SZ,48.42,48.85,47.71,48.74,233724
2024-06-04,002714.SZ,48.72,48.91,47.9,48.2,154408
2024-06-05,002714.SZ,48.05,48.05,47.16,47.61,263336
2024-06-06,002714.SZ,47.92,48.3,47.35,47.87,206730
2024-06-10,002714.SZ,47.8,48.26,46.51,47.1,240893
2024-06-11,002714.SZ,47.1,47.59,46.61,46.8,156103
2024-06-12,002714.SZ,46.51,46.53,43.95,44.48,616459
2024-06-13,002714.SZ,44.4,45.16,43.52,45.03,433961
2024-06-16,002714.SZ,45.03,45.35,44.41,45.16,167831
2024-06-17,002714.SZ,45.56,45.88,44.18,44.63,235766
2024-06-18,002714.SZ,44.5,44.62,44.05,44.18,148721
2024-06-19,002714.SZ,44.12,44.95,43.71,44.45,171691
2024-06-20,002714.SZ,44.45,45,43.9,43.91,337951
2024-06-23,002714.SZ,43.77,44.13,42.79,43.65,299112
2024-06-24,002714.SZ,43.66,44.22,43.32,43.51,144999
2024-06-25,002714.SZ,43.36,43.51,42.43,43.2,205873
2024-06-26,002714.SZ,42.9,43.46,42.76,43.2,149241
2024-06-27,002714.SZ,43,44.18,42.85,43.6,204989
2024-06-30,002714.SZ,43.9,45.27,43.9,44.99,234806
2024-07-01,002714.SZ,44.98,45.3,44.15,44.34,152691
2024-07-02,002714.SZ,44.15,44.75,43.78,44.12,113944
2024-07-03,002714.SZ,44.12,44.4,43.22,43.83,161746
2024-07-04,002714.SZ,43.75,43.99,42.8,43.82,154652
2024-07-07,002714.SZ,43.88,44.81,43.81,44.04,162927
2024-07-08,002714.SZ,43.8,43.93,42.33,42.79,297269
2024-07-09,002714.SZ,42.79,44,42.39,43.69,260222
2024-07-10,002714.SZ,44.31,44.57,43.8,44.11,218493
2024-07-11,002714.SZ,44.1,44.75,42.9,43.04,272659
2024-07-14,002714.SZ,43.65,45.04,43.3,44.67,346220
2024-07-15,002714.SZ,44.5,46.2,44.4,45.3,333592
2024-07-16,002714.SZ,45,45.83,44.63,45.59,216018
2024-07-17,002714.SZ,45.4,45.79,45.02,45.58,165977
2024-07-18,002714.SZ,45.4,46.03,44.8,45.88,200284
2024-07-21,002714.SZ,45.92,46.03,44.7,45.08,251193
2024-07-22,002714.SZ,45.15,45.49,43.7,43.78,189654
2024-07-23,002714.SZ,43.75,44.2,43.13,43.46,188207
2024-07-24,002714.SZ,43.3,43.46,42.88,43.3,153943
2024-07-25,002714.SZ,43.3,43.57,42.45,43.04,208662
2024-07-28,002714.SZ,43.04,43.29,41.7,42.18,223631
2024-07-29,002714.SZ,42.1,43.14,41.76,42.98,168880
2024-07-30,002714.SZ,42.95,43.84,42.38,43.72,199192
2024-07-31,002714.SZ,43.7,44.42,43.28,43.44,152191
2024-08-01,002714.SZ,43.29,44.85,43.12,44.21,220408
2024-08-04,002714.SZ,44.68,45.57,44.37,44.75,320853
2024-08-05,002714.SZ,44.96,45.08,44.07,44.69,212492
2024-08-06,002714.SZ,44.6,44.69,43.34,43.37,193345
2024-08-07,002714.SZ,43.34,44.07,43.31,43.75,144972
2024-08-08,002714.SZ,43.76,43.97,43.26,43.3,125064
2024-08-11,002714.SZ,43.63,44.83,43.29,44.39,294613
2024-08-12,002714.SZ,44.34,45.2,43.97,44.4,174017
2024-08-13,002714.SZ,44.4,44.43,43.51,44,133539
2024-08-14,002714.SZ,43.99,44.55,43.43,43.76,196754
2024-08-15,002714.SZ,43.51,43.6,42.76,42.96,180585
2024-08-18,002714.SZ,42.55,42.85,41.8,41.99,260876
2024-08-19,002714.SZ,41.9,41.95,40.47,40.82,280823
2024-08-20,002714.SZ,40.53,40.6,39.25,39.42,395484
2024-08-21,002714.SZ,39.21,39.41,38.43,39.3,285348
2024-08-22,002714.SZ,39.2,39.55,38.44,38.56,230516
2024-08-25,002714.SZ,38.51,39.08,38.18,38.67,204595
2024-08-26,002714.SZ,38.5,38.63,37.37,37.56,256984
2024-08-27,002714.SZ,37.4,38.06,37.11,38,204182
2024-08-28,002714.SZ,37.95,38.19,37.52,37.76,168662
2024-08-29,002714.SZ,37.65,39,37.31,38.56,369957
2024-09-01,002714.SZ,38.5,38.97,38.22,38.45,228963
2024-09-02,002714.SZ,38.22,39.5,38.21,39.22,205381
2024-09-03,002714.SZ,39.05,39.36,38.05,38.1,187402
2024-09-04,002714.SZ,38.3,38.46,37.7,38.09,151181
2024-09-05,002714.SZ,38.21,38.63,38.05,38.1,131197
2024-09-08,002714.SZ,37.79,38.75,37.42,38.58,194226
2024-09-09,002714.SZ,38.57,39.11,38.11,38.52,158360
2024-09-10,002714.SZ,38.39,38.85,37.83,38.47,113560
2024-09-11,002714.SZ,38.49,38.62,37.47,37.48,209510
2024-09-12,002714.SZ,37.18,37.83,36.85,37.41,158406
2024-09-17,002714.SZ,37.37,37.5,36,36.16,260195
2024-09-18,002714.SZ,36.3,37.29,35.88,36.57,288631
2024-09-19,002714.SZ,36.52,36.52,35.02,35.93,380083
2024-09-22,002714.SZ,35.4,36.29,35.15,35.63,178987
2024-09-23,002714.SZ,36.24,38.4,36.05,38.37,397211
2024-09-24,002714.SZ,39.01,39.37,38.31,38.38,303195
2024-09-25,002714.SZ,38.49,39.97,38.22,39.94,388818
2024-09-26,002714.SZ,42,43.8,42,43.16,666735
2024-09-29,002714.SZ,44.1,46.93,43.79,46.31,944005
2024-10-07,002714.SZ,50.78,50.78,43.22,45.1,1541556
2024-10-08,002714.SZ,44.5,44.5,41.83,41.99,783250
2024-10-09,002714.SZ,44.4,45.44,43.37,43.49,1074933
2024-10-10,002714.SZ,43.48,43.48,41.84,42.28,397289
2024-10-13,002714.SZ,42.4,43.56,42.15,43.29,422951
2024-10-14,002714.SZ,43.2,43.57,42.01,42.06,361135
2024-10-15,002714.SZ,41.75,42.35,41.23,41.8,289934
2024-10-16,002714.SZ,41.93,42.28,41.23,41.24,239298
2024-10-17,002714.SZ,41.1,42.96,40.81,42.19,471894
2024-10-20,002714.SZ,44.06,44.06,42.72,43.22,580054
2024-10-21,002714.SZ,43,44.25,42.81,43.98,428226
2024-10-22,002714.SZ,44.36,44.39,43.32,43.78,411129
2024-10-23,002714.SZ,43.51,44,43.04,43.17,220571
2024-10-24,002714.SZ,43.1,43.94,43.01,43.1,367629
2024-10-27,002714.SZ,43.03,43.68,42.6,43.53,420153
2024-10-28,002714.SZ,43.54,43.59,42.66,43.07,356489
2024-10-29,002714.SZ,43.65,44.56,42.88,43.9,720559
2024-10-30,002714.SZ,43.93,44.15,43.42,43.64,490933
2024-10-31,002714.SZ,43.64,44.79,43.54,44,542342
2024-11-03,002714.SZ,44.06,44.22,43.35,44.08,329808
2024-11-04,002714.SZ,44,44.53,43.69,44.51,534521
2024-11-05,002714.SZ,44.3,44.94,44,44.55,570540
2024-11-06,002714.SZ,44.37,45.88,44.22,45.88,676081
2024-11-07,002714.SZ,46.11,46.3,44.83,44.89,605627
2024-11-10,002714.SZ,44.14,44.68,43.96,44.62,431320
2024-11-11,002714.SZ,44.6,45.38,44.1,44.3,457429
2024-11-12,002714.SZ,44.06,44.37,43.55,44.16,335296
2024-11-13,002714.SZ,43.91,44.34,43.05,43.11,338887
2024-11-14,002714.SZ,43,43.4,42.08,42.14,305964
2024-11-17,002714.SZ,42.12,42.79,41.82,41.95,314673
2024-11-18,002714.SZ,42.02,42.47,41.25,42.01,253278
2024-11-19,002714.SZ,41.79,42.12,41.62,42.03,197566
2024-11-20,002714.SZ,42,42.45,41.91,42.36,222088
2024-11-21,002714.SZ,42.28,42.35,40.91,40.96,274145
2024-11-24,002714.SZ,40.85,41.3,40.29,40.52,242333
2024-11-25,002714.SZ,40.58,41.06,40.43,40.66,175947
2024-11-26,002714.SZ,40.5,40.99,40.29,40.99,166228
2024-11-27,002714.SZ,41,41,40.41,40.5,190802
2024-11-28,002714.SZ,40.61,40.92,40.3,40.73,241175
2024-12-01,002714.SZ,40.6,41.16,40.25,40.96,265667
2024-12-02,002714.SZ,40.85,41.6,40.72,40.93,295039
2024-12-03,002714.SZ,40.72,40.82,40.21,40.36,248340
2024-12-04,002714.SZ,40.1,40.54,39.84,40.44,256290
2024-12-05,002714.SZ,40.28,40.75,40.28,40.41,234349
2024-12-08,002714.SZ,40.33,40.34,39.38,39.55,347684
2024-12-09,002714.SZ,40.62,41.08,39.74,39.75,472453
2024-12-10,002714.SZ,39.77,40.75,39.72,40.57,329407
2024-12-11,002714.SZ,40.65,41.38,40.36,41.31,349125
2024-12-12,002714.SZ,41.06,41.09,40.34,40.34,323576
2024-12-15,002714.SZ,40.35,40.52,39.72,39.93,239781
2024-12-16,002714.SZ,39.93,40.25,39.68,39.82,203083
2024-12-17,002714.SZ,39.9,40.02,39.4,39.5,230190
2024-12-18,002714.SZ,39.21,39.66,38.86,39.53,233546
2024-12-19,002714.SZ,39.5,39.82,38.93,38.93,348964
2024-12-22,002714.SZ,38.94,39.38,38.75,39.07,255691
2024-12-23,002714.SZ,39.08,39.78,38.88,39.33,271368
2024-12-24,002714.SZ,39.56,39.6,38.92,39.07,199184
2024-12-25,002714.SZ,39.08,39.29,38.84,38.92,211448
2024-12-26,002714.SZ,38.93,39.75,38.51,39.36,310053
2024-12-29,002714.SZ,38.67,38.88,38.08,38.67,313228
2024-12-30,002714.SZ,38.52,39.25,38.43,38.44,277980
2025-01-01,002714.SZ,38.46,38.8,37.42,37.59,297099
2025-01-02,002714.SZ,37.68,38.08,37.2,37.32,244181
2025-01-05,002714.SZ,37.54,37.91,37.28,37.49,238427
2025-01-06,002714.SZ,37.55,38.03,37.2,37.68,212102
2025-01-07,002714.SZ,37.52,37.88,37.11,37.25,240281
2025-01-08,002714.SZ,37.8,38.17,37.04,37.3,489345
2025-01-09,002714.SZ,37.13,37.18,36.15,36.2,408265
2025-01-12,002714.SZ,35.81,36.7,35.72,36.25,252381
2025-01-13,002714.SZ,36.28,37.05,36.05,37.04,343423
2025-01-14,002714.SZ,36.86,36.95,36.2,36.37,317320
2025-01-15,002714.SZ,36.41,37.05,36.14,36.43,347114
2025-01-16,002714.SZ,36.42,36.9,36.15,36.69,273964
2025-01-19,002714.SZ,36.9,37.5,36.72,37.23,364180
2025-01-20,002714.SZ,37.4,37.41,36.71,36.9,221953
2025-01-21,002714.SZ,36.82,36.82,36.31,36.52,213410
2025-01-22,002714.SZ,36.85,37.14,36.68,36.81,270185
2025-01-23,002714.SZ,36.72,36.99,36.56,36.88,204650
2025-01-26,002714.SZ,36.92,37.68,36.92,37.21,268043
2025-02-04,002714.SZ,37.35,37.43,36.71,36.82,232847
2025-02-05,002714.SZ,36.83,36.86,36.32,36.8,271945
2025-02-06,002714.SZ,36.66,37.13,36.35,36.82,433108
2025-02-09,002714.SZ,36.72,36.8,36.43,36.58,328526
2025-02-10,002714.SZ,36.59,36.75,36.18,36.24,313600
2025-02-11,002714.SZ,36.1,36.32,35.83,36.31,346108
2025-02-12,002714.SZ,36.21,38.45,36.15,38.21,1087729
2025-02-13,002714.SZ,37.8,38.08,37.41,37.71,489139
2025-02-16,002714.SZ,37.68,38.09,37.23,37.86,415642
2025-02-17,002714.SZ,37.9,38.06,37.1,37.17,361634
2025-02-18,002714.SZ,37.11,37.49,36.81,37.4,436714
2025-02-19,002714.SZ,37.38,37.38,36.9,36.92,304871
2025-02-20,002714.SZ,37,38.06,36.88,37,520216
2025-02-23,002714.SZ,37.37,37.84,37.03,37.2,534925
2025-02-24,002714.SZ,37.02,37.02,36.51,36.59,336330
2025-02-25,002714.SZ,36.6,36.85,36.38,36.83,292514
2025-02-26,002714.SZ,36.8,36.89,36.27,36.51,340966
2025-02-27,002714.SZ,36.47,37.08,36.2,36.29,427853
2025-03-02,002714.SZ,36.29,37.07,36.11,36.67,431883
2025-03-03,002714.SZ,36.68,37.31,36.28,37.07,365465
2025-03-04,002714.SZ,37.1,37.16,36.52,36.58,286757
2025-03-05,002714.SZ,36.7,36.95,36.4,36.85,317559
2025-03-06,002714.SZ,36.75,37.26,36.62,36.9,377782
2025-03-09,002714.SZ,37.5,37.59,36.96,37.31,485542
2025-03-10,002714.SZ,36.91,38.13,36.86,38.1,697370
2025-03-11,002714.SZ,38.11,38.18,37.78,37.97,380513
2025-03-12,002714.SZ,37.95,38.21,37.86,38.03,335989
2025-03-13,002714.SZ,38.19,38.67,38.05,38.5,489494
2025-03-16,002714.SZ,38.83,39.57,38.67,39.21,532194
2025-03-17,002714.SZ,39.19,39.19,38.5,38.63,421433
2025-03-18,002714.SZ,38.6,38.75,38.28,38.74,308693
2025-03-19,002714.SZ,39.1,39.1,38.25,38.26,425599
2025-03-20,002714.SZ,38.26,39.25,37.72,38.58,542622
2025-03-23,002714.SZ,38.2,38.38,37.56,38.25,305369
2025-03-24,002714.SZ,38.29,38.6,37.97,38.6,304882
2025-03-25,002714.SZ,38.62,40.2,38.5,39.97,937084
2025-03-26,002714.SZ,39.94,40.13,39.71,39.79,354833
2025-03-27,002714.SZ,39.79,39.8,39.39,39.64,278249
2025-03-30,002714.SZ,39.46,39.91,38.66,38.73,351708
2025-03-31,002714.SZ,38.71,39.43,38.66,38.78,307321
2025-04-01,002714.SZ,38.8,39.18,38.8,39.04,263667
2025-04-02,002714.SZ,38.7,39.67,38.7,39.49,368220
2025-04-06,002714.SZ,38.85,40.19,37.53,38.78,1074454
2025-04-07,002714.SZ,38.78,42,37.91,41.35,1348126
2025-04-08,002714.SZ,41.95,43.5,40.58,42.2,1409823
2025-04-09,002714.SZ,41,42.28,40.65,41.94,942115
2025-04-10,002714.SZ,41.82,41.86,40.58,40.93,608119
2025-04-13,002714.SZ,40.93,41.2,40.68,40.74,433216
2025-04-14,002714.SZ,40.66,40.69,40.23,40.61,349633
2025-04-15,002714.SZ,40.3,41,39.9,40.8,495179
2025-04-16,002714.SZ,40.5,40.83,40.22,40.77,306165
2025-04-17,002714.SZ,40.56,40.68,40.18,40.37,212710
2025-04-20,002714.SZ,40.27,40.53,40.07,40.5,201729
2025-04-21,002714.SZ,40.43,40.83,40.26,40.44,238519
2025-04-22,002714.SZ,40.48,40.48,39.7,40.37,412568
2025-04-23,002714.SZ,40.2,41.2,40.2,40.52,345624
2025-04-24,002714.SZ,40.8,41.08,40.01,40.03,297947
2025-04-27,002714.SZ,40.03,40.17,39.7,39.73,227241
2025-04-28,002714.SZ,39.7,39.7,39.3,39.5,239264
2025-04-29,002714.SZ,39.49,39.76,39.39,39.67,225813
2025-05-05,002714.SZ,39.68,39.9,39.51,39.72,262067
2025-05-06,002714.SZ,39.93,39.97,39.58,39.73,252396
2025-05-07,002714.SZ,39.78,40.15,39.62,39.7,274526
2025-05-08,002714.SZ,39.7,39.82,39.38,39.42,209725
2025-05-11,002714.SZ,39.45,39.46,39.04,39.24,256659
2025-05-12,002714.SZ,39.3,39.44,39.09,39.34,223140
2025-05-13,002714.SZ,39.34,40.01,39.15,39.97,347492
2025-05-14,002714.SZ,39.75,40.04,39.69,39.74,230421
2025-05-15,002714.SZ,39.7,39.8,39.15,39.25,212405
2025-05-18,002714.SZ,39.15,39.4,39.09,39.23,156601
2025-05-19,002714.SZ,39.23,39.74,39.09,39.55,198280
2025-05-20,002714.SZ,39.55,40.33,39.51,39.99,337540
2025-05-21,002714.SZ,40.01,40.1,39.62,39.86,146449
2025-05-22,002714.SZ,39.8,40.17,39.5,39.51,193293
2025-05-25,002714.SZ,39.5,39.66,39.16,39.38,173509
2025-05-26,002714.SZ,39.3,39.62,38.79,38.79,199881
2025-05-27,002714.SZ,38.77,38.94,38.36,38.4,197064
2025-05-28,002714.SZ,38.34,38.7,38.16,38.66,195881
2025-05-29,002714.SZ,38.84,40.66,38.79,40.44,824287
2025-06-02,002714.SZ,40.06,41.78,40.03,41.54,636801
2025-06-03,002714.SZ,41.41,41.76,40.88,41.75,472246
2025-06-04,002714.SZ,41.6,41.74,40.72,40.8,272886
2025-06-05,002714.SZ,41,41.44,40.7,41.14,272272
2025-06-08,002714.SZ,41.14,42.97,40.98,42.83,622321
2025-06-09,002714.SZ,42.8,43.05,42.04,42.35,295213
2025-06-10,002714.SZ,42.48,44.58,42.35,44.38,760392
2025-06-11,002714.SZ,44,44.27,43.54,43.78,296077
2025-06-12,002714.SZ,43.62,44.1,43.15,43.78,376504
2025-06-15,002714.SZ,43.61,43.61,42.91,42.96,337008
2025-06-16,002714.SZ,43,43.42,42.83,43.04,178077
2025-06-17,002714.SZ,42.98,43.27,42.44,42.49,193772
2025-06-18,002714.SZ,42.59,42.9,41.95,42.3,205697
2025-06-19,002714.SZ,42.39,42.7,41.83,41.83,282520
2025-06-22,002714.SZ,42.01,42.83,41.5,41.68,236264
2025-06-23,002714.SZ,41.85,42.22,41.28,41.82,249770
2025-06-24,002714.SZ,41.79,42.09,41.36,42.03,282526
2025-06-25,002714.SZ,41.55,42.24,41.37,41.8,269036
2025-06-26,002714.SZ,41.79,42.08,41.51,41.67,176834
2025-06-29,002714.SZ,41.81,42.21,41.58,42.01,203273
2025-06-30,002714.SZ,42.02,42.3,41.66,41.99,185094
2025-07-01,002714.SZ,42,42.63,41.9,42.57,327669
2025-07-02,002714.SZ,42.81,43.58,42.4,43.38,410012
2025-07-03,002714.SZ,43.18,43.85,42.97,43.73,331842
2025-07-06,002714.SZ,43.6,43.85,43.26,43.44,202080
2025-07-07,002714.SZ,43.45,43.84,42.99,43.67,319986
2025-07-08,002714.SZ,43.65,45.6,43.63,45.1,687988
2025-07-09,002714.SZ,46,46.02,44.7,45.31,604000
2025-07-10,002714.SZ,45.86,46.86,45.48,45.69,496021
2025-07-13,002714.SZ,45.7,45.95,45.25,45.51,340337
2025-07-14,002714.SZ,45.63,45.76,44.7,44.89,378131
2025-07-15,002714.SZ,44.78,45.18,44.48,45.14,274436
2025-07-16,002714.SZ,45.14,46.22,45.14,45.28,241657
2025-07-17,002714.SZ,45.33,46.51,45.23,46.04,335233
2025-07-20,002714.SZ,46.17,47.5,46.13,47.33,526338
2025-07-21,002714.SZ,47.28,48.49,47.02,48.42,499762
2025-07-22,002714.SZ,49.58,50.08,48.71,49.09,808088
2025-07-23,002714.SZ,48.5,48.57,47.92,48.27,449092
2025-07-24,002714.SZ,48.33,49.2,48.29,48.58,403598
2025-07-27,002714.SZ,48.4,49,48.05,48.34,352143
2025-07-28,002714.SZ,48.1,48.32,47.1,47.28,436220
2025-07-29,002714.SZ,47.28,48.3,46.89,47.27,417541
2025-07-30,002714.SZ,46.78,46.99,46.1,46.36,395410
2025-07-31,002714.SZ,46.41,46.59,45.7,45.81,298470
2025-08-03,002714.SZ,45.8,46.17,45.64,45.91,226824
2025-08-04,002714.SZ,46.19,46.45,45.88,46.26,265787
2025-08-05,002714.SZ,46.24,47.1,46.1,46.77,311995
2025-08-06,002714.SZ,46.78,47.37,46.33,46.67,213225
2025-08-07,002714.SZ,46.89,47.39,46.6,46.95,258517
2025-08-10,002714.SZ,47.22,47.22,46.3,46.75,265524
2025-08-11,002714.SZ,46.75,47.25,46.7,47.02,234410
2025-08-12,002714.SZ,47.07,47.38,46.2,46.89,323760
2025-08-13,002714.SZ,46.71,47.26,46.42,46.47,264906
2025-08-14,002714.SZ,46.27,46.53,45.76,46.07,399077
2025-08-17,002714.SZ,46.07,46.33,45.71,46.33,386580
2025-08-18,002714.SZ,46.38,47.38,46.36,46.71,383484
2025-08-19,002714.SZ,46.9,47.66,46.24,47.5,409712
2025-08-20,002714.SZ,49.63,51.76,48.36,50.21,1151209
2025-08-21,002714.SZ,50.48,50.74,49.58,50.35,569572
2025-08-24,002714.SZ,50.37,51.45,50.1,51.38,602646
2025-08-25,002714.SZ,51.29,56.23,50.91,55.06,1143279
2025-08-26,002714.SZ,54.7,55.99,54.42,54.5,657697
2025-08-27,002714.SZ,54.3,54.8,53.5,54.5,570731
2025-08-28,002714.SZ,54.5,55.5,54.3,54.96,408050
2025-08-31,002714.SZ,55.23,55.48,53.98,54.8,405047
2025-09-01,002714.SZ,54.55,56.45,54.5,54.75,565159
2025-09-02,002714.SZ,54.75,55.85,53.6,53.84,358671
2025-09-03,002714.SZ,53.85,54.14,52.05,52.83,482179
2025-09-04,002714.SZ,52.89,53.7,52.02,53.7,323013
2025-09-07,002714.SZ,54.5,56.3,54.5,55.65,573410
2025-09-08,002714.SZ,55.64,55.87,54.13,54.58,450244
2025-09-09,002714.SZ,54.2,54.96,53.12,54.4,342542
2025-09-10,002714.SZ,54.95,58.49,54.93,57.45,932018
2025-09-11,002714.SZ,57.4,58.46,57.1,57.54,562952
2025-09-14,002714.SZ,57.5,59.68,57.13,58.77,698123
2025-09-15,002714.SZ,58.8,58.86,56.32,57.35,630677
2025-09-16,002714.SZ,57.36,57.58,55.61,56.19,547029
2025-09-17,002714.SZ,56.2,56.5,54.25,54.75,500844
2025-09-18,002714.SZ,54.3,54.95,53.73,54.38,440787
2025-09-21,002714.SZ,53.84,53.84,52.55,53.56,418086
2025-09-22,002714.SZ,53.1,54.25,52.72,53.22,392446
2025-09-23,002714.SZ,53.1,54.25,52.81,53.96,370089
2025-09-24,002714.SZ,53.97,54.2,52.38,52.84,410274
2025-09-25,002714.SZ,52.73,53.25,52.3,52.47,350139
2025-09-28,002714.SZ,51.8,53.15,51.07,53,495055
2025-09-29,002714.SZ,52.88,53.34,51.96,53,395904
2025-10-08,002714.SZ,51.94,52.9,50.6,52.85,626962
2025-10-09,002714.SZ,52.77,54.09,52.34,53.22,549873
2025-10-12,002714.SZ,52.27,54.18,52.27,53.1,515176
2025-10-13,002714.SZ,53.2,54.4,52.88,53.7,589718
2025-10-14,002714.SZ,53.61,54,52.53,53.27,351685
2025-10-15,002714.SZ,52.68,52.69,51.33,51.33,317185
2025-10-16,002714.SZ,51.1,51.48,50.38,50.62,321614
2025-10-19,002714.SZ,50.6,50.8,49.22,49.48,394602
2025-10-20,002714.SZ,49.48,50.02,49.18,49.46,306277
2025-10-21,002714.SZ,49.46,49.78,48.47,48.7,364519
2025-10-22,002714.SZ,48.76,49.12,48.18,48.71,214656
2025-10-23,002714.SZ,49.02,49.64,48.45,48.86,295283
2025-10-26,002714.SZ,48.88,50.59,48.6,50.25,449220
2025-10-27,002714.SZ,50.24,50.98,50,50.42,272673
2025-10-28,002714.SZ,50.13,50.91,50.09,50.4,216619
2025-10-29,002714.SZ,50.5,50.55,49.41,49.68,296752
2025-10-30,002714.SZ,50.02,51.68,50.02,50.3,441998
2025-11-02,002714.SZ,50.35,51.94,50.35,51.19,493454
2025-11-03,002714.SZ,51,51.11,49.35,49.5,420114
2025-11-04,002714.SZ,49.05,49.88,48.77,49.43,241378
2025-11-05,002714.SZ,49.21,50,48.97,49.25,294385
2025-11-06,002714.SZ,49.31,50.29,49.14,49.71,285542
2025-11-09,002714.SZ,50.37,51.8,49.51,51.67,549803
2025-11-10,002714.SZ,51.65,51.65,50.46,50.58,373404
2025-11-11,002714.SZ,50.41,50.84,49.88,50.14,244907
2025-11-12,002714.SZ,50.1,50.68,49.65,50.57,285445
2025-11-13,002714.SZ,50.18,50.73,49.87,49.87,248787
2025-11-16,002714.SZ,49.6,49.65,47.63,48.46,445175
2025-11-17,002714.SZ,48,48.95,47.96,48.6,219460
2025-11-18,002714.SZ,48.6,48.72,48.07,48.45,158781
2025-11-19,002714.SZ,48.45,48.9,48.11,48.22,169987
2025-11-20,002714.SZ,48,48.97,47.84,47.89,303234
2025-11-23,002714.SZ,49.34,50.81,48.97,49.46,488485
2025-11-24,002714.SZ,49.21,50.6,48.71,49.83,433284
2025-11-25,002714.SZ,50,50.88,49.52,49.6,248389
2025-11-26,002714.SZ,49.71,50.5,49.2,49.9,229943
2025-11-27,002714.SZ,50.01,50.8,49.78,50.75,280425
2025-11-30,002714.SZ,50.96,50.98,49.37,49.7,370881
2025-12-01,002714.SZ,49.55,49.82,49.06,49.13,175829
2025-12-02,002714.SZ,49,49.29,48.64,48.8,191421
2025-12-03,002714.SZ,48.7,49.34,48.7,48.96,150394
2025-12-04,002714.SZ,48.87,49.29,48.62,48.83,176871
2025-12-07,002714.SZ,48.77,48.88,48.1,48.38,271164
2025-12-08,002714.SZ,48.48,49.11,47.88,48,273028
2025-12-09,002714.SZ,47.8,48.07,47.35,47.99,191695
2025-12-10,002714.SZ,47.88,47.9,46.88,47.34,350349
2025-12-11,002714.SZ,47.35,48.96,47.12,48.78,425846
2025-12-14,002714.SZ,48.75,49.9,48.62,49.25,294710
2025-12-15,002714.SZ,49.26,49.59,48.76,49.06,171098
2025-12-16,002714.SZ,49.75,49.88,48.3,49.59,272643
2025-12-17,002714.SZ,49.18,50.14,48.99,49.48,225069
2025-12-18,002714.SZ,49.4,50.2,49.05,49.19,361311
2025-12-21,002714.SZ,49.5,49.86,48.72,49.59,359889
2025-12-22,002714.SZ,49.55,49.8,49.22,49.34,197150
2025-12-23,002714.SZ,49.17,49.27,47.6,48.12,421073
2025-12-24,002714.SZ,47.9,48.11,47.72,47.95,240532
2025-12-25,002714.SZ,47.8,48.08,47.59,47.95,231959
2025-12-28,002714.SZ,48.1,50.59,48.1,49.9,671662
2025-12-29,002714.SZ,50,51.35,49.93,50.89,460309
2025-12-30,002714.SZ,50.5,50.77,50.02,50.58,266630
2026-01-04,002714.SZ,50.6,50.72,49.78,50.1,299385
2026-01-05,002714.SZ,49.83,51.45,49.49,51.38,435762
2026-01-06,002714.SZ,51.19,51.85,50.68,50.8,358484
2026-01-07,002714.SZ,51.28,51.32,50.06,50.16,259239
2026-01-08,002714.SZ,50.1,50.52,49.58,49.76,345817
2026-01-11,002714.SZ,49.76,49.79,48.8,49.35,357575
2026-01-12,002714.SZ,49.45,49.52,48.1,48.18,498964
2026-01-13,002714.SZ,48.19,48.69,47.9,48.4,427831
2026-01-14,002714.SZ,48.48,48.73,48.18,48.3,358997
2026-01-15,002714.SZ,48.31,48.41,47.12,47.33,575982
2026-01-18,002714.SZ,47.33,47.76,47,47.18,374027
2026-01-19,002714.SZ,47.23,47.41,46.75,46.84,396774
2026-01-20,002714.SZ,46.88,46.96,46.12,46.27,455891
2026-01-21,002714.SZ,46.23,46.55,45.49,45.62,503434
2026-01-22,002714.SZ,45.62,46.01,45.45,46.01,443816
2026-01-25,002714.SZ,46,46.88,45.52,46.51,591430
2026-01-26,002714.SZ,46.51,46.52,45,45.03,583399
2026-01-27,002714.SZ,44.88,45.33,44.2,45.14,616034
2026-01-28,002714.SZ,44.85,46.36,44.65,46.33,617845
2026-01-29,002714.SZ,46.1,47.79,45.88,46,913336
2026-02-01,002714.SZ,46.03,46.33,44.91,45.1,579386
2026-02-02,002714.SZ,45.01,45.71,44.65,45.68,374354
2026-02-03,002714.SZ,45.75,46.96,45.48,46.86,538401
2026-02-04,002714.SZ,46.84,47.49,46.4,46.73,415359
2026-02-05,002714.SZ,46.09,47.05,46.05,46.41,359020
2026-02-08,002714.SZ,46.16,47.29,46.08,46.65,334720
2026-02-09,002714.SZ,46.46,46.94,45.83,45.92,297338
2026-02-10,002714.SZ,45.88,46.17,45.35,46.03,286099
2026-02-11,002714.SZ,45.81,46.08,45.17,45.24,276391
2026-02-12,002714.SZ,45.24,46.08,45.02,45.35,298934
2026-02-23,002714.SZ,45.51,45.86,44.4,44.56,391376
2026-02-24,002714.SZ,44.51,45.09,44.41,44.79,283592
2026-02-25,002714.SZ,45.03,45.98,44.91,45.13,388725
2026-02-26,002714.SZ,45.15,47.06,45.15,46.9,718470
2026-03-01,002714.SZ,46.5,48.14,46.42,46.81,513369
2026-03-02,002714.SZ,46.7,47.5,46.46,46.53,449678
2026-03-03,002714.SZ,46.69,47.23,46.26,47.13,547247
2026-03-04,002714.SZ,47.13,47.18,46.18,46.8,323513
2026-03-05,002714.SZ,46.67,49.53,46.55,49.34,909997
2026-03-08,002714.SZ,49.6,50.76,49.21,49.41,838243
2026-03-09,002714.SZ,48.88,49.55,48.19,48.33,492950
2026-03-10,002714.SZ,48.34,49.78,48.22,49.31,475502
2026-03-11,002714.SZ,49.5,50.68,49,50.59,629146
2026-03-12,002714.SZ,50.5,50.75,49.57,49.79,376326
2026-03-15,002714.SZ,50.03,50.8,49.64,49.74,385143
2026-03-16,002714.SZ,49.51,51.48,49.2,50.24,520464
2026-03-17,002714.SZ,50.18,50.72,49.43,49.69,314884
2026-03-18,002714.SZ,49.51,49.79,48.56,48.8,353957
2026-03-19,002714.SZ,48.93,49.9,48.62,49.45,472356
2026-03-22,002714.SZ,48.5,48.57,44.76,45.2,926626
2026-03-23,002714.SZ,45.2,45.5,42.3,43.5,993382
2026-03-24,002714.SZ,43.12,44.88,43.02,44.52,458321
2026-03-25,002714.SZ,44.33,44.8,43.9,44,312479
2026-03-26,002714.SZ,43.73,45.49,43.56,45.2,354994
2026-03-29,002714.SZ,44.78,44.8,43.02,43.23,533007
2026-03-30,002714.SZ,43.13,43.35,41.23,41.71,657970
2026-03-31,002714.SZ,41.95,42.35,41.41,42.2,376857
2026-04-01,002714.SZ,42.21,44.48,42.16,43.65,577035
2026-04-02,002714.SZ,43.43,43.5,42.7,42.9,264134
2026-04-06,002714.SZ,42.92,44.86,42.4,43.45,477109
2026-04-07,002714.SZ,43.7,44.65,43.22,44.34,411184
2026-04-08,002714.SZ,43.93,44.1,43.5,43.8,231744
2026-04-09,002714.SZ,43.83,44,42.84,43.01,440105
2026-04-12,002714.SZ,43,44.5,42.65,44.17,510632
2026-04-13,002714.SZ,44.18,46.1,43.8,45.78,696446
2026-04-14,002714.SZ,45.76,46.38,45.2,46.05,501892
2026-04-15,002714.SZ,46.1,46.67,45.8,46.44,349934
2026-04-16,002714.SZ,46.16,46.23,45.34,45.53,389982
2026-04-19,002714.SZ,45.94,46.22,45.2,45.32,337323
2026-04-20,002714.SZ,45.34,46.16,45.13,45.48,311665
2026-04-21,002714.SZ,45.46,46.45,44.44,44.72,549529
2026-04-22,002714.SZ,44.4,44.64,43.21,43.49,482465
2026-04-23,002714.SZ,43.48,43.5,42.88,43.14,303929
2026-04-26,002714.SZ,43.01,43.05,42.18,42.26,409435
2026-04-27,002714.SZ,42.27,43.49,42.12,43.3,454680
2026-04-28,002714.SZ,43.44,45.39,43.39,44.62,694967
2026-04-29,002714.SZ,44,45.38,43.81,44.7,433249
2026-05-05,002714.SZ,44.39,44.75,44,44.64,481143
2026-05-06,002714.SZ,44.48,44.61,43.71,44.07,409198
2026-05-07,002714.SZ,44.25,44.57,43.41,43.51,317240
2026-05-10,002714.SZ,43.85,45.1,43.2,44.32,643788
2026-05-11,002714.SZ,44.3,44.31,42.81,42.93,545877
2026-05-12,002714.SZ,42.79,43.08,42.3,42.38,388947
2026-05-13,002714.SZ,42.5,43.57,42.46,42.63,589978
2026-05-14,002714.SZ,42.67,43.13,41.7,42.5,451388
2026-05-17,002714.SZ,42.3,42.33,40.23,40.43,744066
2026-05-18,002714.SZ,40.88,41.05,39.58,40.3,436406
2026-05-19,002714.SZ,39.99,40.36,39.44,39.54,367081
2026-05-20,002714.SZ,39.77,40.66,39.4,39.49,385355
2026-05-21,002714.SZ,39.8,39.94,38.65,38.84,452702
2026-05-24,002714.SZ,38.8,39.28,38.08,38.44,380326
2026-05-25,002714.SZ,38.43,38.86,38.09,38.71,359237
2026-05-26,002714.SZ,38.21,38.25,37.5,37.76,410502
2026-05-27,002714.SZ,37.59,37.73,36.75,37.05,413558
2026-05-28,002714.SZ,37.06,38.58,36.75,38.07,555510
2026-05-31,002714.SZ,37.99,38.34,37.25,37.82,387114
2026-06-01,002714.SZ,37.82,37.94,36.6,36.76,543703
2026-06-02,002714.SZ,36.76,36.82,35.8,36.2,538827
2026-06-03,002714.SZ,36.19,36.65,35.06,35.13,575119
2026-06-04,002714.SZ,35.13,35.63,34.85,35.06,391703
2026-06-07,002714.SZ,34.83,35.57,33.85,34.15,488860
2026-06-08,002714.SZ,34.16,34.35,33.78,34.23,323075
2026-06-09,002714.SZ,33.95,34.91,33.88,34.43,381830
2026-06-10,002714.SZ,34.44,34.67,33.88,34.16,363985
2026-06-11,002714.SZ,34.22,35.15,33.75,34.86,600765
2026-06-14,002714.SZ,35,35.63,34.61,35.28,455041
2026-06-15,002714.SZ,35.06,35.27,34.72,35.05,353606
2026-06-16,002714.SZ,34.95,35,34.19,34.66,384011
2026-06-17,002714.SZ,34.76,34.93,33.52,33.63,623145
2026-06-21,002714.SZ,33.46,34.19,32.99,33.95,541482
2026-06-22,002714.SZ,34.18,35.04,33,33.02,658904
2026-06-23,002714.SZ,33.04,33.2,32.35,32.53,389128
2026-06-24,002714.SZ,32.2,32.78,31.81,32.36,441740
2026-06-25,002714.SZ,33.03,34.6,32.38,33.56,1048548
2026-06-28,002714.SZ,33.6,36.14,33.11,35.99,1393660
2026-06-29,002714.SZ,35.35,35.93,34.7,34.99,816863
2026-06-30,002714.SZ,35,38.12,34.52,36.98,1186982
2026-07-01,002714.SZ,36.64,37.95,36.4,37.35,970327
2026-07-02,002714.SZ,37.25,38.06,36.28,36.9,743518
2026-07-05,002714.SZ,37.5,38.99,37.31,38.68,1008463
2026-07-06,002714.SZ,38.5,38.94,37.74,38.49,839641
2026-07-07,002714.SZ,38,38.34,36.79,36.8,722925
2026-07-08,002714.SZ,36.95,37.6,36.4,37.11,630356
2026-07-09,002714.SZ,36.74,38.46,36.01,38.14,862208
2026-07-12,002714.SZ,37.45,39.19,37.35,38.55,841823
2026-07-13,002714.SZ,38.3,38.36,37.52,38.08,553136
2026-07-14,002714.SZ,37.71,40.1,37.68,39.65,845419
2026-07-15,002714.SZ,39.87,41.27,39.67,40.9,979148
2026-07-16,002714.SZ,40.91,41.55,39.21,39.83,910829
2026-07-19,002714.SZ,39.28,40.84,38.42,40.61,832818
2026-07-20,002714.SZ,40.02,40.87,39.13,39.42,765844
2026-07-21,002714.SZ,39,40.05,38.61,39.44,647223
2026-07-22,002714.SZ,38.96,40.16,38.47,39.7,611602
2026-07-23,002714.SZ,39.48,40,38.61,38.68,408040
2026-07-26,002714.SZ,38.67,39.5,38.51,39.33,372637
2026-07-27,002714.SZ,39.1,39.54,38.86,39.3,408220
2026-07-28,002714.SZ,39.3,39.85,38.61,38.88,536829
2026-07-29,002714.SZ,38.78,40.3,38.56,39.92,793583
2026-07-30,002714.SZ,39,39.33,38.75,39.26,678989
2026-08-02,002714.SZ,39.2,39.9,38.83,38.93,566758
2026-08-03,002714.SZ,38.9,38.92,37.88,38.02,648053
2026-08-04,002714.SZ,37.64,38.67,37.63,38.36,508767
2026-08-05,002714.SZ,38.4,38.6,37.8,38.37,411074
2026-08-06,002714.SZ,38.2,38.9,37.92,38.47,470812
2026-08-09,002714.SZ,38.84,40.3,38.8,40.24,909878
2026-08-10,002714.SZ,40.26,40.79,40,40.11,498983
2026-08-11,002714.SZ,40,40.44,39.82,39.93,370197
2026-08-12,002714.SZ,39.95,40.36,39.57,40.15,385346
2026-08-13,002714.SZ,40,40.1,39.03,39.29,441048
2026-08-16,002714.SZ,39.6,40.04,38.91,39.29,449775
2026-08-17,002714.SZ,39.35,40.14,39.29,39.93,594923
2026-08-18,002714.SZ,40.12,40.18,38.8,38.84,504629
2026-08-19,002714.SZ,38.83,39.9,38.77,39.82,509422
2026-08-20,002714.SZ,39.56,39.92,39.03,39.07,368900
2026-08-23,002714.SZ,38.82,38.94,38.2,38.83,403706
2026-08-24,002714.SZ,38.76,39.98,38.62,39.93,535318
2026-08-25,002714.SZ,39.62,40.35,39.58,39.99,324501
2026-08-26,002714.SZ,39.71,40.97,39.61,40.8,471490
2026-08-27,002714.SZ,40.77,41.85,40.21,41.68,530763
2026-08-30,002714.SZ,41.94,42.65,41.91,42.31,633480
2026-08-31,002714.SZ,42.09,42.78,42.06,42.4,440755
2026-09-01,002714.SZ,42.3,42.61,41.95,42.03,303217
2026-09-02,002714.SZ,41.98,42.3,41.71,42.08,267871
2026-09-03,002714.SZ,42.1,44.39,41.86,43.97,767895
2026-09-06,002714.SZ,43.84,44.05,43.41,43.91,450249
2026-09-07,002714.SZ,43.79,43.88,43.1,43.23,389317
2026-09-08,002714.SZ,43.1,43.36,42.87,43.25,285243
2026-09-09,002714.SZ,43.18,43.46,42.09,42.22,401372
2026-09-10,002714.SZ,42.01,42.46,41.85,42.18,308883
2026-09-13,002714.SZ,42.2,42.94,42.06,42.59,358799
2026-09-14,002714.SZ,42.56,43.35,42.22,42.37,403694
2026-09-15,002714.SZ,41.99,42.35,40.84,41.08,489559
2026-09-16,002714.SZ,41,41.54,40.64,41.28,306257
2026-09-17,002714.SZ,40.98,41.66,40.95,41.35,405275
2026-09-20,002714.SZ,41.38,42.43,41.04,42.38,283000
2026-09-21,002714.SZ,42.23,42.29,41.67,41.86,248780
2026-09-22,002714.SZ,41.81,42,41.33,41.4,198799
2026-09-23,002714.SZ,41.3,41.34,40.42,40.48,272006
2026-09-27,002714.SZ,40.38,41.95,40.24,41.71,465671
2026-09-28,002714.SZ,41.68,42.41,41.48,42.29,312968
2026-09-29,002714.SZ,42.2,42.78,42.03,42.45,231652
2022-08-16,603799.SH,81.15,82.4,78.89,81.53,264066
2022-08-17,603799.SH,81.19,82.34,79.95,80.16,243654
2022-08-18,603799.SH,79.6,81.06,78.69,79.27,200179
2022-08-21,603799.SH,79.68,84.38,79.34,83.64,553971
2022-08-22,603799.SH,83.09,84.6,81.88,83.94,280778
2022-08-23,603799.SH,84.05,85.8,81.2,81.55,256845
2022-08-24,603799.SH,81.96,82.09,78.8,79.89,210526
2022-08-25,603799.SH,80.11,82.39,79.57,80.15,177447
2022-08-28,603799.SH,79,79.6,77.45,78.04,234749
2022-08-29,603799.SH,78.21,78.38,77.06,77.72,127011
2022-08-30,603799.SH,77.54,78.36,74.11,74.74,235232
2022-08-31,603799.SH,75.01,76.05,74.2,74.86,108284
2022-09-01,603799.SH,75.67,75.7,73.01,74.51,127411
2022-09-04,603799.SH,74.3,74.5,71.66,73.2,229670
2022-09-05,603799.SH,74.03,75.39,72.4,74.99,184823
2022-09-06,603799.SH,73.99,76.57,73.6,75.36,185867
2022-09-07,603799.SH,75.35,75.8,72.79,73,165915
2022-09-08,603799.SH,73.7,77.32,73.6,76.98,321183
2022-09-12,603799.SH,77.38,77.67,76.11,76.94,148014
2022-09-13,603799.SH,75.8,77.77,75.61,76.26,177893
2022-09-14,603799.SH,77.11,77.88,72.3,72.96,274290
2022-09-15,603799.SH,72.85,72.94,69.8,71.47,168127
2022-09-18,603799.SH,71.67,74.37,71.5,72.4,151736
2022-09-19,603799.SH,73.2,76,73,74.6,192902
2022-09-20,603799.SH,74.55,75.16,73.11,74.57,123287
2022-09-21,603799.SH,73.99,74.44,72.66,73.07,116344
2022-09-22,603799.SH,73.18,73.72,70.78,72.1,132900
2022-09-25,603799.SH,72.07,75.34,70.91,73.45,179676
2022-09-26,603799.SH,73.34,73.95,71.59,72.67,136509
2022-09-27,603799.SH,72.4,72.4,65.4,65.4,444987
2022-09-28,603799.SH,65.5,66.56,64.1,65.48,353524
2022-09-29,603799.SH,65.47,66.38,64.12,64.34,232175
2022-10-09,603799.SH,64.34,64.34,61.6,61.8,174522
2022-10-10,603799.SH,62.85,64.13,62.14,62.62,144374
2022-10-11,603799.SH,62.72,63.43,60.4,63.29,207365
2022-10-12,603799.SH,62.87,63,60.93,61.05,228082
2022-10-13,603799.SH,61.76,62.31,60.49,61.65,352533
2022-10-16,603799.SH,61,62.3,60.6,61.88,252621
2022-10-17,603799.SH,62.35,62.74,60.9,61.19,240021
2022-10-18,603799.SH,60.9,62.26,60.04,60.05,301282
2022-10-19,603799.SH,59.38,60.35,58.25,59.45,260876
2022-10-20,603799.SH,59.48,59.94,57.79,58.28,196401
2022-10-23,603799.SH,58.51,59.63,56.99,57.52,219325
2022-10-24,603799.SH,57.67,58.65,56.61,57.91,170976
2022-10-25,603799.SH,57.52,58.89,57,57.9,230461
2022-10-26,603799.SH,57.9,59.28,57.65,57.69,250573
2022-10-27,603799.SH,57,57.43,54.68,55.12,305482
2022-10-30,603799.SH,54.05,55.68,53.38,54.48,256778
2022-10-31,603799.SH,55,56.88,54.3,56.87,279924
2022-11-01,603799.SH,56.77,59.94,56.13,59.56,367042
2022-11-02,603799.SH,58.68,60.42,58.31,59.19,241396
2022-11-03,603799.SH,59.19,64.59,59.16,64,482425
2022-11-06,603799.SH,64.2,66.58,64.2,65.29,391061
2022-11-07,603799.SH,65.27,67.6,65.01,66.19,296612
2022-11-08,603799.SH,66.61,67.15,64.85,65.33,186045
2022-11-09,603799.SH,65.2,65.33,63.66,64.21,191014
2022-11-10,603799.SH,67.3,69.5,65.71,66.3,316870
2022-11-13,603799.SH,67.3,69.2,66.2,66.72,383572
2022-11-14,603799.SH,66.4,67.41,64.29,67.38,252945
2022-11-15,603799.SH,67.11,67.19,65.11,65.27,184511
2022-11-16,603799.SH,64.74,64.97,62.89,63.42,255853
2022-11-17,603799.SH,63.79,63.95,62.4,62.94,142343
2022-11-20,603799.SH,62.58,64.18,62.2,64.01,163857
2022-11-21,603799.SH,63.62,63.89,62.25,63.09,159160
2022-11-22,603799.SH,62.68,64.3,62.67,63.78,156215
2022-11-23,603799.SH,64.01,65.03,63.56,63.85,143941
2022-11-24,603799.SH,63.72,64.01,62.8,63.01,109726
2022-11-27,603799.SH,62,62.29,60.22,61.8,167861
2022-11-28,603799.SH,62.36,62.81,61.18,62.38,123807
2022-11-29,603799.SH,62.5,63.63,61.55,62.51,156831
2022-11-30,603799.SH,63.9,66,63.44,65.5,297364
2022-12-01,603799.SH,65.25,65.25,63.21,63.23,227412
2022-12-04,603799.SH,63.6,63.93,61.75,62.8,156352
2022-12-05,603799.SH,62.76,63.43,61.52,62.84,197772
2022-12-06,603799.SH,62.6,66.66,62.1,64.94,394572
2022-12-07,603799.SH,65.03,66.66,64.95,65.22,219353
2022-12-08,603799.SH,64.99,66.2,64.56,65.35,213077
2022-12-11,603799.SH,65.4,65.4,63.5,64.13,146359
2022-12-12,603799.SH,64.1,64.48,63.09,63.11,111872
2022-12-13,603799.SH,63.04,63.52,62.35,62.46,89026
2022-12-14,603799.SH,62.5,64.2,61.6,63.84,126125
2022-12-15,603799.SH,63.01,63.36,60.54,60.99,217978
2022-12-18,603799.SH,60.79,63.45,60.51,61.04,168183
2022-12-19,603799.SH,61,61,58.3,59.25,167465
2022-12-20,603799.SH,59.25,59.95,58.12,58.42,127070
2022-12-21,603799.SH,59.16,60.18,57.83,58.27,155617
2022-12-22,603799.SH,57.61,58.22,56.43,57.3,137694
2022-12-25,603799.SH,57,58.28,56.86,58.08,134248
2022-12-26,603799.SH,58.49,58.66,57.03,58.31,139844
2022-12-27,603799.SH,57.77,57.95,55.78,56.5,232753
2022-12-28,603799.SH,56.32,57.43,55.95,55.97,174885
2022-12-29,603799.SH,56.98,57,55.53,55.63,119152
2023-01-02,603799.SH,55.63,56.43,54.31,56.2,170153
2023-01-03,603799.SH,56.01,56.38,55.01,55.61,167213
2023-01-04,603799.SH,56.96,60,56.08,58.98,387926
2023-01-05,603799.SH,58,60.88,58,59.76,299481
2023-01-08,603799.SH,60.51,60.83,59.09,59.56,184036
2023-01-09,603799.SH,59.42,61.58,58.75,61.14,249404
2023-01-10,603799.SH,60.85,62.37,60.61,60.8,195860
2023-01-11,603799.SH,61.4,63.99,61.24,63.26,304203
2023-01-12,603799.SH,63.5,64.92,62.88,63.06,249773
2023-01-15,603799.SH,63.05,64.05,62.61,63.21,176419
2023-01-16,603799.SH,63.46,64.74,63.01,63.84,177607
2023-01-17,603799.SH,63.7,64.83,63.7,64.36,112436
2023-01-18,603799.SH,64.5,64.77,63.7,64.4,112885
2023-01-19,603799.SH,64.41,65.5,64.04,65,152419
2023-01-29,603799.SH,67.15,68.5,65.85,66.23,302324
2023-01-30,603799.SH,66.24,66.79,65.35,65.73,132295
2023-01-31,603799.SH,65.74,67.93,65.74,67.89,205110
2023-02-01,603799.SH,67.95,68,66.61,67.37,146762
2023-02-02,603799.SH,67.27,67.3,64.42,65.68,177647
2023-02-05,603799.SH,65,65,64.01,64.75,144942
2023-02-06,603799.SH,65.38,65.38,64.02,64.52,106037
2023-02-07,603799.SH,64.53,65.48,64.23,64.45,111702
2023-02-08,603799.SH,64.01,64.63,63.5,64.57,88843
2023-02-09,603799.SH,64.76,64.88,62.65,63.03,194512
2023-02-12,603799.SH,62.68,63.93,62.65,63.5,123187
2023-02-13,603799.SH,63.7,64.22,62.83,63.33,126597
2023-02-14,603799.SH,63.2,63.9,61.8,62.1,142120
2023-02-15,603799.SH,62.1,62.54,60,60.69,174050
2023-02-16,603799.SH,60.63,61.55,59.87,59.9,134192
2023-02-19,603799.SH,59.82,60.34,58.2,60.18,218678
2023-02-20,603799.SH,60.18,61.69,59.6,60.63,255578
2023-02-21,603799.SH,60.1,60.11,59.02,59.3,197181
2023-02-22,603799.SH,59.06,60.35,59.04,59.85,168429
2023-02-23,603799.SH,59.86,60,58.6,58.82,128673
2023-02-26,603799.SH,58.52,59.15,58,58.23,130122
2023-02-27,603799.SH,58.42,59.1,58.11,59.1,99565
2023-02-28,603799.SH,59.08,59.48,58.4,59.28,127733
2023-03-01,603799.SH,59.39,59.39,58.2,58.28,154255
2023-03-02,603799.SH,58.38,58.61,58.01,58.1,125988
2023-03-05,603799.SH,58.09,58.41,56.86,58.36,197040
2023-03-06,603799.SH,58.17,58.17,57.06,57.09,116918
2023-03-07,603799.SH,56.8,57.45,56.37,57.31,85606
2023-03-08,603799.SH,57.92,58.75,57.6,58.68,180859
2023-03-09,603799.SH,58.18,58.25,57.05,57.3,139794
2023-03-12,603799.SH,56.88,57.72,56.52,56.55,121799
2023-03-13,603799.SH,56.56,57.28,55.36,56.59,139545
2023-03-14,603799.SH,56.99,57.56,56.5,56.57,106023
2023-03-15,603799.SH,56.03,56.41,54.68,54.74,172728
2023-03-16,603799.SH,55.15,55.7,53.56,54.83,247637
2023-03-19,603799.SH,54.25,54.96,53.5,53.65,224740
2023-03-20,603799.SH,54,55.46,53.63,55.39,209752
2023-03-21,603799.SH,55.39,57.61,55.38,56.75,252566
2023-03-22,603799.SH,56.22,56.75,55.68,56.2,157246
2023-03-23,603799.SH,56.37,56.66,55.69,56.07,114260
2023-03-26,603799.SH,56,56.17,55.01,55.82,160812
2023-03-27,603799.SH,55.94,56.25,54.38,54.49,143005
2023-03-28,603799.SH,54.21,55.28,53.84,54.15,153565
2023-03-29,603799.SH,54.18,54.77,53.71,54.5,155139
2023-03-30,603799.SH,54.51,55.99,54.32,55,211180
2023-04-02,603799.SH,54.88,56.5,54.01,55.52,273496
2023-04-03,603799.SH,55.5,55.5,53.71,54.16,233938
2023-04-05,603799.SH,53.72,53.83,53.05,53.4,167534
2023-04-06,603799.SH,53.4,54.65,53.27,53.93,146228
2023-04-09,603799.SH,54,54.52,53.41,54.2,177728
2023-04-10,603799.SH,54.25,55.99,54.14,55.9,387997
2023-04-11,603799.SH,56.01,56.06,54.2,54.98,266021
2023-04-12,603799.SH,54.9,54.94,53.72,53.9,167224
2023-04-13,603799.SH,54.2,57.18,54.16,55.75,604258
2023-04-16,603799.SH,55.85,56.33,55.43,56.1,287173
2023-04-17,603799.SH,56,57.08,55.8,56.06,270482
2023-04-18,603799.SH,56.18,56.57,55.68,55.81,216467
2023-04-19,603799.SH,55.74,55.74,54.77,54.9,197098
2023-04-20,603799.SH,54.68,54.97,53.46,53.51,211750
2023-04-23,603799.SH,53.55,53.68,49.48,49.86,393191
2023-04-24,603799.SH,49.88,50.08,46,46.87,422404
2023-04-25,603799.SH,46.87,50.65,46.6,50.3,458445
2023-04-26,603799.SH,50,50.74,49.31,49.72,178698
2023-04-27,603799.SH,50.55,53.56,50.55,52,281725
2023-05-03,603799.SH,51.85,53.15,51.3,51.6,185855
2023-05-04,603799.SH,51.9,52.14,50.27,51.68,213506
2023-05-07,603799.SH,51.68,53.02,51.68,52.67,144086
2023-05-08,603799.SH,52.62,52.8,51.59,51.59,123699
2023-05-09,603799.SH,51.72,53.2,51.42,52.24,172479
2023-05-10,603799.SH,52.35,54.19,51.89,53.25,229236
2023-05-11,603799.SH,53.05,53.91,51.6,51.83,168875
2023-05-14,603799.SH,51.95,54.06,51.89,53.85,237294
2023-05-15,603799.SH,54,54,52.88,53.37,122835
2023-05-16,603799.SH,53.19,53.41,52.32,52.47,109116
2023-05-17,603799.SH,52.49,52.98,51.33,51.95,128202
2023-05-18,603799.SH,51.96,51.97,50.8,51.18,121142
2023-05-21,603799.SH,51.14,51.5,50.67,51.33,73283
2023-05-22,603799.SH,51.41,51.5,49.89,49.89,143050
2023-05-23,603799.SH,49.67,50.17,49.1,49.2,106616
2023-05-24,603799.SH,49.12,49.12,48.3,48.67,113631
2023-05-25,603799.SH,48.63,48.75,47.06,48.27,149669
2023-05-28,603799.SH,48.32,48.56,47.49,47.76,112146
2023-05-29,603799.SH,47.5,47.97,46,47.5,136998
2023-05-30,603799.SH,47.46,47.47,46.02,46.25,213342
2023-05-31,603799.SH,46.17,46.82,45.71,46.1,115545
2023-06-01,603799.SH,46.27,49.29,46.27,48.95,282600
2023-06-04,603799.SH,48.93,49.3,48.22,49.1,129015
2023-06-05,603799.SH,49.06,49.06,47.5,47.6,139141
2023-06-06,603799.SH,48.01,48.37,46.89,47.16,118366
2023-06-07,603799.SH,47.33,48.2,46.95,47.12,121738
2023-06-08,603799.SH,47.05,47.99,46.88,47.13,128256
2023-06-11,603799.SH,47.09,47.51,46.43,47.23,120204
2023-06-12,603799.SH,47.4,48.1,47.23,47.74,108786
2023-06-13,603799.SH,48.22,48.22,47.12,47.33,127720
2023-06-14,603799.SH,47.48,48.82,46.8,48.35,266180
2023-06-15,603799.SH,48.35,48.5,47.18,47.3,333156
2023-06-18,603799.SH,47.26,47.46,46.92,47,153755
2023-06-19,603799.SH,47.01,47.29,46.74,46.89,130780
2023-06-20,603799.SH,46.84,47.5,46.17,46.18,169320
2023-06-25,603799.SH,45.92,46.75,45.22,45.7,162635
2023-06-26,603799.SH,45.82,45.96,45.04,45.64,139004
2023-06-27,603799.SH,45.64,45.93,45.24,45.81,108380
2023-06-28,603799.SH,45.66,45.8,44.93,44.94,132080
2023-06-29,603799.SH,44.82,46.6,44.76,45.91,241884
2023-07-02,603799.SH,46.17,47.23,46.1,46.56,168348
2023-07-03,603799.SH,45.49,45.49,44.5,45.25,388141
2023-07-04,603799.SH,45.25,46.62,45.11,45.99,372775
2023-07-05,603799.SH,45.82,45.82,44.66,44.88,183745
2023-07-06,603799.SH,44.9,44.96,43.84,43.98,191450
2023-07-09,603799.SH,44.21,46.16,44.21,44.8,233153
2023-07-10,603799.SH,44.8,46.1,44.57,45.99,285142
2023-07-11,603799.SH,46.1,46.53,45.77,45.87,189766
2023-07-12,603799.SH,46.8,47.09,46.19,46.3,193133
2023-07-13,603799.SH,46.43,46.6,45.73,45.74,155527
2023-07-16,603799.SH,45.99,46.76,45.17,46.17,162179
2023-07-17,603799.SH,46,48.38,45.84,47.48,302111
2023-07-18,603799.SH,47.02,48.1,47.02,47.82,203950
2023-07-19,603799.SH,48,51.6,48,50.06,480020
2023-07-20,603799.SH,49.7,50.3,49.06,49.82,266529
2023-07-23,603799.SH,49.75,50.2,49.11,49.25,168321
2023-07-24,603799.SH,50.69,51.48,49.71,50.94,265819
2023-07-25,603799.SH,51.2,51.5,49.77,49.9,142444
2023-07-26,603799.SH,50.01,50.4,48.9,48.98,155280
2023-07-27,603799.SH,48.65,49.68,48.2,49.24,115091
2023-07-30,603799.SH,49.25,51.47,49.25,50.33,202114
2023-07-31,603799.SH,50.27,50.65,49.71,50.29,118740
2023-08-01,603799.SH,50.29,51.22,50,50.34,130055
2023-08-02,603799.SH,49.9,50.38,49.35,50,110701
2023-08-03,603799.SH,50.45,52.96,50.3,52.02,342491
2023-08-06,603799.SH,51.88,51.9,50.82,51.4,133360
2023-08-07,603799.SH,51.6,51.6,50.55,51.36,109874
2023-08-08,603799.SH,51.06,51.85,51.01,51.4,80030
2023-08-09,603799.SH,51.41,52.12,50.91,51.46,94655
2023-08-10,603799.SH,51.4,51.66,49.82,49.82,136483
2023-08-13,603799.SH,49.5,50.2,48.78,49.96,119836
2023-08-14,603799.SH,49.88,50.2,48.8,49.17,88732
2023-08-15,603799.SH,48.87,51.21,48.87,50.08,219137
2023-08-16,603799.SH,49.84,50.5,49.07,50.42,135427
2023-08-17,603799.SH,50.19,50.46,48.5,48.5,101780
2023-08-20,603799.SH,48.56,48.97,47.76,47.79,83217
2023-08-21,603799.SH,47.85,48.2,46.26,47.11,144370
2023-08-22,603799.SH,47.15,47.35,45.24,45.45,124335
2023-08-23,603799.SH,45.59,46.6,45.1,46.08,121072
2023-08-24,603799.SH,46,46.39,45.3,45.49,96894
2023-08-27,603799.SH,47,47.49,41.99,42.47,543992
2023-08-28,603799.SH,42.19,42.88,41.67,42.44,346957
2023-08-29,603799.SH,42.44,42.66,40.38,40.95,440463
2023-08-30,603799.SH,40.96,41.2,39.18,39.9,397129
2023-08-31,603799.SH,40.3,41.3,40.29,40.53,268746
2023-09-03,603799.SH,40.67,41.38,39.86,41.08,295804
2023-09-04,603799.SH,40.81,41.25,40.5,40.63,194428
2023-09-05,603799.SH,40.77,40.98,40.24,40.87,153323
2023-09-06,603799.SH,40.68,40.68,39.92,39.92,171063
2023-09-07,603799.SH,39.96,39.96,39.1,39.35,134420
2023-09-10,603799.SH,39.35,40.05,39.25,39.74,144775
2023-09-11,603799.SH,39.93,40.81,39.56,39.87,205270
2023-09-12,603799.SH,39.6,39.9,39.1,39.33,138201
2023-09-13,603799.SH,39.25,39.44,38.78,38.85,142146
2023-09-14,603799.SH,39.01,39.13,38.16,38.16,227516
2023-09-17,603799.SH,38.29,39.12,38,38.73,167334
2023-09-18,603799.SH,38.66,38.66,37.94,38.27,149722
2023-09-19,603799.SH,38.22,38.22,37.67,37.82,97438
2023-09-20,603799.SH,37.5,38.05,37.45,37.68,126694
2023-09-21,603799.SH,37.61,38.32,37.57,38.3,145008
2023-09-24,603799.SH,38.28,38.39,37.56,37.95,137508
2023-09-25,603799.SH,37.85,37.98,37.27,37.36,130195
2023-09-26,603799.SH,37.17,38.12,36.94,37.45,199606
2023-09-27,603799.SH,37.58,37.9,37.13,37.51,193506
2023-10-08,603799.SH,37.23,37.55,36.57,37.12,147229
2023-10-09,603799.SH,37.11,37.77,36.93,36.99,166288
2023-10-10,603799.SH,37.17,37.22,36.66,36.84,143705
2023-10-11,603799.SH,36.93,38.1,36.93,37.98,373065
2023-10-12,603799.SH,37.62,37.65,36.92,36.99,194705
2023-10-15,603799.SH,37.02,37.15,35.67,35.95,218103
2023-10-16,603799.SH,36.06,36.27,35.6,35.87,137453
2023-10-17,603799.SH,35.82,35.82,35.1,35.11,138190
2023-10-18,603799.SH,34.95,35.3,34.52,34.54,158648
2023-10-19,603799.SH,34.25,35.57,34.17,34.93,205271
2023-10-22,603799.SH,34.93,34.93,33.56,33.85,162081
2023-10-23,603799.SH,34.1,34.44,33.7,34.09,182626
2023-10-24,603799.SH,34.79,34.95,34.35,34.41,215337
2023-10-25,603799.SH,34.2,35.39,33.93,35.31,250032
2023-10-26,603799.SH,35.06,36.9,34.94,36.74,328791
2023-10-29,603799.SH,36.5,37.15,36.32,37.01,197543
2023-10-30,603799.SH,36.99,37.16,36.49,36.79,129285
2023-10-31,603799.SH,36.78,37.1,36.39,36.56,106574
2023-11-01,603799.SH,36.5,36.9,35.8,35.81,109595
2023-11-02,603799.SH,35.99,36.37,35.7,36.19,116857
2023-11-05,603799.SH,36.43,37.6,36.42,37.23,210255
2023-11-06,603799.SH,37.22,37.22,36.53,36.93,128826
2023-11-07,603799.SH,36.8,37.38,36.65,36.92,438590
2023-11-08,603799.SH,37.08,37.79,36.83,37.21,291874
2023-11-09,603799.SH,37.1,37.2,36.55,36.81,206818
2023-11-12,603799.SH,36.9,37.34,36.82,37.08,182753
2023-11-13,603799.SH,37.08,37.2,36.46,36.69,186901
2023-11-14,603799.SH,37.15,37.58,36.93,37.2,272988
2023-11-15,603799.SH,37.1,37.1,36.21,36.21,206915
2023-11-16,603799.SH,36.06,36.35,35.94,36.28,112894
2023-11-19,603799.SH,36.2,36.32,35.74,36.13,117387
2023-11-20,603799.SH,36.25,36.59,35.82,35.82,168521
2023-11-21,603799.SH,35.57,35.75,34.8,34.81,163395
2023-11-22,603799.SH,34.75,34.9,34.4,34.69,123710
2023-11-23,603799.SH,34.65,34.68,34.12,34.19,117562
2023-11-26,603799.SH,34.08,34.09,33.21,33.29,169655
2023-11-27,603799.SH,33.27,33.39,32.81,33.18,148246
2023-11-28,603799.SH,33.19,33.29,32.4,32.5,198544
2023-11-29,603799.SH,32.4,32.49,31.95,32.1,161983
2023-11-30,603799.SH,32.09,32.15,31.48,31.95,218474
2023-12-03,603799.SH,31.81,31.99,31.33,31.67,173863
2023-12-04,603799.SH,31.74,32.28,31.43,31.44,296511
2023-12-05,603799.SH,31.15,33.5,31.14,32.73,542816
2023-12-06,603799.SH,32.74,32.74,31.77,32.22,249316
2023-12-07,603799.SH,32.66,32.79,32.02,32.15,181562
2023-12-10,603799.SH,32,32,31.01,31.78,223882
2023-12-11,603799.SH,31.71,32.14,31.39,31.82,168284
2023-12-12,603799.SH,31.79,31.79,30.63,30.64,245676
2023-12-13,603799.SH,30.97,31.18,30.29,30.33,193004
2023-12-14,603799.SH,30.5,31.1,30.35,30.42,194007
2023-12-17,603799.SH,30.15,30.58,29.59,29.68,215351
2023-12-18,603799.SH,29.51,29.85,29.44,29.7,133558
2023-12-19,603799.SH,29.78,29.87,29.17,29.17,139558
2023-12-20,603799.SH,28.95,29.99,28.87,29.74,225249
2023-12-21,603799.SH,29.68,31.38,29.41,30.79,311848
2023-12-24,603799.SH,30.55,31.07,30.5,30.96,133330
2023-12-25,603799.SH,30.95,31.2,30.73,31.03,127794
2023-12-26,603799.SH,31.03,31.19,30.45,30.73,178237
2023-12-27,603799.SH,30.75,32.98,30.73,32.75,404683
2023-12-28,603799.SH,32.7,33.14,32.53,32.93,238630
2024-01-01,603799.SH,32.75,32.85,32.07,32.08,186559
2024-01-02,603799.SH,31.93,32.35,31.79,32.2,161225
2024-01-03,603799.SH,32,32.16,31.04,31.26,167836
2024-01-04,603799.SH,31.08,32.07,30.5,30.73,216957
2024-01-07,603799.SH,30.52,31.34,29.81,29.88,225116
2024-01-08,603799.SH,29.91,30.75,29.41,30.09,200525
2024-01-09,603799.SH,29.96,30.87,29.6,30.25,194592
2024-01-10,603799.SH,30.11,31.63,29.79,31.03,313534
2024-01-11,603799.SH,31.02,31.36,30.41,30.66,323694
2024-01-14,603799.SH,30.2,30.31,29.24,29.72,276858
2024-01-15,603799.SH,29.72,30.3,29.4,29.85,209700
2024-01-16,603799.SH,29.75,29.78,28.6,28.6,241367
2024-01-17,603799.SH,28.44,29.2,28.03,29.1,282109
2024-01-18,603799.SH,28.92,30.05,28.87,29.17,235306
2024-01-21,603799.SH,29.03,29.03,27.56,27.85,308607
2024-01-22,603799.SH,27.8,28.25,27.33,27.92,208281
2024-01-23,603799.SH,28.02,28.12,26.78,27.88,278389
2024-01-24,603799.SH,27.76,28.71,27.69,28.65,253016
2024-01-25,603799.SH,28.46,28.83,28.08,28.18,206802
2024-01-28,603799.SH,28.18,28.2,26.87,26.88,228661
2024-01-29,603799.SH,26.88,27.03,25.87,25.88,228147
2024-01-30,603799.SH,25.63,26.33,24.85,24.92,261877
2024-01-31,603799.SH,24.9,25.56,24.57,24.91,203818
2024-02-01,603799.SH,25,25.17,22.91,23.9,275232
2024-02-04,603799.SH,23.8,23.8,21.8,22.5,411310
2024-02-05,603799.SH,22.47,24.08,22.38,24.04,387598
2024-02-06,603799.SH,24.14,24.99,23.92,24.57,382447
2024-02-07,603799.SH,24.98,25.68,24.53,25.67,379407
2024-02-18,603799.SH,25.78,25.86,25.16,25.45,301679
2024-02-19,603799.SH,25.31,25.52,24.88,25.45,207483
2024-02-20,603799.SH,25.2,26.56,25.1,26.08,300749
2024-02-21,603799.SH,25.96,26.41,25.8,26.41,220812
2024-02-22,603799.SH,26.5,27.1,26.38,26.88,258795
2024-02-25,603799.SH,26.88,27.23,26.61,26.85,236527
2024-02-26,603799.SH,26.73,27.35,26.65,27.35,211769
2024-02-27,603799.SH,27.59,28.75,26.79,26.83,458428
2024-02-28,603799.SH,26.56,27.84,26.52,27.7,331897
2024-02-29,603799.SH,27.74,28.35,27.66,28.02,275817
2024-03-03,603799.SH,28.02,28.59,27.58,27.8,243102
2024-03-04,603799.SH,27.42,27.66,27.06,27.21,244765
2024-03-05,603799.SH,26.77,27.42,26.56,27.03,218687
2024-03-06,603799.SH,27.12,28,27.03,27.06,334246
2024-03-07,603799.SH,27.06,27.47,26.41,26.92,214217
2024-03-10,603799.SH,27,28.54,27,28.48,496857
2024-03-11,603799.SH,28.78,29.21,28.5,28.77,403488
2024-03-12,603799.SH,28.68,29.08,28.51,28.8,264440
2024-03-13,603799.SH,29.01,29.3,28.11,28.32,321629
2024-03-14,603799.SH,28.14,29.7,27.7,29.29,530106
2024-03-17,603799.SH,29.45,29.76,28.93,29.44,423612
2024-03-18,603799.SH,29.4,30.15,29.14,29.2,381746
2024-03-19,603799.SH,29.03,29.2,28.73,28.94,246164
2024-03-20,603799.SH,29.19,29.25,28.44,28.63,241263
2024-03-21,603799.SH,28.4,28.49,27.2,27.26,431639
2024-03-24,603799.SH,27.05,27.55,26.7,26.7,256501
2024-03-25,603799.SH,26.63,27.86,26.43,27.45,302784
2024-03-26,603799.SH,27.3,27.54,26.39,26.4,194642
2024-03-27,603799.SH,26.3,26.96,26.21,26.57,177635
2024-03-28,603799.SH,26.55,27.43,26.55,27.12,205847
2024-03-31,603799.SH,27.37,29.83,27.18,29.83,384377
2024-04-01,603799.SH,30.71,32.6,30.38,32.08,1362556
2024-04-02,603799.SH,31.82,33.15,31.55,31.8,1111039
2024-04-07,603799.SH,31.8,32.47,30.9,30.95,816904
2024-04-08,603799.SH,30.6,32.2,30.6,32.06,743781
2024-04-09,603799.SH,31.96,31.96,30.9,31.14,484183
2024-04-10,603799.SH,30.64,31.25,30.12,30.64,444097
2024-04-11,603799.SH,31.58,31.87,30.39,30.5,420115
2024-04-14,603799.SH,30.51,31.12,29.35,30.09,437047
2024-04-15,603799.SH,29.75,29.89,28.04,28.1,472780
2024-04-16,603799.SH,28.23,29.03,28.23,28.84,334591
2024-04-17,603799.SH,29.26,31.09,29.14,30.28,705132
2024-04-18,603799.SH,29.85,30.66,29.38,29.65,433692
2024-04-21,603799.SH,29.4,31.05,29.1,30.32,615159
2024-04-22,603799.SH,29.66,29.66,28.2,28.27,535257
2024-04-23,603799.SH,28,28.02,26.75,27.62,439565
2024-04-24,603799.SH,27.22,28.17,27.22,27.65,272595
2024-04-25,603799.SH,27.51,28.38,27.32,28.25,329388
2024-04-28,603799.SH,28.28,29.29,28.28,29.05,386238
2024-04-29,603799.SH,29.1,29.34,28.4,28.49,244762
2024-05-05,603799.SH,28.99,29.15,28.71,29.03,279263
2024-05-06,603799.SH,29.06,29.48,28.88,29.39,284897
2024-05-07,603799.SH,29.14,29.24,28.82,28.87,211683
2024-05-08,603799.SH,28.87,31.08,28.87,30.44,673533
2024-05-09,603799.SH,30.55,30.65,29.76,30.08,339857
2024-05-12,603799.SH,29.73,29.8,28.93,29.28,284679
2024-05-13,603799.SH,29.45,29.6,28.97,29.08,241401
2024-05-14,603799.SH,28.98,29.2,28.49,28.52,224675
2024-05-15,603799.SH,28.57,28.95,28.23,28.38,234004
2024-05-16,603799.SH,28.58,29.55,28.24,29.5,321489
2024-05-19,603799.SH,30.11,30.43,29.65,30.11,493189
2024-05-20,603799.SH,30.23,30.41,29.48,29.57,270146
2024-05-21,603799.SH,29.65,30.45,29.61,29.98,308991
2024-05-22,603799.SH,29.35,29.35,28.73,28.84,331885
2024-05-23,603799.SH,28.6,29.2,28.6,28.91,216601
2024-05-26,603799.SH,28.89,28.95,28.2,28.85,189852
2024-05-27,603799.SH,28.87,29.24,28.7,28.78,187727
2024-05-28,603799.SH,28.65,29.96,28.55,29.43,363482
2024-05-29,603799.SH,29.5,29.65,28.91,29.03,201734
2024-05-30,603799.SH,28.9,29.13,28.69,28.8,142447
2024-06-02,603799.SH,28.3,28.3,27.6,28.03,320177
2024-06-03,603799.SH,27.9,28.43,27.71,28.04,200733
2024-06-04,603799.SH,27.76,27.95,27.41,27.43,189837
2024-06-05,603799.SH,27.5,27.87,26.9,26.91,222644
2024-06-06,603799.SH,27.07,27.22,25.92,26.43,279037
2024-06-10,603799.SH,26.2,26.2,25.59,25.95,225264
2024-06-11,603799.SH,25.89,26.12,25.7,26.11,198155
2024-06-12,603799.SH,26.06,26.19,25.72,25.78,176027
2024-06-13,603799.SH,25.77,25.77,25.2,25.55,298358
2024-06-16,603799.SH,24.6,24.68,24.33,24.43,252355
2024-06-17,603799.SH,24.49,24.62,24.26,24.31,244062
2024-06-18,603799.SH,24.31,24.31,23.7,23.75,271938
2024-06-19,603799.SH,23.76,23.84,22.8,22.8,317243
2024-06-20,603799.SH,22.77,23,22.5,22.66,225552
2024-06-23,603799.SH,22.47,22.49,21.93,22.16,270239
2024-06-24,603799.SH,22.1,22.32,21.84,22.02,204112
2024-06-25,603799.SH,22.08,23.15,21.77,23.12,354427
2024-06-26,603799.SH,22.82,23,22.34,22.35,259835
2024-06-27,603799.SH,22.2,22.49,21.92,22.13,322219
2024-06-30,603799.SH,21.95,22.47,21.63,22.35,258598
2024-07-01,603799.SH,22.31,22.49,21.88,21.95,193189
2024-07-02,603799.SH,21.93,22.46,21.83,22.27,228186
2024-07-03,603799.SH,22.39,22.49,21.88,21.94,177008
2024-07-04,603799.SH,21.85,21.94,21.38,21.81,210869
2024-07-07,603799.SH,21.7,21.8,21.05,21.13,201436
2024-07-08,603799.SH,21.12,21.58,20.82,21.44,221798
2024-07-09,603799.SH,22.38,23.58,22.24,23.26,852175
2024-07-10,603799.SH,23.27,24.6,23.15,24.33,653132
2024-07-11,603799.SH,24.25,24.25,23.8,23.94,400125
2024-07-14,603799.SH,23.84,24.05,23.52,23.84,228853
2024-07-15,603799.SH,23.77,24.16,23.69,23.91,209573
2024-07-16,603799.SH,24.15,24.15,23.38,23.38,251927
2024-07-17,603799.SH,23.1,23.56,22.71,23.52,265580
2024-07-18,603799.SH,23.25,23.71,22.9,23.55,220771
2024-07-21,603799.SH,23.31,23.57,22.98,23.18,251972
2024-07-22,603799.SH,23.12,23.19,22.11,22.11,287818
2024-07-23,603799.SH,22.12,22.25,21.77,21.78,172135
2024-07-24,603799.SH,21.66,22.63,21.62,22.23,262270
2024-07-25,603799.SH,22.2,23.9,22.19,23.33,403470
2024-07-28,603799.SH,23.33,23.36,22.45,22.48,231009
2024-07-29,603799.SH,22.34,22.38,22.03,22.29,187810
2024-07-30,603799.SH,22.59,23.58,22.33,23.48,354831
2024-07-31,603799.SH,23.36,23.6,22.94,23.12,266848
2024-08-01,603799.SH,22.89,23.21,22.7,22.81,223060
2024-08-04,603799.SH,22.77,23.42,22.44,22.44,310405
2024-08-05,603799.SH,22.65,23.45,22.65,23.04,305508
2024-08-06,603799.SH,22.9,22.96,22.57,22.61,212722
2024-08-07,603799.SH,22.41,22.69,22.23,22.48,153734
2024-08-08,603799.SH,22.66,22.92,22.3,22.32,188041
2024-08-11,603799.SH,22.15,22.46,22.15,22.26,111533
2024-08-12,603799.SH,22.26,22.54,22.1,22.41,161232
2024-08-13,603799.SH,22.35,22.55,21.91,21.91,165790
2024-08-14,603799.SH,21.9,22.45,21.79,22.28,214121
2024-08-15,603799.SH,22.4,22.47,22.11,22.14,133970
2024-08-18,603799.SH,22.3,22.43,22.12,22.25,131493
2024-08-19,603799.SH,22.59,23.65,22.59,23.14,601985
2024-08-20,603799.SH,22.85,23.22,22.7,22.79,306940
2024-08-21,603799.SH,22.75,22.75,21.66,21.67,370708
2024-08-22,603799.SH,21.6,21.96,21.35,21.51,183260
2024-08-25,603799.SH,21.5,22.63,21.5,22.3,388339
2024-08-26,603799.SH,22.28,22.28,21.7,21.81,223525
2024-08-27,603799.SH,21.7,21.96,21.68,21.91,142013
2024-08-28,603799.SH,21.81,22.78,21.68,22.68,356949
2024-08-29,603799.SH,22.6,23.49,22.51,23.13,357911
2024-09-01,603799.SH,23.01,23.23,22.42,22.43,234248
2024-09-02,603799.SH,22.48,23.15,22.28,22.79,263662
2024-09-03,603799.SH,22.5,23.04,22.45,22.6,225435
2024-09-04,603799.SH,22.6,23.43,22.6,22.9,236588
2024-09-05,603799.SH,23.18,23.18,22.55,22.57,154459
2024-09-08,603799.SH,22.59,22.75,22.16,22.26,163697
2024-09-09,603799.SH,22.26,22.37,21.72,22.04,197376
2024-09-10,603799.SH,22.1,22.77,21.94,22.7,385378
2024-09-11,603799.SH,22.53,22.84,22.3,22.31,248259
2024-09-12,603799.SH,22.39,22.48,21.63,21.64,257714
2024-09-17,603799.SH,21.59,21.85,21.27,21.85,179027
2024-09-18,603799.SH,22.03,22.35,21.61,22.05,239807
2024-09-19,603799.SH,21.98,22.01,21.68,21.96,172615
2024-09-22,603799.SH,21.88,22.05,21.71,21.72,157871
2024-09-23,603799.SH,21.91,22.96,21.81,22.95,516844
2024-09-24,603799.SH,23.2,23.93,23.16,23.2,548837
2024-09-25,603799.SH,23.14,24.39,23.06,24.39,498628
2024-09-26,603799.SH,25.24,26.83,25.19,26.83,573911
2024-09-29,603799.SH,29.14,29.51,28.42,29.51,1054068
2024-10-07,603799.SH,32.46,32.46,30.86,32.46,1449285
2024-10-08,603799.SH,31.65,33.14,30.02,30.02,1233510
2024-10-09,603799.SH,30.2,31.23,29.2,29.94,873928
2024-10-10,603799.SH,29.45,29.55,27.67,28.06,711272
2024-10-13,603799.SH,28.06,29.39,27.89,29.19,546234
2024-10-14,603799.SH,29.17,29.46,28.51,28.54,425496
2024-10-15,603799.SH,27.9,28.68,27.81,28.17,324659
2024-10-16,603799.SH,28.25,28.61,27.7,27.72,312969
2024-10-17,603799.SH,27.72,29.5,27.52,28.95,545473
2024-10-20,603799.SH,30.5,31.5,30.43,30.76,818850
2024-10-21,603799.SH,30.52,30.84,30.15,30.76,465042
2024-10-22,603799.SH,31.2,31.28,30.28,30.8,542865
2024-10-23,603799.SH,30.69,30.69,29.98,30.24,347568
2024-10-24,603799.SH,30.24,32.86,30.23,32.13,928938
2024-10-27,603799.SH,32.13,32.3,31.4,31.86,469548
2024-10-28,603799.SH,31.92,32.6,31.12,31.15,447086
2024-10-29,603799.SH,30.85,31.29,30.45,30.75,325741
2024-10-30,603799.SH,30.96,31.59,30.64,31.07,414234
2024-10-31,603799.SH,30.7,33.05,30.67,31.94,989886
2024-11-03,603799.SH,32.51,32.56,31.22,31.91,515256
2024-11-04,603799.SH,31.92,34.38,31.88,33.96,895319
2024-11-05,603799.SH,34.7,37.36,34.55,36.41,1591257
2024-11-06,603799.SH,35.29,36.1,34.65,35.95,1010620
2024-11-07,603799.SH,37,37.7,35.67,36,881702
2024-11-10,603799.SH,35.5,37.2,35.47,36.96,700851
2024-11-11,603799.SH,37.17,39.21,36.22,36.9,1001301
2024-11-12,603799.SH,36.25,37.45,35.75,36.45,610808
2024-11-13,603799.SH,36.48,36.72,34.75,34.82,480042
2024-11-14,603799.SH,34.45,34.93,33.63,33.63,480563
2024-11-17,603799.SH,33.43,33.75,32.19,32.4,544566
2024-11-18,603799.SH,32.76,34.83,32.07,34.54,693382
2024-11-19,603799.SH,34.38,34.72,33.8,34.19,485159
2024-11-20,603799.SH,34.03,34.27,33.58,33.89,306190
2024-11-21,603799.SH,33.5,33.9,32.37,32.43,397960
2024-11-24,603799.SH,32.76,33.68,32.07,32.73,380638
2024-11-25,603799.SH,32.75,32.75,31.68,31.69,326325
2024-11-26,603799.SH,31.54,32.19,30.71,32.16,412053
2024-11-27,603799.SH,32.09,32.19,31.67,31.71,237807
2024-11-28,603799.SH,31.75,32.84,31.52,32.34,342945
2024-12-01,603799.SH,32.3,33,31.97,32.81,351023
2024-12-02,603799.SH,32.81,32.82,32.01,32.35,274620
2024-12-03,603799.SH,32.52,32.67,31.78,31.9,243836
2024-12-04,603799.SH,31.7,32.13,31.65,31.86,180732
2024-12-05,603799.SH,31.87,32.99,31.56,32.62,374716
2024-12-08,603799.SH,32.64,33.14,32.27,32.43,270387
2024-12-09,603799.SH,33.65,33.85,32.3,32.4,373732
2024-12-10,603799.SH,32.16,32.61,32.16,32.36,191904
2024-12-11,603799.SH,32.3,32.53,32,32.5,228790
2024-12-12,603799.SH,32.19,32.19,31.45,31.47,331436
2024-12-15,603799.SH,31.41,31.46,30.3,30.45,412778
2024-12-16,603799.SH,30.31,30.84,30.31,30.51,260589
2024-12-17,603799.SH,30.53,30.69,30.11,30.22,235718
2024-12-18,603799.SH,29.78,30.33,29.52,30.14,197745
2024-12-19,603799.SH,30.18,30.59,29.92,30.35,228653
2024-12-22,603799.SH,30.58,30.99,29.81,29.88,343300
2024-12-23,603799.SH,29.88,30.52,29.88,30.3,245736
2024-12-24,603799.SH,30.26,30.35,29.68,29.71,230620
2024-12-25,603799.SH,29.73,30.1,29.71,29.93,169245
2024-12-26,603799.SH,29.9,30.56,29.76,30.07,219377
2024-12-29,603799.SH,29.98,30.41,29.8,30.16,182098
2024-12-30,603799.SH,30.18,30.25,29.17,29.26,278387
2025-01-01,603799.SH,29.2,29.2,28.06,28.41,317824
2025-01-02,603799.SH,28.4,28.7,27.6,27.74,266620
2025-01-05,603799.SH,28.03,28.58,27.8,28.25,297705
2025-01-06,603799.SH,28.02,28.64,27.98,28.51,203289
2025-01-07,603799.SH,28.36,28.51,27.69,28.25,224813
2025-01-08,603799.SH,28.06,28.38,28.05,28.31,154410
2025-01-09,603799.SH,28.2,28.54,27.87,27.87,163685
2025-01-12,603799.SH,27.64,28.85,27.51,28.52,269031
2025-01-13,603799.SH,28.55,29.71,28.43,29.65,345391
2025-01-14,603799.SH,29.42,29.81,29.36,29.45,242089
2025-01-15,603799.SH,29.85,30.3,29.23,29.7,261184
2025-01-16,603799.SH,29.7,29.94,29.44,29.61,184295
2025-01-19,603799.SH,29.8,30.12,29.6,29.75,219917
2025-01-20,603799.SH,30,30.05,29.25,29.38,180723
2025-01-21,603799.SH,29.3,29.36,29.02,29.27,134199
2025-01-22,603799.SH,29.6,29.86,28.87,28.88,210922
2025-01-23,603799.SH,28.7,29.07,28.6,28.95,227525
2025-01-26,603799.SH,28.95,29.41,28.95,29.22,223276
2025-02-04,603799.SH,29.51,29.78,29.12,29.66,267883
2025-02-05,603799.SH,29.65,30.27,29.43,30.27,318669
2025-02-06,603799.SH,30.3,30.85,30.04,30.63,367812
2025-02-09,603799.SH,30.66,30.7,30.1,30.31,286391
2025-02-10,603799.SH,30.2,30.28,29.77,29.91,224897
2025-02-11,603799.SH,29.88,30.92,29.66,30.56,413735
2025-02-12,603799.SH,30.39,31.4,30.36,30.46,370673
2025-02-13,603799.SH,31.03,31.93,31.03,31.19,511323
2025-02-16,603799.SH,31.11,31.21,30.3,30.4,423234
2025-02-17,603799.SH,30.7,30.76,29.87,29.98,324754
2025-02-18,603799.SH,29.99,30.49,29.88,30.34,286284
2025-02-19,603799.SH,30.35,30.45,29.94,30.25,244460
2025-02-20,603799.SH,30.27,31.12,30.27,30.87,473248
2025-02-23,603799.SH,31.17,31.2,30.41,30.7,317569
2025-02-24,603799.SH,31.52,33.08,31.41,32.08,1065523
2025-02-25,603799.SH,31.52,32.29,31.48,31.95,532985
2025-02-26,603799.SH,31.95,33.48,31.95,33.18,906068
2025-02-27,603799.SH,33.19,33.96,32.4,33,849262
2025-03-02,603799.SH,33.98,35.4,33.96,34.98,1103220
2025-03-03,603799.SH,34.6,35.55,33.77,35.14,760916
2025-03-04,603799.SH,35.39,35.39,33.91,34.38,522793
2025-03-05,603799.SH,34.8,36.36,34.64,35.98,877780
2025-03-06,603799.SH,36,37.67,35.9,36.3,1003957
2025-03-09,603799.SH,37.97,38.97,36.82,38.44,1088329
2025-03-10,603799.SH,37.58,39.18,37.56,38.6,920992
2025-03-11,603799.SH,38.82,39.16,37.49,37.72,672911
2025-03-12,603799.SH,38.05,40.09,37.78,38.93,919394
2025-03-13,603799.SH,39.95,40.13,38.62,39.12,742640
2025-03-16,603799.SH,38.77,38.77,37.2,37.25,823706
2025-03-17,603799.SH,37.2,37.99,36.89,36.92,638196
2025-03-18,603799.SH,37,37.25,36.39,36.87,527611
2025-03-19,603799.SH,36.98,37.15,36.14,36.2,435681
2025-03-20,603799.SH,36.2,36.74,34.92,35.11,572285
2025-03-23,603799.SH,35.33,36.22,35.18,36.06,554433
2025-03-24,603799.SH,36.31,36.48,35.26,35.45,329928
2025-03-25,603799.SH,35.58,36.75,35.55,35.6,418237
2025-03-26,603799.SH,35.31,35.44,34.7,35.12,269922
2025-03-27,603799.SH,35.2,35.29,34.68,34.78,208217
2025-03-30,603799.SH,34.35,34.84,33.78,34.07,309727
2025-03-31,603799.SH,34.1,34.29,33.67,33.79,227977
2025-04-01,603799.SH,33.81,34.24,33.72,33.95,170153
2025-04-02,603799.SH,33.6,33.93,33.18,33.23,241255
2025-04-06,603799.SH,30,31.33,29.91,29.91,401688
2025-04-07,603799.SH,29.36,29.87,28.28,28.93,681945
2025-04-08,603799.SH,28.2,29.37,27.37,29.37,553326
2025-04-09,603799.SH,30.6,30.63,29.87,30.36,491531
2025-04-10,603799.SH,30.15,31,30.01,30.73,311999
2025-04-13,603799.SH,31.15,31.65,30.97,31.16,286798
2025-04-14,603799.SH,31.16,31.21,30.74,31.02,182043
2025-04-15,603799.SH,31.02,31.02,30.15,30.8,231362
2025-04-16,603799.SH,30.56,31.03,30.51,30.9,175341
2025-04-17,603799.SH,30.81,32.39,30.6,31.88,406639
2025-04-20,603799.SH,32.95,33.97,32.33,33.82,605127
2025-04-21,603799.SH,33.65,33.88,33.4,33.43,351016
2025-04-22,603799.SH,33.8,33.85,33.23,33.59,358347
2025-04-23,603799.SH,33.25,33.99,33.2,33.45,301270
2025-04-24,603799.SH,33.6,34.56,33.37,34.1,377076
2025-04-27,603799.SH,34.09,34.09,33.33,33.36,260807
2025-04-28,603799.SH,33.26,33.86,33.21,33.48,204306
2025-04-29,603799.SH,33.4,34.08,33.4,33.88,238258
2025-05-05,603799.SH,34.01,34.69,33.96,34.46,292991
2025-05-06,603799.SH,35.05,35.1,33.99,34.31,270237
2025-05-07,603799.SH,34.02,34.53,34.02,34.31,169370
2025-05-08,603799.SH,34.24,35.35,34.09,34.88,317165
2025-05-11,603799.SH,35.29,35.37,34.55,35.04,324887
2025-05-12,603799.SH,35.04,35.06,34.52,34.76,252360
2025-05-13,603799.SH,34.8,35.5,34.71,35.36,364562
2025-05-14,603799.SH,35.2,35.44,34.65,34.78,264096
2025-05-15,603799.SH,34.65,35.49,34.61,35.36,309966
2025-05-18,603799.SH,35.09,35.09,34.55,34.96,190761
2025-05-19,603799.SH,34.96,35.08,34.76,34.93,148851
2025-05-20,603799.SH,34.94,35.9,34.88,35.56,356895
2025-05-21,603799.SH,35.4,35.84,34.94,34.98,193713
2025-05-22,603799.SH,35,36.08,34.89,34.95,324291
2025-05-25,603799.SH,34.8,34.86,33.79,34.03,299289
2025-05-26,603799.SH,33.99,34.29,33.68,33.94,175731
2025-05-27,603799.SH,33.91,33.99,33.67,33.77,128955
2025-05-28,603799.SH,33.53,34.1,33.53,33.88,143832
2025-05-29,603799.SH,33.71,33.74,33.02,33.4,184660
2025-06-02,603799.SH,33.39,33.85,33.39,33.52,125258
2025-06-03,603799.SH,33.7,34.33,33.56,34.1,192894
2025-06-04,603799.SH,34.26,34.27,33.92,34.09,118476
2025-06-05,603799.SH,34.18,34.6,34,34.36,172699
2025-06-08,603799.SH,34.36,34.67,34.18,34.36,157213
2025-06-09,603799.SH,34.32,34.49,33.59,33.87,186054
2025-06-10,603799.SH,33.66,35.19,33.55,34.99,424486
2025-06-11,603799.SH,34.7,35.99,34.7,35.37,369863
2025-06-12,603799.SH,35.26,35.75,35.01,35.22,231668
2025-06-15,603799.SH,35,35.52,35,35.31,171330
2025-06-16,603799.SH,35.32,36.87,35.15,36.49,418122
2025-06-17,603799.SH,36.49,36.5,35.79,36.33,230035
2025-06-18,603799.SH,36.33,37,35.76,35.95,295958
2025-06-19,603799.SH,35.86,36.25,35.5,35.57,225913
2025-06-22,603799.SH,36.99,38.28,36.98,37.83,702717
2025-06-23,603799.SH,37.77,38.15,37.45,37.72,371977
2025-06-24,603799.SH,37.62,37.73,37.12,37.49,336584
2025-06-25,603799.SH,37.62,38.09,37.13,37.27,321557
2025-06-26,603799.SH,37.36,37.88,37.03,37.12,296933
2025-06-29,603799.SH,37.17,37.34,36.8,37.02,283915
2025-06-30,603799.SH,37.06,38.25,36.87,38.08,460091
2025-07-01,603799.SH,37.81,38.57,37.52,37.97,298491
2025-07-02,603799.SH,38.58,38.66,37.8,38.42,363002
2025-07-03,603799.SH,38.3,38.31,37.13,37.65,380288
2025-07-06,603799.SH,37.61,37.62,37.26,37.33,162257
2025-07-07,603799.SH,38,39.5,37.95,38.89,617711
2025-07-08,603799.SH,38.91,39.3,38.22,38.38,334953
2025-07-09,603799.SH,38.36,38.68,37.81,37.93,331261
2025-07-10,603799.SH,38.13,38.9,37.8,38.15,418863
2025-07-13,603799.SH,38.42,38.85,37.81,37.82,332527
2025-07-14,603799.SH,37.61,37.78,36.78,37.07,439625
2025-07-15,603799.SH,37.02,37.35,36.85,37.03,197818
2025-07-16,603799.SH,37.03,37.48,36.85,37.42,225107
2025-07-17,603799.SH,37.44,38.67,37.44,38.2,416366
2025-07-20,603799.SH,38.45,38.98,38.16,38.9,400250
2025-07-21,603799.SH,39.1,39.94,38.73,39.43,469271
2025-07-22,603799.SH,39.68,41.13,39.31,39.83,650158
2025-07-23,603799.SH,40.08,43.81,40.08,43.59,1358394
2025-07-24,603799.SH,43.71,45.18,43.35,44.92,1017040
2025-07-27,603799.SH,43.8,45.94,43.29,45.4,828617
2025-07-28,603799.SH,44.95,47.58,44.93,46.48,850847
2025-07-29,603799.SH,47.07,47.5,45.3,45.8,727899
2025-07-30,603799.SH,45.3,45.66,43.8,44.18,788502
2025-07-31,603799.SH,44.13,44.39,42.9,42.99,597383
2025-08-03,603799.SH,42.51,42.93,42.12,42.77,405896
2025-08-04,603799.SH,43.2,43.37,42.28,42.46,369220
2025-08-05,603799.SH,42.35,42.96,42.25,42.82,372770
2025-08-06,603799.SH,42.82,43.18,41.95,42.8,525462
2025-08-07,603799.SH,42.62,44.39,42.52,43.81,797114
2025-08-10,603799.SH,45.2,45.58,43.6,44.86,803347
2025-08-11,603799.SH,44.39,44.6,43.38,44.24,585413
2025-08-12,603799.SH,44.09,45.1,44.03,44.89,514080
2025-08-13,603799.SH,44.9,45.13,43.5,43.56,576126
2025-08-14,603799.SH,43.25,44.29,43.22,44.25,429459
2025-08-17,603799.SH,45.64,46.4,44.92,45.06,894197
2025-08-18,603799.SH,45.1,45.26,43.87,44.07,693255
2025-08-19,603799.SH,43.91,46.25,43.61,45.5,890574
2025-08-20,603799.SH,45.54,46.39,44.82,45.1,498421
2025-08-21,603799.SH,45.7,49,45.7,47.94,1156004
2025-08-24,603799.SH,49.01,49.02,47.27,48.14,1064461
2025-08-25,603799.SH,47.67,48.31,47.11,47.17,614361
2025-08-26,603799.SH,47.17,47.61,45.81,45.86,816286
2025-08-27,603799.SH,45.84,46.59,45.2,46.57,674124
2025-08-28,603799.SH,46.58,48.92,46.2,48.05,1179888
2025-08-31,603799.SH,48.5,50.22,47.54,50.22,1404230
2025-09-01,603799.SH,49.71,49.74,47.17,47.78,1186978
2025-09-02,603799.SH,47.83,48.79,46.89,47.5,779322
2025-09-03,603799.SH,47.33,49.39,46.07,47.27,990217
2025-09-04,603799.SH,47.08,50.88,46.28,50.75,1446492
2025-09-07,603799.SH,51.73,54.06,50.58,53.2,1547847
2025-09-08,603799.SH,52.5,53.9,51.29,51.33,1113842
2025-09-09,603799.SH,50.8,52.65,50.4,51,843393
2025-09-10,603799.SH,51,51.76,50.25,51.65,729671
2025-09-11,603799.SH,51.98,53.55,51.27,52.3,1151753
2025-09-14,603799.SH,52.5,54.75,52.2,52.25,1155719
2025-09-15,603799.SH,52.22,52.7,49.95,51.89,1069455
2025-09-16,603799.SH,51.8,52.18,51.04,51.7,652367
2025-09-17,603799.SH,51.74,51.97,49.91,50.57,843643
2025-09-18,603799.SH,50.2,52.45,50.13,51.56,901361
2025-09-21,603799.SH,53.98,54.55,52.2,52.72,1192418
2025-09-22,603799.SH,52.1,54.17,51.28,52.48,971887
2025-09-23,603799.SH,52.69,56.55,52.5,55.52,1323193
2025-09-24,603799.SH,56.32,57,55.01,55.61,933485
2025-09-25,603799.SH,55.75,58.5,55.75,57.13,963353
2025-09-28,603799.SH,58.4,60.86,57.33,60.25,1108121
2025-09-29,603799.SH,61.56,66.28,61.17,65.9,1568433
2025-10-08,603799.SH,67.03,70.29,66.56,70.29,1673648
2025-10-09,603799.SH,68,68.01,63.65,64.85,1478666
2025-10-12,603799.SH,61.3,71.34,61.3,70.48,1495806
2025-10-13,603799.SH,72.8,73,64.01,65.17,1570981
2025-10-14,603799.SH,65.63,67.3,63.32,65.34,1024608
2025-10-15,603799.SH,65,66.08,64.09,64.68,729852
2025-10-16,603799.SH,64.85,65.37,60.98,61.46,1059144
2025-10-19,603799.SH,61.25,61.95,58.96,60.53,901990
2025-10-20,603799.SH,61.57,63.34,60.79,62.62,887272
2025-10-21,603799.SH,60.9,62.45,60.59,61.7,495183
2025-10-22,603799.SH,61.5,63.05,60.68,62.75,637840
2025-10-23,603799.SH,63.18,64.09,62.21,62.98,784864
2025-10-26,603799.SH,63.56,65.36,63.52,64.68,862693
2025-10-27,603799.SH,63.8,64,60.12,60.5,1128269
2025-10-28,603799.SH,60.22,62.86,60.2,62.8,761585
2025-10-29,603799.SH,62.5,66.85,62.11,65.49,1485898
2025-10-30,603799.SH,64.7,67.07,64.2,64.81,943741
2025-11-02,603799.SH,64.85,65.75,60.98,62.83,901722
2025-11-03,603799.SH,62.83,63.63,59.59,59.9,768566
2025-11-04,603799.SH,58.02,60.95,57.33,59.84,720612
2025-11-05,603799.SH,59.44,62.45,59.42,62.18,755887
2025-11-06,603799.SH,61.6,65.16,60.78,64.34,1037574
2025-11-09,603799.SH,63.6,64.96,62.49,63.23,838761
2025-11-10,603799.SH,63.25,63.86,61.7,61.87,570539
2025-11-11,603799.SH,60.9,62.28,59.2,60.55,595082
2025-11-12,603799.SH,60.56,66.56,60.3,65.42,1442101
2025-11-13,603799.SH,64.3,66.54,63.51,65.61,913254
2025-11-16,603799.SH,65,68.98,65,67.6,1289113
2025-11-17,603799.SH,67.08,68.18,63.79,64.3,1055709
2025-11-18,603799.SH,64.28,66.97,64.28,65.99,858510
2025-11-19,603799.SH,66.5,69.2,65.3,65.54,1104179
2025-11-20,603799.SH,62.38,62.99,59.54,59.68,1098534
2025-11-23,603799.SH,59.62,59.88,56.01,58.2,1016850
2025-11-24,603799.SH,58.89,61.14,57.94,60.51,718804
2025-11-25,603799.SH,61.5,62.25,60.44,60.54,556943
2025-11-26,603799.SH,60.58,61.94,60.1,60.18,405715
2025-11-27,603799.SH,59.95,62.35,59.95,61.83,599817
2025-11-30,603799.SH,62.32,63.87,61.78,62.11,583787
2025-12-01,603799.SH,61.75,62.08,60.73,60.93,334241
2025-12-02,603799.SH,61.1,62.5,60.58,61.4,453392
2025-12-03,603799.SH,61.8,64.42,61.61,63.68,762431
2025-12-04,603799.SH,63.33,63.89,62.7,63.46,458320
2025-12-07,603799.SH,63.8,64.5,62.8,64.14,575224
2025-12-08,603799.SH,63.8,63.8,61.9,62.67,473256
2025-12-09,603799.SH,62.5,63.18,61.78,62.31,378575
2025-12-10,603799.SH,62.7,63.96,61.16,61.22,498248
2025-12-11,603799.SH,61.77,62.1,59.78,61.23,471081
2025-12-14,603799.SH,60.2,60.89,58.62,59.11,493520
2025-12-15,603799.SH,58.98,58.98,57,57.47,490974
2025-12-16,603799.SH,57.91,59.83,57.62,59.47,530667
2025-12-17,603799.SH,59.4,62.5,59.02,61.72,819613
2025-12-18,603799.SH,62.03,63.9,61.39,63.71,794729
2025-12-21,603799.SH,64.5,66.08,64.28,65.61,800421
2025-12-22,603799.SH,65.9,67.31,65,65.82,821305
2025-12-23,603799.SH,66.77,68.66,66.6,67.11,720863
2025-12-24,603799.SH,65.7,65.9,64.5,65.37,572779
2025-12-25,603799.SH,66.55,66.94,65.5,66,587936
2025-12-28,603799.SH,67.07,67.2,64.9,65.12,631728
2025-12-29,603799.SH,63.88,68.64,63.86,68.03,820419
2025-12-30,603799.SH,68.64,70.64,67.87,68.26,692208
2026-01-04,603799.SH,68.86,69.36,67.21,68,685328
2026-01-05,603799.SH,70.73,74.03,70.05,73.49,1083032
2026-01-06,603799.SH,76.1,79.59,76.1,77.19,1100994
2026-01-07,603799.SH,76.62,77.7,74.51,75.62,730263
2026-01-08,603799.SH,74.5,76.95,74.08,75.95,659179
2026-01-11,603799.SH,77,77.77,73.3,74.87,725661
2026-01-12,603799.SH,74.01,77.5,73.75,75.14,669892
2026-01-13,603799.SH,74.79,76.79,73.37,73.98,655928
2026-01-14,603799.SH,75.83,80.5,75.83,79.2,1093278
2026-01-15,603799.SH,79.28,80.8,77.01,77.63,700659
2026-01-18,603799.SH,77,77.45,75.06,76.15,503203
2026-01-19,603799.SH,76.91,77.1,73.48,75.04,541514
2026-01-20,603799.SH,74.5,76.58,74.3,75.5,466196
2026-01-21,603799.SH,75.7,76.13,73.86,74.52,397571
2026-01-22,603799.SH,74.77,78.78,74.28,78.65,784441
2026-01-25,603799.SH,80.11,82.17,79.02,79.59,828065
2026-01-26,603799.SH,78.7,80.41,77.41,78.15,527258
2026-01-27,603799.SH,78.03,81.5,76.81,80.76,812000
2026-01-28,603799.SH,80,81.64,77.51,78.6,702687
2026-01-29,603799.SH,76,76.2,70.74,72,920396
2026-02-01,603799.SH,68.84,72.91,68.54,69.48,694345
2026-02-02,603799.SH,71.1,71.28,68.15,70.72,542753
2026-02-03,603799.SH,71.92,72.93,71.1,72.72,484927
2026-02-04,603799.SH,71.7,72.87,69.8,70.9,362170
2026-02-05,603799.SH,68.55,71.45,67.75,70.45,335825
2026-02-08,603799.SH,71.5,71.68,70.21,70.93,286578
2026-02-09,603799.SH,70.85,71.18,69.25,69.56,299733
2026-02-10,603799.SH,70.1,74.35,70.1,73.35,578313
2026-02-11,603799.SH,75,76.76,74.28,75.15,582699
2026-02-12,603799.SH,72.58,73.84,72.5,72.5,316679
2026-02-23,603799.SH,73.8,73.88,72.58,73.42,358379
2026-02-24,603799.SH,74.2,78.78,73.72,77.47,688581
2026-02-25,603799.SH,80.1,80.1,76.68,76.88,598203
2026-02-26,603799.SH,76,79.2,75.9,78.62,448225
2026-03-01,603799.SH,78.61,79.53,76.3,78.45,512932
2026-03-02,603799.SH,77.63,77.63,71.72,71.72,779403
2026-03-03,603799.SH,70.36,73.12,70.02,70.91,400048
2026-03-04,603799.SH,72.39,72.59,70.2,71.46,344448
2026-03-05,603799.SH,70.4,70.88,68.68,69.07,460361
2026-03-08,603799.SH,66.77,67.71,64.45,67.19,559909
2026-03-09,603799.SH,68.32,69.25,67.7,68.32,368372
2026-03-10,603799.SH,68.4,68.94,67.53,68.01,311510
2026-03-11,603799.SH,67.61,68.65,66.68,67.5,333982
2026-03-12,603799.SH,67.05,69.16,66.75,66.83,437723
2026-03-15,603799.SH,66.35,66.7,61.85,63.42,794673
2026-03-16,603799.SH,63.77,64.2,61.85,61.86,457949
2026-03-17,603799.SH,61.81,61.98,59.63,60.64,601437
2026-03-18,603799.SH,58.67,58.93,56.26,56.51,808639
2026-03-19,603799.SH,57.3,59.1,56.51,57.41,688981
2026-03-22,603799.SH,56.19,58.58,55.22,55.63,644690
2026-03-23,603799.SH,56.86,56.99,53.93,56.34,599186
2026-03-24,603799.SH,57.46,59.31,57.31,59.04,774084
2026-03-25,603799.SH,58.8,59.85,57.9,58.17,536081
2026-03-26,603799.SH,57.24,60.73,57.22,59.9,787609
2026-03-29,603799.SH,59,60.17,58.4,59.75,595285
2026-03-30,603799.SH,59.57,60.04,58.22,58.73,445043
2026-03-31,603799.SH,59.9,60.79,58.76,60.3,593393
2026-04-01,603799.SH,59.8,60.6,58.5,58.98,450604
2026-04-02,603799.SH,58.99,59.49,57.3,57.42,382439
2026-04-06,603799.SH,57.4,58.58,57.4,57.88,307596
2026-04-07,603799.SH,59.88,61.09,59.44,61.09,675527
2026-04-08,603799.SH,60.51,60.74,59.34,59.5,533640
2026-04-09,603799.SH,59.89,62.27,59.89,61.43,803989
2026-04-12,603799.SH,60.82,62.99,60.82,62.43,768453
2026-04-13,603799.SH,63.6,64.4,61,64.32,1265665
2026-04-14,603799.SH,64.98,65.37,62.61,62.76,974094
2026-04-15,603799.SH,63.32,65.94,63.15,65.91,948347
2026-04-16,603799.SH,67.22,68.8,66.11,66.21,1293821
2026-04-19,603799.SH,65.8,66.65,64.95,65.78,743150
2026-04-20,603799.SH,66.45,66.57,64.96,65.5,617177
2026-04-21,603799.SH,64.89,65.5,64.37,64.73,660431
2026-04-22,603799.SH,64.83,64.89,61.9,62.22,832797
2026-04-23,603799.SH,62.21,65.15,62.11,64.78,865843
2026-04-26,603799.SH,65.78,66.59,65.1,66.3,880127
2026-04-27,603799.SH,65.31,65.7,63.88,64.76,604164
2026-04-28,603799.SH,63.6,67.9,63.24,67.66,1100840
2026-04-29,603799.SH,67,68.62,66.04,66.59,914417
2026-05-05,603799.SH,66.59,68.05,65.31,67.97,964136
2026-05-06,603799.SH,68.86,70.85,67.23,68.2,1102407
2026-05-07,603799.SH,67.44,68.85,65.55,66,885086
2026-05-10,603799.SH,65.85,66.8,63.51,64.84,996997
2026-05-11,603799.SH,65.05,65.63,62.5,62.87,835399
2026-05-12,603799.SH,62.87,63.5,62.11,62.8,656883
2026-05-13,603799.SH,62.79,62.79,59.96,60.31,866029
2026-05-14,603799.SH,60,60.53,58.1,58.65,752364
2026-05-17,603799.SH,58,58.75,57.45,58.31,477660
2026-05-18,603799.SH,57.77,57.89,55.52,57.6,564140
2026-05-19,603799.SH,56.84,58.65,56.26,58.09,626231
2026-05-20,603799.SH,58.45,59.33,56,56.46,598491
2026-05-21,603799.SH,56.42,59.06,55.98,58.88,628169
2026-05-24,603799.SH,58.88,59.26,56.58,57.09,587767
2026-05-25,603799.SH,56.6,58.58,55.62,58.1,669150
2026-05-26,603799.SH,57.86,58.57,55.91,56.1,562628
2026-05-27,603799.SH,55.6,56.53,54.48,55.9,483913
2026-05-28,603799.SH,56.6,56.7,54.8,54.8,507317
2026-05-31,603799.SH,54.08,55.15,53.46,53.48,501294
2026-06-01,603799.SH,53.48,53.93,51.44,53.58,608575
2026-06-02,603799.SH,53,54.38,52.77,53.22,442857
2026-06-03,603799.SH,52.52,52.73,51.06,51.3,596717
2026-06-04,603799.SH,51.25,51.67,49.62,49.96,596856
2026-06-07,603799.SH,48.12,48.86,46.13,46.72,648628
2026-06-08,603799.SH,47.65,48.05,45.56,47.85,606933
2026-06-09,603799.SH,47.01,48.1,46.07,47.15,459698
2026-06-10,603799.SH,46.61,48.9,46.11,47.53,632552
2026-06-11,603799.SH,48.48,51.9,47.85,50.22,1109040
2026-06-14,603799.SH,51.85,52.99,51.4,52.45,882575
2026-06-15,603799.SH,52.55,54.12,51.9,53,757057
2026-06-16,603799.SH,52.5,53.85,52.19,52.59,535957
2026-06-17,603799.SH,52,54.15,51.4,52.1,667724
2026-06-21,603799.SH,51.2,55.23,50.6,55.21,1040086
2026-06-22,603799.SH,55.26,55.5,50.7,51.01,964214
2026-06-23,603799.SH,50.84,52.94,50.03,52.33,680833
2026-06-24,603799.SH,51.67,51.7,49.66,50.21,770977
2026-06-25,603799.SH,50.18,50.3,46.77,46.79,695128
2026-06-28,603799.SH,46.7,48.27,45.66,47.68,631247
2026-06-29,603799.SH,47.11,48.58,46.3,48.26,549591
2026-06-30,603799.SH,48.18,48.98,46.58,48,624975
2026-07-01,603799.SH,47.65,48.6,46.9,47.05,578544
2026-07-02,603799.SH,47.61,47.97,46.74,46.76,536579
2026-07-05,603799.SH,47,49.13,46.51,46.91,633947
2026-07-06,603799.SH,46.81,46.95,44.8,44.89,579409
2026-07-07,603799.SH,44.5,44.6,42.68,42.68,625614
2026-07-08,603799.SH,42.65,42.76,40.1,42.19,813025
2026-07-09,603799.SH,41.9,43.09,41.5,41.51,560245
2026-07-12,603799.SH,41,41.08,39.07,39.45,577203
2026-07-13,603799.SH,39.2,41.49,38.8,41.4,643839
2026-07-14,603799.SH,41.02,41.3,39.75,39.88,515467
2026-07-15,603799.SH,39,39.75,38.63,38.82,491331
2026-07-16,603799.SH,38.5,38.98,36.84,37,622363
2026-07-19,603799.SH,37.37,37.69,35.58,36.21,594710
2026-07-20,603799.SH,37.58,39.68,37.58,39.53,1095894
2026-07-21,603799.SH,39.51,41.07,39.03,39.8,913487
2026-07-22,603799.SH,39.8,41.92,39.6,41.55,930604
2026-07-23,603799.SH,40.52,40.87,39.18,39.31,641963
2026-07-26,603799.SH,39.5,40.29,39.18,40.07,460018
2026-07-27,603799.SH,39.3,39.98,38.89,39.28,397122
2026-07-28,603799.SH,39.31,40.78,38.41,40.3,615118
2026-07-29,603799.SH,40,40.66,39.55,39.93,515135
2026-07-30,603799.SH,40.3,40.94,39.83,39.91,617860
2026-08-02,603799.SH,39.66,40.05,38.9,39.56,520449
2026-08-03,603799.SH,39.65,40.86,39.65,40.78,606562
2026-08-04,603799.SH,40.6,42.09,40.57,42.02,707632
2026-08-05,603799.SH,42.18,42.5,40.87,41.4,835591
2026-08-06,603799.SH,43.29,44.4,42.11,44.01,1620425
2026-08-09,603799.SH,44.19,47.17,44.09,46.07,1574998
2026-08-10,603799.SH,45.2,45.2,43.6,43.62,1123897
2026-08-11,603799.SH,43.41,44.38,43.19,43.38,702657
2026-08-12,603799.SH,43.36,43.42,42.13,42.17,721885
2026-08-13,603799.SH,42.18,43.09,41.75,42.35,540403
2026-08-16,603799.SH,42.33,43.08,41.81,43.06,551285
2026-08-17,603799.SH,42.74,42.94,41.6,41.87,620151
2026-08-18,603799.SH,40.66,40.72,39.41,39.55,752297
2026-08-19,603799.SH,40.09,40.33,39.19,39.35,451532
2026-08-20,603799.SH,39.05,41.08,39.05,40.59,635803
2026-08-23,603799.SH,40.6,41.77,39.91,40.2,519290
2026-08-24,603799.SH,39.9,40,38.67,39.13,527170
2026-08-25,603799.SH,39.13,40.65,39.13,39.97,565703
2026-08-26,603799.SH,39.6,40.27,39.39,40.18,440985
2026-08-27,603799.SH,40.25,40.39,39.75,39.99,380496
2026-08-30,603799.SH,39.36,39.63,38.73,39.57,443654
2026-08-31,603799.SH,39.49,39.93,39.08,39.13,356074
2026-09-01,603799.SH,38.75,38.75,37.73,37.94,488569
2026-09-02,603799.SH,38.77,39.28,38.43,38.63,408614
2026-09-03,603799.SH,38.7,39.18,37.89,38.07,395358
2026-09-06,603799.SH,37.83,38.11,37.52,37.98,279085
2026-09-07,603799.SH,38.11,38.52,37.89,37.98,329486
2026-09-08,603799.SH,38.01,38.4,37.68,38.19,444215
2026-09-09,603799.SH,37.96,37.98,37.37,37.4,362342
2026-09-10,603799.SH,36.63,36.63,35.4,36.06,586903
2026-09-13,603799.SH,35.7,36.18,35.58,35.63,270870
2026-09-14,603799.SH,35.46,35.74,35.15,35.29,282889
2026-09-15,603799.SH,35.04,35.54,34.45,35.37,408937
2026-09-16,603799.SH,35,35.64,34.89,35.18,297945
2026-09-17,603799.SH,35.45,35.9,35.23,35.78,365025
2026-09-20,603799.SH,35.85,36.23,35.76,36.07,321290
2026-09-21,603799.SH,36.09,37.26,36.09,36.66,495298
2026-09-22,603799.SH,37,37.09,36.02,36.17,297621
2026-09-23,603799.SH,35.9,36.04,35.42,35.42,259836
2026-09-27,603799.SH,35.1,35.1,34.03,34.14,372379
2026-09-28,603799.SH,34.45,34.49,34.02,34.03,266105
2026-09-29,603799.SH,34.09,35.23,33.89,35,392303
2022-08-16,603011.SH,7.92,8.04,7.75,7.81,108738
2022-08-17,603011.SH,7.98,8.35,7.86,8.27,313021
2022-08-18,603011.SH,8.18,8.24,7.8,7.86,206192
2022-08-21,603011.SH,7.68,7.82,7.48,7.61,149076
2022-08-22,603011.SH,7.59,8.37,7.58,8.37,356746
2022-08-23,603011.SH,8.42,9.2,8.22,8.86,753692
2022-08-24,603011.SH,8.61,8.79,8.28,8.4,387436
2022-08-25,603011.SH,8.35,8.56,7.97,8.03,289120
2022-08-28,603011.SH,7.9,8.3,7.7,8.18,152584
2022-08-29,603011.SH,8.35,8.35,7.83,8.16,153902
2022-08-30,603011.SH,8.49,8.98,8.22,8.31,496140
2022-08-31,603011.SH,8.21,9.14,8.02,8.78,525793
2022-09-01,603011.SH,8.37,9.09,8.1,8.71,454754
2022-09-04,603011.SH,8.71,8.96,8.55,8.6,281527
2022-09-05,603011.SH,8.6,9.46,8.46,9.46,357594
2022-09-06,603011.SH,9.71,10.41,9.54,9.87,782687
2022-09-07,603011.SH,9.75,10,9.27,9.48,466987
2022-09-08,603011.SH,9.4,9.69,9.06,9.47,307173
2022-09-12,603011.SH,9.32,9.47,8.95,9.33,268424
2022-09-13,603011.SH,9.11,9.59,9.08,9.59,261889
2022-09-14,603011.SH,9.5,9.54,8.7,8.92,258763
2022-09-15,603011.SH,8.8,8.88,8.43,8.43,181691
2022-09-18,603011.SH,8.43,8.75,8.13,8.25,177691
2022-09-19,603011.SH,8.27,9.08,8.27,8.81,288484
2022-09-20,603011.SH,8.8,8.94,8.54,8.61,209418
2022-09-21,603011.SH,8.62,8.78,8.37,8.55,139587
2022-09-22,603011.SH,8.52,8.6,8.1,8.13,153603
2022-09-25,603011.SH,7.98,8.17,7.82,7.83,216952
2022-09-26,603011.SH,7.91,8.17,7.91,8.09,161897
2022-09-27,603011.SH,8.09,8.16,7.54,7.56,160079
2022-09-28,603011.SH,7.68,7.73,7.42,7.56,124125
2022-09-29,603011.SH,7.54,7.59,7.34,7.43,106437
2022-10-09,603011.SH,7.42,7.45,6.93,7.05,136262
2022-10-10,603011.SH,7.14,7.41,7.03,7.41,110786
2022-10-11,603011.SH,7.37,8.07,7.28,7.96,166699
2022-10-12,603011.SH,7.91,8.07,7.8,7.94,122634
2022-10-13,603011.SH,8.02,8.67,7.97,8.52,202848
2022-10-16,603011.SH,9.01,9.37,8.89,9.37,396922
2022-10-17,603011.SH,9.3,10.31,9.3,10.31,515569
2022-10-18,603011.SH,10.31,10.57,9.96,10.18,400769
2022-10-19,603011.SH,10.2,10.2,9.48,9.85,328181
2022-10-20,603011.SH,9.92,10.07,9.53,9.92,184478
2022-10-23,603011.SH,10.06,10.8,9.92,10.53,345640
2022-10-24,603011.SH,10.27,10.76,10.03,10.48,317971
2022-10-25,603011.SH,10.54,10.93,10.2,10.79,278643
2022-10-26,603011.SH,10.65,11.14,10.3,10.34,226117
2022-10-27,603011.SH,10.35,10.86,10.13,10.23,225737
2022-10-30,603011.SH,10.28,10.44,9.77,9.87,246281
2022-10-31,603011.SH,9.88,10.15,9.74,10.1,159600
2022-11-01,603011.SH,10.09,10.1,9.7,10,162247
2022-11-02,603011.SH,9.99,10.54,9.8,10.11,188620
2022-11-03,603011.SH,10.19,10.53,10.1,10.38,178187
2022-11-06,603011.SH,10.35,10.58,10.08,10.35,180929
2022-11-07,603011.SH,10.27,10.34,9.95,10.17,138187
2022-11-08,603011.SH,10.23,11.08,10.13,10.83,264670
2022-11-09,603011.SH,10.67,10.7,10,10.01,255059
2022-11-10,603011.SH,10.43,10.57,9.72,9.86,240926
2022-11-13,603011.SH,9.72,9.96,9.39,9.43,176769
2022-11-14,603011.SH,9.44,10.37,9.43,10.37,291197
2022-11-15,603011.SH,10.39,10.6,10.12,10.24,248216
2022-11-16,603011.SH,10.29,10.3,9.8,10.08,192551
2022-11-17,603011.SH,10.07,10.21,9.81,9.9,148119
2022-11-20,603011.SH,9.89,10.89,9.7,10.89,249850
2022-11-21,603011.SH,11.11,11.3,10.3,10.38,376347
2022-11-22,603011.SH,10.56,10.57,9.9,10.27,220913
2022-11-23,603011.SH,10.06,10.65,10.06,10.26,189480
2022-11-24,603011.SH,10.22,10.26,9.59,9.71,221591
2022-11-27,603011.SH,9.43,9.82,9.38,9.59,135686
2022-11-28,603011.SH,9.55,9.66,9.34,9.45,187051
2022-11-29,603011.SH,9.4,9.53,9.09,9.45,159300
2022-11-30,603011.SH,9.5,9.65,9.4,9.46,124423
2022-12-01,603011.SH,9.5,9.91,9.38,9.9,189676
2022-12-04,603011.SH,10,10,9.39,9.52,205396
2022-12-05,603011.SH,9.53,9.65,9.21,9.6,140384
2022-12-06,603011.SH,9.48,9.55,9.25,9.26,111851
2022-12-07,603011.SH,9.16,9.32,9.09,9.12,91374
2022-12-08,603011.SH,9.1,9.13,8.83,9,165312
2022-12-11,603011.SH,8.91,9.17,8.79,8.84,130548
2022-12-12,603011.SH,8.85,8.97,8.56,8.65,159290
2022-12-13,603011.SH,8.65,8.83,8.58,8.67,98831
2022-12-14,603011.SH,8.65,8.91,8.56,8.85,84111
2022-12-15,603011.SH,8.77,8.79,8.45,8.56,97192
2022-12-18,603011.SH,8.51,8.58,8.31,8.38,82312
2022-12-19,603011.SH,8.37,8.57,8.26,8.55,82198
2022-12-20,603011.SH,8.54,8.55,8.27,8.31,68168
2022-12-21,603011.SH,8.36,8.38,8.03,8.08,98887
2022-12-22,603011.SH,8.12,8.12,7.85,7.95,87018
2022-12-25,603011.SH,8,8.47,7.95,8.47,142487
2022-12-26,603011.SH,8.45,8.52,8.2,8.39,85582
2022-12-27,603011.SH,8.36,8.36,8.14,8.23,64782
2022-12-28,603011.SH,8.18,8.28,8.12,8.16,59383
2022-12-29,603011.SH,8.18,8.35,8.1,8.17,74344
2023-01-02,603011.SH,8.17,8.58,8.1,8.5,117459
2023-01-03,603011.SH,8.47,8.59,8.25,8.5,145271
2023-01-04,603011.SH,8.47,8.7,8.4,8.63,101888
2023-01-05,603011.SH,8.56,8.75,8.56,8.71,107796
2023-01-08,603011.SH,8.73,9.24,8.73,8.87,205588
2023-01-09,603011.SH,8.9,8.95,8.68,8.74,108293
2023-01-10,603011.SH,8.74,8.79,8.53,8.56,72188
2023-01-11,603011.SH,8.62,8.86,8.61,8.72,95021
2023-01-12,603011.SH,8.75,8.77,8.54,8.61,71452
2023-01-15,603011.SH,8.58,8.7,8.53,8.58,80248
2023-01-16,603011.SH,8.58,8.62,8.42,8.54,97034
2023-01-17,603011.SH,8.45,8.53,8.43,8.48,86810
2023-01-18,603011.SH,8.51,8.51,8.32,8.42,111922
2023-01-19,603011.SH,8.48,8.85,8.46,8.74,148216
2023-01-29,603011.SH,8.86,9.06,8.82,8.94,154743
2023-01-30,603011.SH,8.65,8.82,8.22,8.78,480309
2023-01-31,603011.SH,8.78,8.88,8.59,8.88,377405
2023-02-01,603011.SH,8.88,9.21,8.83,9.15,448736
2023-02-02,603011.SH,9.08,9.26,8.97,9.26,393711
2023-02-05,603011.SH,9.34,9.38,9.1,9.1,237144
2023-02-06,603011.SH,9.09,9.18,9.01,9.15,208189
2023-02-07,603011.SH,9.14,9.14,8.92,8.92,186075
2023-02-08,603011.SH,8.88,9.14,8.86,9.1,172371
2023-02-09,603011.SH,9.1,9.11,8.99,9.02,120942
2023-02-12,603011.SH,9.04,9.17,9.01,9.14,145877
2023-02-13,603011.SH,9.15,9.16,9.02,9.04,124181
2023-02-14,603011.SH,9.06,9.1,8.96,8.98,106947
2023-02-15,603011.SH,9.02,9.02,8.5,8.61,193583
2023-02-16,603011.SH,8.59,8.7,8.41,8.45,142462
2023-02-19,603011.SH,8.4,8.51,8.33,8.51,78015
2023-02-20,603011.SH,8.53,8.59,8.45,8.56,85901
2023-02-21,603011.SH,8.51,8.56,8.44,8.48,66780
2023-02-22,603011.SH,8.52,8.58,8.45,8.51,94531
2023-02-23,603011.SH,8.51,8.52,8.34,8.4,92185
2023-02-26,603011.SH,8.39,8.4,8.21,8.24,100110
2023-02-27,603011.SH,8.27,8.34,8.19,8.31,65399
2023-02-28,603011.SH,8.29,8.38,8.27,8.35,85441
2023-03-01,603011.SH,8.4,8.45,8.32,8.33,94405
2023-03-02,603011.SH,8.33,8.37,8.24,8.25,74241
2023-03-05,603011.SH,8.25,8.35,8.25,8.34,66751
2023-03-06,603011.SH,8.35,8.35,8.05,8.06,107300
2023-03-07,603011.SH,8.01,8.13,8,8.12,45009
2023-03-08,603011.SH,8.15,8.15,8,8.04,63499
2023-03-09,603011.SH,8.04,8.06,7.86,7.91,101190
2023-03-12,603011.SH,7.88,7.96,7.79,7.9,72592
2023-03-13,603011.SH,7.88,7.89,7.51,7.65,122322
2023-03-14,603011.SH,7.72,7.91,7.7,7.79,92201
2023-03-15,603011.SH,7.76,7.78,7.5,7.54,96408
2023-03-16,603011.SH,7.62,7.69,7.59,7.62,69188
2023-03-19,603011.SH,7.6,7.65,7.47,7.6,59491
2023-03-20,603011.SH,7.6,7.79,7.57,7.79,76151
2023-03-21,603011.SH,7.77,7.87,7.74,7.83,63529
2023-03-22,603011.SH,7.84,7.88,7.76,7.88,54718
2023-03-23,603011.SH,7.86,7.99,7.84,7.9,78986
2023-03-26,603011.SH,7.91,7.96,7.8,7.92,60185
2023-03-27,603011.SH,7.92,7.95,7.8,7.81,60966
2023-03-28,603011.SH,7.81,7.91,7.79,7.88,75051
2023-03-29,603011.SH,7.89,7.9,7.69,7.78,74076
2023-03-30,603011.SH,7.75,7.9,7.75,7.9,53757
2023-04-02,603011.SH,7.9,8.08,7.86,8.07,93549
2023-04-03,603011.SH,8.02,8.04,7.87,7.92,91524
2023-04-05,603011.SH,7.87,7.99,7.8,7.97,75146
2023-04-06,603011.SH,7.95,8.02,7.92,7.96,62026
2023-04-09,603011.SH,7.97,8.11,7.94,8.11,130159
2023-04-10,603011.SH,8.13,8.15,7.9,7.92,126104
2023-04-11,603011.SH,7.9,8.15,7.9,8.14,138283
2023-04-12,603011.SH,8.15,8.15,7.96,7.99,97017
2023-04-13,603011.SH,8.01,8.05,7.87,7.92,77577
2023-04-16,603011.SH,7.94,7.96,7.85,7.9,54733
2023-04-17,603011.SH,7.9,7.9,7.7,7.74,70123
2023-04-18,603011.SH,6.97,7,6.97,6.97,121476
2023-04-19,603011.SH,6.5,6.8,6.5,6.76,238591
2023-04-20,603011.SH,6.68,6.84,6.46,6.55,179059
2023-04-23,603011.SH,6.57,6.72,6.31,6.57,137864
2023-04-24,603011.SH,6.51,6.6,6.29,6.35,123969
2023-04-25,603011.SH,6.29,6.41,6.21,6.31,158518
2023-04-26,603011.SH,6.26,6.51,6.26,6.42,116352
2023-04-27,603011.SH,6.41,6.6,6.35,6.56,121829
2023-05-03,603011.SH,6.53,6.68,6.52,6.55,96324
2023-05-04,603011.SH,6.6,6.6,6.32,6.42,78035
2023-05-07,603011.SH,6.42,6.51,6.3,6.46,128554
2023-05-08,603011.SH,6.45,6.46,6.28,6.28,84766
2023-05-09,603011.SH,6.29,6.47,6.26,6.46,84707
2023-05-10,603011.SH,6.48,6.59,6.43,6.5,60629
2023-05-11,603011.SH,6.51,6.57,6.41,6.43,39761
2023-05-14,603011.SH,6.43,6.5,6.38,6.47,45588
2023-05-15,603011.SH,6.47,6.53,6.4,6.43,44363
2023-05-16,603011.SH,6.42,6.6,6.4,6.6,82204
2023-05-17,603011.SH,6.61,6.82,6.59,6.73,88877
2023-05-18,603011.SH,6.74,6.84,6.66,6.82,67093
2023-05-21,603011.SH,6.82,6.92,6.76,6.9,59286
2023-05-22,603011.SH,6.87,6.94,6.78,6.84,56740
2023-05-23,603011.SH,6.79,6.96,6.76,6.91,53673
2023-05-24,603011.SH,6.88,6.97,6.81,6.91,59026
2023-05-25,603011.SH,6.93,6.95,6.78,6.92,58052
2023-05-28,603011.SH,6.92,6.96,6.76,6.78,50850
2023-05-29,603011.SH,6.85,7.46,6.76,7.05,314951
2023-05-30,603011.SH,7.06,7.06,6.78,6.84,224698
2023-05-31,603011.SH,6.88,6.92,6.73,6.82,120140
2023-06-01,603011.SH,6.83,6.86,6.77,6.8,73059
2023-06-04,603011.SH,6.8,6.87,6.76,6.81,52426
2023-06-05,603011.SH,6.79,6.79,6.52,6.54,89258
2023-06-06,603011.SH,6.62,6.65,6.52,6.61,39193
2023-06-07,603011.SH,6.58,6.64,6.45,6.47,62398
2023-06-08,603011.SH,6.43,6.57,6.43,6.51,38050
2023-06-11,603011.SH,6.52,6.96,6.42,6.7,170769
2023-06-12,603011.SH,6.81,7.37,6.67,7.37,363884
2023-06-13,603011.SH,7.3,7.42,7,7.21,480399
2023-06-14,603011.SH,7.21,7.91,7.09,7.45,645038
2023-06-15,603011.SH,7.28,7.43,7.18,7.3,410527
2023-06-18,603011.SH,7.4,7.72,7.38,7.63,482161
2023-06-19,603011.SH,7.42,7.57,7.32,7.51,297705
2023-06-20,603011.SH,7.41,8,7.37,7.63,382231
2023-06-25,603011.SH,7.69,8.08,7.55,7.78,427828
2023-06-26,603011.SH,7.8,7.8,7.45,7.67,293401
2023-06-27,603011.SH,7.65,7.75,7.34,7.54,246512
2023-06-28,603011.SH,7.5,7.98,7.46,7.85,393200
2023-06-29,603011.SH,7.69,7.97,7.63,7.9,350955
2023-07-02,603011.SH,7.91,8.05,7.71,7.75,254588
2023-07-03,603011.SH,7.81,7.94,7.7,7.8,257095
2023-07-04,603011.SH,7.61,7.73,7.43,7.49,253522
2023-07-05,603011.SH,7.54,7.6,7.39,7.5,162517
2023-07-06,603011.SH,7.42,7.53,7.37,7.37,125199
2023-07-09,603011.SH,7.37,7.45,7.26,7.27,108982
2023-07-10,603011.SH,7.31,7.39,7.25,7.38,73751
2023-07-11,603011.SH,7.33,7.37,7.14,7.16,108560
2023-07-12,603011.SH,7.2,7.21,7.09,7.19,80906
2023-07-13,603011.SH,7.16,7.26,7.1,7.2,64938
2023-07-16,603011.SH,7.17,7.18,7.02,7.08,73781
2023-07-17,603011.SH,7.1,7.22,7.03,7.15,69990
2023-07-18,603011.SH,7.12,7.19,6.94,7.03,92475
2023-07-19,603011.SH,7.05,7.12,6.96,6.96,69500
2023-07-20,603011.SH,6.96,6.99,6.83,6.83,74360
2023-07-23,603011.SH,6.83,6.94,6.78,6.86,35262
2023-07-24,603011.SH,6.93,6.99,6.9,6.97,57949
2023-07-25,603011.SH,6.95,6.97,6.79,6.82,57149
2023-07-26,603011.SH,6.84,6.93,6.79,6.8,42753
2023-07-27,603011.SH,6.8,6.93,6.68,6.88,62698
2023-07-30,603011.SH,6.89,6.97,6.89,6.94,50334
2023-07-31,603011.SH,6.94,6.95,6.85,6.9,42874
2023-08-01,603011.SH,6.88,6.94,6.85,6.9,31964
2023-08-02,603011.SH,6.89,6.9,6.78,6.84,42399
2023-08-03,603011.SH,6.85,6.9,6.81,6.89,58743
2023-08-06,603011.SH,6.84,6.89,6.77,6.79,47949
2023-08-07,603011.SH,6.77,6.82,6.69,6.7,41508
2023-08-08,603011.SH,6.68,6.73,6.64,6.67,28241
2023-08-09,603011.SH,6.65,6.7,6.62,6.66,34575
2023-08-10,603011.SH,6.66,6.69,6.56,6.57,37782
2023-08-13,603011.SH,6.55,6.62,6.45,6.62,35889
2023-08-14,603011.SH,6.61,6.65,6.53,6.58,26827
2023-08-15,603011.SH,6.52,6.57,6.45,6.45,28797
2023-08-16,603011.SH,6.44,6.63,6.39,6.62,54516
2023-08-17,603011.SH,6.61,6.66,6.52,6.52,27832
2023-08-20,603011.SH,6.52,6.6,6.45,6.48,28809
2023-08-21,603011.SH,6.48,6.54,6.29,6.46,60365
2023-08-22,603011.SH,6.42,6.47,6.32,6.37,36094
2023-08-23,603011.SH,6.36,6.42,6.26,6.31,30453
2023-08-24,603011.SH,6.31,6.32,6.09,6.1,54656
2023-08-27,603011.SH,6.5,6.51,6.05,6.06,70197
2023-08-28,603011.SH,6,6.45,6,6.43,124018
2023-08-29,603011.SH,6.46,6.63,6.39,6.56,79765
2023-08-30,603011.SH,6.57,6.64,6.52,6.55,52284
2023-08-31,603011.SH,6.58,6.61,6.49,6.56,38703
2023-09-03,603011.SH,6.59,6.68,6.53,6.68,55393
2023-09-04,603011.SH,6.68,6.74,6.64,6.68,47099
2023-09-05,603011.SH,6.66,6.72,6.64,6.72,33387
2023-09-06,603011.SH,6.72,6.73,6.56,6.56,44622
2023-09-07,603011.SH,6.55,6.67,6.5,6.6,65535
2023-09-10,603011.SH,6.6,6.62,6.51,6.6,43046
2023-09-11,603011.SH,6.56,6.69,6.55,6.64,38471
2023-09-12,603011.SH,6.6,6.62,6.46,6.51,45072
2023-09-13,603011.SH,6.5,6.55,6.39,6.45,38886
2023-09-14,603011.SH,6.45,6.51,6.4,6.43,31232
2023-09-17,603011.SH,6.4,6.6,6.35,6.56,43643
2023-09-18,603011.SH,6.54,6.56,6.44,6.44,38136
2023-09-19,603011.SH,6.44,6.51,6.4,6.4,31754
2023-09-20,603011.SH,6.4,6.44,6.33,6.36,32595
2023-09-21,603011.SH,6.32,6.58,6.3,6.56,54387
2023-09-24,603011.SH,6.64,6.73,6.58,6.64,75843
2023-09-25,603011.SH,6.62,6.85,6.61,6.8,161396
2023-09-26,603011.SH,6.98,6.98,6.78,6.79,141610
2023-09-27,603011.SH,6.95,7.47,6.9,6.98,257146
2023-10-08,603011.SH,6.88,6.95,6.71,6.84,178757
2023-10-09,603011.SH,6.93,6.93,6.79,6.87,125013
2023-10-10,603011.SH,6.87,6.9,6.75,6.77,87391
2023-10-11,603011.SH,6.77,6.8,6.69,6.77,67381
2023-10-12,603011.SH,6.72,7.03,6.69,6.99,185738
2023-10-15,603011.SH,7.02,7.05,6.79,6.87,108021
2023-10-16,603011.SH,6.83,6.86,6.75,6.78,63898
2023-10-17,603011.SH,6.73,6.8,6.66,6.68,59751
2023-10-18,603011.SH,6.63,6.75,6.61,6.61,44762
2023-10-19,603011.SH,6.56,6.72,6.56,6.57,43054
2023-10-22,603011.SH,6.58,6.6,6.33,6.36,48673
2023-10-23,603011.SH,6.38,6.54,6.37,6.5,37705
2023-10-24,603011.SH,6.53,6.72,6.53,6.69,48142
2023-10-25,603011.SH,6.63,6.74,6.55,6.72,40747
2023-10-26,603011.SH,6.67,6.91,6.62,6.86,81116
2023-10-29,603011.SH,6.84,6.92,6.82,6.9,62140
2023-10-30,603011.SH,6.89,6.94,6.8,6.84,48602
2023-10-31,603011.SH,6.86,7.06,6.79,7,76534
2023-11-01,603011.SH,6.98,7.02,6.87,6.88,62533
2023-11-02,603011.SH,6.88,7.09,6.88,7.05,87305
2023-11-05,603011.SH,7.09,7.13,7.05,7.11,69849
2023-11-06,603011.SH,7.1,7.15,7.03,7.11,79227
2023-11-07,603011.SH,7.15,7.15,7.01,7.05,61104
2023-11-08,603011.SH,7.06,7.08,6.96,6.97,60869
2023-11-09,603011.SH,6.98,7.01,6.93,7,44755
2023-11-12,603011.SH,7.03,7.12,7.01,7.12,55598
2023-11-13,603011.SH,7.12,7.15,7.06,7.11,38729
2023-11-14,603011.SH,7.14,7.19,7.1,7.16,54362
2023-11-15,603011.SH,7.17,7.17,7.07,7.08,41576
2023-11-16,603011.SH,7.06,7.18,7.04,7.14,74616
2023-11-19,603011.SH,7.17,7.39,7.16,7.36,118393
2023-11-20,603011.SH,7.38,7.38,7.19,7.23,84197
2023-11-21,603011.SH,7.23,7.28,7.11,7.11,58274
2023-11-22,603011.SH,7.11,7.23,7.11,7.2,48570
2023-11-23,603011.SH,7.2,7.2,7.04,7.13,64960
2023-11-26,603011.SH,7.15,7.84,7.14,7.84,640551
2023-11-27,603011.SH,7.7,8,7.58,7.95,705943
2023-11-28,603011.SH,7.92,7.95,7.69,7.73,337355
2023-11-29,603011.SH,7.71,8.17,7.56,7.78,495501
2023-11-30,603011.SH,7.77,8.1,7.68,7.91,580567
2023-12-03,603011.SH,7.85,8.05,7.75,7.91,438304
2023-12-04,603011.SH,7.97,7.98,7.7,7.75,295083
2023-12-05,603011.SH,7.6,7.64,7.42,7.52,328013
2023-12-06,603011.SH,7.48,7.5,7.26,7.3,249588
2023-12-07,603011.SH,7.34,7.58,7.28,7.35,218425
2023-12-10,603011.SH,7.28,7.43,7.15,7.38,145998
2023-12-11,603011.SH,7.36,7.42,7.26,7.29,132634
2023-12-12,603011.SH,7.35,7.52,7.34,7.45,208778
2023-12-13,603011.SH,7.48,7.58,7.38,7.39,177060
2023-12-14,603011.SH,7.31,7.5,7.24,7.49,178010
2023-12-17,603011.SH,7.42,7.49,7.27,7.34,104629
2023-12-18,603011.SH,7.3,7.46,7.2,7.38,84780
2023-12-19,603011.SH,7.36,7.54,7.34,7.39,98954
2023-12-20,603011.SH,7.28,7.42,7.11,7.4,124782
2023-12-21,603011.SH,7.4,7.56,7.26,7.35,110483
2023-12-24,603011.SH,7.3,7.41,7.25,7.31,65227
2023-12-25,603011.SH,7.31,7.32,6.98,7.04,116703
2023-12-26,603011.SH,7.04,7.17,7.01,7.14,66368
2023-12-27,603011.SH,7.07,7.21,6.87,7.09,127560
2023-12-28,603011.SH,7.09,7.72,7.02,7.52,224881
2024-01-01,603011.SH,8.27,8.27,7.8,8.27,494735
2024-01-02,603011.SH,8.38,8.55,7.96,7.97,830464
2024-01-03,603011.SH,7.78,8.14,7.78,8.02,488144
2024-01-04,603011.SH,7.89,8.02,7.51,7.55,425849
2024-01-07,603011.SH,7.53,7.57,7.25,7.37,232125
2024-01-08,603011.SH,7.41,7.98,7.41,7.8,394366
2024-01-09,603011.SH,7.7,7.75,7.49,7.68,267403
2024-01-10,603011.SH,7.72,7.76,7.49,7.67,210343
2024-01-11,603011.SH,7.66,7.8,7.37,7.38,198050
2024-01-14,603011.SH,7.3,7.37,7.08,7.11,179882
2024-01-15,603011.SH,7.11,7.15,6.79,6.89,155322
2024-01-16,603011.SH,6.89,6.9,6.64,6.66,100421
2024-01-17,603011.SH,6.6,6.72,6.33,6.56,136377
2024-01-18,603011.SH,6.52,6.6,6.4,6.4,74637
2024-01-21,603011.SH,6.38,6.43,5.96,5.99,134545
2024-01-22,603011.SH,6.02,6.12,5.84,6.06,86352
2024-01-23,603011.SH,6.19,6.27,5.99,6.19,109751
2024-01-24,603011.SH,6.26,6.75,6.21,6.63,208952
2024-01-25,603011.SH,6.58,6.69,6.44,6.46,136242
2024-01-28,603011.SH,6.49,6.5,6.17,6.17,97122
2024-01-29,603011.SH,6.13,6.29,6.04,6.11,74289
2024-01-30,603011.SH,6.14,6.2,5.68,5.68,113144
2024-01-31,603011.SH,5.58,5.7,5.44,5.5,116153
2024-02-01,603011.SH,5.53,5.69,5.09,5.3,123064
2024-02-04,603011.SH,5.2,5.24,4.77,4.77,153534
2024-02-05,603011.SH,4.64,5.05,4.41,5.01,152457
2024-02-06,603011.SH,5.04,5.11,4.66,4.78,165296
2024-02-07,603011.SH,4.78,5.26,4.73,5.26,162633
2024-02-18,603011.SH,5.35,5.54,5.26,5.53,161311
2024-02-19,603011.SH,5.46,5.61,5.3,5.55,133487
2024-02-20,603011.SH,5.47,6.11,5.45,6.11,156966
2024-02-21,603011.SH,6.2,6.72,5.97,6.72,600059
2024-02-22,603011.SH,7.07,7.39,6.85,7.39,787418
2024-02-25,603011.SH,7.8,8.13,7.6,8.13,665962
2024-02-26,603011.SH,8.43,8.44,7.32,7.64,908194
2024-02-27,603011.SH,7.46,8.4,7.46,7.71,1495809
2024-02-28,603011.SH,7.26,7.73,6.98,7.43,1067546
2024-02-29,603011.SH,7.43,7.66,7.16,7.24,841027
2024-03-03,603011.SH,7.2,7.84,6.9,7.61,883983
2024-03-04,603011.SH,7.4,8.26,7.33,7.89,897555
2024-03-05,603011.SH,7.94,8.38,7.7,7.77,808818
2024-03-06,603011.SH,7.78,7.97,7.46,7.64,590450
2024-03-07,603011.SH,7.58,7.65,7.35,7.56,341094
2024-03-10,603011.SH,7.49,7.63,7.33,7.55,300935
2024-03-11,603011.SH,7.55,8.25,7.53,7.9,648413
2024-03-12,603011.SH,7.79,7.89,7.56,7.61,415815
2024-03-13,603011.SH,7.77,8.37,7.69,8.37,562063
2024-03-14,603011.SH,9.1,9.21,8.9,9.21,299626
2024-03-17,603011.SH,10.13,10.13,10.13,10.13,46752
2024-03-18,603011.SH,10.4,11.14,9.56,9.57,1690444
2024-03-19,603011.SH,9.31,9.76,9.04,9.53,1098429
2024-03-20,603011.SH,9.22,9.25,8.85,8.91,839808
2024-03-21,603011.SH,8.78,9.17,8.74,9.06,558092
2024-03-24,603011.SH,8.93,8.94,8.15,8.21,559104
2024-03-25,603011.SH,8.09,8.21,7.77,7.92,419040
2024-03-26,603011.SH,8.01,8.15,7.84,7.89,378666
2024-03-27,603011.SH,7.88,8.28,7.88,8.25,399133
2024-03-28,603011.SH,8.15,8.34,8.07,8.2,288180
2024-03-31,603011.SH,8.29,8.48,8.17,8.45,356692
2024-04-01,603011.SH,8.38,8.39,8.11,8.14,289659
2024-04-02,603011.SH,8.1,8.21,7.85,7.86,244009
2024-04-07,603011.SH,7.73,7.87,7.65,7.65,175277
2024-04-08,603011.SH,7.65,7.8,7.58,7.68,135110
2024-04-09,603011.SH,7.79,8.27,7.79,7.98,416518
2024-04-10,603011.SH,7.82,8.24,7.7,8.15,339648
2024-04-11,603011.SH,8.16,8.19,7.75,7.83,251384
2024-04-14,603011.SH,7.77,7.79,7.05,7.14,333772
2024-04-15,603011.SH,7.03,7.1,6.43,6.43,296945
2024-04-16,603011.SH,6.49,6.99,6.49,6.96,261666
2024-04-17,603011.SH,6.95,7.06,6.77,6.92,212886
2024-04-18,603011.SH,6.86,6.99,6.76,6.89,162574
2024-04-21,603011.SH,6.84,6.92,6.64,6.82,119820
2024-04-22,603011.SH,6.82,6.99,6.79,6.93,124585
2024-04-23,603011.SH,6.87,7.15,6.84,7.07,246234
2024-04-24,603011.SH,6.98,7.1,6.91,7.01,149316
2024-04-25,603011.SH,6.99,7.71,6.97,7.53,550188
2024-04-28,603011.SH,7.44,8.28,7.44,8.16,777025
2024-04-29,603011.SH,7.95,8,7.5,7.56,566649
2024-05-05,603011.SH,7.67,7.74,7.49,7.63,297022
2024-05-06,603011.SH,7.56,7.72,7.55,7.67,257327
2024-05-07,603011.SH,7.62,7.96,7.5,7.93,434112
2024-05-08,603011.SH,7.8,8.6,7.74,8.01,528158
2024-05-09,603011.SH,8.12,8.4,8.06,8.15,449490
2024-05-12,603011.SH,7.98,8,7.61,7.64,341095
2024-05-13,603011.SH,7.65,7.74,7.4,7.49,252089
2024-05-14,603011.SH,7.42,7.53,7.28,7.38,147857
2024-05-15,603011.SH,7.43,7.53,7.4,7.43,138491
2024-05-16,603011.SH,7.4,7.54,7.33,7.54,151717
2024-05-19,603011.SH,7.43,7.43,6.79,7.07,563760
2024-05-20,603011.SH,6.92,6.98,6.82,6.89,202732
2024-05-21,603011.SH,6.86,6.94,6.82,6.87,125893
2024-05-22,603011.SH,6.86,6.86,6.68,6.69,149069
2024-05-23,603011.SH,6.68,6.73,6.55,6.57,130266
2024-05-26,603011.SH,6.58,6.63,6.3,6.51,164261
2024-05-27,603011.SH,6.46,6.55,6.4,6.47,102146
2024-05-28,603011.SH,6.44,6.53,6.38,6.47,91010
2024-05-29,603011.SH,6.42,6.59,6.34,6.57,155516
2024-05-30,603011.SH,6.55,6.68,6.53,6.64,145032
2024-06-02,603011.SH,6.57,6.64,6.32,6.35,161752
2024-06-03,603011.SH,6.35,6.35,6.11,6.23,136519
2024-06-04,603011.SH,6.2,6.2,6.04,6.06,102676
2024-06-05,603011.SH,6.06,6.11,5.62,5.72,198096
2024-06-06,603011.SH,5.8,5.96,5.8,5.95,138828
2024-06-10,603011.SH,6,6.01,5.8,5.93,89217
2024-06-11,603011.SH,5.94,6.11,5.93,6.11,93433
2024-06-12,603011.SH,6.12,6.16,6.05,6.08,82276
2024-06-13,603011.SH,6.09,6.12,6.02,6.1,77186
2024-06-16,603011.SH,6.04,6.12,6.01,6.06,54609
2024-06-17,603011.SH,6.06,6.21,6.05,6.2,95726
2024-06-18,603011.SH,6.23,6.32,6.14,6.15,81622
2024-06-19,603011.SH,6.15,6.18,5.93,5.93,84772
2024-06-20,603011.SH,5.91,5.99,5.84,5.89,59479
2024-06-23,603011.SH,5.8,5.85,5.61,5.61,86807
2024-06-24,603011.SH,5.67,5.82,5.63,5.75,100508
2024-06-25,603011.SH,5.75,5.96,5.63,5.95,91479
2024-06-26,603011.SH,5.88,6.02,5.79,5.8,86851
2024-06-27,603011.SH,5.82,6.02,5.76,5.93,93961
2024-06-30,603011.SH,5.91,5.95,5.76,5.89,74040
2024-07-01,603011.SH,5.87,5.95,5.85,5.87,60988
2024-07-02,603011.SH,5.88,5.89,5.76,5.77,50775
2024-07-03,603011.SH,5.8,5.86,5.6,5.6,72392
2024-07-04,603011.SH,5.66,5.71,5.48,5.65,49827
2024-07-07,603011.SH,5.6,5.69,5.45,5.48,62458
2024-07-08,603011.SH,5.5,5.62,5.37,5.61,68420
2024-07-09,603011.SH,5.55,5.65,5.46,5.49,58966
2024-07-10,603011.SH,5.68,5.72,5.59,5.72,91771
2024-07-11,603011.SH,5.7,5.72,5.63,5.67,56785
2024-07-14,603011.SH,5.67,5.67,5.46,5.5,52411
2024-07-15,603011.SH,5.5,5.54,5.41,5.48,36727
2024-07-16,603011.SH,5.46,5.49,5.35,5.36,55292
2024-07-17,603011.SH,5.35,5.42,5.2,5.4,69390
2024-07-18,603011.SH,5.39,5.49,5.3,5.43,51067
2024-07-21,603011.SH,5.43,5.56,5.43,5.52,55953
2024-07-22,603011.SH,5.55,5.59,5.39,5.4,45971
2024-07-23,603011.SH,5.4,5.53,5.33,5.41,62578
2024-07-24,603011.SH,5.41,5.55,5.35,5.47,52838
2024-07-25,603011.SH,5.48,5.7,5.48,5.68,101302
2024-07-28,603011.SH,5.69,5.85,5.68,5.72,99074
2024-07-29,603011.SH,5.7,6.08,5.63,5.86,178387
2024-07-30,603011.SH,5.8,6.08,5.78,6.07,177726
2024-07-31,603011.SH,6.1,6.24,6.08,6.15,212186
2024-08-01,603011.SH,6.1,6.14,5.93,5.95,153911
2024-08-04,603011.SH,5.93,6.01,5.69,5.7,113367
2024-08-05,603011.SH,5.76,5.97,5.76,5.86,103255
2024-08-06,603011.SH,5.85,5.96,5.82,5.86,73776
2024-08-07,603011.SH,5.85,5.85,5.69,5.74,75356
2024-08-08,603011.SH,5.74,5.82,5.68,5.68,49755
2024-08-11,603011.SH,5.64,5.68,5.55,5.58,48194
2024-08-12,603011.SH,5.59,5.65,5.51,5.64,42377
2024-08-13,603011.SH,5.6,5.69,5.6,5.67,48808
2024-08-14,603011.SH,5.66,5.75,5.59,5.71,53709
2024-08-15,603011.SH,5.73,5.76,5.68,5.7,48286
2024-08-18,603011.SH,5.68,5.74,5.61,5.63,44218
2024-08-19,603011.SH,5.66,5.71,5.48,5.51,54448
2024-08-20,603011.SH,5.45,5.67,5.45,5.62,62699
2024-08-21,603011.SH,5.62,5.67,5.43,5.44,47075
2024-08-22,603011.SH,5.41,5.46,5.34,5.4,41544
2024-08-25,603011.SH,5.4,5.51,5.37,5.46,44004
2024-08-26,603011.SH,5.4,5.45,5.25,5.26,54927
2024-08-27,603011.SH,5.31,5.39,5.22,5.32,47535
2024-08-28,603011.SH,5.32,5.52,5.28,5.5,60711
2024-08-29,603011.SH,5.55,5.68,5.46,5.61,62072
2024-09-01,603011.SH,5.58,5.67,5.49,5.5,56356
2024-09-02,603011.SH,5.49,5.63,5.47,5.57,42211
2024-09-03,603011.SH,5.54,5.59,5.51,5.51,37172
2024-09-04,603011.SH,5.56,5.63,5.52,5.58,39141
2024-09-05,603011.SH,5.59,5.61,5.42,5.42,47533
2024-09-08,603011.SH,5.41,5.47,5.34,5.43,34324
2024-09-09,603011.SH,5.44,5.52,5.36,5.49,37666
2024-09-10,603011.SH,5.45,5.54,5.45,5.5,38344
2024-09-11,603011.SH,5.48,5.59,5.48,5.55,48581
2024-09-12,603011.SH,5.52,5.56,5.38,5.39,47184
2024-09-17,603011.SH,5.4,5.44,5.25,5.35,41791
2024-09-18,603011.SH,5.36,5.53,5.35,5.51,45716
2024-09-19,603011.SH,5.51,5.54,5.46,5.5,34713
2024-09-22,603011.SH,5.48,5.54,5.43,5.51,35158
2024-09-23,603011.SH,5.54,5.85,5.51,5.76,126007
2024-09-24,603011.SH,5.8,5.89,5.74,5.75,140225
2024-09-25,603011.SH,5.75,5.87,5.7,5.87,91304
2024-09-26,603011.SH,5.91,6.14,5.9,6.12,120774
2024-09-29,603011.SH,6.38,6.7,6.18,6.66,315842
2024-10-07,603011.SH,7.33,7.33,6.66,7.07,381357
2024-10-08,603011.SH,6.9,6.9,6.37,6.38,237724
2024-10-09,603011.SH,6.44,6.9,6.27,6.58,228978
2024-10-10,603011.SH,6.55,6.57,6.1,6.19,175903
2024-10-13,603011.SH,6.25,6.4,6.18,6.38,139806
2024-10-14,603011.SH,6.36,6.45,6.28,6.29,119688
2024-10-15,603011.SH,6.19,6.35,6.17,6.25,79858
2024-10-16,603011.SH,6.31,6.52,6.3,6.34,122880
2024-10-17,603011.SH,6.33,6.97,6.31,6.97,302151
2024-10-20,603011.SH,7.31,7.4,7.07,7.18,762883
2024-10-21,603011.SH,7.1,7.77,7.1,7.25,566746
2024-10-22,603011.SH,7.18,7.5,7.11,7.48,501060
2024-10-23,603011.SH,7.7,7.98,7.3,7.41,531205
2024-10-24,603011.SH,7.48,7.56,7.29,7.36,400589
2024-10-27,603011.SH,7.34,7.66,7.24,7.51,382301
2024-10-28,603011.SH,7.47,7.55,7.25,7.25,236943
2024-10-29,603011.SH,7.09,7.42,7.07,7.32,210426
2024-10-30,603011.SH,7.35,7.47,7.3,7.43,266222
2024-10-31,603011.SH,7.55,7.6,7.07,7.1,261067
2024-11-03,603011.SH,7.07,7.35,7.07,7.3,152035
2024-11-04,603011.SH,7.35,7.62,7.25,7.55,358705
2024-11-05,603011.SH,7.57,7.63,7.44,7.48,262715
2024-11-06,603011.SH,7.51,7.86,7.47,7.78,384158
2024-11-07,603011.SH,7.78,7.86,7.59,7.63,272174
2024-11-10,603011.SH,7.6,7.97,7.58,7.95,305691
2024-11-11,603011.SH,7.99,8.04,7.52,7.61,296398
2024-11-12,603011.SH,7.59,7.64,7.36,7.58,155299
2024-11-13,603011.SH,7.54,8.34,7.46,7.78,668731
2024-11-14,603011.SH,7.69,8.06,7.62,7.74,475285
2024-11-17,603011.SH,7.7,8.05,7.42,7.54,369699
2024-11-18,603011.SH,7.38,8.29,7.38,8.29,837209
2024-11-19,603011.SH,8.2,8.99,8.1,8.59,1088257
2024-11-20,603011.SH,8.35,9.33,8.26,8.95,946646
2024-11-21,603011.SH,8.95,9.18,8.15,8.2,848208
2024-11-24,603011.SH,8.21,8.38,7.88,8.08,479976
2024-11-25,603011.SH,8.04,8.06,7.61,7.66,400908
2024-11-26,603011.SH,7.6,7.7,7.25,7.69,331208
2024-11-27,603011.SH,7.67,7.99,7.53,7.7,320495
2024-11-28,603011.SH,7.75,7.89,7.56,7.79,265364
2024-12-01,603011.SH,7.8,8.06,7.8,7.97,295166
2024-12-02,603011.SH,7.98,8.19,7.95,8.08,330106
2024-12-03,603011.SH,8.04,8.33,7.96,8.22,404238
2024-12-04,603011.SH,8.25,8.55,8.19,8.43,391627
2024-12-05,603011.SH,8.37,8.41,8.17,8.28,332050
2024-12-08,603011.SH,8.21,8.41,8.11,8.31,234166
2024-12-09,603011.SH,8.53,8.53,8.18,8.19,269768
2024-12-10,603011.SH,8.15,8.46,8.15,8.42,303433
2024-12-11,603011.SH,8.41,8.43,8.21,8.31,216093
2024-12-12,603011.SH,8.25,8.28,7.94,7.95,254905
2024-12-15,603011.SH,8,8.03,7.75,7.8,156118
2024-12-16,603011.SH,7.8,7.81,7.38,7.43,176880
2024-12-17,603011.SH,7.43,7.5,7.25,7.38,143288
2024-12-18,603011.SH,7.3,7.8,7.26,7.53,230653
2024-12-19,603011.SH,7.53,7.65,7.45,7.55,138318
2024-12-22,603011.SH,7.58,7.59,7.05,7.08,191308
2024-12-23,603011.SH,7.18,7.23,6.94,7.09,126946
2024-12-24,603011.SH,7.06,7.07,6.74,6.8,162290
2024-12-25,603011.SH,6.84,7.05,6.79,6.99,117907
2024-12-26,603011.SH,7,7.31,6.98,7.13,141211
2024-12-29,603011.SH,7.07,7.37,7.05,7.1,143024
2024-12-30,603011.SH,7.08,7.2,6.85,6.85,137952
2025-01-01,603011.SH,6.84,6.93,6.58,6.66,110270
2025-01-02,603011.SH,6.65,6.75,6.41,6.43,117244
2025-01-05,603011.SH,6.47,6.5,6.19,6.35,88995
2025-01-06,603011.SH,6.37,6.98,6.31,6.88,268152
2025-01-07,603011.SH,6.72,6.78,6.45,6.69,216828
2025-01-08,603011.SH,6.61,7.06,6.6,6.87,178024
2025-01-09,603011.SH,6.84,7.02,6.66,6.66,152510
2025-01-12,603011.SH,6.62,6.83,6.39,6.76,132942
2025-01-13,603011.SH,6.76,7.26,6.76,7.19,197161
2025-01-14,603011.SH,7.22,7.24,7.09,7.11,125318
2025-01-15,603011.SH,7.12,7.27,7.04,7.15,132268
2025-01-16,603011.SH,7.15,7.2,7.04,7.07,89702
2025-01-19,603011.SH,6.9,7.12,6.7,7.06,240661
2025-01-20,603011.SH,7.2,7.48,6.98,7.06,206673
2025-01-21,603011.SH,7.1,7.29,7.05,7.06,182628
2025-01-22,603011.SH,7.17,7.27,7,7.01,179808
2025-01-23,603011.SH,6.97,7.15,6.89,7.13,126285
2025-01-26,603011.SH,7.14,7.21,6.8,6.81,131093
2025-02-04,603011.SH,6.9,7.06,6.83,7.04,119674
2025-02-05,603011.SH,7.02,7.31,7,7.26,123982
2025-02-06,603011.SH,7.3,7.47,7.23,7.36,168396
2025-02-09,603011.SH,7.34,7.37,7.24,7.34,120669
2025-02-10,603011.SH,7.36,7.38,7.2,7.27,121855
2025-02-11,603011.SH,7.26,7.59,7.24,7.41,194419
2025-02-12,603011.SH,7.41,7.46,7.24,7.28,169123
2025-02-13,603011.SH,7.28,7.42,7.21,7.24,121444
2025-02-16,603011.SH,7.24,7.41,7.23,7.41,136498
2025-02-17,603011.SH,7.47,7.48,7.23,7.25,125668
2025-02-18,603011.SH,7.28,7.98,7.23,7.98,122669
2025-02-19,603011.SH,8.34,8.53,8.04,8.08,927979
2025-02-20,603011.SH,8,8.09,7.85,7.93,429880
2025-02-23,603011.SH,7.91,8.07,7.85,7.99,309024
2025-02-24,603011.SH,7.8,8.16,7.73,8.06,312598
2025-02-25,603011.SH,8.06,8.15,8.01,8.09,294351
2025-02-26,603011.SH,8.11,8.14,7.87,8.01,213135
2025-02-27,603011.SH,7.96,7.96,7.6,7.63,205105
2025-03-02,603011.SH,7.7,8.39,7.68,8.39,493970
2025-03-03,603011.SH,8.29,8.87,8.22,8.5,825202
2025-03-04,603011.SH,8.41,8.68,8.41,8.46,458930
2025-03-05,603011.SH,8.58,8.59,8.42,8.45,342113
2025-03-06,603011.SH,8.45,8.65,8.37,8.56,317302
2025-03-09,603011.SH,8.65,8.68,8.48,8.53,218246
2025-03-10,603011.SH,8.48,8.55,8.36,8.5,174157
2025-03-11,603011.SH,8.54,8.6,8.45,8.54,191113
2025-03-12,603011.SH,8.6,8.66,8.23,8.34,209932
2025-03-13,603011.SH,8.3,8.34,8.12,8.27,176688
2025-03-16,603011.SH,8.27,8.91,8.15,8.62,420659
2025-03-17,603011.SH,8.6,9.07,8.55,8.81,444652
2025-03-18,603011.SH,8.87,9.06,8.76,8.84,331253
2025-03-19,603011.SH,8.84,9.05,8.73,8.9,296303
2025-03-20,603011.SH,9.05,9.79,9.05,9.29,784649
2025-03-23,603011.SH,9.39,10.22,9.29,10.22,520329
2025-03-24,603011.SH,11.24,11.24,11.24,11.24,165937
2025-03-25,603011.SH,12.36,12.36,12.36,12.36,83117
2025-03-26,603011.SH,12.74,13.6,11.91,12.15,1960281
2025-03-27,603011.SH,12,13.37,12,13.37,1881803
2025-03-30,603011.SH,12.3,13.25,12.03,12.76,1634465
2025-03-31,603011.SH,12.66,14.04,12.31,14.04,1369017
2025-04-01,603011.SH,14.58,14.6,12.85,13.33,1624086
2025-04-02,603011.SH,13.3,14.12,12.23,12.44,1491120
2025-04-06,603011.SH,11.2,11.2,11.2,11.2,35238
2025-04-07,603011.SH,10.08,10.4,10.08,10.08,672415
2025-04-08,603011.SH,9.07,10.23,9.07,9.6,1513917
2025-04-09,603011.SH,9.61,10.24,9.35,9.9,1228726
2025-04-10,603011.SH,9.55,10.33,9.55,10.07,939901
2025-04-13,603011.SH,10.53,11.08,10.53,11.08,218405
2025-04-14,603011.SH,11.26,11.33,10.5,10.73,942223
2025-04-15,603011.SH,10.78,10.88,9.7,9.86,844610
2025-04-16,603011.SH,9.75,10.85,9.75,10.24,1041464
2025-04-17,603011.SH,10.05,10.22,9.73,9.9,763145
2025-04-20,603011.SH,9.96,10.27,9.6,10.12,706706
2025-04-21,603011.SH,10.18,10.23,9.87,10,588640
2025-04-22,603011.SH,10.05,10.73,9.95,10.39,985150
2025-04-23,603011.SH,10.25,10.25,9.71,9.89,676195
2025-04-24,603011.SH,9.8,9.95,9.53,9.77,445510
2025-04-27,603011.SH,10.1,10.13,9.31,9.38,517760
2025-04-28,603011.SH,9.34,9.8,9.3,9.68,462462
2025-04-29,603011.SH,9.72,10.05,9.63,9.8,495585
2025-05-05,603011.SH,10.58,10.78,10.58,10.78,211549
2025-05-06,603011.SH,11.6,11.86,10.96,11.25,1540940
2025-05-07,603011.SH,11.2,11.66,10.93,11.35,1031204
2025-05-08,603011.SH,11.2,11.62,10.85,10.87,610511
2025-05-11,603011.SH,11.02,11.3,10.81,11.24,644655
2025-05-12,603011.SH,11.32,12.32,11.25,11.9,1066053
2025-05-13,603011.SH,12.3,12.58,11.68,11.86,1104260
2025-05-14,603011.SH,11.85,12.95,11.44,12.34,1231980
2025-05-15,603011.SH,12.69,13.57,12.45,13.03,1364648
2025-05-18,603011.SH,12.62,13.19,12.21,12.86,1078135
2025-05-19,603011.SH,13.12,13.82,12.41,12.57,1176296
2025-05-20,603011.SH,12.1,12.86,11.8,12.21,845713
2025-05-21,603011.SH,12,13.17,11.86,12.72,1069646
2025-05-22,603011.SH,12.57,13.99,12.46,13.66,1374726
2025-05-25,603011.SH,13.39,15.03,13.32,15.03,1221000
2025-05-26,603011.SH,15.46,16.53,15.21,16.19,1619354
2025-05-27,603011.SH,15.6,17.81,15.23,17.81,1561787
2025-05-28,603011.SH,17.89,19.59,17.89,19.59,838397
2025-05-29,603011.SH,19.7,20.98,18.61,20.4,1664936
2025-06-02,603011.SH,19.42,20.15,18.4,19.22,1269475
2025-06-03,603011.SH,19.49,19.98,17.43,18.06,1408997
2025-06-04,603011.SH,18.1,18.98,17.53,18.15,1186181
2025-06-05,603011.SH,17.7,18.15,16.71,17,947874
2025-06-08,603011.SH,17.5,18.7,17.17,18.7,985977
2025-06-09,603011.SH,19.23,19.75,18.45,18.6,1242004
2025-06-10,603011.SH,18.51,19.35,17.21,18.67,1173887
2025-06-11,603011.SH,18.95,20.53,18.02,19.57,1268733
2025-06-12,603011.SH,19.4,20.66,18.81,19.09,1169947
2025-06-15,603011.SH,19.04,19.25,18.01,18.81,768019
2025-06-16,603011.SH,18.61,19.09,17.73,17.88,823219
2025-06-17,603011.SH,17.87,18.18,17.33,17.6,624489
2025-06-18,603011.SH,17.1,17.23,15.84,15.84,715506
2025-06-19,603011.SH,15.3,15.4,14.84,14.98,783470
2025-06-22,603011.SH,15.08,15.36,14.91,15.3,532218
2025-06-23,603011.SH,15.31,15.97,15.28,15.62,657630
2025-06-24,603011.SH,15.7,15.88,15.28,15.48,491407
2025-06-25,603011.SH,15.3,15.48,14.94,15.16,398963
2025-06-26,603011.SH,15.08,15.5,14.94,15.28,367651
2025-06-29,603011.SH,15.28,15.78,15.12,15.58,564493
2025-06-30,603011.SH,16.19,16.56,15.58,15.74,985661
2025-07-01,603011.SH,15.38,16.55,15.36,16.12,859221
2025-07-02,603011.SH,15.92,15.96,15.34,15.4,570102
2025-07-03,603011.SH,15.28,15.65,15.03,15.3,423074
2025-07-06,603011.SH,15,16.13,14.87,15.92,764936
2025-07-07,603011.SH,15.99,16.05,15.2,15.32,607005
2025-07-08,603011.SH,15.3,16.85,15.2,16.35,1266356
2025-07-09,603011.SH,16.02,17.65,15.71,17.17,1116285
2025-07-10,603011.SH,17.2,17.51,16.78,17.07,895614
2025-07-13,603011.SH,17.1,17.7,16.55,16.67,713694
2025-07-14,603011.SH,16.2,16.91,15.91,16.25,544561
2025-07-15,603011.SH,16.16,16.88,15.85,16.52,563812
2025-07-16,603011.SH,16.36,16.49,16.12,16.36,404389
2025-07-17,603011.SH,16.4,16.5,16,16.04,331176
2025-07-20,603011.SH,16.03,16.88,16.03,16.77,628230
2025-07-21,603011.SH,16.56,16.68,16.13,16.27,456006
2025-07-22,603011.SH,16.75,17.51,16.65,16.99,921008
2025-07-23,603011.SH,16.8,17.56,16.7,17.06,729819
2025-07-24,603011.SH,16.87,16.87,16.28,16.47,530137
2025-07-27,603011.SH,16.31,16.34,16,16.25,310620
2025-07-28,603011.SH,16.1,16.12,15.69,15.83,360270
2025-07-29,603011.SH,15.72,16.11,15.39,15.81,294414
2025-07-30,603011.SH,15.75,15.8,15.2,15.24,307183
2025-07-31,603011.SH,15.09,15.76,15.09,15.63,297814
2025-08-03,603011.SH,15.39,15.74,15.23,15.69,204974
2025-08-04,603011.SH,15.7,15.9,15.51,15.85,236340
2025-08-05,603011.SH,15.97,16.09,15.65,15.89,305340
2025-08-06,603011.SH,15.8,15.91,15.51,15.54,229668
2025-08-07,603011.SH,15.47,15.67,15.39,15.42,160212
2025-08-10,603011.SH,15.3,15.83,15.3,15.75,219521
2025-08-11,603011.SH,15.72,15.73,15.3,15.46,247940
2025-08-12,603011.SH,15.4,15.72,15.38,15.64,244177
2025-08-13,603011.SH,15.64,16.2,15.32,16.04,599957
2025-08-14,603011.SH,16.04,16.14,15.65,16.13,347391
2025-08-17,603011.SH,16.2,16.29,15.96,16.16,382719
2025-08-18,603011.SH,16.18,16.35,15.85,16.08,356842
2025-08-19,603011.SH,15.98,15.99,15.65,15.91,280424
2025-08-20,603011.SH,15.8,15.97,15.51,15.58,261751
2025-08-21,603011.SH,15.65,15.79,15.52,15.78,233564
2025-08-24,603011.SH,15.76,16.5,15.74,16.45,605524
2025-08-25,603011.SH,16.48,17.18,16.36,16.82,586526
2025-08-26,603011.SH,16.9,18.29,16.82,17.38,918544
2025-08-27,603011.SH,17.71,17.71,15.68,16.47,813041
2025-08-28,603011.SH,16.17,17.46,16.01,16.82,612126
2025-08-31,603011.SH,16.5,16.95,16.28,16.55,508374
2025-09-01,603011.SH,16.63,16.67,15.71,15.88,411672
2025-09-02,603011.SH,15.86,16.85,15.82,16.05,462420
2025-09-03,603011.SH,15.84,15.86,14.5,15.03,467076
2025-09-04,603011.SH,15.02,15.38,14.52,15.33,276188
2025-09-07,603011.SH,15.27,16.86,15.27,16.86,545739
2025-09-08,603011.SH,17.16,18.1,16.81,17.29,987541
2025-09-09,603011.SH,17,17.67,17,17.13,620296
2025-09-10,603011.SH,17.28,17.49,16.74,17.4,525134
2025-09-11,603011.SH,18.4,18.5,16.91,16.95,853456
2025-09-14,603011.SH,17,17.3,16.38,16.65,597790
2025-09-15,603011.SH,16.98,17.4,16.7,17.17,637186
2025-09-16,603011.SH,17.1,17.21,16.76,16.76,404387
2025-09-17,603011.SH,16.65,17.98,16.4,17.14,780438
2025-09-18,603011.SH,17.14,17.34,16.7,16.96,406506
2025-09-21,603011.SH,17.36,18.66,17.17,18.66,1003572
2025-09-22,603011.SH,18.56,18.89,17.96,18.65,945080
2025-09-23,603011.SH,18.5,18.6,17.8,18.23,594915
2025-09-24,603011.SH,19.47,20.05,19.47,20.05,311442
2025-09-25,603011.SH,21,21,18.13,18.24,1235202
2025-09-28,603011.SH,18.27,18.57,17.58,17.86,679816
2025-09-29,603011.SH,17.88,19.65,17.71,19.65,790483
2025-10-08,603011.SH,21.62,21.62,21.62,21.62,89088
2025-10-09,603011.SH,23.78,23.78,23.78,23.78,54665
2025-10-12,603011.SH,25,26.16,24.6,26.16,714552
2025-10-13,603011.SH,28.73,28.78,25.14,27.68,2143828
2025-10-14,603011.SH,27.13,27.6,24.91,26.75,1638202
2025-10-15,603011.SH,25.8,25.99,24.08,24.45,1229688
2025-10-16,603011.SH,24.56,24.61,22.41,22.53,1110573
2025-10-19,603011.SH,22.53,23.02,22.08,22.76,841915
2025-10-20,603011.SH,22.4,23.22,22.22,22.75,826635
2025-10-21,603011.SH,22.95,24.74,22.51,23.33,1351333
2025-10-22,603011.SH,22.1,25,21.5,24.21,1436681
2025-10-23,603011.SH,23.5,25.05,23.1,24.56,1291692
2025-10-26,603011.SH,24.46,26.18,24.25,25.41,1255772
2025-10-27,603011.SH,25.41,27.62,24.75,26.24,1335688
2025-10-28,603011.SH,25.74,27.8,25.33,27.49,1217102
2025-10-29,603011.SH,25.5,26.42,24.74,24.74,1172763
2025-10-30,603011.SH,23.8,24.7,23.5,23.51,774662
2025-11-02,603011.SH,24.4,24.57,23.11,23.57,631281
2025-11-03,603011.SH,23.43,24.09,22.8,23.02,498788
2025-11-04,603011.SH,22.4,24.51,22.4,23.78,639521
2025-11-05,603011.SH,24.35,25.85,23.83,23.92,859274
2025-11-06,603011.SH,23.5,23.79,22.75,22.78,623222
2025-11-09,603011.SH,22.6,23.24,22.27,22.5,440905
2025-11-10,603011.SH,22.45,23.22,22.16,22.77,464417
2025-11-11,603011.SH,22.5,22.51,20.88,21.28,530648
2025-11-12,603011.SH,21.75,22.48,21.58,22.01,490140
2025-11-13,603011.SH,21.6,21.73,21.15,21.15,344276
2025-11-16,603011.SH,20.9,21.5,20.88,21.22,293173
2025-11-17,603011.SH,21.22,21.58,20.73,20.9,325558
2025-11-18,603011.SH,20.73,21.06,20.38,20.57,229580
2025-11-19,603011.SH,20.5,20.68,20,20.18,250673
2025-11-20,603011.SH,19.9,19.96,19.22,19.25,301581
2025-11-23,603011.SH,19.25,20.83,19.22,20.6,623706
2025-11-24,603011.SH,20.61,21.29,20.31,20.92,480375
2025-11-25,603011.SH,20.66,21.06,20.4,20.86,298169
2025-11-26,603011.SH,20.9,21.2,20.47,20.5,278726
2025-11-27,603011.SH,20.4,20.72,20.25,20.62,208921
2025-11-30,603011.SH,20.91,20.93,20.46,20.62,220109
2025-12-01,603011.SH,20.7,20.7,20.08,20.24,186461
2025-12-02,603011.SH,20.25,20.29,19.83,19.87,172952
2025-12-03,603011.SH,19.9,20.1,19.64,19.9,171570
2025-12-04,603011.SH,19.96,21.79,19.85,21.29,625267
2025-12-07,603011.SH,21.48,22.15,21.42,21.93,599048
2025-12-08,603011.SH,21.5,21.87,21.37,21.4,348992
2025-12-09,603011.SH,21.4,22.1,21.39,21.87,391345
2025-12-10,603011.SH,21.89,24.06,21.82,23.65,1237273
2025-12-11,603011.SH,22.68,25.8,22.4,24.82,1292547
2025-12-14,603011.SH,25.44,26.01,23.5,23.74,978057
2025-12-15,603011.SH,23.1,23.27,21.41,21.75,760215
2025-12-16,603011.SH,21.67,22.65,21.51,22.31,593708
2025-12-17,603011.SH,21.97,22.99,21.92,22.05,492496
2025-12-18,603011.SH,23.07,23.84,22.5,22.73,615134
2025-12-21,603011.SH,22.5,23.12,22.49,22.86,460753
2025-12-22,603011.SH,22.8,23.02,21.83,22.12,408428
2025-12-23,603011.SH,22.01,22.93,21.71,22.71,407868
2025-12-24,603011.SH,22.57,23.18,22.5,22.93,387429
2025-12-25,603011.SH,22.82,23.38,22.53,23.16,541298
2025-12-28,603011.SH,23.06,23.34,22.66,23.2,451205
2025-12-29,603011.SH,22.97,23.94,22.87,23.28,604065
2025-12-30,603011.SH,23.06,24.12,22.37,23.71,664970
2026-01-04,603011.SH,24.1,25.2,23.71,24.78,834116
2026-01-05,603011.SH,24.78,25.6,23.92,24.88,783897
2026-01-06,603011.SH,24.86,26.12,24.63,25.84,898012
2026-01-07,603011.SH,26.4,28.4,25.88,26.82,1042339
2026-01-08,603011.SH,26.71,29.35,26,28.68,966091
2026-01-11,603011.SH,29.4,31.55,27.76,31.05,1238305
2026-01-12,603011.SH,30.85,30.85,28.27,29.49,1000061
2026-01-13,603011.SH,29.2,32.4,28.9,30.01,1075336
2026-01-14,603011.SH,29.6,33,27.65,32.01,1108566
2026-01-15,603011.SH,31.97,31.97,28.81,28.81,1038378
2026-01-18,603011.SH,26.3,27.5,26.3,26.88,584048
2026-01-19,603011.SH,26.88,27.19,25.29,25.82,492289
2026-01-20,603011.SH,25.66,26.68,25.61,25.9,334538
2026-01-21,603011.SH,25.99,27.36,25.99,27.12,463705
2026-01-22,603011.SH,27.11,27.32,26.55,26.91,414796
2026-01-25,603011.SH,26.47,26.57,25.29,25.3,427398
2026-01-26,603011.SH,25.21,25.55,24.46,25.54,287977
2026-01-27,603011.SH,25.41,25.46,23.26,23.95,552436
2026-01-28,603011.SH,23.67,24.44,23.3,23.61,288220
2026-01-29,603011.SH,23.5,23.65,22.87,23.23,228792
2026-02-01,603011.SH,23.05,23.92,23.05,23.13,184264
2026-02-02,603011.SH,23.23,24.99,23.23,24.95,408366
2026-02-03,603011.SH,24.98,26.8,24.8,25.99,583797
2026-02-04,603011.SH,25.48,26.45,25.16,26.1,343598
2026-02-05,603011.SH,25.48,27.17,25.48,26.68,369425
2026-02-08,603011.SH,26.69,27.27,26.36,27.1,358407
2026-02-09,603011.SH,27.13,27.31,26.31,26.4,261189
2026-02-10,603011.SH,26.5,26.63,25.73,25.75,219715
2026-02-11,603011.SH,25.81,26.88,25.63,26.24,262374
2026-02-12,603011.SH,26.09,26.31,25.88,25.93,136410
2026-02-23,603011.SH,25.9,26.19,25.25,25.37,227602
2026-02-24,603011.SH,25.6,25.7,25.15,25.34,198575
2026-02-25,603011.SH,25.36,25.55,24.9,25.11,224925
2026-02-26,603011.SH,25.01,26.1,24.92,25.71,296112
2026-03-01,603011.SH,25.48,28.28,25.37,28.28,732828
2026-03-02,603011.SH,28,28.46,26.15,26.51,671167
2026-03-03,603011.SH,25.99,27,25.85,26.06,399480
2026-03-04,603011.SH,26.77,27.98,26.51,27.43,583105
2026-03-05,603011.SH,26.99,27.49,26.05,26.8,442143
2026-03-08,603011.SH,26.15,26.15,24.38,25.69,462634
2026-03-09,603011.SH,25.92,26.92,25.8,26.85,401543
2026-03-10,603011.SH,26.94,27.48,26.63,27.04,421077
2026-03-11,603011.SH,26.75,27.69,25.33,26.29,565264
2026-03-12,603011.SH,25.6,27.43,25.4,26.93,554917
2026-03-15,603011.SH,26.6,26.8,25.05,25.38,441435
2026-03-16,603011.SH,25.06,25.08,23.6,23.69,347004
2026-03-17,603011.SH,23.66,23.99,23.05,23.94,201793
2026-03-18,603011.SH,23.25,23.47,22.87,23.01,182773
2026-03-19,603011.SH,23.01,23.37,21.25,21.32,290706
2026-03-22,603011.SH,20.48,21.33,20.11,20.25,274101
2026-03-23,603011.SH,20.72,20.9,19.93,20.8,247751
2026-03-24,603011.SH,20.95,21.59,20.95,21.14,265666
2026-03-25,603011.SH,21.26,21.44,20.45,20.55,181145
2026-03-26,603011.SH,20.05,20.93,20.02,20.82,160999
2026-03-29,603011.SH,20.53,21.05,20.31,20.97,159990
2026-03-30,603011.SH,21.05,21.56,20.65,20.69,165881
2026-03-31,603011.SH,21.29,21.7,20.82,21.37,256116
2026-04-01,603011.SH,21.1,21.3,20.4,20.49,197328
2026-04-02,603011.SH,20.48,20.59,19.89,19.92,147268
2026-04-06,603011.SH,19.9,20.19,19.86,20,105628
2026-04-07,603011.SH,20.4,21.49,20.39,21.47,261572
2026-04-08,603011.SH,21.12,21.29,20.9,21.07,158790
2026-04-09,603011.SH,21.29,21.55,21.16,21.21,156876
2026-04-12,603011.SH,20.9,21.28,20.76,21.14,125259
2026-04-13,603011.SH,21.29,21.76,21.22,21.4,134115
2026-04-14,603011.SH,21.67,22.21,21.19,21.32,249156
2026-04-15,603011.SH,21.32,21.54,21.05,21.5,148639
2026-04-16,603011.SH,21.5,21.98,21.29,21.84,187295
2026-04-19,603011.SH,21.8,22.28,21.64,22.25,201037
2026-04-20,603011.SH,22.35,22.35,21.74,21.94,161566
2026-04-21,603011.SH,21.7,22.45,21.63,22.24,185820
2026-04-22,603011.SH,22.15,22.65,21.6,21.78,177976
2026-04-23,603011.SH,21.58,21.58,20.93,21.03,168746
2026-04-26,603011.SH,21.03,21.47,20.52,21.17,128387
2026-04-27,603011.SH,21.07,21.16,20.45,20.58,121092
2026-04-28,603011.SH,20.05,20.45,19.58,20.27,169127
2026-04-29,603011.SH,20.22,20.63,20.15,20.58,116720
2026-05-05,603011.SH,20.77,21.44,20.75,21.18,151600
2026-05-06,603011.SH,21.4,21.5,21.02,21.46,133674
2026-05-07,603011.SH,21.45,22.4,21.08,21.7,286809
2026-05-10,603011.SH,21.66,22.47,21.63,22.24,296398
2026-05-11,603011.SH,22.21,22.45,21.68,21.97,195479
2026-05-12,603011.SH,21.81,22.33,21.7,22.02,178325
2026-05-13,603011.SH,22,22.25,21.34,21.36,184814
2026-05-14,603011.SH,21.45,21.8,20.85,21.06,173499
2026-05-17,603011.SH,20.89,21.26,20.41,20.55,160068
2026-05-18,603011.SH,20.55,20.87,20.05,20.8,139161
2026-05-19,603011.SH,20.71,20.76,19.96,20.12,172044
2026-05-20,603011.SH,20.19,20.58,19.25,19.3,227274
2026-05-21,603011.SH,19.48,19.84,19.02,19.81,159937
2026-05-24,603011.SH,20,20.77,19.5,19.83,184114
2026-05-25,603011.SH,19.83,19.84,18.32,18.72,250343
2026-05-26,603011.SH,18.79,20.59,18.64,20.59,265492
2026-05-27,603011.SH,20.91,22.65,20.21,22.65,529449
2026-05-28,603011.SH,23.8,24.92,23.3,24.92,547967
2026-05-31,603011.SH,25.67,27.41,25.65,27.41,345598
2026-06-01,603011.SH,28.23,29.43,24.67,28.99,1465550
2026-06-02,603011.SH,27.5,31.89,27.2,30.91,1084430
2026-06-03,603011.SH,30,33.12,29.6,32.26,864678
2026-06-04,603011.SH,31.94,34.1,31.4,32.7,724397
2026-06-07,603011.SH,31.26,32.86,29.43,29.67,775473
2026-06-08,603011.SH,30.85,32.64,28.29,29,900257
2026-06-09,603011.SH,29,31.9,28.98,31.9,699939
2026-06-10,603011.SH,31.21,35.09,30.58,33.6,968523
2026-06-11,603011.SH,32.64,34.13,30.43,31.11,723429
2026-06-14,603011.SH,31.5,34.22,31.28,34.22,438340
2026-06-15,603011.SH,35,35.57,32.32,34.6,847530
2026-06-16,603011.SH,33,37.77,32.86,35.95,723356
2026-06-17,603011.SH,36.36,39.55,36.36,39.55,528979
2026-06-21,603011.SH,39,41.4,35.88,37.14,857351
2026-06-22,603011.SH,36.01,36.98,34.01,35.23,697809
2026-06-23,603011.SH,35,36.45,32.1,33.32,749549
2026-06-24,603011.SH,33.75,36.1,32.4,35.51,726076
2026-06-25,603011.SH,34.1,34.5,31.96,32.06,580859
2026-06-28,603011.SH,32.71,33.33,31,31.42,475817
2026-06-29,603011.SH,30.82,33.37,30.5,33.08,425721
2026-06-30,603011.SH,32.95,36.39,32.39,33.61,664831
2026-07-01,603011.SH,31.5,34.35,31.5,32.23,401711
2026-07-02,603011.SH,32,32.8,30.91,31.45,326865
2026-07-05,603011.SH,31.45,31.77,28.66,29.1,415421
2026-07-06,603011.SH,29.08,29.8,26.58,26.71,383339
2026-07-07,603011.SH,27,27.25,24.94,25.02,308374
2026-07-08,603011.SH,25.61,25.64,22.73,24.98,379135
2026-07-09,603011.SH,25.21,25.98,24.59,24.6,305942
2026-07-12,603011.SH,24.51,24.55,22.14,22.14,239797
2026-07-13,603011.SH,22.14,22.85,21.26,22.62,240124
2026-07-14,603011.SH,23.07,23.35,22.01,22.11,249319
2026-07-15,603011.SH,22.11,24.32,21.41,22.5,620375
2026-07-16,603011.SH,22.14,22.94,20.25,20.25,410680
2026-07-19,603011.SH,20.27,20.74,18.23,18.23,401777
2026-07-20,603011.SH,17.99,18.37,16.41,18.1,513349
2026-07-21,603011.SH,17.89,18.88,17.43,17.64,406157
2026-07-22,603011.SH,17.76,18.72,17.5,18.12,397905
2026-07-23,603011.SH,17.94,18.66,17.54,17.61,310534
2026-07-26,603011.SH,17.61,18.65,17.37,18.56,315599
2026-07-27,603011.SH,18.43,19.1,17.88,18.03,395404
2026-07-28,603011.SH,18.06,18.1,17,17.71,422613
2026-07-29,603011.SH,17.55,18.24,16.44,16.5,406428
2026-07-30,603011.SH,17.2,18.06,16.91,16.91,445894
2026-08-02,603011.SH,17.81,18.6,17.5,18.6,229790
2026-08-03,603011.SH,19.85,19.86,18.6,19.44,1002081
2026-08-04,603011.SH,19.1,20.31,19.08,20.29,927672
2026-08-05,603011.SH,20.03,20.93,19.99,20.62,737183
2026-08-06,603011.SH,20.62,22.68,19.82,22.68,1044633
2026-08-09,603011.SH,23.46,24.84,22.71,23.95,1124242
2026-08-10,603011.SH,23.4,24.89,22.79,24.05,997929
2026-08-11,603011.SH,24.05,25.5,24.05,25.01,868651
2026-08-12,603011.SH,25.5,26.33,24.5,24.56,804352
2026-08-13,603011.SH,24.23,24.85,23.75,24.25,622712
2026-08-16,603011.SH,25.05,26.68,24.88,26.68,774398
2026-08-17,603011.SH,26.67,26.94,24.84,25.44,618454
2026-08-18,603011.SH,24.5,24.9,22.92,23.02,500055
2026-08-19,603011.SH,23.25,23.71,22.77,23.38,348107
2026-08-20,603011.SH,23.01,23.96,22.68,23.78,339483
2026-08-23,603011.SH,23.66,23.73,22.15,22.69,332381
2026-08-24,603011.SH,22.35,23.18,21.83,22.8,239254
2026-08-25,603011.SH,23.89,23.9,21.62,22.85,536857
2026-08-26,603011.SH,22.31,25.14,21.99,25.14,520128
2026-08-27,603011.SH,25.18,27.65,25,27.65,820063
2026-08-30,603011.SH,27,27.54,25.88,26.8,826799
2026-08-31,603011.SH,26.95,27.07,25.64,25.78,469411
2026-09-01,603011.SH,25.33,26.43,24.92,25.7,570122
2026-09-02,603011.SH,25.68,25.98,25,25.3,434085
2026-09-03,603011.SH,25.38,25.52,24.01,24.2,401175
2026-09-06,603011.SH,24.39,26.62,24.18,26.33,675254
2026-09-07,603011.SH,26.5,27.2,26.03,26.25,526578
2026-09-08,603011.SH,26.67,26.97,26.09,26.45,413095
2026-09-09,603011.SH,26.1,28.1,25.9,26.83,763377
2026-09-10,603011.SH,26.39,26.98,25.19,25.81,534259
2026-09-13,603011.SH,25.23,26.3,24.42,25.84,338067
2026-09-14,603011.SH,25.5,27.55,25.5,27.08,600762
2026-09-15,603011.SH,27.12,28.92,26.69,28.35,648645
2026-09-16,603011.SH,28,28.5,27.32,27.53,459410
2026-09-17,603011.SH,28.01,28.2,27,27.38,366506
2026-09-20,603011.SH,27.43,27.63,26.8,27.13,318171
2026-09-21,603011.SH,27.35,28.5,26.93,27.06,450008
2026-09-22,603011.SH,27,27.47,26.69,27.1,322450
2026-09-23,603011.SH,26.95,27.15,25.93,25.99,292105
2026-09-27,603011.SH,25.86,25.86,23.54,23.94,378098
2026-09-28,603011.SH,23.83,25.08,23.6,24.59,262242
2026-09-29,603011.SH,25.08,25.14,23.97,23.98,150269
2022-08-16,600760.SH,65.98,66.2,64.41,65.04,98294
2022-08-17,600760.SH,65.04,65.7,63.85,65.19,82653
2022-08-18,600760.SH,64.95,65.77,63.51,63.55,77392
2022-08-21,600760.SH,63.11,65.05,62.5,64.78,73147
2022-08-22,600760.SH,64.55,64.8,62.62,63.71,92180
2022-08-23,600760.SH,63.64,63.64,61.06,61.32,92001
2022-08-24,600760.SH,61.39,61.87,60.53,61.49,76248
2022-08-25,600760.SH,61.61,62.25,60.21,60.66,86677
2022-08-28,600760.SH,60,61.79,59.38,61.63,91498
2022-08-29,600760.SH,61,61.1,59.38,59.63,102358
2022-08-30,600760.SH,59.92,60.13,58.18,58.76,91316
2022-08-31,600760.SH,58.76,59.58,57.9,58.58,102406
2022-09-01,600760.SH,58.18,59.3,57.6,58.64,79300
2022-09-04,600760.SH,58.5,59.3,57.67,58.11,56733
2022-09-05,600760.SH,58.7,63.92,58.7,62.52,281995
2022-09-06,600760.SH,62.1,65.11,61.89,64.31,194934
2022-09-07,600760.SH,64.16,65.99,64.16,65.24,152043
2022-09-08,600760.SH,64.99,66.98,64.58,65.7,147402
2022-09-12,600760.SH,66,68.1,65.49,67.63,166565
2022-09-13,600760.SH,67.24,68.08,66.55,67.32,104421
2022-09-14,600760.SH,67.39,67.57,64.82,65.53,100739
2022-09-15,600760.SH,65.4,67.28,65.21,65.62,136809
2022-09-18,600760.SH,65.67,67.18,65.15,65.53,79258
2022-09-19,600760.SH,65.8,66.8,65.03,65.51,71586
2022-09-20,600760.SH,65.36,66.1,63.3,65.79,102858
2022-09-21,600760.SH,65.98,67.16,65,66.31,95063
2022-09-22,600760.SH,66.11,70.7,65.33,66.36,230505
2022-09-25,600760.SH,65.9,66.64,64,64.2,127125
2022-09-26,600760.SH,64.2,66.1,63.99,64.92,81146
2022-09-27,600760.SH,64.79,66.48,62.9,63.33,89427
2022-09-28,600760.SH,64.19,65.64,63.07,63.71,88391
2022-09-29,600760.SH,63.72,63.9,60.94,60.95,95199
2022-10-09,600760.SH,61,62.25,60.5,60.97,76470
2022-10-10,600760.SH,60.97,61.69,60,60.72,65124
2022-10-11,600760.SH,60.42,61.99,58.91,61.9,71846
2022-10-12,600760.SH,61.2,63.36,61.06,61.74,74256
2022-10-13,600760.SH,62.3,65.9,61.34,64.97,124845
2022-10-16,600760.SH,64.68,69.45,64.43,69.42,197002
2022-10-17,600760.SH,69.43,70,67.33,69.34,134184
2022-10-18,600760.SH,69.33,69.43,67.98,68.13,68451
2022-10-19,600760.SH,67.82,68.72,66.85,67.4,55562
2022-10-20,600760.SH,67.41,69.69,66.8,67.8,87125
2022-10-23,600760.SH,69.19,72.83,69.19,71.91,240252
2022-10-24,600760.SH,71.8,73.01,70.93,71.74,107367
2022-10-25,600760.SH,71.7,72.98,70.87,72.02,80346
2022-10-26,600760.SH,72.15,72.15,69.99,71.3,77743
2022-10-27,600760.SH,70.35,72.58,70.03,70.69,69836
2022-10-30,600760.SH,70.69,73,65.98,72.46,188662
2022-10-31,600760.SH,72.1,72.61,68.08,68.77,175161
2022-11-01,600760.SH,68.63,68.7,65.94,67.63,251063
2022-11-02,600760.SH,66.84,69.63,66.8,68.37,146572
2022-11-03,600760.SH,68.38,68.8,67.51,68.65,93682
2022-11-06,600760.SH,68.89,68.98,66,66.32,163280
2022-11-07,600760.SH,66.3,67.44,66,67.26,99251
2022-11-08,600760.SH,68.3,68.62,66.45,66.53,110837
2022-11-09,600760.SH,65.93,66.3,65,65.31,87614
2022-11-10,600760.SH,66.5,66.8,65,66.31,123155
2022-11-13,600760.SH,66.31,66.9,65,65.74,90242
2022-11-14,600760.SH,65.21,66.3,65.2,66.17,96659
2022-11-15,600760.SH,66.18,68.36,66.18,67.1,172060
2022-11-16,600760.SH,66.33,66.76,64.1,65.85,129985
2022-11-17,600760.SH,65.39,65.98,64.16,64.29,83555
2022-11-20,600760.SH,64.27,64.7,63.6,64.45,90516
2022-11-21,600760.SH,64.44,66.94,64.2,65.59,156093
2022-11-22,600760.SH,65.7,66.55,64.61,66.16,98301
2022-11-23,600760.SH,66.1,66.5,65.11,65.38,66638
2022-11-24,600760.SH,65.48,65.58,64,64.13,66440
2022-11-27,600760.SH,63.11,65.16,63,64.68,60734
2022-11-28,600760.SH,65.7,67.07,64.51,64.71,122140
2022-11-29,600760.SH,65.28,65.5,62.16,62.23,223808
2022-11-30,600760.SH,62.02,62.79,61.37,62.72,144488
2022-12-01,600760.SH,62.36,62.39,61.66,61.88,95511
2022-12-04,600760.SH,62.16,62.35,60.3,60.86,192724
2022-12-05,600760.SH,60.45,61.35,59.46,61.35,170713
2022-12-06,600760.SH,61,62.2,60.83,62.2,149883
2022-12-07,600760.SH,62.29,62.36,60.58,60.72,121684
2022-12-08,600760.SH,60.72,61.08,59.46,59.64,142073
2022-12-11,600760.SH,59.44,60.49,58.6,60.02,113459
2022-12-12,600760.SH,60,60.01,59.01,59.18,66533
2022-12-13,600760.SH,59.11,60.15,59,59.65,60714
2022-12-14,600760.SH,59.38,60.09,59.38,59.72,48465
2022-12-15,600760.SH,59.59,59.7,58.3,58.63,65005
2022-12-18,600760.SH,58.51,58.94,57.55,57.74,67772
2022-12-19,600760.SH,57.71,58.67,57.7,58.53,75626
2022-12-20,600760.SH,58.49,59.27,58.02,58.37,60386
2022-12-21,600760.SH,58.15,59.2,57.1,58.4,67785
2022-12-22,600760.SH,58.02,58.3,56.1,56.45,81954
2022-12-25,600760.SH,56.5,59.22,56.5,59.18,141653
2022-12-26,600760.SH,59.1,59.63,58.53,58.98,62588
2022-12-27,600760.SH,58.99,58.99,57.24,57.6,78998
2022-12-28,600760.SH,57.7,59.5,57.3,58.48,99613
2022-12-29,600760.SH,58.47,59.26,58,58.63,65567
2023-01-02,600760.SH,58.41,60.6,58.32,60.43,135458
2023-01-03,600760.SH,60.36,60.38,59.22,59.75,71512
2023-01-04,600760.SH,59.76,60.29,59.55,60.18,77949
2023-01-05,600760.SH,59.86,60.2,59.77,60.03,63365
2023-01-08,600760.SH,60.04,60.41,58.16,58.48,121508
2023-01-09,600760.SH,58.55,58.89,57.38,57.68,118018
2023-01-10,600760.SH,57.51,58.5,57.27,57.65,71685
2023-01-11,600760.SH,58.6,58.9,57.36,57.53,89212
2023-01-12,600760.SH,57.66,57.88,57.22,57.73,57216
2023-01-15,600760.SH,57.75,58.67,57.55,58.4,105090
2023-01-16,600760.SH,58.6,59.1,57.98,58.85,90005
2023-01-17,600760.SH,58.85,59.09,58.61,58.85,49259
2023-01-18,600760.SH,58.3,59.65,58.3,59.54,71863
2023-01-19,600760.SH,59.54,59.96,59.28,59.57,62446
2023-01-29,600760.SH,60.38,61.9,59.85,61.24,215815
2023-01-30,600760.SH,60.78,61.31,60.7,61.06,88926
2023-01-31,600760.SH,61.13,61.3,60.35,61.3,99831
2023-02-01,600760.SH,61.59,61.78,59.82,59.99,167180
2023-02-02,600760.SH,60,60.54,59.21,60.47,115187
2023-02-05,600760.SH,60.1,60.94,59.77,59.91,75526
2023-02-06,600760.SH,60,60.34,59,59.38,91704
2023-02-07,600760.SH,59.4,59.45,58.49,58.49,79712
2023-02-08,600760.SH,58.42,59.28,58.28,59.13,79962
2023-02-09,600760.SH,58.99,59.1,58,58.26,109566
2023-02-12,600760.SH,58.26,58.86,58.07,58.4,109119
2023-02-13,600760.SH,58.3,58.33,57.6,58.02,104857
2023-02-14,600760.SH,58.03,58.5,57.68,58.44,82417
2023-02-15,600760.SH,58.23,58.63,57.03,57.54,125482
2023-02-16,600760.SH,57.48,57.63,56.5,56.79,113616
2023-02-19,600760.SH,56.67,57.26,56.51,57.14,65312
2023-02-20,600760.SH,57.16,58.17,57.16,57.93,93353
2023-02-21,600760.SH,57.58,58.17,57.5,57.73,58921
2023-02-22,600760.SH,57.83,57.85,57,57.2,62768
2023-02-23,600760.SH,57.48,59.23,57.48,58.44,217473
2023-02-26,600760.SH,58.6,58.78,57.48,57.79,122481
2023-02-27,600760.SH,57.77,58,57.38,57.82,60648
2023-02-28,600760.SH,57.7,57.98,57.64,57.94,67485
2023-03-01,600760.SH,57.94,58.4,57.44,57.71,84993
2023-03-02,600760.SH,57.71,59.04,57.46,59.03,226806
2023-03-05,600760.SH,60,60.16,58.38,59.26,238351
2023-03-06,600760.SH,59,59.16,58.11,58.25,125999
2023-03-07,600760.SH,57.98,58.9,57.69,58.78,93181
2023-03-08,600760.SH,58.66,58.78,56.79,57,193489
2023-03-09,600760.SH,56.7,57.17,56.6,56.66,74641
2023-03-12,600760.SH,56.58,56.98,56.25,56.86,57191
2023-03-13,600760.SH,56.75,56.79,54.6,55.57,108262
2023-03-14,600760.SH,55.87,55.87,54.89,55.06,82799
2023-03-15,600760.SH,54.7,55,53.16,53.5,105052
2023-03-16,600760.SH,53.74,54.11,53.13,53.67,64054
2023-03-19,600760.SH,53.89,54.49,53.55,53.93,59321
2023-03-20,600760.SH,54.78,56.9,54.61,55.56,150852
2023-03-21,600760.SH,55.5,55.5,54.5,54.85,86220
2023-03-22,600760.SH,54.6,55.2,54.26,55.19,73399
2023-03-23,600760.SH,55,55.19,54.73,54.82,53499
2023-03-26,600760.SH,54.88,54.9,53.88,54.03,66090
2023-03-27,600760.SH,54.17,54.46,53.35,53.54,61732
2023-03-28,600760.SH,53.57,53.59,53.01,53.42,55790
2023-03-29,600760.SH,53.45,53.69,53.11,53.68,50645
2023-03-30,600760.SH,53.73,54,53.48,53.84,50547
2023-04-02,600760.SH,53.84,54.6,53.69,54.37,76112
2023-04-03,600760.SH,54.34,54.55,53.4,53.88,76069
2023-04-05,600760.SH,53.73,54.27,53.39,54.2,72411
2023-04-06,600760.SH,54.24,54.6,54.17,54.38,60350
2023-04-09,600760.SH,55.2,55.62,54.61,54.81,92574
2023-04-10,600760.SH,54.81,55.11,54.51,54.75,42277
2023-04-11,600760.SH,54.76,55,54.5,54.78,40659
2023-04-12,600760.SH,54.82,55.22,54,54.99,64624
2023-04-13,600760.SH,55,55.1,54.4,54.85,44297
2023-04-16,600760.SH,54.76,55.6,54.4,55.57,79420
2023-04-17,600760.SH,55.6,57.36,55.33,56.55,161125
2023-04-18,600760.SH,56.48,56.74,55.85,56.21,80765
2023-04-19,600760.SH,56.06,56.2,55.4,55.82,59857
2023-04-20,600760.SH,55.59,57.5,55.55,56.61,147272
2023-04-23,600760.SH,56.3,57.5,55.25,56.95,102988
2023-04-24,600760.SH,57.48,57.89,56.69,56.89,120032
2023-04-25,600760.SH,56.67,57.41,56.11,57.25,105296
2023-04-26,600760.SH,57.26,57.7,56.71,57.45,84467
2023-04-27,600760.SH,57.16,57.71,57.13,57.51,81772
2023-05-03,600760.SH,57.33,57.85,56.6,56.61,84141
2023-05-04,600760.SH,56.56,56.95,55.65,56.01,76061
2023-05-07,600760.SH,56.01,58.73,55.98,58.62,213182
2023-05-08,600760.SH,58.95,61.62,58.85,59.16,311684
2023-05-09,600760.SH,59.14,59.14,56.66,57.32,169603
2023-05-10,600760.SH,57.05,57.86,56.81,57.49,66991
2023-05-11,600760.SH,57.41,57.46,56.35,57.15,84073
2023-05-14,600760.SH,57.01,59.95,56.82,59.79,202331
2023-05-15,600760.SH,59.65,60.23,59,59.79,115166
2023-05-16,600760.SH,59.75,61.65,59.13,60.72,183155
2023-05-17,600760.SH,60.71,60.72,59.75,59.84,84947
2023-05-18,600760.SH,59.59,60.67,59.24,59.61,86773
2023-05-21,600760.SH,59.61,60.24,58.8,59.43,69398
2023-05-22,600760.SH,59.5,59.55,58,58.06,88243
2023-05-23,600760.SH,57.7,58.96,57.3,58,74915
2023-05-24,600760.SH,57.83,59.69,57.66,58.91,111453
2023-05-25,600760.SH,58.9,59.11,58.35,58.94,47109
2023-05-28,600760.SH,59.89,60,58.3,58.92,78291
2023-05-29,600760.SH,58.53,59.33,57.48,58.13,86683
2023-05-30,600760.SH,58.28,59.2,57.89,58.93,78358
2023-05-31,600760.SH,58.94,59.5,58.3,59.25,78192
2023-06-01,600760.SH,58.9,59.28,58.38,58.47,65936
2023-06-04,600760.SH,58.48,58.63,57.17,57.29,85841
2023-06-05,600760.SH,57.4,57.69,56,56.22,75662
2023-06-06,600760.SH,56.1,56.41,54.75,55.4,92660
2023-06-07,600760.SH,55.41,56.13,55.15,55.8,54157
2023-06-08,600760.SH,55.78,55.91,54.77,55.47,68807
2023-06-11,600760.SH,55.12,56.37,55.12,55.6,77605
2023-06-12,600760.SH,55.6,55.88,55.2,55.43,45130
2023-06-13,600760.SH,55.4,55.61,55.17,55.28,36692
2023-06-14,600760.SH,55.5,57.49,55.01,57.14,105589
2023-06-15,600760.SH,56.9,57.81,56.83,57.32,58322
2023-06-18,600760.SH,57.33,58.49,57.3,58,94323
2023-06-19,600760.SH,58,60,57.7,59.7,162675
2023-06-20,600760.SH,59.8,59.94,59.06,59.25,108690
2023-06-25,600760.SH,59.21,59.92,58.85,59.18,94640
2023-06-26,600760.SH,41.99,43.35,41.88,42.35,150519
2023-06-27,600760.SH,42.35,43.88,42.3,43.42,249736
2023-06-28,600760.SH,43.2,45.46,43.2,44.72,349728
2023-06-29,600760.SH,44.75,45.67,44.5,45,280927
2023-07-02,600760.SH,45.11,46.8,45,46.4,344148
2023-07-03,600760.SH,46.44,46.44,45.42,45.74,190945
2023-07-04,600760.SH,45.58,46.15,45.12,45.4,120401
2023-07-05,600760.SH,45.49,45.58,44.26,44.57,155386
2023-07-06,600760.SH,44.6,45.1,44.28,44.68,89952
2023-07-09,600760.SH,44.59,45.78,44.44,45.34,159926
2023-07-10,600760.SH,45.34,46.19,45.16,45.44,120916
2023-07-11,600760.SH,45.45,45.83,44.87,45.31,92235
2023-07-12,600760.SH,45.3,45.72,44.71,44.9,79384
2023-07-13,600760.SH,44.75,45.11,44.55,44.75,76369
2023-07-16,600760.SH,44.75,45.16,44.26,44.78,60920
2023-07-17,600760.SH,44.78,45.68,44.42,45.01,106528
2023-07-18,600760.SH,45.09,45.25,44.67,44.88,65444
2023-07-19,600760.SH,44.88,45.09,44.3,44.39,64305
2023-07-20,600760.SH,44.34,44.45,43.7,43.73,76351
2023-07-23,600760.SH,43.69,44.95,43.69,44.62,89536
2023-07-24,600760.SH,44.68,44.89,43.63,44.14,139188
2023-07-25,600760.SH,44.1,44.52,43.91,44.33,71606
2023-07-26,600760.SH,44.5,44.79,43.95,44,108374
2023-07-27,600760.SH,43.7,44.11,43.46,43.99,86509
2023-07-30,600760.SH,43.99,44.19,42.36,42.86,329621
2023-07-31,600760.SH,42.78,43.57,42.67,43.02,140630
2023-08-01,600760.SH,42.81,43.16,42.42,42.83,70188
2023-08-02,600760.SH,42.65,42.93,42.58,42.72,60506
2023-08-03,600760.SH,42.72,42.98,42.5,42.77,75634
2023-08-06,600760.SH,42.6,43.1,42.53,43.05,82717
2023-08-07,600760.SH,43.05,43.07,42.11,42.72,111337
2023-08-08,600760.SH,41.5,42.57,41.28,42.45,157016
2023-08-09,600760.SH,42.59,43.6,42.34,42.95,101435
2023-08-10,600760.SH,42.99,43,42.35,42.38,73585
2023-08-13,600760.SH,42.03,43.77,42,43.5,131446
2023-08-14,600760.SH,43.5,43.69,43.04,43.35,60070
2023-08-15,600760.SH,43.66,43.66,42.49,42.54,83895
2023-08-16,600760.SH,42.2,45.12,42.1,44.87,269991
2023-08-17,600760.SH,44.97,45.48,44.2,44.91,196917
2023-08-20,600760.SH,44.92,44.94,43.66,43.68,120984
2023-08-21,600760.SH,43.71,45.8,43.71,44.59,196681
2023-08-22,600760.SH,44.64,44.64,43.16,43.39,111861
2023-08-23,600760.SH,42.99,44.06,42.91,43.46,96407
2023-08-24,600760.SH,43.07,43.84,42.62,42.72,101339
2023-08-27,600760.SH,44.65,45,42.45,43.62,168474
2023-08-28,600760.SH,43.3,44.87,43.3,43.98,139706
2023-08-29,600760.SH,43.98,44.8,43.85,44.49,105340
2023-08-30,600760.SH,44.8,45.18,44.19,44.55,102198
2023-08-31,600760.SH,44.44,44.55,43.71,44.52,97671
2023-09-03,600760.SH,44.47,44.55,43.75,43.98,129129
2023-09-04,600760.SH,43.88,44.32,43.45,43.66,108826
2023-09-05,600760.SH,43.47,45.67,43.28,45.5,287661
2023-09-06,600760.SH,45.47,45.72,44.83,44.98,153828
2023-09-07,600760.SH,44.82,46,44.7,45.2,196488
2023-09-10,600760.SH,45.16,45.16,43.1,44.02,265361
2023-09-11,600760.SH,43.78,44,43.46,43.76,129967
2023-09-12,600760.SH,43.75,43.75,42.78,43.09,111769
2023-09-13,600760.SH,43.11,43.4,42.8,43.28,80494
2023-09-14,600760.SH,43.28,43.49,42.94,43.39,83097
2023-09-17,600760.SH,43.15,43.45,43.02,43.15,65846
2023-09-18,600760.SH,43.24,43.31,42.65,42.71,68233
2023-09-19,600760.SH,42.6,42.81,42.46,42.63,43849
2023-09-20,600760.SH,42.8,43.5,42.8,43.26,100853
2023-09-21,600760.SH,43.32,44.56,43.06,44.06,103629
2023-09-24,600760.SH,44.06,44.24,43.37,43.51,75720
2023-09-25,600760.SH,43.65,43.69,41.6,41.98,201766
2023-09-26,600760.SH,41.98,42.44,41.8,41.96,99553
2023-09-27,600760.SH,42.24,43.17,42.12,42.85,125509
2023-10-08,600760.SH,42.92,43.65,42.73,43.2,83093
2023-10-09,600760.SH,43.15,43.67,43,43.43,72203
2023-10-10,600760.SH,43.38,43.39,41.7,41.95,162802
2023-10-11,600760.SH,41.89,42.16,41.6,42.11,87377
2023-10-12,600760.SH,41.88,41.9,41.08,41.5,94272
2023-10-15,600760.SH,41.46,41.83,41.12,41.19,66393
2023-10-16,600760.SH,41.15,41.33,40.49,40.95,69015
2023-10-17,600760.SH,40.88,40.9,39.98,39.99,83101
2023-10-18,600760.SH,39.77,40.69,39.7,40.21,78633
2023-10-19,600760.SH,40.1,40.68,39.92,40.3,66977
2023-10-22,600760.SH,40.22,41.98,40.12,41.34,154240
2023-10-23,600760.SH,41.27,41.5,40.55,41.35,101535
2023-10-24,600760.SH,42.05,42.95,41.68,42.35,124933
2023-10-25,600760.SH,42.35,42.68,41.98,42.49,87707
2023-10-26,600760.SH,42.29,42.9,41.89,42.07,112636
2023-10-29,600760.SH,42.2,42.8,41.71,42.27,106984
2023-10-30,600760.SH,42.28,42.42,41.89,42.18,53195
2023-10-31,600760.SH,42.2,42.36,41.91,42.19,46265
2023-11-01,600760.SH,42.1,42.3,40.78,40.92,117382
2023-11-02,600760.SH,40.88,41.45,40.76,41.28,82316
2023-11-05,600760.SH,41.44,41.69,41,41.56,90499
2023-11-06,600760.SH,41.4,41.96,41.25,41.53,69473
2023-11-07,600760.SH,41.54,41.69,41.21,41.5,64609
2023-11-08,600760.SH,41.45,41.59,41.03,41.08,63351
2023-11-09,600760.SH,41.02,41.78,40.92,41.68,69774
2023-11-12,600760.SH,41.62,43.6,41.4,43.46,210188
2023-11-13,600760.SH,43.3,44.1,42.97,43.35,131374
2023-11-14,600760.SH,43.58,43.6,42.69,43.11,89362
2023-11-15,600760.SH,42.76,43.37,42.76,42.86,65122
2023-11-16,600760.SH,42.81,43.1,42.43,42.94,63384
2023-11-19,600760.SH,42.9,43.98,42.7,43.67,91856
2023-11-20,600760.SH,43.65,43.87,43.23,43.49,70167
2023-11-21,600760.SH,43.36,43.48,42.97,43.2,56186
2023-11-22,600760.SH,43.17,43.41,43,43.15,40052
2023-11-23,600760.SH,43.1,43.14,42.2,42.36,53988
2023-11-26,600760.SH,42.36,42.65,42.18,42.55,55636
2023-11-27,600760.SH,42.55,42.72,42.18,42.53,48774
2023-11-28,600760.SH,42.57,42.95,42.3,42.46,52518
2023-11-29,600760.SH,42.4,42.64,41.88,42.05,56063
2023-11-30,600760.SH,42.06,42.6,41.86,42.47,52002
2023-12-03,600760.SH,42.62,43.19,42.45,42.87,78240
2023-12-04,600760.SH,43.1,43.1,42.01,42.26,64876
2023-12-05,600760.SH,42.12,42.58,42.12,42.3,52973
2023-12-06,600760.SH,42.2,42.45,41.66,41.66,55583
2023-12-07,600760.SH,41.5,41.86,40.6,40.8,128874
2023-12-10,600760.SH,40.51,41.87,40.51,41.8,86025
2023-12-11,600760.SH,41.8,42.4,41.62,42.01,58553
2023-12-12,600760.SH,42.1,43,41.92,42.23,83222
2023-12-13,600760.SH,42.22,42.56,41.85,42.04,52604
2023-12-14,600760.SH,42.13,42.5,41.27,41.41,56338
2023-12-17,600760.SH,41.5,41.5,40.85,41.01,48347
2023-12-18,600760.SH,41.1,41.13,40.6,40.72,47576
2023-12-19,600760.SH,40.61,40.84,39.78,39.81,76966
2023-12-20,600760.SH,39.7,40.01,39.27,39.68,72053
2023-12-21,600760.SH,39.75,41.97,39.75,41.7,203916
2023-12-24,600760.SH,41.79,44.24,41.66,43.42,210219
2023-12-25,600760.SH,43.35,43.95,42.45,43.06,135240
2023-12-26,600760.SH,41.98,42.28,41.2,42.15,110935
2023-12-27,600760.SH,42.06,42.35,41.6,42.11,117846
2023-12-28,600760.SH,42,42.48,41.88,42.18,90196
2024-01-01,600760.SH,42.19,43.03,41.96,42.34,126771
2024-01-02,600760.SH,42.21,42.48,41.58,42,71689
2024-01-03,600760.SH,42.01,42.2,40.76,41.28,96170
2024-01-04,600760.SH,41.07,41.16,39.55,40,170619
2024-01-07,600760.SH,39.85,39.85,38.3,38.58,136143
2024-01-08,600760.SH,38.58,38.87,38.13,38.63,87435
2024-01-09,600760.SH,38.55,38.88,37.93,38.28,80437
2024-01-10,600760.SH,38.28,39.02,38.13,39.02,98001
2024-01-11,600760.SH,38.99,39.25,38.68,38.96,74597
2024-01-14,600760.SH,38.89,38.89,36.3,37.12,206555
2024-01-15,600760.SH,36.97,37.13,36.25,37.09,135967
2024-01-16,600760.SH,37.03,37.03,35.9,35.93,108335
2024-01-17,600760.SH,35.5,37.35,35.16,37.23,147617
2024-01-18,600760.SH,36.75,37.19,36.51,36.68,90630
2024-01-21,600760.SH,36.56,37.26,35.86,36.25,137220
2024-01-22,600760.SH,35.95,36.75,35.72,36.1,85768
2024-01-23,600760.SH,36.19,36.38,35.16,36.29,114295
2024-01-24,600760.SH,36.22,37.53,36.03,37.43,148049
2024-01-25,600760.SH,37.29,37.42,36.85,37.15,87792
2024-01-28,600760.SH,37.11,37.22,36.4,36.45,85013
2024-01-29,600760.SH,36.2,37.3,36.11,36.56,116070
2024-01-30,600760.SH,36.28,36.41,35.42,35.44,110796
2024-01-31,600760.SH,35.17,36.36,34.91,35.71,101766
2024-02-01,600760.SH,35.71,36.05,33.58,34.33,122852
2024-02-04,600760.SH,34.28,35.07,33.39,34.62,134979
2024-02-05,600760.SH,34.55,36.48,34.3,36.27,122436
2024-02-06,600760.SH,36.36,37.18,35.96,36.99,142972
2024-02-07,600760.SH,37.17,37.59,36.78,37.43,131143
2024-02-18,600760.SH,37.8,37.94,37.06,37.32,105003
2024-02-19,600760.SH,37.33,37.41,36.71,37.25,84509
2024-02-20,600760.SH,37.01,37.86,36.85,37.54,107034
2024-02-21,600760.SH,37,37.73,37,37.73,86835
2024-02-22,600760.SH,37.6,38.77,37.43,38.39,133065
2024-02-25,600760.SH,38.39,38.57,38.01,38.08,103047
2024-02-26,600760.SH,38.01,38.24,37.54,38.24,138026
2024-02-27,600760.SH,38.3,38.76,37.7,37.7,146769
2024-02-28,600760.SH,37.44,38.27,37.37,38.27,110284
2024-02-29,600760.SH,38.44,38.87,38.1,38.75,119966
2024-03-03,600760.SH,38.5,38.68,37.9,38.41,111674
2024-03-04,600760.SH,38.38,39.48,38.18,39.03,163741
2024-03-05,600760.SH,38.89,38.99,38.29,38.83,90822
2024-03-06,600760.SH,38.68,39.07,37.86,38,94155
2024-03-07,600760.SH,38.12,38.38,37.5,37.88,96848
2024-03-10,600760.SH,37.8,38.68,37.71,38.61,125417
2024-03-11,600760.SH,38.66,39.2,38.66,38.85,120632
2024-03-12,600760.SH,38.66,39.39,38.39,38.78,104311
2024-03-13,600760.SH,38.72,38.73,37.54,37.63,139071
2024-03-14,600760.SH,37.63,38.24,37.47,37.86,92670
2024-03-17,600760.SH,37.87,38.15,37.8,38.12,107216
2024-03-18,600760.SH,38.05,38.44,37.77,37.96,106624
2024-03-19,600760.SH,37.84,38.58,37.81,38.21,96140
2024-03-20,600760.SH,38.23,38.37,37.85,37.98,82678
2024-03-21,600760.SH,37.9,37.9,37.18,37.43,93540
2024-03-24,600760.SH,37.3,37.43,36.86,36.86,80773
2024-03-25,600760.SH,36.8,36.96,36.16,36.77,81084
2024-03-26,600760.SH,36.8,36.8,36.1,36.17,61795
2024-03-27,600760.SH,36.11,36.78,36.05,36.49,93066
2024-03-28,600760.SH,36.25,36.47,35.89,36.39,82603
2024-03-31,600760.SH,36.6,36.75,35.88,36.35,166183
2024-04-01,600760.SH,36.26,36.26,35.55,35.7,145668
2024-04-02,600760.SH,35.58,35.98,35.24,35.72,128470
2024-04-07,600760.SH,35.6,35.98,34.87,34.87,129454
2024-04-08,600760.SH,34.84,35.25,34.67,35.13,74084
2024-04-09,600760.SH,35.01,35.05,34.28,34.51,106397
2024-04-10,600760.SH,34.3,34.7,34.27,34.36,83960
2024-04-11,600760.SH,34.3,34.69,34.28,34.45,80337
2024-04-14,600760.SH,34.54,35.74,34.53,35.66,196168
2024-04-15,600760.SH,35.79,36.53,35.5,36.04,258863
2024-04-16,600760.SH,36.05,36.43,35.42,36.34,160399
2024-04-17,600760.SH,36.24,36.24,35.82,35.98,117393
2024-04-18,600760.SH,35.71,36.96,35.65,36.57,189159
2024-04-21,600760.SH,36.48,38.85,36.41,38.27,383643
2024-04-22,600760.SH,37.92,38.51,37.62,38.02,157069
2024-04-23,600760.SH,37.96,38.28,37.7,38.23,127177
2024-04-24,600760.SH,38.13,38.75,37.83,38.21,135816
2024-04-25,600760.SH,38.16,38.57,37.86,37.96,162135
2024-04-28,600760.SH,37.95,38.5,37.5,38.35,169107
2024-04-29,600760.SH,38.35,39.32,38.35,38.7,163744
2024-05-05,600760.SH,38.96,39,38.21,38.63,138549
2024-05-06,600760.SH,38.51,39.99,38.42,39.79,227039
2024-05-07,600760.SH,39.67,40.25,39.26,39.76,151506
2024-05-08,600760.SH,39.61,40.92,39.3,40.82,209397
2024-05-09,600760.SH,40.58,40.89,39.7,40.06,156783
2024-05-12,600760.SH,39.72,40.75,39.26,40.35,127852
2024-05-13,600760.SH,40.19,40.5,39.51,39.97,94756
2024-05-14,600760.SH,39.75,40.2,39.5,39.55,68933
2024-05-15,600760.SH,39.57,39.69,39.11,39.42,85430
2024-05-16,600760.SH,39.43,40.25,39.26,40.15,97343
2024-05-19,600760.SH,40.16,40.62,39.71,40.17,111987
2024-05-20,600760.SH,40.05,40.51,39.83,40.09,98797
2024-05-21,600760.SH,40.16,40.21,39.81,40.11,61907
2024-05-22,600760.SH,40.1,40.3,39.4,39.45,78980
2024-05-23,600760.SH,39.46,39.49,38.5,38.51,88396
2024-05-26,600760.SH,38.45,38.91,38.28,38.78,71228
2024-05-27,600760.SH,38.7,39.5,38.52,39.09,75980
2024-05-28,600760.SH,38.88,39.26,38.85,39.05,36659
2024-05-29,600760.SH,38.8,40.2,38.7,39.8,111987
2024-05-30,600760.SH,39.79,40.2,39.51,39.6,67197
2024-06-02,600760.SH,39.5,40.12,39.46,39.78,65426
2024-06-03,600760.SH,39.83,41.34,39.66,40.85,164756
2024-06-04,600760.SH,40.65,42.35,40.65,41.85,241563
2024-06-05,600760.SH,41.7,41.92,41.13,41.28,110315
2024-06-06,600760.SH,41.25,41.91,40.69,41.19,108627
2024-06-10,600760.SH,41.09,42.74,40.71,42.48,168969
2024-06-11,600760.SH,42.19,42.68,41.67,41.83,99311
2024-06-12,600760.SH,41.68,42.43,41.1,41.9,98279
2024-06-13,600760.SH,41.73,41.94,40.72,41.13,116956
2024-06-16,600760.SH,41.23,42.19,41.13,41.78,128843
2024-06-17,600760.SH,41.6,41.88,41.04,41.21,84594
2024-06-18,600760.SH,41.21,41.29,40.44,40.96,83144
2024-06-19,600760.SH,40.51,40.82,40.21,40.22,53661
2024-06-20,600760.SH,40.26,40.65,39.88,40.31,55812
2024-06-23,600760.SH,40.01,40.33,39.6,39.6,71433
2024-06-24,600760.SH,39.6,39.8,38.39,38.85,107711
2024-06-25,600760.SH,38.8,39.29,38.51,39.11,77235
2024-06-26,600760.SH,38.99,39.05,37.9,38.48,102347
2024-06-27,600760.SH,38.25,40.15,38.23,40.1,169831
2024-06-30,600760.SH,39.95,40.16,39.4,40.1,108543
2024-07-01,600760.SH,40.1,40.67,39.45,40.11,101497
2024-07-02,600760.SH,40,40.2,39.4,39.71,77704
2024-07-03,600760.SH,39.51,40.35,39.51,40.08,116276
2024-07-04,600760.SH,39.89,40.18,39.22,40.15,74258
2024-07-07,600760.SH,39.89,40.27,39.67,39.74,78573
2024-07-08,600760.SH,39.74,39.93,39.28,39.58,106921
2024-07-09,600760.SH,39.49,40.2,39.25,40.14,101159
2024-07-10,600760.SH,40.39,40.75,39.72,40.51,86532
2024-07-11,600760.SH,40.68,40.72,40.07,40.39,62739
2024-07-14,600760.SH,40.28,40.52,39.76,40.21,58673
2024-07-15,600760.SH,40,40.79,39.79,40.53,69225
2024-07-16,600760.SH,40.51,41.36,40.35,40.75,96609
2024-07-17,600760.SH,40.61,42.12,40.49,42,184358
2024-07-18,600760.SH,41.8,43.06,41.52,42.85,169521
2024-07-21,600760.SH,42.95,43.9,42.5,42.67,172418
2024-07-22,600760.SH,42.72,42.72,41.61,41.87,137721
2024-07-23,600760.SH,41.5,42.7,41.48,41.95,112498
2024-07-24,600760.SH,41.79,41.93,40.94,41.66,78060
2024-07-25,600760.SH,41.56,43.88,41.51,43.71,191891
2024-07-28,600760.SH,43.7,43.96,43.3,43.31,113387
2024-07-29,600760.SH,43.2,43.43,42.4,43.25,101107
2024-07-30,600760.SH,43.36,43.48,42.3,43.29,137799
2024-07-31,600760.SH,43.01,43.98,42.85,42.93,117315
2024-08-01,600760.SH,42.57,43.94,42.46,42.71,100904
2024-08-04,600760.SH,42.4,43.16,41.73,42.04,90169
2024-08-05,600760.SH,42.15,42.95,41.92,42.69,142686
2024-08-06,600760.SH,42.51,43.3,42.21,42.92,107490
2024-08-07,600760.SH,42.7,42.8,40.61,40.69,195984
2024-08-08,600760.SH,40.66,41.07,40.34,40.61,106298
2024-08-11,600760.SH,40.5,40.85,39.95,40.43,50544
2024-08-12,600760.SH,40.43,41.3,40.43,41.25,70110
2024-08-13,600760.SH,41.19,41.49,40.88,40.88,47953
2024-08-14,600760.SH,40.81,41.3,40.5,41.02,50974
2024-08-15,600760.SH,41.25,41.25,39.87,40,94867
2024-08-18,600760.SH,39.81,40.26,39.68,39.76,73879
2024-08-19,600760.SH,39.74,40,38.65,39.33,98497
2024-08-20,600760.SH,39.02,39.54,38.9,38.91,62737
2024-08-21,600760.SH,38.94,39.9,38.8,39.59,73524
2024-08-22,600760.SH,39.5,39.89,39.41,39.81,64928
2024-08-25,600760.SH,39.8,40.26,38.42,39.18,104661
2024-08-26,600760.SH,39.06,39.56,38.88,39.47,66125
2024-08-27,600760.SH,39.35,40.8,39.33,40.56,96120
2024-08-28,600760.SH,40.35,41.47,40.07,41.07,98364
2024-08-29,600760.SH,40.9,41.5,40.75,41.22,73108
2024-09-01,600760.SH,41.1,41.3,40.61,40.63,68787
2024-09-02,600760.SH,40.61,41.5,40.61,41.29,67970
2024-09-03,600760.SH,41.05,41.35,40.86,41.04,38273
2024-09-04,600760.SH,41.01,41.2,40.85,41.11,36630
2024-09-05,600760.SH,41.15,41.36,40.66,40.8,40666
2024-09-08,600760.SH,40.78,41.09,40.03,40.32,51213
2024-09-09,600760.SH,40.3,40.76,39.88,40.41,48791
2024-09-10,600760.SH,40.4,40.63,40.29,40.5,31430
2024-09-11,600760.SH,40.6,40.98,40.31,40.47,36400
2024-09-12,600760.SH,40.46,40.71,40.38,40.48,34084
2024-09-17,600760.SH,40.5,40.69,39.67,40.15,58446
2024-09-18,600760.SH,40.19,40.23,38.81,39.21,107955
2024-09-19,600760.SH,39,39.14,37.88,38.6,135627
2024-09-22,600760.SH,38.5,39.2,38.4,38.52,67590
2024-09-23,600760.SH,38.53,39.58,37.81,39.34,122864
2024-09-24,600760.SH,39.5,40.62,39.41,39.99,132096
2024-09-25,600760.SH,39.85,41.01,39.45,40.84,132876
2024-09-26,600760.SH,40.92,42.55,40.92,42.46,126270
2024-09-29,600760.SH,43.7,46.71,43.7,46.71,344120
2024-10-07,600760.SH,51.38,51.38,48.06,51.38,407538
2024-10-08,600760.SH,50.89,50.89,47.38,47.54,303627
2024-10-09,600760.SH,47.49,50.29,46.17,48.11,365793
2024-10-10,600760.SH,47.11,47.11,44.98,45.35,268830
2024-10-13,600760.SH,46,47.99,45.77,47.6,362250
2024-10-14,600760.SH,46.94,47.88,45.97,46.45,241172
2024-10-15,600760.SH,45.58,46.57,45.18,45.59,158620
2024-10-16,600760.SH,45.7,46.84,45.6,45.65,141735
2024-10-17,600760.SH,45.64,48.18,45.45,47.16,233193
2024-10-20,600760.SH,47.48,50.81,47.48,49.43,371219
2024-10-21,600760.SH,49.16,49.2,47.87,48.25,220121
2024-10-22,600760.SH,48.25,50.83,47.88,48.71,339685
2024-10-23,600760.SH,48,48.3,46.97,47.48,213842
2024-10-24,600760.SH,47.53,47.79,46.8,47.16,206078
2024-10-27,600760.SH,47.38,48.57,47.29,47.99,178164
2024-10-28,600760.SH,47.99,48.05,47.2,47.35,143631
2024-10-29,600760.SH,47.43,48.09,47.02,47.16,154657
2024-10-30,600760.SH,46.2,47.5,45.4,46.39,263176
2024-10-31,600760.SH,46,46.68,45.69,45.73,151587
2024-11-03,600760.SH,46.3,49.59,46.3,48.76,373795
2024-11-04,600760.SH,52.88,53.64,52.88,53.64,257091
2024-11-05,600760.SH,59,59,58.48,59,555276
2024-11-06,600760.SH,58,58,53.1,55.52,1265745
2024-11-07,600760.SH,55.25,61.07,55.2,61.07,1575666
2024-11-10,600760.SH,60.96,61.85,57.88,59.88,1228458
2024-11-11,600760.SH,59.3,59.36,54,55.21,1124633
2024-11-12,600760.SH,54.15,55.11,53.08,54.83,588846
2024-11-13,600760.SH,54.88,54.92,51.87,52.13,528329
2024-11-14,600760.SH,51.86,52.69,50.45,50.45,441477
2024-11-17,600760.SH,50.52,52,49.04,49.34,468175
2024-11-18,600760.SH,49.1,50.09,48.15,50.05,415368
2024-11-19,600760.SH,49.58,50.97,49.11,50.8,379095
2024-11-20,600760.SH,50.42,50.48,49.72,50.03,265738
2024-11-21,600760.SH,49.63,51.47,49.01,49.4,430620
2024-11-24,600760.SH,48.51,48.93,46.98,47.82,354416
2024-11-25,600760.SH,47.57,48.4,47.52,47.58,185588
2024-11-26,600760.SH,47.58,49.5,47.08,49.48,336218
2024-11-27,600760.SH,49.49,50.15,48.72,48.79,228506
2024-11-28,600760.SH,48.48,49.97,47.95,49.49,240265
2024-12-01,600760.SH,49.4,50.1,49.21,49.8,227618
2024-12-02,600760.SH,49.7,49.76,48.09,48.55,233027
2024-12-03,600760.SH,48.79,48.79,47.6,47.71,157348
2024-12-04,600760.SH,47.72,48.48,47.48,48.14,153148
2024-12-05,600760.SH,48.2,48.67,47.5,48.47,195108
2024-12-08,600760.SH,48.27,48.28,47.08,47.65,183379
2024-12-09,600760.SH,48.69,49.36,48,48.14,250541
2024-12-10,600760.SH,47.98,48.7,47.76,48.49,165178
2024-12-11,600760.SH,48.99,50.72,48.99,50.51,462849
2024-12-12,600760.SH,49.98,50.05,48.51,48.59,261615
2024-12-15,600760.SH,48.6,49.75,48.35,49.44,211051
2024-12-16,600760.SH,49.57,49.9,49.2,49.35,157503
2024-12-17,600760.SH,49.4,50.69,49.4,50,213503
2024-12-18,600760.SH,49.5,49.85,48.85,49.64,168918
2024-12-19,600760.SH,49.48,50.28,49.33,50.09,158298
2024-12-22,600760.SH,49.96,49.96,48.31,48.49,175215
2024-12-23,600760.SH,48.25,48.69,48.12,48.58,115576
2024-12-24,600760.SH,48.56,48.99,47.78,48.17,120788
2024-12-25,600760.SH,49,50.67,49,49.6,329023
2024-12-26,600760.SH,52.01,52.5,50.22,50.46,431817
2024-12-29,600760.SH,50.59,51.4,49.6,50.1,250168
2024-12-30,600760.SH,49.9,51.31,49.6,50.72,317542
2025-01-01,600760.SH,50.17,50.17,47.88,48.32,232908
2025-01-02,600760.SH,48.03,48.33,46.21,46.34,183708
2025-01-05,600760.SH,46.34,46.67,44.91,45.75,137920
2025-01-06,600760.SH,45.64,46.5,45.51,46.4,97490
2025-01-07,600760.SH,46.2,46.25,43.6,45.06,216569
2025-01-08,600760.SH,44.69,49.49,44.51,47.49,328663
2025-01-09,600760.SH,46.85,48.48,46.85,47.15,174709
2025-01-12,600760.SH,46.5,47.86,46.07,46.93,129780
2025-01-13,600760.SH,46.95,48.38,46.88,48.28,150970
2025-01-14,600760.SH,48.29,48.43,47.5,47.5,101122
2025-01-15,600760.SH,47.59,47.99,46.99,47.16,88563
2025-01-16,600760.SH,47,48.19,46.9,47.98,133606
2025-01-19,600760.SH,48,48.09,47.4,47.71,104907
2025-01-20,600760.SH,47.76,47.87,46.77,47,107013
2025-01-21,600760.SH,46.9,47,45.59,46.9,166367
2025-01-22,600760.SH,47.26,47.45,46.8,47.17,128681
2025-01-23,600760.SH,46.83,47.24,46.68,46.93,95845
2025-01-26,600760.SH,47.2,47.2,46.35,46.56,68834
2025-02-04,600760.SH,46.8,46.97,45.8,46.59,116208
2025-02-05,600760.SH,46.55,48.48,46.12,47.95,187986
2025-02-06,600760.SH,47.65,48.35,47.44,47.94,169085
2025-02-09,600760.SH,47.94,48.28,47.6,48.18,135312
2025-02-10,600760.SH,48.01,48.01,47.11,47.2,115568
2025-02-11,600760.SH,47.03,47.27,46.57,47.22,120933
2025-02-12,600760.SH,47.22,48.02,47.06,47.22,169420
2025-02-13,600760.SH,47,47.2,46.14,46.31,178199
2025-02-16,600760.SH,46.32,46.5,45.1,45.4,252544
2025-02-17,600760.SH,45.4,45.46,44.25,44.62,175604
2025-02-18,600760.SH,44.61,44.98,44.39,44.92,133143
2025-02-19,600760.SH,44.88,45.69,44.43,45.41,166990
2025-02-20,600760.SH,45.3,46.23,45,45.9,229123
2025-02-23,600760.SH,45.86,45.98,45.13,45.36,127401
2025-02-24,600760.SH,45.08,45.28,44.25,44.7,206516
2025-02-25,600760.SH,44.44,44.67,43.93,44.25,208396
2025-02-26,600760.SH,44.3,44.39,43.51,44.05,183047
2025-02-27,600760.SH,44.05,44.36,43.49,43.54,181258
2025-03-02,600760.SH,43.58,44.07,43.33,43.58,118466
2025-03-03,600760.SH,43.8,45.1,43.6,44.88,287322
2025-03-04,600760.SH,44.68,45.09,44.11,44.29,163495
2025-03-05,600760.SH,44.48,44.54,44,44.36,151545
2025-03-06,600760.SH,44.25,46.32,44.01,45.32,391934
2025-03-09,600760.SH,45.59,46.29,45.01,45.17,197182
2025-03-10,600760.SH,44.88,46.61,44.69,46.31,307792
2025-03-11,600760.SH,46.31,46.98,45.39,45.45,249854
2025-03-12,600760.SH,45.48,45.66,44.77,45.08,167053
2025-03-13,600760.SH,45.08,45.44,44.59,45.17,190968
2025-03-16,600760.SH,45.17,46.07,44.97,45.24,178930
2025-03-17,600760.SH,45.26,45.35,44.7,44.75,154914
2025-03-18,600760.SH,44.76,44.79,44.08,44.19,158275
2025-03-19,600760.SH,44.1,45.1,44.08,44.45,166422
2025-03-20,600760.SH,44.02,44.49,43.68,43.97,181568
2025-03-23,600760.SH,44.03,44.25,43.35,43.85,126283
2025-03-24,600760.SH,43.83,44.18,43.6,43.77,120030
2025-03-25,600760.SH,43.78,44.02,43.56,43.93,78754
2025-03-26,600760.SH,43.93,43.99,43.34,43.6,100350
2025-03-27,600760.SH,43.6,43.67,43.03,43.42,130912
2025-03-30,600760.SH,42.91,43.13,42.26,42.28,169522
2025-03-31,600760.SH,43.68,45.13,43.68,44.49,496411
2025-04-01,600760.SH,44.49,44.49,42.73,42.9,365893
2025-04-02,600760.SH,42.68,43.16,42.53,42.94,136320
2025-04-06,600760.SH,41.68,42.63,39.06,41.24,346522
2025-04-07,600760.SH,41.22,42,41.13,42,220872
2025-04-08,600760.SH,41.91,44.81,41.66,44.27,457739
2025-04-09,600760.SH,44.26,45.1,43.57,44.6,345152
2025-04-10,600760.SH,44.6,44.83,44.03,44.83,211089
2025-04-13,600760.SH,44.83,44.95,44.16,44.73,161586
2025-04-14,600760.SH,44.5,44.51,43.8,44,139512
2025-04-15,600760.SH,44.7,44.75,43.58,44.48,143286
2025-04-16,600760.SH,44.1,44.6,43.96,44.2,130769
2025-04-17,600760.SH,43.93,44.18,43.31,44.04,137804
2025-04-20,600760.SH,43.83,44.4,43.74,44.2,117985
2025-04-21,600760.SH,44,44.22,43.73,43.88,98396
2025-04-22,600760.SH,43.88,43.97,43.01,43.05,177453
2025-04-23,600760.SH,42.99,43.07,42.67,42.68,90521
2025-04-24,600760.SH,42.71,42.93,42.31,42.84,112461
2025-04-27,600760.SH,42.8,42.83,42.4,42.48,76615
2025-04-28,600760.SH,41.5,43,41.28,42.67,191636
2025-04-29,600760.SH,42.43,42.78,42.4,42.66,112384
2025-05-05,600760.SH,42.98,43.5,42.9,43.22,141744
2025-05-06,600760.SH,44.4,47.47,44.35,46.01,767306
2025-05-07,600760.SH,46.15,49.66,45.13,48.66,892761
2025-05-08,600760.SH,48.49,48.5,46.03,46.18,563906
2025-05-11,600760.SH,46.58,50.7,46.25,50.07,1046664
2025-05-12,600760.SH,49.5,49.5,47.54,47.81,643677
2025-05-13,600760.SH,47.82,48.19,46.89,47.38,358606
2025-05-14,600760.SH,47.09,47.75,46.69,46.92,263395
2025-05-15,600760.SH,46.93,48.05,46.83,47.2,250931
2025-05-18,600760.SH,47.76,48.96,47.47,47.69,432915
2025-05-19,600760.SH,47.29,48.2,46.4,47.68,303367
2025-05-20,600760.SH,47.16,48.29,46.89,47.99,287412
2025-05-21,600760.SH,48,49.86,47.74,48.13,463833
2025-05-22,600760.SH,47.8,48.85,47.8,48.01,290027
2025-05-25,600760.SH,48.21,48.94,47.55,48.33,205712
2025-05-26,600760.SH,48.03,48.59,47.11,47.65,208082
2025-05-27,600760.SH,47.51,48.18,47.17,47.25,163510
2025-05-28,600760.SH,47.13,47.83,46.93,47.58,176384
2025-05-29,600760.SH,47.35,48.66,46.95,48.03,249312
2025-06-02,600760.SH,48.5,50,48.25,49.38,373053
2025-06-03,600760.SH,49.4,49.43,48.8,49.36,169510
2025-06-04,600760.SH,49.38,49.93,48.7,49.6,202335
2025-06-05,600760.SH,50.5,51.5,49.97,50,327088
2025-06-08,600760.SH,53,55,52.57,54.65,914536
2025-06-09,600760.SH,53.55,53.81,52.37,52.89,535715
2025-06-10,600760.SH,52.87,53.77,52.45,53.39,292088
2025-06-11,600760.SH,53,54.45,52.96,53.28,275307
2025-06-12,600760.SH,54.43,55.35,53.18,54.9,631931
2025-06-15,600760.SH,54.9,55.15,53.25,54.49,406357
2025-06-16,600760.SH,54.41,56.55,53.75,55.51,379413
2025-06-17,600760.SH,55.5,56.87,54.71,55.28,396246
2025-06-18,600760.SH,54.65,54.65,52.57,53.47,429699
2025-06-19,600760.SH,53.4,53.8,52.77,53.07,231950
2025-06-22,600760.SH,53.2,53.77,52.68,53.04,233812
2025-06-23,600760.SH,52,54,51.84,52.9,325887
2025-06-24,600760.SH,52.94,54.45,52.92,53.78,333214
2025-06-25,600760.SH,53.81,55.28,53.74,53.77,305807
2025-06-26,600760.SH,54.47,56,54.38,55.05,328739
2025-06-29,600760.SH,55.6,58.91,55.6,58.62,454040
2025-06-30,600760.SH,58.64,58.64,56.94,57.94,325516
2025-07-01,600760.SH,57.46,57.75,56.49,56.67,213602
2025-07-02,600760.SH,56.57,57.13,56.18,57.03,165406
2025-07-03,600760.SH,57.01,59.82,56.71,58.58,344676
2025-07-06,600760.SH,58.59,60.71,57.98,60.1,347870
2025-07-07,600760.SH,59.68,60.17,58.55,59.98,242692
2025-07-08,600760.SH,60.08,61.28,59.41,59.44,247483
2025-07-09,600760.SH,58.84,58.98,57.7,58.4,285383
2025-07-10,600760.SH,58.38,59.05,58.04,58.2,228791
2025-07-13,600760.SH,58.32,58.8,57.67,57.71,209256
2025-07-14,600760.SH,57.51,58.18,57.15,58.13,206261
2025-07-15,600760.SH,58.1,58.11,57.15,57.98,179033
2025-07-16,600760.SH,57.81,63.78,57.65,63.78,792270
2025-07-17,600760.SH,63.87,66.23,63.5,65.64,659938
2025-07-20,600760.SH,64.45,66.23,64.45,64.99,483270
2025-07-21,600760.SH,65,67.88,64.81,65.71,469414
2025-07-22,600760.SH,65.07,65.5,62.8,63.12,558631
2025-07-23,600760.SH,63.13,64.1,62.9,63.64,345192
2025-07-24,600760.SH,64,64.4,63,63.3,254928
2025-07-27,600760.SH,63.3,65.15,63.02,63.98,418791
2025-07-28,600760.SH,63.9,66.18,63.44,66.14,519836
2025-07-29,600760.SH,66.19,66.4,62.57,64.34,542099
2025-07-30,600760.SH,63.2,65.18,63.2,64.72,328221
2025-07-31,600760.SH,64.72,64.72,62.2,62.2,357727
2025-08-03,600760.SH,61.99,63.57,61.99,63.38,276147
2025-08-04,600760.SH,63.58,63.58,62.18,62.84,309893
2025-08-05,600760.SH,62.85,65.04,62.61,64.72,440475
2025-08-06,600760.SH,64.06,64.08,63.01,63.6,329851
2025-08-07,600760.SH,63.4,63.5,62.6,62.68,229916
2025-08-10,600760.SH,62.68,62.79,61.67,62.02,362233
2025-08-11,600760.SH,61.8,61.8,59.5,59.87,582143
2025-08-12,600760.SH,59.78,60.67,59.62,59.95,324988
2025-08-13,600760.SH,59.55,60.7,58.72,59.85,393951
2025-08-14,600760.SH,59.55,59.95,59.16,59.71,316393
2025-08-17,600760.SH,60,61.35,59.79,60.83,443208
2025-08-18,600760.SH,60.17,60.17,59.11,59.6,378671
2025-08-19,600760.SH,59.62,60.82,59.1,60.14,381694
2025-08-20,600760.SH,60.12,61.47,59.5,60.88,393659
2025-08-21,600760.SH,60.88,62.88,59.9,62.54,525953
2025-08-24,600760.SH,62.84,64.88,62.84,64.19,657848
2025-08-25,600760.SH,64.17,64.17,62.35,62.51,341189
2025-08-26,600760.SH,62.51,63.2,61.48,61.57,382509
2025-08-27,600760.SH,61.46,62.3,59.62,62.13,425969
2025-08-28,600760.SH,61.93,63.49,61.44,63.47,490305
2025-08-31,600760.SH,63.47,66.27,61.23,64.4,628032
2025-09-01,600760.SH,63.9,63.9,62,62.95,393531
2025-09-02,600760.SH,63.57,63.88,56.66,57.08,667132
2025-09-03,600760.SH,55.38,57.08,53.4,54.24,530022
2025-09-04,600760.SH,54.25,55.45,53.65,54.6,293679
2025-09-07,600760.SH,54.6,54.86,53.88,54.59,244798
2025-09-08,600760.SH,54.63,56.9,54.36,55.67,356480
2025-09-09,600760.SH,55.75,58.18,55.7,57.24,316933
2025-09-10,600760.SH,57.25,58.86,56.82,58.84,278984
2025-09-11,600760.SH,58.87,59.29,58.1,58.25,197416
2025-09-14,600760.SH,58,59.05,57.77,58.39,162916
2025-09-15,600760.SH,58.3,58.39,57.03,57.89,154966
2025-09-16,600760.SH,57.9,58.57,57.53,58.5,149136
2025-09-17,600760.SH,58.47,59.77,58.01,58.65,262114
2025-09-18,600760.SH,59.6,63.08,59.6,62.45,569575
2025-09-21,600760.SH,62.1,63.95,62.02,63.74,388328
2025-09-22,600760.SH,64.7,65.08,62.19,63.74,289172
2025-09-23,600760.SH,63.15,65.5,62.32,64.14,259409
2025-09-24,600760.SH,63.66,64.88,62.69,63.88,262056
2025-09-25,600760.SH,64,65.97,63.31,64.48,317191
2025-09-28,600760.SH,65,65.8,63.21,65.3,257281
2025-09-29,600760.SH,65.29,71.83,65.09,71.83,639593
2025-10-08,600760.SH,71,71.79,68,71.21,614821
2025-10-09,600760.SH,70.64,73.66,70.1,71.19,495626
2025-10-12,600760.SH,69.04,72.26,69,70.75,352326
2025-10-13,600760.SH,70.55,70.89,67.47,67.72,392978
2025-10-14,600760.SH,67.72,67.74,65.6,66.58,322030
2025-10-15,600760.SH,67.88,69.3,66.99,67.14,369282
2025-10-16,600760.SH,66.8,67.99,64.42,64.57,324573
2025-10-19,600760.SH,65.2,65.75,63.9,64.51,210306
2025-10-20,600760.SH,64.45,64.86,63.74,64.33,194841
2025-10-21,600760.SH,64.23,64.23,62.88,63.1,168721
2025-10-22,600760.SH,63.07,63.3,61.36,62.27,207710
2025-10-23,600760.SH,63,64.11,62.88,63.15,242740
2025-10-26,600760.SH,63.93,64.14,62.7,63.66,213064
2025-10-27,600760.SH,63.67,66.16,63.45,64.88,391445
2025-10-28,600760.SH,64.85,64.85,63.8,64.13,225399
2025-10-29,600760.SH,63.39,64.1,61.63,62.61,309040
2025-10-30,600760.SH,62.62,62.97,61.08,61.08,221190
2025-11-02,600760.SH,61.08,61.7,60.6,61.41,159747
2025-11-03,600760.SH,61.2,61.3,59.94,60.29,153669
2025-11-04,600760.SH,59.7,60.7,59.58,60.38,116057
2025-11-05,600760.SH,60.38,61.02,60.37,60.66,128146
2025-11-06,600760.SH,60.41,60.52,59.65,59.82,151620
2025-11-09,600760.SH,59.8,60.2,58.62,59.63,161172
2025-11-10,600760.SH,59.7,60.06,58.88,58.93,128503
2025-11-11,600760.SH,58.88,58.92,57.62,58.32,150672
2025-11-12,600760.SH,58.28,58.8,58.03,58.45,91310
2025-11-13,600760.SH,58.47,60.61,58.41,59.04,309342
2025-11-16,600760.SH,61.49,62.3,59.75,60.26,434427
2025-11-17,600760.SH,60.3,60.4,57.98,59.38,248885
2025-11-18,600760.SH,59.02,61.29,58.88,60.44,257850
2025-11-19,600760.SH,59.6,60.25,58.91,58.95,163824
2025-11-20,600760.SH,58.02,59.2,57.4,57.9,186066
2025-11-23,600760.SH,58.22,61.38,58.18,61.2,329899
2025-11-24,600760.SH,60.59,60.59,59.59,60.37,248866
2025-11-25,600760.SH,59.8,59.8,58.27,58.4,236827
2025-11-26,600760.SH,58.04,59.35,58.03,58.53,149829
2025-11-27,600760.SH,58.53,58.9,58.17,58.71,107022
2025-11-30,600760.SH,58.7,58.95,58.01,58.23,126032
2025-12-01,600760.SH,58.1,58.34,57.57,57.58,117283
2025-12-02,600760.SH,57.55,57.57,55.82,55.95,193189
2025-12-03,600760.SH,55.95,57.3,55.9,56.7,134550
2025-12-04,600760.SH,56.71,56.98,56.21,56.85,110268
2025-12-07,600760.SH,57.01,57.64,56.86,56.93,156397
2025-12-08,600760.SH,56.72,56.85,55.41,55.6,189362
2025-12-09,600760.SH,55.56,55.96,55.03,55.82,154069
2025-12-10,600760.SH,55.77,56.08,54.33,54.4,200799
2025-12-11,600760.SH,54.41,54.6,53.19,53.63,374739
2025-12-14,600760.SH,53.21,54.53,53.21,54.33,304910
2025-12-15,600760.SH,54.33,54.41,52.9,53.9,174598
2025-12-16,600760.SH,53.96,55.33,53.78,54.51,171017
2025-12-17,600760.SH,53.85,54.96,53.76,54.52,153589
2025-12-18,600760.SH,54.58,56.08,54.5,55.33,189007
2025-12-21,600760.SH,55.55,55.63,54.8,54.86,149133
2025-12-22,600760.SH,54.87,55.06,53.76,54.01,163104
2025-12-23,600760.SH,53.95,55.69,53.73,55.65,218243
2025-12-24,600760.SH,55.59,58.08,55.33,57.25,406286
2025-12-25,600760.SH,57.48,57.48,56,56.63,231259
2025-12-28,600760.SH,57.04,57.8,56.06,57.12,240735
2025-12-29,600760.SH,57.12,57.33,55.82,56.45,224478
2025-12-30,600760.SH,56.21,57.48,55.97,56.15,170041
2026-01-04,600760.SH,57.04,58.5,56.92,58.28,402092
2026-01-05,600760.SH,58.1,61.04,57.5,60.1,429351
2026-01-06,600760.SH,59.99,59.99,58.31,58.51,280845
2026-01-07,600760.SH,58.45,63.38,58.31,61.81,578356
2026-01-08,600760.SH,63.5,65.45,61.86,62.4,683517
2026-01-11,600760.SH,63,63.1,61.5,62.67,460206
2026-01-12,600760.SH,62.2,62.21,59.7,60,470917
2026-01-13,600760.SH,59.81,61.88,58.98,59.78,374835
2026-01-14,600760.SH,59.77,62.99,59.6,61.18,392997
2026-01-15,600760.SH,60,60.94,58.75,58.93,378292
2026-01-18,600760.SH,58.6,62.55,58.1,61.2,485417
2026-01-19,600760.SH,60.55,62.3,59.45,60.45,278949
2026-01-20,600760.SH,60.03,61.12,59.6,59.67,240494
2026-01-21,600760.SH,59.55,61.59,59.5,60.83,284692
2026-01-22,600760.SH,60.65,60.8,59.6,59.86,263939
2026-01-25,600760.SH,59.6,59.77,56.92,56.92,431561
2026-01-26,600760.SH,56.91,57.8,56.36,56.94,260383
2026-01-27,600760.SH,57.06,57.09,55.68,55.97,303909
2026-01-28,600760.SH,55.98,56.23,55.17,55.53,210222
2026-01-29,600760.SH,55.5,55.76,54.3,54.98,182359
2026-02-01,600760.SH,54.8,55.31,53.51,53.8,251650
2026-02-02,600760.SH,53.99,54.61,53.87,54.53,174960
2026-02-03,600760.SH,54.39,55.86,54.2,55.5,217872
2026-02-04,600760.SH,55.21,56.25,54.87,55.79,195584
2026-02-05,600760.SH,55.38,55.63,54.82,55.1,144738
2026-02-08,600760.SH,55.63,55.98,55.12,55.36,165621
2026-02-09,600760.SH,55.67,56.29,55,56.08,237364
2026-02-10,600760.SH,55.78,55.8,54.76,54.82,178644
2026-02-11,600760.SH,54.81,54.98,54.3,54.86,161587
2026-02-12,600760.SH,54.9,56.08,54.67,55.66,250571
2026-02-23,600760.SH,55.93,56.65,55.37,56.28,204767
2026-02-24,600760.SH,56.4,56.49,55.82,56.25,168450
2026-02-25,600760.SH,56.2,56.38,55.51,55.83,159042
2026-02-26,600760.SH,55.83,56.22,55,55.34,218544
2026-03-01,600760.SH,57.56,58.34,56.22,57.95,636626
2026-03-02,600760.SH,57.85,57.85,55.6,55.74,358200
2026-03-03,600760.SH,55.09,57.33,54.63,56.87,309387
2026-03-04,600760.SH,56.43,56.43,55.6,55.95,218846
2026-03-05,600760.SH,55.64,56.38,55.09,55.56,178332
2026-03-08,600760.SH,55,55.18,53.7,54.19,209906
2026-03-09,600760.SH,54,54.93,54,54.39,155716
2026-03-10,600760.SH,54.39,54.45,53.79,53.87,160962
2026-03-11,600760.SH,53.89,53.96,52.9,52.95,168300
2026-03-12,600760.SH,52.77,52.96,51.4,51.66,217285
2026-03-15,600760.SH,51.68,51.85,50.82,51,162442
2026-03-16,600760.SH,51.02,51.21,50.32,50.5,149721
2026-03-17,600760.SH,50.5,50.89,49.8,50.87,158438
2026-03-18,600760.SH,50.48,50.69,49.44,49.49,138019
2026-03-19,600760.SH,49.4,49.69,47.42,47.58,272709
2026-03-22,600760.SH,46.66,49.2,46.21,47.4,312878
2026-03-23,600760.SH,47.95,48.34,47.26,47.81,146572
2026-03-24,600760.SH,47.87,49.15,47.71,49,196829
2026-03-25,600760.SH,48.89,48.89,47.5,47.76,133017
2026-03-26,600760.SH,47,48.06,46.89,47.82,89314
2026-03-29,600760.SH,47.63,48.5,47.32,48.12,101876
2026-03-30,600760.SH,48.75,50.44,48.75,49.1,277354
2026-03-31,600760.SH,49.62,49.7,48.6,49.02,146446
2026-04-01,600760.SH,49.02,49.18,47.86,48.3,132359
2026-04-02,600760.SH,48.33,48.52,47.8,48.26,91799
2026-04-06,600760.SH,48.4,48.45,47.43,47.68,92792
2026-04-07,600760.SH,48.14,49.1,48.03,48.98,158198
2026-04-08,600760.SH,48.48,48.66,47.61,47.8,164077
2026-04-09,600760.SH,47.8,49.09,47.79,48.72,183784
2026-04-12,600760.SH,48.88,52.18,48.88,51.68,445731
2026-04-13,600760.SH,51.05,51.47,50.91,51.39,263147
2026-04-14,600760.SH,51.95,52.08,50.49,50.66,216842
2026-04-15,600760.SH,50.66,50.94,50.1,50.5,161252
2026-04-16,600760.SH,50.51,51.4,50.21,50.93,202925
2026-04-19,600760.SH,51,51.15,50.49,50.82,221064
2026-04-20,600760.SH,50.7,50.95,49.88,49.95,176924
2026-04-21,600760.SH,49.78,49.96,49.28,49.8,173763
2026-04-22,600760.SH,49.85,50.2,48.91,49.33,221995
2026-04-23,600760.SH,49.34,49.35,48.33,48.42,149484
2026-04-26,600760.SH,48.45,48.99,48.04,48.56,155853
2026-04-27,600760.SH,48.23,48.55,47.81,48.05,136243
2026-04-28,600760.SH,46.5,47.48,46.24,47.18,242592
2026-04-29,600760.SH,47.1,47.47,46.8,46.97,162328
2026-05-05,600760.SH,47.89,48.53,47.89,48.22,226788
2026-05-06,600760.SH,48.22,48.23,47.7,48,167726
2026-05-07,600760.SH,48.55,49.82,48.45,49.7,401736
2026-05-10,600760.SH,50.45,50.45,49.2,49.37,309741
2026-05-11,600760.SH,49.38,50.97,48.28,49.91,422438
2026-05-12,600760.SH,49.67,49.68,48.7,49.07,240265
2026-05-13,600760.SH,49.1,49.1,47.8,47.9,214650
2026-05-14,600760.SH,47.78,47.89,47.13,47.29,161933
2026-05-17,600760.SH,47.3,47.63,46.41,46.63,167211
2026-05-18,600760.SH,46.83,47.12,46.51,47.1,109732
2026-05-19,600760.SH,46.8,46.99,45.88,45.89,187975
2026-05-20,600760.SH,45.9,46.33,45.8,45.96,153235
2026-05-21,600760.SH,45.99,46.26,45.27,45.44,160762
2026-05-24,600760.SH,45.45,45.45,44,44.22,237451
2026-05-25,600760.SH,44,44.28,43.25,43.64,177102
2026-05-26,600760.SH,43.57,43.92,42.6,42.68,147272
2026-05-27,600760.SH,42.63,43.22,42.38,42.83,108421
2026-05-28,600760.SH,42.75,43.35,41.98,42.98,176854
2026-05-31,600760.SH,42.87,43.88,42.8,43.8,154621
2026-06-01,600760.SH,43.53,44,43.1,43.27,132234
2026-06-02,600760.SH,43.1,43.2,42.3,42.41,145113
2026-06-03,600760.SH,42.2,42.25,41.08,41.25,193859
2026-06-04,600760.SH,41.24,41.37,40.41,40.5,196690
2026-06-07,600760.SH,40.15,41.49,40.04,40.6,193832
2026-06-08,600760.SH,40.46,41.16,39.91,41.14,159122
2026-06-09,600760.SH,40.99,41.97,40.79,41.05,120580
2026-06-10,600760.SH,40.77,41.99,40.54,41.62,183875
2026-06-11,600760.SH,41.96,45,41.96,44.61,477643
2026-06-14,600760.SH,43.69,44.35,43.14,43.28,255625
2026-06-15,600760.SH,43.18,43.53,42.44,42.48,171997
2026-06-16,600760.SH,42.28,42.54,41.72,42.14,147253
2026-06-17,600760.SH,41.91,42.28,41.1,41.27,153473
2026-06-21,600760.SH,40.88,41.82,40.58,41.8,177124
2026-06-22,600760.SH,41.65,42.04,40.9,40.93,149384
2026-06-23,600760.SH,40.9,41.1,40.52,40.62,122840
2026-06-24,600760.SH,40.6,40.79,39.88,39.94,155028
2026-06-25,600760.SH,39.61,40.77,38.6,40.59,257438
2026-06-28,600760.SH,40.4,40.85,39.35,40.04,154746
2026-06-29,600760.SH,39.92,41.36,39.92,41.1,195328
2026-06-30,600760.SH,41,41.89,40.6,41.28,175667
2026-07-01,600760.SH,41.08,41.68,40.78,40.78,155595
2026-07-02,600760.SH,40.78,41.75,40.76,41.63,201855
2026-07-05,600760.SH,41.63,41.89,40.81,40.83,141528
2026-07-06,600760.SH,40.83,40.93,40.01,40.39,126289
2026-07-07,600760.SH,40.39,40.39,39.81,39.81,88662
2026-07-08,600760.SH,39.75,39.95,39.06,39.75,126896
2026-07-09,600760.SH,39.53,41.35,39.25,40.35,226864
2026-07-12,600760.SH,40.2,40.2,38.91,39.12,174510
2026-07-13,600760.SH,38.99,39.06,38.38,38.86,111232
2026-07-14,600760.SH,38.33,40.15,38,39.79,207919
2026-07-15,600760.SH,39.61,40.09,39.5,39.95,122113
2026-07-16,600760.SH,39.8,40.73,39.66,40.21,203060
2026-07-19,600760.SH,40.59,42.27,40.5,41.99,292275
2026-07-20,600760.SH,42.56,42.98,41.8,42.12,255593
2026-07-21,600760.SH,41.92,42.95,41.6,42.74,179482
2026-07-22,600760.SH,42.74,43.6,42.3,43.34,186178
2026-07-23,600760.SH,43.8,43.99,42.94,43.3,200487
2026-07-26,600760.SH,43.7,43.8,42.76,43.27,135066
2026-07-27,600760.SH,43.2,43.46,42.44,43.46,163347
2026-07-28,600760.SH,43.8,44.16,43.35,43.85,161195
2026-07-29,600760.SH,43.5,44.44,43.45,44.11,138073
2026-07-30,600760.SH,43.68,43.99,43.4,43.44,147566
2026-08-02,600760.SH,43.3,43.59,43,43.35,113025
2026-08-03,600760.SH,43.35,43.65,42.94,43.06,115215
2026-08-04,600760.SH,43.05,43.15,42.4,42.52,163100
2026-08-05,600760.SH,42.5,42.88,42.19,42.65,128815
2026-08-06,600760.SH,42.5,43,42.03,42.56,126205
2026-08-09,600760.SH,42.57,45.37,42.42,45.1,330713
2026-08-10,600760.SH,44.55,45.12,43.9,44.5,239126
2026-08-11,600760.SH,44.3,44.8,44.12,44.16,97538
2026-08-12,600760.SH,44.22,45.53,43.92,44.36,229759
2026-08-13,600760.SH,44.19,45.49,44.16,44.43,191926
2026-08-16,600760.SH,44.39,44.7,43.78,44.51,125067
2026-08-17,600760.SH,44.3,44.41,43.7,43.94,115854
2026-08-18,600760.SH,44,44.15,42.85,43.53,157642
2026-08-19,600760.SH,43.28,43.82,43.2,43.5,85363
2026-08-20,600760.SH,43.5,44.46,43.28,44.05,126690
2026-08-23,600760.SH,44.11,45.39,43.9,45.06,191869
2026-08-24,600760.SH,45,45.04,44.32,44.32,111161
2026-08-25,600760.SH,44.21,45.24,44.09,44.87,120634
2026-08-26,600760.SH,44.63,45.88,44.49,45.13,154559
2026-08-27,600760.SH,44.91,46.78,44.9,46.52,319971
2026-08-30,600760.SH,46.4,47.05,46.16,46.92,189471
2026-08-31,600760.SH,46.7,47.83,46.69,47.63,186744
2026-09-01,600760.SH,47.64,49.52,47.32,48.1,338485
2026-09-02,600760.SH,48,48.47,47.27,48.02,170522
2026-09-03,600760.SH,47.9,48.8,47.8,48.26,178463
2026-09-06,600760.SH,48.15,48.15,46.88,47.11,174839
2026-09-07,600760.SH,47.35,48.18,47.12,48.11,146796
2026-09-08,600760.SH,48.1,49.55,47.8,48.91,212547
2026-09-09,600760.SH,48.7,49.38,48.57,48.6,137165
2026-09-10,600760.SH,48.58,48.9,47.63,48.02,147660
2026-09-13,600760.SH,47.9,48.25,45.43,45.5,274321
2026-09-14,600760.SH,45.48,45.77,44.76,44.8,127797
2026-09-15,600760.SH,44.71,44.99,43.83,44.37,153078
2026-09-16,600760.SH,44.34,44.66,43.77,44,95746
2026-09-17,600760.SH,44.05,44.37,43.74,43.9,127550
2026-09-20,600760.SH,43.9,45.69,43.75,45,155865
2026-09-21,600760.SH,45,45.33,44.25,44.71,104288
2026-09-22,600760.SH,44.71,44.73,44.01,44.08,83148
2026-09-23,600760.SH,44,44.08,42.71,43.03,139106
2026-09-27,600760.SH,42.7,43.49,42.7,43.34,92601
2026-09-28,600760.SH,43.22,43.6,41.94,42.65,131466
2026-09-29,600760.SH,42.65,43.87,42.57,43.63,120234
